strategy_id,implementation_id,strategy,repo,original_file,canonical_file,canonical_population,repair_class,repair_rules,environment_repair_status,environment_repair_rules,equivalence_status,source_tree,variant,ledger_present,original_measured_spot,historical_is_trades,historical_os_trades,historical_full_measured,canonical_measured,declared_timeframe,declared_can_short,static_long_entry,static_short_entry,signal_capability,direction_capability,has_leverage_callback,artifact_role,author_mode_intent,mode_support,run_profile,validated_modes,runtime_smoke_status,runtime_smoke_timerange,observed_long_trades,observed_short_trades,canonical_observed_trades,trade_evidence_source,runtime_config_sha256,evidence_level,classification_status,classification_reason,source_sha256
RegimeFilterStrategy,RegimeFilterStrategy:11c48354d533,RegimeFilterStrategy,Bananajoexxc/RegimeFilterStrategy-Freqtrade,repos/Bananajoexxc_RegimeFilterStrategy-Freqtrade/strategies/RegimeFilterStrategy.py,repos/Bananajoexxc_RegimeFilterStrategy-Freqtrade/strategies/RegimeFilterStrategy.py,original,,,,,not_applicable,original,native,true,false,,,false,true,1h,true,true,true,long_short,long_short,false,strategy,futures,futures,futures_long_short,futures,measured,20200301-20200401,19,46,65,runtime_smoke,sha256_ae8c9b9335a9953419658f2c252edbd86aedede9b3e14a33acb8f7d47faba7e6,runtime_smoke,validated,mode and direction agree with static source evidence,sha256_11c48354d533ffb7016721014861842ec5220ddcf1bdf66237a96cb9bd5e9a55
AdvancedRiskFilterStrategy,AdvancedRiskFilterStrategy:bcb660284ad4,AdvancedRiskFilterStrategy,DonaldSimpson/remora-freqtrade,repos/DonaldSimpson_remora-freqtrade/examples/advanced_risk_filter_strategy.py,repos/DonaldSimpson_remora-freqtrade/examples/advanced_risk_filter_strategy.py,original,,,,,not_applicable,original,native,true,false,,,false,false,5m,absent,true,false,long_only,long_only,false,strategy,unspecified,spot,spot_long,,not_run,,,,,,,static_code,provisional,mode and direction agree with static source evidence,sha256_bcb660284ad4c60c18008f6019034cfa452b51415222de7f6a2376b8f3848015
SimpleRiskFilterStrategy,SimpleRiskFilterStrategy:349288612da4,SimpleRiskFilterStrategy,DonaldSimpson/remora-freqtrade,repos/DonaldSimpson_remora-freqtrade/examples/simple_risk_filter_strategy.py,repos/DonaldSimpson_remora-freqtrade/examples/simple_risk_filter_strategy.py,original,,,,,not_applicable,original,native,true,false,,,false,false,5m,absent,true,false,long_only,long_only,false,strategy,unspecified,spot,spot_long,,not_run,,,,,,,static_code,provisional,mode and direction agree with static source evidence,sha256_349288612da4ad5db19a8819bfb30079ead8fc79d0d4b291abd78867cac0e0eb
MacdStrategy,MacdStrategy:e06777de204f,MacdStrategy,DutchCryptoDad/FreqtradeBotStrategyDevelopmentForBeginners,repos/DutchCryptoDad_FreqtradeBotStrategyDevelopmentForBeginners/MacdStrategy.py,repos/DutchCryptoDad_FreqtradeBotStrategyDevelopmentForBeginners/MacdStrategy.py,original,,,,,not_applicable,original,native,true,true,103,351,true,true,1d,absent,true,false,long_only,long_only,false,strategy,unspecified,spot,spot_long,spot,not_run,,,,454,historical_ledger,,runtime_full,provisional,mode and direction agree with static source evidence,sha256_e06777de204f9d3a848741b779cbe25967cbb34043f01d8af9402ef40275f8e6
MyStrategyTemplate,MyStrategyTemplate:2a53430c587a,MyStrategyTemplate,DutchCryptoDad/FreqtradeBotStrategyDevelopmentForBeginners,repos/DutchCryptoDad_FreqtradeBotStrategyDevelopmentForBeginners/MyStrategyTemplate.py,repos/DutchCryptoDad_FreqtradeBotStrategyDevelopmentForBeginners/MyStrategyTemplate.py,original,,,,,not_applicable,original,native,true,false,,,false,false,5m,absent,true,false,long_only,long_only,false,strategy,unspecified,spot,spot_long,,not_run,,,,,,,static_code,provisional,mode and direction agree with static source evidence,sha256_2a53430c587af56ab4faa3ea3c71cc7919ad3df25bd0e69a49b7cfafbe5f2428
SmaRsiStrategy,SmaRsiStrategy:d2d0c1e93cee,SmaRsiStrategy,DutchCryptoDad/FreqtradeBotStrategyDevelopmentForBeginners,repos/DutchCryptoDad_FreqtradeBotStrategyDevelopmentForBeginners/SmaRsiStrategy.py,repos/DutchCryptoDad_FreqtradeBotStrategyDevelopmentForBeginners/SmaRsiStrategy.py,original,,,,,not_applicable,original,native,true,true,85,490,true,true,1d,absent,true,false,long_only,long_only,false,strategy,unspecified,spot,spot_long,spot,not_run,,,,575,historical_ledger,,runtime_full,provisional,mode and direction agree with static source evidence,sha256_d2d0c1e93cee45e6c2dab585017613e784cc886db0d3e8a869cb09c5f2a4909a
SampleStrategy,SampleStrategy:3ec261a86d86,SampleStrategy,DutchCryptoDad/FreqtradeBotStrategyDevelopmentForBeginners,repos/DutchCryptoDad_FreqtradeBotStrategyDevelopmentForBeginners/sample_strategy.py,repos/DutchCryptoDad_FreqtradeBotStrategyDevelopmentForBeginners/sample_strategy.py,original,,,,,not_applicable,original,native,true,true,3105,9619,true,true,5m,absent,true,false,long_only,long_only,false,strategy,unspecified,spot,spot_long,spot,not_run,,,,12724,historical_ledger,,runtime_full,provisional,mode and direction agree with static source evidence,sha256_3ec261a86d864423c530b067e243e3223e9d8b0a860c681641aab19aed121b6c
ASDTSRockwellTrading,ASDTSRockwellTrading:a8bfcc43a306,ASDTSRockwellTrading,Foxel05/freqtrade-stuff,repos/Foxel05_freqtrade-stuff/strategies/ASDTSRockwellTrading.py,repos/Foxel05_freqtrade-stuff/strategies/ASDTSRockwellTrading.py,original,,,,,not_applicable,original,native,true,true,16298,13654,true,true,5m,absent,true,false,long_only,long_only,false,strategy,unspecified,spot,spot_long,spot,not_run,,,,29952,historical_ledger,,runtime_full,provisional,mode and direction agree with static source evidence,sha256_a8bfcc43a306c293e0b774c4b1dd534bf380f962fa0a4f1e332a0b491bd5a969
BBRSI,BBRSI:8a5058ea5a2e,BBRSI,Foxel05/freqtrade-stuff,repos/Foxel05_freqtrade-stuff/strategies/BBRSI.py,repos/Foxel05_freqtrade-stuff/strategies/BBRSI.py,original,,,,,not_applicable,original,native,true,false,,,false,false,,absent,true,false,long_only,long_only,false,strategy,unspecified,spot,spot_long,,not_run,,,,,,,static_code,provisional,mode and direction agree with static source evidence,sha256_8a5058ea5a2ef3b66265c01dd977a580222545edc1fbf63d9ed7fe12591d1f73
BigZ04_TSL4,BigZ04_TSL4:51f93fa45411,BigZ04_TSL4,Foxel05/freqtrade-stuff,repos/Foxel05_freqtrade-stuff/strategies/BigZ04_TSL4.py,repos/Foxel05_freqtrade-stuff/strategies/BigZ04_TSL4.py,original,,,,,not_applicable,original,native,true,true,479,1277,true,true,5m,absent,true,false,long_only,long_only,false,strategy,unspecified,spot,spot_long,spot,not_run,,,,1756,historical_ledger,,runtime_full,provisional,mode and direction agree with static source evidence,sha256_51f93fa45411d5a48849fd54e0c056f09fa3e2f7e75eeb26e9e955edbb5c2eea
BinHV45,BinHV45:dad74375f7b6,BinHV45,Foxel05/freqtrade-stuff,repos/Foxel05_freqtrade-stuff/strategies/BinHV45.py,repos/Foxel05_freqtrade-stuff/strategies/BinHV45.py,original,,,,,not_applicable,original,native,true,true,123,626,true,true,1m,absent,true,false,long_only,long_only,false,strategy,unspecified,spot,spot_long,spot,not_run,,,,749,historical_ledger,,runtime_full,provisional,mode and direction agree with static source evidence,sha256_dad74375f7b6746a8003d047f6bebee2929f1d0258651cb71295aae3abe0ad2e
Combined_NFIv7_SMA,Combined_NFIv7_SMA:cc7aa357999a,Combined_NFIv7_SMA,Foxel05/freqtrade-stuff,repos/Foxel05_freqtrade-stuff/strategies/Combined_NFIv7_SMA.py,repos/Foxel05_freqtrade-stuff/strategies/Combined_NFIv7_SMA.py,original,,,,,not_applicable,original,native,true,true,229,698,true,true,5m,absent,true,false,long_only,long_only,false,strategy,unspecified,spot,spot_long,spot,not_run,,,,927,historical_ledger,,runtime_full,provisional,mode and direction agree with static source evidence,sha256_cc7aa357999a05084b2005622087606d9b3137e22cd9255422a29a9fca239d19
Dimond,Dimond:4376ba0fb9f4,Dimond,Foxel05/freqtrade-stuff,repos/Foxel05_freqtrade-stuff/strategies/Dimond.py,repos/Foxel05_freqtrade-stuff/strategies/Dimond.py,repaired,class1,environment_compatibility,,,strict_equivalent,original+compatibility-environment,native,true,false,,,false,true,5m,absent,true,false,long_only,long_only,false,strategy,unspecified,spot,spot_long,spot,not_run,,,,3,class1_result_card,,static_code,provisional,mode and direction agree with static source evidence,sha256_4376ba0fb9f4d80259bfb1742ad810b3bb67005b3b3e527f7ab2f4626597c7b6
ElliotV7,ElliotV7:33e3212d178f,ElliotV7,Foxel05/freqtrade-stuff,repos/Foxel05_freqtrade-stuff/strategies/ElliotV7.py,repos/Foxel05_freqtrade-stuff/strategies/ElliotV7.py,original,,,,,not_applicable,original,native,true,true,112,442,true,true,5m,absent,true,false,long_only,long_only,false,strategy,unspecified,spot,spot_long,spot,not_run,,,,554,historical_ledger,,runtime_full,provisional,mode and direction agree with static source evidence,sha256_33e3212d178f560b8b0f474e749118f3b74f321784601e337aaa5d26e044e38c
Elliotv8,Elliotv8:8881381c69d4,Elliotv8,Foxel05/freqtrade-stuff,repos/Foxel05_freqtrade-stuff/strategies/ElliotV8.py,repos/Foxel05_freqtrade-stuff/strategies/ElliotV8.py,original,,,,,not_applicable,original,native,true,true,120,500,true,true,5m,absent,true,false,long_only,long_only,false,strategy,unspecified,spot,spot_long,spot,not_run,,,,620,historical_ledger,,runtime_full,provisional,mode and direction agree with static source evidence,sha256_8881381c69d428356d6425b2f538115befc3c5dd19c6295c507e700b1e29f663
ElliotV8_original_ichiv3,ElliotV8_original_ichiv3:348d96d3ab08,ElliotV8_original_ichiv3,Foxel05/freqtrade-stuff,repos/Foxel05_freqtrade-stuff/strategies/ElliotV8_original_ichiv3.py,repos/Foxel05_freqtrade-stuff/strategies/ElliotV8_original_ichiv3.py,original,,,,,not_applicable,original,native,true,true,241,1215,true,true,5m,absent,true,false,long_only,long_only,false,strategy,unspecified,spot,spot_long,spot,not_run,,,,1456,historical_ledger,,runtime_full,provisional,mode and direction agree with static source evidence,sha256_348d96d3ab08d65ce0326f521465266203ffc1eff7c286c9a14b66ac86cb541e
Inverse,Inverse:28baa0e82861,Inverse,Foxel05/freqtrade-stuff,repos/Foxel05_freqtrade-stuff/strategies/Inverse.py,repos/Foxel05_freqtrade-stuff/strategies/Inverse.py,original,,,,,not_applicable,original,native,true,true,449,2021,true,true,1h,absent,true,false,long_only,long_only,false,strategy,unspecified,spot,spot_long,spot,not_run,,,,2470,historical_ledger,,runtime_full,provisional,mode and direction agree with static source evidence,sha256_28baa0e828618ee262e2917b4812482c8dd66f9491d3220d39e308dc6900ae7f
InverseV2,InverseV2:cff8f7be447a,InverseV2,Foxel05/freqtrade-stuff,repos/Foxel05_freqtrade-stuff/strategies/InverseV2.py,repos/Foxel05_freqtrade-stuff/strategies/InverseV2.py,original,,,,,not_applicable,original,native,true,true,198,791,true,true,1h,absent,true,false,long_only,long_only,false,strategy,unspecified,spot,spot_long,spot,not_run,,,,989,historical_ledger,,runtime_full,provisional,mode and direction agree with static source evidence,sha256_cff8f7be447ad13ee0f8428badc82259f95fb2703435dd38c71158df12065ff9
MacheteV8b,MacheteV8b:03e93809d877,MacheteV8b,Foxel05/freqtrade-stuff,repos/Foxel05_freqtrade-stuff/strategies/MacheteV8b.py,repos/Foxel05_freqtrade-stuff/strategies/MacheteV8b.py,original,,,,,not_applicable,original,native,true,false,,,false,false,15m,absent,true,false,long_only,long_only,false,strategy,unspecified,spot,spot_long,,not_run,,,,,,,static_code,provisional,mode and direction agree with static source evidence,sha256_03e93809d87757fc2c208847298e42d0cedd553abd0e600654a7a124a526d154
MultiMA_TSL,MultiMA_TSL:7e8f8a956c7f,MultiMA_TSL,Foxel05/freqtrade-stuff,repos/Foxel05_freqtrade-stuff/strategies/MultiMA_TSL.py,repos/Foxel05_freqtrade-stuff/strategies/MultiMA_TSL.py,original,,,,,not_applicable,original,native,true,false,,,false,false,5m,absent,true,false,long_only,long_only,false,strategy,unspecified,spot,spot_long,,not_run,,,,,,,static_code,provisional,mode and direction agree with static source evidence,sha256_7e8f8a956c7fe5b67eb28a462b8901fa9c42300e9f2e2f19d11509b7c31d948d
MultiOffsetLamboV0,MultiOffsetLamboV0:e23c904ac28e,MultiOffsetLamboV0,Foxel05/freqtrade-stuff,repos/Foxel05_freqtrade-stuff/strategies/MultiOffsetLamboV0.py,repos/Foxel05_freqtrade-stuff/strategies/MultiOffsetLamboV0.py,original,,,,,not_applicable,original,native,true,true,26,174,true,true,5m,absent,true,false,long_only,long_only,false,strategy,unspecified,spot,spot_long,spot,not_run,,,,200,historical_ledger,,runtime_full,provisional,mode and direction agree with static source evidence,sha256_e23c904ac28e87e029a365b7a3ca369b581b5d0d10110bfc5577397e8974ebb1
NASOSv4,NASOSv4:95f4a4295729,NASOSv4,Foxel05/freqtrade-stuff,repos/Foxel05_freqtrade-stuff/strategies/NASOSv4.py,repos/Foxel05_freqtrade-stuff/strategies/NASOSv4.py,original,,,,,not_applicable,original,native,true,true,259,1093,true,true,5m,absent,true,false,long_only,long_only,false,strategy,unspecified,spot,spot_long,spot,not_run,,,,1352,historical_ledger,,runtime_full,provisional,mode and direction agree with static source evidence,sha256_95f4a4295729fc2e35be507e3521c4d48706fbfd465b1446df2b927aa9eb2142
Nostalgia,Nostalgia:e471c36ab08b,Nostalgia,Foxel05/freqtrade-stuff,repos/Foxel05_freqtrade-stuff/strategies/Nostalgia.py,repos/Foxel05_freqtrade-stuff/strategies/Nostalgia.py,original,,,,,not_applicable,original,native,true,true,225,609,true,true,5m,absent,true,false,long_only,long_only,false,strategy,unspecified,spot,spot_long,spot,not_run,,,,834,historical_ledger,,runtime_full,provisional,mode and direction agree with static source evidence,sha256_e471c36ab08b323aed48e782c63c431c8cc4022e141974b4d4f41dd896125c97
NostalgiaForInfinityNext,NostalgiaForInfinityNext:6699a897dded,NostalgiaForInfinityNext,Foxel05/freqtrade-stuff,repos/Foxel05_freqtrade-stuff/strategies/NostalgiaForInfinityNext.py,repair/patched/repos/Foxel05_freqtrade-stuff/strategies/NostalgiaForInfinityNext.py,repaired,class2,dead_np_where_dtype,,,strict_equivalent,class2-overlay,native,true,false,,,false,false,5m,absent,true,false,long_only,long_only,false,strategy,unspecified,spot,spot_long,,not_run,,,,,freqai_result_card,,static_code,provisional,mode and direction agree with static source evidence,sha256_6699a897dded5f90c944743c0f3f5c95f7486a6f878f52549e2ac85ecee4bfa8
NostalgiaForInfinityV5MultiOffsetAndHO,NostalgiaForInfinityV5MultiOffsetAndHO:c45e11c692e5,NostalgiaForInfinityV5MultiOffsetAndHO,Foxel05/freqtrade-stuff,repos/Foxel05_freqtrade-stuff/strategies/NostalgiaForInfinityV5MultiOffsetAndHO.py,repos/Foxel05_freqtrade-stuff/strategies/NostalgiaForInfinityV5MultiOffsetAndHO.py,original,,,,,not_applicable,original,native,true,true,356,1410,true,true,5m,absent,true,false,long_only,long_only,false,strategy,unspecified,spot,spot_long,spot,not_run,,,,1766,historical_ledger,,runtime_full,provisional,mode and direction agree with static source evidence,sha256_c45e11c692e5672ad85d1c91d6425d0c7044f81987b19f39fabf0fe8dc710ee3
NotAnotherSMAOffSetStrategy_V2,NotAnotherSMAOffSetStrategy_V2:be38c0ea3f29,NotAnotherSMAOffSetStrategy_V2,Foxel05/freqtrade-stuff,repos/Foxel05_freqtrade-stuff/strategies/NotAnotherSMAOffSetStrategy_V2.py,repos/Foxel05_freqtrade-stuff/strategies/NotAnotherSMAOffSetStrategy_V2.py,repaired,class1,environment_compatibility,,,strict_equivalent,original+compatibility-environment,native,true,false,3,,false,true,5m,absent,true,false,long_only,long_only,false,strategy,unspecified,spot,spot_long,spot,not_run,,,,3,class1_result_card,,static_code,provisional,mode and direction agree with static source evidence,sha256_be38c0ea3f291f1391bbf15d5c54659cc0064a6e43bdbbf7c74ea78fa8bde745
NotAnotherSMAOffsetStrategyHOv3,NotAnotherSMAOffsetStrategyHOv3:b083a1a126cd,NotAnotherSMAOffsetStrategyHOv3,Foxel05/freqtrade-stuff,repos/Foxel05_freqtrade-stuff/strategies/NotAnotherSMAOffsetStrategyHOv3_b.py,repos/Foxel05_freqtrade-stuff/strategies/NotAnotherSMAOffsetStrategyHOv3_b.py,original,,,,,not_applicable,original,native,true,true,105,647,true,true,5m,absent,true,false,long_only,long_only,false,strategy,unspecified,spot,spot_long,spot,not_run,,,,752,historical_ledger,,runtime_full,provisional,mode and direction agree with static source evidence,sha256_b083a1a126cd5cffb1d6511ba81db1c4f1df6d1cf246853e631ce5f7b2b70368
NotAnotherSMAOffsetStrategyLite,NotAnotherSMAOffsetStrategyLite:bd75cf33eb1e,NotAnotherSMAOffsetStrategyLite,Foxel05/freqtrade-stuff,repos/Foxel05_freqtrade-stuff/strategies/NotAnotherSMAOffsetStrategyLite.py,repos/Foxel05_freqtrade-stuff/strategies/NotAnotherSMAOffsetStrategyLite.py,original,,,,,not_applicable,original,native,true,true,321,1094,true,true,5m,absent,true,false,long_only,long_only,false,strategy,unspecified,spot,spot_long,spot,not_run,,,,1415,historical_ledger,,runtime_full,provisional,mode and direction agree with static source evidence,sha256_bd75cf33eb1e05f5cd8843cb3be9e9a038aea449c6f1639772f347f438dfb040
NotAnotherSMAOffsetStrategyModHO,NotAnotherSMAOffsetStrategyModHO:7c14f6484461,NotAnotherSMAOffsetStrategyModHO,Foxel05/freqtrade-stuff,repos/Foxel05_freqtrade-stuff/strategies/NotAnotherSMAOffsetStrategyModHO.py,repos/Foxel05_freqtrade-stuff/strategies/NotAnotherSMAOffsetStrategyModHO.py,original,,,,,not_applicable,original,native,true,true,159,985,true,true,5m,absent,true,false,long_only,long_only,false,strategy,unspecified,spot,spot_long,spot,not_run,,,,1144,historical_ledger,,runtime_full,provisional,mode and direction agree with static source evidence,sha256_7c14f64844617dbde5ec5c78b7c4270e6602f224c29ccea8935f04f828bdbb58
NotAnotherSMAOffsetStrategy_uzi,NotAnotherSMAOffsetStrategy_uzi:0cda61e3ee00,NotAnotherSMAOffsetStrategy_uzi,Foxel05/freqtrade-stuff,repos/Foxel05_freqtrade-stuff/strategies/NotAnotherSMAOffsetStrategy_uzi.py,repos/Foxel05_freqtrade-stuff/strategies/NotAnotherSMAOffsetStrategy_uzi.py,original,,,,,not_applicable,original,native,true,true,122,529,true,true,5m,absent,true,false,long_only,long_only,false,strategy,unspecified,spot,spot_long,spot,not_run,,,,651,historical_ledger,,runtime_full,provisional,mode and direction agree with static source evidence,sha256_0cda61e3ee004e657b749fba909082f8ba7bdb3b47c9b597168b1a42ddaabec4
NotAnotherSMAOffsetStrategy_uzi3,NotAnotherSMAOffsetStrategy_uzi3:b97d05116399,NotAnotherSMAOffsetStrategy_uzi3,Foxel05/freqtrade-stuff,repos/Foxel05_freqtrade-stuff/strategies/NotAnotherSMAOffsetStrategy_uzi3.py,repos/Foxel05_freqtrade-stuff/strategies/NotAnotherSMAOffsetStrategy_uzi3.py,original,,,,,not_applicable,original,native,true,true,217,954,true,true,5m,absent,true,false,long_only,long_only,false,strategy,unspecified,spot,spot_long,spot,not_run,,,,1171,historical_ledger,,runtime_full,provisional,mode and direction agree with static source evidence,sha256_b97d0511639909ff434aeccd9a8d516dd4bd828204bb26844fd7641817008620
Obelisk_Ichimoku_ZEMA_v1,Obelisk_Ichimoku_ZEMA_v1:7a1b81b4df70,Obelisk_Ichimoku_ZEMA_v1,Foxel05/freqtrade-stuff,repos/Foxel05_freqtrade-stuff/strategies/Obelisk_Ichimoku_ZEMA_v1.py,repair/patched/repos/Foxel05_freqtrade-stuff/strategies/Obelisk_Ichimoku_ZEMA_v1.py,repaired,class2,pandas_removed_keywords,,,strict_equivalent,class2-overlay,native,true,false,,,false,false,5m,absent,true,false,long_only,long_only,false,strategy,unspecified,spot,spot_long,,not_run,,,,,freqai_result_card,,static_code,provisional,mode and direction agree with static source evidence,sha256_7a1b81b4df7062290b5eeeee30090e400c242a7ab7f743eac0f5f6ccd55a1161
RalliV1,RalliV1:e3021aa4639b,RalliV1,Foxel05/freqtrade-stuff,repos/Foxel05_freqtrade-stuff/strategies/RalliV1.py,repos/Foxel05_freqtrade-stuff/strategies/RalliV1.py,original,,,,,not_applicable,original,native,true,true,146,511,true,true,5m,absent,true,false,long_only,long_only,false,strategy,unspecified,spot,spot_long,spot,not_run,,,,657,historical_ledger,,runtime_full,provisional,mode and direction agree with static source evidence,sha256_e3021aa4639b109884d6a328b0a59fa28a63b1e9c37d81983dc7999af96fca21
RaposaDivergenceV1,RaposaDivergenceV1:ee9a86daf635,RaposaDivergenceV1,Foxel05/freqtrade-stuff,repos/Foxel05_freqtrade-stuff/strategies/RaposaDivergenceV1.py,repos/Foxel05_freqtrade-stuff/strategies/RaposaDivergenceV1.py,original,,,,,not_applicable,original,native,true,false,,,false,false,5m,absent,true,false,long_only,long_only,false,strategy,unspecified,spot,spot_long,,not_run,,,,,,,static_code,provisional,mode and direction agree with static source evidence,sha256_ee9a86daf6351ee1d70ec550ebf8e4b711648533609a9749e89ae1accfc8baf4
SMAOG,SMAOG:5909c02736a7,SMAOG,Foxel05/freqtrade-stuff,repos/Foxel05_freqtrade-stuff/strategies/SMAOG.py,repos/Foxel05_freqtrade-stuff/strategies/SMAOG.py,original,,,,,not_applicable,original,native,true,true,105,433,true,true,5m,absent,true,false,long_only,long_only,false,strategy,unspecified,spot,spot_long,spot,not_run,,,,538,historical_ledger,,runtime_full,provisional,mode and direction agree with static source evidence,sha256_5909c02736a7ef61b0092ab9ab54511563725485ef218e3355a3f5571d746a18
SMAOffsetProtectOptV1,SMAOffsetProtectOptV1:7c32c9693d44,SMAOffsetProtectOptV1,Foxel05/freqtrade-stuff,repos/Foxel05_freqtrade-stuff/strategies/SMAOffsetProtectOptV1.py,repos/Foxel05_freqtrade-stuff/strategies/SMAOffsetProtectOptV1.py,original,,,,,not_applicable,original,native,true,true,22,181,true,true,5m,absent,true,false,long_only,long_only,false,strategy,unspecified,spot,spot_long,spot,not_run,,,,203,historical_ledger,,runtime_full,provisional,mode and direction agree with static source evidence,sha256_7c32c9693d4439d64678b73603c2e1644419e74d4a120c70eff715505ae610d1
Macd,Macd:446ed2df0ec1,Macd,Foxel05/freqtrade-stuff,repos/Foxel05_freqtrade-stuff/strategies/macd.py,repos/Foxel05_freqtrade-stuff/strategies/macd.py,original,,,,,not_applicable,original,native,true,true,243,825,true,true,1h,absent,true,false,long_only,long_only,false,strategy,unspecified,spot,spot_long,spot,not_run,,,,1068,historical_ledger,,runtime_full,provisional,mode and direction agree with static source evidence,sha256_446ed2df0ec1dfe061d36f061db5b48e3d13ad94fd643b3d05d4896954003628
MyStratV1,MyStratV1:5f95a1cf1609,MyStratV1,Foxel05/freqtrade-stuff,repos/Foxel05_freqtrade-stuff/strategies/test.py,repos/Foxel05_freqtrade-stuff/strategies/test.py,original,,,,,not_applicable,original,native,true,true,171,513,true,true,5m,absent,true,false,long_only,long_only,false,strategy,unspecified,spot,spot_long,spot,not_run,,,,684,historical_ledger,,runtime_full,provisional,mode and direction agree with static source evidence,sha256_5f95a1cf1609c3d03ea87fa4e4b454a18115d9aff3355cbdc1f8e7a425d1c6e9
AdaptiveRenkoStrategy,AdaptiveRenkoStrategy:b1efced546db,AdaptiveRenkoStrategy,HeyMrRobot/Freqtrade-Adaptive-Renko-Strategy,repos/HeyMrRobot_Freqtrade-Adaptive-Renko-Strategy/AdaptiveRenkoStrategy.py,repos/HeyMrRobot_Freqtrade-Adaptive-Renko-Strategy/AdaptiveRenkoStrategy.py,original,,,partial,restore_declared_pypi_dependency,not_applicable,original,native,true,false,,,false,false,3m,true,true,true,long_short,long_short,false,strategy,futures,futures,futures_long_short,,failed,20200301-20200401,,,,,sha256_ae8c9b9335a9953419658f2c252edbd86aedede9b3e14a33acb8f7d47faba7e6,static_code,provisional,mode and direction agree with static source evidence,sha256_b1efced546db261388b2e5bf302f5d4ef4841e64c358ada2cb05d2ce99782d18
NotAnotherSMAOffsetStrategy,NotAnotherSMAOffsetStrategy:133148024e56,NotAnotherSMAOffsetStrategy,Juusseli/Trade,repos/Juusseli_Trade/NotAnotherSMAOffsetStrategy.py,repos/Juusseli_Trade/NotAnotherSMAOffsetStrategy.py,original,,,,,not_applicable,original,native,true,true,215,683,true,true,5m,absent,true,false,long_only,long_only,false,strategy,unspecified,spot,spot_long,spot,not_run,,,,898,historical_ledger,,runtime_full,provisional,mode and direction agree with static source evidence,sha256_133148024e56fdf6d07b41953d8846578416226a112029899ffc9ffff7e491b6
FTT_DWT_FBB_FUTURES,FTT_DWT_FBB_FUTURES:afe6cdaf156b,FTT_DWT_FBB_FUTURES,Lijunnan0113/Lijunnan0113-Lijunnan_Freqtrade_Strategy,repos/Lijunnan0113_Lijunnan0113-Lijunnan_Freqtrade_Strategy/Strategy/FTT_DWT_FBB_FUTURES.py,user_data/profile_repairs/FTT_DWT_FBB_FUTURES.py,repaired,class2,pywavelets_writable_buffer,applied,restore_copied_local_module,strict_equivalent,profile-class2-overlay,native,true,false,,,false,true,5m,true,true,true,long_short,long_short,true,strategy,futures,futures,futures_long_short,futures,measured,20200301-20200401,508,433,941,runtime_smoke,sha256_ae8c9b9335a9953419658f2c252edbd86aedede9b3e14a33acb8f7d47faba7e6,runtime_smoke,validated,mode and direction agree with static source evidence,sha256_afe6cdaf156b32d542e3e49d150a7195b9632bd3ade0ba5693d6495471aaa3a7
BinClucMadSMADevelop,BinClucMadSMADevelop:38f0320c8f90,BinClucMadSMADevelop,MMR-19/freqtrade-strategies,repos/MMR-19_freqtrade-strategies/strategies/BinClucMadSMADevelop.py,repos/MMR-19_freqtrade-strategies/strategies/BinClucMadSMADevelop.py,original,,,,,not_applicable,original,native,true,false,,,false,false,5m,absent,true,false,long_only,long_only,false,strategy,unspecified,spot,spot_long,,not_run,,,,,,,static_code,provisional,mode and direction agree with static source evidence,sha256_38f0320c8f906243ae7c150ed5978a1b53e1d2c1b01eb5f91ba51528fe902e35
EI3v2_tag_cofi_green,EI3v2_tag_cofi_green:347903c0df5c,EI3v2_tag_cofi_green,MMR-19/freqtrade-strategies,repos/MMR-19_freqtrade-strategies/strategies/EI3v2_tag_cofi_green.py,repos/MMR-19_freqtrade-strategies/strategies/EI3v2_tag_cofi_green.py,original,,,,,not_applicable,original,native,true,true,738,2628,true,true,5m,absent,true,false,long_only,long_only,false,strategy,unspecified,spot,spot_long,spot,not_run,,,,3366,historical_ledger,,runtime_full,provisional,mode and direction agree with static source evidence,sha256_347903c0df5ce7d1faa1333855602b9c091595ed6e2dc584d1bdc2b222e3b744
MultiMA_TSL5,MultiMA_TSL5:389505ebb118,MultiMA_TSL5,MMR-19/freqtrade-strategies,repos/MMR-19_freqtrade-strategies/strategies/MultiMA_TSL5.py,repos/MMR-19_freqtrade-strategies/strategies/MultiMA_TSL5.py,original,,,,,not_applicable,original,native,true,false,,,false,false,5m,absent,true,false,long_only,long_only,false,strategy,unspecified,spot,spot_long,,not_run,,,,,,,static_code,provisional,mode and direction agree with static source evidence,sha256_389505ebb118a055b54c3c4aa46aba9146b24e9d3f1e0f3ac399f2023f53afb6
NotAnotherSMAOffsetStrategyHO,NotAnotherSMAOffsetStrategyHO:163e1320d188,NotAnotherSMAOffsetStrategyHO,MMR-19/freqtrade-strategies,repos/MMR-19_freqtrade-strategies/strategies/NotAnotherSMAOffSetStrategyHO.py,repos/MMR-19_freqtrade-strategies/strategies/NotAnotherSMAOffSetStrategyHO.py,original,,,,,not_applicable,original,native,true,true,185,720,true,true,5m,absent,true,false,long_only,long_only,false,strategy,unspecified,spot,spot_long,spot,not_run,,,,905,historical_ledger,,runtime_full,provisional,mode and direction agree with static source evidence,sha256_163e1320d188a13932a3ddc522f0e5c650c3a575cb10f6435d3546f1471b43ce
tesla4,tesla4:229cf5faac5f,tesla4,MMR-19/freqtrade-strategies,repos/MMR-19_freqtrade-strategies/strategies/Tesla4.py,repos/MMR-19_freqtrade-strategies/strategies/Tesla4.py,repaired,class1,environment_compatibility,,,strict_equivalent,original+compatibility-environment,native,true,false,3,,false,true,5m,absent,true,false,long_only,long_only,false,strategy,unspecified,spot,spot_long,spot,not_run,,,,3,class1_result_card,,static_code,provisional,mode and direction agree with static source evidence,sha256_229cf5faac5f4a162d7af7d64af1f9377fc734a65ee95cb86306f227bfa35657
tesla7,tesla7:00c21c324a08,tesla7,MMR-19/freqtrade-strategies,repos/MMR-19_freqtrade-strategies/strategies/Tesla7.py,repos/MMR-19_freqtrade-strategies/strategies/Tesla7.py,repaired,class1,environment_compatibility,,,strict_equivalent,original+compatibility-environment,native,true,false,4,,false,true,5m,absent,true,false,long_only,long_only,false,strategy,unspecified,spot,spot_long,spot,not_run,,,,4,class1_result_card,,static_code,provisional,mode and direction agree with static source evidence,sha256_00c21c324a085c59e80a8ccfb966fcfc2f957f13b9e95800f2c2f58bec323c02
AdxSmasS,AdxSmasS:c6ec923fd109,AdxSmasS,MelvynClark/Freqtrade-Strategy,repos/MelvynClark_Freqtrade-Strategy/AdxSmas - S.py,repos/MelvynClark_Freqtrade-Strategy/AdxSmas - S.py,original,,,,,not_applicable,original,native,true,false,,,false,true,1h,true,false,true,short_only,short_only,false,strategy,futures,futures,futures_short,futures,measured,20200301-20200401,0,74,74,runtime_smoke,sha256_ae8c9b9335a9953419658f2c252edbd86aedede9b3e14a33acb8f7d47faba7e6,runtime_smoke,validated,mode and direction agree with static source evidence,sha256_c6ec923fd109df306c257bb36ae8a19a96989f1e96b4fe29a72a41cfbc5f250e
AwesomeMacd,AwesomeMacd:cd96564fec14,AwesomeMacd,MelvynClark/Freqtrade-Strategy,repos/MelvynClark_Freqtrade-Strategy/AwesomeMACD/AwesomeMacd.py,repos/MelvynClark_Freqtrade-Strategy/AwesomeMACD/AwesomeMacd.py,original,,,,,not_applicable,original,native,true,true,831,3158,true,true,1h,absent,true,false,long_only,long_only,false,strategy,unspecified,spot,spot_long,spot,not_run,,,,3989,historical_ledger,,runtime_full,provisional,mode and direction agree with static source evidence,sha256_cd96564fec14589a8d58c78a9cdf55da29161ef6cb9e819fd225bc412e57eede
AwesomeMacdS,AwesomeMacdS:8ccbb0588a3c,AwesomeMacdS,MelvynClark/Freqtrade-Strategy,repos/MelvynClark_Freqtrade-Strategy/AwesomeMACD/AwesomeMacdS.py,repos/MelvynClark_Freqtrade-Strategy/AwesomeMACD/AwesomeMacdS.py,original,,,,,not_applicable,original,native,true,false,,,false,false,1h,absent,true,true,long_short,long_only,false,strategy,futures,spot,spot_long,,not_run,,,,,,,static_code,review,enter_short is dormant without a literal can_short=true,sha256_8ccbb0588a3c8cf12f9328c28aeb4cc6bc9006cfb8811bf25f64badb1d213ea6
FOttStrategy,FOttStrategy:6825ddc4bb1e,FOttStrategy,MelvynClark/Freqtrade-Strategy,repos/MelvynClark_Freqtrade-Strategy/FOTT.py,repos/MelvynClark_Freqtrade-Strategy/FOTT.py,original,,,,,not_applicable,original,native,true,false,,,false,true,15m,true,true,true,long_short,long_short,false,strategy,futures,futures,futures_long_short,futures,measured,20200301-20200401,0,0,0,runtime_smoke,sha256_ae8c9b9335a9953419658f2c252edbd86aedede9b3e14a33acb8f7d47faba7e6,runtime_smoke,validated,mode and direction agree with static source evidence,sha256_6825ddc4bb1edd9ac497fb8786acc4e039189ea470ada917617623b1b6382085
FSupertrendStrategyBTC,FSupertrendStrategyBTC:166789d38800,FSupertrendStrategyBTC,MelvynClark/Freqtrade-Strategy,repos/MelvynClark_Freqtrade-Strategy/FSupertrendStrategy - BTC.py,repos/MelvynClark_Freqtrade-Strategy/FSupertrendStrategy - BTC.py,original,,,,,not_applicable,original,native,true,false,,,false,false,1h,absent,true,true,long_short,long_only,false,strategy,futures,spot,spot_long,,not_run,,,,,,,static_code,review,enter_short is dormant without a literal can_short=true,sha256_166789d38800ef796b82be7c22e53820758e8e359bd6aae41aceac1bf46254e7
FSupertrendStrategyETH,FSupertrendStrategyETH:1431b0900647,FSupertrendStrategyETH,MelvynClark/Freqtrade-Strategy,repos/MelvynClark_Freqtrade-Strategy/FSupertrendStrategy - ETH.py,repos/MelvynClark_Freqtrade-Strategy/FSupertrendStrategy - ETH.py,original,,,,,not_applicable,original,native,true,false,,,false,false,1h,absent,true,true,long_short,long_only,false,strategy,futures,spot,spot_long,,not_run,,,,,,,static_code,review,enter_short is dormant without a literal can_short=true,sha256_1431b090064756f6c2f220de943c87ccfd0f2a44d73121db2e6ef7691c36460e
MACDRS,MACDRS:9bfb781a26cb,MACDRS,MelvynClark/Freqtrade-Strategy,repos/MelvynClark_Freqtrade-Strategy/MACDR/Futures MACD Crossover 5 candles ago.py,repos/MelvynClark_Freqtrade-Strategy/MACDR/Futures MACD Crossover 5 candles ago.py,original,,,,,not_applicable,original,native,true,false,,,false,true,5m,true,true,true,long_short,long_short,false,strategy,futures,futures,futures_long_short,futures,measured,20200301-20200401,195,418,613,runtime_smoke,sha256_ae8c9b9335a9953419658f2c252edbd86aedede9b3e14a33acb8f7d47faba7e6,runtime_smoke,validated,mode and direction agree with static source evidence,sha256_9bfb781a26cbadba57a96f05b775b9e96b2025877fd1d50ff82ecac39e07ef9b
MACDRL,MACDRL:bfe6537cf2a6,MACDRL,MelvynClark/Freqtrade-Strategy,repos/MelvynClark_Freqtrade-Strategy/MACDR/MACDStrategy - robert long.py,repos/MelvynClark_Freqtrade-Strategy/MACDR/MACDStrategy - robert long.py,original,,,,,not_applicable,original,native,true,false,,,false,true,5m,true,true,false,long_only,long_only,false,strategy,futures,futures,futures_long,futures,measured,20200301-20200401,200,0,200,runtime_smoke,sha256_ae8c9b9335a9953419658f2c252edbd86aedede9b3e14a33acb8f7d47faba7e6,runtime_smoke,review,can_short=true but no explicit enter_short write,sha256_bfe6537cf2a665c8f9750ec886b91a0ff7dffcf200dcba937c480a315acb62e7
MACDStrategyADA,MACDStrategyADA:10fe039bf4c0,MACDStrategyADA,MelvynClark/Freqtrade-Strategy,repos/MelvynClark_Freqtrade-Strategy/MACDStrategy - ADA.py,repos/MelvynClark_Freqtrade-Strategy/MACDStrategy - ADA.py,original,,,,,not_applicable,original,native,true,true,1677,5779,true,true,5m,absent,true,false,long_only,long_only,false,strategy,unspecified,spot,spot_long,spot,not_run,,,,7456,historical_ledger,,runtime_full,provisional,mode and direction agree with static source evidence,sha256_10fe039bf4c0b26084e180ae8c6895a56c5286283f1cc5c733fb9f0d457cd493
MACDStrategyAVAX,MACDStrategyAVAX:99caf98ab9bd,MACDStrategyAVAX,MelvynClark/Freqtrade-Strategy,repos/MelvynClark_Freqtrade-Strategy/MACDStrategy - AVAX.py,repos/MelvynClark_Freqtrade-Strategy/MACDStrategy - AVAX.py,original,,,,,not_applicable,original,native,true,true,1677,5779,true,true,5m,absent,true,false,long_only,long_only,false,strategy,unspecified,spot,spot_long,spot,not_run,,,,7456,historical_ledger,,runtime_full,provisional,mode and direction agree with static source evidence,sha256_99caf98ab9bd8ba5ea0fb1ed676f284b736526d0a1c6fadd6062bd06b9120e29
MACDStrategyBTC,MACDStrategyBTC:0f82e3251478,MACDStrategyBTC,MelvynClark/Freqtrade-Strategy,repos/MelvynClark_Freqtrade-Strategy/MACDStrategy - BTC.py,repos/MelvynClark_Freqtrade-Strategy/MACDStrategy - BTC.py,original,,,,,not_applicable,original,native,true,true,1677,5779,true,true,5m,absent,true,false,long_only,long_only,false,strategy,unspecified,spot,spot_long,spot,not_run,,,,7456,historical_ledger,,runtime_full,provisional,mode and direction agree with static source evidence,sha256_0f82e3251478757520ad3736e1d2fc81b14f24e48bc5369611b4c164b98d0237
MACDStrategyENJ,MACDStrategyENJ:f81a4ca780d7,MACDStrategyENJ,MelvynClark/Freqtrade-Strategy,repos/MelvynClark_Freqtrade-Strategy/MACDStrategy - ENJ.py,repos/MelvynClark_Freqtrade-Strategy/MACDStrategy - ENJ.py,original,,,,,not_applicable,original,native,true,true,1677,5779,true,true,5m,absent,true,false,long_only,long_only,false,strategy,unspecified,spot,spot_long,spot,not_run,,,,7456,historical_ledger,,runtime_full,provisional,mode and direction agree with static source evidence,sha256_f81a4ca780d73aca17377ff07d699c5d680a6ddb49e38352b928fc1fad8dfa7d
MACDStrategyETC,MACDStrategyETC:0a33db88c825,MACDStrategyETC,MelvynClark/Freqtrade-Strategy,repos/MelvynClark_Freqtrade-Strategy/MACDStrategy - ETC.py,repos/MelvynClark_Freqtrade-Strategy/MACDStrategy - ETC.py,original,,,,,not_applicable,original,native,true,true,1677,5779,true,true,5m,absent,true,false,long_only,long_only,false,strategy,unspecified,spot,spot_long,spot,not_run,,,,7456,historical_ledger,,runtime_full,provisional,mode and direction agree with static source evidence,sha256_0a33db88c825b23a53bb2224922011ea9e7ae71aff29d7a07d5a6b85119bb50c
MACDStrategySOL,MACDStrategySOL:72005a2d344a,MACDStrategySOL,MelvynClark/Freqtrade-Strategy,repos/MelvynClark_Freqtrade-Strategy/MACDStrategy - SOL.py,repos/MelvynClark_Freqtrade-Strategy/MACDStrategy - SOL.py,original,,,,,not_applicable,original,native,true,true,1677,5779,true,true,5m,absent,true,false,long_only,long_only,false,strategy,unspecified,spot,spot_long,spot,not_run,,,,7456,historical_ledger,,runtime_full,provisional,mode and direction agree with static source evidence,sha256_72005a2d344a587ba56576576664bef32c8eb7c4d76bd7f20b487849c7c6a8a2
MACDStrategyXRP,MACDStrategyXRP:1d2e080ab020,MACDStrategyXRP,MelvynClark/Freqtrade-Strategy,repos/MelvynClark_Freqtrade-Strategy/MACDStrategy - XRP.py,repos/MelvynClark_Freqtrade-Strategy/MACDStrategy - XRP.py,original,,,,,not_applicable,original,native,true,true,1677,5779,true,true,5m,absent,true,false,long_only,long_only,false,strategy,unspecified,spot,spot_long,spot,not_run,,,,7456,historical_ledger,,runtime_full,provisional,mode and direction agree with static source evidence,sha256_1d2e080ab020a0d66ba0db880d48c026a61711772effbdf600bae1d3e0c09f0c
NostalgiaForInfinityX,NostalgiaForInfinityX:526c611cc04a,NostalgiaForInfinityX,MelvynClark/Freqtrade-Strategy,repos/MelvynClark_Freqtrade-Strategy/NostalgiaForInfinityX.py,repair/patched/repos/PeetCrypto_freqtrade-stuff/NFIXMod1.3_TraNz (3).py,repaired,class2,dead_np_where_dtype,,,strict_equivalent,class2-overlay,native,true,false,,,false,false,5m,absent,true,false,long_only,long_only,false,strategy,unspecified,spot,spot_long,,not_run,,,,,freqai_result_card,,static_code,provisional,mode and direction agree with static source evidence,sha256_526c611cc04a9a75c82c4bc9e8958cbff343a169b5c9742d2fa0f06be81b1eb7
ReinforcedSmoothScalp,ReinforcedSmoothScalp:583e7138ae98,ReinforcedSmoothScalp,MelvynClark/Freqtrade-Strategy,repos/MelvynClark_Freqtrade-Strategy/ReinforcedSmoothScalp.py,repos/MelvynClark_Freqtrade-Strategy/ReinforcedSmoothScalp.py,original,,,,,not_applicable,original,native,true,true,121,542,true,true,15m,absent,true,false,long_only,long_only,false,strategy,unspecified,spot,spot_long,spot,not_run,,,,663,historical_ledger,,runtime_full,provisional,mode and direction agree with static source evidence,sha256_583e7138ae98ed75b200ea447193f6594f4616b27bd9fdd48546d7b13cf94fd0
ReinforcedSmoothScalpS,ReinforcedSmoothScalpS:9de7fb8e74a2,ReinforcedSmoothScalpS,MelvynClark/Freqtrade-Strategy,repos/MelvynClark_Freqtrade-Strategy/ReinforcedSmoothScalpS.py,repos/MelvynClark_Freqtrade-Strategy/ReinforcedSmoothScalpS.py,original,,,,,not_applicable,original,native,true,false,,,false,false,15m,absent,true,true,long_short,long_only,false,strategy,futures,spot,spot_long,,not_run,,,,,,,static_code,review,enter_short is dormant without a literal can_short=true,sha256_9de7fb8e74a2497394b0c4bdefb0810bc0c963be1f24915b1dd5a36ec7b6c589
SimpleHopt,SimpleHopt:d55cca4892b5,SimpleHopt,MelvynClark/Freqtrade-Strategy,repos/MelvynClark_Freqtrade-Strategy/Simple Strategy/SimpleHopt.py,repos/MelvynClark_Freqtrade-Strategy/Simple Strategy/SimpleHopt.py,original,,,,,not_applicable,original,native,true,true,4701,11974,true,true,5m,absent,true,false,long_only,long_only,false,strategy,unspecified,spot,spot_long,spot,not_run,,,,16675,historical_ledger,,runtime_full,provisional,mode and direction agree with static source evidence,sha256_d55cca4892b5bd7cbfb19c5e318e98b6f9a3d175f9d5a95e10b1c30a0d799f7d
SimpleHopt1Along,SimpleHopt1Along:bdcc718a4b96,SimpleHopt1Along,MelvynClark/Freqtrade-Strategy,repos/MelvynClark_Freqtrade-Strategy/Simple Strategy/SimpleHopt1Along.py,repos/MelvynClark_Freqtrade-Strategy/Simple Strategy/SimpleHopt1Along.py,original,,,,,not_applicable,original,native,true,true,973,3494,true,true,4h,absent,true,false,long_only,long_only,false,strategy,unspecified,spot,spot_long,spot,not_run,,,,4467,historical_ledger,,runtime_full,provisional,mode and direction agree with static source evidence,sha256_bdcc718a4b96b304bedfde81650676c80f05727e1e39b7f57c09206153e3df46
SimpleHopt1Ashort,SimpleHopt1Ashort:6ac2dafe92e0,SimpleHopt1Ashort,MelvynClark/Freqtrade-Strategy,repos/MelvynClark_Freqtrade-Strategy/Simple Strategy/SimpleHopt1Ashort.py,repos/MelvynClark_Freqtrade-Strategy/Simple Strategy/SimpleHopt1Ashort.py,original,,,,,not_applicable,original,native,true,false,,,false,true,1d,true,false,true,short_only,short_only,false,strategy,futures,futures,futures_short,futures,measured,20200301-20200401,0,0,0,runtime_smoke,sha256_ae8c9b9335a9953419658f2c252edbd86aedede9b3e14a33acb8f7d47faba7e6,runtime_smoke,validated,mode and direction agree with static source evidence,sha256_6ac2dafe92e01ad260d8e6f9c649122bf8f60f159fae2bdb37779ec9edbb7186
SimpleHoptS,SimpleHoptS:0885a7330df3,SimpleHoptS,MelvynClark/Freqtrade-Strategy,repos/MelvynClark_Freqtrade-Strategy/Simple Strategy/SimpleHoptS.py,repos/MelvynClark_Freqtrade-Strategy/Simple Strategy/SimpleHoptS.py,original,,,,,not_applicable,original,native,true,false,,,false,true,1d,true,false,true,short_only,short_only,false,strategy,futures,futures,futures_short,futures,measured,20200301-20200401,0,0,0,runtime_smoke,sha256_ae8c9b9335a9953419658f2c252edbd86aedede9b3e14a33acb8f7d47faba7e6,runtime_smoke,validated,mode and direction agree with static source evidence,sha256_0885a7330df37e9e24cfe06b603b4d13e8e87b2e1799726af12d24052d7f4177
RLStrategy,RLStrategy:bbe2043d5545,RLStrategy,Mohamed-sm/Freqtrade-RLStrategy-IA,repos/Mohamed-sm_Freqtrade-RLStrategy-IA/RLStrategy.py,repos/Mohamed-sm_Freqtrade-RLStrategy-IA/RLStrategy.py,original,,,,,not_applicable,original,native,true,false,,,false,false,1h,absent,true,true,long_short,long_only,false,strategy,futures,spot,spot_long,,not_run,,,,,,,static_code,review,enter_short is dormant without a literal can_short=true,sha256_bbe2043d5545d486ea3690ef94d248b9cd3ce8a8d15cf45281b285a4bcec30e7
ADXMomentum,ADXMomentum:bdbfd15a521c,ADXMomentum,PeetCrypto/freqtrade-stuff,repos/PeetCrypto_freqtrade-stuff/ADXMomentum.py,repos/PeetCrypto_freqtrade-stuff/ADXMomentum.py,original,,,,,not_applicable,original,native,true,true,20,63,true,true,1h,absent,true,false,long_only,long_only,false,strategy,unspecified,spot,spot_long,spot,not_run,,,,83,historical_ledger,,runtime_full,provisional,mode and direction agree with static source evidence,sha256_bdbfd15a521c2dd93a04f8038a621f3613f3f51067564cad7e403dd8120f0587
ADX_15M_USDT,ADX_15M_USDT:1cf6c1e674ba,ADX_15M_USDT,PeetCrypto/freqtrade-stuff,repos/PeetCrypto_freqtrade-stuff/ADX_15M_USDT.py,repos/PeetCrypto_freqtrade-stuff/ADX_15M_USDT.py,original,,,,,not_applicable,original,native,true,false,,,false,false,,absent,true,false,long_only,long_only,false,strategy,unspecified,spot,spot_long,,not_run,,,,,,,static_code,provisional,mode and direction agree with static source evidence,sha256_1cf6c1e674baf8352d60a80fbdea156cdefe4639900ba8160568d07b7cff03a7
ActionZone,ActionZone:6f446b83a7a7,ActionZone,PeetCrypto/freqtrade-stuff,repos/PeetCrypto_freqtrade-stuff/ActionZone.py,repos/PeetCrypto_freqtrade-stuff/ActionZone.py,original,,,,,not_applicable,original,native,true,true,97,464,true,true,1d,absent,true,false,long_only,long_only,false,strategy,unspecified,spot,spot_long,spot,not_run,,,,561,historical_ledger,,runtime_full,provisional,mode and direction agree with static source evidence,sha256_6f446b83a7a7bd846907f072e936dc8b4d8785efb56bb6d8ba5b1abc1415c410
AdxSmas,AdxSmas:21c5d2067b68,AdxSmas,PeetCrypto/freqtrade-stuff,repos/PeetCrypto_freqtrade-stuff/AdxSmas.py,repos/PeetCrypto_freqtrade-stuff/AdxSmas.py,original,,,,,not_applicable,original,native,true,true,1530,5474,true,true,1h,absent,true,false,long_only,long_only,false,strategy,unspecified,spot,spot_long,spot,not_run,,,,7004,historical_ledger,,runtime_full,provisional,mode and direction agree with static source evidence,sha256_21c5d2067b687a0a3ee5badb191604ed9238f744ee64f959bf74537b50b5ab2b
AlligatorStrat,AlligatorStrat:0f9f93fc281f,AlligatorStrat,PeetCrypto/freqtrade-stuff,repos/PeetCrypto_freqtrade-stuff/AlligatorStrat.py,repos/PeetCrypto_freqtrade-stuff/AlligatorStrat.py,original,,,,,not_applicable,original,native,true,false,,,false,false,,absent,true,false,long_only,long_only,false,strategy,unspecified,spot,spot_long,,not_run,,,,,,,static_code,provisional,mode and direction agree with static source evidence,sha256_0f9f93fc281f3cbf43ca0cbda4d86f1ffe966b9bbdecc1d416ded40adf1b5cbb
AlligatorStrategy,AlligatorStrategy:f8dd6abec007,AlligatorStrategy,PeetCrypto/freqtrade-stuff,repos/PeetCrypto_freqtrade-stuff/AlligatorStrategy.py,repos/PeetCrypto_freqtrade-stuff/AlligatorStrategy.py,original,,,,,not_applicable,original,native,true,true,344,1495,true,true,1h,absent,true,false,long_only,long_only,false,strategy,unspecified,spot,spot_long,spot,not_run,,,,1839,historical_ledger,,runtime_full,provisional,mode and direction agree with static source evidence,sha256_f8dd6abec007914957b0f39f9f0f0b79b5f0d7059f5201a93b01306a91424592
Apollo11,Apollo11:94be9ac12c9e,Apollo11,PeetCrypto/freqtrade-stuff,repos/PeetCrypto_freqtrade-stuff/Apollo11 (1).py,repos/PeetCrypto_freqtrade-stuff/Apollo11 (1).py,original,,,,,not_applicable,original,native,true,true,1495,4883,true,true,15m,absent,true,false,long_only,long_only,false,strategy,unspecified,spot,spot_long,spot,not_run,,,,6378,historical_ledger,,runtime_full,provisional,mode and direction agree with static source evidence,sha256_94be9ac12c9e1004b38301dad4a84cf236700a81a7df96a0992c0262c943ba69
AutoArimaTripleV1,AutoArimaTripleV1:28658be5735d,AutoArimaTripleV1,PeetCrypto/freqtrade-stuff,repos/PeetCrypto_freqtrade-stuff/AutoArimaTripleV1.py,repos/PeetCrypto_freqtrade-stuff/AutoArimaTripleV1.py,original,,,,,not_applicable,original,native,true,false,,,false,false,5m,absent,true,false,long_only,long_only,false,strategy,unspecified,spot,spot_long,,not_run,,,,,,,static_code,provisional,mode and direction agree with static source evidence,sha256_28658be5735d28879c3f4aac0a7b46367308215d2f3291992cb2ac1e831056c9
AverageStrategy,AverageStrategy:de84f5e8ddc6,AverageStrategy,PeetCrypto/freqtrade-stuff,repos/PeetCrypto_freqtrade-stuff/AverageStrategy.py,repos/PeetCrypto_freqtrade-stuff/AverageStrategy.py,original,,,,,not_applicable,original,native,true,true,600,2275,true,true,4h,absent,true,false,long_only,long_only,false,strategy,unspecified,spot,spot_long,spot,not_run,,,,2875,historical_ledger,,runtime_full,provisional,mode and direction agree with static source evidence,sha256_de84f5e8ddc67cb03ef6b1f03e37bd94313ac0a448a096f29c6812721c692ed5
BBRSIOptimizedStrategy,BBRSIOptimizedStrategy:6665da53c362,BBRSIOptimizedStrategy,PeetCrypto/freqtrade-stuff,repos/PeetCrypto_freqtrade-stuff/BBRSIOptimizedStrategy.py,repos/PeetCrypto_freqtrade-stuff/BBRSIOptimizedStrategy.py,original,,,,,not_applicable,original,native,true,true,7183,25949,true,true,5m,absent,true,false,long_only,long_only,false,strategy,unspecified,spot,spot_long,spot,not_run,,,,33132,historical_ledger,,runtime_full,provisional,mode and direction agree with static source evidence,sha256_6665da53c36231abbe2495a3a8135044c50a5b36d5651eb547d4aab9ea2d84c0
BBRSITV,BBRSITV:c10374dfd4d5,BBRSITV,PeetCrypto/freqtrade-stuff,repos/PeetCrypto_freqtrade-stuff/BBRSITV.py,repos/PeetCrypto_freqtrade-stuff/BBRSITV.py,original,,,,,not_applicable,original,native,true,true,67,353,true,true,5m,absent,true,false,long_only,long_only,false,strategy,unspecified,spot,spot_long,spot,not_run,,,,420,historical_ledger,,runtime_full,provisional,mode and direction agree with static source evidence,sha256_c10374dfd4d59989196860d1cb22e5c95ccae160b3682dbb72b175cb8a47c3bf
BB_RPB_3c,BB_RPB_3c:9fef5712313e,BB_RPB_3c,PeetCrypto/freqtrade-stuff,repos/PeetCrypto_freqtrade-stuff/BB_RPB_3c.py,repos/PeetCrypto_freqtrade-stuff/BB_RPB_3c.py,original,,,,,not_applicable,original,native,true,false,,,false,false,5m,absent,true,false,long_only,long_only,false,strategy,unspecified,spot,spot_long,,not_run,,,,,,,static_code,provisional,mode and direction agree with static source evidence,sha256_9fef5712313e5b670656a376f97c6a3d4709734235bfc58b23611ac198397fac
BB_RPB_TSL,BB_RPB_TSL:875dd8fd2b6f,BB_RPB_TSL,PeetCrypto/freqtrade-stuff,repos/PeetCrypto_freqtrade-stuff/BB_RPB_TSL.py,repair/patched/repos/PeetCrypto_freqtrade-stuff/BB_RPB_TSL.py,repaired,class2,dead_np_where_dtype;param_missing_space,,,strict_equivalent,class2-overlay,native,true,false,,,false,false,5m,absent,true,false,long_only,long_only,false,strategy,unspecified,spot,spot_long,,not_run,,,,,freqai_result_card,,static_code,provisional,mode and direction agree with static source evidence,sha256_875dd8fd2b6fcbe88161034786f83f609327cbbd6ba4aea08c615f7e3eb4a6e9
BB_RPB_TSL_BIV1,BB_RPB_TSL_BIV1:b5d7bc12de5f,BB_RPB_TSL_BIV1,PeetCrypto/freqtrade-stuff,repos/PeetCrypto_freqtrade-stuff/BB_RPB_TSL_BI-v4_EWO2-v3.py,repair/patched/repos/PeetCrypto_freqtrade-stuff/BB_RPB_TSL_BI-v4_EWO2-v3.py,repaired,class2,dead_np_where_dtype;param_missing_space,,,strict_equivalent,class2-overlay,native,true,false,,,false,false,5m,absent,true,false,long_only,long_only,false,strategy,unspecified,spot,spot_long,,not_run,,,,,freqai_result_card,,static_code,provisional,mode and direction agree with static source evidence,sha256_b5d7bc12de5f2da4a520d17d2bdb012213b7b34f488e6b0532144f99d8840783
BB_RPB_TSL_BI,BB_RPB_TSL_BI:4af2eaa00931,BB_RPB_TSL_BI,PeetCrypto/freqtrade-stuff,repos/PeetCrypto_freqtrade-stuff/BB_RPB_TSL_BI.py,repair/patched/repos/PeetCrypto_freqtrade-stuff/BB_RPB_TSL_BI.py,repaired,class2,dead_np_where_dtype;param_missing_space,,,strict_equivalent,class2-overlay,native,true,false,,,false,false,5m,absent,true,false,long_only,long_only,false,strategy,unspecified,spot,spot_long,,not_run,,,,,freqai_result_card,,static_code,provisional,mode and direction agree with static source evidence,sha256_4af2eaa00931dad682ec6365206eef6e1c3c19d8ce969abe487af850b16182e7
BB_RPB_TSL_RNG,BB_RPB_TSL_RNG:841148b7f976,BB_RPB_TSL_RNG,PeetCrypto/freqtrade-stuff,repos/PeetCrypto_freqtrade-stuff/BB_RPB_TSL_RNG.py,repos/PeetCrypto_freqtrade-stuff/BB_RPB_TSL_RNG.py,original,,,,,not_applicable,original,native,true,true,101,677,true,true,5m,absent,true,false,long_only,long_only,false,strategy,unspecified,spot,spot_long,spot,not_run,,,,778,historical_ledger,,runtime_full,provisional,mode and direction agree with static source evidence,sha256_841148b7f976afeebb82d91feb1428f1a8c9e26e9e74257ab658ef90e9f5104b
BB_RPB_TSL_RNG_TBS,BB_RPB_TSL_RNG_TBS:9b4f2bf2615e,BB_RPB_TSL_RNG_TBS,PeetCrypto/freqtrade-stuff,repos/PeetCrypto_freqtrade-stuff/BB_RPB_TSL_RNG_TBS.py,repos/PeetCrypto_freqtrade-stuff/BB_RPB_TSL_RNG_TBS.py,original,,,,,not_applicable,original,native,true,true,101,677,true,true,5m,absent,true,false,long_only,long_only,false,strategy,unspecified,spot,spot_long,spot,not_run,,,,778,historical_ledger,,runtime_full,provisional,mode and direction agree with static source evidence,sha256_9b4f2bf2615eaf990d77f698cd94ccf88507c718387a0240fcc11b33a8eaace6
BB_RPB_TSL_RNG_TBS_GOLD,BB_RPB_TSL_RNG_TBS_GOLD:2618c192ea74,BB_RPB_TSL_RNG_TBS_GOLD,PeetCrypto/freqtrade-stuff,repos/PeetCrypto_freqtrade-stuff/BB_RPB_TSL_RNG_TBS_GOLD (2).py,repos/PeetCrypto_freqtrade-stuff/BB_RPB_TSL_RNG_TBS_GOLD (2).py,original,,,,,not_applicable,original,native,true,true,117,852,true,true,5m,absent,true,false,long_only,long_only,false,strategy,unspecified,spot,spot_long,spot,not_run,,,,969,historical_ledger,,runtime_full,provisional,mode and direction agree with static source evidence,sha256_2618c192ea74e925aacd62b5edaa23ffb39b5a69e3b0c73145e43862d814c6b5
BB_RPB_TSL_SMA_Tranz,BB_RPB_TSL_SMA_Tranz:f0029fe193f5,BB_RPB_TSL_SMA_Tranz,PeetCrypto/freqtrade-stuff,repos/PeetCrypto_freqtrade-stuff/BB_RPB_TSL_SMA_Tranz_1_5_2_MAIN (10).py,repair/patched/repos/PeetCrypto_freqtrade-stuff/BB_RPB_TSL_SMA_Tranz_1_5_2_MAIN (10).py,repaired,class2,dead_np_where_dtype,,,strict_equivalent,class2-overlay,native,true,false,,,false,false,5m,absent,true,false,long_only,long_only,false,strategy,unspecified,spot,spot_long,,not_run,,,,,freqai_result_card,,static_code,provisional,mode and direction agree with static source evidence,sha256_f0029fe193f580b915194577f8fd0253e4026cabccec0bbe0e8d59690b49b1a5
BB_RSI,BB_RSI:8fc62c11510d,BB_RSI,PeetCrypto/freqtrade-stuff,repos/PeetCrypto_freqtrade-stuff/BB_RSI.py,repos/PeetCrypto_freqtrade-stuff/BB_RSI.py,original,,,,,not_applicable,original,native,true,false,,,false,false,,absent,true,false,long_only,long_only,false,strategy,unspecified,spot,spot_long,,not_run,,,,,,,static_code,provisional,mode and direction agree with static source evidence,sha256_8fc62c11510d164c3f7ea31f204887aafc9c4e90aeb70de02b6318489a06144c
BB_Strategy04,BB_Strategy04:2a6015204750,BB_Strategy04,PeetCrypto/freqtrade-stuff,repos/PeetCrypto_freqtrade-stuff/BB_Strategy04.py,repos/PeetCrypto_freqtrade-stuff/BB_Strategy04.py,original,,,,,not_applicable,original,native,true,false,,,false,false,,absent,true,false,long_only,long_only,false,strategy,unspecified,spot,spot_long,,not_run,,,,,,,static_code,provisional,mode and direction agree with static source evidence,sha256_2a60152047507d01ec617d944460eb917df2c308c9d94c629e48e4d94a2dfc4d
BBands,BBands:6cffd3840a23,BBands,PeetCrypto/freqtrade-stuff,repos/PeetCrypto_freqtrade-stuff/BBands.py,repos/PeetCrypto_freqtrade-stuff/BBands.py,repaired,class1,environment_compatibility,,,strict_equivalent,original+compatibility-environment,native,true,false,14708,,false,true,1m,absent,true,false,long_only,long_only,false,strategy,unspecified,spot,spot_long,spot,not_run,,,,7063,class1_result_card,,static_code,provisional,mode and direction agree with static source evidence,sha256_6cffd3840a230fdb95e08ec684fc26ed0050fa58f2c7daba56cbafbd2c7c0e85
BBandsRSI,BBandsRSI:23f70d40e77a,BBandsRSI,PeetCrypto/freqtrade-stuff,repos/PeetCrypto_freqtrade-stuff/BBandsRSI.py,repos/PeetCrypto_freqtrade-stuff/BBandsRSI.py,original,,,,,not_applicable,original,native,true,true,10159,14525,true,true,5m,absent,true,false,long_only,long_only,false,strategy,unspecified,spot,spot_long,spot,not_run,,,,24684,historical_ledger,,runtime_full,provisional,mode and direction agree with static source evidence,sha256_23f70d40e77aa75d565600ecd44c6319d24532b46f0b3ba56d52ada3c108d766
BbRoi,BbRoi:220417917186,BbRoi,PeetCrypto/freqtrade-stuff,repos/PeetCrypto_freqtrade-stuff/BbRoi.py,repos/PeetCrypto_freqtrade-stuff/BbRoi.py,original,,,,,not_applicable,original,native,true,false,,,false,false,,absent,true,false,long_only,long_only,false,strategy,unspecified,spot,spot_long,,not_run,,,,,,,static_code,provisional,mode and direction agree with static source evidence,sha256_2204179171867e3893c9a61eaa7c4a6e438ec214c617f389d95a99fde4d289ef
BbandRsi,BbandRsi:90324695a35b,BbandRsi,PeetCrypto/freqtrade-stuff,repos/PeetCrypto_freqtrade-stuff/BbandRsi.py,repos/PeetCrypto_freqtrade-stuff/BbandRsi.py,repaired,class1,environment_compatibility,,,strict_equivalent,original+compatibility-environment,native,true,false,9276,,false,true,1m,absent,true,false,long_only,long_only,false,strategy,unspecified,spot,spot_long,spot,not_run,,,,16106,class1_result_card,,static_code,provisional,mode and direction agree with static source evidence,sha256_90324695a35b696fb82415ff9e33c332981cca9c90c57b21183f2f4925cf563f
BbandRsiRolling,BbandRsiRolling:5e85e7186701,BbandRsiRolling,PeetCrypto/freqtrade-stuff,repos/PeetCrypto_freqtrade-stuff/BbandRsiRolling.py,repos/PeetCrypto_freqtrade-stuff/BbandRsiRolling.py,original,,,,,not_applicable,original,native,true,true,3841,14075,true,true,5m,absent,true,false,long_only,long_only,false,strategy,unspecified,spot,spot_long,spot,not_run,,,,17916,historical_ledger,,runtime_full,provisional,mode and direction agree with static source evidence,sha256_5e85e7186701e649036bf656328ddfc3bb071f1a0918247eff21ef2af05d8e03
BcmbigzDevelop,BcmbigzDevelop:b299be1e149d,BcmbigzDevelop,PeetCrypto/freqtrade-stuff,repos/PeetCrypto_freqtrade-stuff/BcmbigzDevelop (1).py,repos/PeetCrypto_freqtrade-stuff/BcmbigzDevelop (1).py,original,,,,,not_applicable,original,native,true,false,,,false,false,5m,absent,true,false,long_only,long_only,false,strategy,unspecified,spot,spot_long,,not_run,,,,,,,static_code,provisional,mode and direction agree with static source evidence,sha256_b299be1e149dce3a081ae166e03e5c73cbeee93cf59a3f0569787b5fcdce73fe
BcmbigzV1,BcmbigzV1:bdf457464be5,BcmbigzV1,PeetCrypto/freqtrade-stuff,repos/PeetCrypto_freqtrade-stuff/BcmbigzV1 (1).py,repos/PeetCrypto_freqtrade-stuff/BcmbigzV1 (1).py,original,,,,,not_applicable,original,native,true,true,367,1086,true,true,5m,absent,true,false,long_only,long_only,false,strategy,unspecified,spot,spot_long,spot,not_run,,,,1453,historical_ledger,,runtime_full,provisional,mode and direction agree with static source evidence,sha256_bdf457464be5b1b864c0964a89c3ea78ed6b008a1b5c8b15d21aa339cfa43c04
BeastBotXBLR6,BeastBotXBLR6:6d69bee2722b,BeastBotXBLR6,PeetCrypto/freqtrade-stuff,repos/PeetCrypto_freqtrade-stuff/BeastBotXBLR6.py,repos/PeetCrypto_freqtrade-stuff/BeastBotXBLR6.py,original,,,,,not_applicable,original,native,true,true,116,519,true,true,5m,absent,true,false,long_only,long_only,false,strategy,unspecified,spot,spot_long,spot,not_run,,,,635,historical_ledger,,runtime_full,provisional,mode and direction agree with static source evidence,sha256_6d69bee2722b22a9bd194e8ee1c55b3f0c16dd2c2f7269d9278126f4e654178a
BeastBotXBLR7,BeastBotXBLR7:04d791eadbd1,BeastBotXBLR7,PeetCrypto/freqtrade-stuff,repos/PeetCrypto_freqtrade-stuff/BeastBotXBLR7.py,repos/PeetCrypto_freqtrade-stuff/BeastBotXBLR7.py,original,,,,,not_applicable,original,native,true,true,111,458,true,true,5m,absent,true,false,long_only,long_only,false,strategy,unspecified,spot,spot_long,spot,not_run,,,,569,historical_ledger,,runtime_full,provisional,mode and direction agree with static source evidence,sha256_04d791eadbd11bf7f621e419b78226ad058e6ffb9afa0c9d0a74c036b575029a
BigZ04,BigZ04:94482f9f9aca,BigZ04,PeetCrypto/freqtrade-stuff,repos/PeetCrypto_freqtrade-stuff/BigZ04.py,repos/PeetCrypto_freqtrade-stuff/BigZ04.py,original,,,,,not_applicable,original,native,true,true,359,954,true,true,5m,absent,true,false,long_only,long_only,false,strategy,unspecified,spot,spot_long,spot,not_run,,,,1313,historical_ledger,,runtime_full,provisional,mode and direction agree with static source evidence,sha256_94482f9f9acaa70d694756cb6ef25a9a0d317aa63381f484ce00f7eb36723655
BigZ04_TSL3,BigZ04_TSL3:49aae7693602,BigZ04_TSL3,PeetCrypto/freqtrade-stuff,repos/PeetCrypto_freqtrade-stuff/BigZ04_TSL3.py,repos/PeetCrypto_freqtrade-stuff/BigZ04_TSL3.py,original,,,,,not_applicable,original,native,true,true,456,1187,true,true,5m,absent,true,false,long_only,long_only,false,strategy,unspecified,spot,spot_long,spot,not_run,,,,1643,historical_ledger,,runtime_full,provisional,mode and direction agree with static source evidence,sha256_49aae769360226b3ae0115efa042afa218717141e9141ad618954fc14e7d3bbf
BinClucMadDevelop,BinClucMadDevelop:89456c771a80,BinClucMadDevelop,PeetCrypto/freqtrade-stuff,repos/PeetCrypto_freqtrade-stuff/BinClucMadDevelop.py,repos/PeetCrypto_freqtrade-stuff/BinClucMadDevelop.py,original,,,,,not_applicable,original,native,true,false,,,false,false,5m,absent,true,false,long_only,long_only,false,strategy,unspecified,spot,spot_long,,not_run,,,,,,,static_code,provisional,mode and direction agree with static source evidence,sha256_89456c771a8077340dd6f115e7e3b6fa0468799d6cba0243dd0b94b55c1f23b9
CoreStrategy,CoreStrategy:12335f6e4b6d,CoreStrategy,PeetCrypto/freqtrade-stuff,repos/PeetCrypto_freqtrade-stuff/BinClucMadSMACore.py,repos/PeetCrypto_freqtrade-stuff/BinClucMadSMACore.py,original,,,,,not_applicable,original,native,true,false,,,false,false,5m,absent,true,false,long_only,long_only,false,strategy,unspecified,spot,spot_long,,not_run,,,,,,,static_code,provisional,mode and direction agree with static source evidence,sha256_12335f6e4b6ddc332987ffd9f108f52b0c95e0f049b1b6b6524a8cedea8ab617
BinHV27,BinHV27:62b8250f065c,BinHV27,PeetCrypto/freqtrade-stuff,repos/PeetCrypto_freqtrade-stuff/BinHV27.py,repos/PeetCrypto_freqtrade-stuff/BinHV27.py,original,,,,,not_applicable,original,native,true,true,2571,8932,true,true,5m,absent,true,false,long_only,long_only,false,strategy,unspecified,spot,spot_long,spot,not_run,,,,11503,historical_ledger,,runtime_full,provisional,mode and direction agree with static source evidence,sha256_62b8250f065c4767b639e129bbb7e778db8715558db6b0a8bb5570bf4a00ae25
BlueEyes_MPP_v1,BlueEyes_MPP_v1:76b7b90abb59,BlueEyes_MPP_v1,PeetCrypto/freqtrade-stuff,repos/PeetCrypto_freqtrade-stuff/BlueEyes_MPP_v1.py,repos/PeetCrypto_freqtrade-stuff/BlueEyes_MPP_v1.py,original,,,,,not_applicable,original,native,true,false,,,false,false,5m,absent,true,false,long_only,long_only,false,strategy,unspecified,spot,spot_long,,not_run,,,,,,,static_code,provisional,mode and direction agree with static source evidence,sha256_76b7b90abb59077319d6172d3e6c2bf695d9e1e3a314348bfeefce0a53461dff
BreakEven,BreakEven:8ebcd502377e,BreakEven,PeetCrypto/freqtrade-stuff,repos/PeetCrypto_freqtrade-stuff/BreakEven.py,repos/PeetCrypto_freqtrade-stuff/BreakEven.py,original,,,,,not_applicable,original,native,true,false,,,false,false,5m,absent,true,false,long_only,long_only,false,strategy,unspecified,spot,spot_long,,not_run,,,,,,,static_code,provisional,mode and direction agree with static source evidence,sha256_8ebcd502377eeaeb73c5831c5bac745ef373c21d3e821bef760f6338a4c6b031
BuyAllSellAllStrategy,BuyAllSellAllStrategy:26ef4042d8ca,BuyAllSellAllStrategy,PeetCrypto/freqtrade-stuff,repos/PeetCrypto_freqtrade-stuff/BuyAllSellAllStrategy.py,repos/PeetCrypto_freqtrade-stuff/BuyAllSellAllStrategy.py,original,,,,,not_applicable,original,native,true,true,13533,13509,true,true,5m,absent,true,false,long_only,long_only,false,strategy,unspecified,spot,spot_long,spot,not_run,,,,27042,historical_ledger,,runtime_full,provisional,mode and direction agree with static source evidence,sha256_26ef4042d8ca097aa8e2925716eb308e43e1515313b058b7953fdc8873e2320f
CCIStrategy,CCIStrategy:b0c297deb321,CCIStrategy,PeetCrypto/freqtrade-stuff,repos/PeetCrypto_freqtrade-stuff/CCIStrategy.py,repos/PeetCrypto_freqtrade-stuff/CCIStrategy.py,original,,,,,not_applicable,original,native,true,true,2468,9880,true,true,1m,absent,true,false,long_only,long_only,false,strategy,unspecified,spot,spot_long,spot,not_run,,,,12348,historical_ledger,,runtime_full,provisional,mode and direction agree with static source evidence,sha256_b0c297deb3216a1a708150f784bd57808d3297ab79daceec6035fbd7bfc469f7
CMCWinner,CMCWinner:3cf873558c07,CMCWinner,PeetCrypto/freqtrade-stuff,repos/PeetCrypto_freqtrade-stuff/CMCWinner.py,repos/PeetCrypto_freqtrade-stuff/CMCWinner.py,original,,,,,not_applicable,original,native,true,true,1633,4999,true,true,15m,absent,true,false,long_only,long_only,false,strategy,unspecified,spot,spot_long,spot,not_run,,,,6632,historical_ledger,,runtime_full,provisional,mode and direction agree with static source evidence,sha256_3cf873558c07dc8a5fbf9c9fdf59d0ead8dc4da6ea649f8060a1194b199180cc
Chained,Chained:8a12dc00a307,Chained,PeetCrypto/freqtrade-stuff,repos/PeetCrypto_freqtrade-stuff/Chained.py,repos/PeetCrypto_freqtrade-stuff/Chained.py,original,,,,,not_applicable,original,native,true,false,,,false,false,,absent,true,false,long_only,long_only,false,strategy,unspecified,spot,spot_long,,not_run,,,,,,,static_code,provisional,mode and direction agree with static source evidence,sha256_8a12dc00a307be2d84e7d5f4becbc5feded6b1fa6971e0b20035300e77e73b0f
Chispei,Chispei:f16650c34f6c,Chispei,PeetCrypto/freqtrade-stuff,repos/PeetCrypto_freqtrade-stuff/Chispei.py,repos/PeetCrypto_freqtrade-stuff/Chispei.py,original,,,,,not_applicable,original,native,true,false,,,false,false,,absent,true,false,long_only,long_only,false,strategy,unspecified,spot,spot_long,,not_run,,,,,,,static_code,provisional,mode and direction agree with static source evidence,sha256_f16650c34f6cf81132cb77b103fe353e9440aae88987d1e6fe78e0866fcf2704
Cluc4werk,Cluc4werk:9f4e7aaa4084,Cluc4werk,PeetCrypto/freqtrade-stuff,repos/PeetCrypto_freqtrade-stuff/Cluc4werk.py,repos/PeetCrypto_freqtrade-stuff/Cluc4werk.py,original,,,,,not_applicable,original,native,true,true,522,2747,true,true,1m,absent,true,false,long_only,long_only,false,strategy,unspecified,spot,spot_long,spot,not_run,,,,3269,historical_ledger,,runtime_full,provisional,mode and direction agree with static source evidence,sha256_9f4e7aaa40846e3c79b5dd4de309f60ab600cd8cf2e0e826b4e8e600acce9b51
Cluc5werk,Cluc5werk:177d8129f421,Cluc5werk,PeetCrypto/freqtrade-stuff,repos/PeetCrypto_freqtrade-stuff/Cluc5werk.py,repos/PeetCrypto_freqtrade-stuff/Cluc5werk.py,original,,,,,not_applicable,original,native,true,true,466,1744,true,true,1m,absent,true,false,long_only,long_only,false,strategy,unspecified,spot,spot_long,spot,not_run,,,,2210,historical_ledger,,runtime_full,provisional,mode and direction agree with static source evidence,sha256_177d8129f4219afa755c5564398eae4385f679ef66a3627c31e22281ab1dd66d
Cluc7werk,Cluc7werk:ab01a4950e79,Cluc7werk,PeetCrypto/freqtrade-stuff,repos/PeetCrypto_freqtrade-stuff/Cluc7werk.py,repos/PeetCrypto_freqtrade-stuff/Cluc7werk.py,repaired,class1,environment_compatibility,,,strict_equivalent,original+compatibility-environment,native,true,false,303,,false,true,1m,absent,true,false,long_only,long_only,false,strategy,unspecified,spot,spot_long,spot,not_run,,,,1719,class1_result_card,,static_code,provisional,mode and direction agree with static source evidence,sha256_ab01a4950e79cc9ff627cd46c5e1b467894cf8bf154e27e9008ec99087f289c9
ClucCrypROI,ClucCrypROI:34f2adcd1b6c,ClucCrypROI,PeetCrypto/freqtrade-stuff,repos/PeetCrypto_freqtrade-stuff/ClucCrypROI.py,repos/PeetCrypto_freqtrade-stuff/ClucCrypROI.py,original,,,,,not_applicable,original,native,true,false,,,false,false,,absent,true,false,long_only,long_only,false,strategy,unspecified,spot,spot_long,,not_run,,,,,,,static_code,provisional,mode and direction agree with static source evidence,sha256_34f2adcd1b6cf7bc31d4113c4abb83a077bf1ba98409669681271e3525da3508
ClucCrypSlow,ClucCrypSlow:2d6888947f19,ClucCrypSlow,PeetCrypto/freqtrade-stuff,repos/PeetCrypto_freqtrade-stuff/ClucCrypSlow (1).py,repos/PeetCrypto_freqtrade-stuff/ClucCrypSlow (1).py,original,,,,,not_applicable,original,native,true,false,,,false,false,,absent,true,false,long_only,long_only,false,strategy,unspecified,spot,spot_long,,not_run,,,,,,,static_code,provisional,mode and direction agree with static source evidence,sha256_2d6888947f19f2ac3cf84d07cb792d6d00dc3c93a1ec7939f8590472f407f2d8
ClucFiatROI,ClucFiatROI:8373aa7b2eb7,ClucFiatROI,PeetCrypto/freqtrade-stuff,repos/PeetCrypto_freqtrade-stuff/ClucFiatROI.py,repos/PeetCrypto_freqtrade-stuff/ClucFiatROI.py,original,,,,,not_applicable,original,native,true,true,1292,4734,true,true,5m,absent,true,false,long_only,long_only,false,strategy,unspecified,spot,spot_long,spot,not_run,,,,6026,historical_ledger,,runtime_full,provisional,mode and direction agree with static source evidence,sha256_8373aa7b2eb7606bf477bd7c5dd28ad462a3959321ef4546632576fe57b8365a
ClucFiatSlow,ClucFiatSlow:e4f094baf517,ClucFiatSlow,PeetCrypto/freqtrade-stuff,repos/PeetCrypto_freqtrade-stuff/ClucFiatSlow.py,repos/PeetCrypto_freqtrade-stuff/ClucFiatSlow.py,original,,,,,not_applicable,original,native,true,true,1292,4734,true,true,5m,absent,true,false,long_only,long_only,false,strategy,unspecified,spot,spot_long,spot,not_run,,,,6026,historical_ledger,,runtime_full,provisional,mode and direction agree with static source evidence,sha256_e4f094baf5174fb7fc04a44eba80dd25cf400d85774c75749681361836f78811
ClucHAnix,ClucHAnix:acdf6026a23b,ClucHAnix,PeetCrypto/freqtrade-stuff,repos/PeetCrypto_freqtrade-stuff/ClucHAnix (3).py,repos/PeetCrypto_freqtrade-stuff/ClucHAnix (3).py,repaired,class1,environment_compatibility,,,strict_equivalent,original+compatibility-environment,native,true,false,598,,false,true,1m,absent,true,false,long_only,long_only,false,strategy,unspecified,spot,spot_long,spot,not_run,,,,480,class1_result_card,,static_code,provisional,mode and direction agree with static source evidence,sha256_acdf6026a23b5c3ff1748c1aed5f5d5160ef7392f7dadb12a7adb3d025414b88
ClucHAnix_5m1,ClucHAnix_5m1:b360b019fc39,ClucHAnix_5m1,PeetCrypto/freqtrade-stuff,repos/PeetCrypto_freqtrade-stuff/ClucHAnix 5m trailbuy2 + BBRSIV5 offsets.py,repos/PeetCrypto_freqtrade-stuff/ClucHAnix 5m trailbuy2 + BBRSIV5 offsets.py,original,,,,,not_applicable,original,native,true,true,673,2376,true,true,5m,absent,true,false,long_only,long_only,false,strategy,unspecified,spot,spot_long,spot,not_run,,,,3049,historical_ledger,,runtime_full,provisional,mode and direction agree with static source evidence,sha256_b360b019fc39aa4b21ec35e88f75d9db03536aa79aeae24f4c30976bd109492b
ClucHAnix_5m,ClucHAnix_5m:1d891b45265a,ClucHAnix_5m,PeetCrypto/freqtrade-stuff,repos/PeetCrypto_freqtrade-stuff/ClucHAnix_5m.py,repos/PeetCrypto_freqtrade-stuff/ClucHAnix_5m.py,original,,,,,not_applicable,original,native,true,true,644,2190,true,true,5m,absent,true,false,long_only,long_only,false,strategy,unspecified,spot,spot_long,spot,not_run,,,,2834,historical_ledger,,runtime_full,provisional,mode and direction agree with static source evidence,sha256_1d891b45265a8a5df63254fe980f016e2a5bae7573bc178b3c0c7b9c3c10921a
ClucHAnix_BB_RPB,ClucHAnix_BB_RPB:364e1b08627a,ClucHAnix_BB_RPB,PeetCrypto/freqtrade-stuff,repos/PeetCrypto_freqtrade-stuff/ClucHAnix_BB_RPB.py,repos/PeetCrypto_freqtrade-stuff/ClucHAnix_BB_RPB.py,original,,,,,not_applicable,original,native,true,false,1018,,false,false,1m,absent,true,false,long_only,long_only,false,strategy,unspecified,spot,spot_long,,not_run,,,,,,,static_code,provisional,mode and direction agree with static source evidence,sha256_364e1b08627adf540c31da9048ff8804e5d746a34e0efbc7cd50b1441388471b
ClucHAnix_BB_RPB_HO2,ClucHAnix_BB_RPB_HO2:634a4ca04069,ClucHAnix_BB_RPB_HO2,PeetCrypto/freqtrade-stuff,repos/PeetCrypto_freqtrade-stuff/ClucHAnix_BB_RPB_HO2.py,repos/PeetCrypto_freqtrade-stuff/ClucHAnix_BB_RPB_HO2.py,original,,,,,not_applicable,original,native,true,false,,,false,false,1m,absent,true,false,long_only,long_only,false,strategy,unspecified,spot,spot_long,,not_run,,,,,,,static_code,provisional,mode and direction agree with static source evidence,sha256_634a4ca04069dedc56dd259e88e43d044524d93c8eb5e195162dc154691c51dc
ClucHAnix_BB_RPB_MOD,ClucHAnix_BB_RPB_MOD:80a156eb3105,ClucHAnix_BB_RPB_MOD,PeetCrypto/freqtrade-stuff,repos/PeetCrypto_freqtrade-stuff/ClucHAnix_BB_RPB_MOD.py,repos/PeetCrypto_freqtrade-stuff/ClucHAnix_BB_RPB_MOD.py,original,,,,,not_applicable,original,native,true,false,826,,false,false,1m,absent,true,false,long_only,long_only,false,strategy,unspecified,spot,spot_long,,not_run,,,,,,,static_code,provisional,mode and direction agree with static source evidence,sha256_80a156eb3105ea33725315d38f9003a97cdc8e033a9426a03b7a6b03cffbe4f5
ClucHAnix5m,ClucHAnix5m:c953429441da,ClucHAnix5m,PeetCrypto/freqtrade-stuff,repos/PeetCrypto_freqtrade-stuff/ClucHAnix_BB_RPB_MOD_E0V1E_DYNAMIC_TB (1).py,repos/PeetCrypto_freqtrade-stuff/ClucHAnix_BB_RPB_MOD_E0V1E_DYNAMIC_TB (1).py,original,,,,,not_applicable,original,native,true,false,,,false,false,5m,absent,true,false,long_only,long_only,false,strategy,unspecified,spot,spot_long,,not_run,,,,,,,static_code,provisional,mode and direction agree with static source evidence,sha256_c953429441da55c01b6d814848099ea0719997ba76f01d362e64ebfd36323c62
ClucHAnix_BB_RPB_MOD_trailing_buy,ClucHAnix_BB_RPB_MOD_trailing_buy:008305386e9f,ClucHAnix_BB_RPB_MOD_trailing_buy,PeetCrypto/freqtrade-stuff,repos/PeetCrypto_freqtrade-stuff/ClucHAnix_BB_RPB_MOD_trailing_buy.py,repos/PeetCrypto_freqtrade-stuff/ClucHAnix_BB_RPB_MOD_trailing_buy.py,original,,,,,not_applicable,original,native,true,false,,,false,false,5m,absent,true,false,long_only,long_only,false,strategy,unspecified,spot,spot_long,,not_run,,,,,,,static_code,provisional,mode and direction agree with static source evidence,sha256_008305386e9f644836f71b3ea89e31d90e1fc99cfc59e96387c6e08f32289065
ClucHAnix_hhll,ClucHAnix_hhll:fc4bbf923d0a,ClucHAnix_hhll,PeetCrypto/freqtrade-stuff,repos/PeetCrypto_freqtrade-stuff/ClucHAnix_hhll (1).py,repos/PeetCrypto_freqtrade-stuff/ClucHAnix_hhll (1).py,original,,,,,not_applicable,original,native,true,true,467,1811,true,true,5m,absent,true,false,long_only,long_only,false,strategy,unspecified,spot,spot_long,spot,not_run,,,,2278,historical_ledger,,runtime_full,provisional,mode and direction agree with static source evidence,sha256_fc4bbf923d0a27d11ad305d0b8ff7ed4f916338a6b0fa760993819bcddcf264f
ClucHAwerk,ClucHAwerk:57f7650eee2e,ClucHAwerk,PeetCrypto/freqtrade-stuff,repos/PeetCrypto_freqtrade-stuff/ClucHAwerk.py,repos/PeetCrypto_freqtrade-stuff/ClucHAwerk.py,repaired,class1,environment_compatibility,,,strict_equivalent,original+compatibility-environment,native,true,false,2575,,false,true,1m,absent,true,false,long_only,long_only,false,strategy,unspecified,spot,spot_long,spot,not_run,,,,2183,class1_result_card,,static_code,provisional,mode and direction agree with static source evidence,sha256_57f7650eee2ec4041179843a55ffd4f3c20d55fdceb66146948b2e06455a9ef4
ClucMay72018,ClucMay72018:8318baa109a4,ClucMay72018,PeetCrypto/freqtrade-stuff,repos/PeetCrypto_freqtrade-stuff/ClucMay72018.py,repos/PeetCrypto_freqtrade-stuff/ClucMay72018.py,original,,,,,not_applicable,original,native,true,true,598,1909,true,true,5m,absent,true,false,long_only,long_only,false,strategy,unspecified,spot,spot_long,spot,not_run,,,,2507,historical_ledger,,runtime_full,provisional,mode and direction agree with static source evidence,sha256_8318baa109a49169a5d0bdcc97c22a3423be09d491bfb310654f64ee200deeaa
CofiBitStrategy,CofiBitStrategy:22bda2594f7f,CofiBitStrategy,PeetCrypto/freqtrade-stuff,repos/PeetCrypto_freqtrade-stuff/CofiBitStrategy.py,repos/PeetCrypto_freqtrade-stuff/CofiBitStrategy.py,original,,,,,not_applicable,original,native,true,true,7429,20015,true,true,5m,absent,true,false,long_only,long_only,false,strategy,unspecified,spot,spot_long,spot,not_run,,,,27444,historical_ledger,,runtime_full,provisional,mode and direction agree with static source evidence,sha256_22bda2594f7f47d818269b4edfab953f1d8c7f26369d9087679a235292531f65
CombinedBinHAndCluc,CombinedBinHAndCluc:ac3ab1a70862,CombinedBinHAndCluc,PeetCrypto/freqtrade-stuff,repos/PeetCrypto_freqtrade-stuff/CombinedBinHAndCluc.py,repos/PeetCrypto_freqtrade-stuff/CombinedBinHAndCluc.py,original,,,,,not_applicable,original,native,true,true,865,2675,true,true,5m,absent,true,false,long_only,long_only,false,strategy,unspecified,spot,spot_long,spot,not_run,,,,3540,historical_ledger,,runtime_full,provisional,mode and direction agree with static source evidence,sha256_ac3ab1a70862fbf66c26955ede2925469b4d4336d34c964cd2f037f01a66d3ac
CombinedBinHAndCluc2021,CombinedBinHAndCluc2021:f3fed45418a9,CombinedBinHAndCluc2021,PeetCrypto/freqtrade-stuff,repos/PeetCrypto_freqtrade-stuff/CombinedBinHAndCluc2021.py,repos/PeetCrypto_freqtrade-stuff/CombinedBinHAndCluc2021.py,original,,,,,not_applicable,original,native,true,true,852,2445,true,true,5m,absent,true,false,long_only,long_only,false,strategy,unspecified,spot,spot_long,spot,not_run,,,,3297,historical_ledger,,runtime_full,provisional,mode and direction agree with static source evidence,sha256_f3fed45418a98317fd2c1f81658fe3991e323b30a2b7e98f6f81a9200d953e33
CombinedBinHAndCluc2021Bull,CombinedBinHAndCluc2021Bull:1e9664a5c649,CombinedBinHAndCluc2021Bull,PeetCrypto/freqtrade-stuff,repos/PeetCrypto_freqtrade-stuff/CombinedBinHAndCluc2021Bull.py,repos/PeetCrypto_freqtrade-stuff/CombinedBinHAndCluc2021Bull.py,original,,,,,not_applicable,original,native,true,true,946,2930,true,true,5m,absent,true,false,long_only,long_only,false,strategy,unspecified,spot,spot_long,spot,not_run,,,,3876,historical_ledger,,runtime_full,provisional,mode and direction agree with static source evidence,sha256_1e9664a5c6494319cec70e7d76d7e5518b6b349e1b082c45c46d0efff8c44bc4
CombinedBinHAndClucV2,CombinedBinHAndClucV2:df6a01ba2c9a,CombinedBinHAndClucV2,PeetCrypto/freqtrade-stuff,repos/PeetCrypto_freqtrade-stuff/CombinedBinHAndClucV2.py,repos/PeetCrypto_freqtrade-stuff/CombinedBinHAndClucV2.py,original,,,,,not_applicable,original,native,true,true,207,521,true,true,5m,absent,true,false,long_only,long_only,false,strategy,unspecified,spot,spot_long,spot,not_run,,,,728,historical_ledger,,runtime_full,provisional,mode and direction agree with static source evidence,sha256_df6a01ba2c9a56db7efba13ecae0e224fb93cc8c90f5798b471cd18fb1d63d76
CombinedBinHAndClucV4,CombinedBinHAndClucV4:5b63903cd9dc,CombinedBinHAndClucV4,PeetCrypto/freqtrade-stuff,repos/PeetCrypto_freqtrade-stuff/CombinedBinHAndClucV4.py,repos/PeetCrypto_freqtrade-stuff/CombinedBinHAndClucV4.py,original,,,,,not_applicable,original,native,true,true,793,2172,true,true,5m,absent,true,false,long_only,long_only,false,strategy,unspecified,spot,spot_long,spot,not_run,,,,2965,historical_ledger,,runtime_full,provisional,mode and direction agree with static source evidence,sha256_5b63903cd9dcc6419d511da922aefd58ee23ad6e44995e271b3562646b0ecf93
CombinedBinHAndClucV5,CombinedBinHAndClucV5:4b0ae1dd6e31,CombinedBinHAndClucV5,PeetCrypto/freqtrade-stuff,repos/PeetCrypto_freqtrade-stuff/CombinedBinHAndClucV5.py,repos/PeetCrypto_freqtrade-stuff/CombinedBinHAndClucV5.py,original,,,,,not_applicable,original,native,true,true,797,2188,true,true,5m,absent,true,false,long_only,long_only,false,strategy,unspecified,spot,spot_long,spot,not_run,,,,2985,historical_ledger,,runtime_full,provisional,mode and direction agree with static source evidence,sha256_4b0ae1dd6e31a516f2380416a63f3b16c60ebadc2d03f64a8ebbc827bd4ab197
CombinedBinHAndClucV6,CombinedBinHAndClucV6:7ee4bea1ad00,CombinedBinHAndClucV6,PeetCrypto/freqtrade-stuff,repos/PeetCrypto_freqtrade-stuff/CombinedBinHAndClucV6.py,repos/PeetCrypto_freqtrade-stuff/CombinedBinHAndClucV6.py,original,,,,,not_applicable,original,native,true,true,405,1319,true,true,5m,absent,true,false,long_only,long_only,false,strategy,unspecified,spot,spot_long,spot,not_run,,,,1724,historical_ledger,,runtime_full,provisional,mode and direction agree with static source evidence,sha256_7ee4bea1ad004c61766a9ff303e0510ea2c100a7d324038b2a14899ede369a45
CombinedBinHAndClucV6H,CombinedBinHAndClucV6H:fe550b05a056,CombinedBinHAndClucV6H,PeetCrypto/freqtrade-stuff,repos/PeetCrypto_freqtrade-stuff/CombinedBinHAndClucV6H.py,repos/PeetCrypto_freqtrade-stuff/CombinedBinHAndClucV6H.py,original,,,,,not_applicable,original,native,true,false,,,false,false,5m,absent,true,false,long_only,long_only,false,strategy,unspecified,spot,spot_long,,not_run,,,,,,,static_code,provisional,mode and direction agree with static source evidence,sha256_fe550b05a056c4b31b164cc85f8861e32bdcc1ee8b942d9241bde2e0b6aa87d1
CombinedBinHAndClucV7,CombinedBinHAndClucV7:d16ea1c3384e,CombinedBinHAndClucV7,PeetCrypto/freqtrade-stuff,repos/PeetCrypto_freqtrade-stuff/CombinedBinHAndClucV7.py,repos/PeetCrypto_freqtrade-stuff/CombinedBinHAndClucV7.py,original,,,,,not_applicable,original,native,true,true,211,678,true,true,5m,absent,true,false,long_only,long_only,false,strategy,unspecified,spot,spot_long,spot,not_run,,,,889,historical_ledger,,runtime_full,provisional,mode and direction agree with static source evidence,sha256_d16ea1c3384ef58832ac6202779f9608eb9f23385d23169e2c5bc2b10f71244a
CombinedBinHAndClucV8,CombinedBinHAndClucV8:43b43b5cfdfe,CombinedBinHAndClucV8,PeetCrypto/freqtrade-stuff,repos/PeetCrypto_freqtrade-stuff/CombinedBinHAndClucV8.py,repos/PeetCrypto_freqtrade-stuff/CombinedBinHAndClucV8.py,original,,,,,not_applicable,original,native,true,true,212,672,true,true,5m,absent,true,false,long_only,long_only,false,strategy,unspecified,spot,spot_long,spot,not_run,,,,884,historical_ledger,,runtime_full,provisional,mode and direction agree with static source evidence,sha256_43b43b5cfdfe72d0f5ea3e0eafc62a49addcf5159ea6514788e7117b33002de3
CombinedBinHAndClucV8Hyper,CombinedBinHAndClucV8Hyper:83df28a8955a,CombinedBinHAndClucV8Hyper,PeetCrypto/freqtrade-stuff,repos/PeetCrypto_freqtrade-stuff/CombinedBinHAndClucV8Hyper.py,repos/PeetCrypto_freqtrade-stuff/CombinedBinHAndClucV8Hyper.py,original,,,,,not_applicable,original,native,true,true,287,956,true,true,5m,absent,true,false,long_only,long_only,false,strategy,unspecified,spot,spot_long,spot,not_run,,,,1243,historical_ledger,,runtime_full,provisional,mode and direction agree with static source evidence,sha256_83df28a8955afe2e6035071dbdc07bcfd9cbad7f1120028e2fe8eb465832d7a5
CombinedBinHAndClucV8XH,CombinedBinHAndClucV8XH:c31f2e1a690f,CombinedBinHAndClucV8XH,PeetCrypto/freqtrade-stuff,repos/PeetCrypto_freqtrade-stuff/CombinedBinHAndClucV8XH.py,repos/PeetCrypto_freqtrade-stuff/CombinedBinHAndClucV8XH.py,original,,,,,not_applicable,original,native,true,true,165,477,true,true,5m,absent,true,false,long_only,long_only,false,strategy,unspecified,spot,spot_long,spot,not_run,,,,642,historical_ledger,,runtime_full,provisional,mode and direction agree with static source evidence,sha256_c31f2e1a690ff03d2020b0755754bfe070fece8b44692fa02ed0cf7ce7b745cf
CombinedBinHClucAndMADV3,CombinedBinHClucAndMADV3:4ca3200a239b,CombinedBinHClucAndMADV3,PeetCrypto/freqtrade-stuff,repos/PeetCrypto_freqtrade-stuff/CombinedBinHClucAndMADV3.py,repos/PeetCrypto_freqtrade-stuff/CombinedBinHClucAndMADV3.py,original,,,,,not_applicable,original,native,true,true,426,1291,true,true,5m,absent,true,false,long_only,long_only,false,strategy,unspecified,spot,spot_long,spot,not_run,,,,1717,historical_ledger,,runtime_full,provisional,mode and direction agree with static source evidence,sha256_4ca3200a239bf843a26cda39bdc4bd0a4cf67ed5d7de7ff8d196781d7a042840
CombinedBinHClucAndMADV6,CombinedBinHClucAndMADV6:5a2e13597c2e,CombinedBinHClucAndMADV6,PeetCrypto/freqtrade-stuff,repos/PeetCrypto_freqtrade-stuff/CombinedBinHClucAndMADV6.py,repos/PeetCrypto_freqtrade-stuff/CombinedBinHClucAndMADV6.py,original,,,,,not_applicable,original,native,true,true,346,1270,true,true,5m,absent,true,false,long_only,long_only,false,strategy,unspecified,spot,spot_long,spot,not_run,,,,1616,historical_ledger,,runtime_full,provisional,mode and direction agree with static source evidence,sha256_5a2e13597c2efd601245592fae584697b5d9338f69dea4135a99de832a4b8b08
CombinedBinHClucAndMADV9,CombinedBinHClucAndMADV9:3a3c2c36f9c9,CombinedBinHClucAndMADV9,PeetCrypto/freqtrade-stuff,repos/PeetCrypto_freqtrade-stuff/CombinedBinHClucAndMADV9.py,repos/PeetCrypto_freqtrade-stuff/CombinedBinHClucAndMADV9.py,original,,,,,not_applicable,original,native,true,true,748,2094,true,true,5m,absent,true,false,long_only,long_only,false,strategy,unspecified,spot,spot_long,spot,not_run,,,,2842,historical_ledger,,runtime_full,provisional,mode and direction agree with static source evidence,sha256_3a3c2c36f9c9d43ce7a00aac6005bff078093124d3b9738aa8b29548575a0eaf
Combined_NFIv6_SMA,Combined_NFIv6_SMA:65188d2eb9f2,Combined_NFIv6_SMA,PeetCrypto/freqtrade-stuff,repos/PeetCrypto_freqtrade-stuff/Combined_NFIv6_SMA.py,repos/PeetCrypto_freqtrade-stuff/Combined_NFIv6_SMA.py,original,,,,,not_applicable,original,native,true,true,239,712,true,true,5m,absent,true,false,long_only,long_only,false,strategy,unspecified,spot,spot_long,spot,not_run,,,,951,historical_ledger,,runtime_full,provisional,mode and direction agree with static source evidence,sha256_65188d2eb9f2e17e572ac214aeaf82cef8e2fa5f2855dcaa6172a3befd1d4bbc
CrossEMAStrategy,CrossEMAStrategy:28bc245bdb58,CrossEMAStrategy,PeetCrypto/freqtrade-stuff,repos/PeetCrypto_freqtrade-stuff/CrossEMAStrategy.py,repos/PeetCrypto_freqtrade-stuff/CrossEMAStrategy.py,original,,,,,not_applicable,original,native,true,true,828,3235,true,true,1h,absent,true,false,long_only,long_only,false,strategy,unspecified,spot,spot_long,spot,not_run,,,,4063,historical_ledger,,runtime_full,provisional,mode and direction agree with static source evidence,sha256_28bc245bdb5840def41dea43171fe871d919c76690892d1c044fadbfcfdbda0e
CryptoFrog,CryptoFrog:9df6d7dfa478,CryptoFrog,PeetCrypto/freqtrade-stuff,repos/PeetCrypto_freqtrade-stuff/CryptoFrog.py,repos/PeetCrypto_freqtrade-stuff/CryptoFrog.py,original,,,,,not_applicable,original,native,true,false,,,false,false,5m,absent,true,false,long_only,long_only,false,strategy,unspecified,spot,spot_long,,not_run,,,,,,,static_code,provisional,mode and direction agree with static source evidence,sha256_9df6d7dfa478dae1194d2c04558ab9a1685ce0ed82b010b87f9e95350bbca7dd
CryptoFrogHO,CryptoFrogHO:84156f3c5c36,CryptoFrogHO,PeetCrypto/freqtrade-stuff,repos/PeetCrypto_freqtrade-stuff/CryptoFrogHO.py,repos/PeetCrypto_freqtrade-stuff/CryptoFrogHO.py,original,,,,,not_applicable,original,native,true,false,,,false,false,5m,absent,true,false,long_only,long_only,false,strategy,unspecified,spot,spot_long,,not_run,,,,,,,static_code,provisional,mode and direction agree with static source evidence,sha256_84156f3c5c36f0ace63781fed1a82e25b96cd25a1be21d915df2102169063240
CryptoFrogHO2,CryptoFrogHO2:1fa719dcd8ce,CryptoFrogHO2,PeetCrypto/freqtrade-stuff,repos/PeetCrypto_freqtrade-stuff/CryptoFrogHO2.py,repos/PeetCrypto_freqtrade-stuff/CryptoFrogHO2.py,original,,,,,not_applicable,original,native,true,false,,,false,false,5m,absent,true,false,long_only,long_only,false,strategy,unspecified,spot,spot_long,,not_run,,,,,,,static_code,provisional,mode and direction agree with static source evidence,sha256_1fa719dcd8ceb0de0adde62e29cf4d642c4c8da4566b470996d19bcb9511cc14
CryptoFrogHO2A,CryptoFrogHO2A:847539efa083,CryptoFrogHO2A,PeetCrypto/freqtrade-stuff,repos/PeetCrypto_freqtrade-stuff/CryptoFrogHO2A.py,repos/PeetCrypto_freqtrade-stuff/CryptoFrogHO2A.py,original,,,,,not_applicable,original,native,true,false,,,false,false,5m,absent,true,false,long_only,long_only,false,strategy,unspecified,spot,spot_long,,not_run,,,,,,,static_code,provisional,mode and direction agree with static source evidence,sha256_847539efa0839b35086ab5183a1c0f236523d31147e9786014855968ee370393
CryptoFrogHO3A1,CryptoFrogHO3A1:0797316a9dd6,CryptoFrogHO3A1,PeetCrypto/freqtrade-stuff,repos/PeetCrypto_freqtrade-stuff/CryptoFrogHO3A1.py,repos/PeetCrypto_freqtrade-stuff/CryptoFrogHO3A1.py,original,,,,,not_applicable,original,native,true,false,,,false,false,5m,absent,true,false,long_only,long_only,false,strategy,unspecified,spot,spot_long,,not_run,,,,,,,static_code,provisional,mode and direction agree with static source evidence,sha256_0797316a9dd6bfc80a99378258074403cbe73477a64e374d8c01812a8db7288d
CryptoFrogHO3A2,CryptoFrogHO3A2:534aa9e9bbc1,CryptoFrogHO3A2,PeetCrypto/freqtrade-stuff,repos/PeetCrypto_freqtrade-stuff/CryptoFrogHO3A2.py,repos/PeetCrypto_freqtrade-stuff/CryptoFrogHO3A2.py,original,,,,,not_applicable,original,native,true,false,,,false,false,5m,absent,true,false,long_only,long_only,false,strategy,unspecified,spot,spot_long,,not_run,,,,,,,static_code,provisional,mode and direction agree with static source evidence,sha256_534aa9e9bbc16cb595efaa4cf79e4b7308ead005669badf99cb4fc95f13faac7
CryptoFrogHO3A3,CryptoFrogHO3A3:2a4d958d77b8,CryptoFrogHO3A3,PeetCrypto/freqtrade-stuff,repos/PeetCrypto_freqtrade-stuff/CryptoFrogHO3A3.py,repos/PeetCrypto_freqtrade-stuff/CryptoFrogHO3A3.py,original,,,,,not_applicable,original,native,true,false,,,false,false,5m,absent,true,false,long_only,long_only,false,strategy,unspecified,spot,spot_long,,not_run,,,,,,,static_code,provisional,mode and direction agree with static source evidence,sha256_2a4d958d77b85caa3c2b599d872f34347764c5ea9051ecc8b7e92940edb57a62
CryptoFrogHO3A4,CryptoFrogHO3A4:d1ef173efa7d,CryptoFrogHO3A4,PeetCrypto/freqtrade-stuff,repos/PeetCrypto_freqtrade-stuff/CryptoFrogHO3A4.py,repos/PeetCrypto_freqtrade-stuff/CryptoFrogHO3A4.py,original,,,,,not_applicable,original,native,true,false,,,false,false,5m,absent,true,false,long_only,long_only,false,strategy,unspecified,spot,spot_long,,not_run,,,,,,,static_code,provisional,mode and direction agree with static source evidence,sha256_d1ef173efa7df7fa05d3f341c1552bea75c7693d9e49b484f769dd1d7295e628
CryptoFrogNFI,CryptoFrogNFI:2683be32b043,CryptoFrogNFI,PeetCrypto/freqtrade-stuff,repos/PeetCrypto_freqtrade-stuff/CryptoFrogNFI.py,repos/PeetCrypto_freqtrade-stuff/CryptoFrogNFI.py,original,,,,,not_applicable,original,native,true,false,,,false,false,5m,absent,true,false,long_only,long_only,false,strategy,unspecified,spot,spot_long,,not_run,,,,,,,static_code,provisional,mode and direction agree with static source evidence,sha256_2683be32b0434d4163023c54ecf9040fa121cfd8ca0dc552fa77588a41abbabc
CryptoFrogNFI2,CryptoFrogNFI2:7382d6068b5e,CryptoFrogNFI2,PeetCrypto/freqtrade-stuff,repos/PeetCrypto_freqtrade-stuff/CryptoFrogNFI2.py,repos/PeetCrypto_freqtrade-stuff/CryptoFrogNFI2.py,original,,,,,not_applicable,original,native,true,false,,,false,false,5m,absent,true,false,long_only,long_only,false,strategy,unspecified,spot,spot_long,,not_run,,,,,,,static_code,provisional,mode and direction agree with static source evidence,sha256_7382d6068b5e4344f00aae3e34c8a790a2bb4d8f8f38fc791cfe85328e2ea2d2
CryptoFrogNFIHO1A,CryptoFrogNFIHO1A:5c97e4fad3b8,CryptoFrogNFIHO1A,PeetCrypto/freqtrade-stuff,repos/PeetCrypto_freqtrade-stuff/CryptoFrogNFIHO1A.py,repos/PeetCrypto_freqtrade-stuff/CryptoFrogNFIHO1A.py,original,,,,,not_applicable,original,native,true,false,,,false,false,5m,absent,true,false,long_only,long_only,false,strategy,unspecified,spot,spot_long,,not_run,,,,,,,static_code,provisional,mode and direction agree with static source evidence,sha256_5c97e4fad3b80fdc9c28ea5148e9bf328adbadc7ed6fb2d110d69347ae34b346
CryptoFrogOffset,CryptoFrogOffset:8c5a7ed49aa3,CryptoFrogOffset,PeetCrypto/freqtrade-stuff,repos/PeetCrypto_freqtrade-stuff/CryptoFrogOffset.py,repos/PeetCrypto_freqtrade-stuff/CryptoFrogOffset.py,original,,,,,not_applicable,original,native,true,false,,,false,false,5m,absent,true,false,long_only,long_only,false,strategy,unspecified,spot,spot_long,,not_run,,,,,,,static_code,provisional,mode and direction agree with static source evidence,sha256_8c5a7ed49aa3e2c40c76ac7bd9f6cfe78e082d4e54f5ea9863ca8dee8a4a6d65
DIV_v1,DIV_v1:973c0a6981b9,DIV_v1,PeetCrypto/freqtrade-stuff,repos/PeetCrypto_freqtrade-stuff/DIV_v1.py,repair/patched/repos/PeetCrypto_freqtrade-stuff/DIV_v1.py,repaired,class2,pandas_removed_keywords,,,strict_equivalent,class2-overlay,native,true,false,,,false,false,5m,absent,true,false,long_only,long_only,false,strategy,unspecified,spot,spot_long,,not_run,,,,,freqai_result_card,,static_code,provisional,mode and direction agree with static source evidence,sha256_973c0a6981b9cbc3b8f26fea9868003a0d07900a7dd44bf0765d6909e4f36358
DevilStra,DevilStra:3fd994557200,DevilStra,PeetCrypto/freqtrade-stuff,repos/PeetCrypto_freqtrade-stuff/DevilStra.py,repos/PeetCrypto_freqtrade-stuff/DevilStra.py,repaired,class1,environment_compatibility,,,strict_equivalent,original+compatibility-environment,native,true,false,,,false,true,4h,absent,true,false,long_only,long_only,false,strategy,unspecified,spot,spot_long,spot,not_run,,,,689,class1_result_card,,static_code,provisional,mode and direction agree with static source evidence,sha256_3fd994557200ac051046ea86b1197c4c1422e7227ae3672b3207c35a0aee3175
Divergences,Divergences:1ac476980fc0,Divergences,PeetCrypto/freqtrade-stuff,repos/PeetCrypto_freqtrade-stuff/Divergences.py,repos/PeetCrypto_freqtrade-stuff/Divergences.py,original,,,,,not_applicable,original,native,true,true,2487,7494,true,true,1h,absent,true,false,long_only,long_only,false,strategy,unspecified,spot,spot_long,spot,not_run,,,,9981,historical_ledger,,runtime_full,provisional,mode and direction agree with static source evidence,sha256_1ac476980fc0d9da72f4342c3d740973e54e76aae46270643d5bd70075efc564
DoesNothingStrategy,DoesNothingStrategy:253f1425ab63,DoesNothingStrategy,PeetCrypto/freqtrade-stuff,repos/PeetCrypto_freqtrade-stuff/DoesNothingStrategy.py,repos/PeetCrypto_freqtrade-stuff/DoesNothingStrategy.py,original,,,,,not_applicable,original,native,true,false,,,false,false,5m,absent,true,false,long_only,long_only,false,strategy,unspecified,spot,spot_long,,not_run,,,,,,,static_code,provisional,mode and direction agree with static source evidence,sha256_253f1425ab63376086f72e374c7e9b191ef5ec82554269f9280a1f71fc947015
Dracula,Dracula:afbc20276d68,Dracula,PeetCrypto/freqtrade-stuff,repos/PeetCrypto_freqtrade-stuff/Dracula.py,repos/PeetCrypto_freqtrade-stuff/Dracula.py,repaired,class1,environment_compatibility,,,strict_equivalent,original+compatibility-environment,native,true,false,,,false,true,1m,absent,true,false,long_only,long_only,false,strategy,unspecified,spot,spot_long,spot,not_run,,,,15,class1_result_card,,static_code,provisional,mode and direction agree with static source evidence,sha256_afbc20276d6883e060df79692b920de67d6b50430472692c0b536529eb96b089
Dyna_opti,Dyna_opti:b04a36f48cec,Dyna_opti,PeetCrypto/freqtrade-stuff,repos/PeetCrypto_freqtrade-stuff/Dyna_opti.py,repos/PeetCrypto_freqtrade-stuff/Dyna_opti.py,original,,,,,not_applicable,original,native,true,false,,,false,false,5m,absent,true,false,long_only,long_only,false,strategy,unspecified,spot,spot_long,,not_run,,,,,,,static_code,provisional,mode and direction agree with static source evidence,sha256_b04a36f48cec5fd4a2149895857953f8e22bc6c59cecca48ebbbf9e37268f60d
EMASkipPump,EMASkipPump:1874b03c9de1,EMASkipPump,PeetCrypto/freqtrade-stuff,repos/PeetCrypto_freqtrade-stuff/EMASkipPump.py,repos/PeetCrypto_freqtrade-stuff/EMASkipPump.py,original,,,,,not_applicable,original,native,true,true,11468,22854,true,true,5m,absent,true,false,long_only,long_only,false,strategy,unspecified,spot,spot_long,spot,not_run,,,,34322,historical_ledger,,runtime_full,provisional,mode and direction agree with static source evidence,sha256_1874b03c9de1bc51ae089ba37e2e4c662af5d23f89686f5c6ccf7ee4fdc220bc
EMAVolume,EMAVolume:d1e8d261e1fe,EMAVolume,PeetCrypto/freqtrade-stuff,repos/PeetCrypto_freqtrade-stuff/EMAVolume.py,repos/PeetCrypto_freqtrade-stuff/EMAVolume.py,original,,,,,not_applicable,original,native,true,false,,,false,false,,absent,true,false,long_only,long_only,false,strategy,unspecified,spot,spot_long,,not_run,,,,,,,static_code,provisional,mode and direction agree with static source evidence,sha256_d1e8d261e1fe40d1669deea3e1513d8e5cbb67075d41ad6185407ec4ecb6bfe5
EnsembleStrategy,EnsembleStrategy:e7fb1ea9f021,EnsembleStrategy,PeetCrypto/freqtrade-stuff,repos/PeetCrypto_freqtrade-stuff/EnsembleStrategy.py,repos/PeetCrypto_freqtrade-stuff/EnsembleStrategy.py,original,,,,,not_applicable,original,native,true,false,,,false,false,,absent,true,false,long_only,long_only,false,strategy,unspecified,spot,spot_long,,not_run,,,,,,,static_code,provisional,mode and direction agree with static source evidence,sha256_e7fb1ea9f0211ef0f230377b16ba4f50daf2e9022f1fed13dd088f124e273ae1
EnsembleStrategyV1,EnsembleStrategyV1:093baefc4abd,EnsembleStrategyV1,PeetCrypto/freqtrade-stuff,repos/PeetCrypto_freqtrade-stuff/EnsembleStrategyV1.py,repos/PeetCrypto_freqtrade-stuff/EnsembleStrategyV1.py,original,,,,,not_applicable,original,native,true,false,,,false,false,,absent,true,false,long_only,long_only,false,strategy,unspecified,spot,spot_long,,not_run,,,,,,,static_code,provisional,mode and direction agree with static source evidence,sha256_093baefc4abd0f5bf500e9607c8e0f5007f52884bf1394bb11d2300f0092e4a8
EnsembleStrategyV2,EnsembleStrategyV2:80f309fb73bd,EnsembleStrategyV2,PeetCrypto/freqtrade-stuff,repos/PeetCrypto_freqtrade-stuff/EnsembleStrategyV2.py,repos/PeetCrypto_freqtrade-stuff/EnsembleStrategyV2.py,original,,,,,not_applicable,original,native,true,false,,,false,false,,absent,true,false,long_only,long_only,false,strategy,unspecified,spot,spot_long,,not_run,,,,,,,static_code,provisional,mode and direction agree with static source evidence,sha256_80f309fb73bdb02abae8d96bc28968092c89ae584d4735dc3b6cfabc7b4684e8
Ichi,Ichi:87916f286b5d,Ichi,PeetCrypto/freqtrade-stuff,repos/PeetCrypto_freqtrade-stuff/Example_Strat_With_FileLogging.py,repos/PeetCrypto_freqtrade-stuff/Example_Strat_With_FileLogging.py,original,,,,,not_applicable,original,native,true,true,3630,11067,true,true,15m,absent,true,false,long_only,long_only,false,strategy,unspecified,spot,spot_long,spot,not_run,,,,14697,historical_ledger,,runtime_full,provisional,mode and direction agree with static source evidence,sha256_87916f286b5dedc3d59c27418bc26d95c0c370fd75f7adf07b62892d68a2d3c7
FRAYSTRAT,FRAYSTRAT:d3196d39dc18,FRAYSTRAT,PeetCrypto/freqtrade-stuff,repos/PeetCrypto_freqtrade-stuff/FRAYSTRAT (1).py,repos/PeetCrypto_freqtrade-stuff/FRAYSTRAT (1).py,original,,,,,not_applicable,original,native,true,true,5668,6778,true,true,15m,absent,true,false,long_only,long_only,false,strategy,unspecified,spot,spot_long,spot,not_run,,,,12446,historical_ledger,,runtime_full,provisional,mode and direction agree with static source evidence,sha256_d3196d39dc18d1c415ba602ac0d5987b8055096de757c6fa49a596b431b5fdd0
FrayStratBTC,FrayStratBTC:16634765d8c5,FrayStratBTC,PeetCrypto/freqtrade-stuff,repos/PeetCrypto_freqtrade-stuff/FRAYSTRAT-BTCUSDT-1H.py,repos/PeetCrypto_freqtrade-stuff/FRAYSTRAT-BTCUSDT-1H.py,original,,,,,not_applicable,original,native,true,true,2045,7044,true,true,15m,absent,true,false,long_only,long_only,false,strategy,unspecified,spot,spot_long,spot,not_run,,,,9089,historical_ledger,,runtime_full,provisional,mode and direction agree with static source evidence,sha256_16634765d8c524b856809e7ed8a75801ef5c8e4a0176909449085a267d4bc0ce
FiveMinCrossAbove,FiveMinCrossAbove:64f31d591444,FiveMinCrossAbove,PeetCrypto/freqtrade-stuff,repos/PeetCrypto_freqtrade-stuff/FiveMinCrossAbove.py,repos/PeetCrypto_freqtrade-stuff/FiveMinCrossAbove.py,original,,,,,not_applicable,original,native,true,true,172,1679,true,true,5m,absent,true,false,long_only,long_only,false,strategy,unspecified,spot,spot_long,spot,not_run,,,,1851,historical_ledger,,runtime_full,provisional,mode and direction agree with static source evidence,sha256_64f31d59144414adf14ef5ac7bdb78c878631b9bcf234180b67c30caf4dc99f9
FixedRiskRewardLoss,FixedRiskRewardLoss:642f5a83d4c1,FixedRiskRewardLoss,PeetCrypto/freqtrade-stuff,repos/PeetCrypto_freqtrade-stuff/FixedRiskRewardLoss.py,repos/PeetCrypto_freqtrade-stuff/FixedRiskRewardLoss.py,original,,,,,not_applicable,original,native,true,false,,,false,false,,absent,true,false,long_only,long_only,false,strategy,unspecified,spot,spot_long,,not_run,,,,,,,static_code,provisional,mode and direction agree with static source evidence,sha256_642f5a83d4c1f8eef58feccf75b38e02c81c06497c7fe9b0091498dcb277a97a
FrayLIVEBTC15m,FrayLIVEBTC15m:bf5adb1e910d,FrayLIVEBTC15m,PeetCrypto/freqtrade-stuff,repos/PeetCrypto_freqtrade-stuff/FrayLIVEBTC15m.py,repos/PeetCrypto_freqtrade-stuff/FrayLIVEBTC15m.py,original,,,,,not_applicable,original,native,true,true,1015,3732,true,true,15m,absent,true,false,long_only,long_only,false,strategy,unspecified,spot,spot_long,spot,not_run,,,,4747,historical_ledger,,runtime_full,provisional,mode and direction agree with static source evidence,sha256_bf5adb1e910d72fbdab3bb56a887270a04f12d7d36a886434b9cd5f61b4b7c57
NEWTEST15m,NEWTEST15m:073cb8fb26d0,NEWTEST15m,PeetCrypto/freqtrade-stuff,repos/PeetCrypto_freqtrade-stuff/FrayNew-HyperOpt (1).py,repos/PeetCrypto_freqtrade-stuff/FrayNew-HyperOpt (1).py,original,,,,,not_applicable,original,native,true,true,607,2037,true,true,15m,absent,true,false,long_only,long_only,false,strategy,unspecified,spot,spot_long,spot,not_run,,,,2644,historical_ledger,,runtime_full,provisional,mode and direction agree with static source evidence,sha256_073cb8fb26d05fb75669828b1d307a824a75e67d959c54028246d1aaeeba5393
FrostAuraM115mStrategy,FrostAuraM115mStrategy:e9262b2563ac,FrostAuraM115mStrategy,PeetCrypto/freqtrade-stuff,repos/PeetCrypto_freqtrade-stuff/FrostAuraM115mStrategy.py,repos/PeetCrypto_freqtrade-stuff/FrostAuraM115mStrategy.py,original,,,,,not_applicable,original,native,true,true,7461,23390,true,true,15m,absent,true,false,long_only,long_only,false,strategy,unspecified,spot,spot_long,spot,not_run,,,,30851,historical_ledger,,runtime_full,provisional,mode and direction agree with static source evidence,sha256_e9262b2563ac88544355a1c80281ab559e90ff854316a3dd7c4c2726632c1280
FrostAuraM11hStrategy,FrostAuraM11hStrategy:7efa54048d03,FrostAuraM11hStrategy,PeetCrypto/freqtrade-stuff,repos/PeetCrypto_freqtrade-stuff/FrostAuraM11hStrategy.py,repos/PeetCrypto_freqtrade-stuff/FrostAuraM11hStrategy.py,original,,,,,not_applicable,original,native,true,true,595,2041,true,true,1h,absent,true,false,long_only,long_only,false,strategy,unspecified,spot,spot_long,spot,not_run,,,,2636,historical_ledger,,runtime_full,provisional,mode and direction agree with static source evidence,sha256_7efa54048d03a869bb55f4abfa499e2dc3b9c4a5eac62d1a752acd319fe9c8ea
FrostAuraM21hStrategy,FrostAuraM21hStrategy:e62e94197d80,FrostAuraM21hStrategy,PeetCrypto/freqtrade-stuff,repos/PeetCrypto_freqtrade-stuff/FrostAuraM21hStrategy.py,repos/PeetCrypto_freqtrade-stuff/FrostAuraM21hStrategy.py,original,,,,,not_applicable,original,native,true,true,8809,11071,true,true,15m,absent,true,false,long_only,long_only,false,strategy,unspecified,spot,spot_long,spot,not_run,,,,19880,historical_ledger,,runtime_full,provisional,mode and direction agree with static source evidence,sha256_e62e94197d80ffbf98f67d591241d4a024649c43b2b7c0c68205314dee734f02
FrostAuraM315mStrategy,FrostAuraM315mStrategy:10bba7a00490,FrostAuraM315mStrategy,PeetCrypto/freqtrade-stuff,repos/PeetCrypto_freqtrade-stuff/FrostAuraM315mStrategy.py,repos/PeetCrypto_freqtrade-stuff/FrostAuraM315mStrategy.py,original,,,,,not_applicable,original,native,true,true,1892,7229,true,true,15m,absent,true,false,long_only,long_only,false,strategy,unspecified,spot,spot_long,spot,not_run,,,,9121,historical_ledger,,runtime_full,provisional,mode and direction agree with static source evidence,sha256_10bba7a00490c0301db8c22ae50218e0d942efd502eb7ac51e4f512f937d7c81
FrostAuraM31hStrategy,FrostAuraM31hStrategy:25602b75c668,FrostAuraM31hStrategy,PeetCrypto/freqtrade-stuff,repos/PeetCrypto_freqtrade-stuff/FrostAuraM31hStrategy.py,repos/PeetCrypto_freqtrade-stuff/FrostAuraM31hStrategy.py,original,,,,,not_applicable,original,native,true,true,533,1936,true,true,1h,absent,true,false,long_only,long_only,false,strategy,unspecified,spot,spot_long,spot,not_run,,,,2469,historical_ledger,,runtime_full,provisional,mode and direction agree with static source evidence,sha256_25602b75c66854a48af03f4b89c5a10224829c9f03b9027097c515e856db972d
GodStraNew,GodStraNew:ccd91d678e82,GodStraNew,PeetCrypto/freqtrade-stuff,repos/PeetCrypto_freqtrade-stuff/GodStra.py,repos/PeetCrypto_freqtrade-stuff/GodStra.py,repaired,class1,environment_compatibility,,,strict_equivalent,original+compatibility-environment,native,true,false,,,false,true,4h,absent,true,false,long_only,long_only,false,strategy,unspecified,spot,spot_long,spot,not_run,,,,6,class1_result_card,,static_code,provisional,mode and direction agree with static source evidence,sha256_ccd91d678e825cf08bd074c7e1e1a68cd3d63c10de72c6887fd86b471dbc40cd
GodStra,GodStra:1ac32a523ed4,GodStra,PeetCrypto/freqtrade-stuff,repos/PeetCrypto_freqtrade-stuff/GodStraNew.py,repos/PeetCrypto_freqtrade-stuff/GodStraNew.py,original,,,,,not_applicable,original,native,true,false,,,false,false,12h,absent,true,false,long_only,long_only,false,strategy,unspecified,spot,spot_long,,not_run,,,,,,,static_code,provisional,mode and direction agree with static source evidence,sha256_1ac32a523ed4d69935db5bab2800565a636c5fe9c41e85edcdc9f7e959db4808
GodStraNew40,GodStraNew40:025eaa29d44b,GodStraNew40,PeetCrypto/freqtrade-stuff,repos/PeetCrypto_freqtrade-stuff/GodStraNew40.py,repos/PeetCrypto_freqtrade-stuff/GodStraNew40.py,repaired,class1,environment_compatibility,,,strict_equivalent,original+compatibility-environment,native,true,false,,,false,true,4h,absent,true,false,long_only,long_only,false,strategy,unspecified,spot,spot_long,spot,not_run,,,,6,class1_result_card,,static_code,provisional,mode and direction agree with static source evidence,sha256_025eaa29d44b69e29285ac796514dd34b2cf43073852689cb8e602717531bb03
GodStraNew_SMAonly,GodStraNew_SMAonly:9555628b8d3d,GodStraNew_SMAonly,PeetCrypto/freqtrade-stuff,repos/PeetCrypto_freqtrade-stuff/GodStraNew_SMAonly.py,repos/PeetCrypto_freqtrade-stuff/GodStraNew_SMAonly.py,repaired,class1,environment_compatibility,,,strict_equivalent,original+compatibility-environment,native,true,false,,,false,true,5m,absent,true,false,long_only,long_only,false,strategy,unspecified,spot,spot_long,spot,not_run,,,,14,class1_result_card,,static_code,provisional,mode and direction agree with static source evidence,sha256_9555628b8d3d148ef11f766e66f5d33c02e70d4924f5e6088526fa8a039b3bde
GymStrategy,GymStrategy:be099be3c57d,GymStrategy,PeetCrypto/freqtrade-stuff,repos/PeetCrypto_freqtrade-stuff/GymStrategy.py,repos/PeetCrypto_freqtrade-stuff/GymStrategy.py,original,,,,,not_applicable,original,native,true,false,,,false,false,,absent,true,false,long_only,long_only,false,strategy,unspecified,spot,spot_long,,not_run,,,,,,,static_code,provisional,mode and direction agree with static source evidence,sha256_be099be3c57db7490351a539cb73824bace16c6cc0e062ff160223d7bcc6972a
HLHB,HLHB:babdef4aeaa2,HLHB,PeetCrypto/freqtrade-stuff,repos/PeetCrypto_freqtrade-stuff/HLHB.py,repos/PeetCrypto_freqtrade-stuff/HLHB.py,original,,,,,not_applicable,original,native,true,false,,,false,false,4h,absent,true,false,long_only,long_only,false,strategy,unspecified,spot,spot_long,,not_run,,,,,,,static_code,provisional,mode and direction agree with static source evidence,sha256_babdef4aeaa23ac2e8123c6abbbdf2fcf0a4f9cd723a1a3f8e855a4b824f5eec
HansenSmaOffsetV1,HansenSmaOffsetV1:dd5294ed0e16,HansenSmaOffsetV1,PeetCrypto/freqtrade-stuff,repos/PeetCrypto_freqtrade-stuff/HansenSmaOffsetV1.py,repos/PeetCrypto_freqtrade-stuff/HansenSmaOffsetV1.py,original,,,,,not_applicable,original,native,true,true,27,92,true,true,15m,absent,true,false,long_only,long_only,false,strategy,unspecified,spot,spot_long,spot,not_run,,,,119,historical_ledger,,runtime_full,provisional,mode and direction agree with static source evidence,sha256_dd5294ed0e16a064605bf95c4c7c871afab306d2a254ce09eda65f667b40ff04
Heracles,Heracles:8039952f7ce8,Heracles,PeetCrypto/freqtrade-stuff,repos/PeetCrypto_freqtrade-stuff/Heracles.py,repos/PeetCrypto_freqtrade-stuff/Heracles.py,repaired,class1,environment_compatibility,,,strict_equivalent,original+compatibility-environment,native,true,false,,,false,true,4h,absent,true,false,long_only,long_only,false,strategy,unspecified,spot,spot_long,spot,not_run,,,,779,class1_result_card,,static_code,provisional,mode and direction agree with static source evidence,sha256_8039952f7ce86bfbe955482dca98d1ff89e33e3fb6037bdf99dc53265459fe0b
HourBasedStrategy,HourBasedStrategy:e5b07aa38e7a,HourBasedStrategy,PeetCrypto/freqtrade-stuff,repos/PeetCrypto_freqtrade-stuff/HourBasedStrategy.py,repos/PeetCrypto_freqtrade-stuff/HourBasedStrategy.py,original,,,,,not_applicable,original,native,true,true,2449,8435,true,true,1h,absent,true,false,long_only,long_only,false,strategy,unspecified,spot,spot_long,spot,not_run,,,,10884,historical_ledger,,runtime_full,provisional,mode and direction agree with static source evidence,sha256_e5b07aa38e7a1c4ab62fab23b3492f6570ea75f73706cc270a72909a89328846
HyperStra_GSN_SMAOnly,HyperStra_GSN_SMAOnly:d9254aa62eb9,HyperStra_GSN_SMAOnly,PeetCrypto/freqtrade-stuff,repos/PeetCrypto_freqtrade-stuff/HyperStra_GSN_SMAOnly.py,repos/PeetCrypto_freqtrade-stuff/HyperStra_GSN_SMAOnly.py,original,,,,,not_applicable,original,native,true,true,8,9,true,true,5m,absent,true,false,long_only,long_only,false,strategy,unspecified,spot,spot_long,spot,not_run,,,,17,historical_ledger,,runtime_full,provisional,mode and direction agree with static source evidence,sha256_d9254aa62eb976592a5d5cc5320b2cc1fadb3d88d52432653de23213c8516b9f
HyperStra_SMAOnly,HyperStra_SMAOnly:441c29d71c2f,HyperStra_SMAOnly,PeetCrypto/freqtrade-stuff,repos/PeetCrypto_freqtrade-stuff/HyperStra_SMAOnly.py,repos/PeetCrypto_freqtrade-stuff/HyperStra_SMAOnly.py,original,,,,,not_applicable,original,native,true,true,8,9,true,true,5m,absent,true,false,long_only,long_only,false,strategy,unspecified,spot,spot_long,spot,not_run,,,,17,historical_ledger,,runtime_full,provisional,mode and direction agree with static source evidence,sha256_441c29d71c2f21235e9933239b1b106def00109fefb8be15834f0e70e5cd62e9
Ichess,Ichess:e132e60059f1,Ichess,PeetCrypto/freqtrade-stuff,repos/PeetCrypto_freqtrade-stuff/Ichess.py,repos/PeetCrypto_freqtrade-stuff/Ichess.py,original,,,,,not_applicable,original,native,true,true,62,293,true,true,1d,absent,true,false,long_only,long_only,false,strategy,unspecified,spot,spot_long,spot,not_run,,,,355,historical_ledger,,runtime_full,provisional,mode and direction agree with static source evidence,sha256_e132e60059f1ecc830795e810555d5424a0a19ca0a74a17deb0fdf02880f7c98
Ichimoku,Ichimoku:377b0bc34d77,Ichimoku,PeetCrypto/freqtrade-stuff,repos/PeetCrypto_freqtrade-stuff/Ichimoku.py,repos/PeetCrypto_freqtrade-stuff/Ichimoku.py,original,,,,,not_applicable,original,native,true,true,2434,6175,true,true,5m,absent,true,false,long_only,long_only,false,strategy,unspecified,spot,spot_long,spot,not_run,,,,8609,historical_ledger,,runtime_full,provisional,mode and direction agree with static source evidence,sha256_377b0bc34d771853f170018b2aca5ee4b60d730dca233fd9141005f79fb69231
IchimokuStrategy,IchimokuStrategy:3aa8e3a1a618,IchimokuStrategy,PeetCrypto/freqtrade-stuff,repos/PeetCrypto_freqtrade-stuff/IchimokuStrategy.py,repos/PeetCrypto_freqtrade-stuff/IchimokuStrategy.py,original,,,,,not_applicable,original,native,true,false,,,false,false,,absent,true,false,long_only,long_only,false,strategy,unspecified,spot,spot_long,,not_run,,,,,,,static_code,provisional,mode and direction agree with static source evidence,sha256_3aa8e3a1a618d49d6df3c094f7745f889b48391e662b5c6bba7b8a895b0a0a56
Ichimoku_SenkouSpanCross,Ichimoku_SenkouSpanCross:0e5b58cf8b15,Ichimoku_SenkouSpanCross,PeetCrypto/freqtrade-stuff,repos/PeetCrypto_freqtrade-stuff/Ichimoku_SenkouSpanCross.py,repos/PeetCrypto_freqtrade-stuff/Ichimoku_SenkouSpanCross.py,original,,,,,not_applicable,original,native,true,false,,,false,false,,absent,true,false,long_only,long_only,false,strategy,unspecified,spot,spot_long,,not_run,,,,,,,static_code,provisional,mode and direction agree with static source evidence,sha256_0e5b58cf8b15b9701fc63eb538fd5b1b2bf4724fd52df4671980583b89f008ef
Ichimoku_v12,Ichimoku_v12:239140e7a000,Ichimoku_v12,PeetCrypto/freqtrade-stuff,repos/PeetCrypto_freqtrade-stuff/Ichimoku_v12.py,repos/PeetCrypto_freqtrade-stuff/Ichimoku_v12.py,original,,,,,not_applicable,original,native,true,false,,,false,false,,absent,true,false,long_only,long_only,false,strategy,unspecified,spot,spot_long,,not_run,,,,,,,static_code,provisional,mode and direction agree with static source evidence,sha256_239140e7a000af8448378f1129df61e02ca83b5594e09cb3d33a494e39973932
Ichimoku_v30,Ichimoku_v30:cc125c04e31b,Ichimoku_v30,PeetCrypto/freqtrade-stuff,repos/PeetCrypto_freqtrade-stuff/Ichimoku_v30_DojiStar.py,repos/PeetCrypto_freqtrade-stuff/Ichimoku_v30_DojiStar.py,original,,,,,not_applicable,original,native,true,false,,,false,false,,absent,true,false,long_only,long_only,false,strategy,unspecified,spot,spot_long,,not_run,,,,,,,static_code,provisional,mode and direction agree with static source evidence,sha256_cc125c04e31b7a649e07d4866ccb042405949361a54a79c4f9ab44366cde49aa
Ichimoku_v31,Ichimoku_v31:b8c58ef26055,Ichimoku_v31,PeetCrypto/freqtrade-stuff,repos/PeetCrypto_freqtrade-stuff/Ichimoku_v31_Heikin.py,repos/PeetCrypto_freqtrade-stuff/Ichimoku_v31_Heikin.py,original,,,,,not_applicable,original,native,true,true,238,1326,true,true,1h,absent,true,false,long_only,long_only,false,strategy,unspecified,spot,spot_long,spot,not_run,,,,1564,historical_ledger,,runtime_full,provisional,mode and direction agree with static source evidence,sha256_b8c58ef260550293607f8432194f7be4e4ed64c24dba2fd0decb9f8dec8fbae8
Ichimoku_v32,Ichimoku_v32:e7de6f78d43f,Ichimoku_v32,PeetCrypto/freqtrade-stuff,repos/PeetCrypto_freqtrade-stuff/Ichimoku_v32_HeikinAshi.py,repos/PeetCrypto_freqtrade-stuff/Ichimoku_v32_HeikinAshi.py,original,,,,,not_applicable,original,native,true,false,,,false,false,,absent,true,false,long_only,long_only,false,strategy,unspecified,spot,spot_long,,not_run,,,,,,,static_code,provisional,mode and direction agree with static source evidence,sha256_e7de6f78d43fa5e5735b555c4fca8b6d2cfab95350310702ad43e103220c558e
Ichimoku_v33,Ichimoku_v33:8e39599c5f08,Ichimoku_v33,PeetCrypto/freqtrade-stuff,repos/PeetCrypto_freqtrade-stuff/Ichimoku_v33_SAR.py,repos/PeetCrypto_freqtrade-stuff/Ichimoku_v33_SAR.py,original,,,,,not_applicable,original,native,true,false,,,false,false,,absent,true,false,long_only,long_only,false,strategy,unspecified,spot,spot_long,,not_run,,,,,,,static_code,provisional,mode and direction agree with static source evidence,sha256_8e39599c5f08b76459d9f37b8b3105760a03f398f1f379ab8a6f6532ca857dab
Ichimoku_v35,Ichimoku_v35:f640a73dd0d8,Ichimoku_v35,PeetCrypto/freqtrade-stuff,repos/PeetCrypto_freqtrade-stuff/Ichimoku_v35_SAR_1d.py,repos/PeetCrypto_freqtrade-stuff/Ichimoku_v35_SAR_1d.py,original,,,,,not_applicable,original,native,true,false,,,false,false,,absent,true,false,long_only,long_only,false,strategy,unspecified,spot,spot_long,,not_run,,,,,,,static_code,provisional,mode and direction agree with static source evidence,sha256_f640a73dd0d8f74ac7fb4a68feab2437719bd4374f3af872a65c4b541fc670c7
Ichimoku_v37,Ichimoku_v37:ab55a132c009,Ichimoku_v37,PeetCrypto/freqtrade-stuff,repos/PeetCrypto_freqtrade-stuff/Ichimoku_v37_HeikinAshi.py,repos/PeetCrypto_freqtrade-stuff/Ichimoku_v37_HeikinAshi.py,original,,,,,not_applicable,original,native,true,true,57,450,true,true,4h,absent,true,false,long_only,long_only,false,strategy,unspecified,spot,spot_long,spot,not_run,,,,507,historical_ledger,,runtime_full,provisional,mode and direction agree with static source evidence,sha256_ab55a132c009484ace8d44aee152e8b951639b3e2b37b0825b4aa5513baa79a5
ichiV1,ichiV1:c418535cb45a,ichiV1,PeetCrypto/freqtrade-stuff,repos/PeetCrypto_freqtrade-stuff/IchisV1.py,repos/PeetCrypto_freqtrade-stuff/IchisV1.py,original,,,,,not_applicable,original,native,true,true,3208,10241,true,true,5m,absent,true,false,long_only,long_only,false,strategy,unspecified,spot,spot_long,spot,not_run,,,,13449,historical_ledger,,runtime_full,provisional,mode and direction agree with static source evidence,sha256_c418535cb45ab2b9cbe397a26e8d8128cc1b7f7b1a52d4adb6a056ad68634d80
InformativeSample,InformativeSample:52e59a9eeb8a,InformativeSample,PeetCrypto/freqtrade-stuff,repos/PeetCrypto_freqtrade-stuff/InformativeSample (1).py,repos/PeetCrypto_freqtrade-stuff/InformativeSample (1).py,original,,,,,not_applicable,original,native,true,true,5189,10364,true,true,5m,absent,true,false,long_only,long_only,false,strategy,unspecified,spot,spot_long,spot,not_run,,,,15553,historical_ledger,,runtime_full,provisional,mode and direction agree with static source evidence,sha256_52e59a9eeb8a7a285c2247ba5a2049004b3cae559c09669f49008c33b8f0d659
JustROCR,JustROCR:0c056ac53867,JustROCR,PeetCrypto/freqtrade-stuff,repos/PeetCrypto_freqtrade-stuff/JustROCR.py,repos/PeetCrypto_freqtrade-stuff/JustROCR.py,original,,,,,not_applicable,original,native,true,false,,,false,false,,absent,true,false,long_only,long_only,false,strategy,unspecified,spot,spot_long,,not_run,,,,,,,static_code,provisional,mode and direction agree with static source evidence,sha256_0c056ac53867e6ea085299c01463ef2b9d0450669e0fc3fdf8afe4d36544740f
JustROCR2,JustROCR2:499f71de285e,JustROCR2,PeetCrypto/freqtrade-stuff,repos/PeetCrypto_freqtrade-stuff/JustROCR2.py,repos/PeetCrypto_freqtrade-stuff/JustROCR2.py,original,,,,,not_applicable,original,native,true,false,,,false,false,,absent,true,false,long_only,long_only,false,strategy,unspecified,spot,spot_long,,not_run,,,,,,,static_code,provisional,mode and direction agree with static source evidence,sha256_499f71de285e4ca8ba702685246254e91e7739e86466693228dd4779f9ab0f1d
JustROCR3,JustROCR3:fb482eb1d59f,JustROCR3,PeetCrypto/freqtrade-stuff,repos/PeetCrypto_freqtrade-stuff/JustROCR3.py,repos/PeetCrypto_freqtrade-stuff/JustROCR3.py,original,,,,,not_applicable,original,native,true,false,,,false,false,,absent,true,false,long_only,long_only,false,strategy,unspecified,spot,spot_long,,not_run,,,,,,,static_code,provisional,mode and direction agree with static source evidence,sha256_fb482eb1d59f3e79f0d2adddb16ed6394f2230232c02ecc70e9ff0c283b207d6
JustROCR4,JustROCR4:9b483e0ff6ab,JustROCR4,PeetCrypto/freqtrade-stuff,repos/PeetCrypto_freqtrade-stuff/JustROCR4.py,repos/PeetCrypto_freqtrade-stuff/JustROCR4.py,original,,,,,not_applicable,original,native,true,false,,,false,false,,absent,true,false,long_only,long_only,false,strategy,unspecified,spot,spot_long,,not_run,,,,,,,static_code,provisional,mode and direction agree with static source evidence,sha256_9b483e0ff6ab07eee94e863f30707432860e7cd8cf3db8552d8115163c925c5f
JustROCR5,JustROCR5:39c4be6a37f5,JustROCR5,PeetCrypto/freqtrade-stuff,repos/PeetCrypto_freqtrade-stuff/JustROCR5.py,repos/PeetCrypto_freqtrade-stuff/JustROCR5.py,original,,,,,not_applicable,original,native,true,false,,,false,false,,absent,true,false,long_only,long_only,false,strategy,unspecified,spot,spot_long,,not_run,,,,,,,static_code,provisional,mode and direction agree with static source evidence,sha256_39c4be6a37f5c2a8e105dc71f2bfb768736f55cede6be6c2757fef5666050dcc
JustROCR6,JustROCR6:3beea9617b4e,JustROCR6,PeetCrypto/freqtrade-stuff,repos/PeetCrypto_freqtrade-stuff/JustROCR6.py,repos/PeetCrypto_freqtrade-stuff/JustROCR6.py,original,,,,,not_applicable,original,native,true,false,,,false,false,,absent,true,false,long_only,long_only,false,strategy,unspecified,spot,spot_long,,not_run,,,,,,,static_code,provisional,mode and direction agree with static source evidence,sha256_3beea9617b4ec2f7dde7172d8ab4e204e088a02f8c00148bcbbb5e258008dba5
KAMACCIRSI,KAMACCIRSI:85f30514549c,KAMACCIRSI,PeetCrypto/freqtrade-stuff,repos/PeetCrypto_freqtrade-stuff/KAMACCIRSI.py,repos/PeetCrypto_freqtrade-stuff/KAMACCIRSI.py,original,,,,,not_applicable,original,native,true,true,2220,8049,true,true,5m,absent,true,false,long_only,long_only,false,strategy,unspecified,spot,spot_long,spot,not_run,,,,10269,historical_ledger,,runtime_full,provisional,mode and direction agree with static source evidence,sha256_85f30514549c92f16853e999d2241d7bc8fbcf8bf540394a71f39b5120f273a2
LongShortRangeTradingMachetesV1,LongShortRangeTradingMachetesV1:33f0c77297f3,LongShortRangeTradingMachetesV1,PeetCrypto/freqtrade-stuff,repos/PeetCrypto_freqtrade-stuff/LongShortRangeTradingMachetesV1-1.py,repos/PeetCrypto_freqtrade-stuff/LongShortRangeTradingMachetesV1-1.py,original,,,,,not_applicable,original,native,true,false,,,false,false,1m,absent,true,false,long_only,long_only,false,strategy,unspecified,spot,spot_long,,not_run,,,,,,,static_code,provisional,mode and direction agree with static source evidence,sha256_33f0c77297f307e7dc7d88b6ffcdd07939c5812852fad7ec9fb3909fc6f0ccc1
Low_BB,Low_BB:fa2c70df8480,Low_BB,PeetCrypto/freqtrade-stuff,repos/PeetCrypto_freqtrade-stuff/Low_BB.py,repos/PeetCrypto_freqtrade-stuff/Low_BB.py,original,,,,,not_applicable,original,native,true,true,61,588,true,true,1m,absent,true,false,long_only,long_only,false,strategy,unspecified,spot,spot_long,spot,not_run,,,,649,historical_ledger,,runtime_full,provisional,mode and direction agree with static source evidence,sha256_fa2c70df8480b1fcd50777d3511f67725667a2172adde8efd20577a00240c481
LuxOSC,LuxOSC:4eb4f180d5a0,LuxOSC,PeetCrypto/freqtrade-stuff,repos/PeetCrypto_freqtrade-stuff/LuxOSC.py,repos/PeetCrypto_freqtrade-stuff/LuxOSC.py,original,,,,,not_applicable,original,native,true,true,3207,11370,true,true,5m,absent,true,false,long_only,long_only,false,strategy,unspecified,spot,spot_long,spot,not_run,,,,14577,historical_ledger,,runtime_full,provisional,mode and direction agree with static source evidence,sha256_4eb4f180d5a086b67fea053de007f8b462a0a6d3dc46f4f76d891a88869851b6
MAC,MAC:2af777a511a9,MAC,PeetCrypto/freqtrade-stuff,repos/PeetCrypto_freqtrade-stuff/MAC.py,repos/PeetCrypto_freqtrade-stuff/MAC.py,original,,,,,not_applicable,original,native,true,true,10,42,true,true,1d,absent,true,false,long_only,long_only,false,strategy,unspecified,spot,spot_long,spot,not_run,,,,52,historical_ledger,,runtime_full,provisional,mode and direction agree with static source evidence,sha256_2af777a511a984a6c4a15c52e2361297ebbe45c5070af9d9f61f45ce524e2c4e
MACDCCI,MACDCCI:13131ed784a7,MACDCCI,PeetCrypto/freqtrade-stuff,repos/PeetCrypto_freqtrade-stuff/MACDCCI.py,repos/PeetCrypto_freqtrade-stuff/MACDCCI.py,original,,,,,not_applicable,original,native,true,false,,,false,false,,absent,true,false,long_only,long_only,false,strategy,unspecified,spot,spot_long,,not_run,,,,,,,static_code,provisional,mode and direction agree with static source evidence,sha256_13131ed784a7dd272f1cf8b3c8e81fe5d3ed9b7e4aab52c5347da9b8c4cda434
MACDRSI200,MACDRSI200:2a562c45320c,MACDRSI200,PeetCrypto/freqtrade-stuff,repos/PeetCrypto_freqtrade-stuff/MACDRSI200.py,repos/PeetCrypto_freqtrade-stuff/MACDRSI200.py,original,,,,,not_applicable,original,native,true,false,,,false,false,,absent,true,false,long_only,long_only,false,strategy,unspecified,spot,spot_long,,not_run,,,,,,,static_code,provisional,mode and direction agree with static source evidence,sha256_2a562c45320ca466e129c179594d0cba2364e111bead419abe09b3c8f8e14bc3
MACDStrategy,MACDStrategy:354b4a915253,MACDStrategy,PeetCrypto/freqtrade-stuff,repos/PeetCrypto_freqtrade-stuff/MACDStrategy.py,repos/PeetCrypto_freqtrade-stuff/MACDStrategy.py,original,,,,,not_applicable,original,native,true,true,5455,15110,true,true,5m,absent,true,false,long_only,long_only,false,strategy,unspecified,spot,spot_long,spot,not_run,,,,20565,historical_ledger,,runtime_full,provisional,mode and direction agree with static source evidence,sha256_354b4a91525320c0ae8f6557df4f22341785e492870b9b107187444140a79f08
MACDStrategy_crossed,MACDStrategy_crossed:105ba624b149,MACDStrategy_crossed,PeetCrypto/freqtrade-stuff,repos/PeetCrypto_freqtrade-stuff/MACDStrategy_crossed.py,repos/PeetCrypto_freqtrade-stuff/MACDStrategy_crossed.py,original,,,,,not_applicable,original,native,true,true,1075,3990,true,true,5m,absent,true,false,long_only,long_only,false,strategy,unspecified,spot,spot_long,spot,not_run,,,,5065,historical_ledger,,runtime_full,provisional,mode and direction agree with static source evidence,sha256_105ba624b14907376ea52c56c0ee503072635a595253ca44b3c29820886a5c15
MACD_EMA,MACD_EMA:1f6a6896ebba,MACD_EMA,PeetCrypto/freqtrade-stuff,repos/PeetCrypto_freqtrade-stuff/MACD_EMA.py,repos/PeetCrypto_freqtrade-stuff/MACD_EMA.py,original,,,,,not_applicable,original,native,true,true,10460,15195,true,true,5m,absent,true,false,long_only,long_only,false,strategy,unspecified,spot,spot_long,spot,not_run,,,,25655,historical_ledger,,runtime_full,provisional,mode and direction agree with static source evidence,sha256_1f6a6896ebba81543bf8416c2bf3b0cb1419018d2a7fcb6dbeb7d20523fc4ea7
MACD_TRIPLE_MA,MACD_TRIPLE_MA:8d5f191c4d92,MACD_TRIPLE_MA,PeetCrypto/freqtrade-stuff,repos/PeetCrypto_freqtrade-stuff/MACD_TRIPLE_MA.py,repos/PeetCrypto_freqtrade-stuff/MACD_TRIPLE_MA.py,original,,,,,not_applicable,original,native,true,true,4251,10594,true,true,5m,absent,true,false,long_only,long_only,false,strategy,unspecified,spot,spot_long,spot,not_run,,,,14845,historical_ledger,,runtime_full,provisional,mode and direction agree with static source evidence,sha256_8d5f191c4d92a3ee8f8da3d698e5107781a46994f0ea3cb5c430c96388629401
MACD_TRI_EMA,MACD_TRI_EMA:4c459d412a21,MACD_TRI_EMA,PeetCrypto/freqtrade-stuff,repos/PeetCrypto_freqtrade-stuff/MACD_TRI_EMA.py,repos/PeetCrypto_freqtrade-stuff/MACD_TRI_EMA.py,original,,,,,not_applicable,original,native,true,true,17906,13922,true,true,5m,absent,true,false,long_only,long_only,false,strategy,unspecified,spot,spot_long,spot,not_run,,,,31828,historical_ledger,,runtime_full,provisional,mode and direction agree with static source evidence,sha256_4c459d412a21b8335672ba7e6b2fc2761d823bafe90eac0f153ace459c254f0d
MADisplaceV3,MADisplaceV3:421a02c82cad,MADisplaceV3,PeetCrypto/freqtrade-stuff,repos/PeetCrypto_freqtrade-stuff/MADisplaceV3.py,repos/PeetCrypto_freqtrade-stuff/MADisplaceV3.py,original,,,,,not_applicable,original,native,true,true,175,543,true,true,5m,absent,true,false,long_only,long_only,false,strategy,unspecified,spot,spot_long,spot,not_run,,,,718,historical_ledger,,runtime_full,provisional,mode and direction agree with static source evidence,sha256_421a02c82cad7cd971de08772dcf372f27c60e43081f05c8a50949eb1401d907
MFI,MFI:77f6179b7131,MFI,PeetCrypto/freqtrade-stuff,repos/PeetCrypto_freqtrade-stuff/MFI.py,repos/PeetCrypto_freqtrade-stuff/MFI.py,original,,,,,not_applicable,original,native,true,true,6515,13751,true,true,5m,absent,true,false,long_only,long_only,false,strategy,unspecified,spot,spot_long,spot,not_run,,,,20266,historical_ledger,,runtime_full,provisional,mode and direction agree with static source evidence,sha256_77f6179b7131aacd3208d22975e34076f86e67f1b84d80e6d9a54a9aefd2b110
mabStra,mabStra:a7796af206e8,mabStra,PeetCrypto/freqtrade-stuff,repos/PeetCrypto_freqtrade-stuff/MabStra.py,repos/PeetCrypto_freqtrade-stuff/MabStra.py,repaired,class1,environment_compatibility,,,strict_equivalent,original+compatibility-environment,native,true,false,,,false,true,4h,absent,true,false,long_only,long_only,false,strategy,unspecified,spot,spot_long,spot,not_run,,,,1174,class1_result_card,,static_code,provisional,mode and direction agree with static source evidence,sha256_a7796af206e8a84718ebfe09d2a29323a414dab9cbe9a07829162ff3d7b61888
SampleStrategyV2,SampleStrategyV2:c0fc5e4af5d3,SampleStrategyV2,PeetCrypto/freqtrade-stuff,repos/PeetCrypto_freqtrade-stuff/Machete.py,repos/PeetCrypto_freqtrade-stuff/Machete.py,original,,,,,not_applicable,original,native,true,true,1400,4482,true,true,5m,absent,true,false,long_only,long_only,false,strategy,unspecified,spot,spot_long,spot,not_run,,,,5882,historical_ledger,,runtime_full,provisional,mode and direction agree with static source evidence,sha256_c0fc5e4af5d30cc587240161a92dcd96fc877d1adaeffa56271bf98ae9bd13f6
MacheteV8bRallimod,MacheteV8bRallimod:a32e955e51d2,MacheteV8bRallimod,PeetCrypto/freqtrade-stuff,repos/PeetCrypto_freqtrade-stuff/MacheteV8bRallimod.py,repos/PeetCrypto_freqtrade-stuff/MacheteV8bRallimod.py,original,,,,,not_applicable,original,native,true,false,,,false,false,15m,absent,true,false,long_only,long_only,false,strategy,unspecified,spot,spot_long,,not_run,,,,,,,static_code,provisional,mode and direction agree with static source evidence,sha256_a32e955e51d25725ca5503de79a01c23f2f45f61a82880caa02b39baf0d18816
MacheteV8bRallimod2,MacheteV8bRallimod2:1cddafe6cb5c,MacheteV8bRallimod2,PeetCrypto/freqtrade-stuff,repos/PeetCrypto_freqtrade-stuff/MacheteV8bRallimod2.py,repos/PeetCrypto_freqtrade-stuff/MacheteV8bRallimod2.py,original,,,,,not_applicable,original,native,true,false,,,false,false,5m,absent,true,false,long_only,long_only,false,strategy,unspecified,spot,spot_long,,not_run,,,,,,,static_code,provisional,mode and direction agree with static source evidence,sha256_1cddafe6cb5c1abf0f1038016f0d3df5803801ce137cb64d351d9b01cdcc9a1c
MarketChyperHyperStrategy,MarketChyperHyperStrategy:29bc8e0e7645,MarketChyperHyperStrategy,PeetCrypto/freqtrade-stuff,repos/PeetCrypto_freqtrade-stuff/MarketChyperHyperStrategy.py,repos/PeetCrypto_freqtrade-stuff/MarketChyperHyperStrategy.py,repaired,class1,environment_compatibility,,,strict_equivalent,original+compatibility-environment,native,true,false,,,false,true,1h,absent,true,false,long_only,long_only,false,strategy,unspecified,spot,spot_long,spot,not_run,,,,2406,class1_result_card,,static_code,provisional,mode and direction agree with static source evidence,sha256_29bc8e0e7645cd329e31b603352f6a61c136ffea728ed85e695381ba4ab3b866
Martin,Martin:c87f731c8d7e,Martin,PeetCrypto/freqtrade-stuff,repos/PeetCrypto_freqtrade-stuff/Martin.py,repos/PeetCrypto_freqtrade-stuff/Martin.py,original,,,,,not_applicable,original,native,true,true,3105,9619,true,true,5m,absent,true,false,long_only,long_only,false,strategy,unspecified,spot,spot_long,spot,not_run,,,,12724,historical_ledger,,runtime_full,provisional,mode and direction agree with static source evidence,sha256_c87f731c8d7eb93001da5c3241acef4c223075e07b2a906ca919321680609361
MasterMoniGoManiHyperStrategy,MasterMoniGoManiHyperStrategy:c2b2fb772c1d,MasterMoniGoManiHyperStrategy,PeetCrypto/freqtrade-stuff,repos/PeetCrypto_freqtrade-stuff/MasterMoniGoManiHyperStrategy.py,repos/PeetCrypto_freqtrade-stuff/MasterMoniGoManiHyperStrategy.py,original,,,,,not_applicable,original,native,true,false,,,false,false,,absent,true,false,long_only,long_only,false,strategy,unspecified,spot,spot_long,,not_run,,,,,,,static_code,provisional,mode and direction agree with static source evidence,sha256_c2b2fb772c1d8f342b9ad4dfc37e3e2b05e1068bb683c176338bfdab4c398d85
Miku_PP_v3,Miku_PP_v3:798d69d7631f,Miku_PP_v3,PeetCrypto/freqtrade-stuff,repos/PeetCrypto_freqtrade-stuff/Miku_PP_v3.py,repos/PeetCrypto_freqtrade-stuff/Miku_PP_v3.py,original,,,,,not_applicable,original,native,true,false,,,false,false,5m,absent,true,false,long_only,long_only,false,strategy,unspecified,spot,spot_long,,not_run,,,,,,,static_code,provisional,mode and direction agree with static source evidence,sha256_798d69d7631fb90c448ac09bb01f8c4c073f2dc8e58f080c361cdc1d57902057
MiniLambo,MiniLambo:3201257fa75c,MiniLambo,PeetCrypto/freqtrade-stuff,repos/PeetCrypto_freqtrade-stuff/MiniLambo (2).py,repos/PeetCrypto_freqtrade-stuff/MiniLambo (2).py,original,,,,,not_applicable,original,native,true,true,217,1252,true,true,1m,absent,true,false,long_only,long_only,false,strategy,unspecified,spot,spot_long,spot,not_run,,,,1469,historical_ledger,,runtime_full,provisional,mode and direction agree with static source evidence,sha256_3201257fa75c6c33a5a357b932b22aa46c9e9711201658a070a8adad8b1fb190
Minmax,Minmax:b69e76191cae,Minmax,PeetCrypto/freqtrade-stuff,repos/PeetCrypto_freqtrade-stuff/MinmaxF.py,repos/PeetCrypto_freqtrade-stuff/MinmaxF.py,original,,,,,not_applicable,original,native,true,true,898,2984,true,true,1h,absent,true,false,long_only,long_only,false,strategy,unspecified,spot,spot_long,spot,not_run,,,,3882,historical_ledger,,runtime_full,provisional,mode and direction agree with static source evidence,sha256_b69e76191caee9b44a2f0bc47bc583e59568d90a4838b35c62c10b219b9ef52c
MontrealStrategy,MontrealStrategy:00d7b1be6b3a,MontrealStrategy,PeetCrypto/freqtrade-stuff,repos/PeetCrypto_freqtrade-stuff/MontrealStrategy.py,repos/PeetCrypto_freqtrade-stuff/MontrealStrategy.py,original,,,,,not_applicable,original,native,true,true,6158,20253,true,true,15m,absent,true,false,long_only,long_only,false,strategy,unspecified,spot,spot_long,spot,not_run,,,,26411,historical_ledger,,runtime_full,provisional,mode and direction agree with static source evidence,sha256_00d7b1be6b3ace916f876a375e07351c896005ef276e21936a83e27a94a7e009
MultiMA_TSL3,MultiMA_TSL3:45fabc590c40,MultiMA_TSL3,PeetCrypto/freqtrade-stuff,repos/PeetCrypto_freqtrade-stuff/MultiMA_TSL.py,repair/patched/repos/PeetCrypto_freqtrade-stuff/MultiMA_TSL.py,repaired,class2,dead_np_where_dtype,,,strict_equivalent,class2-overlay,native,true,false,,,false,false,5m,absent,true,false,long_only,long_only,false,strategy,unspecified,spot,spot_long,,not_run,,,,,freqai_result_card,,static_code,provisional,mode and direction agree with static source evidence,sha256_45fabc590c40ad74d62d80d6ab71d7327d91d3d1146e5e0d7562503bdc69a162
MultiMa,MultiMa:9bf075d72896,MultiMa,PeetCrypto/freqtrade-stuff,repos/PeetCrypto_freqtrade-stuff/MultiMa.py,repos/PeetCrypto_freqtrade-stuff/MultiMa.py,original,,,,,not_applicable,original,native,true,false,,,false,false,4h,absent,true,false,long_only,long_only,false,strategy,unspecified,spot,spot_long,,not_run,,,,,,,static_code,provisional,mode and direction agree with static source evidence,sha256_9bf075d728965474470a8925cb05c871b233f26669a50a3b9b4eb6b4c912b624
MultiRSI,MultiRSI:1d2302ab0c34,MultiRSI,PeetCrypto/freqtrade-stuff,repos/PeetCrypto_freqtrade-stuff/MultiRSI.py,repair/patched/repos/PeetCrypto_freqtrade-stuff/MultiRSI.py,repaired,class2,pandas_removed_keywords,,,strict_equivalent,class2-overlay,native,true,false,,,false,false,5m,absent,true,false,long_only,long_only,false,strategy,unspecified,spot,spot_long,,not_run,,,,,freqai_result_card,,static_code,provisional,mode and direction agree with static source evidence,sha256_1d2302ab0c34086f8efee370718a629b9fbe2bd4c9ee0fcea5f7ad8f78d71ce1
MyStrategyNew10,MyStrategyNew10:e254339e0b47,MyStrategyNew10,PeetCrypto/freqtrade-stuff,repos/PeetCrypto_freqtrade-stuff/MyStrategyNew10.py,repos/PeetCrypto_freqtrade-stuff/MyStrategyNew10.py,original,,,,,not_applicable,original,native,true,false,,,false,false,,absent,true,false,long_only,long_only,false,strategy,unspecified,spot,spot_long,,not_run,,,,,,,static_code,provisional,mode and direction agree with static source evidence,sha256_e254339e0b473259b125d003c97a8d27eeffc28d9372dab7e5ca1cd2e40c3746
NASOSv5,NASOSv5:f3fa98f6674e,NASOSv5,PeetCrypto/freqtrade-stuff,repos/PeetCrypto_freqtrade-stuff/NASOSv5.py,repos/PeetCrypto_freqtrade-stuff/NASOSv5.py,original,,,,,not_applicable,original,native,true,true,117,684,true,true,5m,absent,true,false,long_only,long_only,false,strategy,unspecified,spot,spot_long,spot,not_run,,,,801,historical_ledger,,runtime_full,provisional,mode and direction agree with static source evidence,sha256_f3fa98f6674e4302de66b98a7fe886314fcd95cffcbf9fe59d90908c00e1512c
NASOSv5_mod1,NASOSv5_mod1:8bd88a9be50e,NASOSv5_mod1,PeetCrypto/freqtrade-stuff,repos/PeetCrypto_freqtrade-stuff/NASOSv5_mod1 (1).py,repos/PeetCrypto_freqtrade-stuff/NASOSv5_mod1 (1).py,original,,,,,not_applicable,original,native,true,true,50,472,true,true,5m,absent,true,false,long_only,long_only,false,strategy,unspecified,spot,spot_long,spot,not_run,,,,522,historical_ledger,,runtime_full,provisional,mode and direction agree with static source evidence,sha256_8bd88a9be50e76d1fc0bbf5616ee893a0b1fd0e5edff23e079cc49642133c218
NASOSv5_mod2,NASOSv5_mod2:cec5b34de7cb,NASOSv5_mod2,PeetCrypto/freqtrade-stuff,repos/PeetCrypto_freqtrade-stuff/NASOSv5_mod2 (1).py,repos/PeetCrypto_freqtrade-stuff/NASOSv5_mod2 (1).py,original,,,,,not_applicable,original,native,true,true,26,293,true,true,5m,absent,true,false,long_only,long_only,false,strategy,unspecified,spot,spot_long,spot,not_run,,,,319,historical_ledger,,runtime_full,provisional,mode and direction agree with static source evidence,sha256_cec5b34de7cb3f171bb3c7428f6b290e1ebfa59eb717778ebe909305bb55d2f1
NASOSv5_mod3,NASOSv5_mod3:c2474a25b494,NASOSv5_mod3,PeetCrypto/freqtrade-stuff,repos/PeetCrypto_freqtrade-stuff/NASOSv5_mod3 (1).py,repos/PeetCrypto_freqtrade-stuff/NASOSv5_mod3 (1).py,original,,,,,not_applicable,original,native,true,true,81,522,true,true,5m,absent,true,false,long_only,long_only,false,strategy,unspecified,spot,spot_long,spot,not_run,,,,603,historical_ledger,,runtime_full,provisional,mode and direction agree with static source evidence,sha256_c2474a25b494cccf3860dfdd60ffd51e00d7b593c109fc78f7b534661abc0342
NFI46,NFI46:3db277f7e4a6,NFI46,PeetCrypto/freqtrade-stuff,repos/PeetCrypto_freqtrade-stuff/NFI46.py,repos/PeetCrypto_freqtrade-stuff/NFI46.py,original,,,,,not_applicable,original,native,true,true,21,56,true,true,5m,absent,true,false,long_only,long_only,false,strategy,unspecified,spot,spot_long,spot,not_run,,,,77,historical_ledger,,runtime_full,provisional,mode and direction agree with static source evidence,sha256_3db277f7e4a6ebfc00befe4dd88748be3a856b3e8fbd217f8f01a168fc7528ab
NFI46Frog,NFI46Frog:bdad559e841d,NFI46Frog,PeetCrypto/freqtrade-stuff,repos/PeetCrypto_freqtrade-stuff/NFI46Frog.py,repos/PeetCrypto_freqtrade-stuff/NFI46Frog.py,original,,,,,not_applicable,original,native,true,false,,,false,false,5m,absent,true,false,long_only,long_only,false,strategy,unspecified,spot,spot_long,,not_run,,,,,,,static_code,provisional,mode and direction agree with static source evidence,sha256_bdad559e841db312e5470d0d399fe6552c13864922ce1eff3c147be592393a33
NFI46FrogZ,NFI46FrogZ:6f9f3884189e,NFI46FrogZ,PeetCrypto/freqtrade-stuff,repos/PeetCrypto_freqtrade-stuff/NFI46FrogZ.py,repos/PeetCrypto_freqtrade-stuff/NFI46FrogZ.py,original,,,,,not_applicable,original,native,true,true,3303,12970,true,true,5m,absent,true,false,long_only,long_only,false,strategy,unspecified,spot,spot_long,spot,not_run,,,,16273,historical_ledger,,runtime_full,provisional,mode and direction agree with static source evidence,sha256_6f9f3884189e82a5589e10e339bb04fea3449b3d2bd4351566d042e24eeafab5
NFI46Offset,NFI46Offset:e4ed1aba5f3b,NFI46Offset,PeetCrypto/freqtrade-stuff,repos/PeetCrypto_freqtrade-stuff/NFI46Offset.py,repos/PeetCrypto_freqtrade-stuff/NFI46Offset.py,original,,,,,not_applicable,original,native,true,true,179,762,true,true,5m,absent,true,false,long_only,long_only,false,strategy,unspecified,spot,spot_long,spot,not_run,,,,941,historical_ledger,,runtime_full,provisional,mode and direction agree with static source evidence,sha256_e4ed1aba5f3b3b1d937a2019d1924cde1e6715b02f0f67f6cc562bfd34904563
NFI46OffsetHOA1,NFI46OffsetHOA1:3a919e723fd5,NFI46OffsetHOA1,PeetCrypto/freqtrade-stuff,repos/PeetCrypto_freqtrade-stuff/NFI46OffsetHOA1 (1).py,repos/PeetCrypto_freqtrade-stuff/NFI46OffsetHOA1 (1).py,original,,,,,not_applicable,original,native,true,true,187,850,true,true,5m,absent,true,false,long_only,long_only,false,strategy,unspecified,spot,spot_long,spot,not_run,,,,1037,historical_ledger,,runtime_full,provisional,mode and direction agree with static source evidence,sha256_3a919e723fd58d08baeb28d35aca8b9b5d2651bf499435420eb49777fc626b35
NFI46Z,NFI46Z:590e7fc9a706,NFI46Z,PeetCrypto/freqtrade-stuff,repos/PeetCrypto_freqtrade-stuff/NFI46Z (1).py,repos/PeetCrypto_freqtrade-stuff/NFI46Z (1).py,original,,,,,not_applicable,original,native,true,true,218,481,true,true,5m,absent,true,false,long_only,long_only,false,strategy,unspecified,spot,spot_long,spot,not_run,,,,699,historical_ledger,,runtime_full,provisional,mode and direction agree with static source evidence,sha256_590e7fc9a7060f5094d0eb0ad4cf7537f2792d3b0dbc9d01d94f1020ae12d131
NFI4Frog,NFI4Frog:870a99e6d361,NFI4Frog,PeetCrypto/freqtrade-stuff,repos/PeetCrypto_freqtrade-stuff/NFI4Frog.py,repos/PeetCrypto_freqtrade-stuff/NFI4Frog.py,original,,,,,not_applicable,original,native,true,false,,,false,false,5m,absent,true,false,long_only,long_only,false,strategy,unspecified,spot,spot_long,,not_run,,,,,,,static_code,provisional,mode and direction agree with static source evidence,sha256_870a99e6d36128475d0f4a2efde7e01e462eb3e125475ae7fda1c6f682e01f02
NFI5MOHO,NFI5MOHO:0d413291622d,NFI5MOHO,PeetCrypto/freqtrade-stuff,repos/PeetCrypto_freqtrade-stuff/NFI5MOHO.py,repos/PeetCrypto_freqtrade-stuff/NFI5MOHO.py,original,,,,,not_applicable,original,native,true,true,38,340,true,true,5m,absent,true,false,long_only,long_only,false,strategy,unspecified,spot,spot_long,spot,not_run,,,,378,historical_ledger,,runtime_full,provisional,mode and direction agree with static source evidence,sha256_0d413291622df8061a833d3a6bf65fbfd28731b4c721fdbbcdf53de9acc61447
NFI5MOHO_WIP,NFI5MOHO_WIP:245f4ab9c80f,NFI5MOHO_WIP,PeetCrypto/freqtrade-stuff,repos/PeetCrypto_freqtrade-stuff/NFI5MOHO_WIP.py,repos/PeetCrypto_freqtrade-stuff/NFI5MOHO_WIP.py,original,,,,,not_applicable,original,native,true,true,209,742,true,true,5m,absent,true,false,long_only,long_only,false,strategy,unspecified,spot,spot_long,spot,not_run,,,,951,historical_ledger,,runtime_full,provisional,mode and direction agree with static source evidence,sha256_245f4ab9c80fda0f44ae0425cf8c5f5ca67ba9f7ec6979a7d9b9647f3b0e4048
NFI731_BUSD,NFI731_BUSD:331d3650977c,NFI731_BUSD,PeetCrypto/freqtrade-stuff,repos/PeetCrypto_freqtrade-stuff/NFI731_BUSD.py,repair/patched/repos/PeetCrypto_freqtrade-stuff/NFI731_BUSD.py,repaired,class2,dead_np_where_dtype,,,strict_equivalent,class2-overlay,native,true,false,,,false,false,5m,absent,true,false,long_only,long_only,false,strategy,unspecified,spot,spot_long,,not_run,,,,,freqai_result_card,,static_code,provisional,mode and direction agree with static source evidence,sha256_331d3650977ca4c153e17dbacb09b754dddb5cc29f3e1baaa5bcfe44e1b57794
NFIX_BB_RPB,NFIX_BB_RPB:b83b916d9476,NFIX_BB_RPB,PeetCrypto/freqtrade-stuff,repos/PeetCrypto_freqtrade-stuff/NFIX_BB_RPB.py,repair/patched/repos/PeetCrypto_freqtrade-stuff/NFIX_BB_RPB.py,repaired,class2,dead_np_where_dtype,,,strict_equivalent,class2-overlay,native,true,false,,,false,false,5m,absent,true,false,long_only,long_only,false,strategy,unspecified,spot,spot_long,,not_run,,,,,freqai_result_card,,static_code,provisional,mode and direction agree with static source evidence,sha256_b83b916d9476dc81946a73c7aabd7217fb7224848ef941916b9e9458efaab770
NfiNextModded,NfiNextModded:100cce435cd4,NfiNextModded,PeetCrypto/freqtrade-stuff,repos/PeetCrypto_freqtrade-stuff/NfiNextModded.py,repair/patched/repos/PeetCrypto_freqtrade-stuff/NfiNextModded.py,repaired,class2,dead_np_where_dtype,,,strict_equivalent,class2-overlay,native,true,false,,,false,false,5m,absent,true,false,long_only,long_only,false,strategy,unspecified,spot,spot_long,,not_run,,,,,freqai_result_card,,static_code,provisional,mode and direction agree with static source evidence,sha256_100cce435cd4fde7b4fa538bee27da7de112bb842c56bcb1cdb9bfccd7532729
NoLost,NoLost:416b181f23fa,NoLost,PeetCrypto/freqtrade-stuff,repos/PeetCrypto_freqtrade-stuff/NoLost.py,repos/PeetCrypto_freqtrade-stuff/NoLost.py,original,,,,,not_applicable,original,native,true,false,,,false,false,1h,absent,true,false,long_only,long_only,false,strategy,unspecified,spot,spot_long,,not_run,,,,,,,static_code,provisional,mode and direction agree with static source evidence,sha256_416b181f23fa20448a3d399ed7d0303766ff7e87e34ca20440326c72d924f04d
NormalizerStrategyHO2,NormalizerStrategyHO2:267d4725d39c,NormalizerStrategyHO2,PeetCrypto/freqtrade-stuff,repos/PeetCrypto_freqtrade-stuff/NormalizerStrategyHO2 (1).py,repos/PeetCrypto_freqtrade-stuff/NormalizerStrategyHO2 (1).py,original,,,,,not_applicable,original,native,true,true,819,2330,true,true,1h,absent,true,false,long_only,long_only,false,strategy,unspecified,spot,spot_long,spot,not_run,,,,3149,historical_ledger,,runtime_full,provisional,mode and direction agree with static source evidence,sha256_267d4725d39c78df94d349508197450ca29f2090eca7b945543b616120a64ece
NostalgiaForInfinityNextGen,NostalgiaForInfinityNextGen:dacd889a1ab7,NostalgiaForInfinityNextGen,PeetCrypto/freqtrade-stuff,repos/PeetCrypto_freqtrade-stuff/NostalgiaForInfinityNextGen.py,repos/PeetCrypto_freqtrade-stuff/NostalgiaForInfinityNextGen.py,original,,,,,not_applicable,original,native,true,true,26,132,true,true,15m,absent,true,false,long_only,long_only,false,strategy,unspecified,spot,spot_long,spot,not_run,,,,158,historical_ledger,,runtime_full,provisional,mode and direction agree with static source evidence,sha256_dacd889a1ab78832aec0af09e356e40bcbdd72b3ff7c26135030b993849def68
NostalgiaForInfinityNext_ChangeToTower_V5_2,NostalgiaForInfinityNext_ChangeToTower_V5_2:58d7bd63db05,NostalgiaForInfinityNext_ChangeToTower_V5_2,PeetCrypto/freqtrade-stuff,repos/PeetCrypto_freqtrade-stuff/NostalgiaForInfinityNext_ChangeToTower_V5_2.py,repair/patched/repos/PeetCrypto_freqtrade-stuff/NostalgiaForInfinityNext_ChangeToTower_V5_2.py,repaired,class2,dead_np_where_dtype,,,strict_equivalent,class2-overlay,native,true,false,,,false,false,5m,absent,true,false,long_only,long_only,false,strategy,unspecified,spot,spot_long,,not_run,,,,,freqai_result_card,,static_code,provisional,mode and direction agree with static source evidence,sha256_58d7bd63db05e46689cad4ff89b73d99bd0bbe25be86f2e8fd9e0d2bf8da3619
NostalgiaForInfinityNext_ChangeToTower_V5_3,NostalgiaForInfinityNext_ChangeToTower_V5_3:f37b7071c4e1,NostalgiaForInfinityNext_ChangeToTower_V5_3,PeetCrypto/freqtrade-stuff,repos/PeetCrypto_freqtrade-stuff/NostalgiaForInfinityNext_ChangeToTower_V5_3.py,repair/patched/repos/PeetCrypto_freqtrade-stuff/NostalgiaForInfinityNext_ChangeToTower_V5_3.py,repaired,class2,dead_np_where_dtype,,,strict_equivalent,class2-overlay,native,true,false,,,false,false,5m,absent,true,false,long_only,long_only,false,strategy,unspecified,spot,spot_long,,not_run,,,,,freqai_result_card,,static_code,provisional,mode and direction agree with static source evidence,sha256_f37b7071c4e193d612658b1cff2ffbe5f9ac18a46dc048fe3644ce3de7866ba1
NostalgiaForInfinityNext_ChangeToTower_V6,NostalgiaForInfinityNext_ChangeToTower_V6:c159920e103d,NostalgiaForInfinityNext_ChangeToTower_V6,PeetCrypto/freqtrade-stuff,repos/PeetCrypto_freqtrade-stuff/NostalgiaForInfinityNext_ChangeToTower_V6.py,repair/patched/repos/PeetCrypto_freqtrade-stuff/NostalgiaForInfinityNext_ChangeToTower_V6.py,repaired,class2,dead_np_where_dtype,,,strict_equivalent,class2-overlay,native,true,false,,,false,false,5m,absent,true,false,long_only,long_only,false,strategy,unspecified,spot,spot_long,,not_run,,,,,freqai_result_card,,static_code,provisional,mode and direction agree with static source evidence,sha256_c159920e103d8786eeb7d847aaa61eb1b2a967664401232ac76f063a6aa991fa
NostalgiaForInfinityV1,NostalgiaForInfinityV1:73271ad1c5f2,NostalgiaForInfinityV1,PeetCrypto/freqtrade-stuff,repos/PeetCrypto_freqtrade-stuff/NostalgiaForInfinityV1.py,repos/PeetCrypto_freqtrade-stuff/NostalgiaForInfinityV1.py,original,,,,,not_applicable,original,native,true,true,769,2688,true,true,5m,absent,true,false,long_only,long_only,false,strategy,unspecified,spot,spot_long,spot,not_run,,,,3457,historical_ledger,,runtime_full,provisional,mode and direction agree with static source evidence,sha256_73271ad1c5f2d271ae03eb5a67855e566bcd9a57b2a36b99b06fcc625bdb12e9
NostalgiaForInfinityV2,NostalgiaForInfinityV2:7fb7ad41e5da,NostalgiaForInfinityV2,PeetCrypto/freqtrade-stuff,repos/PeetCrypto_freqtrade-stuff/NostalgiaForInfinityV2.py,repos/PeetCrypto_freqtrade-stuff/NostalgiaForInfinityV2.py,original,,,,,not_applicable,original,native,true,true,193,632,true,true,5m,absent,true,false,long_only,long_only,false,strategy,unspecified,spot,spot_long,spot,not_run,,,,825,historical_ledger,,runtime_full,provisional,mode and direction agree with static source evidence,sha256_7fb7ad41e5da73eb55495e56f1d46694762e47731e48e7fe7238900cfc6c5294
NostalgiaForInfinityV3,NostalgiaForInfinityV3:46c2fc7f57c8,NostalgiaForInfinityV3,PeetCrypto/freqtrade-stuff,repos/PeetCrypto_freqtrade-stuff/NostalgiaForInfinityV3.py,repos/PeetCrypto_freqtrade-stuff/NostalgiaForInfinityV3.py,original,,,,,not_applicable,original,native,true,true,218,797,true,true,5m,absent,true,false,long_only,long_only,false,strategy,unspecified,spot,spot_long,spot,not_run,,,,1015,historical_ledger,,runtime_full,provisional,mode and direction agree with static source evidence,sha256_46c2fc7f57c8dd6d92cfeed3f0cd4bd2b5633f1138f513cdef32433512d26d14
NostalgiaForInfinityV4,NostalgiaForInfinityV4:6382c7057945,NostalgiaForInfinityV4,PeetCrypto/freqtrade-stuff,repos/PeetCrypto_freqtrade-stuff/NostalgiaForInfinityV4.py,repos/PeetCrypto_freqtrade-stuff/NostalgiaForInfinityV4.py,original,,,,,not_applicable,original,native,true,true,100,301,true,true,5m,absent,true,false,long_only,long_only,false,strategy,unspecified,spot,spot_long,spot,not_run,,,,401,historical_ledger,,runtime_full,provisional,mode and direction agree with static source evidence,sha256_6382c70579453fd000244b9045ccd300428413b56333906210901744cd308314
NostalgiaForInfinityV4HO,NostalgiaForInfinityV4HO:60aa09daffcd,NostalgiaForInfinityV4HO,PeetCrypto/freqtrade-stuff,repos/PeetCrypto_freqtrade-stuff/NostalgiaForInfinityV4HO (1).py,repos/PeetCrypto_freqtrade-stuff/NostalgiaForInfinityV4HO (1).py,original,,,,,not_applicable,original,native,true,true,78,301,true,true,5m,absent,true,false,long_only,long_only,false,strategy,unspecified,spot,spot_long,spot,not_run,,,,379,historical_ledger,,runtime_full,provisional,mode and direction agree with static source evidence,sha256_60aa09daffcd6b8b50b7a796ac7fc5ae0487c851cef3c72bffbf4d0c3f5bab2d
NostalgiaForInfinityV5,NostalgiaForInfinityV5:4baf0df28b03,NostalgiaForInfinityV5,PeetCrypto/freqtrade-stuff,repos/PeetCrypto_freqtrade-stuff/NostalgiaForInfinityV5.py,repos/PeetCrypto_freqtrade-stuff/NostalgiaForInfinityV5.py,original,,,,,not_applicable,original,native,true,true,162,456,true,true,5m,absent,true,false,long_only,long_only,false,strategy,unspecified,spot,spot_long,spot,not_run,,,,618,historical_ledger,,runtime_full,provisional,mode and direction agree with static source evidence,sha256_4baf0df28b03ad6d76b5cd1e320e389381a32a458a42ee5039a3a112431ad38a
NostalgiaForInfinityV5MultiOffsetAndHO2,NostalgiaForInfinityV5MultiOffsetAndHO2:6b6ec1065ded,NostalgiaForInfinityV5MultiOffsetAndHO2,PeetCrypto/freqtrade-stuff,repos/PeetCrypto_freqtrade-stuff/NostalgiaForInfinityV5MultiOffsetAndHO2 (1).py,repos/PeetCrypto_freqtrade-stuff/NostalgiaForInfinityV5MultiOffsetAndHO2 (1).py,original,,,,,not_applicable,original,native,true,true,297,1084,true,true,5m,absent,true,false,long_only,long_only,false,strategy,unspecified,spot,spot_long,spot,not_run,,,,1381,historical_ledger,,runtime_full,provisional,mode and direction agree with static source evidence,sha256_6b6ec1065ded3b09041d2882e8af37f204b67154a78ed1efabfc5f24a8735c50
NostalgiaForInfinityV6,NostalgiaForInfinityV6:d50788f22876,NostalgiaForInfinityV6,PeetCrypto/freqtrade-stuff,repos/PeetCrypto_freqtrade-stuff/NostalgiaForInfinityV6.py,repos/PeetCrypto_freqtrade-stuff/NostalgiaForInfinityV6.py,original,,,,,not_applicable,original,native,true,true,181,531,true,true,5m,absent,true,false,long_only,long_only,false,strategy,unspecified,spot,spot_long,spot,not_run,,,,712,historical_ledger,,runtime_full,provisional,mode and direction agree with static source evidence,sha256_d50788f2287633d404c95337d98e11c7726f1be7ec1887a37033bccd6368b14e
NostalgiaForInfinityV7,NostalgiaForInfinityV7:70bf498db8f9,NostalgiaForInfinityV7,PeetCrypto/freqtrade-stuff,repos/PeetCrypto_freqtrade-stuff/NostalgiaForInfinityV7.py,repos/PeetCrypto_freqtrade-stuff/NostalgiaForInfinityV7.py,original,,,,,not_applicable,original,native,true,true,171,513,true,true,5m,absent,true,false,long_only,long_only,false,strategy,unspecified,spot,spot_long,spot,not_run,,,,684,historical_ledger,,runtime_full,provisional,mode and direction agree with static source evidence,sha256_70bf498db8f96f2f6dcdb14b7463995b75f3e09b130b20ce972e469b494a2113
NostalgiaForInfinityV7_SMA,NostalgiaForInfinityV7_SMA:23e102fa7661,NostalgiaForInfinityV7_SMA,PeetCrypto/freqtrade-stuff,repos/PeetCrypto_freqtrade-stuff/NostalgiaForInfinityV7_SMA.py,repos/PeetCrypto_freqtrade-stuff/NostalgiaForInfinityV7_SMA.py,original,,,,,not_applicable,original,native,true,true,229,698,true,true,5m,absent,true,false,long_only,long_only,false,strategy,unspecified,spot,spot_long,spot,not_run,,,,927,historical_ledger,,runtime_full,provisional,mode and direction agree with static source evidence,sha256_23e102fa76614fd3cd444c7167cb17b2e60422fc035ca8de54c8824bb39bda07
NostalgiaForInfinityV7_SMAv2,NostalgiaForInfinityV7_SMAv2:b8f2edbf30e4,NostalgiaForInfinityV7_SMAv2,PeetCrypto/freqtrade-stuff,repos/PeetCrypto_freqtrade-stuff/NostalgiaForInfinityV7_SMAv2 (2).py,repos/PeetCrypto_freqtrade-stuff/NostalgiaForInfinityV7_SMAv2 (2).py,original,,,,,not_applicable,original,native,true,true,229,698,true,true,5m,absent,true,false,long_only,long_only,false,strategy,unspecified,spot,spot_long,spot,not_run,,,,927,historical_ledger,,runtime_full,provisional,mode and direction agree with static source evidence,sha256_b8f2edbf30e491a0f144ae6d06a8d0d82683e696da800c752255d27bf21dc64c
NostalgiaForInfinityV7_SMAv2_1,NostalgiaForInfinityV7_SMAv2_1:b3bc724acd6c,NostalgiaForInfinityV7_SMAv2_1,PeetCrypto/freqtrade-stuff,repos/PeetCrypto_freqtrade-stuff/NostalgiaForInfinityV7_SMAv2_1 (1).py,repos/PeetCrypto_freqtrade-stuff/NostalgiaForInfinityV7_SMAv2_1 (1).py,original,,,,,not_applicable,original,native,true,true,123,422,true,true,5m,absent,true,false,long_only,long_only,false,strategy,unspecified,spot,spot_long,spot,not_run,,,,545,historical_ledger,,runtime_full,provisional,mode and direction agree with static source evidence,sha256_b3bc724acd6c421cd06f4028e2b0f552c89666ef11e24006f46eef06b9849a60
NostalgiaForInfinityXw,NostalgiaForInfinityXw:d75bbf31c099,NostalgiaForInfinityXw,PeetCrypto/freqtrade-stuff,repos/PeetCrypto_freqtrade-stuff/NostalgiaForInfinityXw (1).py,repair/patched/repos/PeetCrypto_freqtrade-stuff/NostalgiaForInfinityXw (1).py,repaired,class2,dead_np_where_dtype,,,strict_equivalent,class2-overlay,native,true,false,,,false,false,5m,absent,true,false,long_only,long_only,false,strategy,unspecified,spot,spot_long,,not_run,,,,,freqai_result_card,,static_code,provisional,mode and direction agree with static source evidence,sha256_d75bbf31c0997788f3eddf4588c4bb6405cc9a0ab2b16cf8451bf30239501f6c
NotAnotherSMAOffsetStrategyX1,NotAnotherSMAOffsetStrategyX1:1337e2ef028a,NotAnotherSMAOffsetStrategyX1,PeetCrypto/freqtrade-stuff,repos/PeetCrypto_freqtrade-stuff/NotAnotherSMAOffsetStrategyX1.py,repos/PeetCrypto_freqtrade-stuff/NotAnotherSMAOffsetStrategyX1.py,original,,,,,not_applicable,original,native,true,true,116,481,true,true,5m,absent,true,false,long_only,long_only,false,strategy,unspecified,spot,spot_long,spot,not_run,,,,597,historical_ledger,,runtime_full,provisional,mode and direction agree with static source evidence,sha256_1337e2ef028a05e09ce39af2bffd238646ceae96c1aa5eefbb1167ed63978d4f
NowoIchimoku1hV1,NowoIchimoku1hV1:9f6f9b7f67c2,NowoIchimoku1hV1,PeetCrypto/freqtrade-stuff,repos/PeetCrypto_freqtrade-stuff/NowoIchimoku1hV1 (1).py,repos/PeetCrypto_freqtrade-stuff/NowoIchimoku1hV1 (1).py,original,,,,,not_applicable,original,native,true,false,,,false,false,1h,absent,true,false,long_only,long_only,false,strategy,unspecified,spot,spot_long,,not_run,,,,,,,static_code,provisional,mode and direction agree with static source evidence,sha256_9f6f9b7f67c2de5971bf15f1adc37b10ff921df1c7a92ef142ce807b7f351e31
NowoIchimoku1hV2,NowoIchimoku1hV2:638e72b5ab6a,NowoIchimoku1hV2,PeetCrypto/freqtrade-stuff,repos/PeetCrypto_freqtrade-stuff/NowoIchimoku1hV2 (1).py,repos/PeetCrypto_freqtrade-stuff/NowoIchimoku1hV2 (1).py,original,,,,,not_applicable,original,native,true,true,745,2950,true,true,1h,absent,true,false,long_only,long_only,false,strategy,unspecified,spot,spot_long,spot,not_run,,,,3695,historical_ledger,,runtime_full,provisional,mode and direction agree with static source evidence,sha256_638e72b5ab6af13d0ca0f30747ec361e3ac5fb3843ccb4ba7ee4dd1534fe19a4
NowoIchimoku5mV2,NowoIchimoku5mV2:c116db4ee5a1,NowoIchimoku5mV2,PeetCrypto/freqtrade-stuff,repos/PeetCrypto_freqtrade-stuff/NowoIchimoku5mV2 (1).py,repos/PeetCrypto_freqtrade-stuff/NowoIchimoku5mV2 (1).py,original,,,,,not_applicable,original,native,true,false,,,false,false,5m,absent,true,false,long_only,long_only,false,strategy,unspecified,spot,spot_long,,not_run,,,,,,,static_code,provisional,mode and direction agree with static source evidence,sha256_c116db4ee5a1690d8ce7be2b99d2b87f538515889b91816daee557cfc593ca4e
ObeliskIM_v1_1,ObeliskIM_v1_1:3465de64a9dc,ObeliskIM_v1_1,PeetCrypto/freqtrade-stuff,repos/PeetCrypto_freqtrade-stuff/ObeliskIM_v1_1.py,repair/patched/repos/PeetCrypto_freqtrade-stuff/ObeliskIM_v1_1.py,repaired,class2,pandas_removed_keywords,,,strict_equivalent,class2-overlay,native,true,false,,,false,false,5m,absent,true,false,long_only,long_only,false,strategy,unspecified,spot,spot_long,,not_run,,,,,freqai_result_card,,static_code,provisional,mode and direction agree with static source evidence,sha256_3465de64a9dcc82e89499f11cd2176f9ae54681bad4db36ddfeb00b72131200f
ObeliskRSI_v6_1,ObeliskRSI_v6_1:a54a6b898501,ObeliskRSI_v6_1,PeetCrypto/freqtrade-stuff,repos/PeetCrypto_freqtrade-stuff/ObeliskRSI_v6_1.py,repair/patched/repos/PeetCrypto_freqtrade-stuff/ObeliskRSI_v6_1.py,repaired,class2,pandas_removed_keywords,,,strict_equivalent,class2-overlay,native,true,false,,,false,false,5m,absent,true,false,long_only,long_only,false,strategy,unspecified,spot,spot_long,,not_run,,,,,freqai_result_card,,static_code,provisional,mode and direction agree with static source evidence,sha256_a54a6b898501ec815143ae318eb863f92abf35f4083771ea69094488d80c385c
Obelisk_3EMA_StochRSI_ATR,Obelisk_3EMA_StochRSI_ATR:b453f6e4194b,Obelisk_3EMA_StochRSI_ATR,PeetCrypto/freqtrade-stuff,repos/PeetCrypto_freqtrade-stuff/Obelisk_3EMA_StochRSI_ATR.py,repair/patched/repos/PeetCrypto_freqtrade-stuff/Obelisk_3EMA_StochRSI_ATR.py,repaired,class2,pandas_removed_keywords,,,strict_equivalent,class2-overlay,native,true,false,,,false,false,5m,absent,true,false,long_only,long_only,false,strategy,unspecified,spot,spot_long,,not_run,,,,,freqai_result_card,,static_code,provisional,mode and direction agree with static source evidence,sha256_b453f6e4194bc7e9e498613606d21915ed038caf9c97bb2232ad459f9116fa2d
Obelisk_Ichimoku_Slow_v1_3,Obelisk_Ichimoku_Slow_v1_3:167c8ef5bbb5,Obelisk_Ichimoku_Slow_v1_3,PeetCrypto/freqtrade-stuff,repos/PeetCrypto_freqtrade-stuff/Obelisk_Ichimoku_Slow_v1_3.py,repair/patched/repos/PeetCrypto_freqtrade-stuff/Obelisk_Ichimoku_Slow_v1_3.py,repaired,class2,pandas_removed_keywords,,,strict_equivalent,class2-overlay,native,true,false,,,false,false,1h,absent,true,false,long_only,long_only,false,strategy,unspecified,spot,spot_long,,not_run,,,,,freqai_result_card,,static_code,provisional,mode and direction agree with static source evidence,sha256_167c8ef5bbb552d87eacaf14a9c7b0fecb5141443c676938b2f1f4030f549e2f
Obelisk_TradePro_Ichi_v1_1,Obelisk_TradePro_Ichi_v1_1:2d1dd383bd8e,Obelisk_TradePro_Ichi_v1_1,PeetCrypto/freqtrade-stuff,repos/PeetCrypto_freqtrade-stuff/Obelisk_TradePro_Ichi_v1_1.py,repos/PeetCrypto_freqtrade-stuff/Obelisk_TradePro_Ichi_v1_1.py,original,,,,,not_applicable,original,native,true,true,992,4067,true,true,1h,absent,true,false,long_only,long_only,false,strategy,unspecified,spot,spot_long,spot,not_run,,,,5059,historical_ledger,,runtime_full,provisional,mode and direction agree with static source evidence,sha256_2d1dd383bd8e276fd2685544dcb5d5d4e2a23df0224be8219e62888c3102fb34
Obelisk_TradePro_Ichi_v2_1,Obelisk_TradePro_Ichi_v2_1:6b60d2647a28,Obelisk_TradePro_Ichi_v2_1,PeetCrypto/freqtrade-stuff,repos/PeetCrypto_freqtrade-stuff/Obelisk_TradePro_Ichi_v2_1.py,repos/PeetCrypto_freqtrade-stuff/Obelisk_TradePro_Ichi_v2_1.py,original,,,,,not_applicable,original,native,true,true,1303,5116,true,true,1h,absent,true,false,long_only,long_only,false,strategy,unspecified,spot,spot_long,spot,not_run,,,,6419,historical_ledger,,runtime_full,provisional,mode and direction agree with static source evidence,sha256_6b60d2647a280e84ebb8fe540a33a7e47fe4e7e86af40bb65d4de601ffa5ea44
PRICEFOLLOWING,PRICEFOLLOWING:59c51dfde6be,PRICEFOLLOWING,PeetCrypto/freqtrade-stuff,repos/PeetCrypto_freqtrade-stuff/PRICEFOLLOWING (1).py,repos/PeetCrypto_freqtrade-stuff/PRICEFOLLOWING (1).py,original,,,,,not_applicable,original,native,true,true,74,198,true,true,5m,absent,true,false,long_only,long_only,false,strategy,unspecified,spot,spot_long,spot,not_run,,,,272,historical_ledger,,runtime_full,provisional,mode and direction agree with static source evidence,sha256_59c51dfde6be628dbd1690161dc2fb494b1ac1e5c218f78a061bc0563d260075
PRICEFOLLOWING2,PRICEFOLLOWING2:ba1cbc29cfe5,PRICEFOLLOWING2,PeetCrypto/freqtrade-stuff,repos/PeetCrypto_freqtrade-stuff/PRICEFOLLOWING2 (1).py,repos/PeetCrypto_freqtrade-stuff/PRICEFOLLOWING2 (1).py,repaired,class1,environment_compatibility,,,strict_equivalent,original+compatibility-environment,native,true,false,2,,false,true,15m,absent,true,false,long_only,long_only,false,strategy,unspecified,spot,spot_long,spot,not_run,,,,2,class1_result_card,,static_code,provisional,mode and direction agree with static source evidence,sha256_ba1cbc29cfe52bc5bbd26b9d314c9c1ab7b48341800ef08a5f493a527fd3d92e
PRICEFOLLOWINGX,PRICEFOLLOWINGX:7ce6fa9a5c5a,PRICEFOLLOWINGX,PeetCrypto/freqtrade-stuff,repos/PeetCrypto_freqtrade-stuff/PRICEFOLLOWINGX (1).py,repos/PeetCrypto_freqtrade-stuff/PRICEFOLLOWINGX (1).py,original,,,,,not_applicable,original,native,true,true,273,899,true,true,15m,absent,true,false,long_only,long_only,false,strategy,unspecified,spot,spot_long,spot,not_run,,,,1172,historical_ledger,,runtime_full,provisional,mode and direction agree with static source evidence,sha256_7ce6fa9a5c5a63d2860b5b77e6bb47c68e205c79e5da34fd7f1f0ba25d7e3929
Persia,Persia:33ccafd6fae4,Persia,PeetCrypto/freqtrade-stuff,repos/PeetCrypto_freqtrade-stuff/Persia.py,repos/PeetCrypto_freqtrade-stuff/Persia.py,original,,,,,not_applicable,original,native,true,false,,,false,false,5m,absent,true,false,long_only,long_only,false,strategy,unspecified,spot,spot_long,,not_run,,,,,,,static_code,provisional,mode and direction agree with static source evidence,sha256_33ccafd6fae4d8191d8c3dd957cd21b300833457c0aca9c4d00aa1260ce249e6
Pmax,Pmax:0d4334112a7d,Pmax,PeetCrypto/freqtrade-stuff,repos/PeetCrypto_freqtrade-stuff/Pmax.py,repos/PeetCrypto_freqtrade-stuff/Pmax.py,original,,,,,not_applicable,original,native,true,false,,,false,false,5m,absent,true,false,long_only,long_only,false,strategy,unspecified,spot,spot_long,,not_run,,,,,,,static_code,provisional,mode and direction agree with static source evidence,sha256_0d4334112a7d884ccb3d46f071af464f7c414c704402e066d30be8c48aa3f1a1
PrawnstarOBV,PrawnstarOBV:3534921aec10,PrawnstarOBV,PeetCrypto/freqtrade-stuff,repos/PeetCrypto_freqtrade-stuff/PrawnstarOBV.py,repos/PeetCrypto_freqtrade-stuff/PrawnstarOBV.py,original,,,,,not_applicable,original,native,true,true,1496,5570,true,true,1h,absent,true,false,long_only,long_only,false,strategy,unspecified,spot,spot_long,spot,not_run,,,,7066,historical_ledger,,runtime_full,provisional,mode and direction agree with static source evidence,sha256_3534921aec10205007986be7356c427b457e567679526d367bd3ae68a2edc889
Prediction_Strategy,Prediction_Strategy:cb4c9523b5b3,Prediction_Strategy,PeetCrypto/freqtrade-stuff,repos/PeetCrypto_freqtrade-stuff/Prediction_Strategy.py,repos/PeetCrypto_freqtrade-stuff/Prediction_Strategy.py,original,,,,,not_applicable,original,native,true,false,,,false,false,1h,absent,true,false,long_only,long_only,false,strategy,unspecified,spot,spot_long,,not_run,,,,,,,static_code,provisional,mode and direction agree with static source evidence,sha256_cb4c9523b5b38a9bc87112156d573affc87b23cdeadc328bbd33071c10d2d55b
QuickBuyStrategy,QuickBuyStrategy:7ff610b1bed5,QuickBuyStrategy,PeetCrypto/freqtrade-stuff,repos/PeetCrypto_freqtrade-stuff/QuickBuyStrategy.py,repos/PeetCrypto_freqtrade-stuff/QuickBuyStrategy.py,original,,,,,not_applicable,original,native,true,false,,,false,false,1hr,absent,true,false,long_only,long_only,false,strategy,unspecified,spot,spot_long,,not_run,,,,,,,static_code,provisional,mode and direction agree with static source evidence,sha256_7ff610b1bed5a8fefe87455d43fb86afa97fe6644a21899ca32024f974ce108d
Quickie,Quickie:79be21c3eea3,Quickie,PeetCrypto/freqtrade-stuff,repos/PeetCrypto_freqtrade-stuff/Quickie.py,repos/PeetCrypto_freqtrade-stuff/Quickie.py,original,,,,,not_applicable,original,native,true,true,1780,5896,true,true,5m,absent,true,false,long_only,long_only,false,strategy,unspecified,spot,spot_long,spot,not_run,,,,7676,historical_ledger,,runtime_full,provisional,mode and direction agree with static source evidence,sha256_79be21c3eea3f5f0e7c3cb3b449ec1691949e286462715afe6e79f69f036f14d
RSIDivTirail,RSIDivTirail:99148c68949e,RSIDivTirail,PeetCrypto/freqtrade-stuff,repos/PeetCrypto_freqtrade-stuff/RSIDivergence.py,repos/PeetCrypto_freqtrade-stuff/RSIDivergence.py,original,,,,,not_applicable,original,native,true,false,,,false,false,5m,absent,true,false,long_only,long_only,false,strategy,unspecified,spot,spot_long,,not_run,,,,,,,static_code,provisional,mode and direction agree with static source evidence,sha256_99148c68949e703e60de0e6e33dec1e55711a30f6c39bcb4df053061a59def48
RalliV1_disable56,RalliV1_disable56:623e39c7d09c,RalliV1_disable56,PeetCrypto/freqtrade-stuff,repos/PeetCrypto_freqtrade-stuff/RalliV1_disable56.py,repos/PeetCrypto_freqtrade-stuff/RalliV1_disable56.py,original,,,,,not_applicable,original,native,true,true,145,506,true,true,5m,absent,true,false,long_only,long_only,false,strategy,unspecified,spot,spot_long,spot,not_run,,,,651,historical_ledger,,runtime_full,provisional,mode and direction agree with static source evidence,sha256_623e39c7d09c83ffcc98a081ae488607e77b7e08a82fc92e571ccce2b8e4129b
ReinforcedAverageStrategy,ReinforcedAverageStrategy:9fb9bec08a64,ReinforcedAverageStrategy,PeetCrypto/freqtrade-stuff,repos/PeetCrypto_freqtrade-stuff/ReinforcedAverageStrategy.py,repos/PeetCrypto_freqtrade-stuff/ReinforcedAverageStrategy.py,original,,,,,not_applicable,original,native,true,true,164,999,true,true,4h,absent,true,false,long_only,long_only,false,strategy,unspecified,spot,spot_long,spot,not_run,,,,1163,historical_ledger,,runtime_full,provisional,mode and direction agree with static source evidence,sha256_9fb9bec08a64b96822d3219baa7f6efc3a000cad999afc9d18f27ef532a4c773
ReinforcedQuickie,ReinforcedQuickie:5d02feda60fc,ReinforcedQuickie,PeetCrypto/freqtrade-stuff,repos/PeetCrypto_freqtrade-stuff/ReinforcedQuickie.py,repos/PeetCrypto_freqtrade-stuff/ReinforcedQuickie.py,original,,,,,not_applicable,original,native,true,true,5080,18998,true,true,5m,absent,true,false,long_only,long_only,false,strategy,unspecified,spot,spot_long,spot,not_run,,,,24078,historical_ledger,,runtime_full,provisional,mode and direction agree with static source evidence,sha256_5d02feda60fc05891ead720df93246e00d82d40b89485eef947d6ccd580d66ff
Renko,Renko:7e11ea5041e5,Renko,PeetCrypto/freqtrade-stuff,repos/PeetCrypto_freqtrade-stuff/Renko.py,repos/PeetCrypto_freqtrade-stuff/Renko.py,original,,,,,not_applicable,original,native,true,true,11,113,true,true,15m,absent,true,false,long_only,long_only,false,strategy,unspecified,spot,spot_long,spot,not_run,,,,124,historical_ledger,,runtime_full,provisional,mode and direction agree with static source evidence,sha256_7e11ea5041e5bf77f24c4c3f4725683bebabeac627d281172e0571d92cb3e295
RenkoYolo,RenkoYolo:99cddd5812cd,RenkoYolo,PeetCrypto/freqtrade-stuff,repos/PeetCrypto_freqtrade-stuff/RenkoYolo (1).py,repos/PeetCrypto_freqtrade-stuff/RenkoYolo (1).py,original,,,,,not_applicable,original,native,true,false,,,false,false,15m,absent,true,false,long_only,long_only,false,strategy,unspecified,spot,spot_long,,not_run,,,,,,,static_code,provisional,mode and direction agree with static source evidence,sha256_99cddd5812cd0e7501debd895a33f694d8071da235cb29c8a0755b1bd85ee275
SAR,SAR:d71a46b22ac3,SAR,PeetCrypto/freqtrade-stuff,repos/PeetCrypto_freqtrade-stuff/SAR (1).py,repos/PeetCrypto_freqtrade-stuff/SAR (1).py,original,,,,,not_applicable,original,native,true,true,16632,14248,true,true,5m,absent,true,false,long_only,long_only,false,strategy,unspecified,spot,spot_long,spot,not_run,,,,30880,historical_ledger,,runtime_full,provisional,mode and direction agree with static source evidence,sha256_d71a46b22ac34d252e2325d2e1f0fcfdceb9048fed3e3021e297d74a5442ea60
SMAIP3v2,SMAIP3v2:0817ed90c97b,SMAIP3v2,PeetCrypto/freqtrade-stuff,repos/PeetCrypto_freqtrade-stuff/SMAIP3v2.py,repos/PeetCrypto_freqtrade-stuff/SMAIP3v2.py,original,,,,,not_applicable,original,native,true,true,95,376,true,true,5m,absent,true,false,long_only,long_only,false,strategy,unspecified,spot,spot_long,spot,not_run,,,,471,historical_ledger,,runtime_full,provisional,mode and direction agree with static source evidence,sha256_0817ed90c97b04f2786c1c3100d61c933599f32916b44f3d0f8adfca62eb0665
SMAOPv1_TTF,SMAOPv1_TTF:b7aefac2ea10,SMAOPv1_TTF,PeetCrypto/freqtrade-stuff,repos/PeetCrypto_freqtrade-stuff/SMAOPv1_TTF.py,repos/PeetCrypto_freqtrade-stuff/SMAOPv1_TTF.py,original,,,,,not_applicable,original,native,true,false,,,false,false,5m,absent,true,false,long_only,long_only,false,strategy,unspecified,spot,spot_long,,not_run,,,,,,,static_code,provisional,mode and direction agree with static source evidence,sha256_b7aefac2ea1094a8942b92ca9d4c50e252aa3afd3d9e3653c52a2099053f68ed
SMAOffset,SMAOffset:21845e9a1cf6,SMAOffset,PeetCrypto/freqtrade-stuff,repos/PeetCrypto_freqtrade-stuff/SMAOffset.py,repos/PeetCrypto_freqtrade-stuff/SMAOffset.py,original,,,,,not_applicable,original,native,true,true,483,1625,true,true,5m,absent,true,false,long_only,long_only,false,strategy,unspecified,spot,spot_long,spot,not_run,,,,2108,historical_ledger,,runtime_full,provisional,mode and direction agree with static source evidence,sha256_21845e9a1cf6c02bad9769be970c1e877e86dedc2459f6eb46c7ef6dcf74bb33
SMAOffsetProtectOptV0,SMAOffsetProtectOptV0:ba358abb0b7b,SMAOffsetProtectOptV0,PeetCrypto/freqtrade-stuff,repos/PeetCrypto_freqtrade-stuff/SMAOffsetProtectOptV0.py,repos/PeetCrypto_freqtrade-stuff/SMAOffsetProtectOptV0.py,original,,,,,not_applicable,original,native,true,true,33,220,true,true,5m,absent,true,false,long_only,long_only,false,strategy,unspecified,spot,spot_long,spot,not_run,,,,253,historical_ledger,,runtime_full,provisional,mode and direction agree with static source evidence,sha256_ba358abb0b7bbcc16603229516ff04563b20e1519fe1b6c7e061b748ad6fa948
SMAOffsetProtectOptV1HO1,SMAOffsetProtectOptV1HO1:6a0ad15e1c2d,SMAOffsetProtectOptV1HO1,PeetCrypto/freqtrade-stuff,repos/PeetCrypto_freqtrade-stuff/SMAOffsetProtectOptV1HO1 (1).py,repos/PeetCrypto_freqtrade-stuff/SMAOffsetProtectOptV1HO1 (1).py,original,,,,,not_applicable,original,native,true,true,219,1014,true,true,5m,absent,true,false,long_only,long_only,false,strategy,unspecified,spot,spot_long,spot,not_run,,,,1233,historical_ledger,,runtime_full,provisional,mode and direction agree with static source evidence,sha256_6a0ad15e1c2d79ed5b51ac9efd9725dfa07d39523ba274d7131631f162cbb51a
SMAOffsetProtectOptV1Mod2,SMAOffsetProtectOptV1Mod2:d6cf62f3753e,SMAOffsetProtectOptV1Mod2,PeetCrypto/freqtrade-stuff,repos/PeetCrypto_freqtrade-stuff/SMAOffsetProtectOptV1Mod2_antipump (1).py,repos/PeetCrypto_freqtrade-stuff/SMAOffsetProtectOptV1Mod2_antipump (1).py,original,,,,,not_applicable,original,native,true,true,27,179,true,true,5m,absent,true,false,long_only,long_only,false,strategy,unspecified,spot,spot_long,spot,not_run,,,,206,historical_ledger,,runtime_full,provisional,mode and direction agree with static source evidence,sha256_d6cf62f3753e1b1ab1aaea6b4ddb1efe9632d5e6f2cdf2b5bf8faa95dfd2c0ab
SMAOffsetV2,SMAOffsetV2:34e0584ebcfc,SMAOffsetV2,PeetCrypto/freqtrade-stuff,repos/PeetCrypto_freqtrade-stuff/SMAOffsetV2 (1).py,repos/PeetCrypto_freqtrade-stuff/SMAOffsetV2 (1).py,original,,,,,not_applicable,original,native,true,true,187,607,true,true,5m,absent,true,false,long_only,long_only,false,strategy,unspecified,spot,spot_long,spot,not_run,,,,794,historical_ledger,,runtime_full,provisional,mode and direction agree with static source evidence,sha256_34e0584ebcfc856146c507a49e30684ff3eff356aef78756736f6be5e7bf2d67
Sar,Sar:fc709c4daddd,Sar,PeetCrypto/freqtrade-stuff,repos/PeetCrypto_freqtrade-stuff/Sar.py,repos/PeetCrypto_freqtrade-stuff/Sar.py,original,,,,,not_applicable,original,native,true,true,3105,9619,true,true,5m,absent,true,false,long_only,long_only,false,strategy,unspecified,spot,spot_long,spot,not_run,,,,12724,historical_ledger,,runtime_full,provisional,mode and direction agree with static source evidence,sha256_fc709c4daddd4e24ceed8dc1263697c7a6ec2f179086c8555709d5bf77fec9a4
Saturn5,Saturn5:916824f746d7,Saturn5,PeetCrypto/freqtrade-stuff,repos/PeetCrypto_freqtrade-stuff/Saturn5.py,repos/PeetCrypto_freqtrade-stuff/Saturn5.py,original,,,,,not_applicable,original,native,true,true,761,2595,true,true,15m,absent,true,false,long_only,long_only,false,strategy,unspecified,spot,spot_long,spot,not_run,,,,3356,historical_ledger,,runtime_full,provisional,mode and direction agree with static source evidence,sha256_916824f746d7448d3f9817f23129003b6eb16099375aaa86faff761a3fa54ddd
Scalp,Scalp:e7dca7c74ce5,Scalp,PeetCrypto/freqtrade-stuff,repos/PeetCrypto_freqtrade-stuff/Scalp.py,repos/PeetCrypto_freqtrade-stuff/Scalp.py,original,,,,,not_applicable,original,native,true,true,13597,14817,true,true,1m,absent,true,false,long_only,long_only,false,strategy,unspecified,spot,spot_long,spot,not_run,,,,28414,historical_ledger,,runtime_full,provisional,mode and direction agree with static source evidence,sha256_e7dca7c74ce5ef04cceca52f988463828242e66cc9aaefe8bcef8ea63db2720d
ScalpingCCI,ScalpingCCI:da37b8455217,ScalpingCCI,PeetCrypto/freqtrade-stuff,repos/PeetCrypto_freqtrade-stuff/ScalpingCCI.py,repair/patched/repos/PeetCrypto_freqtrade-stuff/ScalpingCCI.py,repaired,class2,pandas_removed_keywords,,,strict_equivalent,class2-overlay,native,true,false,,,false,false,,absent,true,false,long_only,long_only,false,strategy,unspecified,spot,spot_long,,not_run,,,,,freqai_result_card,,static_code,provisional,mode and direction agree with static source evidence,sha256_da37b845521712bcc379913f69bcd1efffa5e32aefa34a7e275adad9c09f5ca1
Schism,Schism:bd361bf697ce,Schism,PeetCrypto/freqtrade-stuff,repos/PeetCrypto_freqtrade-stuff/Schism-0318.py,repos/PeetCrypto_freqtrade-stuff/Schism-0318.py,original,,,,,not_applicable,original,native,true,false,,,false,false,5m,absent,true,false,long_only,long_only,false,strategy,unspecified,spot,spot_long,,not_run,,,,,,,static_code,provisional,mode and direction agree with static source evidence,sha256_bd361bf697ce83293bfcf3ab16927ceae30e19adacb148fc84b7ed33ece86bf9
Schism3,Schism3:3e641ed1d3de,Schism3,PeetCrypto/freqtrade-stuff,repos/PeetCrypto_freqtrade-stuff/Schism-v1.3.py,repos/PeetCrypto_freqtrade-stuff/Schism-v1.3.py,repaired,class1,environment_compatibility,,,strict_equivalent,original+compatibility-environment,native,true,false,1800,,false,true,5m,absent,true,false,long_only,long_only,false,strategy,unspecified,spot,spot_long,spot,not_run,,,,3631,class1_result_card,,static_code,provisional,mode and direction agree with static source evidence,sha256_3e641ed1d3de0fff9193f38d841f0714cfed63e397b395e8a301bb740b5f3e7f
Schism4,Schism4:8c70df08eac9,Schism4,PeetCrypto/freqtrade-stuff,repos/PeetCrypto_freqtrade-stuff/Schism-v1.4.py,repos/PeetCrypto_freqtrade-stuff/Schism-v1.4.py,repaired,class1,environment_compatibility,,,strict_equivalent,original+compatibility-environment,native,true,false,2021,,false,true,5m,absent,true,false,long_only,long_only,false,strategy,unspecified,spot,spot_long,spot,not_run,,,,993,class1_result_card,,static_code,provisional,mode and direction agree with static source evidence,sha256_8c70df08eac9fc5c931c964924f6f241c4da941c2933aa097a8f49e5813f65ea
Schism5,Schism5:43fa75772630,Schism5,PeetCrypto/freqtrade-stuff,repos/PeetCrypto_freqtrade-stuff/Schism-v1.5.py,repos/PeetCrypto_freqtrade-stuff/Schism-v1.5.py,original,,,,,not_applicable,original,native,true,false,,,false,false,5m,absent,true,false,long_only,long_only,false,strategy,unspecified,spot,spot_long,,not_run,,,,,,,static_code,provisional,mode and direction agree with static source evidence,sha256_43fa7577263088b1fe1b68682c95f2e18bd42ac4fb43b9a1fb46d7e03090265d
Schism6,Schism6:81e545115b8e,Schism6,PeetCrypto/freqtrade-stuff,repos/PeetCrypto_freqtrade-stuff/Schism-v1.6.py,repos/PeetCrypto_freqtrade-stuff/Schism-v1.6.py,original,,,,,not_applicable,original,native,true,false,,,false,false,5m,absent,true,false,long_only,long_only,false,strategy,unspecified,spot,spot_long,,not_run,,,,,,,static_code,provisional,mode and direction agree with static source evidence,sha256_81e545115b8ef014a443fb46477408d0509fa9e22231f3d68dd2b38dd655febc
Schism2,Schism2:da17435ebbcc,Schism2,PeetCrypto/freqtrade-stuff,repos/PeetCrypto_freqtrade-stuff/Schism-v2.py,repos/PeetCrypto_freqtrade-stuff/Schism-v2.py,original,,,,,not_applicable,original,native,true,false,,,false,false,5m,absent,true,false,long_only,long_only,false,strategy,unspecified,spot,spot_long,,not_run,,,,,,,static_code,provisional,mode and direction agree with static source evidence,sha256_da17435ebbcc2bddc7b9d19553652af7fbef838342586ef52b5486e2bac62f9b
Schism2MM,Schism2MM:3c910a0df075,Schism2MM,PeetCrypto/freqtrade-stuff,repos/PeetCrypto_freqtrade-stuff/Schism2MM.py,repos/PeetCrypto_freqtrade-stuff/Schism2MM.py,original,,,,,not_applicable,original,native,true,true,6,11,true,true,5m,absent,true,false,long_only,long_only,false,strategy,unspecified,spot,spot_long,spot,not_run,,,,17,historical_ledger,,runtime_full,provisional,mode and direction agree with static source evidence,sha256_3c910a0df0752ea8c4e76e64dafe574a8f46febbdc240aa3930dc0c69155ac1d
Seb,Seb:7523b678ca65,Seb,PeetCrypto/freqtrade-stuff,repos/PeetCrypto_freqtrade-stuff/Seb.py,repos/PeetCrypto_freqtrade-stuff/Seb.py,original,,,,,not_applicable,original,native,true,true,3221,10726,true,true,5m,absent,true,false,long_only,long_only,false,strategy,unspecified,spot,spot_long,spot,not_run,,,,13947,historical_ledger,,runtime_full,provisional,mode and direction agree with static source evidence,sha256_7523b678ca65e9a98edb4bdbbe0499f6b886cf5c88cd11b78d8aba6955788a18
Simple,Simple:94180c925365,Simple,PeetCrypto/freqtrade-stuff,repos/PeetCrypto_freqtrade-stuff/Simple.py,repos/PeetCrypto_freqtrade-stuff/Simple.py,original,,,,,not_applicable,original,native,true,true,4701,11974,true,true,5m,absent,true,false,long_only,long_only,false,strategy,unspecified,spot,spot_long,spot,not_run,,,,16675,historical_ledger,,runtime_full,provisional,mode and direction agree with static source evidence,sha256_94180c92536515ed957b297fe6cae74ca4ad4c2128b36d91d6b8bd5c312c5b83
Slowbro,Slowbro:021729094e3a,Slowbro,PeetCrypto/freqtrade-stuff,repos/PeetCrypto_freqtrade-stuff/Slowbro.py,repos/PeetCrypto_freqtrade-stuff/Slowbro.py,original,,,,,not_applicable,original,native,true,true,21,74,true,true,1h,absent,true,false,long_only,long_only,false,strategy,unspecified,spot,spot_long,spot,not_run,,,,95,historical_ledger,,runtime_full,provisional,mode and direction agree with static source evidence,sha256_021729094e3a95a70ac5c52b23ffdf91243982106455f344f16f36847e92bbda
SmoothOperator,SmoothOperator:d87471094a60,SmoothOperator,PeetCrypto/freqtrade-stuff,repos/PeetCrypto_freqtrade-stuff/SmoothOperator.py,repos/PeetCrypto_freqtrade-stuff/SmoothOperator.py,original,,,,,not_applicable,original,native,true,true,4081,13046,true,true,5m,absent,true,false,long_only,long_only,false,strategy,unspecified,spot,spot_long,spot,not_run,,,,17127,historical_ledger,,runtime_full,provisional,mode and direction agree with static source evidence,sha256_d87471094a60fd1b65d14b205045c5680da5779eb909fb95b9aa2e4678878aaf
SmoothScalp,SmoothScalp:0364d41573bb,SmoothScalp,PeetCrypto/freqtrade-stuff,repos/PeetCrypto_freqtrade-stuff/SmoothScalp.py,repos/PeetCrypto_freqtrade-stuff/SmoothScalp.py,original,,,,,not_applicable,original,native,true,true,8950,17286,true,true,1m,absent,true,false,long_only,long_only,false,strategy,unspecified,spot,spot_long,spot,not_run,,,,26236,historical_ledger,,runtime_full,provisional,mode and direction agree with static source evidence,sha256_0364d41573bbaa271449efa84c2b8daa2160c284dd643eada173cc5e3cb01f1f
SolipsisCon,SolipsisCon:4ce1ee4cb639,SolipsisCon,PeetCrypto/freqtrade-stuff,repos/PeetCrypto_freqtrade-stuff/Solipsis-Con-v1.py,repos/PeetCrypto_freqtrade-stuff/Solipsis-Con-v1.py,original,,,,,not_applicable,original,native,true,false,1959,,false,false,5m,absent,true,false,long_only,long_only,false,strategy,unspecified,spot,spot_long,,not_run,,,,,,,static_code,provisional,mode and direction agree with static source evidence,sha256_4ce1ee4cb639a5183a74dbee26ab88fe5e00b0b88aeb9b564d85ff8311821986
Solipsis,Solipsis:c995fcc9ccee,Solipsis,PeetCrypto/freqtrade-stuff,repos/PeetCrypto_freqtrade-stuff/Solipsis-tradedbexp.py,repos/PeetCrypto_freqtrade-stuff/Solipsis-tradedbexp.py,original,,,,,not_applicable,original,native,true,false,,,false,false,5m,absent,true,false,long_only,long_only,false,strategy,unspecified,spot,spot_long,,not_run,,,,,,,static_code,provisional,mode and direction agree with static source evidence,sha256_c995fcc9ccee23df67ffb775b16391f0f9ce0759160d40d67fbd44dca83df3eb
Solipsis5,Solipsis5:8fa173b9732a,Solipsis5,PeetCrypto/freqtrade-stuff,repos/PeetCrypto_freqtrade-stuff/Solipsis-v2.5.py,repos/PeetCrypto_freqtrade-stuff/Solipsis-v2.5.py,original,,,,,not_applicable,original,native,true,false,,,false,false,5m,absent,true,false,long_only,long_only,false,strategy,unspecified,spot,spot_long,,not_run,,,,,,,static_code,provisional,mode and direction agree with static source evidence,sha256_8fa173b9732af996949f25e5d8af809b3e2fe4d8be29560ae1a43a91fef8cc83
Solipsis6,Solipsis6:10d3307231ad,Solipsis6,PeetCrypto/freqtrade-stuff,repos/PeetCrypto_freqtrade-stuff/Solipsis-v2.6.py,repos/PeetCrypto_freqtrade-stuff/Solipsis-v2.6.py,original,,,,,not_applicable,original,native,true,false,,,false,false,5m,absent,true,false,long_only,long_only,false,strategy,unspecified,spot,spot_long,,not_run,,,,,,,static_code,provisional,mode and direction agree with static source evidence,sha256_10d3307231ad4c1c3189d1aaf69a303a98daeefc5f739e7321f2739d3f806899
Solipsis3,Solipsis3:3cce8566c0e6,Solipsis3,PeetCrypto/freqtrade-stuff,repos/PeetCrypto_freqtrade-stuff/Solipsis-v3-fuck (1).py,repos/PeetCrypto_freqtrade-stuff/Solipsis-v3-fuck (1).py,original,,,,,not_applicable,original,native,true,false,,,false,false,5m,absent,true,false,long_only,long_only,false,strategy,unspecified,spot,spot_long,,not_run,,,,,,,static_code,provisional,mode and direction agree with static source evidence,sha256_3cce8566c0e638bff0d1f206b96a75ee57538df9aec1207d32496de538fbdd98
SolipsisMM,SolipsisMM:32e2d5db21f4,SolipsisMM,PeetCrypto/freqtrade-stuff,repos/PeetCrypto_freqtrade-stuff/SolipsisMM.py,repos/PeetCrypto_freqtrade-stuff/SolipsisMM.py,original,,,,,not_applicable,original,native,true,false,,,false,false,5m,absent,true,false,long_only,long_only,false,strategy,unspecified,spot,spot_long,,not_run,,,,,,,static_code,provisional,mode and direction agree with static source evidence,sha256_32e2d5db21f4f692902babb0ed2803e5494dd921b8a7032900d63d57313bbddf
Solipsis4,Solipsis4:f483e328f49a,Solipsis4,PeetCrypto/freqtrade-stuff,repos/PeetCrypto_freqtrade-stuff/Solipsis_v4.py,repos/PeetCrypto_freqtrade-stuff/Solipsis_v4.py,original,,,,,not_applicable,original,native,true,false,,,false,false,5m,absent,true,false,long_only,long_only,false,strategy,unspecified,spot,spot_long,,not_run,,,,,,,static_code,provisional,mode and direction agree with static source evidence,sha256_f483e328f49a1f55415de3f1e0b020da9277686a4233dc127d3b8b732b115233
SqueezeMomentum,SqueezeMomentum:6fcb840e9fe1,SqueezeMomentum,PeetCrypto/freqtrade-stuff,repos/PeetCrypto_freqtrade-stuff/SqueezeMomentum.py,repos/PeetCrypto_freqtrade-stuff/SqueezeMomentum.py,original,,,,,not_applicable,original,native,true,false,,,false,false,5m,absent,true,false,long_only,long_only,false,strategy,unspecified,spot,spot_long,,not_run,,,,,,,static_code,provisional,mode and direction agree with static source evidence,sha256_6fcb840e9fe1bcd53d5cfed154131b5ed0dfc71f6ded389f6990c2731147769a
Stinkfist,Stinkfist:c67001ef6a5f,Stinkfist,PeetCrypto/freqtrade-stuff,repos/PeetCrypto_freqtrade-stuff/Stinkfist.py,repair/patched/repos/PeetCrypto_freqtrade-stuff/Stinkfist.py,repaired,class2,pandas_removed_keywords,,,strict_equivalent,class2-overlay,native,true,false,,,false,false,5m,absent,true,false,long_only,long_only,false,strategy,unspecified,spot,spot_long,,not_run,,,,,freqai_result_card,,static_code,provisional,mode and direction agree with static source evidence,sha256_c67001ef6a5f72f9080cf1da2f03247b5ac70550ab7bc303e4b83a23698e744a
StochRSITEMA,StochRSITEMA:fe2b7dde3da3,StochRSITEMA,PeetCrypto/freqtrade-stuff,repos/PeetCrypto_freqtrade-stuff/StochRSITEMA.py,repos/PeetCrypto_freqtrade-stuff/StochRSITEMA.py,original,,,,,not_applicable,original,native,true,true,1004,3538,true,true,5m,absent,true,false,long_only,long_only,false,strategy,unspecified,spot,spot_long,spot,not_run,,,,4542,historical_ledger,,runtime_full,provisional,mode and direction agree with static source evidence,sha256_fe2b7dde3da374b2cb305ccb389e177d7fed55ecaebf7aca11f5e0ee1f49b187
SuperHV27,SuperHV27:e46029e72411,SuperHV27,PeetCrypto/freqtrade-stuff,repos/PeetCrypto_freqtrade-stuff/SuperHV27.py,repos/PeetCrypto_freqtrade-stuff/SuperHV27.py,original,,,,,not_applicable,original,native,true,false,,,false,false,5m,absent,true,false,long_only,long_only,false,strategy,unspecified,spot,spot_long,,not_run,,,,,,,static_code,provisional,mode and direction agree with static source evidence,sha256_e46029e72411f0393eb7c1382f939d0abc9db7d6b8a8412551585d9ed59f2f2b
SuperTrend,SuperTrend:8906a5d26582,SuperTrend,PeetCrypto/freqtrade-stuff,repos/PeetCrypto_freqtrade-stuff/SuperTrend (1).py,repos/PeetCrypto_freqtrade-stuff/SuperTrend (1).py,repaired,class1,environment_compatibility,,,strict_equivalent,original+compatibility-environment,native,true,false,2353,,false,true,1m,absent,true,false,long_only,long_only,false,strategy,unspecified,spot,spot_long,spot,not_run,,,,2219,class1_result_card,,static_code,provisional,mode and direction agree with static source evidence,sha256_8906a5d26582e786bffdff1c24256d6ad6c953180686275ef240c4778ee04dc6
SuperTrendPure,SuperTrendPure:583ab2946233,SuperTrendPure,PeetCrypto/freqtrade-stuff,repos/PeetCrypto_freqtrade-stuff/SuperTrendPure.py,repos/PeetCrypto_freqtrade-stuff/SuperTrendPure.py,original,,,,,not_applicable,original,native,true,false,,,false,false,1h,absent,true,false,long_only,long_only,false,strategy,unspecified,spot,spot_long,,not_run,,,,,,,static_code,provisional,mode and direction agree with static source evidence,sha256_583ab2946233f3f32168948efc2db64ba0fdc3396032054803cfe486c0d437ef
Supertrend,Supertrend:d31eb33fc533,Supertrend,PeetCrypto/freqtrade-stuff,repos/PeetCrypto_freqtrade-stuff/Supertrend.py,repos/PeetCrypto_freqtrade-stuff/Supertrend.py,original,,,,,not_applicable,original,native,true,false,,,false,false,5m,absent,true,false,long_only,long_only,false,strategy,unspecified,spot,spot_long,,not_run,,,,,,,static_code,provisional,mode and direction agree with static source evidence,sha256_d31eb33fc5335531465394d4d7037b1139a28143e5be962940c0fda195438b9a
SupertrendStrategy,SupertrendStrategy:8b39ab2f2568,SupertrendStrategy,PeetCrypto/freqtrade-stuff,repos/PeetCrypto_freqtrade-stuff/SupertrendStrategy.py,repos/PeetCrypto_freqtrade-stuff/SupertrendStrategy.py,original,,,,,not_applicable,original,native,true,true,718,3102,true,true,1h,absent,true,false,long_only,long_only,false,strategy,unspecified,spot,spot_long,spot,not_run,,,,3820,historical_ledger,,runtime_full,provisional,mode and direction agree with static source evidence,sha256_8b39ab2f256898d62a73d8ac44ad39d827ad22c8083e6a9509a78295f3d2a090
SwingHigh,SwingHigh:7a62b0ee70e7,SwingHigh,PeetCrypto/freqtrade-stuff,repos/PeetCrypto_freqtrade-stuff/SwingHigh.py,repos/PeetCrypto_freqtrade-stuff/SwingHigh.py,original,,,,,not_applicable,original,native,true,false,,,false,false,,absent,true,false,long_only,long_only,false,strategy,unspecified,spot,spot_long,,not_run,,,,,,,static_code,provisional,mode and direction agree with static source evidence,sha256_7a62b0ee70e70bbe2efbc58eefd81311139527db201f0c121b7d2b5aaf65597d
SwingHighToSky,SwingHighToSky:73facc48a003,SwingHighToSky,PeetCrypto/freqtrade-stuff,repos/PeetCrypto_freqtrade-stuff/SwingHighToSky.py,repos/PeetCrypto_freqtrade-stuff/SwingHighToSky.py,original,,,,,not_applicable,original,native,true,true,1303,4802,true,true,15m,absent,true,false,long_only,long_only,false,strategy,unspecified,spot,spot_long,spot,not_run,,,,6105,historical_ledger,,runtime_full,provisional,mode and direction agree with static source evidence,sha256_73facc48a0031bc1e90d195ada426fea50a063c1a8de7e5faab937a9a795e45f
TDSequentialStrategy,TDSequentialStrategy:18c8e9e537d1,TDSequentialStrategy,PeetCrypto/freqtrade-stuff,repos/PeetCrypto_freqtrade-stuff/TDSequentialStrategy.py,repos/PeetCrypto_freqtrade-stuff/TDSequentialStrategy.py,original,,,,,not_applicable,original,native,true,true,1017,3570,true,true,1h,absent,true,false,long_only,long_only,false,strategy,unspecified,spot,spot_long,spot,not_run,,,,4587,historical_ledger,,runtime_full,provisional,mode and direction agree with static source evidence,sha256_18c8e9e537d1855db07ecbb50a1cf56c3813015228f81f3140503ef7fad6c254
TEMA,TEMA:59e0f6c50d86,TEMA,PeetCrypto/freqtrade-stuff,repos/PeetCrypto_freqtrade-stuff/TEMA.py,repos/PeetCrypto_freqtrade-stuff/TEMA.py,original,,,,,not_applicable,original,native,true,true,12845,12313,true,true,1m,absent,true,false,long_only,long_only,false,strategy,unspecified,spot,spot_long,spot,not_run,,,,25158,historical_ledger,,runtime_full,provisional,mode and direction agree with static source evidence,sha256_59e0f6c50d86dbaabee59573d940d2005aa2e59a7198cd48dc95cea9d558a7b8
TechnicalExampleStrategy,TechnicalExampleStrategy:20911a433b0e,TechnicalExampleStrategy,PeetCrypto/freqtrade-stuff,repos/PeetCrypto_freqtrade-stuff/TechnicalExampleStrategy.py,repos/PeetCrypto_freqtrade-stuff/TechnicalExampleStrategy.py,original,,,,,not_applicable,original,native,true,true,10860,13570,true,true,5m,absent,true,false,long_only,long_only,false,strategy,unspecified,spot,spot_long,spot,not_run,,,,24430,historical_ledger,,runtime_full,provisional,mode and direction agree with static source evidence,sha256_20911a433b0ef0e1c152bf697364aafe29ec31d0e5aa4fffb840189ecb0883ed
Test_MAMA4,Test_MAMA4:d6e1444c50e3,Test_MAMA4,PeetCrypto/freqtrade-stuff,repos/PeetCrypto_freqtrade-stuff/Test_MAMA4.py,repos/PeetCrypto_freqtrade-stuff/Test_MAMA4.py,original,,,,,not_applicable,original,native,true,false,,,false,false,5m,absent,true,false,long_only,long_only,false,strategy,unspecified,spot,spot_long,,not_run,,,,,,,static_code,provisional,mode and direction agree with static source evidence,sha256_d6e1444c50e3f75888a5bf899e363c6b20334b41422c4bd68410242af66644bd
TheForce,TheForce:dc3537c5cbe9,TheForce,PeetCrypto/freqtrade-stuff,repos/PeetCrypto_freqtrade-stuff/TheForce.py,repos/PeetCrypto_freqtrade-stuff/TheForce.py,original,,,,,not_applicable,original,native,true,true,11971,12117,true,true,15m,absent,true,false,long_only,long_only,false,strategy,unspecified,spot,spot_long,spot,not_run,,,,24088,historical_ledger,,runtime_full,provisional,mode and direction agree with static source evidence,sha256_dc3537c5cbe9d1d80e0db442a4ceef2fcd0ba7ccf40bd637515ec20a3f661485
TheRealPullbackV2,TheRealPullbackV2:631a50d574af,TheRealPullbackV2,PeetCrypto/freqtrade-stuff,repos/PeetCrypto_freqtrade-stuff/TheRealPullbackV2.py,repos/PeetCrypto_freqtrade-stuff/TheRealPullbackV2.py,original,,,,,not_applicable,original,native,true,true,229,689,true,true,5m,absent,true,false,long_only,long_only,false,strategy,unspecified,spot,spot_long,spot,not_run,,,,918,historical_ledger,,runtime_full,provisional,mode and direction agree with static source evidence,sha256_631a50d574af0e0cb36a3cb538c4abe04614c4dcbf7afbfd2d8efc5bb97a19fc
ThreeCommasStrategy,ThreeCommasStrategy:20ff244beae0,ThreeCommasStrategy,PeetCrypto/freqtrade-stuff,repos/PeetCrypto_freqtrade-stuff/ThreeCommasStrategy.py,repos/PeetCrypto_freqtrade-stuff/ThreeCommasStrategy.py,original,,,,,not_applicable,original,native,true,false,,,false,false,,absent,false,false,unknown,unknown,false,template_candidate,unspecified,spot,spot_long,,not_run,,,,,,,metadata,review,no explicit long or short entry write,sha256_20ff244beae04b9ff669686d2511f366dd8ae2cbe9ce0a495eba105cba56d506
YourStrat,YourStrat:3290f4d72f91,YourStrat,PeetCrypto/freqtrade-stuff,repos/PeetCrypto_freqtrade-stuff/TrailingBuyStrat.py,repos/PeetCrypto_freqtrade-stuff/TrailingBuyStrat.py,original,,,,,not_applicable,original,native,true,false,,,false,false,,absent,false,false,unknown,unknown,false,template_candidate,unspecified,spot,spot_long,,not_run,,,,,,,metadata,review,no explicit long or short entry write,sha256_3290f4d72f919da476f24981b55dc5dee6f8e1882914c9fce6109daa76ee3f92
TrainCatBoostStrategy,TrainCatBoostStrategy:5ff5c13b62e3,TrainCatBoostStrategy,PeetCrypto/freqtrade-stuff,repos/PeetCrypto_freqtrade-stuff/TrainCatBoostStrategy.py,repos/PeetCrypto_freqtrade-stuff/TrainCatBoostStrategy.py,original,,,,,not_applicable,original,native,true,false,,,false,false,,absent,true,false,long_only,long_only,false,strategy,unspecified,spot,spot_long,,not_run,,,,,,,static_code,provisional,mode and direction agree with static source evidence,sha256_5ff5c13b62e37bf9371f3cd84fc671bbd8c417ed757a8462ffd750987b133176
TrixStrategy,TrixStrategy:9b74c00f6e2c,TrixStrategy,PeetCrypto/freqtrade-stuff,repos/PeetCrypto_freqtrade-stuff/TrixStrategy.py,repos/PeetCrypto_freqtrade-stuff/TrixStrategy.py,original,,,,,not_applicable,original,native,true,true,2770,10784,true,true,1h,absent,true,false,long_only,long_only,false,strategy,unspecified,spot,spot_long,spot,not_run,,,,13554,historical_ledger,,runtime_full,provisional,mode and direction agree with static source evidence,sha256_9b74c00f6e2cf99bee130c1f59c6f4d4e00d3d0dbefc5582d3c6877ba4d8ff11
TrixV15Strategy,TrixV15Strategy:ea28010f0a22,TrixV15Strategy,PeetCrypto/freqtrade-stuff,repos/PeetCrypto_freqtrade-stuff/TrixV15Strategy.py,repos/PeetCrypto_freqtrade-stuff/TrixV15Strategy.py,original,,,,,not_applicable,original,native,true,true,316,1128,true,true,1h,absent,true,false,long_only,long_only,false,strategy,unspecified,spot,spot_long,spot,not_run,,,,1444,historical_ledger,,runtime_full,provisional,mode and direction agree with static source evidence,sha256_ea28010f0a22d0b900812def28c1ba510d0a5799430a3e0fde9ac45de3737dfb
TrixV21Strategy,TrixV21Strategy:c8621b3bf9ce,TrixV21Strategy,PeetCrypto/freqtrade-stuff,repos/PeetCrypto_freqtrade-stuff/TrixV21Strategy.py,repos/PeetCrypto_freqtrade-stuff/TrixV21Strategy.py,original,,,,,not_applicable,original,native,true,true,227,925,true,true,1h,absent,true,false,long_only,long_only,false,strategy,unspecified,spot,spot_long,spot,not_run,,,,1152,historical_ledger,,runtime_full,provisional,mode and direction agree with static source evidence,sha256_c8621b3bf9ce8fa84d6bc2f97b426e42822c8cb6520cc06c47b0e15f440d2433
TrixV23Strategy,TrixV23Strategy:15e1305ea019,TrixV23Strategy,PeetCrypto/freqtrade-stuff,repos/PeetCrypto_freqtrade-stuff/TrixV23Strategy (1).py,repos/PeetCrypto_freqtrade-stuff/TrixV23Strategy (1).py,original,,,,,not_applicable,original,native,true,true,265,1040,true,true,1h,absent,true,false,long_only,long_only,false,strategy,unspecified,spot,spot_long,spot,not_run,,,,1305,historical_ledger,,runtime_full,provisional,mode and direction agree with static source evidence,sha256_15e1305ea0194dbdbf53109abc2707a316ff7445de4b1c40d3419534c4b18a74
TuplaBollinger,TuplaBollinger:14a3ff606c7c,TuplaBollinger,PeetCrypto/freqtrade-stuff,repos/PeetCrypto_freqtrade-stuff/TuplaBollinger.py,repos/PeetCrypto_freqtrade-stuff/TuplaBollinger.py,original,,,,,not_applicable,original,native,true,false,,,false,false,5h,absent,true,false,long_only,long_only,false,strategy,unspecified,spot,spot_long,,not_run,,,,,,,static_code,provisional,mode and direction agree with static source evidence,sha256_14a3ff606c7ce5d6abb3fd4f64a798353159e7b368be70632ac62a09e68b6b54
UltimateMomentumIndicator,UltimateMomentumIndicator:9b3eeaf6f377,UltimateMomentumIndicator,PeetCrypto/freqtrade-stuff,repos/PeetCrypto_freqtrade-stuff/UltimateMomentumIndicator.py,repos/PeetCrypto_freqtrade-stuff/UltimateMomentumIndicator.py,original,,,,,not_applicable,original,native,true,true,1765,6382,true,true,5m,absent,true,false,long_only,long_only,false,strategy,unspecified,spot,spot_long,spot,not_run,,,,8147,historical_ledger,,runtime_full,provisional,mode and direction agree with static source evidence,sha256_9b3eeaf6f377fa6e9bf0e3745e98e57abf17b32de0c429e0233370e48f4ca66b
UpSliceStrategy,UpSliceStrategy:cf3e9ea5f4f0,UpSliceStrategy,PeetCrypto/freqtrade-stuff,repos/PeetCrypto_freqtrade-stuff/UpSliceStrategy.py,repos/PeetCrypto_freqtrade-stuff/UpSliceStrategy.py,original,,,,,not_applicable,original,native,true,false,,,false,false,5m,absent,true,false,long_only,long_only,false,strategy,unspecified,spot,spot_long,,not_run,,,,,,,static_code,provisional,mode and direction agree with static source evidence,sha256_cf3e9ea5f4f0c3ebb2dd061ec1abb57e1039be82d7c34e15fc42b9ad54c15a6c
Uptrend,Uptrend:db33d69c3622,Uptrend,PeetCrypto/freqtrade-stuff,repos/PeetCrypto_freqtrade-stuff/Uptrend.py,repos/PeetCrypto_freqtrade-stuff/Uptrend.py,original,,,,,not_applicable,original,native,true,true,74,397,true,true,5m,absent,true,false,long_only,long_only,false,strategy,unspecified,spot,spot_long,spot,not_run,,,,471,historical_ledger,,runtime_full,provisional,mode and direction agree with static source evidence,sha256_db33d69c36222899fc489a2b77eca0f05c4e06969b26e9d205e272910e2dbd9f
UziChan,UziChan:b89805d46990,UziChan,PeetCrypto/freqtrade-stuff,repos/PeetCrypto_freqtrade-stuff/UziChan.py,repos/PeetCrypto_freqtrade-stuff/UziChan.py,original,,,,,not_applicable,original,native,true,true,10667,14372,true,true,5m,absent,true,false,long_only,long_only,false,strategy,unspecified,spot,spot_long,spot,not_run,,,,25039,historical_ledger,,runtime_full,provisional,mode and direction agree with static source evidence,sha256_b89805d469908b4fb79f412713e65129717757b27c7e05e7f6287432131159cd
UziChan2,UziChan2:5f1019bffeeb,UziChan2,PeetCrypto/freqtrade-stuff,repos/PeetCrypto_freqtrade-stuff/UziChan2 (1).py,repos/PeetCrypto_freqtrade-stuff/UziChan2 (1).py,original,,,,,not_applicable,original,native,true,true,11400,12961,true,true,1m,absent,true,false,long_only,long_only,false,strategy,unspecified,spot,spot_long,spot,not_run,,,,24361,historical_ledger,,runtime_full,provisional,mode and direction agree with static source evidence,sha256_5f1019bffeebbf082fc28cc16c1ccef36af950804e80db0293747fce77c755e7
VWAP,VWAP:22c03a360e06,VWAP,PeetCrypto/freqtrade-stuff,repos/PeetCrypto_freqtrade-stuff/VWAP.py,repos/PeetCrypto_freqtrade-stuff/VWAP.py,original,,,,,not_applicable,original,native,true,true,200,786,true,true,5m,absent,true,false,long_only,long_only,false,strategy,unspecified,spot,spot_long,spot,not_run,,,,986,historical_ledger,,runtime_full,provisional,mode and direction agree with static source evidence,sha256_22c03a360e06d99b62c661df17d785223604de4b1d4da40a567c540d5aad7614
WaveTrendStra,WaveTrendStra:7167d7a967d9,WaveTrendStra,PeetCrypto/freqtrade-stuff,repos/PeetCrypto_freqtrade-stuff/WaveTrendStra.py,repos/PeetCrypto_freqtrade-stuff/WaveTrendStra.py,original,,,,,not_applicable,original,native,true,true,1885,7371,true,true,4h,absent,true,false,long_only,long_only,false,strategy,unspecified,spot,spot_long,spot,not_run,,,,9256,historical_ledger,,runtime_full,provisional,mode and direction agree with static source evidence,sha256_7167d7a967d9438407ac8fe6c949a7332839ff7a71833d0969dceb12a9b6c0ad
XebTradeStrat,XebTradeStrat:667864719d07,XebTradeStrat,PeetCrypto/freqtrade-stuff,repos/PeetCrypto_freqtrade-stuff/XebTradeStrat.py,repos/PeetCrypto_freqtrade-stuff/XebTradeStrat.py,original,,,,,not_applicable,original,native,true,true,12612,13320,true,true,1m,absent,true,false,long_only,long_only,false,strategy,unspecified,spot,spot_long,spot,not_run,,,,25932,historical_ledger,,runtime_full,provisional,mode and direction agree with static source evidence,sha256_667864719d07f92103614268094c11211ed6a61e98baa66e0cb48fb90b78aa3a
XtraThicc,XtraThicc:af99ee5fbb75,XtraThicc,PeetCrypto/freqtrade-stuff,repos/PeetCrypto_freqtrade-stuff/XtraThicc.py,repos/PeetCrypto_freqtrade-stuff/XtraThicc.py,original,,,,,not_applicable,original,native,true,true,1981,7186,true,true,5m,absent,true,false,long_only,long_only,false,strategy,unspecified,spot,spot_long,spot,not_run,,,,9167,historical_ledger,,runtime_full,provisional,mode and direction agree with static source evidence,sha256_af99ee5fbb7552e454b16405df73fa31bc812e9e342ccf67fd67e3eba56f7095
YOLO,YOLO:b822711c4fee,YOLO,PeetCrypto/freqtrade-stuff,repos/PeetCrypto_freqtrade-stuff/YOLO.py,repos/PeetCrypto_freqtrade-stuff/YOLO.py,original,,,,,not_applicable,original,native,true,true,133,427,true,true,1m,absent,true,false,long_only,long_only,false,strategy,unspecified,spot,spot_long,spot,not_run,,,,560,historical_ledger,,runtime_full,provisional,mode and direction agree with static source evidence,sha256_b822711c4fee44f2fe1f1768d0d1f7583d29e263250caa357917a028a0ca83ee
Zeus,Zeus:23662b687769,Zeus,PeetCrypto/freqtrade-stuff,repos/PeetCrypto_freqtrade-stuff/Zeus_HO (1).py,repos/PeetCrypto_freqtrade-stuff/Zeus_HO (1).py,repaired,class1,environment_compatibility,,,strict_equivalent,original+compatibility-environment,native,true,false,,,false,true,4h,absent,true,false,long_only,long_only,false,strategy,unspecified,spot,spot_long,spot,not_run,,,,2766,class1_result_card,,static_code,provisional,mode and direction agree with static source evidence,sha256_23662b687769f48d45f4a8702651b5322f3e34bc796f965d3e71952cb1dee042
CustomStoplossWithPSAR,CustomStoplossWithPSAR:b36b8c686259,CustomStoplossWithPSAR,PeetCrypto/freqtrade-stuff,repos/PeetCrypto_freqtrade-stuff/custom_stoploss_with_psar.py,repos/PeetCrypto_freqtrade-stuff/custom_stoploss_with_psar.py,original,,,,,not_applicable,original,native,true,true,62,78,true,true,1h,absent,true,false,long_only,long_only,false,strategy,unspecified,spot,spot_long,spot,not_run,,,,140,historical_ledger,,runtime_full,provisional,mode and direction agree with static source evidence,sha256_b36b8c6862592b1dab923a7fd4923480036502414adb3810150ef2d57c7ca1ba
ep3mas2,ep3mas2:1c0f3a7f1246,ep3mas2,PeetCrypto/freqtrade-stuff,repos/PeetCrypto_freqtrade-stuff/ep3mas2.py,repos/PeetCrypto_freqtrade-stuff/ep3mas2.py,original,,,,,not_applicable,original,native,true,false,,,false,false,5m,absent,true,false,long_only,long_only,false,strategy,unspecified,spot,spot_long,,not_run,,,,,,,static_code,provisional,mode and direction agree with static source evidence,sha256_1c0f3a7f1246be7320bbcab29625c5186635be6d1e133bd186aca3f1c137fb2e
epretrace,epretrace:bfb8ac548394,epretrace,PeetCrypto/freqtrade-stuff,repos/PeetCrypto_freqtrade-stuff/epretrace.py,repos/PeetCrypto_freqtrade-stuff/epretrace.py,original,,,,,not_applicable,original,native,true,false,,,false,false,5m,absent,true,false,long_only,long_only,false,strategy,unspecified,spot,spot_long,,not_run,,,,,,,static_code,provisional,mode and direction agree with static source evidence,sha256_bfb8ac5483941664cbdd2d382a4b6f85b0ca153a937908e8b6576d749c04f327
Gumbo1,Gumbo1:5e3498b397df,Gumbo1,PeetCrypto/freqtrade-stuff,repos/PeetCrypto_freqtrade-stuff/gumbo1.py,repos/PeetCrypto_freqtrade-stuff/gumbo1.py,original,,,,,not_applicable,original,native,true,true,10024,13558,true,true,5m,absent,true,false,long_only,long_only,false,strategy,unspecified,spot,spot_long,spot,not_run,,,,23582,historical_ledger,,runtime_full,provisional,mode and direction agree with static source evidence,sha256_5e3498b397df229436fa78b9069089645e6283dee974271187d6bce72c37dc59
hansencandlepatternV1,hansencandlepatternV1:d408e504abc9,hansencandlepatternV1,PeetCrypto/freqtrade-stuff,repos/PeetCrypto_freqtrade-stuff/hansencandlepatternV1.py,repos/PeetCrypto_freqtrade-stuff/hansencandlepatternV1.py,original,,,,,not_applicable,original,native,true,true,3562,13603,true,true,1h,absent,true,false,long_only,long_only,false,strategy,unspecified,spot,spot_long,spot,not_run,,,,17165,historical_ledger,,runtime_full,provisional,mode and direction agree with static source evidence,sha256_d408e504abc90afb7ecb729ee19c52e47b98236db25079f16e3535979418be4f
heikin,heikin:07066eafd687,heikin,PeetCrypto/freqtrade-stuff,repos/PeetCrypto_freqtrade-stuff/heikin.py,repos/PeetCrypto_freqtrade-stuff/heikin.py,original,,,,,not_applicable,original,native,true,true,7102,13951,true,true,1h,absent,true,false,long_only,long_only,false,strategy,unspecified,spot,spot_long,spot,not_run,,,,21053,historical_ledger,,runtime_full,provisional,mode and direction agree with static source evidence,sha256_07066eafd68797351eb47db30804fbc8776de7e7e25afb651718565e7e387821
new_turtle,new_turtle:d25bae04bbc9,new_turtle,PeetCrypto/freqtrade-stuff,repos/PeetCrypto_freqtrade-stuff/new_turtle.py,repos/PeetCrypto_freqtrade-stuff/new_turtle.py,original,,,,,not_applicable,original,native,true,false,,,false,false,1d,absent,true,false,long_only,long_only,false,strategy,unspecified,spot,spot_long,,not_run,,,,,,,static_code,provisional,mode and direction agree with static source evidence,sha256_d25bae04bbc9cb70ae2ec209dff18525a421d2dbef39a21cf6836cde8a745f55
NostalgiaForInfinityNextV7155,NostalgiaForInfinityNextV7155:23093d5ac9ec,NostalgiaForInfinityNextV7155,PeetCrypto/freqtrade-stuff,repos/PeetCrypto_freqtrade-stuff/nfiv7155.py,repair/patched/repos/PeetCrypto_freqtrade-stuff/nfiv7155.py,repaired,class2,dead_np_where_dtype,,,strict_equivalent,class2-overlay,native,true,false,,,false,false,5m,absent,true,false,long_only,long_only,false,strategy,unspecified,spot,spot_long,,not_run,,,,,freqai_result_card,,static_code,provisional,mode and direction agree with static source evidence,sha256_23093d5ac9ece8b5a5f10a19e06326af8496c303e294cba87778df2df3694539
pmaxTest,pmaxTest:d9473ef6b6df,pmaxTest,PeetCrypto/freqtrade-stuff,repos/PeetCrypto_freqtrade-stuff/pmaxTest.py,repair/patched/repos/PeetCrypto_freqtrade-stuff/pmaxTest.py,repaired,class2,dead_np_where_dtype,,,strict_equivalent,class2-overlay,native,true,false,,,false,false,5m,absent,true,false,long_only,long_only,false,strategy,unspecified,spot,spot_long,,not_run,,,,,freqai_result_card,,static_code,provisional,mode and direction agree with static source evidence,sha256_d9473ef6b6df40ef66891435291e09bb1cf2b380ebaf1a42e729c794ffe6ed2f
Precognition,Precognition:422eb36baa35,Precognition,PeetCrypto/freqtrade-stuff,repos/PeetCrypto_freqtrade-stuff/precognition (1).py,repos/PeetCrypto_freqtrade-stuff/precognition (1).py,repaired,class1,environment_compatibility,,,strict_equivalent,original+compatibility-environment,native,true,false,,,false,true,5m,absent,true,false,long_only,long_only,false,strategy,unspecified,spot,spot_long,spot,not_run,,,,5849,class1_result_card,,static_code,provisional,mode and direction agree with static source evidence,sha256_422eb36baa3589ec8a38471ac2805e6dc04db320e136d84f2c8362468dbc3c9b
tbtest,tbtest:0b7026eaebc4,tbtest,PeetCrypto/freqtrade-stuff,repos/PeetCrypto_freqtrade-stuff/tbedit (2).py,repos/PeetCrypto_freqtrade-stuff/tbedit (2).py,original,,,,,not_applicable,original,native,true,true,1164,3720,true,true,5m,absent,true,false,long_only,long_only,false,strategy,unspecified,spot,spot_long,spot,not_run,,,,4884,historical_ledger,,runtime_full,provisional,mode and direction agree with static source evidence,sha256_0b7026eaebc4bf8aae227bf794025abe9ab4db08d49faf7e333e0a3f320e0a8c
true_lambo,true_lambo:c8009a5ea73e,true_lambo,PeetCrypto/freqtrade-stuff,repos/PeetCrypto_freqtrade-stuff/true_lambo (1).py,repos/PeetCrypto_freqtrade-stuff/true_lambo (1).py,original,,,,,not_applicable,original,native,true,true,267,927,true,true,5m,absent,true,false,long_only,long_only,false,strategy,unspecified,spot,spot_long,spot,not_run,,,,1194,historical_ledger,,runtime_full,provisional,mode and direction agree with static source evidence,sha256_c8009a5ea73e3f6ac5ca03902c0115f827438403801167a84699cc5bdc313dd7
ViN,ViN:bee88cbc2331,ViN,PeetCrypto/freqtrade-stuff,repos/PeetCrypto_freqtrade-stuff/vin.py,repos/PeetCrypto_freqtrade-stuff/vin.py,original,,,,,not_applicable,original,native,true,false,,,false,false,5m,absent,true,false,long_only,long_only,false,strategy,unspecified,spot,spot_long,,not_run,,,,,,,static_code,provisional,mode and direction agree with static source evidence,sha256_bee88cbc23310656aba1731f91d9df39fe80027795334c93a78a52fe04bfa01e
ClucHAnix_BB_RPB_TraNz,ClucHAnix_BB_RPB_TraNz:632bce3462b5,ClucHAnix_BB_RPB_TraNz,ShahAnuj2610/my-freqtrade,repos/ShahAnuj2610_my-freqtrade/user_data/strategies/BB_RPB_TSL_ClucHAnix_BB_RPB_MOD_CTT_Dynamic_Offsets_COMBINED_MOD_TraNz_1.py,repair/patched/repos/ShahAnuj2610_my-freqtrade/user_data/strategies/BB_RPB_TSL_ClucHAnix_BB_RPB_MOD_CTT_Dynamic_Offsets_COMBINED_MOD_TraNz_1.py,repaired,class2,dead_np_where_dtype,,,strict_equivalent,class2-overlay,native,true,false,,,false,false,5m,absent,true,false,long_only,long_only,false,strategy,unspecified,spot,spot_long,,not_run,,,,,freqai_result_card,,static_code,provisional,mode and direction agree with static source evidence,sha256_632bce3462b54af74552c873cdea99e047b5362fd482c105fd55f2acb82bd16a
BB_RTR,BB_RTR:cb984e5d3d07,BB_RTR,ShahAnuj2610/my-freqtrade,repos/ShahAnuj2610_my-freqtrade/user_data/strategies/BB_RTR.py,repos/ShahAnuj2610_my-freqtrade/user_data/strategies/BB_RTR.py,original,,,,,not_applicable,original,native,true,true,178,809,true,true,5m,absent,true,false,long_only,long_only,false,strategy,unspecified,spot,spot_long,spot,not_run,,,,987,historical_ledger,,runtime_full,provisional,mode and direction agree with static source evidence,sha256_cb984e5d3d0777596de5a88223faa966412a49e47f312c38b136092e41a4f31d
CryptoPredictionTraining,CryptoPredictionTraining:629ebdb8dd6c,CryptoPredictionTraining,ShahAnuj2610/my-freqtrade,repos/ShahAnuj2610_my-freqtrade/user_data/strategies/CryptoPrediction.py,repos/ShahAnuj2610_my-freqtrade/user_data/strategies/CryptoPrediction.py,original,,,,,not_applicable,original,native,true,false,,,false,false,,absent,true,false,long_only,long_only,false,strategy,unspecified,spot,spot_long,,not_run,,,,,,,static_code,provisional,mode and direction agree with static source evidence,sha256_629ebdb8dd6ce969bff4c5589f3bc0ae39492b1e0a3ec7482c1a7eadbb43486b
NASOSRv6_private_Reinuvader_20211121,NASOSRv6_private_Reinuvader_20211121:bb5e085de9f9,NASOSRv6_private_Reinuvader_20211121,ShahAnuj2610/my-freqtrade,repos/ShahAnuj2610_my-freqtrade/user_data/strategies/NASOSRv6_private_Reinuvader_20211121.py,repair/patched/repos/ShahAnuj2610_my-freqtrade/user_data/strategies/NASOSRv6_private_Reinuvader_20211121.py,repaired,class2,dead_np_where_dtype,,,strict_equivalent,class2-overlay,native,true,false,,,false,false,5m,absent,true,false,long_only,long_only,false,strategy,unspecified,spot,spot_long,,not_run,,,,,freqai_result_card,,static_code,provisional,mode and direction agree with static source evidence,sha256_bb5e085de9f9bb158fc7479a71c2d0d963d87c71beed9df23d0937d485b78d41
StrategyAnalysis,StrategyAnalysis:52981d8467f1,StrategyAnalysis,ShahAnuj2610/my-freqtrade,repos/ShahAnuj2610_my-freqtrade/user_data/strategies/StrategyAnalysis.py,repos/ShahAnuj2610_my-freqtrade/user_data/strategies/StrategyAnalysis.py,original,,,,,not_applicable,original,native,true,false,,,false,false,,absent,false,false,unknown,unknown,false,template_candidate,unspecified,spot,spot_long,,not_run,,,,,,,metadata,review,no explicit long or short entry write,sha256_52981d8467f1034152754d2626a85f853eddd2ca9180fbb5d819cad8606b21af
NostalgiaForInfinityX2,NostalgiaForInfinityX2:b2fffffa04e8,NostalgiaForInfinityX2,ShahAnuj2610/my-freqtrade-nfi-nextgen,repos/ShahAnuj2610_my-freqtrade-nfi-nextgen/user_data/strategies/NostalgiaForInfinityX2.py,repos/ShahAnuj2610_my-freqtrade-nfi-nextgen/user_data/strategies/NostalgiaForInfinityX2.py,repaired,class1,environment_compatibility,,,strict_equivalent,original+compatibility-environment,native,true,false,2,,false,true,5m,absent,true,false,long_only,long_only,true,strategy,futures,futures,futures_long,futures,measured,20200301-20200401,0,0,0,runtime_smoke,sha256_ae8c9b9335a9953419658f2c252edbd86aedede9b3e14a33acb8f7d47faba7e6,runtime_smoke,validated,mode and direction agree with static source evidence,sha256_b2fffffa04e81f2defd2dbeb8c39461ccaf9ea3c2dd8fa2625a3bbd84c62d8ad
NostalgiaForInfinityNext772,NostalgiaForInfinityNext772:eb7cdb1d0973,NostalgiaForInfinityNext772,TheoBrigitte/freqtrade,repos/TheoBrigitte_freqtrade/sources/nfix/NostalgiaForInfinityNext772.py,repair/patched/repos/TheoBrigitte_freqtrade/sources/nfix/NostalgiaForInfinityNext772.py,repaired,class2,dead_np_where_dtype,,,strict_equivalent,class2-overlay,native,true,false,,,false,false,5m,absent,true,false,long_only,long_only,false,strategy,unspecified,spot,spot_long,,not_run,,,,,freqai_result_card,,static_code,provisional,mode and direction agree with static source evidence,sha256_eb7cdb1d09730282f019771ad3c23389572eb8f2c44ad4a69eb92ddb585116cf
BinMfiBTCv5003,BinMfiBTCv5003:f797f682eaae,BinMfiBTCv5003,TheoBrigitte/freqtrade,repos/TheoBrigitte_freqtrade/sources/sponsors/BinMfiBTCv5003.py,repos/TheoBrigitte_freqtrade/sources/sponsors/BinMfiBTCv5003.py,original,,,,,not_applicable,original,native,true,true,7,164,true,true,5m,absent,true,false,long_only,long_only,false,strategy,unspecified,spot,spot_long,spot,not_run,,,,171,historical_ledger,,runtime_full,provisional,mode and direction agree with static source evidence,sha256_f797f682eaaef1c807d165b932f66e1454ad8afc0b64b95354c16a090340893f
CombinedBinHAndClucHyper,CombinedBinHAndClucHyper:bae14e9ad549,CombinedBinHAndClucHyper,TheoBrigitte/freqtrade,repos/TheoBrigitte_freqtrade/sources/sponsors/CombinedBinHAndClucHyper.py,repos/TheoBrigitte_freqtrade/sources/sponsors/CombinedBinHAndClucHyper.py,original,,,,,not_applicable,original,native,true,true,653,3164,true,true,1m,absent,true,false,long_only,long_only,false,strategy,unspecified,spot,spot_long,spot,not_run,,,,3817,historical_ledger,,runtime_full,provisional,mode and direction agree with static source evidence,sha256_bae14e9ad549c80ccfe83bae2781142a230aa7b229c51e35806ac6c4396b8115
Matrix,Matrix:fab350681162,Matrix,TheoBrigitte/freqtrade,repos/TheoBrigitte_freqtrade/sources/sponsors/Matrix.py,repair/patched/repos/TheoBrigitte_freqtrade/sources/sponsors/Matrix.py,repaired,class2,pandas_removed_keywords,,,strict_equivalent,class2-overlay,native,true,false,,,false,false,5m,absent,true,false,long_only,long_only,false,strategy,unspecified,spot,spot_long,,not_run,,,,,freqai_result_card,,static_code,provisional,mode and direction agree with static source evidence,sha256_fab3506811621e45e82d9b96bef2cec98cc888e85f022deb96503d430861f73e
zorkv7_0_0,zorkv7_0_0:175f15c80c9f,zorkv7_0_0,TheoBrigitte/freqtrade,repos/TheoBrigitte_freqtrade/sources/sponsors/zorkv7_0_0.py,repos/TheoBrigitte_freqtrade/sources/sponsors/zorkv7_0_0.py,original,,,,,not_applicable,original,native,true,false,,,false,false,5m,absent,true,false,long_only,long_only,false,strategy,unspecified,spot,spot_long,,not_run,,,,,,,static_code,provisional,mode and direction agree with static source evidence,sha256_175f15c80c9f30fb7453d23a782cb5b1910dae58143148888ecd46c6933e1d79
BinHV27_werkkrew,BinHV27_werkkrew:0284ea98351d,BinHV27_werkkrew,TheoBrigitte/freqtrade,repos/TheoBrigitte_freqtrade/strategies/BinHV45/BinHV27_werkkrew.py,repos/TheoBrigitte_freqtrade/strategies/BinHV45/BinHV27_werkkrew.py,original,,,,,not_applicable,original,native,true,false,,,false,false,5m,absent,true,false,long_only,long_only,false,strategy,unspecified,spot,spot_long,,not_run,,,,,,,static_code,provisional,mode and direction agree with static source evidence,sha256_0284ea98351db697c2b4216b3959182b986561194dafbe0faca65b0de15ea46d
BinHV45HO,BinHV45HO:137f88a12a9d,BinHV45HO,TheoBrigitte/freqtrade,repos/TheoBrigitte_freqtrade/strategies/BinHV45/BinHV45HO.py,repos/TheoBrigitte_freqtrade/strategies/BinHV45/BinHV45HO.py,original,,,,,not_applicable,original,native,true,true,32,357,true,true,1m,absent,true,false,long_only,long_only,false,strategy,unspecified,spot,spot_long,spot,not_run,,,,389,historical_ledger,,runtime_full,provisional,mode and direction agree with static source evidence,sha256_137f88a12a9d2f26af343aa17fd4d15deed08d75eaa91e66830be689e2a60cbf
BinHV45_kanaxe,BinHV45_kanaxe:3de55f927af3,BinHV45_kanaxe,TheoBrigitte/freqtrade,repos/TheoBrigitte_freqtrade/strategies/BinHV45/BinHV45_kanaxe.py,repos/TheoBrigitte_freqtrade/strategies/BinHV45/BinHV45_kanaxe.py,original,,,,,not_applicable,original,native,true,true,238,1560,true,true,1m,absent,true,false,long_only,long_only,false,strategy,unspecified,spot,spot_long,spot,not_run,,,,1798,historical_ledger,,runtime_full,provisional,mode and direction agree with static source evidence,sha256_3de55f927af3e2ead320718bc308a4a20caaecee5255169cf7f9a173cb9ebeb3
BinHV45_stash,BinHV45_stash:37a6a89a6302,BinHV45_stash,TheoBrigitte/freqtrade,repos/TheoBrigitte_freqtrade/strategies/BinHV45/BinHV45_stash.py,repos/TheoBrigitte_freqtrade/strategies/BinHV45/BinHV45_stash.py,original,,,,,not_applicable,original,native,true,true,224,1476,true,true,1m,absent,true,false,long_only,long_only,false,strategy,unspecified,spot,spot_long,spot,not_run,,,,1700,historical_ledger,,runtime_full,provisional,mode and direction agree with static source evidence,sha256_37a6a89a6302a13818680edd27ee1494d4758aa8110abd90f348e11ba20d7feb
BinHV45_werkkrew,BinHV45_werkkrew:379b5bd8faf9,BinHV45_werkkrew,TheoBrigitte/freqtrade,repos/TheoBrigitte_freqtrade/strategies/BinHV45/BinHV45_werkkrew.py,repos/TheoBrigitte_freqtrade/strategies/BinHV45/BinHV45_werkkrew.py,original,,,,,not_applicable,original,native,true,true,129,631,true,true,1m,absent,true,false,long_only,long_only,false,strategy,unspecified,spot,spot_long,spot,not_run,,,,760,historical_ledger,,runtime_full,provisional,mode and direction agree with static source evidence,sha256_379b5bd8faf969db26b0f2b424ed0cffb10cbc4b19c752da79412dbf72bff62b
ElliotV5_SMA,ElliotV5_SMA:95998392fb5d,ElliotV5_SMA,TheoBrigitte/freqtrade,repos/TheoBrigitte_freqtrade/strategies/ElliotV5_SMA/ElliotV5_SMA.py,repos/TheoBrigitte_freqtrade/strategies/ElliotV5_SMA/ElliotV5_SMA.py,original,,,,,not_applicable,original,native,true,true,112,611,true,true,5m,absent,true,false,long_only,long_only,false,strategy,unspecified,spot,spot_long,spot,not_run,,,,723,historical_ledger,,runtime_full,provisional,mode and direction agree with static source evidence,sha256_95998392fb5d668ea4ed15d0f2f16ba57b9e36e782de5a047c991fefad7d3679
FVGAdvancedStrategy_V2,FVGAdvancedStrategy_V2:615c1b83fc4f,FVGAdvancedStrategy_V2,TheoBrigitte/freqtrade,repos/TheoBrigitte_freqtrade/strategies/FVGAdvancedStrategy_V2/FVGAdvancedStrategy_V2.py,repos/TheoBrigitte_freqtrade/strategies/FVGAdvancedStrategy_V2/FVGAdvancedStrategy_V2.py,original,,,,,not_applicable,original,native,true,true,473,1553,true,true,5m,false,true,true,long_short,long_only,true,strategy,futures,both,futures_long,spot;futures,measured,20200301-20200401,20,0,20,runtime_smoke,sha256_ae8c9b9335a9953419658f2c252edbd86aedede9b3e14a33acb8f7d47faba7e6,runtime_full,review,enter_short is dormant without a literal can_short=true; historical spot run succeeded despite futures intent,sha256_615c1b83fc4f2777005401a83a9b0d90fc5862f20a3b9ba0d46d37da92f6a9cb
GeneStrategy,GeneStrategy:a0085cdc65a7,GeneStrategy,TheoBrigitte/freqtrade,repos/TheoBrigitte_freqtrade/strategies/GeneTrader/GeneStrategy.py,repair/patched/repos/TheoBrigitte_freqtrade/strategies/GeneTrader/GeneStrategy.py,repaired,class2,dead_np_where_dtype,,,strict_equivalent,class2-overlay,native,true,false,,,false,false,5m,absent,true,false,long_only,long_only,false,strategy,unspecified,spot,spot_long,,not_run,,,,,freqai_result_card,,static_code,provisional,mode and direction agree with static source evidence,sha256_a0085cdc65a79d36aaa86176a8f0ae01d50e415e14705027ac3fa1ed29844efa
GeneStrategy_v2,GeneStrategy_v2:a7da113dfe6b,GeneStrategy_v2,TheoBrigitte/freqtrade,repos/TheoBrigitte_freqtrade/strategies/GeneTrader/GeneStrategy_v2.py,repair/patched/repos/TheoBrigitte_freqtrade/strategies/GeneTrader/GeneStrategy_v2.py,repaired,class2,dead_np_where_dtype,,,strict_equivalent,class2-overlay,native,true,false,,,false,false,5m,absent,true,false,long_only,long_only,false,strategy,unspecified,spot,spot_long,,not_run,,,,,freqai_result_card,,static_code,provisional,mode and direction agree with static source evidence,sha256_a7da113dfe6bc2cac18924cd5bad83b39c2c94c755503b50bde5516ca170c75e
GeneTrader_gen10_1734895087_6007,GeneTrader_gen10_1734895087_6007:370b980a47e9,GeneTrader_gen10_1734895087_6007,TheoBrigitte/freqtrade,repos/TheoBrigitte_freqtrade/strategies/GeneTrader/GeneTrader_gen10_1734895087_6007.py,repair/patched/repos/TheoBrigitte_freqtrade/strategies/GeneTrader/GeneTrader_gen10_1734895087_6007.py,repaired,class2,dead_np_where_dtype,,,strict_equivalent,class2-overlay,native,true,false,,,false,false,5m,absent,true,false,long_only,long_only,false,strategy,unspecified,spot,spot_long,,not_run,,,,,freqai_result_card,,static_code,provisional,mode and direction agree with static source evidence,sha256_370b980a47e9baeab498c12d5cfe5603f0bd954f8cdc44c087bb9072444d2988
GeneTrader_gen5_1735014093_4541,GeneTrader_gen5_1735014093_4541:a8efe429c99f,GeneTrader_gen5_1735014093_4541,TheoBrigitte/freqtrade,repos/TheoBrigitte_freqtrade/strategies/GeneTrader/GeneTrader_gen5_1735014093_4541.py,repair/patched/repos/TheoBrigitte_freqtrade/strategies/GeneTrader/GeneTrader_gen5_1735014093_4541.py,repaired,class2,dead_np_where_dtype,,,strict_equivalent,class2-overlay,native,true,false,,,false,false,5m,absent,true,false,long_only,long_only,false,strategy,unspecified,spot,spot_long,,not_run,,,,,freqai_result_card,,static_code,provisional,mode and direction agree with static source evidence,sha256_a8efe429c99ff4cc0c20754443d3aed6e0c6cc54bb87dfad19d695ed5763815e
newstrategy53_22,newstrategy53_22:d3949968a696,newstrategy53_22,TheoBrigitte/freqtrade,repos/TheoBrigitte_freqtrade/strategies/GeneTrader/NewStrategy53_22.py,repair/patched/repos/TheoBrigitte_freqtrade/strategies/GeneTrader/NewStrategy53_22.py,repaired,class2,dead_np_where_dtype,,,strict_equivalent,class2-overlay,native,true,false,,,false,false,5m,absent,true,false,long_only,long_only,false,strategy,unspecified,spot,spot_long,,not_run,,,,,freqai_result_card,,static_code,provisional,mode and direction agree with static source evidence,sha256_d3949968a69611f39f178716b31c9b06e44f5d064160d39445165f240dd82de0
newstrategy53,newstrategy53:6d738935708d,newstrategy53,TheoBrigitte/freqtrade,repos/TheoBrigitte_freqtrade/strategies/GeneTrader/newstrategy53.py,repair/patched/repos/TheoBrigitte_freqtrade/strategies/GeneTrader/newstrategy53.py,repaired,class2,dead_np_where_dtype,,,strict_equivalent,class2-overlay,native,true,false,,,false,false,5m,absent,true,false,long_only,long_only,false,strategy,unspecified,spot,spot_long,,not_run,,,,,freqai_result_card,,static_code,provisional,mode and direction agree with static source evidence,sha256_6d738935708d3ba59e65a4f65aba57b5ddeeb5f33c69f9dd53a9588d4fc00620
ZaratustraDCA2_06,ZaratustraDCA2_06:ad8a574db20a,ZaratustraDCA2_06,TheoBrigitte/freqtrade,repos/TheoBrigitte_freqtrade/strategies/Zaratustra/ZaratustraDCA2_06.py,repos/TheoBrigitte_freqtrade/strategies/Zaratustra/ZaratustraDCA2_06.py,original,,,,,not_applicable,original,native,true,false,,,false,true,5m,true,true,true,long_short,long_short,false,strategy,futures,futures,futures_long_short,futures,measured,20200301-20200401,125,116,241,runtime_smoke,sha256_ae8c9b9335a9953419658f2c252edbd86aedede9b3e14a33acb8f7d47faba7e6,runtime_smoke,validated,mode and direction agree with static source evidence,sha256_ad8a574db20aa81dea127dca5cb4d40cfb7a5e37040d9214b03fb4c8248f33e5
ARIMA_15,ARIMA_15:06fadb158781,ARIMA_15,TheoBrigitte/freqtrade,repos/TheoBrigitte_freqtrade/strategies/arima/ARIMA_15.py,repos/TheoBrigitte_freqtrade/strategies/arima/ARIMA_15.py,original,,,,,not_applicable,original,native,true,false,,,false,false,15m,absent,true,false,long_only,long_only,false,strategy,unspecified,spot,spot_long,,not_run,,,,,,,static_code,provisional,mode and direction agree with static source evidence,sha256_06fadb15878151a5847d26d62cdde371f94c68bc404fb058214dc799be11c25f
ARIMASTR,ARIMASTR:11e3b33787ec,ARIMASTR,TheoBrigitte/freqtrade,repos/TheoBrigitte_freqtrade/strategies/arima/ARIMA_5.py,repos/TheoBrigitte_freqtrade/strategies/arima/ARIMA_5.py,original,,,,,not_applicable,original,native,true,false,,,false,false,5m,absent,true,false,long_only,long_only,false,strategy,unspecified,spot,spot_long,,not_run,,,,,,,static_code,provisional,mode and direction agree with static source evidence,sha256_11e3b33787eca095a1ff206c2593f1e91e382b84207b30ea19beae1dc72015fd
Freqtrade_backtest_validation_freqtrade1,Freqtrade_backtest_validation_freqtrade1:758d3730e57c,Freqtrade_backtest_validation_freqtrade1,TheoBrigitte/freqtrade,repos/TheoBrigitte_freqtrade/strategies/berlinguyinca/1h/Freqtrade_backtest_validation_freqtrade1.py,repos/TheoBrigitte_freqtrade/strategies/berlinguyinca/1h/Freqtrade_backtest_validation_freqtrade1.py,original,,,,,not_applicable,original,native,true,true,2128,8036,true,true,1h,absent,true,false,long_only,long_only,false,strategy,unspecified,spot,spot_long,spot,not_run,,,,10164,historical_ledger,,runtime_full,provisional,mode and direction agree with static source evidence,sha256_758d3730e57c7337f988ac68420d8140a0bff72d99fa9182017cd1f8b160c869
Cenderawasih_3_kucoin,Cenderawasih_3_kucoin:fa5fb7a91a2b,Cenderawasih_3_kucoin,TheoBrigitte/freqtrade,repos/TheoBrigitte_freqtrade/strategies/cenderawasih3/Cenderawasih_3_kucoin.py,repos/TheoBrigitte_freqtrade/strategies/cenderawasih3/Cenderawasih_3_kucoin.py,original,,,,,not_applicable,original,native,true,false,,,false,false,5m,absent,true,false,long_only,long_only,false,strategy,unspecified,spot,spot_long,,not_run,,,,,,,static_code,provisional,mode and direction agree with static source evidence,sha256_fa5fb7a91a2b4fdc241df3295c1b09665b6377c7c6aad43f58ac0e9b12b27918
Cenderawasih_30m,Cenderawasih_30m:f61eab1af02a,Cenderawasih_30m,TheoBrigitte/freqtrade,repos/TheoBrigitte_freqtrade/strategies/cenderawasih/Cenderawasih_30m.py,repos/TheoBrigitte_freqtrade/strategies/cenderawasih/Cenderawasih_30m.py,original,,,,,not_applicable,original,native,true,false,,,false,false,30m,absent,true,false,long_only,long_only,false,strategy,unspecified,spot,spot_long,,not_run,,,,,,,static_code,provisional,mode and direction agree with static source evidence,sha256_f61eab1af02a0b861b142b7f7c637239367681ff101a57587954054aae11d925
ClucHAnix_5m_old,ClucHAnix_5m_old:f71d7850cc56,ClucHAnix_5m_old,TheoBrigitte/freqtrade,repos/TheoBrigitte_freqtrade/strategies/cluc/ClucHAnix_5m_old.py,repos/TheoBrigitte_freqtrade/strategies/cluc/ClucHAnix_5m_old.py,original,,,,,not_applicable,original,native,true,true,644,2190,true,true,5m,absent,true,false,long_only,long_only,false,strategy,unspecified,spot,spot_long,spot,not_run,,,,2834,historical_ledger,,runtime_full,provisional,mode and direction agree with static source evidence,sha256_f71d7850cc56beffd857a3dfb27c9c854f8e196848eedef8bf64d7eac2be270f
CryptoFrog_nateema,CryptoFrog_nateema:ba28d48d8d67,CryptoFrog_nateema,TheoBrigitte/freqtrade,repos/TheoBrigitte_freqtrade/strategies/cryptofrog-strategies/CryptoFrog_nateema.py,repos/TheoBrigitte_freqtrade/strategies/cryptofrog-strategies/CryptoFrog_nateema.py,original,,,,,not_applicable,original,native,true,false,,,false,false,5m,absent,true,false,long_only,long_only,false,strategy,unspecified,spot,spot_long,,not_run,,,,,,,static_code,provisional,mode and direction agree with static source evidence,sha256_ba28d48d8d6712689ac1e81b5154003abeb831073f6caa15d67feaa16c30180f
Danke,Danke:ff2b5c285b8a,Danke,TheoBrigitte/freqtrade,repos/TheoBrigitte_freqtrade/strategies/danke/Danke.py,repos/TheoBrigitte_freqtrade/strategies/danke/Danke.py,original,,,,,not_applicable,original,native,true,false,,,false,false,5m,absent,true,false,long_only,long_only,false,strategy,unspecified,spot,spot_long,,not_run,,,,,,,static_code,provisional,mode and direction agree with static source evidence,sha256_ff2b5c285b8a33b6d888cbc226057559023fee8f77d6ff235507bee8f7954bad
DWT,DWT:ac98506b588e,DWT,TheoBrigitte/freqtrade,repos/TheoBrigitte_freqtrade/strategies/dwt/DWT.py,repos/TheoBrigitte_freqtrade/strategies/dwt/DWT.py,original,,,,,not_applicable,original,native,true,false,,,false,false,5m,absent,true,false,long_only,long_only,false,strategy,unspecified,spot,spot_long,,not_run,,,,,,,static_code,provisional,mode and direction agree with static source evidence,sha256_ac98506b588e4bbd7f82e6dea9d0de7691dea9470c896cfd6cd3b95839c5dc8e
DWT_Leveraged,DWT_Leveraged:256b76fadd09,DWT_Leveraged,TheoBrigitte/freqtrade,repos/TheoBrigitte_freqtrade/strategies/dwt/DWT_Leveraged.py,repos/TheoBrigitte_freqtrade/strategies/dwt/DWT_Leveraged.py,original,,,,,not_applicable,original,native,true,false,,,false,false,5m,absent,true,false,long_only,long_only,false,strategy,unspecified,spot,spot_long,,not_run,,,,,,,static_code,provisional,mode and direction agree with static source evidence,sha256_256b76fadd095ef3045b7c8bbfc8fbff7eff569c1844a68506249287932324ab
DWT_LongShort,DWT_LongShort:75fd58b313a0,DWT_LongShort,TheoBrigitte/freqtrade,repos/TheoBrigitte_freqtrade/strategies/dwt/DWT_LongShort.py,user_data/profile_repairs/DWT_LongShort.py,repaired,class2,pywavelets_writable_buffer,applied,restore_copied_local_module,strict_equivalent,profile-class2-overlay,native,true,false,,,false,true,5m,true,true,true,long_short,long_short,false,strategy,futures,futures,futures_long_short,futures,measured,20200301-20200401,417,442,859,runtime_smoke,sha256_ae8c9b9335a9953419658f2c252edbd86aedede9b3e14a33acb8f7d47faba7e6,runtime_smoke,validated,mode and direction agree with static source evidence,sha256_75fd58b313a0c6d98623b7f104a2fa8122c7a445c35243beb3e7b18b934b64bc
DWT_short,DWT_short:435af7ef0007,DWT_short,TheoBrigitte/freqtrade,repos/TheoBrigitte_freqtrade/strategies/dwt/DWT_short.py,user_data/profile_repairs/DWT_short.py,repaired,class2,pywavelets_writable_buffer,applied,restore_copied_local_module,strict_equivalent,profile-class2-overlay,native,true,false,,,false,true,5m,true,true,true,long_short,long_short,false,strategy,futures,futures,futures_long_short,futures,measured,20200301-20200401,0,362,362,runtime_smoke,sha256_ae8c9b9335a9953419658f2c252edbd86aedede9b3e14a33acb8f7d47faba7e6,runtime_smoke,validated,mode and direction agree with static source evidence,sha256_435af7ef000720656e83947bc52c6d34c6684344be30252953e48fd6d5405bb7
E0V1E,E0V1E:e87c7b964773,E0V1E,TheoBrigitte/freqtrade,repos/TheoBrigitte_freqtrade/strategies/e0v1e/E0V1E.py,repos/TheoBrigitte_freqtrade/strategies/e0v1e/E0V1E.py,original,,,,,not_applicable,original,native,true,true,39,290,true,true,5m,absent,true,false,long_only,long_only,false,strategy,unspecified,spot,spot_long,spot,not_run,,,,329,historical_ledger,,runtime_full,provisional,mode and direction agree with static source evidence,sha256_e87c7b96477328e4ffd5d93d2626f435e88b1b6e39478a2249f1fcb8343880cd
E0V1E2,E0V1E2:50adb8dbf2a2,E0V1E2,TheoBrigitte/freqtrade,repos/TheoBrigitte_freqtrade/strategies/e0v1e/E0V1E2.py,repos/TheoBrigitte_freqtrade/strategies/e0v1e/E0V1E2.py,original,,,,,not_applicable,original,native,true,true,39,291,true,true,5m,absent,true,false,long_only,long_only,false,strategy,unspecified,spot,spot_long,spot,not_run,,,,330,historical_ledger,,runtime_full,provisional,mode and direction agree with static source evidence,sha256_50adb8dbf2a2b3be3b36512172d80b1268d455f137c2a1fae3fc6d33c68aac7f
E0V1E_DCA3,E0V1E_DCA3:4f558bf2dd99,E0V1E_DCA3,TheoBrigitte/freqtrade,repos/TheoBrigitte_freqtrade/strategies/e0v1e/E0V1E_DCA3.py,repos/TheoBrigitte_freqtrade/strategies/e0v1e/E0V1E_DCA3.py,original,,,,,not_applicable,original,native,true,true,338,1814,true,true,5m,absent,true,false,long_only,long_only,false,strategy,unspecified,spot,spot_long,spot,not_run,,,,2152,historical_ledger,,runtime_full,provisional,mode and direction agree with static source evidence,sha256_4f558bf2dd99eaa58c50924323d85ef17397f5e657e516aa35c9fd1706a090e6
E0V1E_ewo,E0V1E_ewo:e83bd3994023,E0V1E_ewo,TheoBrigitte/freqtrade,repos/TheoBrigitte_freqtrade/strategies/e0v1e/E0V1E_ewo.py,repos/TheoBrigitte_freqtrade/strategies/e0v1e/E0V1E_ewo.py,original,,,,,not_applicable,original,native,true,true,40,269,true,true,5m,absent,true,false,long_only,long_only,false,strategy,unspecified,spot,spot_long,spot,not_run,,,,309,historical_ledger,,runtime_full,provisional,mode and direction agree with static source evidence,sha256_e83bd399402367167b088a54f18f5827d7e70254622cac714d7f5aeede24e24e
E0V1E_protections,E0V1E_protections:fa00c41d8426,E0V1E_protections,TheoBrigitte/freqtrade,repos/TheoBrigitte_freqtrade/strategies/e0v1e/E0V1E_protections.py,repos/TheoBrigitte_freqtrade/strategies/e0v1e/E0V1E_protections.py,original,,,,,not_applicable,original,native,true,true,39,290,true,true,5m,absent,true,false,long_only,long_only,false,strategy,unspecified,spot,spot_long,spot,not_run,,,,329,historical_ledger,,runtime_full,provisional,mode and direction agree with static source evidence,sha256_fa00c41d842653129d936886d1f532d5e316ec0036191a3f84cefb303acf4c63
E0V1E_strs,E0V1E_strs:44461186067a,E0V1E_strs,TheoBrigitte/freqtrade,repos/TheoBrigitte_freqtrade/strategies/e0v1e/E0V1E_strs.py,repos/TheoBrigitte_freqtrade/strategies/e0v1e/E0V1E_strs.py,original,,,,,not_applicable,original,native,true,true,14,120,true,true,5m,absent,true,false,long_only,long_only,false,strategy,unspecified,spot,spot_long,spot,not_run,,,,134,historical_ledger,,runtime_full,provisional,mode and direction agree with static source evidence,sha256_44461186067ab07099b20063cd0819dff92ff7dde8c356e5da84cebffd12b3ad
Auto_EI_t4c0s,Auto_EI_t4c0s:0a6a7fc6f5cc,Auto_EI_t4c0s,TheoBrigitte/freqtrade,repos/TheoBrigitte_freqtrade/strategies/ei/Auto_EI_t4c0s.py,repos/TheoBrigitte_freqtrade/strategies/ei/Auto_EI_t4c0s.py,original,,,,,not_applicable,original,native,true,true,147,241,true,true,5m,absent,true,false,long_only,long_only,false,strategy,unspecified,spot,spot_long,spot,not_run,,,,388,historical_ledger,,runtime_full,provisional,mode and direction agree with static source evidence,sha256_0a6a7fc6f5cc7ca38737697fa1005c32d24ad453afaa2ca28b2728da0521a886
EI4_t4c0s_V2,EI4_t4c0s_V2:60656915cf9c,EI4_t4c0s_V2,TheoBrigitte/freqtrade,repos/TheoBrigitte_freqtrade/strategies/ei/EI4_t4c0s_V2.py,repos/TheoBrigitte_freqtrade/strategies/ei/EI4_t4c0s_V2.py,original,,,,,not_applicable,original,native,true,true,968,3400,true,true,5m,absent,true,false,long_only,long_only,false,strategy,unspecified,spot,spot_long,spot,not_run,,,,4368,historical_ledger,,runtime_full,provisional,mode and direction agree with static source evidence,sha256_60656915cf9c782206cc36aaa91f0aa3211e2362037656e68219e1137600af51
EI4_t4c0s_V2_2,EI4_t4c0s_V2_2:e13163c8acbc,EI4_t4c0s_V2_2,TheoBrigitte/freqtrade,repos/TheoBrigitte_freqtrade/strategies/ei/EI4_t4c0s_V2_2.py,repos/TheoBrigitte_freqtrade/strategies/ei/EI4_t4c0s_V2_2.py,original,,,,,not_applicable,original,native,true,true,968,3400,true,true,5m,absent,true,false,long_only,long_only,false,strategy,unspecified,spot,spot_long,spot,not_run,,,,4368,historical_ledger,,runtime_full,provisional,mode and direction agree with static source evidence,sha256_e13163c8acbc6b3ac04ca20cad8e6ade76b61d41884724999e751af0aeaa3633
EI1_t4c0s_V4,EI1_t4c0s_V4:31a5b21d14cf,EI1_t4c0s_V4,TheoBrigitte/freqtrade,repos/TheoBrigitte_freqtrade/strategies/eiv4/EI1_t4c0s_V4.py,repos/TheoBrigitte_freqtrade/strategies/eiv4/EI1_t4c0s_V4.py,original,,,,,not_applicable,original,native,true,true,177,544,true,true,1h,absent,true,false,long_only,long_only,false,strategy,unspecified,spot,spot_long,spot,not_run,,,,721,historical_ledger,,runtime_full,provisional,mode and direction agree with static source evidence,sha256_31a5b21d14cf78ef1ba7b61eecf548595c092a5990f7b66aa57dae9d8e580e90
ElliotV8_original_ichiv2,ElliotV8_original_ichiv2:79d34f02a1ef,ElliotV8_original_ichiv2,TheoBrigitte/freqtrade,repos/TheoBrigitte_freqtrade/strategies/eliot/ElliotV8_original_ichiv2.py,repos/TheoBrigitte_freqtrade/strategies/eliot/ElliotV8_original_ichiv2.py,original,,,,,not_applicable,original,native,true,true,221,1094,true,true,5m,absent,true,false,long_only,long_only,false,strategy,unspecified,spot,spot_long,spot,not_run,,,,1315,historical_ledger,,runtime_full,provisional,mode and direction agree with static source evidence,sha256_79d34f02a1ef280255685418f52712c48899c0f41ea4f0de283d00591cd2ab28
ElliotV8_original_ichiv2OH,ElliotV8_original_ichiv2OH:09d1e4826eb0,ElliotV8_original_ichiv2OH,TheoBrigitte/freqtrade,repos/TheoBrigitte_freqtrade/strategies/eliot/ElliotV8_original_ichiv2OH.py,repos/TheoBrigitte_freqtrade/strategies/eliot/ElliotV8_original_ichiv2OH.py,original,,,,,not_applicable,original,native,true,true,60,455,true,true,5m,absent,true,false,long_only,long_only,false,strategy,unspecified,spot,spot_long,spot,not_run,,,,515,historical_ledger,,runtime_full,provisional,mode and direction agree with static source evidence,sha256_09d1e4826eb0c88742831d626a8c6db7579c79d2cd14ff24695c0a9e33cbe34a
falconTrader,falconTrader:7591585586da,falconTrader,TheoBrigitte/freqtrade,repos/TheoBrigitte_freqtrade/strategies/falcon/falconTrader.py,repair/patched/repos/TheoBrigitte_freqtrade/strategies/falcon/falconTrader.py,repaired,class2,dead_np_where_dtype,,,strict_equivalent,class2-overlay,native,true,false,,,false,false,5m,absent,true,false,long_only,long_only,false,strategy,unspecified,spot,spot_long,,not_run,,,,,freqai_result_card,,static_code,provisional,mode and direction agree with static source evidence,sha256_7591585586da669b16ba8325fd19aa6d15f0b01b4e865c6c58f8a3cd786110ee
FastSupertrend_optim3,FastSupertrend_optim3:055138cda63d,FastSupertrend_optim3,TheoBrigitte/freqtrade,repos/TheoBrigitte_freqtrade/strategies/fastsupertrend/FastSupertrend_optim3.py,user_data/profile_repairs/FastSupertrend_optim3.py,repaired,class2,numpy1_string_nan_coercion,,,strict_equivalent,profile-class2-overlay,native,true,false,,,false,true,1h,true,true,true,long_short,long_short,false,strategy,futures,futures,futures_long_short,futures,measured,20200301-20200401,104,299,403,runtime_smoke,sha256_ae8c9b9335a9953419658f2c252edbd86aedede9b3e14a33acb8f7d47faba7e6,runtime_smoke,validated,mode and direction agree with static source evidence,sha256_055138cda63dfba942069ee4bdd3dffb58705f40679cbacb77e5c08638cd7d96
FastSupertrend_optim3_rsi_70,FastSupertrend_optim3_rsi_70:a1ce751bf88a,FastSupertrend_optim3_rsi_70,TheoBrigitte/freqtrade,repos/TheoBrigitte_freqtrade/strategies/fastsupertrend/FastSupertrend_optim3_rsi_70.py,user_data/profile_repairs/FastSupertrend_optim3_rsi_70.py,repaired,class2,numpy1_string_nan_coercion,,,strict_equivalent,profile-class2-overlay,native,true,false,,,false,true,1h,true,true,true,long_short,long_short,false,strategy,futures,futures,futures_long_short,futures,measured,20200301-20200401,101,196,297,runtime_smoke,sha256_ae8c9b9335a9953419658f2c252edbd86aedede9b3e14a33acb8f7d47faba7e6,runtime_smoke,validated,mode and direction agree with static source evidence,sha256_a1ce751bf88a9460266c2648172a0ee0aa490d27379c52dccbc1a9b5c775d90f
FastSupertrend_optim3_rsi_75,FastSupertrend_optim3_rsi_75:87a3756c56dd,FastSupertrend_optim3_rsi_75,TheoBrigitte/freqtrade,repos/TheoBrigitte_freqtrade/strategies/fastsupertrend/FastSupertrend_optim3_rsi_75.py,user_data/profile_repairs/FastSupertrend_optim3_rsi_75.py,repaired,class2,numpy1_string_nan_coercion,,,strict_equivalent,profile-class2-overlay,native,true,false,,,false,true,1h,true,true,true,long_short,long_short,false,strategy,futures,futures,futures_long_short,futures,measured,20200301-20200401,93,227,320,runtime_smoke,sha256_ae8c9b9335a9953419658f2c252edbd86aedede9b3e14a33acb8f7d47faba7e6,runtime_smoke,validated,mode and direction agree with static source evidence,sha256_87a3756c56dd1bf09e7b237ad00bc1ad14a2c0cc475b01b31a4ad80c14a24427
FastSupertrend_optim3_rsi_752,FastSupertrend_optim3_rsi_752:40fe72042040,FastSupertrend_optim3_rsi_752,TheoBrigitte/freqtrade,repos/TheoBrigitte_freqtrade/strategies/fastsupertrend/FastSupertrend_optim3_rsi_752.py,user_data/profile_repairs/FastSupertrend_optim3_rsi_752.py,repaired,class2,numpy1_string_nan_coercion,,,strict_equivalent,profile-class2-overlay,native,true,false,,,false,true,1h,true,true,true,long_short,long_short,false,strategy,futures,futures,futures_long_short,futures,measured,20200301-20200401,121,262,383,runtime_smoke,sha256_ae8c9b9335a9953419658f2c252edbd86aedede9b3e14a33acb8f7d47faba7e6,runtime_smoke,validated,mode and direction agree with static source evidence,sha256_40fe72042040ca359cc7d63a51d50a6d8a8644f9813a1c8a4007197bdb0ff42f
FastSupertrend_optim3_rsi_75fix,FastSupertrend_optim3_rsi_75fix:77f53275aa78,FastSupertrend_optim3_rsi_75fix,TheoBrigitte/freqtrade,repos/TheoBrigitte_freqtrade/strategies/fastsupertrend/FastSupertrend_optim3_rsi_75fix.py,user_data/profile_repairs/FastSupertrend_optim3_rsi_75fix.py,repaired,class2,numpy1_string_nan_coercion,,,strict_equivalent,profile-class2-overlay,native,true,false,,,false,true,1h,true,true,true,long_short,long_short,false,strategy,futures,futures,futures_long_short,futures,measured,20200301-20200401,93,227,320,runtime_smoke,sha256_ae8c9b9335a9953419658f2c252edbd86aedede9b3e14a33acb8f7d47faba7e6,runtime_smoke,validated,mode and direction agree with static source evidence,sha256_77f53275aa7878c4eb9f3f18f286ef9ab90636244c7d7d25ea481faf31d3841a
FastSupertrend_optim3_rsi_75fix_signal,FastSupertrend_optim3_rsi_75fix_signal:5b72b9724479,FastSupertrend_optim3_rsi_75fix_signal,TheoBrigitte/freqtrade,repos/TheoBrigitte_freqtrade/strategies/fastsupertrend/FastSupertrend_optim3_rsi_75fix_signal.py,user_data/profile_repairs/FastSupertrend_optim3_rsi_75fix_signal.py,repaired,class2,numpy1_string_nan_coercion,,,strict_equivalent,profile-class2-overlay,native,true,false,,,false,true,1h,true,true,true,long_short,long_short,false,strategy,futures,futures,futures_long_short,futures,measured,20200301-20200401,77,138,215,runtime_smoke,sha256_ae8c9b9335a9953419658f2c252edbd86aedede9b3e14a33acb8f7d47faba7e6,runtime_smoke,validated,mode and direction agree with static source evidence,sha256_5b72b972447922eadb37c2b092f533f4a7887feb88bd5182f11d86b9dc59c905
FastSupertrend_optim3_rsi_75lev,FastSupertrend_optim3_rsi_75lev:eed1448f07b5,FastSupertrend_optim3_rsi_75lev,TheoBrigitte/freqtrade,repos/TheoBrigitte_freqtrade/strategies/fastsupertrend/FastSupertrend_optim3_rsi_75lev.py,user_data/profile_repairs/FastSupertrend_optim3_rsi_75lev.py,repaired,class2,numpy1_string_nan_coercion,,,strict_equivalent,profile-class2-overlay,native,true,false,,,false,true,1h,true,true,true,long_short,long_short,true,strategy,futures,futures,futures_long_short,futures,measured,20200301-20200401,253,510,763,runtime_smoke,sha256_ae8c9b9335a9953419658f2c252edbd86aedede9b3e14a33acb8f7d47faba7e6,runtime_smoke,validated,mode and direction agree with static source evidence,sha256_eed1448f07b515c2f0cc65477293bc0e36b66506652744d970e0da55658bfa64
FastSupertrend_optim3_rsi_75sell,FastSupertrend_optim3_rsi_75sell:7a209d8fadb2,FastSupertrend_optim3_rsi_75sell,TheoBrigitte/freqtrade,repos/TheoBrigitte_freqtrade/strategies/fastsupertrend/FastSupertrend_optim3_rsi_75sell.py,user_data/profile_repairs/FastSupertrend_optim3_rsi_75sell.py,repaired,class2,numpy1_string_nan_coercion,,,strict_equivalent,profile-class2-overlay,native,true,false,,,false,true,1h,true,true,true,long_short,long_short,false,strategy,futures,futures,futures_long_short,futures,measured,20200301-20200401,92,227,319,runtime_smoke,sha256_ae8c9b9335a9953419658f2c252edbd86aedede9b3e14a33acb8f7d47faba7e6,runtime_smoke,validated,mode and direction agree with static source evidence,sha256_7a209d8fadb27c5af1cabe43fe19eefe26549cabf86f20b5dd3645c4c7749905
FastSupertrend_optim3_rsi_80,FastSupertrend_optim3_rsi_80:40d80d413c4d,FastSupertrend_optim3_rsi_80,TheoBrigitte/freqtrade,repos/TheoBrigitte_freqtrade/strategies/fastsupertrend/FastSupertrend_optim3_rsi_80.py,user_data/profile_repairs/FastSupertrend_optim3_rsi_80.py,repaired,class2,numpy1_string_nan_coercion,,,strict_equivalent,profile-class2-overlay,native,true,false,,,false,true,1h,true,true,true,long_short,long_short,false,strategy,futures,futures,futures_long_short,futures,measured,20200301-20200401,104,292,396,runtime_smoke,sha256_ae8c9b9335a9953419658f2c252edbd86aedede9b3e14a33acb8f7d47faba7e6,runtime_smoke,validated,mode and direction agree with static source evidence,sha256_40d80d413c4d1476ccff765073e6a23c4f4163c75f6a361237efed8cbd91be4a
FastSupertrend_optim_quick,FastSupertrend_optim_quick:b065fcff5618,FastSupertrend_optim_quick,TheoBrigitte/freqtrade,repos/TheoBrigitte_freqtrade/strategies/fastsupertrend/FastSupertrend_optim_quick.py,user_data/profile_repairs/FastSupertrend_optim_quick.py,repaired,class2,numpy1_string_nan_coercion,,,strict_equivalent,profile-class2-overlay,native,true,false,,,false,true,1h,true,true,true,long_short,long_short,false,strategy,futures,futures,futures_long_short,futures,measured,20200301-20200401,220,337,557,runtime_smoke,sha256_ae8c9b9335a9953419658f2c252edbd86aedede9b3e14a33acb8f7d47faba7e6,runtime_smoke,validated,mode and direction agree with static source evidence,sha256_b065fcff5618ccac74a8aae9eaef80b02685ba9d6b93c510cc5bf2f3c94675da
FastSupertrend_optim_quick2,FastSupertrend_optim_quick2:22efdc468b94,FastSupertrend_optim_quick2,TheoBrigitte/freqtrade,repos/TheoBrigitte_freqtrade/strategies/fastsupertrend/FastSupertrend_optim_quick2.py,user_data/profile_repairs/FastSupertrend_optim_quick2.py,repaired,class2,numpy1_string_nan_coercion,,,strict_equivalent,profile-class2-overlay,native,true,false,,,false,true,1h,true,true,true,long_short,long_short,false,strategy,futures,futures,futures_long_short,futures,measured,20200301-20200401,747,840,1587,runtime_smoke,sha256_ae8c9b9335a9953419658f2c252edbd86aedede9b3e14a33acb8f7d47faba7e6,runtime_smoke,validated,mode and direction agree with static source evidence,sha256_22efdc468b94b557a3c199726c6786360aebdc4fef3239b5dfee6f487c86e8e8
FastSupertrend_optim_quick3,FastSupertrend_optim_quick3:1248f3bfb29a,FastSupertrend_optim_quick3,TheoBrigitte/freqtrade,repos/TheoBrigitte_freqtrade/strategies/fastsupertrend/FastSupertrend_optim_quick3.py,user_data/profile_repairs/FastSupertrend_optim_quick3.py,repaired,class2,numpy1_string_nan_coercion,,,strict_equivalent,profile-class2-overlay,native,true,false,,,false,true,1h,true,true,true,long_short,long_short,false,strategy,futures,futures,futures_long_short,futures,measured,20200301-20200401,578,705,1283,runtime_smoke,sha256_ae8c9b9335a9953419658f2c252edbd86aedede9b3e14a33acb8f7d47faba7e6,runtime_smoke,validated,mode and direction agree with static source evidence,sha256_1248f3bfb29a4782182481b95f50f955c883fb7977d549d90c879080813bc75b
FastSupertrend_optim_quick4,FastSupertrend_optim_quick4:c9368274a08e,FastSupertrend_optim_quick4,TheoBrigitte/freqtrade,repos/TheoBrigitte_freqtrade/strategies/fastsupertrend/FastSupertrend_optim_quick4.py,user_data/profile_repairs/FastSupertrend_optim_quick4.py,repaired,class2,numpy1_string_nan_coercion,,,strict_equivalent,profile-class2-overlay,native,true,false,,,false,true,1h,true,true,true,long_short,long_short,false,strategy,futures,futures,futures_long_short,futures,measured,20200301-20200401,540,705,1245,runtime_smoke,sha256_ae8c9b9335a9953419658f2c252edbd86aedede9b3e14a33acb8f7d47faba7e6,runtime_smoke,validated,mode and direction agree with static source evidence,sha256_c9368274a08e09a1f5dbff7723f2f742f2f9eb8fc9daf8e9edc85cd705215763
FastSupertrend_optim_quick5,FastSupertrend_optim_quick5:6d710d543fe7,FastSupertrend_optim_quick5,TheoBrigitte/freqtrade,repos/TheoBrigitte_freqtrade/strategies/fastsupertrend/FastSupertrend_optim_quick5.py,user_data/profile_repairs/FastSupertrend_optim_quick5.py,repaired,class2,numpy1_string_nan_coercion,,,strict_equivalent,profile-class2-overlay,native,true,false,,,false,true,1h,true,true,true,long_short,long_short,false,strategy,futures,futures,futures_long_short,futures,measured,20200301-20200401,540,626,1166,runtime_smoke,sha256_ae8c9b9335a9953419658f2c252edbd86aedede9b3e14a33acb8f7d47faba7e6,runtime_smoke,validated,mode and direction agree with static source evidence,sha256_6d710d543fe7f7bf82f16ab2441247dbda8bae04d1677da83b8a0fd7afa92090
FastSupertrend_ts_origstop_fix,FastSupertrend_ts_origstop_fix:901ab15cf044,FastSupertrend_ts_origstop_fix,TheoBrigitte/freqtrade,repos/TheoBrigitte_freqtrade/strategies/fastsupertrend/FastSupertrend_ts_origstop_fix.py,user_data/profile_repairs/FastSupertrend_ts_origstop_fix.py,repaired,class2,numpy1_string_nan_coercion,,,strict_equivalent,profile-class2-overlay,native,true,false,,,false,true,1h,true,true,true,long_short,long_short,false,strategy,futures,futures,futures_long_short,futures,measured,20200301-20200401,24,29,53,runtime_smoke,sha256_ae8c9b9335a9953419658f2c252edbd86aedede9b3e14a33acb8f7d47faba7e6,runtime_smoke,validated,mode and direction agree with static source evidence,sha256_901ab15cf044f08f0e0ffacdb888820dd8ded5d114af5bfc28943342deca6849
DoubleEMACrossoverWithTrend,DoubleEMACrossoverWithTrend:c40d704d175e,DoubleEMACrossoverWithTrend,TheoBrigitte/freqtrade,repos/TheoBrigitte_freqtrade/strategies/freqtrade-strategies-that-work/DoubleEMACrossoverWithTrend.py,repos/TheoBrigitte_freqtrade/strategies/freqtrade-strategies-that-work/DoubleEMACrossoverWithTrend.py,original,,,,,not_applicable,original,native,false,true,,,true,true,1h,absent,true,false,long_only,long_only,false,strategy,unspecified,spot,spot_long,spot,not_run,,,,0,historical_ledger,,runtime_full,provisional,mode and direction agree with static source evidence,sha256_c40d704d175eddac77c5f9b0ae05d57140bb630b90faebb3f9b21a83dce728e1
EMAPriceCrossoverWithThreshold,EMAPriceCrossoverWithThreshold:bfd8a7652fde,EMAPriceCrossoverWithThreshold,TheoBrigitte/freqtrade,repos/TheoBrigitte_freqtrade/strategies/freqtrade-strategies-that-work/EMAPriceCrossoverWithThreshold.py,repos/TheoBrigitte_freqtrade/strategies/freqtrade-strategies-that-work/EMAPriceCrossoverWithThreshold.py,original,,,,,not_applicable,original,native,false,true,,,true,true,1h,absent,true,false,long_only,long_only,false,strategy,unspecified,spot,spot_long,spot,not_run,,,,0,historical_ledger,,runtime_full,provisional,mode and direction agree with static source evidence,sha256_bfd8a7652fde60accd296790ea29787880631b7abb35dee2ead5b4ba6c638b94
MACDCrossoverWithTrend,MACDCrossoverWithTrend:6d4186fbedb5,MACDCrossoverWithTrend,TheoBrigitte/freqtrade,repos/TheoBrigitte_freqtrade/strategies/freqtrade-strategies-that-work/MACDCrossoverWithTrend.py,repos/TheoBrigitte_freqtrade/strategies/freqtrade-strategies-that-work/MACDCrossoverWithTrend.py,original,,,,,not_applicable,original,native,false,true,,,true,true,1h,absent,true,false,long_only,long_only,false,strategy,unspecified,spot,spot_long,spot,not_run,,,,0,historical_ledger,,runtime_full,provisional,mode and direction agree with static source evidence,sha256_6d4186fbedb539c419864a69574c524b980e9cb30c7b4a2589d45edf21fa70e8
RSIDirectionalWithTrend,RSIDirectionalWithTrend:60cdffabf36f,RSIDirectionalWithTrend,TheoBrigitte/freqtrade,repos/TheoBrigitte_freqtrade/strategies/freqtrade-strategies-that-work/RSIDirectionalWithTrend.py,repos/TheoBrigitte_freqtrade/strategies/freqtrade-strategies-that-work/RSIDirectionalWithTrend.py,original,,,,,not_applicable,original,native,false,true,,,true,true,1h,absent,true,false,long_only,long_only,false,strategy,unspecified,spot,spot_long,spot,not_run,,,,0,historical_ledger,,runtime_full,provisional,mode and direction agree with static source evidence,sha256_60cdffabf36f3cb58ea98b08f643ff43ef4778e91b8191d7fa275968ef5f083f
RSIDirectionalWithTrendSlow,RSIDirectionalWithTrendSlow:c564d2dbeaf3,RSIDirectionalWithTrendSlow,TheoBrigitte/freqtrade,repos/TheoBrigitte_freqtrade/strategies/freqtrade-strategies-that-work/RSIDirectionalWithTrendSlow.py,repos/TheoBrigitte_freqtrade/strategies/freqtrade-strategies-that-work/RSIDirectionalWithTrendSlow.py,original,,,,,not_applicable,original,native,false,true,,,true,true,1h,absent,true,false,long_only,long_only,false,strategy,unspecified,spot,spot_long,spot,not_run,,,,0,historical_ledger,,runtime_full,provisional,mode and direction agree with static source evidence,sha256_c564d2dbeaf3f8aac091a9e92ad96886dbcf0f6a3b7353935d38aab714783bed
Bandtastic,Bandtastic:a4536c793bf4,Bandtastic,TheoBrigitte/freqtrade,repos/TheoBrigitte_freqtrade/strategies/freqtrade-strategies/Bandtastic.py,repos/TheoBrigitte_freqtrade/strategies/freqtrade-strategies/Bandtastic.py,original,,,,,not_applicable,original,native,true,true,7384,21361,true,true,15m,absent,true,false,long_only,long_only,false,strategy,unspecified,spot,spot_long,spot,not_run,,,,28745,historical_ledger,,runtime_full,provisional,mode and direction agree with static source evidence,sha256_a4536c793bf49fb82dbaa508b0c126c5884e0eed6749b145313374228af28704
Diamond,Diamond:98f108f9df8f,Diamond,TheoBrigitte/freqtrade,repos/TheoBrigitte_freqtrade/strategies/freqtrade-strategies/Diamond.py,repos/TheoBrigitte_freqtrade/strategies/freqtrade-strategies/Diamond.py,original,,,,,not_applicable,original,native,true,true,1084,3519,true,true,5m,absent,true,false,long_only,long_only,false,strategy,unspecified,spot,spot_long,spot,not_run,,,,4603,historical_ledger,,runtime_full,provisional,mode and direction agree with static source evidence,sha256_98f108f9df8f22b4b9be921b912ada3eff7669b25fc9ec455992ec902a385902
PatternRecognition,PatternRecognition:cce61e4af8ed,PatternRecognition,TheoBrigitte/freqtrade,repos/TheoBrigitte_freqtrade/strategies/freqtrade-strategies/PatternRecognition.py,repos/TheoBrigitte_freqtrade/strategies/freqtrade-strategies/PatternRecognition.py,original,,,,,not_applicable,original,native,true,true,134,520,true,true,1d,absent,true,false,long_only,long_only,false,strategy,unspecified,spot,spot_long,spot,not_run,,,,654,historical_ledger,,runtime_full,provisional,mode and direction agree with static source evidence,sha256_cce61e4af8ed3cb8e78a5d9713aba7891ec08d1bdb1da9911c3f550424db795d
PowerTower,PowerTower:ce423a28ea54,PowerTower,TheoBrigitte/freqtrade,repos/TheoBrigitte_freqtrade/strategies/freqtrade-strategies/PowerTower.py,repos/TheoBrigitte_freqtrade/strategies/freqtrade-strategies/PowerTower.py,original,,,,,not_applicable,original,native,true,true,1232,3769,true,true,5m,false,true,false,long_only,long_only,false,strategy,unspecified,spot,spot_long,spot,not_run,,,,5001,historical_ledger,,runtime_full,provisional,mode and direction agree with static source evidence,sha256_ce423a28ea54cfa46f44566ef5632d2ec04718a0723b16e322e9f9ac92df8f41
Strategy001,Strategy001:2357996e6594,Strategy001,TheoBrigitte/freqtrade,repos/TheoBrigitte_freqtrade/strategies/freqtrade-strategies/Strategy001.py,repos/TheoBrigitte_freqtrade/strategies/freqtrade-strategies/Strategy001.py,original,,,,,not_applicable,original,native,true,true,3221,10726,true,true,5m,absent,true,false,long_only,long_only,false,strategy,unspecified,spot,spot_long,spot,not_run,,,,13947,historical_ledger,,runtime_full,provisional,mode and direction agree with static source evidence,sha256_2357996e6594458e8db45b5f757918462afa3c998de9d06e2af0c009ddc4b80d
Strategy001_custom_exit,Strategy001_custom_exit:d53ac16d0e81,Strategy001_custom_exit,TheoBrigitte/freqtrade,repos/TheoBrigitte_freqtrade/strategies/freqtrade-strategies/Strategy001_custom_exit.py,repos/TheoBrigitte_freqtrade/strategies/freqtrade-strategies/Strategy001_custom_exit.py,repaired,class1,environment_compatibility,,,strict_equivalent,original+compatibility-environment,native,true,false,4190,,false,true,5m,absent,true,false,long_only,long_only,false,strategy,unspecified,spot,spot_long,spot,not_run,,,,2581,class1_result_card,,static_code,provisional,mode and direction agree with static source evidence,sha256_d53ac16d0e81b755a19ea83c535f50a6dd0629c76087b822ae399fabeaa5e841
Strategy002,Strategy002:d1ca86a4ceb6,Strategy002,TheoBrigitte/freqtrade,repos/TheoBrigitte_freqtrade/strategies/freqtrade-strategies/Strategy002.py,repos/TheoBrigitte_freqtrade/strategies/freqtrade-strategies/Strategy002.py,original,,,,,not_applicable,original,native,true,true,277,1016,true,true,5m,absent,true,false,long_only,long_only,false,strategy,unspecified,spot,spot_long,spot,not_run,,,,1293,historical_ledger,,runtime_full,provisional,mode and direction agree with static source evidence,sha256_d1ca86a4ceb68ef828b35490ce1112330dad209cc3bb1e1b6c303c21ab3d8a90
Strategy003,Strategy003:055984b46727,Strategy003,TheoBrigitte/freqtrade,repos/TheoBrigitte_freqtrade/strategies/freqtrade-strategies/Strategy003.py,repos/TheoBrigitte_freqtrade/strategies/freqtrade-strategies/Strategy003.py,original,,,,,not_applicable,original,native,true,true,768,2730,true,true,5m,absent,true,false,long_only,long_only,false,strategy,unspecified,spot,spot_long,spot,not_run,,,,3498,historical_ledger,,runtime_full,provisional,mode and direction agree with static source evidence,sha256_055984b4672779b36a2391f790ccbcd320e408eb0634e34718d7182acaeef9c9
Strategy004,Strategy004:1b4c001e80b0,Strategy004,TheoBrigitte/freqtrade,repos/TheoBrigitte_freqtrade/strategies/freqtrade-strategies/Strategy004.py,repos/TheoBrigitte_freqtrade/strategies/freqtrade-strategies/Strategy004.py,original,,,,,not_applicable,original,native,true,true,1375,4701,true,true,5m,absent,true,false,long_only,long_only,false,strategy,unspecified,spot,spot_long,spot,not_run,,,,6076,historical_ledger,,runtime_full,provisional,mode and direction agree with static source evidence,sha256_1b4c001e80b077aaf3ec227577c78d3283be549c7d25ce9279ea03f1db5de64a
Strategy005,Strategy005:797b293f5acd,Strategy005,TheoBrigitte/freqtrade,repos/TheoBrigitte_freqtrade/strategies/freqtrade-strategies/Strategy005.py,repos/TheoBrigitte_freqtrade/strategies/freqtrade-strategies/Strategy005.py,original,,,,,not_applicable,original,native,true,true,1172,4425,true,true,5m,absent,true,false,long_only,long_only,false,strategy,unspecified,spot,spot_long,spot,not_run,,,,5597,historical_ledger,,runtime_full,provisional,mode and direction agree with static source evidence,sha256_797b293f5acd809f8c77f26b38c004c87b75d8847be4cde4d0224040cc591030
UniversalMACD,UniversalMACD:b3a62e0d8a26,UniversalMACD,TheoBrigitte/freqtrade,repos/TheoBrigitte_freqtrade/strategies/freqtrade-strategies/UniversalMACD.py,repos/TheoBrigitte_freqtrade/strategies/freqtrade-strategies/UniversalMACD.py,original,,,,,not_applicable,original,native,true,true,516,1574,true,true,5m,false,true,false,long_only,long_only,false,strategy,unspecified,spot,spot_long,spot,not_run,,,,2090,historical_ledger,,runtime_full,provisional,mode and direction agree with static source evidence,sha256_b3a62e0d8a26024e7ab5f3613d0964e3954373bc3735c1ffd0678d84ce1b1e32
hlhb,hlhb:bd4523d134b6,hlhb,TheoBrigitte/freqtrade,repos/TheoBrigitte_freqtrade/strategies/freqtrade-strategies/hlhb.py,repos/TheoBrigitte_freqtrade/strategies/freqtrade-strategies/hlhb.py,original,,,,,not_applicable,original,native,true,true,188,673,true,true,4h,absent,true,false,long_only,long_only,false,strategy,unspecified,spot,spot_long,spot,not_run,,,,861,historical_ledger,,runtime_full,provisional,mode and direction agree with static source evidence,sha256_bd4523d134b686b012947896ffd7a5a299add87ac12aa0d18fac36c9e7ca3822
multi_tf,multi_tf:eb182eaecb78,multi_tf,TheoBrigitte/freqtrade,repos/TheoBrigitte_freqtrade/strategies/freqtrade-strategies/multi_tf.py,repos/TheoBrigitte_freqtrade/strategies/freqtrade-strategies/multi_tf.py,original,,,,,not_applicable,original,native,true,false,,,false,false,5m,absent,true,false,long_only,long_only,false,strategy,unspecified,spot,spot_long,,not_run,,,,,,,static_code,provisional,mode and direction agree with static source evidence,sha256_eb182eaecb785864496023f26be7932857b1e495805c37bddd562d6b1100683b
HarmonicDivergence_fix,HarmonicDivergence_fix:ddda59c33e74,HarmonicDivergence_fix,TheoBrigitte/freqtrade,repos/TheoBrigitte_freqtrade/strategies/harmonic-divergence/HarmonicDivergence-fix.py,repos/TheoBrigitte_freqtrade/strategies/harmonic-divergence/HarmonicDivergence-fix.py,original,,,,,not_applicable,original,native,true,false,,,false,false,15m,absent,true,false,long_only,long_only,false,strategy,unspecified,spot,spot_long,,not_run,,,,,,,static_code,provisional,mode and direction agree with static source evidence,sha256_ddda59c33e744c3798dd5e5ae133f17c3397f0835cffdc068bb92a864d568bfc
HarmonicDivergence,HarmonicDivergence:52da87214f7d,HarmonicDivergence,TheoBrigitte/freqtrade,repos/TheoBrigitte_freqtrade/strategies/harmonic-divergence/HarmonicDivergence.py,repos/TheoBrigitte_freqtrade/strategies/harmonic-divergence/HarmonicDivergence.py,original,,,,,not_applicable,original,native,true,false,,,false,false,15m,absent,true,false,long_only,long_only,false,strategy,unspecified,spot,spot_long,,not_run,,,,,,,static_code,provisional,mode and direction agree with static source evidence,sha256_52da87214f7d26b179a743343405632bada1a90282b13276b3bf7444d142ff82
Insomnia_short,Insomnia_short:7125fe8db9f0,Insomnia_short,TheoBrigitte/freqtrade,repos/TheoBrigitte_freqtrade/strategies/insomnia/Insomnia_short.py,user_data/profile_repairs/Insomnia_short.py,repaired,class2,numpy1_string_nan_coercion,,,strict_equivalent,profile-class2-overlay,native,true,false,,,false,true,1h,true,true,true,long_short,long_short,true,strategy,futures,futures,futures_long_short,futures,measured,20200301-20200401,0,0,0,runtime_smoke,sha256_ae8c9b9335a9953419658f2c252edbd86aedede9b3e14a33acb8f7d47faba7e6,runtime_smoke,validated,mode and direction agree with static source evidence,sha256_7125fe8db9f08f1b3cee2b0d4a73cd3f64f074e323de6bb7d914cb051a7ecbcb
JuicyTrend,JuicyTrend:cd665b8c4972,JuicyTrend,TheoBrigitte/freqtrade,repos/TheoBrigitte_freqtrade/strategies/juicy/JuicyTrend.py,repos/TheoBrigitte_freqtrade/strategies/juicy/JuicyTrend.py,original,,,,,not_applicable,original,native,true,true,10455,13681,true,true,15m,absent,true,false,long_only,long_only,false,strategy,unspecified,spot,spot_long,spot,not_run,,,,24136,historical_ledger,,runtime_full,provisional,mode and direction agree with static source evidence,sha256_cd665b8c497274fb1f403d1cf07b74bd8216d9bc296caad4708d36680cdbcd2d
momentum,momentum:5fc5ee322b43,momentum,TheoBrigitte/freqtrade,repos/TheoBrigitte_freqtrade/strategies/momentum/momentum.py,repos/TheoBrigitte_freqtrade/strategies/momentum/momentum.py,original,,,,,not_applicable,original,native,true,false,,,false,true,5m,true,true,true,long_short,long_short,false,strategy,futures,futures,futures_long_short,futures,measured,20200301-20200401,0,682,682,runtime_smoke,sha256_ae8c9b9335a9953419658f2c252edbd86aedede9b3e14a33acb8f7d47faba7e6,runtime_smoke,validated,mode and direction agree with static source evidence,sha256_5fc5ee322b436311dd7ea645d011523f6cfbef55cad748ac9e35fbb9dd410bbc
momentum_long,momentum_long:6dbc4878f4d6,momentum_long,TheoBrigitte/freqtrade,repos/TheoBrigitte_freqtrade/strategies/momentum/momentum_long.py,repos/TheoBrigitte_freqtrade/strategies/momentum/momentum_long.py,original,,,,,not_applicable,original,native,true,true,3865,12102,true,true,5m,false,true,true,long_short,long_only,false,strategy,futures,spot,spot_long,spot,not_run,,,,15967,historical_ledger,,runtime_full,review,enter_short is dormant without a literal can_short=true,sha256_6dbc4878f4d62776004ef9e49161b241f27d32629bbe00d66046090d35cb5f72
momentum_rsi,momentum_rsi:790d6063e148,momentum_rsi,TheoBrigitte/freqtrade,repos/TheoBrigitte_freqtrade/strategies/momentum/momentum_rsi.py,repos/TheoBrigitte_freqtrade/strategies/momentum/momentum_rsi.py,original,,,,,not_applicable,original,native,true,false,,,false,true,5m,true,true,true,long_short,long_short,false,strategy,futures,futures,futures_long_short,futures,measured,20200301-20200401,0,551,551,runtime_smoke,sha256_ae8c9b9335a9953419658f2c252edbd86aedede9b3e14a33acb8f7d47faba7e6,runtime_smoke,validated,mode and direction agree with static source evidence,sha256_790d6063e14873345565840908f2259b40537ce15d7a08847eb831a0193df665
momentum_wick,momentum_wick:a8e0f2ee2d8d,momentum_wick,TheoBrigitte/freqtrade,repos/TheoBrigitte_freqtrade/strategies/momentum/momentum_wick.py,repos/TheoBrigitte_freqtrade/strategies/momentum/momentum_wick.py,original,,,,,not_applicable,original,native,true,false,,,false,true,5m,true,true,true,long_short,long_short,false,strategy,futures,futures,futures_long_short,futures,measured,20200301-20200401,166,195,361,runtime_smoke,sha256_ae8c9b9335a9953419658f2c252edbd86aedede9b3e14a33acb8f7d47faba7e6,runtime_smoke,validated,mode and direction agree with static source evidence,sha256_a8e0f2ee2d8dd5646c1399d09f70c8a2be8d50549aa4967f7cbcd0ffd3b26cc4
ToTheMoon,ToTheMoon:50166db0362c,ToTheMoon,TheoBrigitte/freqtrade,repos/TheoBrigitte_freqtrade/strategies/moon/ToTheMoon.py,repos/TheoBrigitte_freqtrade/strategies/moon/ToTheMoon.py,original,,,,,not_applicable,original,native,true,false,,,false,true,1h,true,true,true,long_short,long_short,false,strategy,futures,futures,futures_long_short,futures,measured,20200301-20200401,8,8,16,runtime_smoke,sha256_ae8c9b9335a9953419658f2c252edbd86aedede9b3e14a33acb8f7d47faba7e6,runtime_smoke,validated,mode and direction agree with static source evidence,sha256_50166db0362cdc89a798fc1caa7554f57c217a8d8f34f2ed8f6c498a7744a795
NostalgiaForInfinity772martinsk3,NostalgiaForInfinity772martinsk3:cdde4efa3b84,NostalgiaForInfinity772martinsk3,TheoBrigitte/freqtrade,repos/TheoBrigitte_freqtrade/strategies/nfix/NostalgiaForInfinity772martinsk3.py,repair/patched/repos/TheoBrigitte_freqtrade/strategies/nfix/NostalgiaForInfinity772martinsk3.py,repaired,class2,dead_np_where_dtype,,,strict_equivalent,class2-overlay,native,true,false,,,false,false,5m,absent,true,false,long_only,long_only,false,strategy,unspecified,spot,spot_long,,not_run,,,,,freqai_result_card,,static_code,provisional,mode and direction agree with static source evidence,sha256_cdde4efa3b8477dc52e0eadd107f22950381578de1e01b87e60f531ee1d395f1
NOTankAi_15,NOTankAi_15:93b90bd991a1,NOTankAi_15,TheoBrigitte/freqtrade,repos/TheoBrigitte_freqtrade/strategies/notankai/NOTankAi_15.py,repos/TheoBrigitte_freqtrade/strategies/notankai/NOTankAi_15.py,repaired,class1,environment_compatibility,,,strict_equivalent,original+compatibility-environment,native,true,false,2859,,false,true,15m,false,true,true,long_short,long_only,true,strategy,futures,futures,futures_long,futures,measured,20200301-20200401,139,0,139,runtime_smoke,sha256_ae8c9b9335a9953419658f2c252edbd86aedede9b3e14a33acb8f7d47faba7e6,runtime_smoke,review,enter_short is dormant without a literal can_short=true,sha256_93b90bd991a15601d11c88a20cf6d395eaca143289ee6df96399f809052573a3
NOTankAi_15_Cleaned,NOTankAi_15_Cleaned:04db46ad4b4f,NOTankAi_15_Cleaned,TheoBrigitte/freqtrade,repos/TheoBrigitte_freqtrade/strategies/notankai/NOTankAi_15_Cleaned.py,repos/TheoBrigitte_freqtrade/strategies/notankai/NOTankAi_15_Cleaned.py,original,,,,,not_applicable,original,native,true,true,2853,6773,true,true,15m,false,true,true,long_short,long_only,true,strategy,futures,both,futures_long,spot;futures,measured,20200301-20200401,139,0,139,runtime_smoke,sha256_ae8c9b9335a9953419658f2c252edbd86aedede9b3e14a33acb8f7d47faba7e6,runtime_full,review,enter_short is dormant without a literal can_short=true; historical spot run succeeded despite futures intent,sha256_04db46ad4b4f0e46a069069fbe81417e8b6565df467887cfb240f3eb6133e69e
NOTankAi_15_Cleaned_v2,NOTankAi_15_Cleaned_v2:c34c93051a13,NOTankAi_15_Cleaned_v2,TheoBrigitte/freqtrade,repos/TheoBrigitte_freqtrade/strategies/notankai/NOTankAi_15_Cleaned_v2.py,repos/TheoBrigitte_freqtrade/strategies/notankai/NOTankAi_15_Cleaned_v2.py,original,,,,,not_applicable,original,native,true,true,3528,11207,true,true,15m,false,true,true,long_short,long_only,true,strategy,futures,both,futures_long,spot;futures,measured,20200301-20200401,207,0,207,runtime_smoke,sha256_ae8c9b9335a9953419658f2c252edbd86aedede9b3e14a33acb8f7d47faba7e6,runtime_full,review,enter_short is dormant without a literal can_short=true; historical spot run succeeded despite futures intent,sha256_c34c93051a13c2a1ca0014ab2f18ca984d18bec98ce4438ef774af8d5ec78094
BigTrader,BigTrader:7b6f6aae6208,BigTrader,TheoBrigitte/freqtrade,repos/TheoBrigitte_freqtrade/strategies/profiters/BigTrader.py,repos/TheoBrigitte_freqtrade/strategies/profiters/BigTrader.py,original,,,,,not_applicable,original,native,true,true,23,143,true,true,5m,absent,true,false,long_only,long_only,false,strategy,unspecified,spot,spot_long,spot,not_run,,,,166,historical_ledger,,runtime_full,provisional,mode and direction agree with static source evidence,sha256_7b6f6aae620843dd5e21f6108346d403f7c991d64a7c3cc4a79bb6b84670fa52
QuickAdapterV3,QuickAdapterV3:da6bc13bd369,QuickAdapterV3,TheoBrigitte/freqtrade,repos/TheoBrigitte_freqtrade/strategies/quickadapter/QuickAdapterV3.py,repos/TheoBrigitte_freqtrade/strategies/quickadapter/QuickAdapterV3.py,original,,,,,not_applicable,original,native,true,false,,,false,false,,false,true,true,long_short,long_only,false,strategy,futures,spot,spot_long,,not_run,,,,,,,static_code,review,enter_short is dormant without a literal can_short=true,sha256_da6bc13bd36923c8989057597dddeb83213f428292fbfaa1be70faf0bbc6bff5
Rsiqui,Rsiqui:e0e432b6e003,Rsiqui,TheoBrigitte/freqtrade,repos/TheoBrigitte_freqtrade/strategies/rsiqui/Rsiqui.py,repos/TheoBrigitte_freqtrade/strategies/rsiqui/Rsiqui.py,original,,,,,not_applicable,original,native,true,true,6306,22472,true,true,5m,absent,true,false,long_only,long_only,false,strategy,unspecified,spot,spot_long,spot,not_run,,,,28778,historical_ledger,,runtime_full,provisional,mode and direction agree with static source evidence,sha256_e0e432b6e0035eb10b144a083111a65478a3d47dd96e1e3664964e90d616d100
RsiquiV2,RsiquiV2:57911f40d127,RsiquiV2,TheoBrigitte/freqtrade,repos/TheoBrigitte_freqtrade/strategies/rsiqui/RsiquiV2.py,repos/TheoBrigitte_freqtrade/strategies/rsiqui/RsiquiV2.py,original,,,,,not_applicable,original,native,true,false,,,false,true,5m,true,true,true,long_short,long_short,true,strategy,futures,futures,futures_long_short,futures,measured,20200301-20200401,4762,4564,9326,runtime_smoke,sha256_ae8c9b9335a9953419658f2c252edbd86aedede9b3e14a33acb8f7d47faba7e6,runtime_smoke,validated,mode and direction agree with static source evidence,sha256_57911f40d1275a5d5abf083358b24aacba42e3691f8241b97d15e30c5a1c704c
RsiquiV5,RsiquiV5:5f030f084dd9,RsiquiV5,TheoBrigitte/freqtrade,repos/TheoBrigitte_freqtrade/strategies/rsiqui/RsiquiV5.py,repos/TheoBrigitte_freqtrade/strategies/rsiqui/RsiquiV5.py,original,,,,,not_applicable,original,native,true,false,,,false,true,5m,true,true,true,long_short,long_short,true,strategy,futures,futures,futures_long_short,futures,measured,20200301-20200401,42,541,583,runtime_smoke,sha256_ae8c9b9335a9953419658f2c252edbd86aedede9b3e14a33acb8f7d47faba7e6,runtime_smoke,validated,mode and direction agree with static source evidence,sha256_5f030f084dd930b9ed8cb004ec383f90a76a0289d2f9843969adbd7a400ba1af
RsiquiV5_long_only,RsiquiV5_long_only:73a71825200a,RsiquiV5_long_only,TheoBrigitte/freqtrade,repos/TheoBrigitte_freqtrade/strategies/rsiqui/RsiquiV5_long_only.py,repos/TheoBrigitte_freqtrade/strategies/rsiqui/RsiquiV5_long_only.py,original,,,,,not_applicable,original,native,true,true,470,1257,true,true,5m,absent,true,true,long_short,long_only,true,strategy,futures,both,futures_long,spot;futures,measured,20200301-20200401,42,0,42,runtime_smoke,sha256_ae8c9b9335a9953419658f2c252edbd86aedede9b3e14a33acb8f7d47faba7e6,runtime_full,review,enter_short is dormant without a literal can_short=true; historical spot run succeeded despite futures intent,sha256_73a71825200a88d58f6a9d0a7bf8fc9a6043c8acbbc74f209d8c961d4776e7fe
slownsteady,slownsteady:de4315a18cae,slownsteady,TheoBrigitte/freqtrade,repos/TheoBrigitte_freqtrade/strategies/slownsteady/slownsteady_v2.py,repair/patched/repos/TheoBrigitte_freqtrade/strategies/slownsteady/slownsteady_v2.py,repaired,class2,pandas_removed_keywords,,,strict_equivalent,class2-overlay,native,true,false,,,false,false,5m,absent,true,false,long_only,long_only,false,strategy,unspecified,spot,spot_long,,not_run,,,,,freqai_result_card,,static_code,provisional,mode and direction agree with static source evidence,sha256_de4315a18caece8d91754d712bb87976b71b2e2a397a60972a49f542290e39a9
SMAOffset_Hippocritical_dca,SMAOffset_Hippocritical_dca:0c723f4afe6d,SMAOffset_Hippocritical_dca,TheoBrigitte/freqtrade,repos/TheoBrigitte_freqtrade/strategies/smas/SMAOffset_Hippocritical_dca.py,repos/TheoBrigitte_freqtrade/strategies/smas/SMAOffset_Hippocritical_dca.py,original,,,,,not_applicable,original,native,true,true,27,191,true,true,5m,absent,true,false,long_only,long_only,false,strategy,unspecified,spot,spot_long,spot,not_run,,,,218,historical_ledger,,runtime_full,provisional,mode and direction agree with static source evidence,sha256_0c723f4afe6d294bee2c4d22fa5c279bf8614ed850103878594caf646b397b1f
SMAOffset_Hippocritical_dca_old,SMAOffset_Hippocritical_dca_old:2cfd00c566a2,SMAOffset_Hippocritical_dca_old,TheoBrigitte/freqtrade,repos/TheoBrigitte_freqtrade/strategies/smas/SMAOffset_Hippocritical_dca_old.py,repos/TheoBrigitte_freqtrade/strategies/smas/SMAOffset_Hippocritical_dca_old.py,original,,,,,not_applicable,original,native,true,true,27,191,true,true,5m,absent,true,false,long_only,long_only,false,strategy,unspecified,spot,spot_long,spot,not_run,,,,218,historical_ledger,,runtime_full,provisional,mode and direction agree with static source evidence,sha256_2cfd00c566a2ddbab4f3a8356065cd6558796303781d3ce4104720db2eca65a6
SMAOffset_Hippocritical_dca_protections,SMAOffset_Hippocritical_dca_protections:931258cfdeb5,SMAOffset_Hippocritical_dca_protections,TheoBrigitte/freqtrade,repos/TheoBrigitte_freqtrade/strategies/smas/SMAOffset_Hippocritical_dca_protections.py,repos/TheoBrigitte_freqtrade/strategies/smas/SMAOffset_Hippocritical_dca_protections.py,original,,,,,not_applicable,original,native,true,true,27,191,true,true,5m,absent,true,false,long_only,long_only,false,strategy,unspecified,spot,spot_long,spot,not_run,,,,218,historical_ledger,,runtime_full,provisional,mode and direction agree with static source evidence,sha256_931258cfdeb5e31a19f22449b49255f210046237cc8057917dc4a9568add4298
SMAOffset_Hippocritical_dca_leverage,SMAOffset_Hippocritical_dca_leverage:3e0741aa6ef0,SMAOffset_Hippocritical_dca_leverage,TheoBrigitte/freqtrade,repos/TheoBrigitte_freqtrade/strategies/smas/dry-run/2025-01-29/SMAOffset_Hippocritical_dca_leverage.py,repos/TheoBrigitte_freqtrade/strategies/smas/dry-run/2025-01-29/SMAOffset_Hippocritical_dca_leverage.py,original,,,,,not_applicable,original,native,true,true,27,191,true,true,5m,absent,true,false,long_only,long_only,true,strategy,futures,both,futures_long,spot;futures,measured,20200301-20200401,18,0,18,runtime_smoke,sha256_ae8c9b9335a9953419658f2c252edbd86aedede9b3e14a33acb8f7d47faba7e6,runtime_full,review,mode and direction agree with static source evidence; historical spot run succeeded despite futures intent,sha256_3e0741aa6ef01ed5a8908b078a53d06894a110ec112bfcf0133e097b5af66366
StarRise,StarRise:3318e8714e28,StarRise,TheoBrigitte/freqtrade,repos/TheoBrigitte_freqtrade/strategies/starrise/StarRise.py,repos/TheoBrigitte_freqtrade/strategies/starrise/StarRise.py,original,,,,,not_applicable,original,native,true,true,64,156,true,true,5m,absent,true,false,long_only,long_only,false,strategy,unspecified,spot,spot_long,spot,not_run,,,,220,historical_ledger,,runtime_full,provisional,mode and direction agree with static source evidence,sha256_3318e8714e28c07017b62ed8631f6084685eba3fae3bf668c5cd065110f909a8
StarRise_strat,StarRise_strat:dcb6b2744fc0,StarRise_strat,TheoBrigitte/freqtrade,repos/TheoBrigitte_freqtrade/strategies/starrise/StarRise_V2.py,repos/TheoBrigitte_freqtrade/strategies/starrise/StarRise_V2.py,original,,,,,not_applicable,original,native,true,true,73,182,true,true,5m,absent,true,false,long_only,long_only,false,strategy,unspecified,spot,spot_long,spot,not_run,,,,255,historical_ledger,,runtime_full,provisional,mode and direction agree with static source evidence,sha256_dcb6b2744fc06b6521cdbf11a8d1c046a47041716ffe4ed5e71e824938be91cc
StarRise_strat3,StarRise_strat3:2cad4ff2351c,StarRise_strat3,TheoBrigitte/freqtrade,repos/TheoBrigitte_freqtrade/strategies/starrise/StarRise_V3.py,repos/TheoBrigitte_freqtrade/strategies/starrise/StarRise_V3.py,original,,,,,not_applicable,original,native,true,true,295,966,true,true,5m,absent,true,false,long_only,long_only,false,strategy,unspecified,spot,spot_long,spot,not_run,,,,1261,historical_ledger,,runtime_full,provisional,mode and direction agree with static source evidence,sha256_2cad4ff2351c7548915033b3924ddd999a4ce07f42b171fc6ceedc93d5f53ff4
Tank1Modulus,Tank1Modulus:a12f5b7e883f,Tank1Modulus,TheoBrigitte/freqtrade,repos/TheoBrigitte_freqtrade/strategies/tank/Tank1Modulus.py,repos/TheoBrigitte_freqtrade/strategies/tank/Tank1Modulus.py,original,,,,,not_applicable,original,native,true,true,94,506,true,true,1h,false,true,false,long_only,long_only,false,strategy,unspecified,spot,spot_long,spot,not_run,,,,600,historical_ledger,,runtime_full,provisional,mode and direction agree with static source evidence,sha256_a12f5b7e883ff073c4bf917a4c70f717554b9b6c415f5020f71f3ce772b884c0
Tank5ModulusDCA,Tank5ModulusDCA:b08e29a5f525,Tank5ModulusDCA,TheoBrigitte/freqtrade,repos/TheoBrigitte_freqtrade/strategies/tank/Tank5ModulusDCA.py,repos/TheoBrigitte_freqtrade/strategies/tank/Tank5ModulusDCA.py,original,,,,,not_applicable,original,native,true,false,,,false,false,5m,false,true,false,long_only,long_only,false,strategy,unspecified,spot,spot_long,,not_run,,,,,,,static_code,provisional,mode and direction agree with static source evidence,sha256_b08e29a5f52581071a01a78c40788b26e330ecb238761b1b0da2a512da3b188f
Tank5ModulusDCAV3,Tank5ModulusDCAV3:9f8209f6ccd7,Tank5ModulusDCAV3,TheoBrigitte/freqtrade,repos/TheoBrigitte_freqtrade/strategies/tank/Tank5ModulusDCAV3.py,repos/TheoBrigitte_freqtrade/strategies/tank/Tank5ModulusDCAV3.py,original,,,,,not_applicable,original,native,true,false,,,false,false,5m,false,true,false,long_only,long_only,false,strategy,unspecified,spot,spot_long,,not_run,,,,,,,static_code,provisional,mode and direction agree with static source evidence,sha256_9f8209f6ccd7b42a6ebf8f471cbb9d7625239689666dfe4a5a73c24e7610c8ae
TrendFollowingStrategy,TrendFollowingStrategy:5b587371c871,TrendFollowingStrategy,TheoBrigitte/freqtrade,repos/TheoBrigitte_freqtrade/strategies/trendfollowing/TrendFollowingStrategy.py,repos/TheoBrigitte_freqtrade/strategies/trendfollowing/TrendFollowingStrategy.py,original,,,,,not_applicable,original,native,true,false,,,false,true,5m,true,true,true,long_short,long_short,true,strategy,futures,futures,futures_long_short,futures,measured,20200301-20200401,535,494,1029,runtime_smoke,sha256_ae8c9b9335a9953419658f2c252edbd86aedede9b3e14a33acb8f7d47faba7e6,runtime_smoke,validated,mode and direction agree with static source evidence,sha256_5b587371c8710634642c52367f50e532de711a3ecca6a18523948d8013dc895b
new_turtle_roi,new_turtle_roi:29ff0b406385,new_turtle_roi,TheoBrigitte/freqtrade,repos/TheoBrigitte_freqtrade/strategies/turtle/new_turtle_roi.py,repos/TheoBrigitte_freqtrade/strategies/turtle/new_turtle_roi.py,original,,,,,not_applicable,original,native,true,false,,,false,false,1d,false,true,true,long_short,long_only,false,strategy,futures,spot,spot_long,,not_run,,,,,,,static_code,review,enter_short is dormant without a literal can_short=true,sha256_29ff0b406385653d6f9b5d7ed767ea62318ca0cad18849bf858040aaff200f13
twinturboV8,twinturboV8:a79e4a960b80,twinturboV8,TheoBrigitte/freqtrade,repos/TheoBrigitte_freqtrade/strategies/twinturbov8/twinturboV8.py,repos/TheoBrigitte_freqtrade/strategies/twinturbov8/twinturboV8.py,original,,,,,not_applicable,original,native,true,true,24,107,true,true,5m,absent,true,false,long_only,long_only,false,strategy,unspecified,spot,spot_long,spot,not_run,,,,131,historical_ledger,,runtime_full,provisional,mode and direction agree with static source evidence,sha256_a79e4a960b8061f900aba2c1cc8026ab6b697c0b8236d1010ee2a1a06f26829b
twinturboV8_2,twinturboV8_2:5afe4f4cb98c,twinturboV8_2,TheoBrigitte/freqtrade,repos/TheoBrigitte_freqtrade/strategies/twinturbov8/twinturboV8_2.py,repos/TheoBrigitte_freqtrade/strategies/twinturbov8/twinturboV8_2.py,original,,,,,not_applicable,original,native,true,true,23,96,true,true,5m,absent,true,false,long_only,long_only,false,strategy,unspecified,spot,spot_long,spot,not_run,,,,119,historical_ledger,,runtime_full,provisional,mode and direction agree with static source evidence,sha256_5afe4f4cb98cd46a38a0a232cc70d8491cc361b8a5a267133293308ea9b8693e
VolatilitySystem,VolatilitySystem:d62c96946f4b,VolatilitySystem,TheoBrigitte/freqtrade,repos/TheoBrigitte_freqtrade/strategies/volatility/VolatilitySystem.py,repos/TheoBrigitte_freqtrade/strategies/volatility/VolatilitySystem.py,original,,,,,not_applicable,original,native,true,true,156,518,true,true,1h,false,true,true,long_short,long_only,true,strategy,futures,both,futures_long,spot;futures,measured,20200301-20200401,9,0,9,runtime_smoke,sha256_ae8c9b9335a9953419658f2c252edbd86aedede9b3e14a33acb8f7d47faba7e6,runtime_full,review,enter_short is dormant without a literal can_short=true; historical spot run succeeded despite futures intent,sha256_d62c96946f4b848857eee23f84f8a8988b2545dc7e7d2125a35bc891078e0ae0
VolatilitySystemV2,VolatilitySystemV2:604d9b2fc6e8,VolatilitySystemV2,TheoBrigitte/freqtrade,repos/TheoBrigitte_freqtrade/strategies/volatility/VolatilitySystemV2.py,repos/TheoBrigitte_freqtrade/strategies/volatility/VolatilitySystemV2.py,original,,,,,not_applicable,original,native,true,false,,,false,true,1h,true,true,true,long_short,long_short,true,strategy,futures,futures,futures_long_short,futures,measured,20200301-20200401,9,15,24,runtime_smoke,sha256_ae8c9b9335a9953419658f2c252edbd86aedede9b3e14a33acb8f7d47faba7e6,runtime_smoke,validated,mode and direction agree with static source evidence,sha256_604d9b2fc6e8f0b76b6d9341f64c7a98b5c5e7c9a1af237fd7584b9d671bf6a8
TRIWAVE,TRIWAVE:3f1564192308,TRIWAVE,TheoBrigitte/freqtrade,repos/TheoBrigitte_freqtrade/strategies/wave/TRIWAVE.py,repos/TheoBrigitte_freqtrade/strategies/wave/TRIWAVE.py,original,,,,,not_applicable,original,native,true,true,730,2894,true,true,15m,absent,true,false,long_only,long_only,false,strategy,unspecified,spot,spot_long,spot,not_run,,,,3624,historical_ledger,,runtime_full,provisional,mode and direction agree with static source evidence,sha256_3f1564192308545e4a9b6bc0ffb305337596561b055b0cad8497170e5cb9cb1b
dualwave,dualwave:21be3f4a214b,dualwave,TheoBrigitte/freqtrade,repos/TheoBrigitte_freqtrade/strategies/wave/dualwave.py,repos/TheoBrigitte_freqtrade/strategies/wave/dualwave.py,repaired,class1,environment_compatibility,,,strict_equivalent,original+compatibility-environment,native,true,false,,,false,true,15m,absent,true,false,long_only,long_only,false,strategy,unspecified,spot,spot_long,spot,not_run,,,,1767,class1_result_card,,static_code,provisional,mode and direction agree with static source evidence,sha256_21be3f4a214bcd2dcd3148d192b3293fd16f9aa35736ca8e1d80f0ad1bea90fc
WTX3,WTX3:f2b64e9b550c,WTX3,TheoBrigitte/freqtrade,repos/TheoBrigitte_freqtrade/strategies/wtx3/scalpv3.py,repos/TheoBrigitte_freqtrade/strategies/wtx3/scalpv3.py,original,,,,,not_applicable,original,native,true,false,,,false,true,5m,true,true,true,long_short,long_short,true,strategy,futures,futures,futures_long_short,futures,measured,20200301-20200401,339,401,740,runtime_smoke,sha256_ae8c9b9335a9953419658f2c252edbd86aedede9b3e14a33acb8f7d47faba7e6,runtime_smoke,validated,mode and direction agree with static source evidence,sha256_f2b64e9b550ce603471b6c3a0fb9bd856a18e7c43b5ea37181a02fe1aedab62d
simple_patterns,simple_patterns:9ee9bae231b2,simple_patterns,TheoBrigitte/freqtrade,repos/TheoBrigitte_freqtrade/strategies/yodo/simple_patterns.py,repos/TheoBrigitte_freqtrade/strategies/yodo/simple_patterns.py,original,,,,,not_applicable,original,native,true,false,,,false,false,1m,false,true,false,long_only,long_only,false,strategy,unspecified,spot,spot_long,,not_run,,,,,,,static_code,provisional,mode and direction agree with static source evidence,sha256_9ee9bae231b2ab2cbab9237a75ca95a8f19b23dddaee1fc0955478ac23e2c850
BinanceStream,BinanceStream:d45467113bfd,BinanceStream,TomtomEh/freqtrade-websocket,repos/TomtomEh_freqtrade-websocket/user_data/strategies/BinanceStream.py,repos/TomtomEh_freqtrade-websocket/user_data/strategies/BinanceStream.py,original,,,,,not_applicable,original,native,true,false,,,false,false,,absent,true,false,long_only,long_only,false,strategy,unspecified,spot,spot_long,,not_run,,,,,,,static_code,provisional,mode and direction agree with static source evidence,sha256_d45467113bfd34c17bd29c96982ed5862513e9ee9c8ac418ff3a7c874bce9590
NWEv6,NWEv6:f5a8cb3f37d7,NWEv6,anakein/beastbotXB,repos/anakein_beastbotXB/working/NWEv6.py,repos/anakein_beastbotXB/working/NWEv6.py,original,,,,,not_applicable,original,native,true,true,2032,6347,true,true,5m,absent,true,false,long_only,long_only,false,strategy,unspecified,spot,spot_long,spot,not_run,,,,8379,historical_ledger,,runtime_full,provisional,mode and direction agree with static source evidence,sha256_f5a8cb3f37d75940a7411c86c07cc961fa47fa010bafb8fa99444255e040a8b4
NWEv6_new,NWEv6_new:643838521ab8,NWEv6_new,anakein/beastbotXB,repos/anakein_beastbotXB/working/NWEv6_new.py,repos/anakein_beastbotXB/working/NWEv6_new.py,original,,,,,not_applicable,original,native,true,true,1869,6239,true,true,3m,absent,true,false,long_only,long_only,false,strategy,unspecified,spot,spot_long,spot,not_run,,,,8108,historical_ledger,,runtime_full,provisional,mode and direction agree with static source evidence,sha256_643838521ab8df98448412e1aa8fc023e6352914d35a57db1c39c476b8f6c7dd
chispei,chispei:6b4e2cdd6976,chispei,botenesp/freqtrade_strategies,repos/botenesp_freqtrade_strategies/chispei.py,repos/botenesp_freqtrade_strategies/chispei.py,original,,,,,not_applicable,original,native,true,false,,,false,false,,absent,true,false,long_only,long_only,false,strategy,unspecified,spot,spot_long,,not_run,,,,,,,static_code,provisional,mode and direction agree with static source evidence,sha256_6b4e2cdd6976de45dd49539e7888003eb66a17203f95c40aa91491673d8f9011
ZaratustraDCA2_07,ZaratustraDCA2_07:150220a876fd,ZaratustraDCA2_07,bustillo/freqtrade-strategies,repos/bustillo_freqtrade-strategies/ZaratustraDCA/ZaratustraDCA2_07.py,repos/bustillo_freqtrade-strategies/ZaratustraDCA/ZaratustraDCA2_07.py,original,,,,,not_applicable,original,native,true,false,,,false,true,5m,true,true,true,long_short,long_short,false,strategy,futures,futures,futures_long_short,futures,measured,20200301-20200401,127,92,219,runtime_smoke,sha256_ae8c9b9335a9953419658f2c252edbd86aedede9b3e14a33acb8f7d47faba7e6,runtime_smoke,validated,mode and direction agree with static source evidence,sha256_150220a876fd2b5c3b13dad5e8c2898f76a70ad8fce26a862a03b67907356e69
ZaratustraDCA5,ZaratustraDCA5:6dfc2e9a3565,ZaratustraDCA5,bustillo/freqtrade-strategies,repos/bustillo_freqtrade-strategies/ZaratustraDCA/ZaratustraDCA5.py,repos/bustillo_freqtrade-strategies/ZaratustraDCA/ZaratustraDCA5.py,original,,,,,not_applicable,original,native,true,false,,,false,true,5m,true,true,true,long_short,long_short,false,strategy,futures,futures,futures_long_short,futures,measured,20200301-20200401,132,101,233,runtime_smoke,sha256_ae8c9b9335a9953419658f2c252edbd86aedede9b3e14a33acb8f7d47faba7e6,runtime_smoke,validated,mode and direction agree with static source evidence,sha256_6dfc2e9a3565c8144fa6cd8c213ea9ba33077d1349ba8a083d347696325af074
NostalgiaForInfinityX4,NostalgiaForInfinityX4:1e74882784ff,NostalgiaForInfinityX4,cyberjunky/freqtrade_strategy,repos/cyberjunky_freqtrade_strategy/strategies/NostalgiaForInfinityX4.py,repos/cyberjunky_freqtrade_strategy/strategies/NostalgiaForInfinityX4.py,original,,,,,not_applicable,original,native,true,false,,,false,true,5m,absent,true,true,long_short,long_only,true,strategy,futures,futures,futures_long,futures,measured,20200301-20200401,0,0,0,runtime_smoke,sha256_ae8c9b9335a9953419658f2c252edbd86aedede9b3e14a33acb8f7d47faba7e6,runtime_smoke,review,enter_short is dormant without a literal can_short=true,sha256_1e74882784ff49b36b9a9408379b5dc3ac93f37df85605efa84029646348bedb
ADX_15M_USDT2,ADX_15M_USDT2:0d171b1a5053,ADX_15M_USDT2,davidzr/freqtrade-strategies,repos/davidzr_freqtrade-strategies/strategies/ADX_15M_USDT2/ADX_15M_USDT2.py,repos/davidzr_freqtrade-strategies/strategies/ADX_15M_USDT2/ADX_15M_USDT2.py,original,,,,,not_applicable,original,native,true,false,,,false,false,,absent,true,false,long_only,long_only,false,strategy,unspecified,spot,spot_long,,not_run,,,,,,,static_code,provisional,mode and direction agree with static source evidence,sha256_0d171b1a50538b7ec79996d348c533c5cbc0fa2fb6e61daf1e4b25a09630510b
AlwaysBuy,AlwaysBuy:220546dcb09d,AlwaysBuy,davidzr/freqtrade-strategies,repos/davidzr_freqtrade-strategies/strategies/AlwaysBuy/AlwaysBuy.py,repos/davidzr_freqtrade-strategies/strategies/AlwaysBuy/AlwaysBuy.py,original,,,,,not_applicable,original,native,true,true,11069,21290,true,true,5m,absent,true,false,long_only,long_only,false,strategy,unspecified,spot,spot_long,spot,not_run,,,,32359,historical_ledger,,runtime_full,provisional,mode and direction agree with static source evidence,sha256_220546dcb09d63d77859e4dbbd2a2b36eccd8d8f2d82b17baf2f30d9479de77e
BBMod1,BBMod1:ff96498aa074,BBMod1,davidzr/freqtrade-strategies,repos/davidzr_freqtrade-strategies/strategies/BBMod1/BBMod1.py,repair/patched/repos/davidzr_freqtrade-strategies/strategies/BBMod1/BBMod1.py,repaired,class2,dead_np_where_dtype,,,strict_equivalent,class2-overlay,native,true,false,,,false,false,5m,absent,true,false,long_only,long_only,false,strategy,unspecified,spot,spot_long,,not_run,,,,,freqai_result_card,,static_code,provisional,mode and direction agree with static source evidence,sha256_ff96498aa0742111a24e99ca0e4044de84125faefc987aad710e4202a4d9d498
BBRSI21,BBRSI21:906ff2c0fd9a,BBRSI21,davidzr/freqtrade-strategies,repos/davidzr_freqtrade-strategies/strategies/BBRSI21/BBRSI21.py,repos/davidzr_freqtrade-strategies/strategies/BBRSI21/BBRSI21.py,original,,,,,not_applicable,original,native,true,true,1375,4470,true,true,5m,absent,true,false,long_only,long_only,false,strategy,unspecified,spot,spot_long,spot,not_run,,,,5845,historical_ledger,,runtime_full,provisional,mode and direction agree with static source evidence,sha256_906ff2c0fd9ae2ab397afb80a4e201579a06ff7726f43b9412b305580882e714
BBRSI2,BBRSI2:58f6a2d72a76,BBRSI2,davidzr/freqtrade-strategies,repos/davidzr_freqtrade-strategies/strategies/BBRSI2/BBRSI2.py,repos/davidzr_freqtrade-strategies/strategies/BBRSI2/BBRSI2.py,original,,,,,not_applicable,original,native,true,true,6919,17503,true,true,1m,absent,true,false,long_only,long_only,false,strategy,unspecified,spot,spot_long,spot,not_run,,,,24422,historical_ledger,,runtime_full,provisional,mode and direction agree with static source evidence,sha256_58f6a2d72a769ef615f71f0af66d558a1397efd08ab60cabe2625f8e8e60482d
BBRSI3366,BBRSI3366:b03a199248ae,BBRSI3366,davidzr/freqtrade-strategies,repos/davidzr_freqtrade-strategies/strategies/BBRSI3366/BBRSI3366.py,repos/davidzr_freqtrade-strategies/strategies/BBRSI3366/BBRSI3366.py,original,,,,,not_applicable,original,native,true,true,9643,17230,true,true,5m,absent,true,false,long_only,long_only,false,strategy,unspecified,spot,spot_long,spot,not_run,,,,26873,historical_ledger,,runtime_full,provisional,mode and direction agree with static source evidence,sha256_b03a199248ae5592b29e08fd7e02d0e774c4d5d14f61df0315d0e62deced9d51
BBRSI4cust,BBRSI4cust:1ad9367b43fb,BBRSI4cust,davidzr/freqtrade-strategies,repos/davidzr_freqtrade-strategies/strategies/BBRSI4cust/BBRSI4cust.py,repos/davidzr_freqtrade-strategies/strategies/BBRSI4cust/BBRSI4cust.py,original,,,,,not_applicable,original,native,true,true,7881,15005,true,true,15m,false,true,false,long_only,long_only,false,strategy,unspecified,spot,spot_long,spot,not_run,,,,22886,historical_ledger,,runtime_full,provisional,mode and direction agree with static source evidence,sha256_1ad9367b43fbf398c6ab05e4bf5d5cd122baa27b0dff8f87a6d255004b740cce
BBRSINaiveStrategy,BBRSINaiveStrategy:8898c71db5cc,BBRSINaiveStrategy,davidzr/freqtrade-strategies,repos/davidzr_freqtrade-strategies/strategies/BBRSINaiveStrategy/BBRSINaiveStrategy.py,repos/davidzr_freqtrade-strategies/strategies/BBRSINaiveStrategy/BBRSINaiveStrategy.py,original,,,,,not_applicable,original,native,true,true,4539,15483,true,true,15m,absent,true,false,long_only,long_only,false,strategy,unspecified,spot,spot_long,spot,not_run,,,,20022,historical_ledger,,runtime_full,provisional,mode and direction agree with static source evidence,sha256_8898c71db5cc2ee883baef1b873b622b0fce1ae335847a54e6062689476cb7b1
BBRSIOptim2020Strategy,BBRSIOptim2020Strategy:81bc9ab8f74d,BBRSIOptim2020Strategy,davidzr/freqtrade-strategies,repos/davidzr_freqtrade-strategies/strategies/BBRSIOptim2020Strategy/BBRSIOptim2020Strategy.py,repos/davidzr_freqtrade-strategies/strategies/BBRSIOptim2020Strategy/BBRSIOptim2020Strategy.py,original,,,,,not_applicable,original,native,true,true,10020,24935,true,true,5m,absent,true,false,long_only,long_only,false,strategy,unspecified,spot,spot_long,spot,not_run,,,,34955,historical_ledger,,runtime_full,provisional,mode and direction agree with static source evidence,sha256_81bc9ab8f74db54cfc5baeefc927831fe1e69b8177e35ba19faad47accb820e7
BBRSIOptimStrategy,BBRSIOptimStrategy:142c7cfcde66,BBRSIOptimStrategy,davidzr/freqtrade-strategies,repos/davidzr_freqtrade-strategies/strategies/BBRSIOptimStrategy/BBRSIOptimStrategy.py,repos/davidzr_freqtrade-strategies/strategies/BBRSIOptimStrategy/BBRSIOptimStrategy.py,original,,,,,not_applicable,original,native,true,true,2425,8272,true,true,5m,absent,true,false,long_only,long_only,false,strategy,unspecified,spot,spot_long,spot,not_run,,,,10697,historical_ledger,,runtime_full,provisional,mode and direction agree with static source evidence,sha256_142c7cfcde661b259c9c77ffbe00cbba0e3de3951ddc7ae6ed098f07a181e19a
BBRSIS,BBRSIS:9cbc9ac5b110,BBRSIS,davidzr/freqtrade-strategies,repos/davidzr_freqtrade-strategies/strategies/BBRSIS/BBRSIS.py,repair/patched/repos/davidzr_freqtrade-strategies/strategies/BBRSIS/BBRSIS.py,repaired,class2,pandas_removed_keywords,,,strict_equivalent,class2-overlay,native,true,false,,,false,false,,absent,true,false,long_only,long_only,false,strategy,unspecified,spot,spot_long,,not_run,,,,,freqai_result_card,,static_code,provisional,mode and direction agree with static source evidence,sha256_9cbc9ac5b1105fb18999cfecba8576150cfaa37b5d13bc768b55bd0c44c3e4a0
BBRSIStrategy,BBRSIStrategy:cea3ffb8eacd,BBRSIStrategy,davidzr/freqtrade-strategies,repos/davidzr_freqtrade-strategies/strategies/BBRSIStrategy/BBRSIStrategy.py,repos/davidzr_freqtrade-strategies/strategies/BBRSIStrategy/BBRSIStrategy.py,original,,,,,not_applicable,original,native,true,true,2666,9664,true,true,15m,absent,true,false,long_only,long_only,false,strategy,unspecified,spot,spot_long,spot,not_run,,,,12330,historical_ledger,,runtime_full,provisional,mode and direction agree with static source evidence,sha256_cea3ffb8eacd9d2908141e4ac3c9e47c5c14bd6831336a5c7f523acc186e5e72
bbrsi,bbrsi:fc5269c71f80,bbrsi,davidzr/freqtrade-strategies,repos/davidzr_freqtrade-strategies/strategies/BBRSI/BBRSI.py,repos/davidzr_freqtrade-strategies/strategies/BBRSI/BBRSI.py,original,,,,,not_applicable,original,native,true,true,1201,4306,true,true,4h,absent,true,false,long_only,long_only,false,strategy,unspecified,spot,spot_long,spot,not_run,,,,5507,historical_ledger,,runtime_full,provisional,mode and direction agree with static source evidence,sha256_fc5269c71f8035657d90723ccc26149822874ee3d42315396d81d084358be82e
BBRSIoriginal,BBRSIoriginal:0b7f8f86963f,BBRSIoriginal,davidzr/freqtrade-strategies,repos/davidzr_freqtrade-strategies/strategies/BBRSIoriginal/BBRSIoriginal.py,repos/davidzr_freqtrade-strategies/strategies/BBRSIoriginal/BBRSIoriginal.py,original,,,,,not_applicable,original,native,true,false,,,false,false,,absent,true,false,long_only,long_only,false,strategy,unspecified,spot,spot_long,,not_run,,,,,,,static_code,provisional,mode and direction agree with static source evidence,sha256_0b7f8f86963ffa798c0c4013ffd9a0470195562923b51ae5892073cb5de37efd
BBRSIv2,BBRSIv2:35ae832a0782,BBRSIv2,davidzr/freqtrade-strategies,repos/davidzr_freqtrade-strategies/strategies/BBRSIv2/BBRSIv2.py,repos/davidzr_freqtrade-strategies/strategies/BBRSIv2/BBRSIv2.py,original,,,,,not_applicable,original,native,true,true,90,494,true,true,15m,absent,true,false,long_only,long_only,false,strategy,unspecified,spot,spot_long,spot,not_run,,,,584,historical_ledger,,runtime_full,provisional,mode and direction agree with static source evidence,sha256_35ae832a078229ab3f97fd9c7111f027b7ddec96898e60dc272875d0a684d82b
BB_RPB_TSL_2,BB_RPB_TSL_2:8d6f406ddaab,BB_RPB_TSL_2,davidzr/freqtrade-strategies,repos/davidzr_freqtrade-strategies/strategies/BB_RPB_TSL_2/BB_RPB_TSL_2.py,repair/patched/repos/davidzr_freqtrade-strategies/strategies/BB_RPB_TSL_2/BB_RPB_TSL_2.py,repaired,class2,dead_np_where_dtype;param_missing_space,,,strict_equivalent,class2-overlay,native,true,false,,,false,false,3m,absent,true,false,long_only,long_only,false,strategy,unspecified,spot,spot_long,,not_run,,,,,freqai_result_card,,static_code,provisional,mode and direction agree with static source evidence,sha256_8d6f406ddaab4e67dc3af236aba3f5ef963b960171cfeb8304b2e8a6be29c335
BB_RPB_TSL_RNG_2,BB_RPB_TSL_RNG_2:ca91ce1da4c1,BB_RPB_TSL_RNG_2,davidzr/freqtrade-strategies,repos/davidzr_freqtrade-strategies/strategies/BB_RPB_TSL_RNG_2/BB_RPB_TSL_RNG_2.py,repos/davidzr_freqtrade-strategies/strategies/BB_RPB_TSL_RNG_2/BB_RPB_TSL_RNG_2.py,original,,,,,not_applicable,original,native,true,true,101,675,true,true,5m,absent,true,false,long_only,long_only,false,strategy,unspecified,spot,spot_long,spot,not_run,,,,776,historical_ledger,,runtime_full,provisional,mode and direction agree with static source evidence,sha256_ca91ce1da4c1ea2e7a0d0419a89fcfae71f8c3b736479bc96f0eb50eaedf3723
BB_RPB_TSL_RNG_VWAP,BB_RPB_TSL_RNG_VWAP:983ffa958fda,BB_RPB_TSL_RNG_VWAP,davidzr/freqtrade-strategies,repos/davidzr_freqtrade-strategies/strategies/BB_RPB_TSL_RNG_VWAP/BB_RPB_TSL_RNG_VWAP.py,repos/davidzr_freqtrade-strategies/strategies/BB_RPB_TSL_RNG_VWAP/BB_RPB_TSL_RNG_VWAP.py,original,,,,,not_applicable,original,native,true,true,244,1045,true,true,5m,absent,true,false,long_only,long_only,false,strategy,unspecified,spot,spot_long,spot,not_run,,,,1289,historical_ledger,,runtime_full,provisional,mode and direction agree with static source evidence,sha256_983ffa958fdac8c093628baef70e430a22dede436e7a8b70418fabc4b21fae93
BB_RPB_TSL_SMA_Tranz_TB_1_1_1,BB_RPB_TSL_SMA_Tranz_TB_1_1_1:d73a9e81d3fb,BB_RPB_TSL_SMA_Tranz_TB_1_1_1,davidzr/freqtrade-strategies,repos/davidzr_freqtrade-strategies/strategies/BB_RPB_TSL_SMA_Tranz_TB_1_1_1/BB_RPB_TSL_SMA_Tranz_TB_1_1_1.py,repair/patched/repos/davidzr_freqtrade-strategies/strategies/BB_RPB_TSL_SMA_Tranz_TB_1_1_1/BB_RPB_TSL_SMA_Tranz_TB_1_1_1.py,repaired,class2,dead_np_where_dtype,,,strict_equivalent,class2-overlay,native,true,false,,,false,false,5m,absent,true,false,long_only,long_only,false,strategy,unspecified,spot,spot_long,,not_run,,,,,freqai_result_card,,static_code,provisional,mode and direction agree with static source evidence,sha256_d73a9e81d3fbd3ecffa25be3b325f8303708b154caf21e69a492c64df5b37c6c
BB_RPB_TSL_SMA_Tranz_TB_MOD,BB_RPB_TSL_SMA_Tranz_TB_MOD:89e772462440,BB_RPB_TSL_SMA_Tranz_TB_MOD,davidzr/freqtrade-strategies,repos/davidzr_freqtrade-strategies/strategies/BB_RPB_TSL_SMA_Tranz_TB_MOD/BB_RPB_TSL_SMA_Tranz_TB_MOD.py,repair/patched/repos/davidzr_freqtrade-strategies/strategies/BB_RPB_TSL_SMA_Tranz_TB_MOD/BB_RPB_TSL_SMA_Tranz_TB_MOD.py,repaired,class2,dead_np_where_dtype,,,strict_equivalent,class2-overlay,native,true,false,,,false,false,5m,absent,true,false,long_only,long_only,false,strategy,unspecified,spot,spot_long,,not_run,,,,,freqai_result_card,,static_code,provisional,mode and direction agree with static source evidence,sha256_89e7724624401e805ed2dd08c88121025c3490bad0fefaf72f94a8955a6df42d
BB_RPB_TSL_Tranz,BB_RPB_TSL_Tranz:f3ab5e0e637d,BB_RPB_TSL_Tranz,davidzr/freqtrade-strategies,repos/davidzr_freqtrade-strategies/strategies/BB_RPB_TSL_Tranz/BB_RPB_TSL_Tranz.py,repair/patched/repos/davidzr_freqtrade-strategies/strategies/BB_RPB_TSL_Tranz/BB_RPB_TSL_Tranz.py,repaired,class2,dead_np_where_dtype,,,strict_equivalent,class2-overlay,native,true,false,,,false,false,5m,absent,true,false,long_only,long_only,false,strategy,unspecified,spot,spot_long,,not_run,,,,,freqai_result_card,,static_code,provisional,mode and direction agree with static source evidence,sha256_f3ab5e0e637d1b58b206aea6483866f263a58571ea873589fed33a4c18a3155f
BB_RPB_TSL_c7c477d_20211030,BB_RPB_TSL_c7c477d_20211030:94144d76df36,BB_RPB_TSL_c7c477d_20211030,davidzr/freqtrade-strategies,repos/davidzr_freqtrade-strategies/strategies/BB_RPB_TSL_c7c477d_20211030/BB_RPB_TSL_c7c477d_20211030.py,repos/davidzr_freqtrade-strategies/strategies/BB_RPB_TSL_c7c477d_20211030/BB_RPB_TSL_c7c477d_20211030.py,original,,,,,not_applicable,original,native,true,true,144,350,true,true,5m,absent,true,false,long_only,long_only,false,strategy,unspecified,spot,spot_long,spot,not_run,,,,494,historical_ledger,,runtime_full,provisional,mode and direction agree with static source evidence,sha256_94144d76df36cf4556f08283794ebbdaf85e46c8b9b20add83e76bc06611e4a2
BB_RPB_TSLmeneguzzo,BB_RPB_TSLmeneguzzo:316241193acc,BB_RPB_TSLmeneguzzo,davidzr/freqtrade-strategies,repos/davidzr_freqtrade-strategies/strategies/BB_RPB_TSLmeneguzzo/BB_RPB_TSLmeneguzzo.py,repair/patched/repos/davidzr_freqtrade-strategies/strategies/BB_RPB_TSLmeneguzzo/BB_RPB_TSLmeneguzzo.py,repaired,class2,dead_np_where_dtype,,,strict_equivalent,class2-overlay,native,true,false,,,false,false,5m,absent,true,false,long_only,long_only,false,strategy,unspecified,spot,spot_long,,not_run,,,,,freqai_result_card,,static_code,provisional,mode and direction agree with static source evidence,sha256_316241193acc1ed477c7c3862d9b385d0d128d93840d874d0dcad47ab210acd8
BBlower,BBlower:ef24be71cd83,BBlower,davidzr/freqtrade-strategies,repos/davidzr_freqtrade-strategies/strategies/BBlower/BBlower.py,repos/davidzr_freqtrade-strategies/strategies/BBlower/BBlower.py,original,,,,,not_applicable,original,native,true,true,414,1376,true,true,5m,absent,true,false,long_only,long_only,false,strategy,unspecified,spot,spot_long,spot,not_run,,,,1790,historical_ledger,,runtime_full,provisional,mode and direction agree with static source evidence,sha256_ef24be71cd83d2dede30f20e2bfd257b89ebb46a1ea97b1321245427ee66de5a
Babico_SMA5xBBmid,Babico_SMA5xBBmid:64846c265b53,Babico_SMA5xBBmid,davidzr/freqtrade-strategies,repos/davidzr_freqtrade-strategies/strategies/Babico_SMA5xBBmid/Babico_SMA5xBBmid.py,repos/davidzr_freqtrade-strategies/strategies/Babico_SMA5xBBmid/Babico_SMA5xBBmid.py,original,,,,,not_applicable,original,native,true,true,15,64,true,true,1d,absent,true,false,long_only,long_only,false,strategy,unspecified,spot,spot_long,spot,not_run,,,,79,historical_ledger,,runtime_full,provisional,mode and direction agree with static source evidence,sha256_64846c265b53f34dfdd117cc31b195466f09e1dc154a9f3c3835cf1eab4600fd
BigPete,BigPete:d27f97d739e5,BigPete,davidzr/freqtrade-strategies,repos/davidzr_freqtrade-strategies/strategies/BigPete/BigPete.py,repos/davidzr_freqtrade-strategies/strategies/BigPete/BigPete.py,original,,,,,not_applicable,original,native,true,true,4439,13236,true,true,5m,absent,true,false,long_only,long_only,false,strategy,unspecified,spot,spot_long,spot,not_run,,,,17675,historical_ledger,,runtime_full,provisional,mode and direction agree with static source evidence,sha256_d27f97d739e5c798a772fe471793d5fef4bde4c8ea3df6ee46cb9c2d80b04af2
BigZ0307HO,BigZ0307HO:0a71c6f2bd04,BigZ0307HO,davidzr/freqtrade-strategies,repos/davidzr_freqtrade-strategies/strategies/BigZ0307HO/BigZ0307HO.py,repos/davidzr_freqtrade-strategies/strategies/BigZ0307HO/BigZ0307HO.py,repaired,class1,environment_compatibility,,,strict_equivalent,original+compatibility-environment,native,true,false,8282,,false,true,5m,absent,true,false,long_only,long_only,false,strategy,unspecified,spot,spot_long,spot,not_run,,,,10653,class1_result_card,,static_code,provisional,mode and direction agree with static source evidence,sha256_0a71c6f2bd0429fdd51e4c2be68dab244fd1bf988e3f501c854f7bb440f265f0
BigZ03HO,BigZ03HO:69198df9bcc9,BigZ03HO,davidzr/freqtrade-strategies,repos/davidzr_freqtrade-strategies/strategies/BigZ03HO/BigZ03HO.py,repos/davidzr_freqtrade-strategies/strategies/BigZ03HO/BigZ03HO.py,repaired,class1,environment_compatibility,,,strict_equivalent,original+compatibility-environment,native,true,false,2639,,false,true,5m,absent,true,false,long_only,long_only,false,strategy,unspecified,spot,spot_long,spot,not_run,,,,7275,class1_result_card,,static_code,provisional,mode and direction agree with static source evidence,sha256_69198df9bcc97b04f60f1fb5a8c42c758c0906eb3fe4b143cda2a1e002df4ac1
BigZ03,BigZ03:cf4f30a01aa6,BigZ03,davidzr/freqtrade-strategies,repos/davidzr_freqtrade-strategies/strategies/BigZ03/BigZ03.py,repos/davidzr_freqtrade-strategies/strategies/BigZ03/BigZ03.py,original,,,,,not_applicable,original,native,true,true,225,700,true,true,5m,absent,true,false,long_only,long_only,false,strategy,unspecified,spot,spot_long,spot,not_run,,,,925,historical_ledger,,runtime_full,provisional,mode and direction agree with static source evidence,sha256_cf4f30a01aa616728509d430d0b28a111d9e69de4a1c4cd0e2a00187e04057b9
BigZ0407HO,BigZ0407HO:d5d4fc34118e,BigZ0407HO,davidzr/freqtrade-strategies,repos/davidzr_freqtrade-strategies/strategies/BigZ0407HO/BigZ0407HO.py,repos/davidzr_freqtrade-strategies/strategies/BigZ0407HO/BigZ0407HO.py,original,,,,,not_applicable,original,native,true,true,299,823,true,true,5m,absent,true,false,long_only,long_only,false,strategy,unspecified,spot,spot_long,spot,not_run,,,,1122,historical_ledger,,runtime_full,provisional,mode and direction agree with static source evidence,sha256_d5d4fc34118e94421e57b0cba6c59c54a5bb24bdeb3512a51a901e13b2bd87d4
BigZ0407,BigZ0407:2859a48563dc,BigZ0407,davidzr/freqtrade-strategies,repos/davidzr_freqtrade-strategies/strategies/BigZ0407/BigZ0407.py,repos/davidzr_freqtrade-strategies/strategies/BigZ0407/BigZ0407.py,original,,,,,not_applicable,original,native,true,true,370,917,true,true,5m,absent,true,false,long_only,long_only,false,strategy,unspecified,spot,spot_long,spot,not_run,,,,1287,historical_ledger,,runtime_full,provisional,mode and direction agree with static source evidence,sha256_2859a48563dc3f535cb2ecfcf9124db67e1eb53aebbe4068194adee4085a4f24
BigZ04HO2,BigZ04HO2:00125cd82ead,BigZ04HO2,davidzr/freqtrade-strategies,repos/davidzr_freqtrade-strategies/strategies/BigZ04HO2/BigZ04HO2.py,repos/davidzr_freqtrade-strategies/strategies/BigZ04HO2/BigZ04HO2.py,original,,,,,not_applicable,original,native,true,true,444,1271,true,true,5m,absent,true,false,long_only,long_only,false,strategy,unspecified,spot,spot_long,spot,not_run,,,,1715,historical_ledger,,runtime_full,provisional,mode and direction agree with static source evidence,sha256_00125cd82eadac297ad3a62f111ae1ed636c656213da36b1f1b00615e2cb264f
BigZ04HO,BigZ04HO:5bd363078661,BigZ04HO,davidzr/freqtrade-strategies,repos/davidzr_freqtrade-strategies/strategies/BigZ04HO/BigZ04HO.py,repos/davidzr_freqtrade-strategies/strategies/BigZ04HO/BigZ04HO.py,original,,,,,not_applicable,original,native,true,true,443,1198,true,true,5m,absent,true,false,long_only,long_only,false,strategy,unspecified,spot,spot_long,spot,not_run,,,,1641,historical_ledger,,runtime_full,provisional,mode and direction agree with static source evidence,sha256_5bd36307866135085162decc414c01c2c2802f5b8482088689dedf3ca7208524
BigZ06,BigZ06:ebe5bd7ec890,BigZ06,davidzr/freqtrade-strategies,repos/davidzr_freqtrade-strategies/strategies/BigZ06/BigZ06.py,repos/davidzr_freqtrade-strategies/strategies/BigZ06/BigZ06.py,original,,,,,not_applicable,original,native,true,true,410,1204,true,true,5m,absent,true,false,long_only,long_only,false,strategy,unspecified,spot,spot_long,spot,not_run,,,,1614,historical_ledger,,runtime_full,provisional,mode and direction agree with static source evidence,sha256_ebe5bd7ec8902f8259a0c44c252e432cddfb3e5a4225210f1d8c51f8f209323e
BigZ07Next2,BigZ07Next2:bc3b7327678e,BigZ07Next2,davidzr/freqtrade-strategies,repos/davidzr_freqtrade-strategies/strategies/BigZ07Next2/BigZ07Next2.py,repos/davidzr_freqtrade-strategies/strategies/BigZ07Next2/BigZ07Next2.py,original,,,,,not_applicable,original,native,true,true,443,1273,true,true,5m,absent,true,false,long_only,long_only,false,strategy,unspecified,spot,spot_long,spot,not_run,,,,1716,historical_ledger,,runtime_full,provisional,mode and direction agree with static source evidence,sha256_bc3b7327678e770c32a0acdb016c19c4b2f6226c2c4cd30d6d91da745af9706c
BigZ07Next,BigZ07Next:a0cf89b2bf09,BigZ07Next,davidzr/freqtrade-strategies,repos/davidzr_freqtrade-strategies/strategies/BigZ07Next/BigZ07Next.py,repos/davidzr_freqtrade-strategies/strategies/BigZ07Next/BigZ07Next.py,original,,,,,not_applicable,original,native,true,true,456,1298,true,true,5m,absent,true,false,long_only,long_only,false,strategy,unspecified,spot,spot_long,spot,not_run,,,,1754,historical_ledger,,runtime_full,provisional,mode and direction agree with static source evidence,sha256_a0cf89b2bf0920cb9c54cc6a0f27fe5a50fb9d96c42637ba2ae8db6f4e85bdea
BigZ07,BigZ07:bf376b0da2ee,BigZ07,davidzr/freqtrade-strategies,repos/davidzr_freqtrade-strategies/strategies/BigZ07/BigZ07.py,repos/davidzr_freqtrade-strategies/strategies/BigZ07/BigZ07.py,original,,,,,not_applicable,original,native,true,true,409,1184,true,true,5m,absent,true,false,long_only,long_only,false,strategy,unspecified,spot,spot_long,spot,not_run,,,,1593,historical_ledger,,runtime_full,provisional,mode and direction agree with static source evidence,sha256_bf376b0da2ee27d3411e0aa0e9cd1b66d2eaf8c67a2df7d8f2bb45195dc9f407
BinClucMadV1,BinClucMadV1:ee1af5648bed,BinClucMadV1,davidzr/freqtrade-strategies,repos/davidzr_freqtrade-strategies/strategies/BinClucMadV1/BinClucMadV1.py,repos/davidzr_freqtrade-strategies/strategies/BinClucMadV1/BinClucMadV1.py,original,,,,,not_applicable,original,native,true,true,238,926,true,true,5m,absent,true,false,long_only,long_only,false,strategy,unspecified,spot,spot_long,spot,not_run,,,,1164,historical_ledger,,runtime_full,provisional,mode and direction agree with static source evidence,sha256_ee1af5648bed977df13d0ad588989b2489a3d478f4f1dead86d15f555aa18fb3
BinClucMad,BinClucMad:e1b3d4cbe60d,BinClucMad,davidzr/freqtrade-strategies,repos/davidzr_freqtrade-strategies/strategies/BinClucMad/BinClucMad.py,repos/davidzr_freqtrade-strategies/strategies/BinClucMad/BinClucMad.py,original,,,,,not_applicable,original,native,true,true,629,1888,true,true,5m,absent,true,false,long_only,long_only,false,strategy,unspecified,spot,spot_long,spot,not_run,,,,2517,historical_ledger,,runtime_full,provisional,mode and direction agree with static source evidence,sha256_e1b3d4cbe60daeaa93298053383638630b0fbc7943681731041fedd384548997
BuyOnly,BuyOnly:d6c39fd69ca2,BuyOnly,davidzr/freqtrade-strategies,repos/davidzr_freqtrade-strategies/strategies/BuyOnly/BuyOnly.py,repos/davidzr_freqtrade-strategies/strategies/BuyOnly/BuyOnly.py,original,,,,,not_applicable,original,native,true,true,608,2171,true,true,15m,absent,true,false,long_only,long_only,false,strategy,unspecified,spot,spot_long,spot,not_run,,,,2779,historical_ledger,,runtime_full,provisional,mode and direction agree with static source evidence,sha256_d6c39fd69ca233363fab0ec408835f0a87bf532ae36229d55149c57d52459ff7
CBPete9,CBPete9:590f9240d3b9,CBPete9,davidzr/freqtrade-strategies,repos/davidzr_freqtrade-strategies/strategies/CBPete9/CBPete9.py,repos/davidzr_freqtrade-strategies/strategies/CBPete9/CBPete9.py,original,,,,,not_applicable,original,native,true,true,752,2130,true,true,5m,absent,true,false,long_only,long_only,false,strategy,unspecified,spot,spot_long,spot,not_run,,,,2882,historical_ledger,,runtime_full,provisional,mode and direction agree with static source evidence,sha256_590f9240d3b9b4f5103da30525640a254ebf870477b684ea51430ffb4d372371
Cci,Cci:8b67ced31386,Cci,davidzr/freqtrade-strategies,repos/davidzr_freqtrade-strategies/strategies/Cci/Cci.py,repos/davidzr_freqtrade-strategies/strategies/Cci/Cci.py,original,,,,,not_applicable,original,native,true,true,9175,15656,true,true,1m,absent,true,false,long_only,long_only,false,strategy,unspecified,spot,spot_long,spot,not_run,,,,24831,historical_ledger,,runtime_full,provisional,mode and direction agree with static source evidence,sha256_8b67ced31386a8960ba42e7ea894a61f6cb136b1acbae17202d6955d775f8cf0
Chandem,Chandem:ea3340cf291f,Chandem,davidzr/freqtrade-strategies,repos/davidzr_freqtrade-strategies/strategies/Chandem/Chandem.py,repos/davidzr_freqtrade-strategies/strategies/Chandem/Chandem.py,original,,,,,not_applicable,original,native,true,true,3932,12376,true,true,5m,absent,true,false,long_only,long_only,false,strategy,unspecified,spot,spot_long,spot,not_run,,,,16308,historical_ledger,,runtime_full,provisional,mode and direction agree with static source evidence,sha256_ea3340cf291f0626a6064d5a5dd68dbc829fab5b6d26718e2ecd838f279c9072
Chandemtwo,Chandemtwo:1db6f2e33e51,Chandemtwo,davidzr/freqtrade-strategies,repos/davidzr_freqtrade-strategies/strategies/Chandemtwo/Chandemtwo.py,repos/davidzr_freqtrade-strategies/strategies/Chandemtwo/Chandemtwo.py,original,,,,,not_applicable,original,native,true,true,4626,14186,true,true,5m,absent,true,false,long_only,long_only,false,strategy,unspecified,spot,spot_long,spot,not_run,,,,18812,historical_ledger,,runtime_full,provisional,mode and direction agree with static source evidence,sha256_1db6f2e33e51eba0155ef4903fe198aa716b36936fd87ed7c8771b59ccf34722
Cluc4,Cluc4:b1c9929b686d,Cluc4,davidzr/freqtrade-strategies,repos/davidzr_freqtrade-strategies/strategies/Cluc4/Cluc4.py,repos/davidzr_freqtrade-strategies/strategies/Cluc4/Cluc4.py,original,,,,,not_applicable,original,native,true,true,942,3939,true,true,1m,absent,true,false,long_only,long_only,false,strategy,unspecified,spot,spot_long,spot,not_run,,,,4881,historical_ledger,,runtime_full,provisional,mode and direction agree with static source evidence,sha256_b1c9929b686df7537b4d5763d0971a5d9d31088f62a7c785aa7886775077d6f5
ClucHAnix_BB_RPB_MOD2_ROI,ClucHAnix_BB_RPB_MOD2_ROI:44861487675f,ClucHAnix_BB_RPB_MOD2_ROI,davidzr/freqtrade-strategies,repos/davidzr_freqtrade-strategies/strategies/ClucHAnix_BB_RPB_MOD2_ROI/ClucHAnix_BB_RPB_MOD2_ROI.py,repos/davidzr_freqtrade-strategies/strategies/ClucHAnix_BB_RPB_MOD2_ROI/ClucHAnix_BB_RPB_MOD2_ROI.py,original,,,,,not_applicable,original,native,true,true,1721,5571,true,true,5m,absent,true,false,long_only,long_only,false,strategy,unspecified,spot,spot_long,spot,not_run,,,,7292,historical_ledger,,runtime_full,provisional,mode and direction agree with static source evidence,sha256_44861487675fa58d8e0caa2e4cf69b4b7635f5e32b888a010376090ab3771172
ClucHAnix_BB_RPB_MOD_CTT,ClucHAnix_BB_RPB_MOD_CTT:dcb07a609ecf,ClucHAnix_BB_RPB_MOD_CTT,davidzr/freqtrade-strategies,repos/davidzr_freqtrade-strategies/strategies/ClucHAnix_BB_RPB_MOD_CTT/ClucHAnix_BB_RPB_MOD_CTT.py,repos/davidzr_freqtrade-strategies/strategies/ClucHAnix_BB_RPB_MOD_CTT/ClucHAnix_BB_RPB_MOD_CTT.py,original,,,,,not_applicable,original,native,true,true,1555,4941,true,true,5m,absent,true,false,long_only,long_only,false,strategy,unspecified,spot,spot_long,spot,not_run,,,,6496,historical_ledger,,runtime_full,provisional,mode and direction agree with static source evidence,sha256_dcb07a609ecfa7ffc45df934ca1c68eed221243334bd2ab932fd664064effc75
ClucHAnix_BB_RPB_MOD_E0V1E_ROI,ClucHAnix_BB_RPB_MOD_E0V1E_ROI:e0cd48da619a,ClucHAnix_BB_RPB_MOD_E0V1E_ROI,davidzr/freqtrade-strategies,repos/davidzr_freqtrade-strategies/strategies/ClucHAnix_BB_RPB_MOD_E0V1E_ROI/ClucHAnix_BB_RPB_MOD_E0V1E_ROI.py,repos/davidzr_freqtrade-strategies/strategies/ClucHAnix_BB_RPB_MOD_E0V1E_ROI/ClucHAnix_BB_RPB_MOD_E0V1E_ROI.py,original,,,,,not_applicable,original,native,true,true,1623,5713,true,true,5m,absent,true,false,long_only,long_only,false,strategy,unspecified,spot,spot_long,spot,not_run,,,,7336,historical_ledger,,runtime_full,provisional,mode and direction agree with static source evidence,sha256_e0cd48da619a01b903dfed6f3dc779e8e0dfa922e8fbe86fe3eb207451ef2e69
CombinedBinHAndClucHyperV0,CombinedBinHAndClucHyperV0:1f9bfbc3e5ea,CombinedBinHAndClucHyperV0,davidzr/freqtrade-strategies,repos/davidzr_freqtrade-strategies/strategies/CombinedBinHAndClucHyperV0/CombinedBinHAndClucHyperV0.py,repos/davidzr_freqtrade-strategies/strategies/CombinedBinHAndClucHyperV0/CombinedBinHAndClucHyperV0.py,original,,,,,not_applicable,original,native,true,true,733,3519,true,true,1m,absent,true,false,long_only,long_only,false,strategy,unspecified,spot,spot_long,spot,not_run,,,,4252,historical_ledger,,runtime_full,provisional,mode and direction agree with static source evidence,sha256_1f9bfbc3e5ead0693dc39113707711284f79561b7df5a03de00011c76bb9a4f3
CombinedBinHAndClucHyperV3,CombinedBinHAndClucHyperV3:82200df31c45,CombinedBinHAndClucHyperV3,davidzr/freqtrade-strategies,repos/davidzr_freqtrade-strategies/strategies/CombinedBinHAndClucHyperV3/CombinedBinHAndClucHyperV3.py,repos/davidzr_freqtrade-strategies/strategies/CombinedBinHAndClucHyperV3/CombinedBinHAndClucHyperV3.py,original,,,,,not_applicable,original,native,true,true,271,1539,true,true,1m,absent,true,false,long_only,long_only,false,strategy,unspecified,spot,spot_long,spot,not_run,,,,1810,historical_ledger,,runtime_full,provisional,mode and direction agree with static source evidence,sha256_82200df31c45c2cb8b5c3ad3199c9d9cd0866d995374ba392cda4e752cdb88be
CombinedBinHAndClucV3,CombinedBinHAndClucV3:6b6967456446,CombinedBinHAndClucV3,davidzr/freqtrade-strategies,repos/davidzr_freqtrade-strategies/strategies/CombinedBinHAndClucV3/CombinedBinHAndClucV3.py,repos/davidzr_freqtrade-strategies/strategies/CombinedBinHAndClucV3/CombinedBinHAndClucV3.py,original,,,,,not_applicable,original,native,true,true,687,1902,true,true,5m,absent,true,false,long_only,long_only,false,strategy,unspecified,spot,spot_long,spot,not_run,,,,2589,historical_ledger,,runtime_full,provisional,mode and direction agree with static source evidence,sha256_6b69674564467f3c887e6de1d56afad3de16cc30074cf91cbc6489be39581276
CombinedBinHAndClucV5Hyperoptable,CombinedBinHAndClucV5Hyperoptable:965050028fd9,CombinedBinHAndClucV5Hyperoptable,davidzr/freqtrade-strategies,repos/davidzr_freqtrade-strategies/strategies/CombinedBinHAndClucV5Hyperoptable/CombinedBinHAndClucV5Hyperoptable.py,repos/davidzr_freqtrade-strategies/strategies/CombinedBinHAndClucV5Hyperoptable/CombinedBinHAndClucV5Hyperoptable.py,original,,,,,not_applicable,original,native,true,true,702,2003,true,true,5m,absent,true,false,long_only,long_only,false,strategy,unspecified,spot,spot_long,spot,not_run,,,,2705,historical_ledger,,runtime_full,provisional,mode and direction agree with static source evidence,sha256_965050028fd9cb92cf77e327617ba45561466d7306c94c2ce343c11e4084e8a9
CombinedBinHAndClucV8XHO,CombinedBinHAndClucV8XHO:b8c89de71394,CombinedBinHAndClucV8XHO,davidzr/freqtrade-strategies,repos/davidzr_freqtrade-strategies/strategies/CombinedBinHAndClucV8XHO/CombinedBinHAndClucV8XHO.py,repos/davidzr_freqtrade-strategies/strategies/CombinedBinHAndClucV8XHO/CombinedBinHAndClucV8XHO.py,original,,,,,not_applicable,original,native,true,true,203,648,true,true,5m,absent,true,false,long_only,long_only,false,strategy,unspecified,spot,spot_long,spot,not_run,,,,851,historical_ledger,,runtime_full,provisional,mode and direction agree with static source evidence,sha256_b8c89de71394d980a336d6e26ff067365e5d084add2c91f936c38dcf5304af64
CombinedBinHClucAndMADV5,CombinedBinHClucAndMADV5:ec954f77cea1,CombinedBinHClucAndMADV5,davidzr/freqtrade-strategies,repos/davidzr_freqtrade-strategies/strategies/CombinedBinHClucAndMADV5/CombinedBinHClucAndMADV5.py,repos/davidzr_freqtrade-strategies/strategies/CombinedBinHClucAndMADV5/CombinedBinHClucAndMADV5.py,original,,,,,not_applicable,original,native,true,true,349,1295,true,true,5m,absent,true,false,long_only,long_only,false,strategy,unspecified,spot,spot_long,spot,not_run,,,,1644,historical_ledger,,runtime_full,provisional,mode and direction agree with static source evidence,sha256_ec954f77cea1c12ec400a8678fdab881fd3f5ff05722f879f96ec61f25cd4414
Combined_Indicators,Combined_Indicators:39dc56f0be05,Combined_Indicators,davidzr/freqtrade-strategies,repos/davidzr_freqtrade-strategies/strategies/Combined_Indicators/Combined_Indicators.py,repos/davidzr_freqtrade-strategies/strategies/Combined_Indicators/Combined_Indicators.py,original,,,,,not_applicable,original,native,true,true,551,2418,true,true,1m,absent,true,false,long_only,long_only,false,strategy,unspecified,spot,spot_long,spot,not_run,,,,2969,historical_ledger,,runtime_full,provisional,mode and direction agree with static source evidence,sha256_39dc56f0be05e4dbfacf08f203b6ad7baa9d8a06cbd1ed5f593799ef26657de9
Combined_NFIv7_SMA_Rallipanos_20210707,Combined_NFIv7_SMA_Rallipanos_20210707:7c418bfb6549,Combined_NFIv7_SMA_Rallipanos_20210707,davidzr/freqtrade-strategies,repos/davidzr_freqtrade-strategies/strategies/Combined_NFIv7_SMA_Rallipanos_20210707/Combined_NFIv7_SMA_Rallipanos_20210707.py,repos/davidzr_freqtrade-strategies/strategies/Combined_NFIv7_SMA_Rallipanos_20210707/Combined_NFIv7_SMA_Rallipanos_20210707.py,original,,,,,not_applicable,original,native,true,true,229,698,true,true,5m,absent,true,false,long_only,long_only,false,strategy,unspecified,spot,spot_long,spot,not_run,,,,927,historical_ledger,,runtime_full,provisional,mode and direction agree with static source evidence,sha256_7c418bfb65492eae17271e1e3bf09ce80e42e986b26b4651b2c723d8514730fe
Combined_NFIv7_SMA_bAdBoY_20211204,Combined_NFIv7_SMA_bAdBoY_20211204:c74c33844b8c,Combined_NFIv7_SMA_bAdBoY_20211204,davidzr/freqtrade-strategies,repos/davidzr_freqtrade-strategies/strategies/Combined_NFIv7_SMA_bAdBoY_20211204/Combined_NFIv7_SMA_bAdBoY_20211204.py,repos/davidzr_freqtrade-strategies/strategies/Combined_NFIv7_SMA_bAdBoY_20211204/Combined_NFIv7_SMA_bAdBoY_20211204.py,original,,,,,not_applicable,original,native,true,true,229,698,true,true,5m,absent,true,false,long_only,long_only,false,strategy,unspecified,spot,spot_long,spot,not_run,,,,927,historical_ledger,,runtime_full,provisional,mode and direction agree with static source evidence,sha256_c74c33844b8c29f13e96b6b192fbefd4d9b820beff6be4d1e066fb8ee3a402a7
DCBBBounce,DCBBBounce:8447c7afc409,DCBBBounce,davidzr/freqtrade-strategies,repos/davidzr_freqtrade-strategies/strategies/DCBBBounce/DCBBBounce.py,repos/davidzr_freqtrade-strategies/strategies/DCBBBounce/DCBBBounce.py,repaired,class1,environment_compatibility,,,strict_equivalent,original+compatibility-environment,native,true,false,,,false,true,5m,absent,true,false,long_only,long_only,false,strategy,unspecified,spot,spot_long,spot,not_run,,,,136,class1_result_card,,static_code,provisional,mode and direction agree with static source evidence,sha256_8447c7afc4091c713b9882b6fc368c0a56ba3212b4297a9394c5d28f84a20441
DD,DD:e952577e6544,DD,davidzr/freqtrade-strategies,repos/davidzr_freqtrade-strategies/strategies/DD/DD.py,repos/davidzr_freqtrade-strategies/strategies/DD/DD.py,original,,,,,not_applicable,original,native,true,true,12209,19842,true,true,5m,absent,true,false,long_only,long_only,false,strategy,unspecified,spot,spot_long,spot,not_run,,,,32051,historical_ledger,,runtime_full,provisional,mode and direction agree with static source evidence,sha256_e952577e654404ec71a06f4bff0ebc20398bf1b8b03d8d35d8be43c692d31461
EMA50,EMA50:d62465f056d7,EMA50,davidzr/freqtrade-strategies,repos/davidzr_freqtrade-strategies/strategies/EMA50/EMA50.py,repos/davidzr_freqtrade-strategies/strategies/EMA50/EMA50.py,repaired,class1,environment_compatibility,,,strict_equivalent,original+compatibility-environment,native,true,false,,,false,true,5m,absent,true,false,long_only,long_only,false,strategy,unspecified,spot,spot_long,spot,not_run,,,,5751,class1_result_card,,static_code,provisional,mode and direction agree with static source evidence,sha256_d62465f056d7f0c715b598389abb3203359fc5ee91e2a5609c3286331979aad2
EMA520015_V17,EMA520015_V17:a39c1efc229c,EMA520015_V17,davidzr/freqtrade-strategies,repos/davidzr_freqtrade-strategies/strategies/EMA520015_V17/EMA520015_V17.py,repos/davidzr_freqtrade-strategies/strategies/EMA520015_V17/EMA520015_V17.py,original,,,,,not_applicable,original,native,true,true,1644,6621,true,true,4h,absent,true,false,long_only,long_only,false,strategy,unspecified,spot,spot_long,spot,not_run,,,,8265,historical_ledger,,runtime_full,provisional,mode and direction agree with static source evidence,sha256_a39c1efc229c6f937bfd289c517f466c6e2c147661aeabfe58c1f91a622f5e5d
EMABBRSI,EMABBRSI:ab6bed3c354e,EMABBRSI,davidzr/freqtrade-strategies,repos/davidzr_freqtrade-strategies/strategies/EMABBRSI/EMABBRSI.py,repos/davidzr_freqtrade-strategies/strategies/EMABBRSI/EMABBRSI.py,original,,,,,not_applicable,original,native,true,false,,,false,false,,absent,true,false,long_only,long_only,false,strategy,unspecified,spot,spot_long,,not_run,,,,,,,static_code,provisional,mode and direction agree with static source evidence,sha256_ab6bed3c354ef0177f319f7bc1610e10b12613c3aa07b80c028cc2cf1ea6431e
EMABreakout,EMABreakout:73e717aa307d,EMABreakout,davidzr/freqtrade-strategies,repos/davidzr_freqtrade-strategies/strategies/EMABreakout/EMABreakout.py,repos/davidzr_freqtrade-strategies/strategies/EMABreakout/EMABreakout.py,repaired,class1,environment_compatibility,,,strict_equivalent,original+compatibility-environment,native,true,false,,,false,true,5m,absent,true,false,long_only,long_only,false,strategy,unspecified,spot,spot_long,spot,not_run,,,,5734,class1_result_card,,static_code,provisional,mode and direction agree with static source evidence,sha256_73e717aa307d2536b81890529eee86b829eb1694a836e161dee0bfd3a2a77085
EMA_CROSSOVER_STRATEGY,EMA_CROSSOVER_STRATEGY:9bffbbf94144,EMA_CROSSOVER_STRATEGY,davidzr/freqtrade-strategies,repos/davidzr_freqtrade-strategies/strategies/EMA_CROSSOVER_STRATEGY/EMA_CROSSOVER_STRATEGY.py,repos/davidzr_freqtrade-strategies/strategies/EMA_CROSSOVER_STRATEGY/EMA_CROSSOVER_STRATEGY.py,original,,,,,not_applicable,original,native,true,true,13242,13738,true,true,5m,absent,true,false,long_only,long_only,false,strategy,unspecified,spot,spot_long,spot,not_run,,,,26980,historical_ledger,,runtime_full,provisional,mode and direction agree with static source evidence,sha256_9bffbbf941446a618793d5bf59e3dad6df0f1c2e3b3ccba4e563a4aa7c5ec7cd
EXPERIMENTAL_STRATEGY,EXPERIMENTAL_STRATEGY:7f83965a528d,EXPERIMENTAL_STRATEGY,davidzr/freqtrade-strategies,repos/davidzr_freqtrade-strategies/strategies/EXPERIMENTAL_STRATEGY/EXPERIMENTAL_STRATEGY.py,repos/davidzr_freqtrade-strategies/strategies/EXPERIMENTAL_STRATEGY/EXPERIMENTAL_STRATEGY.py,original,,,,,not_applicable,original,native,true,false,,,false,false,,absent,true,false,long_only,long_only,false,strategy,unspecified,spot,spot_long,,not_run,,,,,,,static_code,provisional,mode and direction agree with static source evidence,sha256_7f83965a528de9d8061c94d8a0b58048d119cb5fcc673da277c24c86899ef16e
ElliotV2,ElliotV2:64c0944eecd0,ElliotV2,davidzr/freqtrade-strategies,repos/davidzr_freqtrade-strategies/strategies/ElliotV2/ElliotV2.py,repos/davidzr_freqtrade-strategies/strategies/ElliotV2/ElliotV2.py,original,,,,,not_applicable,original,native,true,true,43,359,true,true,5m,absent,true,false,long_only,long_only,false,strategy,unspecified,spot,spot_long,spot,not_run,,,,402,historical_ledger,,runtime_full,provisional,mode and direction agree with static source evidence,sha256_64c0944eecd053640c8b1120971cdb24f2072756d5465a092f1aeb1d09d7c222
ElliotV4,ElliotV4:b11af78d4a2b,ElliotV4,davidzr/freqtrade-strategies,repos/davidzr_freqtrade-strategies/strategies/ElliotV4/ElliotV4.py,repos/davidzr_freqtrade-strategies/strategies/ElliotV4/ElliotV4.py,original,,,,,not_applicable,original,native,true,true,165,750,true,true,5m,absent,true,false,long_only,long_only,false,strategy,unspecified,spot,spot_long,spot,not_run,,,,915,historical_ledger,,runtime_full,provisional,mode and direction agree with static source evidence,sha256_b11af78d4a2b3407d286d936c84b997c2cb0b165c6a8d2c5d39e8fdc4268cffd
ElliotV531,ElliotV531:7bd856258a14,ElliotV531,davidzr/freqtrade-strategies,repos/davidzr_freqtrade-strategies/strategies/ElliotV531/ElliotV531.py,repos/davidzr_freqtrade-strategies/strategies/ElliotV531/ElliotV531.py,original,,,,,not_applicable,original,native,true,true,164,723,true,true,5m,absent,true,false,long_only,long_only,false,strategy,unspecified,spot,spot_long,spot,not_run,,,,887,historical_ledger,,runtime_full,provisional,mode and direction agree with static source evidence,sha256_7bd856258a14be8c41dcacba145011ed2a63b1c0d6ddbee0f5fb998dc4412c65
ElliotV5HOMod2,ElliotV5HOMod2:0f6b92bbfdb3,ElliotV5HOMod2,davidzr/freqtrade-strategies,repos/davidzr_freqtrade-strategies/strategies/ElliotV5HOMod2/ElliotV5HOMod2.py,repos/davidzr_freqtrade-strategies/strategies/ElliotV5HOMod2/ElliotV5HOMod2.py,original,,,,,not_applicable,original,native,true,true,81,413,true,true,5m,absent,true,false,long_only,long_only,false,strategy,unspecified,spot,spot_long,spot,not_run,,,,494,historical_ledger,,runtime_full,provisional,mode and direction agree with static source evidence,sha256_0f6b92bbfdb31e217ea4f20b6d954874c797b5fb0fc2fd6ca13bd2ca76c25bc9
ElliotV5HOMod3,ElliotV5HOMod3:280786077322,ElliotV5HOMod3,davidzr/freqtrade-strategies,repos/davidzr_freqtrade-strategies/strategies/ElliotV5HOMod3/ElliotV5HOMod3.py,repos/davidzr_freqtrade-strategies/strategies/ElliotV5HOMod3/ElliotV5HOMod3.py,original,,,,,not_applicable,original,native,true,true,88,459,true,true,5m,absent,true,false,long_only,long_only,false,strategy,unspecified,spot,spot_long,spot,not_run,,,,547,historical_ledger,,runtime_full,provisional,mode and direction agree with static source evidence,sha256_28078607732200bd4a5a35d3ec38231af83af90c490f2a2b528f411f48b0ca50
ElliotV5HO,ElliotV5HO:a2a43d8c7641,ElliotV5HO,davidzr/freqtrade-strategies,repos/davidzr_freqtrade-strategies/strategies/ElliotV5HO/ElliotV5HO.py,repos/davidzr_freqtrade-strategies/strategies/ElliotV5HO/ElliotV5HO.py,original,,,,,not_applicable,original,native,true,true,143,667,true,true,5m,absent,true,false,long_only,long_only,false,strategy,unspecified,spot,spot_long,spot,not_run,,,,810,historical_ledger,,runtime_full,provisional,mode and direction agree with static source evidence,sha256_a2a43d8c7641ec8b320b7a4f0eff700e7cd711aa8ce6f11b4df917b9144e2c9d
ElliotV8HO,ElliotV8HO:395bf5297e93,ElliotV8HO,davidzr/freqtrade-strategies,repos/davidzr_freqtrade-strategies/strategies/ElliotV8HO/ElliotV8HO.py,repos/davidzr_freqtrade-strategies/strategies/ElliotV8HO/ElliotV8HO.py,original,,,,,not_applicable,original,native,true,true,42,344,true,true,5m,absent,true,false,long_only,long_only,false,strategy,unspecified,spot,spot_long,spot,not_run,,,,386,historical_ledger,,runtime_full,provisional,mode and direction agree with static source evidence,sha256_395bf5297e933cd1582362e5eaed947a19e31569d4c67681422a7ead86b53154
ElliotV8_original,ElliotV8_original:28e161faff23,ElliotV8_original,davidzr/freqtrade-strategies,repos/davidzr_freqtrade-strategies/strategies/ElliotV8_original/ElliotV8_original.py,repos/davidzr_freqtrade-strategies/strategies/ElliotV8_original/ElliotV8_original.py,original,,,,,not_applicable,original,native,true,true,118,478,true,true,5m,absent,true,false,long_only,long_only,false,strategy,unspecified,spot,spot_long,spot,not_run,,,,596,historical_ledger,,runtime_full,provisional,mode and direction agree with static source evidence,sha256_28e161faff230f9dc1925dab3d7a479053fead32fad6da179f932a47830c40a6
Fakebuy,Fakebuy:5e07dd92c40c,Fakebuy,davidzr/freqtrade-strategies,repos/davidzr_freqtrade-strategies/strategies/Fakebuy/Fakebuy.py,repos/davidzr_freqtrade-strategies/strategies/Fakebuy/Fakebuy.py,original,,,,,not_applicable,original,native,true,true,26,313,true,true,5m,absent,true,false,long_only,long_only,false,strategy,unspecified,spot,spot_long,spot,not_run,,,,339,historical_ledger,,runtime_full,provisional,mode and direction agree with static source evidence,sha256_5e07dd92c40c78d793d6556a8526f801d54ba5cc4d4014fbe752c06b9f5e0452
FastSupertrendOpt,FastSupertrendOpt:9ffd3a2a9db5,FastSupertrendOpt,davidzr/freqtrade-strategies,repos/davidzr_freqtrade-strategies/strategies/FastSupertrendOpt/FastSupertrendOpt.py,repos/davidzr_freqtrade-strategies/strategies/FastSupertrendOpt/FastSupertrendOpt.py,original,,,,,not_applicable,original,native,true,false,,,false,false,1h,absent,true,false,long_only,long_only,false,strategy,unspecified,spot,spot_long,,not_run,,,,,,,static_code,provisional,mode and direction agree with static source evidence,sha256_9ffd3a2a9db57dc009ef4f2d41fd063ca603588f0c7e82d119dc493fcdb1985a
FastSupertrend,FastSupertrend:e8d6b99f6efa,FastSupertrend,davidzr/freqtrade-strategies,repos/davidzr_freqtrade-strategies/strategies/FastSupertrend/FastSupertrend.py,repos/davidzr_freqtrade-strategies/strategies/FastSupertrend/FastSupertrend.py,original,,,,,not_applicable,original,native,true,false,,,false,false,1h,absent,true,false,long_only,long_only,false,strategy,unspecified,spot,spot_long,,not_run,,,,,,,static_code,provisional,mode and direction agree with static source evidence,sha256_e8d6b99f6efa8313f7709b94149cde69355268cd1fca4d7af8d795ade9afc638
ForexSignal,ForexSignal:9af1e2be0a36,ForexSignal,davidzr/freqtrade-strategies,repos/davidzr_freqtrade-strategies/strategies/ForexSignal/ForexSignal.py,repos/davidzr_freqtrade-strategies/strategies/ForexSignal/ForexSignal.py,original,,,,,not_applicable,original,native,true,true,13660,12656,true,true,5m,absent,true,false,long_only,long_only,false,strategy,unspecified,spot,spot_long,spot,not_run,,,,26316,historical_ledger,,runtime_full,provisional,mode and direction agree with static source evidence,sha256_9af1e2be0a3655a6a1d067b1665567a2a3bc8c58883891bd6f8a3ed5bab0e5cb
FrostAuraRandomStrategy,FrostAuraRandomStrategy:648e837f4bd1,FrostAuraRandomStrategy,davidzr/freqtrade-strategies,repos/davidzr_freqtrade-strategies/strategies/FrostAuraRandomStrategy/FrostAuraRandomStrategy.py,repos/davidzr_freqtrade-strategies/strategies/FrostAuraRandomStrategy/FrostAuraRandomStrategy.py,original,,,,,not_applicable,original,native,true,true,1260,4561,true,true,1h,absent,true,false,long_only,long_only,false,strategy,unspecified,spot,spot_long,spot,not_run,,,,5821,historical_ledger,,runtime_full,provisional,mode and direction agree with static source evidence,sha256_648e837f4bd1c197ec40784458a0c0762f849cab7d528b5ba84b4881e74dcc43
GodCard,GodCard:e06d7d46985c,GodCard,davidzr/freqtrade-strategies,repos/davidzr_freqtrade-strategies/strategies/GodCard/GodCard.py,repos/davidzr_freqtrade-strategies/strategies/GodCard/GodCard.py,original,,,,,not_applicable,original,native,true,true,185,291,true,true,5m,absent,true,false,long_only,long_only,false,strategy,unspecified,spot,spot_long,spot,not_run,,,,476,historical_ledger,,runtime_full,provisional,mode and direction agree with static source evidence,sha256_e06d7d46985c24a1965691ad4e755f96f257d5395087cc9639e4bcbd279fc350
Guacamole,Guacamole:c81793986db6,Guacamole,davidzr/freqtrade-strategies,repos/davidzr_freqtrade-strategies/strategies/Guacamole/Guacamole.py,repos/davidzr_freqtrade-strategies/strategies/Guacamole/Guacamole.py,original,,,,,not_applicable,original,native,true,false,,,false,false,5m,absent,true,false,long_only,long_only,false,strategy,unspecified,spot,spot_long,,not_run,,,,,,,static_code,provisional,mode and direction agree with static source evidence,sha256_c81793986db6a2d1e2b72bc53f09b8e61e76a70808d8ef1281b9200bf9742052
Hacklemore2,Hacklemore2:c3c19a00ec0c,Hacklemore2,davidzr/freqtrade-strategies,repos/davidzr_freqtrade-strategies/strategies/Hacklemore2/Hacklemore2.py,repos/davidzr_freqtrade-strategies/strategies/Hacklemore2/Hacklemore2.py,repaired,class1,environment_compatibility,,,strict_equivalent,original+compatibility-environment,native,true,false,,,false,true,15m,absent,true,false,long_only,long_only,false,strategy,unspecified,spot,spot_long,spot,not_run,,,,643,class1_result_card,,static_code,provisional,mode and direction agree with static source evidence,sha256_c3c19a00ec0c0b6a65ebafd7d21266f4ebecd286c82871d7445e31ada68d277f
Hacklemore3,Hacklemore3:212cb5019466,Hacklemore3,davidzr/freqtrade-strategies,repos/davidzr_freqtrade-strategies/strategies/Hacklemore3/Hacklemore3.py,repos/davidzr_freqtrade-strategies/strategies/Hacklemore3/Hacklemore3.py,repaired,class1,environment_compatibility,,,strict_equivalent,original+compatibility-environment,native,true,false,,,false,true,5m,absent,true,false,long_only,long_only,false,strategy,unspecified,spot,spot_long,spot,not_run,,,,34,class1_result_card,,static_code,provisional,mode and direction agree with static source evidence,sha256_212cb501946658afc3a6df39f69545087390846bd83761df2bc1f9a906ddb15e
INSIDEUP,INSIDEUP:2dabf714aff9,INSIDEUP,davidzr/freqtrade-strategies,repos/davidzr_freqtrade-strategies/strategies/INSIDEUP/INSIDEUP.py,repos/davidzr_freqtrade-strategies/strategies/INSIDEUP/INSIDEUP.py,original,,,,,not_applicable,original,native,true,true,70,484,true,true,1d,absent,true,false,long_only,long_only,false,strategy,unspecified,spot,spot_long,spot,not_run,,,,554,historical_ledger,,runtime_full,provisional,mode and direction agree with static source evidence,sha256_2dabf714aff9458d658dfbbcd8665b8f534c1ea46c4331ba7b3e4c056b40211d
KC_BB,KC_BB:0b4818db5d7a,KC_BB,davidzr/freqtrade-strategies,repos/davidzr_freqtrade-strategies/strategies/KC_BB/KC_BB.py,repos/davidzr_freqtrade-strategies/strategies/KC_BB/KC_BB.py,original,,,,,not_applicable,original,native,true,true,178,517,true,true,5m,absent,true,false,long_only,long_only,false,strategy,unspecified,spot,spot_long,spot,not_run,,,,695,historical_ledger,,runtime_full,provisional,mode and direction agree with static source evidence,sha256_0b4818db5d7ac7e165b67f426d130e416f090e39ea3d7026fc6c15ce1fd6b142
Kamaflage,Kamaflage:7bbb3db17a36,Kamaflage,davidzr/freqtrade-strategies,repos/davidzr_freqtrade-strategies/strategies/Kamaflage/Kamaflage.py,repos/davidzr_freqtrade-strategies/strategies/Kamaflage/Kamaflage.py,original,,,,,not_applicable,original,native,true,false,,,false,false,5m,absent,true,false,long_only,long_only,false,strategy,unspecified,spot,spot_long,,not_run,,,,,,,static_code,provisional,mode and direction agree with static source evidence,sha256_7bbb3db17a366343e89aac29cc3a879d6a7fc3e585555bd9f5c70e663e46be7b
Leveraged,Leveraged:3f9091652d01,Leveraged,davidzr/freqtrade-strategies,repos/davidzr_freqtrade-strategies/strategies/Leveraged/Leveraged.py,repos/davidzr_freqtrade-strategies/strategies/Leveraged/Leveraged.py,original,,,,,not_applicable,original,native,true,true,6436,23389,true,true,5m,absent,true,false,long_only,long_only,false,strategy,unspecified,spot,spot_long,spot,not_run,,,,29825,historical_ledger,,runtime_full,provisional,mode and direction agree with static source evidence,sha256_3f9091652d0110ebb4617625b75e35582cb3392b8bce304511b61499a90de05b
LookaheadStrategy,LookaheadStrategy:a34df9abb5ef,LookaheadStrategy,davidzr/freqtrade-strategies,repos/davidzr_freqtrade-strategies/strategies/LookaheadStrategy/LookaheadStrategy.py,repos/davidzr_freqtrade-strategies/strategies/LookaheadStrategy/LookaheadStrategy.py,original,,,,,not_applicable,original,native,true,true,833,2791,true,true,5m,absent,true,false,long_only,long_only,false,strategy,unspecified,spot,spot_long,spot,not_run,,,,3624,historical_ledger,,runtime_full,provisional,mode and direction agree with static source evidence,sha256_a34df9abb5efb84716e4b59c84f1d40692a7a2c32bb301c9ee981f4e0f2c8115
Maro4hMacdSd,Maro4hMacdSd:114c6ed905e4,Maro4hMacdSd,davidzr/freqtrade-strategies,repos/davidzr_freqtrade-strategies/strategies/Maro4hMacdSd/Maro4hMacdSd.py,repos/davidzr_freqtrade-strategies/strategies/Maro4hMacdSd/Maro4hMacdSd.py,original,,,,,not_applicable,original,native,true,true,13548,16944,true,true,5m,absent,true,false,long_only,long_only,false,strategy,unspecified,spot,spot_long,spot,not_run,,,,30492,historical_ledger,,runtime_full,provisional,mode and direction agree with static source evidence,sha256_114c6ed905e4d1a6ccbb6cece35ef72b74cc6579c57d79ccf96729c4214383c2
MomStrategy,MomStrategy:2da571c15eac,MomStrategy,davidzr/freqtrade-strategies,repos/davidzr_freqtrade-strategies/strategies/MomStrategy/MomStrategy.py,repos/davidzr_freqtrade-strategies/strategies/MomStrategy/MomStrategy.py,original,,,,,not_applicable,original,native,true,true,8604,13003,true,true,1h,absent,true,false,long_only,long_only,false,strategy,unspecified,spot,spot_long,spot,not_run,,,,21607,historical_ledger,,runtime_full,provisional,mode and direction agree with static source evidence,sha256_2da571c15eaccef45d6e365ba6b44e23f2e66a769a958b24dfb5ea8400ca40ec
Momentumv2,Momentumv2:4dc364758715,Momentumv2,davidzr/freqtrade-strategies,repos/davidzr_freqtrade-strategies/strategies/Momentumv2/Momentumv2.py,repos/davidzr_freqtrade-strategies/strategies/Momentumv2/Momentumv2.py,original,,,,,not_applicable,original,native,true,true,414,1849,true,true,4h,absent,true,false,long_only,long_only,false,strategy,unspecified,spot,spot_long,spot,not_run,,,,2263,historical_ledger,,runtime_full,provisional,mode and direction agree with static source evidence,sha256_4dc364758715e0cd8f734dc849924c4f142a2d01f79ce6fd519bdde92938204d
MostOfAll,MostOfAll:97ce2cc284d8,MostOfAll,davidzr/freqtrade-strategies,repos/davidzr_freqtrade-strategies/strategies/MostOfAll/MostOfAll.py,repos/davidzr_freqtrade-strategies/strategies/MostOfAll/MostOfAll.py,original,,,,,not_applicable,original,native,true,false,,,false,false,5m,absent,true,false,long_only,long_only,false,strategy,unspecified,spot,spot_long,,not_run,,,,,,,static_code,provisional,mode and direction agree with static source evidence,sha256_97ce2cc284d857971e28d9c2bf2a701ca19401011310e0703a0d9109227cbf1a
MultiMA_TSL3_Mod,MultiMA_TSL3_Mod:cea14adc1afc,MultiMA_TSL3_Mod,davidzr/freqtrade-strategies,repos/davidzr_freqtrade-strategies/strategies/MultiMA_TSL3_Mod/MultiMA_TSL3_Mod.py,repair/patched/repos/davidzr_freqtrade-strategies/strategies/MultiMA_TSL3_Mod/MultiMA_TSL3_Mod.py,repaired,class2,dead_np_where_dtype,,,strict_equivalent,class2-overlay,native,true,false,,,false,false,5m,absent,true,false,long_only,long_only,false,strategy,unspecified,spot,spot_long,,not_run,,,,,freqai_result_card,,static_code,provisional,mode and direction agree with static source evidence,sha256_cea14adc1afc54aadf2cd0754fcb5b5d60929633d324176c8a996c9d0798cf48
NASOSv5_mod1_DanMod,NASOSv5_mod1_DanMod:152ff41e17f9,NASOSv5_mod1_DanMod,davidzr/freqtrade-strategies,repos/davidzr_freqtrade-strategies/strategies/NASOSv5_mod1_DanMod/NASOSv5_mod1_DanMod.py,repos/davidzr_freqtrade-strategies/strategies/NASOSv5_mod1_DanMod/NASOSv5_mod1_DanMod.py,original,,,,,not_applicable,original,native,true,true,29,367,true,true,5m,absent,true,false,long_only,long_only,false,strategy,unspecified,spot,spot_long,spot,not_run,,,,396,historical_ledger,,runtime_full,provisional,mode and direction agree with static source evidence,sha256_152ff41e17f9217967cfb638adcdd9ee035b6da316bd45af0c0b537366bfe415
NFI47V2,NFI47V2:cdc5771d7460,NFI47V2,davidzr/freqtrade-strategies,repos/davidzr_freqtrade-strategies/strategies/NFI47V2/NFI47V2.py,repos/davidzr_freqtrade-strategies/strategies/NFI47V2/NFI47V2.py,original,,,,,not_applicable,original,native,true,true,137,387,true,true,5m,absent,true,false,long_only,long_only,false,strategy,unspecified,spot,spot_long,spot,not_run,,,,524,historical_ledger,,runtime_full,provisional,mode and direction agree with static source evidence,sha256_cdc5771d746028c6cc3278b0c97ed5257e4367b51f58b18728c47dedd593309b
NFI5MOHO2,NFI5MOHO2:977cb72948c8,NFI5MOHO2,davidzr/freqtrade-strategies,repos/davidzr_freqtrade-strategies/strategies/NFI5MOHO2/NFI5MOHO2.py,repos/davidzr_freqtrade-strategies/strategies/NFI5MOHO2/NFI5MOHO2.py,original,,,,,not_applicable,original,native,true,true,283,1153,true,true,5m,absent,true,false,long_only,long_only,false,strategy,unspecified,spot,spot_long,spot,not_run,,,,1436,historical_ledger,,runtime_full,provisional,mode and direction agree with static source evidence,sha256_977cb72948c8fa55c3da7837d3dff65c5cb85e4587841f5214e75f4d404a0443
NFI5MOHO_WIP_1,NFI5MOHO_WIP_1:6244afe97ccb,NFI5MOHO_WIP_1,davidzr/freqtrade-strategies,repos/davidzr_freqtrade-strategies/strategies/NFI5MOHO_WIP_1/NFI5MOHO_WIP_1.py,repos/davidzr_freqtrade-strategies/strategies/NFI5MOHO_WIP_1/NFI5MOHO_WIP_1.py,original,,,,,not_applicable,original,native,true,true,208,768,true,true,5m,absent,true,false,long_only,long_only,false,strategy,unspecified,spot,spot_long,spot,not_run,,,,976,historical_ledger,,runtime_full,provisional,mode and direction agree with static source evidence,sha256_6244afe97ccba509e86a3b2a8b06692274b0a3f4070bccd262d5df41dd2e7c36
NFI5MOHO_WIP_2,NFI5MOHO_WIP_2:002b036116e7,NFI5MOHO_WIP_2,davidzr/freqtrade-strategies,repos/davidzr_freqtrade-strategies/strategies/NFI5MOHO_WIP_2/NFI5MOHO_WIP_2.py,repos/davidzr_freqtrade-strategies/strategies/NFI5MOHO_WIP_2/NFI5MOHO_WIP_2.py,original,,,,,not_applicable,original,native,true,true,210,778,true,true,5m,absent,true,false,long_only,long_only,false,strategy,unspecified,spot,spot_long,spot,not_run,,,,988,historical_ledger,,runtime_full,provisional,mode and direction agree with static source evidence,sha256_002b036116e7ccc6ec4cf03cbae17c58367c4c7731f5aeab913d9c9289fb94a4
NFI7MOHO,NFI7MOHO:fd4b8fbca942,NFI7MOHO,davidzr/freqtrade-strategies,repos/davidzr_freqtrade-strategies/strategies/NFI7MOHO/NFI7MOHO.py,repos/davidzr_freqtrade-strategies/strategies/NFI7MOHO/NFI7MOHO.py,original,,,,,not_applicable,original,native,true,true,402,1564,true,true,5m,absent,true,false,long_only,long_only,false,strategy,unspecified,spot,spot_long,spot,not_run,,,,1966,historical_ledger,,runtime_full,provisional,mode and direction agree with static source evidence,sha256_fd4b8fbca94279364e303b10f769aec62945d3d5a528c92f83fce66256e7200c
NFINextMOHO2,NFINextMOHO2:7aef4cd632c1,NFINextMOHO2,davidzr/freqtrade-strategies,repos/davidzr_freqtrade-strategies/strategies/NFINextMOHO2/NFINextMOHO2.py,repos/davidzr_freqtrade-strategies/strategies/NFINextMOHO2/NFINextMOHO2.py,original,,,,,not_applicable,original,native,true,true,357,1427,true,true,5m,absent,true,false,long_only,long_only,false,strategy,unspecified,spot,spot_long,spot,not_run,,,,1784,historical_ledger,,runtime_full,provisional,mode and direction agree with static source evidence,sha256_7aef4cd632c15afbf0fc1147ef0fa188ebe31fcd7d3886a81c281d6cee7a276e
NFINextMOHO,NFINextMOHO:27d42963533f,NFINextMOHO,davidzr/freqtrade-strategies,repos/davidzr_freqtrade-strategies/strategies/NFINextMOHO/NFINextMOHO.py,repos/davidzr_freqtrade-strategies/strategies/NFINextMOHO/NFINextMOHO.py,original,,,,,not_applicable,original,native,true,true,293,1149,true,true,5m,absent,true,false,long_only,long_only,false,strategy,unspecified,spot,spot_long,spot,not_run,,,,1442,historical_ledger,,runtime_full,provisional,mode and direction agree with static source evidence,sha256_27d42963533fb01c9189cd917ad7d45cd9cf165b5eb6affb2381ca394168e571
NFINextMultiOffsetAndHO2,NFINextMultiOffsetAndHO2:dad3ad3a80f1,NFINextMultiOffsetAndHO2,davidzr/freqtrade-strategies,repos/davidzr_freqtrade-strategies/strategies/NFINextMultiOffsetAndHO2/NFINextMultiOffsetAndHO2.py,repos/davidzr_freqtrade-strategies/strategies/NFINextMultiOffsetAndHO2/NFINextMultiOffsetAndHO2.py,original,,,,,not_applicable,original,native,true,true,186,519,true,true,5m,absent,true,false,long_only,long_only,false,strategy,unspecified,spot,spot_long,spot,not_run,,,,705,historical_ledger,,runtime_full,provisional,mode and direction agree with static source evidence,sha256_dad3ad3a80f1200b05f7141b7fe8aa5b74d64937f14e4ff113199aecae19d8e4
NFINextMultiOffsetAndHO,NFINextMultiOffsetAndHO:269d71651c46,NFINextMultiOffsetAndHO,davidzr/freqtrade-strategies,repos/davidzr_freqtrade-strategies/strategies/NFINextMultiOffsetAndHO/NFINextMultiOffsetAndHO.py,repos/davidzr_freqtrade-strategies/strategies/NFINextMultiOffsetAndHO/NFINextMultiOffsetAndHO.py,original,,,,,not_applicable,original,native,true,true,219,875,true,true,5m,absent,true,false,long_only,long_only,false,strategy,unspecified,spot,spot_long,spot,not_run,,,,1094,historical_ledger,,runtime_full,provisional,mode and direction agree with static source evidence,sha256_269d71651c46e3bdd298ae51610c6ad1f2de74ba7771f6701f901c32d69973f4
NFIX_BB_RPB_c7c477d_20211030,NFIX_BB_RPB_c7c477d_20211030:c2abd82c15f6,NFIX_BB_RPB_c7c477d_20211030,davidzr/freqtrade-strategies,repos/davidzr_freqtrade-strategies/strategies/NFIX_BB_RPB_c7c477d_20211030/NFIX_BB_RPB_c7c477d_20211030.py,repair/patched/repos/davidzr_freqtrade-strategies/strategies/NFIX_BB_RPB_c7c477d_20211030/NFIX_BB_RPB_c7c477d_20211030.py,repaired,class2,dead_np_where_dtype,,,strict_equivalent,class2-overlay,native,true,false,,,false,false,5m,absent,true,false,long_only,long_only,false,strategy,unspecified,spot,spot_long,,not_run,,,,,freqai_result_card,,static_code,provisional,mode and direction agree with static source evidence,sha256_c2abd82c15f64019b66976f058c467bc409feffaee1f3910513132c45b9cf0d5
NormalizerStrategy,NormalizerStrategy:e5a31fd028be,NormalizerStrategy,davidzr/freqtrade-strategies,repos/davidzr_freqtrade-strategies/strategies/NormalizerStrategy/NormalizerStrategy.py,repos/davidzr_freqtrade-strategies/strategies/NormalizerStrategy/NormalizerStrategy.py,original,,,,,not_applicable,original,native,true,true,970,2777,true,true,1h,absent,true,false,long_only,long_only,false,strategy,unspecified,spot,spot_long,spot,not_run,,,,3747,historical_ledger,,runtime_full,provisional,mode and direction agree with static source evidence,sha256_e5a31fd028be6e981f026cb56c8ea08e6fe2e52d2b933c6c54b419514bb6fdd2
NostalgiaForInfinityNextGen_TSL,NostalgiaForInfinityNextGen_TSL:1bcc3ea2ffe9,NostalgiaForInfinityNextGen_TSL,davidzr/freqtrade-strategies,repos/davidzr_freqtrade-strategies/strategies/NostalgiaForInfinityNextGen_TSL/NostalgiaForInfinityNextGen_TSL.py,repos/davidzr_freqtrade-strategies/strategies/NostalgiaForInfinityNextGen_TSL/NostalgiaForInfinityNextGen_TSL.py,original,,,,,not_applicable,original,native,true,true,27,111,true,true,15m,absent,true,false,long_only,long_only,false,strategy,unspecified,spot,spot_long,spot,not_run,,,,138,historical_ledger,,runtime_full,provisional,mode and direction agree with static source evidence,sha256_1bcc3ea2ffe92c5e22f8e10ce12e0f8e42d2a9cdc450b121322a7db1e85877d3
NostalgiaForInfinityNext_maximizer,NostalgiaForInfinityNext_maximizer:2180a9341573,NostalgiaForInfinityNext_maximizer,davidzr/freqtrade-strategies,repos/davidzr_freqtrade-strategies/strategies/NostalgiaForInfinityNext_maximizer/NostalgiaForInfinityNext_maximizer.py,repair/patched/repos/davidzr_freqtrade-strategies/strategies/NostalgiaForInfinityNext_maximizer/NostalgiaForInfinityNext_maximizer.py,repaired,class2,dead_np_where_dtype,,,strict_equivalent,class2-overlay,native,true,false,,,false,false,5m,absent,true,false,long_only,long_only,false,strategy,unspecified,spot,spot_long,,not_run,,,,,freqai_result_card,,static_code,provisional,mode and direction agree with static source evidence,sha256_2180a934157364fec52008ceb6a0275d2c110453f719378c939b8faea25a3b10
NostalgiaForInfinityV6HO,NostalgiaForInfinityV6HO:3d156f518f82,NostalgiaForInfinityV6HO,davidzr/freqtrade-strategies,repos/davidzr_freqtrade-strategies/strategies/NostalgiaForInfinityV6HO/NostalgiaForInfinityV6HO.py,repos/davidzr_freqtrade-strategies/strategies/NostalgiaForInfinityV6HO/NostalgiaForInfinityV6HO.py,original,,,,,not_applicable,original,native,true,true,181,531,true,true,5m,absent,true,false,long_only,long_only,false,strategy,unspecified,spot,spot_long,spot,not_run,,,,712,historical_ledger,,runtime_full,provisional,mode and direction agree with static source evidence,sha256_3d156f518f82e17b508f9fe2489fbdcc6ff3a8801e4272070084ba318362842e
NostalgiaForInfinityV7_7_2,NostalgiaForInfinityV7_7_2:781282e40e4f,NostalgiaForInfinityV7_7_2,davidzr/freqtrade-strategies,repos/davidzr_freqtrade-strategies/strategies/NostalgiaForInfinityV7_7_2/NostalgiaForInfinityV7_7_2.py,repair/patched/repos/davidzr_freqtrade-strategies/strategies/NostalgiaForInfinityV7_7_2/NostalgiaForInfinityV7_7_2.py,repaired,class2,dead_np_where_dtype,,,strict_equivalent,class2-overlay,native,true,false,,,false,false,5m,absent,true,false,long_only,long_only,false,strategy,unspecified,spot,spot_long,,not_run,,,,,freqai_result_card,,static_code,provisional,mode and direction agree with static source evidence,sha256_781282e40e4f4e45666d8332222a748cdcf4cc265efc74c733096e8038558cee
NotAnotherSMAOffsetStrategyModHO_LamineDz_20210901,NotAnotherSMAOffsetStrategyModHO_LamineDz_20210901:f2afff904645,NotAnotherSMAOffsetStrategyModHO_LamineDz_20210901,davidzr/freqtrade-strategies,repos/davidzr_freqtrade-strategies/strategies/NotAnotherSMAOffsetStrategyModHO_LamineDz_20210901/NotAnotherSMAOffsetStrategyModHO_LamineDz_20210901.py,repos/davidzr_freqtrade-strategies/strategies/NotAnotherSMAOffsetStrategyModHO_LamineDz_20210901/NotAnotherSMAOffsetStrategyModHO_LamineDz_20210901.py,original,,,,,not_applicable,original,native,true,true,159,984,true,true,5m,absent,true,false,long_only,long_only,false,strategy,unspecified,spot,spot_long,spot,not_run,,,,1143,historical_ledger,,runtime_full,provisional,mode and direction agree with static source evidence,sha256_f2afff904645aa5a5724be60385058033c174cdf87fef2c9e1f9fe68843a66e8
ONUR,ONUR:9f8513da455c,ONUR,davidzr/freqtrade-strategies,repos/davidzr_freqtrade-strategies/strategies/ONUR/ONUR.py,repos/davidzr_freqtrade-strategies/strategies/ONUR/ONUR.py,original,,,,,not_applicable,original,native,true,true,55,479,true,true,15m,absent,true,false,long_only,long_only,false,strategy,unspecified,spot,spot_long,spot,not_run,,,,534,historical_ledger,,runtime_full,provisional,mode and direction agree with static source evidence,sha256_9f8513da455c78b71e76581be1dfe41ed480cf174a0dc99303d213f1cf34d68e
PumpDetector,PumpDetector:ff86bb0709fa,PumpDetector,davidzr/freqtrade-strategies,repos/davidzr_freqtrade-strategies/strategies/PumpDetector/PumpDetector.py,repos/davidzr_freqtrade-strategies/strategies/PumpDetector/PumpDetector.py,original,,,,,not_applicable,original,native,true,true,13347,18911,true,true,5m,absent,true,false,long_only,long_only,false,strategy,unspecified,spot,spot_long,spot,not_run,,,,32258,historical_ledger,,runtime_full,provisional,mode and direction agree with static source evidence,sha256_ff86bb0709fad24ece4c18b60e2eb886bd1f3570ee5968f6527a9e4a3964663b
RSIBB02,RSIBB02:e5b7372b0519,RSIBB02,davidzr/freqtrade-strategies,repos/davidzr_freqtrade-strategies/strategies/RSIBB02/RSIBB02.py,repos/davidzr_freqtrade-strategies/strategies/RSIBB02/RSIBB02.py,original,,,,,not_applicable,original,native,true,false,,,false,false,,absent,true,false,long_only,long_only,false,strategy,unspecified,spot,spot_long,,not_run,,,,,,,static_code,provisional,mode and direction agree with static source evidence,sha256_e5b7372b051936454723fa0006d441dd0c9ed6c7a3f71f4bf0fb9480e340bd15
RSI,RSI:acb5e51ca698,RSI,davidzr/freqtrade-strategies,repos/davidzr_freqtrade-strategies/strategies/RSI/RSI.py,repos/davidzr_freqtrade-strategies/strategies/RSI/RSI.py,original,,,,,not_applicable,original,native,true,true,35,365,true,true,15m,absent,true,false,long_only,long_only,false,strategy,unspecified,spot,spot_long,spot,not_run,,,,400,historical_ledger,,runtime_full,provisional,mode and direction agree with static source evidence,sha256_acb5e51ca6984f75e897ddda25986f841dbf591bd2b401a7d26c29d6cde0692b
RSIv2,RSIv2:8a08859d9d70,RSIv2,davidzr/freqtrade-strategies,repos/davidzr_freqtrade-strategies/strategies/RSIv2/RSIv2.py,repos/davidzr_freqtrade-strategies/strategies/RSIv2/RSIv2.py,original,,,,,not_applicable,original,native,true,true,1327,4581,true,true,15m,absent,true,false,long_only,long_only,false,strategy,unspecified,spot,spot_long,spot,not_run,,,,5908,historical_ledger,,runtime_full,provisional,mode and direction agree with static source evidence,sha256_8a08859d9d70fbfbd2504eb366dc2a68e1eaef2152ddaa39e753d685581a1d7e
RobotradingBody,RobotradingBody:57f764a2dd25,RobotradingBody,davidzr/freqtrade-strategies,repos/davidzr_freqtrade-strategies/strategies/RobotradingBody/RobotradingBody.py,repos/davidzr_freqtrade-strategies/strategies/RobotradingBody/RobotradingBody.py,original,,,,,not_applicable,original,native,true,true,620,2275,true,true,4h,absent,true,false,long_only,long_only,false,strategy,unspecified,spot,spot_long,spot,not_run,,,,2895,historical_ledger,,runtime_full,provisional,mode and direction agree with static source evidence,sha256_57f764a2dd256a0160cf2a744d3a41e83dacc5bb5f979f1f2d33ae9b77c8b028
Roth01,Roth01:b1564ed8157d,Roth01,davidzr/freqtrade-strategies,repos/davidzr_freqtrade-strategies/strategies/Roth01/Roth01.py,repos/davidzr_freqtrade-strategies/strategies/Roth01/Roth01.py,original,,,,,not_applicable,original,native,true,true,2724,9622,true,true,5m,absent,true,false,long_only,long_only,false,strategy,unspecified,spot,spot_long,spot,not_run,,,,12346,historical_ledger,,runtime_full,provisional,mode and direction agree with static source evidence,sha256_b1564ed8157dccb28dcd0acd5e11737d55e7776fe239afa566a9937519d698a2
Roth03,Roth03:8b36f446c9d8,Roth03,davidzr/freqtrade-strategies,repos/davidzr_freqtrade-strategies/strategies/Roth03/Roth03.py,repos/davidzr_freqtrade-strategies/strategies/Roth03/Roth03.py,original,,,,,not_applicable,original,native,true,true,884,2625,true,true,5m,absent,true,false,long_only,long_only,false,strategy,unspecified,spot,spot_long,spot,not_run,,,,3509,historical_ledger,,runtime_full,provisional,mode and direction agree with static source evidence,sha256_8b36f446c9d8af0318baff5385dd10ba3405de71f1331fc6af3e4c7a7687d847
SMAIP3,SMAIP3:34e0c7bf0672,SMAIP3,davidzr/freqtrade-strategies,repos/davidzr_freqtrade-strategies/strategies/SMAIP3/SMAIP3.py,repos/davidzr_freqtrade-strategies/strategies/SMAIP3/SMAIP3.py,original,,,,,not_applicable,original,native,true,true,74,290,true,true,5m,absent,true,false,long_only,long_only,false,strategy,unspecified,spot,spot_long,spot,not_run,,,,364,historical_ledger,,runtime_full,provisional,mode and direction agree with static source evidence,sha256_34e0c7bf06726a853caf5976a616d18de9b0d77ebd1785236d2999a4cad201f6
SMAOffsetProtectOptV1Mod,SMAOffsetProtectOptV1Mod:f874a4f36d92,SMAOffsetProtectOptV1Mod,davidzr/freqtrade-strategies,repos/davidzr_freqtrade-strategies/strategies/SMAOffsetProtectOptV1Mod/SMAOffsetProtectOptV1Mod.py,repos/davidzr_freqtrade-strategies/strategies/SMAOffsetProtectOptV1Mod/SMAOffsetProtectOptV1Mod.py,original,,,,,not_applicable,original,native,true,true,25,177,true,true,5m,absent,true,false,long_only,long_only,false,strategy,unspecified,spot,spot_long,spot,not_run,,,,202,historical_ledger,,runtime_full,provisional,mode and direction agree with static source evidence,sha256_f874a4f36d921b07b9b24e326808b2add04d0a2214dae0f10dd3da4facd45361
SMAOffsetProtectOptV1_kkeue_20210619,SMAOffsetProtectOptV1_kkeue_20210619:c249346c21dc,SMAOffsetProtectOptV1_kkeue_20210619,davidzr/freqtrade-strategies,repos/davidzr_freqtrade-strategies/strategies/SMAOffsetProtectOptV1_kkeue_20210619/SMAOffsetProtectOptV1_kkeue_20210619.py,repos/davidzr_freqtrade-strategies/strategies/SMAOffsetProtectOptV1_kkeue_20210619/SMAOffsetProtectOptV1_kkeue_20210619.py,original,,,,,not_applicable,original,native,true,true,27,179,true,true,5m,absent,true,false,long_only,long_only,false,strategy,unspecified,spot,spot_long,spot,not_run,,,,206,historical_ledger,,runtime_full,provisional,mode and direction agree with static source evidence,sha256_c249346c21dc7f25a54c06fd79a8d3088f910d893c88baddb6a87ef80ddd6e3d
SMAOffsetProtectOpt,SMAOffsetProtectOpt:39e47477b078,SMAOffsetProtectOpt,davidzr/freqtrade-strategies,repos/davidzr_freqtrade-strategies/strategies/SMAOffsetProtectOpt/SMAOffsetProtectOpt.py,repos/davidzr_freqtrade-strategies/strategies/SMAOffsetProtectOpt/SMAOffsetProtectOpt.py,original,,,,,not_applicable,original,native,true,true,20,161,true,true,5m,absent,true,false,long_only,long_only,false,strategy,unspecified,spot,spot_long,spot,not_run,,,,181,historical_ledger,,runtime_full,provisional,mode and direction agree with static source evidence,sha256_39e47477b0780245e51d1e6df82b5958bbf67ea81b8e78789a140fc3f27a5c65
SMA_BBRSI,SMA_BBRSI:2672e5c4c247,SMA_BBRSI,davidzr/freqtrade-strategies,repos/davidzr_freqtrade-strategies/strategies/SMA_BBRSI/SMA_BBRSI.py,repos/davidzr_freqtrade-strategies/strategies/SMA_BBRSI/SMA_BBRSI.py,original,,,,,not_applicable,original,native,true,true,102,604,true,true,5m,absent,true,false,long_only,long_only,false,strategy,unspecified,spot,spot_long,spot,not_run,,,,706,historical_ledger,,runtime_full,provisional,mode and direction agree with static source evidence,sha256_2672e5c4c2478f231d4d3682b341d2dc71eadec6191afd80b82652ae7b2742b5
SRsi,SRsi:adafe4db147a,SRsi,davidzr/freqtrade-strategies,repos/davidzr_freqtrade-strategies/strategies/SRsi/SRsi.py,repos/davidzr_freqtrade-strategies/strategies/SRsi/SRsi.py,original,,,,,not_applicable,original,native,true,true,11981,11787,true,true,1m,absent,true,false,long_only,long_only,false,strategy,unspecified,spot,spot_long,spot,not_run,,,,23768,historical_ledger,,runtime_full,provisional,mode and direction agree with static source evidence,sha256_adafe4db147a76451befb438481b01ce18036a40d3b0b0e70c1a4362107bbb85
STRATEGY_RSI_BB_BOUNDS_CROSS,STRATEGY_RSI_BB_BOUNDS_CROSS:a0e27aab4db9,STRATEGY_RSI_BB_BOUNDS_CROSS,davidzr/freqtrade-strategies,repos/davidzr_freqtrade-strategies/strategies/STRATEGY_RSI_BB_BOUNDS_CROSS/STRATEGY_RSI_BB_BOUNDS_CROSS.py,repos/davidzr_freqtrade-strategies/strategies/STRATEGY_RSI_BB_BOUNDS_CROSS/STRATEGY_RSI_BB_BOUNDS_CROSS.py,original,,,,,not_applicable,original,native,true,true,1762,5435,true,true,5m,absent,true,false,long_only,long_only,false,strategy,unspecified,spot,spot_long,spot,not_run,,,,7197,historical_ledger,,runtime_full,provisional,mode and direction agree with static source evidence,sha256_a0e27aab4db9b0e5b97a67be8726afffb761e8602336b9103a03be69dab3f2cb
STRATEGY_RSI_BB_CROSS,STRATEGY_RSI_BB_CROSS:cdde6f565854,STRATEGY_RSI_BB_CROSS,davidzr/freqtrade-strategies,repos/davidzr_freqtrade-strategies/strategies/STRATEGY_RSI_BB_CROSS/STRATEGY_RSI_BB_CROSS.py,repos/davidzr_freqtrade-strategies/strategies/STRATEGY_RSI_BB_CROSS/STRATEGY_RSI_BB_CROSS.py,original,,,,,not_applicable,original,native,true,true,4897,11930,true,true,5m,absent,true,false,long_only,long_only,false,strategy,unspecified,spot,spot_long,spot,not_run,,,,16827,historical_ledger,,runtime_full,provisional,mode and direction agree with static source evidence,sha256_cdde6f56585477e51d022e027b61e9ae1d985bcfad9cc73985a2873f77c60a77
SlowPotato,SlowPotato:fc15e7ac4e79,SlowPotato,davidzr/freqtrade-strategies,repos/davidzr_freqtrade-strategies/strategies/SlowPotato/SlowPotato.py,repos/davidzr_freqtrade-strategies/strategies/SlowPotato/SlowPotato.py,repaired,class1,environment_compatibility,,,strict_equivalent,original+compatibility-environment,native,true,false,104,,false,true,5m,absent,true,false,long_only,long_only,false,strategy,unspecified,spot,spot_long,spot,not_run,,,,638,class1_result_card,,static_code,provisional,mode and direction agree with static source evidence,sha256_fc15e7ac4e797207d14decaebf1d770155c29ac0819d90a4eb1fc45d197eec96
Stavix2,Stavix2:64547b0d8bbb,Stavix2,davidzr/freqtrade-strategies,repos/davidzr_freqtrade-strategies/strategies/Stavix2/Stavix2.py,repos/davidzr_freqtrade-strategies/strategies/Stavix2/Stavix2.py,original,,,,,not_applicable,original,native,true,false,,,false,false,,absent,true,false,long_only,long_only,false,strategy,unspecified,spot,spot_long,,not_run,,,,,,,static_code,provisional,mode and direction agree with static source evidence,sha256_64547b0d8bbb600b753db59451f76bb26f304e133102bc5e155b39e5336f9e4f
Strategy001_custom_sell,Strategy001_custom_sell:a826f21cc567,Strategy001_custom_sell,davidzr/freqtrade-strategies,repos/davidzr_freqtrade-strategies/strategies/Strategy001_custom_sell/Strategy001_custom_sell.py,repos/davidzr_freqtrade-strategies/strategies/Strategy001_custom_sell/Strategy001_custom_sell.py,original,,,,,not_applicable,original,native,true,true,4190,13520,true,true,5m,absent,true,false,long_only,long_only,false,strategy,unspecified,spot,spot_long,spot,not_run,,,,17710,historical_ledger,,runtime_full,provisional,mode and direction agree with static source evidence,sha256_a826f21cc567c5e11ef75aca97a4f186028051a0c8fd57c9ad2b0215239a77bd
StrategyScalpingFast2,StrategyScalpingFast2:2db927e231f9,StrategyScalpingFast2,davidzr/freqtrade-strategies,repos/davidzr_freqtrade-strategies/strategies/StrategyScalpingFast2/StrategyScalpingFast2.py,repos/davidzr_freqtrade-strategies/strategies/StrategyScalpingFast2/StrategyScalpingFast2.py,repaired,class1,environment_compatibility,,,strict_equivalent,original+compatibility-environment,native,true,false,2832,,false,true,1m,absent,true,false,long_only,long_only,false,strategy,unspecified,spot,spot_long,spot,not_run,,,,1468,class1_result_card,,static_code,provisional,mode and direction agree with static source evidence,sha256_2db927e231f91ec7a6c8b3286319b75f8ab40fe26487bd189711cc4dfe94456d
StrategyScalpingFast,StrategyScalpingFast:9cedf6bf96ca,StrategyScalpingFast,davidzr/freqtrade-strategies,repos/davidzr_freqtrade-strategies/strategies/StrategyScalpingFast/StrategyScalpingFast.py,repos/davidzr_freqtrade-strategies/strategies/StrategyScalpingFast/StrategyScalpingFast.py,original,,,,,not_applicable,original,native,true,true,1002,3828,true,true,1m,absent,true,false,long_only,long_only,false,strategy,unspecified,spot,spot_long,spot,not_run,,,,4830,historical_ledger,,runtime_full,provisional,mode and direction agree with static source evidence,sha256_9cedf6bf96ca582c6bf7d35541f96b05bed481b97bb62ab0f4eb62a6a64e05a3
TemaMaster3,TemaMaster3:1381bf162ddf,TemaMaster3,davidzr/freqtrade-strategies,repos/davidzr_freqtrade-strategies/strategies/TemaMaster3/TemaMaster3.py,repos/davidzr_freqtrade-strategies/strategies/TemaMaster3/TemaMaster3.py,original,,,,,not_applicable,original,native,true,true,1596,4462,true,true,1m,absent,true,false,long_only,long_only,false,strategy,unspecified,spot,spot_long,spot,not_run,,,,6058,historical_ledger,,runtime_full,provisional,mode and direction agree with static source evidence,sha256_1381bf162ddf6528df085ac697af8fe48034c173ad7a9a9a0bf10ed31989dc99
TemaMaster,TemaMaster:14b43e368f1f,TemaMaster,davidzr/freqtrade-strategies,repos/davidzr_freqtrade-strategies/strategies/TemaMaster/TemaMaster.py,repos/davidzr_freqtrade-strategies/strategies/TemaMaster/TemaMaster.py,original,,,,,not_applicable,original,native,true,true,1417,5077,true,true,5m,absent,true,false,long_only,long_only,false,strategy,unspecified,spot,spot_long,spot,not_run,,,,6494,historical_ledger,,runtime_full,provisional,mode and direction agree with static source evidence,sha256_14b43e368f1f886524492c57186899d70da7c99259f4a35047d711c9ec6ee0b8
TemaPureNeat,TemaPureNeat:c76e6d10166b,TemaPureNeat,davidzr/freqtrade-strategies,repos/davidzr_freqtrade-strategies/strategies/TemaPureNeat/TemaPureNeat.py,repos/davidzr_freqtrade-strategies/strategies/TemaPureNeat/TemaPureNeat.py,original,,,,,not_applicable,original,native,true,true,2806,9596,true,true,5m,absent,true,false,long_only,long_only,false,strategy,unspecified,spot,spot_long,spot,not_run,,,,12402,historical_ledger,,runtime_full,provisional,mode and direction agree with static source evidence,sha256_c76e6d10166b7c7002c01daae3b842602d8c5302aee287fb0dbbc0c25f62eb04
TemaPureTwo,TemaPureTwo:ba20c955f30b,TemaPureTwo,davidzr/freqtrade-strategies,repos/davidzr_freqtrade-strategies/strategies/TemaPureTwo/TemaPureTwo.py,repos/davidzr_freqtrade-strategies/strategies/TemaPureTwo/TemaPureTwo.py,original,,,,,not_applicable,original,native,true,true,2657,9726,true,true,5m,absent,true,false,long_only,long_only,false,strategy,unspecified,spot,spot_long,spot,not_run,,,,12383,historical_ledger,,runtime_full,provisional,mode and direction agree with static source evidence,sha256_ba20c955f30b6a78b86079c0d25da12f177ec065be94e406373682f24f64b7ee
TemaPure,TemaPure:266bf1f3434c,TemaPure,davidzr/freqtrade-strategies,repos/davidzr_freqtrade-strategies/strategies/TemaPure/TemaPure.py,repos/davidzr_freqtrade-strategies/strategies/TemaPure/TemaPure.py,original,,,,,not_applicable,original,native,true,true,2043,7608,true,true,5m,absent,true,false,long_only,long_only,false,strategy,unspecified,spot,spot_long,spot,not_run,,,,9651,historical_ledger,,runtime_full,provisional,mode and direction agree with static source evidence,sha256_266bf1f3434cfaabc886bdb11833306b9a340224d008d925213522ca2fcf18d1
TenderEnter,TenderEnter:bca514ac405a,TenderEnter,davidzr/freqtrade-strategies,repos/davidzr_freqtrade-strategies/strategies/TenderEnter/TenderEnter.py,repos/davidzr_freqtrade-strategies/strategies/TenderEnter/TenderEnter.py,original,,,,,not_applicable,original,native,true,true,853,3174,true,true,15m,absent,true,false,long_only,long_only,false,strategy,unspecified,spot,spot_long,spot,not_run,,,,4027,historical_ledger,,runtime_full,provisional,mode and direction agree with static source evidence,sha256_bca514ac405aa93a7b2267ed32532bb75e2cbb759537ca61adfb34cba0d8c1db
Trend_Strength_Directional,Trend_Strength_Directional:cc01382c7410,Trend_Strength_Directional,davidzr/freqtrade-strategies,repos/davidzr_freqtrade-strategies/strategies/Trend_Strength_Directional/Trend_Strength_Directional.py,repos/davidzr_freqtrade-strategies/strategies/Trend_Strength_Directional/Trend_Strength_Directional.py,original,,,,,not_applicable,original,native,true,true,1624,6060,true,true,15m,absent,true,false,long_only,long_only,false,strategy,unspecified,spot,spot_long,spot,not_run,,,,7684,historical_ledger,,runtime_full,provisional,mode and direction agree with static source evidence,sha256_cc01382c741063baf476a2ebebca015ab457d105d4285855a497101c3e48a153
adaptive,adaptive:1ca98646e843,adaptive,davidzr/freqtrade-strategies,repos/davidzr_freqtrade-strategies/strategies/adaptive/adaptive.py,repos/davidzr_freqtrade-strategies/strategies/adaptive/adaptive.py,original,,,,,not_applicable,original,native,true,true,94,553,true,true,5m,absent,true,false,long_only,long_only,false,strategy,unspecified,spot,spot_long,spot,not_run,,,,647,historical_ledger,,runtime_full,provisional,mode and direction agree with static source evidence,sha256_1ca98646e843d3a605cacb4fe0b073a0d0d74a3b67a2e47fccd0d65f5f7c4e06
adx_opt_strat,adx_opt_strat:d6314b2a21f2,adx_opt_strat,davidzr/freqtrade-strategies,repos/davidzr_freqtrade-strategies/strategies/adx_opt_strat/adx_opt_strat.py,repos/davidzr_freqtrade-strategies/strategies/adx_opt_strat/adx_opt_strat.py,original,,,,,not_applicable,original,native,true,false,,,false,false,,absent,true,false,long_only,long_only,false,strategy,unspecified,spot,spot_long,,not_run,,,,,,,static_code,provisional,mode and direction agree with static source evidence,sha256_d6314b2a21f21a8e7666545afeb375d684a110aef929026a7ad00759ac80c9be
adxbbrsi2,adxbbrsi2:6b17c4265c1d,adxbbrsi2,davidzr/freqtrade-strategies,repos/davidzr_freqtrade-strategies/strategies/adxbbrsi2/adxbbrsi2.py,repos/davidzr_freqtrade-strategies/strategies/adxbbrsi2/adxbbrsi2.py,original,,,,,not_applicable,original,native,true,true,179,562,true,true,1h,absent,true,false,long_only,long_only,false,strategy,unspecified,spot,spot_long,spot,not_run,,,,741,historical_ledger,,runtime_full,provisional,mode and direction agree with static source evidence,sha256_6b17c4265c1d16df094091675ef2d041643c1bfd9c8f973e544a233099b7d7de
bb_rsi_opt_new,bb_rsi_opt_new:852bf38b0b9b,bb_rsi_opt_new,davidzr/freqtrade-strategies,repos/davidzr_freqtrade-strategies/strategies/bb_rsi_opt_new/bb_rsi_opt_new.py,repos/davidzr_freqtrade-strategies/strategies/bb_rsi_opt_new/bb_rsi_opt_new.py,original,,,,,not_applicable,original,native,true,false,,,false,false,,absent,true,false,long_only,long_only,false,strategy,unspecified,spot,spot_long,,not_run,,,,,,,static_code,provisional,mode and direction agree with static source evidence,sha256_852bf38b0b9b433c898ddb9d2abfcd3e100338450ac07925ed92e7eaf8478d70
bbema,bbema:c9544b955ad0,bbema,davidzr/freqtrade-strategies,repos/davidzr_freqtrade-strategies/strategies/bbema/bbema.py,repos/davidzr_freqtrade-strategies/strategies/bbema/bbema.py,original,,,,,not_applicable,original,native,true,false,,,false,false,,absent,true,false,long_only,long_only,false,strategy,unspecified,spot,spot_long,,not_run,,,,,,,static_code,provisional,mode and direction agree with static source evidence,sha256_c9544b955ad05a418e3d4529531f9e89c4bda090ffefda58821a5c95ebaffa22
bbrsi1_strategy,bbrsi1_strategy:f3811f9c3f5f,bbrsi1_strategy,davidzr/freqtrade-strategies,repos/davidzr_freqtrade-strategies/strategies/bbrsi1_strategy/bbrsi1_strategy.py,repos/davidzr_freqtrade-strategies/strategies/bbrsi1_strategy/bbrsi1_strategy.py,original,,,,,not_applicable,original,native,true,false,,,false,false,5m,absent,true,false,long_only,long_only,false,strategy,unspecified,spot,spot_long,,not_run,,,,,,,static_code,provisional,mode and direction agree with static source evidence,sha256_f3811f9c3f5fcf0b1df8c59c6866a726489a6dd9dd925dabb8c3fea08ce92de2
bbrsi4Freq,bbrsi4Freq:1e06a3973825,bbrsi4Freq,davidzr/freqtrade-strategies,repos/davidzr_freqtrade-strategies/strategies/bbrsi4Freq/bbrsi4Freq.py,repos/davidzr_freqtrade-strategies/strategies/bbrsi4Freq/bbrsi4Freq.py,original,,,,,not_applicable,original,native,true,true,1067,3724,true,true,1h,absent,true,false,long_only,long_only,false,strategy,unspecified,spot,spot_long,spot,not_run,,,,4791,historical_ledger,,runtime_full,provisional,mode and direction agree with static source evidence,sha256_1e06a39738256bf8cce8d4fd3b4671d5a6505831de2ddb5b7f6efc57ac45e724
bestV2,bestV2:3ae96b72ac7a,bestV2,davidzr/freqtrade-strategies,repos/davidzr_freqtrade-strategies/strategies/bestV2/bestV2.py,repos/davidzr_freqtrade-strategies/strategies/bestV2/bestV2.py,original,,,,,not_applicable,original,native,true,true,41,304,true,true,5m,absent,true,false,long_only,long_only,false,strategy,unspecified,spot,spot_long,spot,not_run,,,,345,historical_ledger,,runtime_full,provisional,mode and direction agree with static source evidence,sha256_3ae96b72ac7a2002a10be76269903831ab4c671bcbb50265ecfc906af73d298f
botbaby,botbaby:bbcb0677274e,botbaby,davidzr/freqtrade-strategies,repos/davidzr_freqtrade-strategies/strategies/botbaby/botbaby.py,repos/davidzr_freqtrade-strategies/strategies/botbaby/botbaby.py,original,,,,,not_applicable,original,native,true,true,2552,9786,true,true,30m,absent,true,false,long_only,long_only,false,strategy,unspecified,spot,spot_long,spot,not_run,,,,12338,historical_ledger,,runtime_full,provisional,mode and direction agree with static source evidence,sha256_bbcb0677274e84852a35cc72b0f4972b30292696332cd1ec1010332d406ecd18
conny,conny:a9c7ea0fbb6c,conny,davidzr/freqtrade-strategies,repos/davidzr_freqtrade-strategies/strategies/conny/conny.py,repos/davidzr_freqtrade-strategies/strategies/conny/conny.py,original,,,,,not_applicable,original,native,true,true,1484,4341,true,true,15m,absent,true,false,long_only,long_only,false,strategy,unspecified,spot,spot_long,spot,not_run,,,,5825,historical_ledger,,runtime_full,provisional,mode and direction agree with static source evidence,sha256_a9c7ea0fbb6cf41aa2fbebc2ae1719b44d36ade67397adc026b31ca5cbf241e5
cryptohassle,cryptohassle:217abd28aa5b,cryptohassle,davidzr/freqtrade-strategies,repos/davidzr_freqtrade-strategies/strategies/cryptohassle/cryptohassle.py,repos/davidzr_freqtrade-strategies/strategies/cryptohassle/cryptohassle.py,original,,,,,not_applicable,original,native,true,false,,,false,false,,absent,true,false,long_only,long_only,false,strategy,unspecified,spot,spot_long,,not_run,,,,,,,static_code,provisional,mode and direction agree with static source evidence,sha256_217abd28aa5be1acee14746dc2c6dab837a30dff4cffde9135b0ce59537dcd69
custom,custom:3db98103885d,custom,davidzr/freqtrade-strategies,repos/davidzr_freqtrade-strategies/strategies/custom/custom.py,repos/davidzr_freqtrade-strategies/strategies/custom/custom.py,original,,,,,not_applicable,original,native,true,true,4,16,true,true,5m,absent,true,false,long_only,long_only,false,strategy,unspecified,spot,spot_long,spot,not_run,,,,20,historical_ledger,,runtime_full,provisional,mode and direction agree with static source evidence,sha256_3db98103885dc27814b41bac6e804aa84af3bd4833ab8a35ce52d978aaa1957f
custom_sell,custom_sell:67aec064c2a1,custom_sell,davidzr/freqtrade-strategies,repos/davidzr_freqtrade-strategies/strategies/custom_sell/custom_sell.py,repos/davidzr_freqtrade-strategies/strategies/custom_sell/custom_sell.py,original,,,,,not_applicable,original,native,true,false,,,false,false,5m,absent,true,false,long_only,long_only,false,strategy,unspecified,spot,spot_long,,not_run,,,,,,,static_code,provisional,mode and direction agree with static source evidence,sha256_67aec064c2a1f5abc0b4210add2845c776c0df8d193f81fc91295a01b81f8292
e6v34,e6v34:d5a9c0ddb19c,e6v34,davidzr/freqtrade-strategies,repos/davidzr_freqtrade-strategies/strategies/e6v34/e6v34.py,repos/davidzr_freqtrade-strategies/strategies/e6v34/e6v34.py,original,,,,,not_applicable,original,native,true,true,6281,13166,true,true,15m,absent,true,false,long_only,long_only,false,strategy,unspecified,spot,spot_long,spot,not_run,,,,19447,historical_ledger,,runtime_full,provisional,mode and direction agree with static source evidence,sha256_d5a9c0ddb19cc3434c2da014e5df462c7e1eb58e996ebec9b0e946f6e123aa4b
ema,ema:3b862241b944,ema,davidzr/freqtrade-strategies,repos/davidzr_freqtrade-strategies/strategies/ema/ema.py,repos/davidzr_freqtrade-strategies/strategies/ema/ema.py,original,,,,,not_applicable,original,native,true,true,17783,13023,true,true,5m,absent,true,false,long_only,long_only,false,strategy,unspecified,spot,spot_long,spot,not_run,,,,30806,historical_ledger,,runtime_full,provisional,mode and direction agree with static source evidence,sha256_3b862241b94410164e74a70f69187e6bcfd11f28c5ad89fced3fb5819646405b
fahmibah,fahmibah:bf0142ffd632,fahmibah,davidzr/freqtrade-strategies,repos/davidzr_freqtrade-strategies/strategies/fahmibah/fahmibah.py,repos/davidzr_freqtrade-strategies/strategies/fahmibah/fahmibah.py,original,,,,,not_applicable,original,native,true,true,5242,15701,true,true,5m,absent,true,false,long_only,long_only,false,strategy,unspecified,spot,spot_long,spot,not_run,,,,20943,historical_ledger,,runtime_full,provisional,mode and direction agree with static source evidence,sha256_bf0142ffd632f36b3180116c61985f017dd15e99fb5f899699a3b75aeea2b4ac
flawless_lambo,flawless_lambo:15ce26791269,flawless_lambo,davidzr/freqtrade-strategies,repos/davidzr_freqtrade-strategies/strategies/flawless_lambo/flawless_lambo.py,repos/davidzr_freqtrade-strategies/strategies/flawless_lambo/flawless_lambo.py,original,,,,,not_applicable,original,native,true,true,959,3530,true,true,15m,absent,true,false,long_only,long_only,false,strategy,unspecified,spot,spot_long,spot,not_run,,,,4489,historical_ledger,,runtime_full,provisional,mode and direction agree with static source evidence,sha256_15ce26791269d311a4110c28f235c8ed0ba02d85a09d1d243877dd015ca3dc1a
ichiV1_Marius,ichiV1_Marius:848dd39e115f,ichiV1_Marius,davidzr/freqtrade-strategies,repos/davidzr_freqtrade-strategies/strategies/ichiV1_Marius/ichiV1_Marius.py,repair/patched/repos/davidzr_freqtrade-strategies/strategies/ichiV1_Marius/ichiV1_Marius.py,repaired,class2,param_missing_space,,,strict_equivalent,class2-overlay,native,true,false,,,false,false,5m,absent,true,false,long_only,long_only,false,strategy,unspecified,spot,spot_long,,not_run,,,,,freqai_result_card,,static_code,provisional,mode and direction agree with static source evidence,sha256_848dd39e115f4814ee0244262371f1cd45ae1bd3934a94cfaa7c50fe974ab164
keltnerchannel,keltnerchannel:75b790e9e1de,keltnerchannel,davidzr/freqtrade-strategies,repos/davidzr_freqtrade-strategies/strategies/keltnerchannel/keltnerchannel.py,repos/davidzr_freqtrade-strategies/strategies/keltnerchannel/keltnerchannel.py,repaired,class1,environment_compatibility,,,strict_equivalent,original+compatibility-environment,native,true,false,,,false,true,6h,absent,true,false,long_only,long_only,false,strategy,unspecified,spot,spot_long,spot,not_run,,,,1131,class1_result_card,,static_code,provisional,mode and direction agree with static source evidence,sha256_75b790e9e1dea73cd6dbdba779c5015b30bc1bf09d144e58a8df25fc40fab1f2
MabStra,MabStra:63fcdd4567ba,MabStra,davidzr/freqtrade-strategies,repos/davidzr_freqtrade-strategies/strategies/mabStra/mabStra.py,repos/davidzr_freqtrade-strategies/strategies/mabStra/mabStra.py,original,,,,,not_applicable,original,native,true,true,916,3387,true,true,4h,absent,true,false,long_only,long_only,false,strategy,unspecified,spot,spot_long,spot,not_run,,,,4303,historical_ledger,,runtime_full,provisional,mode and direction agree with static source evidence,sha256_63fcdd4567ba1cd9f4312e8804316ee150df41e393e21dce168d3440b5e162c9
macd_recovery,macd_recovery:54b38b6f58f1,macd_recovery,davidzr/freqtrade-strategies,repos/davidzr_freqtrade-strategies/strategies/macd_recovery/macd_recovery.py,repos/davidzr_freqtrade-strategies/strategies/macd_recovery/macd_recovery.py,original,,,,,not_applicable,original,native,true,false,,,false,false,,absent,true,false,long_only,long_only,false,strategy,unspecified,spot,spot_long,,not_run,,,,,,,static_code,provisional,mode and direction agree with static source evidence,sha256_54b38b6f58f1b779cb66c948edcc24263cc9e2c144395de051e2d18b343bd85a
mark_strat,mark_strat:d6c7af041c6d,mark_strat,davidzr/freqtrade-strategies,repos/davidzr_freqtrade-strategies/strategies/mark_strat/mark_strat.py,repos/davidzr_freqtrade-strategies/strategies/mark_strat/mark_strat.py,original,,,,,not_applicable,original,native,true,false,,,false,false,,absent,true,false,long_only,long_only,false,strategy,unspecified,spot,spot_long,,not_run,,,,,,,static_code,provisional,mode and direction agree with static source evidence,sha256_d6c7af041c6d32a97913b59113255e6f9ea2ff64dbbfc86fa11cdaec0eb4b645
mark_strat_opt,mark_strat_opt:d5eaebf770b8,mark_strat_opt,davidzr/freqtrade-strategies,repos/davidzr_freqtrade-strategies/strategies/mark_strat_opt/mark_strat_opt.py,repos/davidzr_freqtrade-strategies/strategies/mark_strat_opt/mark_strat_opt.py,original,,,,,not_applicable,original,native,true,false,,,false,false,,absent,true,false,long_only,long_only,false,strategy,unspecified,spot,spot_long,,not_run,,,,,,,static_code,provisional,mode and direction agree with static source evidence,sha256_d5eaebf770b814dbb6c8a7e8cd0d27a8b9aef6d641caad471546d71b91fa2221
quantumfirst,quantumfirst:94dedeffe4cf,quantumfirst,davidzr/freqtrade-strategies,repos/davidzr_freqtrade-strategies/strategies/quantumfirst/quantumfirst.py,repos/davidzr_freqtrade-strategies/strategies/quantumfirst/quantumfirst.py,original,,,,,not_applicable,original,native,true,false,,,false,false,,absent,true,false,long_only,long_only,false,strategy,unspecified,spot,spot_long,,not_run,,,,,,,static_code,provisional,mode and direction agree with static source evidence,sha256_94dedeffe4cf45cb841ea6d4ef0162023f490af667240c67c7a08797a4438e16
redditMA,redditMA:44ccdf271d56,redditMA,davidzr/freqtrade-strategies,repos/davidzr_freqtrade-strategies/strategies/redditMA/redditMA.py,repos/davidzr_freqtrade-strategies/strategies/redditMA/redditMA.py,original,,,,,not_applicable,original,native,true,false,,,false,false,,absent,true,false,long_only,long_only,false,strategy,unspecified,spot,spot_long,,not_run,,,,,,,static_code,provisional,mode and direction agree with static source evidence,sha256_44ccdf271d561b6f5a47cec00bbdb0ecbb00766b48fff4354e3541a4e6360e2a
stoploss,stoploss:3a2a57482fe4,stoploss,davidzr/freqtrade-strategies,repos/davidzr_freqtrade-strategies/strategies/stoploss/stoploss.py,repos/davidzr_freqtrade-strategies/strategies/stoploss/stoploss.py,original,,,,,not_applicable,original,native,true,true,3105,9619,true,true,5m,absent,true,false,long_only,long_only,false,strategy,unspecified,spot,spot_long,spot,not_run,,,,12724,historical_ledger,,runtime_full,provisional,mode and direction agree with static source evidence,sha256_3a2a57482fe4b4c7f388fa06677842a989f6f1d2d36ca69b957823b5a7fe0aa8
stratfib,stratfib:c64a1da0ba1a,stratfib,davidzr/freqtrade-strategies,repos/davidzr_freqtrade-strategies/strategies/stratfib/stratfib.py,repos/davidzr_freqtrade-strategies/strategies/stratfib/stratfib.py,original,,,,,not_applicable,original,native,true,true,6,4,true,true,1h,absent,true,false,long_only,long_only,false,strategy,unspecified,spot,spot_long,spot,not_run,,,,10,historical_ledger,,runtime_full,provisional,mode and direction agree with static source evidence,sha256_c64a1da0ba1a967b76a7d1bf6d419d79ce8316e7c9728419a3251d98451f8020
strato,strato:f08080997132,strato,davidzr/freqtrade-strategies,repos/davidzr_freqtrade-strategies/strategies/strato/strato.py,repos/davidzr_freqtrade-strategies/strategies/strato/strato.py,original,,,,,not_applicable,original,native,true,true,12251,12158,true,true,1m,absent,true,false,long_only,long_only,false,strategy,unspecified,spot,spot_long,spot,not_run,,,,24409,historical_ledger,,runtime_full,provisional,mode and direction agree with static source evidence,sha256_f080809971327c7f08bc9401edb8ebc128d0cb7a4645e431946312c170c7f803
wtc,wtc:2c6eb18b23dd,wtc,davidzr/freqtrade-strategies,repos/davidzr_freqtrade-strategies/strategies/wtc/wtc.py,repos/davidzr_freqtrade-strategies/strategies/wtc/wtc.py,original,,,,,not_applicable,original,native,true,true,321,1919,true,true,30m,absent,true,false,long_only,long_only,false,strategy,unspecified,spot,spot_long,spot,not_run,,,,2240,historical_ledger,,runtime_full,provisional,mode and direction agree with static source evidence,sha256_2c6eb18b23ddf6f1e2b301df3a49d7a5de7e661f3726164f451cb429d716c3f5
COPY_HL,COPY_HL:d0bd7e88717f,COPY_HL,djienne/COPY_WALLET_HYPERLIQUID,repos/djienne_COPY_WALLET_HYPERLIQUID/user_data/strategies/COPY_HL.py,repos/djienne_COPY_WALLET_HYPERLIQUID/user_data/strategies/COPY_HL.py,original,,,,,not_applicable,original,native,true,false,,,false,true,1h,false,true,false,long_only,long_only,true,strategy,futures,futures,futures_long,futures,measured,20200301-20200401,0,0,0,runtime_smoke,sha256_ae8c9b9335a9953419658f2c252edbd86aedede9b3e14a33acb8f7d47faba7e6,runtime_smoke,validated,mode and direction agree with static source evidence,sha256_d0bd7e88717f4745ad89e44d496be3032e4896bd0bf69960d1baca3e7ec22100
BBMod,BBMod:20884e322030,BBMod,eovie/freqtrade_strs,repos/eovie_freqtrade_strs/binance/Archive/BBMod.py,repos/eovie_freqtrade_strs/binance/Archive/BBMod.py,original,,,,,not_applicable,original,native,true,false,,,false,false,5m,absent,true,false,long_only,long_only,false,strategy,unspecified,spot,spot_long,,not_run,,,,,,,static_code,provisional,mode and direction agree with static source evidence,sha256_20884e32203032c71bc6ced64761a57d03844ede19f6e5d1e5fd16804ed96da5
BinHV27F,BinHV27F:74d705e71d44,BinHV27F,eovie/freqtrade_strs,repos/eovie_freqtrade_strs/binance/Archive/BinHV27F.py,repos/eovie_freqtrade_strs/binance/Archive/BinHV27F.py,original,,,,,not_applicable,original,native,true,true,2571,8957,true,true,5m,absent,true,false,long_only,long_only,true,strategy,futures,both,futures_long,spot;futures,measured,20200301-20200401,154,0,154,runtime_smoke,sha256_ae8c9b9335a9953419658f2c252edbd86aedede9b3e14a33acb8f7d47faba7e6,runtime_full,review,mode and direction agree with static source evidence; historical spot run succeeded despite futures intent,sha256_74d705e71d44a9582df0ed046bb298dbe5cbe9b64f8f169c15546ef9fb61f2ec
BinHV27_short,BinHV27_short:123093f3a1ce,BinHV27_short,eovie/freqtrade_strs,repos/eovie_freqtrade_strs/binance/Archive/BinHV27_short.py,user_data/profile_repairs/BinHV27_short.py,repaired,class2,futures_settlement_pair_syntax;empty_loc_signal_initialization,,,output_equivalent,profile-class2-overlay,native,true,false,,,false,true,5m,true,true,true,long_short,long_short,true,strategy,futures,futures,futures_long_short,futures,measured,20200301-20200401,0,5,5,runtime_smoke,sha256_ae8c9b9335a9953419658f2c252edbd86aedede9b3e14a33acb8f7d47faba7e6,runtime_smoke,validated,mode and direction agree with static source evidence,sha256_123093f3a1ce763c65fc9ebaadddc4bf50f9187d0924c4a1ee21e31ecc4778be
ConsensusShort,ConsensusShort:4e8ceeaec14c,ConsensusShort,eovie/freqtrade_strs,repos/eovie_freqtrade_strs/binance/Archive/ConsensusShort.py,repos/eovie_freqtrade_strs/binance/Archive/ConsensusShort.py,original,,,,,not_applicable,original,native,true,false,,,false,true,5m,true,true,true,long_short,long_short,true,strategy,futures,futures,futures_long_short,futures,measured,20200301-20200401,0,414,414,runtime_smoke,sha256_ae8c9b9335a9953419658f2c252edbd86aedede9b3e14a33acb8f7d47faba7e6,runtime_smoke,validated,mode and direction agree with static source evidence,sha256_4e8ceeaec14c13bb5dfcd5f42971e3375635c496a76f90ab13f90883aee527a6
HourBasedStrategy_5m,HourBasedStrategy_5m:20e040454b10,HourBasedStrategy_5m,eovie/freqtrade_strs,repos/eovie_freqtrade_strs/binance/Archive/HourBasedStrategy.py,repos/eovie_freqtrade_strs/binance/Archive/HourBasedStrategy.py,original,,,,,not_applicable,original,native,true,true,2473,9311,true,true,5m,absent,true,false,long_only,long_only,false,strategy,unspecified,spot,spot_long,spot,not_run,,,,11784,historical_ledger,,runtime_full,provisional,mode and direction agree with static source evidence,sha256_20e040454b100d156d19ce35b633d36c8e7a554713e961d8e6aaeaaf72f014ae
E0V1EN,E0V1EN:dacbbf183f09,E0V1EN,eovie/freqtrade_strs,repos/eovie_freqtrade_strs/binance/dry_run/E0V1EN.py,repos/eovie_freqtrade_strs/binance/dry_run/E0V1EN.py,original,,,,,not_applicable,original,native,true,true,71,438,true,true,5m,absent,true,false,long_only,long_only,false,strategy,unspecified,spot,spot_long,spot,not_run,,,,509,historical_ledger,,runtime_full,provisional,mode and direction agree with static source evidence,sha256_dacbbf183f09ffe880a2134b986793ef9f689436e4c4ec577b7cb1d7be49b53c
BBBreakoutStrategy,BBBreakoutStrategy:5027a97c92f2,BBBreakoutStrategy,flaviosiotto/freqtrade-strategy,repos/flaviosiotto_freqtrade-strategy/user_data/strategies/bb-breakout-strategy.py,repos/flaviosiotto_freqtrade-strategy/user_data/strategies/bb-breakout-strategy.py,original,,,,,not_applicable,original,native,true,true,18639,14366,true,true,3m,absent,true,true,long_short,long_only,false,strategy,futures,spot,spot_long,spot,not_run,,,,33005,historical_ledger,,runtime_full,review,enter_short is dormant without a literal can_short=true,sha256_5027a97c92f29ab71eb4279d0d81c9441503e92a293e985b3974c7a870ea7093
BollingerBandStrategy,BollingerBandStrategy:3e8442e9e3ec,BollingerBandStrategy,flaviosiotto/freqtrade-strategy,repos/flaviosiotto_freqtrade-strategy/user_data/strategies/bollingerbands-strategy.py,repos/flaviosiotto_freqtrade-strategy/user_data/strategies/bollingerbands-strategy.py,original,,,,,not_applicable,original,native,true,true,4239,12063,true,true,3m,absent,true,true,long_short,long_only,false,strategy,futures,spot,spot_long,spot,not_run,,,,16302,historical_ledger,,runtime_full,review,enter_short is dormant without a literal can_short=true,sha256_3e8442e9e3ec032cb6813435451dd5a2602c56b77d5a02302685c37bfbbdbcfd
BreakoutStrategy,BreakoutStrategy:0a6a334c883b,BreakoutStrategy,flaviosiotto/freqtrade-strategy,repos/flaviosiotto_freqtrade-strategy/user_data/strategies/breakout-strategy.py,repair/patched/repos/flaviosiotto_freqtrade-strategy/user_data/strategies/breakout-strategy.py,repaired,class2,pandas_removed_keywords,,,strict_equivalent,class2-overlay,native,true,false,,,false,true,1m,true,true,true,long_short,long_short,false,strategy,futures,futures,futures_long_short,futures,measured,20200301-20200401,0,0,0,runtime_smoke,sha256_ae8c9b9335a9953419658f2c252edbd86aedede9b3e14a33acb8f7d47faba7e6,runtime_smoke,validated,mode and direction agree with static source evidence,sha256_0a6a334c883b2bf6fc83ee844ecef4f1aba8454e71254609aee9226545f8675e
FreqaiExampleStrategy,FreqaiExampleStrategy:5de52c94bd40,FreqaiExampleStrategy,flaviosiotto/freqtrade-strategy,repos/flaviosiotto_freqtrade-strategy/user_data/strategies/exemple-ai-strategy.py,repos/flaviosiotto_freqtrade-strategy/user_data/strategies/exemple-ai-strategy.py,original,,,,,not_applicable,original,native,true,false,,,false,false,,false,true,true,long_short,long_only,false,strategy,futures,spot,spot_long,,not_run,,,,,,,static_code,review,enter_short is dormant without a literal can_short=true,sha256_5de52c94bd407d0762ac0855682e939c4b3f9851540b18c4c650f584a4018f80
FakeoutStrategy,FakeoutStrategy:8c6212935a05,FakeoutStrategy,flaviosiotto/freqtrade-strategy,repos/flaviosiotto_freqtrade-strategy/user_data/strategies/fakeout-strategy.py,repair/patched/repos/flaviosiotto_freqtrade-strategy/user_data/strategies/fakeout-strategy.py,repaired,class2,pandas_removed_keywords,,,strict_equivalent,class2-overlay,native,true,false,,,false,true,1m,true,true,true,long_short,long_short,false,strategy,futures,futures,futures_long_short,futures,measured,20200301-20200401,91,96,187,runtime_smoke,sha256_ae8c9b9335a9953419658f2c252edbd86aedede9b3e14a33acb8f7d47faba7e6,runtime_smoke,validated,mode and direction agree with static source evidence,sha256_8c6212935a05d349c98ef7d43bf88a68f96d5041830302b49cbe84149acf18fd
TouchEmaStrategy,TouchEmaStrategy:92446d7b27c0,TouchEmaStrategy,flaviosiotto/freqtrade-strategy,repos/flaviosiotto_freqtrade-strategy/user_data/strategies/touchema-strategy.py,repos/flaviosiotto_freqtrade-strategy/user_data/strategies/touchema-strategy.py,original,,,,,not_applicable,original,native,true,true,1072,4121,true,true,5m,absent,true,true,long_short,long_only,false,strategy,futures,spot,spot_long,spot,not_run,,,,5193,historical_ledger,,runtime_full,review,enter_short is dormant without a literal can_short=true,sha256_92446d7b27c0aaaf848f987d73f5d2d322b8db0157f88e58f29cddfdfbbf076d
TouchEmaDelayStrategy,TouchEmaDelayStrategy:0aced2ab9432,TouchEmaDelayStrategy,flaviosiotto/freqtrade-strategy,repos/flaviosiotto_freqtrade-strategy/user_data/strategies/touchemadelay-strategy.py,repos/flaviosiotto_freqtrade-strategy/user_data/strategies/touchemadelay-strategy.py,original,,,,,not_applicable,original,native,true,true,474,1857,true,true,3m,absent,true,true,long_short,long_only,false,strategy,futures,spot,spot_long,spot,not_run,,,,2331,historical_ledger,,runtime_full,review,enter_short is dormant without a literal can_short=true,sha256_0aced2ab943202ac70f496f22f37da9ea258a164c0e0a62f45d6db023b716665
AlmgrenChrissStrategy,AlmgrenChrissStrategy:29383b6d6a9d,AlmgrenChrissStrategy,freqtrade/freqtrade-strategies,repos/freqtrade_freqtrade-strategies/user_data/strategies/AlmgrenChrissStrategy.py,repos/freqtrade_freqtrade-strategies/user_data/strategies/AlmgrenChrissStrategy.py,original,,,,,not_applicable,original,native,true,false,,,false,true,15m,true,true,true,long_short,long_short,false,strategy,futures,futures,futures_long_short,futures,measured,20200301-20200401,487,331,818,runtime_smoke,sha256_ae8c9b9335a9953419658f2c252edbd86aedede9b3e14a33acb8f7d47faba7e6,runtime_smoke,validated,mode and direction agree with static source evidence,sha256_29383b6d6a9d046e24fec53b25bcf30dae0fab4def62dbef19848191dab156f3
TWAPStrategy,TWAPStrategy:fa97ab1802e2,TWAPStrategy,freqtrade/freqtrade-strategies,repos/freqtrade_freqtrade-strategies/user_data/strategies/TWAPStrategy.py,repos/freqtrade_freqtrade-strategies/user_data/strategies/TWAPStrategy.py,original,,,,,not_applicable,original,native,true,false,,,false,true,15m,true,true,true,long_short,long_short,false,strategy,futures,futures,futures_long_short,futures,measured,20200301-20200401,390,281,671,runtime_smoke,sha256_ae8c9b9335a9953419658f2c252edbd86aedede9b3e14a33acb8f7d47faba7e6,runtime_smoke,validated,mode and direction agree with static source evidence,sha256_fa97ab1802e2508d2742cfdb01d607c0a41d1eb84b217cf6cb0567429620221d
TrendRiderStrategy,TrendRiderStrategy:de48abc95f83,TrendRiderStrategy,freqtrade/freqtrade-strategies,repos/freqtrade_freqtrade-strategies/user_data/strategies/TrendRiderStrategy.py,repos/freqtrade_freqtrade-strategies/user_data/strategies/TrendRiderStrategy.py,original,,,,,not_applicable,original,native,true,true,2008,7937,true,true,1h,false,true,false,long_only,long_only,true,strategy,futures,both,futures_long,spot;futures,measured,20200301-20200401,37,0,37,runtime_smoke,sha256_ae8c9b9335a9953419658f2c252edbd86aedede9b3e14a33acb8f7d47faba7e6,runtime_full,review,mode and direction agree with static source evidence; historical spot run succeeded despite futures intent,sha256_de48abc95f8306ba16cfcb362a150cfc8f6d66b5d67cb75b91bf390689dd5d6c
FAdxSmaStrategy,FAdxSmaStrategy:450ed20d7fee,FAdxSmaStrategy,freqtrade/freqtrade-strategies,repos/freqtrade_freqtrade-strategies/user_data/strategies/futures/FAdxSmaStrategy.py,repos/freqtrade_freqtrade-strategies/user_data/strategies/futures/FAdxSmaStrategy.py,original,,,,,not_applicable,original,native,true,false,,,false,true,1h,true,true,true,long_short,long_short,false,strategy,futures,futures,futures_long_short,futures,measured,20200301-20200401,13,2,15,runtime_smoke,sha256_ae8c9b9335a9953419658f2c252edbd86aedede9b3e14a33acb8f7d47faba7e6,runtime_smoke,validated,mode and direction agree with static source evidence,sha256_450ed20d7fee0b7316fa4856c549aad4664299f40f5f6de6ca5be791f7ac7cad
FReinforcedStrategy,FReinforcedStrategy:915eb861e6b1,FReinforcedStrategy,freqtrade/freqtrade-strategies,repos/freqtrade_freqtrade-strategies/user_data/strategies/futures/FReinforcedStrategy.py,user_data/profile_repairs/FReinforcedStrategy.py,repaired,class2,parameter_space_default_only,,,strict_equivalent,profile-class2-overlay,native,true,false,,,false,true,5m,true,true,true,long_short,long_short,false,strategy,futures,futures,futures_long_short,futures,measured,20200301-20200401,43,37,80,runtime_smoke,sha256_ae8c9b9335a9953419658f2c252edbd86aedede9b3e14a33acb8f7d47faba7e6,runtime_smoke,validated,mode and direction agree with static source evidence,sha256_915eb861e6b1e6244ba669a25f0806d4b36378b95615df1f05c392bf64a98c17
FSampleStrategy,FSampleStrategy:faf8a6df56f2,FSampleStrategy,freqtrade/freqtrade-strategies,repos/freqtrade_freqtrade-strategies/user_data/strategies/futures/FSampleStrategy.py,repos/freqtrade_freqtrade-strategies/user_data/strategies/futures/FSampleStrategy.py,original,,,,,not_applicable,original,native,true,false,,,false,true,1h,true,true,true,long_short,long_short,false,strategy,futures,futures,futures_long_short,futures,measured,20200301-20200401,40,0,40,runtime_smoke,sha256_ae8c9b9335a9953419658f2c252edbd86aedede9b3e14a33acb8f7d47faba7e6,runtime_smoke,validated,mode and direction agree with static source evidence,sha256_faf8a6df56f2b494d886a31a40b63e2ac75c26fd19c6816c68fa7bbec5645bfe
FSupertrendStrategy,FSupertrendStrategy:6d4760637514,FSupertrendStrategy,freqtrade/freqtrade-strategies,repos/freqtrade_freqtrade-strategies/user_data/strategies/futures/FSupertrendStrategy.py,repos/freqtrade_freqtrade-strategies/user_data/strategies/futures/FSupertrendStrategy.py,original,,,,,not_applicable,original,native,true,true,1760,6492,true,true,1h,absent,true,true,long_short,long_only,false,strategy,futures,both,futures_long,spot;futures,measured,20200301-20200401,83,0,83,runtime_smoke,sha256_ae8c9b9335a9953419658f2c252edbd86aedede9b3e14a33acb8f7d47faba7e6,runtime_full,review,enter_short is dormant without a literal can_short=true; futures intent inferred only from path/name; historical spot run succeeded despite futures intent,sha256_6d4760637514311f1664b6a00460f07cf29a762a15b29e89febd73da73316bb8
GoldHedgeZeroMACD,GoldHedgeZeroMACD:08b26e66c1fb,GoldHedgeZeroMACD,ingpawat/freqtrade-strategy-with-backtest,repos/ingpawat_freqtrade-strategy-with-backtest/strategy/GoldHedgeZeroMACD/GoldHedgeZeroMACD.py,repos/ingpawat_freqtrade-strategy-with-backtest/strategy/GoldHedgeZeroMACD/GoldHedgeZeroMACD.py,original,,,,,not_applicable,original,native,true,true,59,276,true,true,1d,false,true,false,long_only,long_only,true,strategy,futures,both,futures_long,spot;futures,measured,20200301-20200401,0,0,0,runtime_smoke,sha256_ae8c9b9335a9953419658f2c252edbd86aedede9b3e14a33acb8f7d47faba7e6,runtime_full,review,mode and direction agree with static source evidence; historical spot run succeeded despite futures intent,sha256_08b26e66c1fb7d5eb153074e77a39e499801ecf9b0c92e2dd1608823287ed53d
MACDZeroCrossStrategy,MACDZeroCrossStrategy:6fe1bca7b1b3,MACDZeroCrossStrategy,ingpawat/freqtrade-strategy-with-backtest,repos/ingpawat_freqtrade-strategy-with-backtest/strategy/MACDZeroCrossStrategy/MACDZeroCrossStrategy.py,repos/ingpawat_freqtrade-strategy-with-backtest/strategy/MACDZeroCrossStrategy/MACDZeroCrossStrategy.py,original,,,,,not_applicable,original,native,true,true,64,275,true,true,1d,absent,true,false,long_only,long_only,false,strategy,unspecified,spot,spot_long,spot,not_run,,,,339,historical_ledger,,runtime_full,provisional,mode and direction agree with static source evidence,sha256_6fe1bca7b1b387a6434e423370659379e267a61623bc910df23a48e76babd9e5
NostalgiaForInfinityX3,NostalgiaForInfinityX3:4be2585f15ea,NostalgiaForInfinityX3,iterativv/NostalgiaForInfinity,repos/iterativv_NostalgiaForInfinity/NostalgiaForInfinityX3.py,repos/iterativv_NostalgiaForInfinity/NostalgiaForInfinityX3.py,original,,,,,not_applicable,original,native,true,false,,,false,true,5m,absent,true,true,long_short,long_only,true,strategy,futures,futures,futures_long,futures,measured,20200301-20200401,1,3,4,runtime_smoke,sha256_ae8c9b9335a9953419658f2c252edbd86aedede9b3e14a33acb8f7d47faba7e6,runtime_smoke,review,enter_short is dormant without a literal can_short=true,sha256_4be2585f15ead315d63fdd5842aa997a4a970a6dca3772fd85b468b645c17d6d
NostalgiaForInfinityX5,NostalgiaForInfinityX5:7b845f469b09,NostalgiaForInfinityX5,iterativv/NostalgiaForInfinity,repos/iterativv_NostalgiaForInfinity/NostalgiaForInfinityX5.py,user_data/profile_repairs/NostalgiaForInfinityX5.py,repaired,class2,freqtrade_signal_dtype,,,output_equivalent,profile-class2-overlay,native,true,false,,,false,true,5m,absent,true,true,long_short,long_only,true,strategy,futures,futures,futures_long,futures,measured,20200301-20200401,23,0,23,runtime_smoke,sha256_ae8c9b9335a9953419658f2c252edbd86aedede9b3e14a33acb8f7d47faba7e6,runtime_smoke,review,enter_short is dormant without a literal can_short=true,sha256_7b845f469b0941844dccbecd44e0f3901580f40db365d79f78f2c0d7fee675aa
NostalgiaForInfinityX6,NostalgiaForInfinityX6:838603039f96,NostalgiaForInfinityX6,iterativv/NostalgiaForInfinity,repos/iterativv_NostalgiaForInfinity/NostalgiaForInfinityX6.py,repos/iterativv_NostalgiaForInfinity/NostalgiaForInfinityX6.py,original,,,,,not_applicable,original,native,true,false,,,false,true,5m,absent,true,true,long_short,long_only,true,strategy,futures,futures,futures_long,futures,measured,20200301-20200401,30,0,30,runtime_smoke,sha256_ae8c9b9335a9953419658f2c252edbd86aedede9b3e14a33acb8f7d47faba7e6,runtime_smoke,review,enter_short is dormant without a literal can_short=true,sha256_838603039f96e12fefcfd814691b2fbd501f01b2a230bf3f23ed043599da01bc
NostalgiaForInfinityX7,NostalgiaForInfinityX7:12aeca2f8c57,NostalgiaForInfinityX7,iterativv/NostalgiaForInfinity,repos/iterativv_NostalgiaForInfinity/NostalgiaForInfinityX7.py,repos/iterativv_NostalgiaForInfinity/NostalgiaForInfinityX7.py,original,,,,,not_applicable,original,native,true,false,,,false,true,5m,absent,true,true,long_short,long_only,true,strategy,futures,futures,futures_long,futures,measured,20200301-20200401,17,1,18,runtime_smoke,sha256_ae8c9b9335a9953419658f2c252edbd86aedede9b3e14a33acb8f7d47faba7e6,runtime_smoke,review,enter_short is dormant without a literal can_short=true,sha256_12aeca2f8c57973b158f13c6f82f1eb765b05e400fe69fc43c74eea557e2da5f
Strategy,Strategy:5fdecf48d2e7,Strategy,iterativv/NostalgiaForInfinity,repos/iterativv_NostalgiaForInfinity/tests/unit/test_data/input/Strategy.py,repos/iterativv_NostalgiaForInfinity/tests/unit/test_data/input/Strategy.py,original,,,,,not_applicable,original,native,true,false,,,false,false,,absent,true,false,long_only,long_only,false,test_candidate,unspecified,spot,spot_long,,not_run,,,,,,,static_code,provisional,mode and direction agree with static source evidence,sha256_5fdecf48d2e79668de637bfb66e23ca93dc80a2a275a3f292ad422c243eca932
Candle2,Candle2:34ea4c0954a2,Candle2,jaredrsommer/freqtradestrategies,repos/jaredrsommer_freqtradestrategies/2Candle (3).py,repos/jaredrsommer_freqtradestrategies/2Candle (3).py,original,,,,,not_applicable,original,native,true,true,1825,5801,true,true,1h,absent,true,false,long_only,long_only,false,strategy,unspecified,spot,spot_long,spot,not_run,,,,7626,historical_ledger,,runtime_full,provisional,mode and direction agree with static source evidence,sha256_34ea4c0954a2680beebb9dec767e2842d60385398b13b723e2240dffc0798341
A9AV,A9AV:1cd374d74902,A9AV,jaredrsommer/freqtradestrategies,repos/jaredrsommer_freqtradestrategies/A9AV.py,repair/patched/repos/jaredrsommer_freqtradestrategies/A9AV.py,repaired,class2,rolling_any_masked,,,output_equivalent,class2-overlay,native,true,false,,,false,false,5m,absent,true,false,long_only,long_only,false,strategy,unspecified,spot,spot_long,,not_run,,,,,freqai_result_card,,static_code,provisional,mode and direction agree with static source evidence,sha256_1cd374d749027eddc5cd9fe7ac457afd33d90c62854268afabf97c61da6b8c95
AlexBTK_CT,AlexBTK_CT:fcbe0a920af7,AlexBTK_CT,jaredrsommer/freqtradestrategies,repos/jaredrsommer_freqtradestrategies/AlexBTK_CT.py,repos/jaredrsommer_freqtradestrategies/AlexBTK_CT.py,original,,,,,not_applicable,original,native,true,false,264,,false,true,15m,false,true,true,long_short,long_only,true,strategy,futures,futures,futures_long,futures,measured,20200301-20200401,48,0,48,runtime_smoke,sha256_ae8c9b9335a9953419658f2c252edbd86aedede9b3e14a33acb8f7d47faba7e6,runtime_smoke,review,enter_short is dormant without a literal can_short=true,sha256_fcbe0a920af76e6952bbf32d52bb35f8ebc9ef599f0f52e02286772f91b449da
AlexBattleTankKiller,AlexBattleTankKiller:cb7bcf7bc825,AlexBattleTankKiller,jaredrsommer/freqtradestrategies,repos/jaredrsommer_freqtradestrategies/AlexBattleTankKiller.py,repos/jaredrsommer_freqtradestrategies/AlexBattleTankKiller.py,repaired,class1,environment_compatibility,,,strict_equivalent,original+compatibility-environment,native,true,false,264,,false,true,15m,false,true,true,long_short,long_only,true,strategy,futures,futures,futures_long,futures,measured,20200301-20200401,48,0,48,runtime_smoke,sha256_ae8c9b9335a9953419658f2c252edbd86aedede9b3e14a33acb8f7d47faba7e6,runtime_smoke,review,enter_short is dormant without a literal can_short=true,sha256_cb7bcf7bc825208caba5c43db602ba2942b0c88cc8f250b5ba0017cdcf6cda3e
AlexBattleTankKillerV3,AlexBattleTankKillerV3:500f45285b3b,AlexBattleTankKillerV3,jaredrsommer/freqtradestrategies,repos/jaredrsommer_freqtradestrategies/AlexBattleTankKillerV3.py,repos/jaredrsommer_freqtradestrategies/AlexBattleTankKillerV3.py,original,,,,,not_applicable,original,native,true,false,,,false,true,15m,false,true,true,long_short,long_only,true,strategy,futures,futures,futures_long,futures,measured,20200301-20200401,169,0,169,runtime_smoke,sha256_ae8c9b9335a9953419658f2c252edbd86aedede9b3e14a33acb8f7d47faba7e6,runtime_smoke,review,enter_short is dormant without a literal can_short=true,sha256_500f45285b3b35e669559b89210ad3194907ee9cfaada76fbe162348f54324ab
AlexBattleTankKillerV40H,AlexBattleTankKillerV40H:d79aa03fad76,AlexBattleTankKillerV40H,jaredrsommer/freqtradestrategies,repos/jaredrsommer_freqtradestrategies/AlexBattleTankKillerV4H.py,repos/jaredrsommer_freqtradestrategies/AlexBattleTankKillerV4H.py,original,,,,,not_applicable,original,native,true,true,1072,3898,true,true,1h,false,true,true,long_short,long_only,true,strategy,futures,both,futures_long,spot;futures,measured,20200301-20200401,0,0,0,runtime_smoke,sha256_ae8c9b9335a9953419658f2c252edbd86aedede9b3e14a33acb8f7d47faba7e6,runtime_full,review,enter_short is dormant without a literal can_short=true; historical spot run succeeded despite futures intent,sha256_d79aa03fad7653f729d5959483224c1152878e8e3ca765ae209c8fd6c8f7f1c9
Astro,Astro:dbf7de1182d4,Astro,jaredrsommer/freqtradestrategies,repos/jaredrsommer_freqtradestrategies/Astro.py,repos/jaredrsommer_freqtradestrategies/Astro.py,original,,,,,not_applicable,original,native,true,false,,,false,false,1d,false,true,false,long_only,long_only,false,strategy,unspecified,spot,spot_long,,not_run,,,,,,,static_code,provisional,mode and direction agree with static source evidence,sha256_dbf7de1182d41fcdebbf587fae71f91f6153dc41f616615ff1d16662a6626585
AstroQAV4,AstroQAV4:ae2a77273135,AstroQAV4,jaredrsommer/freqtradestrategies,repos/jaredrsommer_freqtradestrategies/AstroQAV4.py,repair/patched/repos/jaredrsommer_freqtradestrategies/AstroQAV4.py,repaired,class2,restore_commented_feature_source,,,behavior_changed,class2-overlay,native,true,false,,,false,false,30m,false,true,false,long_only,long_only,false,strategy,unspecified,spot,spot_long,,not_run,,,,,freqai_result_card,,static_code,provisional,mode and direction agree with static source evidence,sha256_ae2a77273135d06ffced54fe7be3baf17ec310f4442c4aff4e867139f4cb4aa5
CTIBS,CTIBS:0fa7c969f384,CTIBS,jaredrsommer/freqtradestrategies,repos/jaredrsommer_freqtradestrategies/CTIBS.py,repos/jaredrsommer_freqtradestrategies/CTIBS.py,original,,,,,not_applicable,original,native,true,true,1106,4447,true,true,15m,absent,true,false,long_only,long_only,false,strategy,unspecified,spot,spot_long,spot,not_run,,,,5553,historical_ledger,,runtime_full,provisional,mode and direction agree with static source evidence,sha256_0fa7c969f384f676c7c64dcac02ed67efd1242f9596c8ada97ae4e2c2d6aa0eb
ElliotWave,ElliotWave:bb8a5f6b7cac,ElliotWave,jaredrsommer/freqtradestrategies,repos/jaredrsommer_freqtradestrategies/ElliotWave.py,repos/jaredrsommer_freqtradestrategies/ElliotWave.py,repaired,class1,environment_compatibility,,,strict_equivalent,original+compatibility-environment,native,true,false,535,,false,true,4h,absent,true,false,long_only,long_only,true,strategy,futures,futures,futures_long,futures,measured,20200301-20200401,41,0,41,runtime_smoke,sha256_ae8c9b9335a9953419658f2c252edbd86aedede9b3e14a33acb8f7d47faba7e6,runtime_smoke,validated,mode and direction agree with static source evidence,sha256_bb8a5f6b7cac155852eda617c49cea92b42e09569db128f476a159ddc043a507
FVGChannel,FVGChannel:379d24ac1c43,FVGChannel,jaredrsommer/freqtradestrategies,repos/jaredrsommer_freqtradestrategies/FVGChannel.py,repos/jaredrsommer_freqtradestrategies/FVGChannel.py,original,,,,,not_applicable,original,native,true,true,4761,11838,true,true,1h,absent,true,false,long_only,long_only,false,strategy,unspecified,spot,spot_long,spot,not_run,,,,16599,historical_ledger,,runtime_full,provisional,mode and direction agree with static source evidence,sha256_379d24ac1c430e1fd9d2afb3babde0eab2a0c4dfda1b4845dc390ddcca2f7334
ForexRobootSuperScalper,ForexRobootSuperScalper:5c101cb77592,ForexRobootSuperScalper,jaredrsommer/freqtradestrategies,repos/jaredrsommer_freqtradestrategies/ForexRobootSuperScalper (2).py,repos/jaredrsommer_freqtradestrategies/ForexRobootSuperScalper (2).py,original,,,,,not_applicable,original,native,true,true,11876,14747,true,true,5m,absent,true,false,long_only,long_only,false,strategy,unspecified,spot,spot_long,spot,not_run,,,,26623,historical_ledger,,runtime_full,provisional,mode and direction agree with static source evidence,sha256_5c101cb77592a2126cf2143b4e55d48b5314f3a5476005b57e70bd3664ec8c33
GKD_Baseline,GKD_Baseline:b2941c228640,GKD_Baseline,jaredrsommer/freqtradestrategies,repos/jaredrsommer_freqtradestrategies/GKD_Baseline.py,repos/jaredrsommer_freqtradestrategies/GKD_Baseline.py,original,,,,,not_applicable,original,native,true,true,7411,10927,true,true,1h,absent,true,true,long_short,long_only,false,strategy,futures,spot,spot_long,spot,not_run,,,,18338,historical_ledger,,runtime_full,review,enter_short is dormant without a literal can_short=true,sha256_b2941c2286406cbed4f0dfaca3fc67b2c9326e83a658c32b07a9646db583b721
GKD_BaselineAllMAs,GKD_BaselineAllMAs:dff087dc468b,GKD_BaselineAllMAs,jaredrsommer/freqtradestrategies,repos/jaredrsommer_freqtradestrategies/GKD_BaselineAllMAs (1).py,repos/jaredrsommer_freqtradestrategies/GKD_BaselineAllMAs (1).py,original,,,,,not_applicable,original,native,true,true,7411,10927,true,true,1h,absent,true,true,long_short,long_only,false,strategy,futures,spot,spot_long,spot,not_run,,,,18338,historical_ledger,,runtime_full,review,enter_short is dormant without a literal can_short=true,sha256_dff087dc468bdc6664fd0ae41cf91e26f7620aa7d70c693c8681f1467900d93a
GKD_C,GKD_C:ea05773d3428,GKD_C,jaredrsommer/freqtradestrategies,repos/jaredrsommer_freqtradestrategies/GKD_C.py,repos/jaredrsommer_freqtradestrategies/GKD_C.py,original,,,,,not_applicable,original,native,true,true,4,,false,true,1h,absent,true,true,long_short,long_only,false,strategy,futures,spot,spot_long,spot,not_run,,,,4,original_result_card,,runtime_full,review,enter_short is dormant without a literal can_short=true,sha256_ea05773d3428aa39570d7a8473e1cd13fec70d829585378163eb52c8a61a1668
GKD_CT,GKD_CT:8bad756c3a24,GKD_CT,jaredrsommer/freqtradestrategies,repos/jaredrsommer_freqtradestrategies/GKD_CT.py,repos/jaredrsommer_freqtradestrategies/GKD_CT.py,original,,,,,not_applicable,original,native,true,true,1382,,false,true,1h,false,true,true,long_short,long_only,false,strategy,futures,spot,spot_long,spot,not_run,,,,757,original_result_card,,runtime_full,review,enter_short is dormant without a literal can_short=true,sha256_8bad756c3a2456afeccc93488ef81a81c67386a8c2e81754bdd694169acbb11b
GKD_FisherTransform,GKD_FisherTransform:b2e8dca74271,GKD_FisherTransform,jaredrsommer/freqtradestrategies,repos/jaredrsommer_freqtradestrategies/GKD_FisherTransform (2).py,repos/jaredrsommer_freqtradestrategies/GKD_FisherTransform (2).py,repaired,class1,environment_compatibility,,,strict_equivalent,original+compatibility-environment,native,true,false,,,false,true,1h,absent,true,true,long_short,long_only,false,strategy,futures,spot,spot_long,spot,not_run,,,,1630,class1_result_card,,static_code,review,enter_short is dormant without a literal can_short=true,sha256_b2e8dca7427191c6849feb53bbdaff219fc8d748edbb9be81727f3164d2422a3
GKD_FisherTransformMTF,GKD_FisherTransformMTF:f0e506446029,GKD_FisherTransformMTF,jaredrsommer/freqtradestrategies,repos/jaredrsommer_freqtradestrategies/GKD_FisherTransformMTF.py,repos/jaredrsommer_freqtradestrategies/GKD_FisherTransformMTF.py,original,,,,,not_applicable,original,native,true,true,1022,3728,true,true,1h,absent,true,true,long_short,long_only,false,strategy,futures,spot,spot_long,spot,not_run,,,,4750,historical_ledger,,runtime_full,review,enter_short is dormant without a literal can_short=true,sha256_f0e506446029b30653e2e8a6677b0380c5552a9c5c648e2af0cf77f3ae266f1d
GKD_HurstExponent,GKD_HurstExponent:c169beca3ea5,GKD_HurstExponent,jaredrsommer/freqtradestrategies,repos/jaredrsommer_freqtradestrategies/GKD_HurstExponent.py,repos/jaredrsommer_freqtradestrategies/GKD_HurstExponent.py,original,,,,,not_applicable,original,native,true,true,1061,4835,true,true,1h,absent,true,true,long_short,long_only,false,strategy,futures,spot,spot_long,spot,not_run,,,,5896,historical_ledger,,runtime_full,review,enter_short is dormant without a literal can_short=true,sha256_c169beca3ea5e4b9b27e81344b62fee5df4308a772665b5d48f71b759f938f27
GKD_PFE,GKD_PFE:74b9df4754e9,GKD_PFE,jaredrsommer/freqtradestrategies,repos/jaredrsommer_freqtradestrategies/GKD_PFE.py,repos/jaredrsommer_freqtradestrategies/GKD_PFE.py,original,,,,,not_applicable,original,native,true,true,6530,10583,true,true,1h,absent,true,true,long_short,long_only,false,strategy,futures,spot,spot_long,spot,not_run,,,,17113,historical_ledger,,runtime_full,review,enter_short is dormant without a literal can_short=true,sha256_74b9df4754e95213f2735328799341c1720c3279fca9e50982462e0434b259e8
GPR,GPR:63f9f398c835,GPR,jaredrsommer/freqtradestrategies,repos/jaredrsommer_freqtradestrategies/GPR.py,repos/jaredrsommer_freqtradestrategies/GPR.py,original,,,,,not_applicable,original,native,true,false,,,false,false,1h,false,true,true,long_short,long_only,false,strategy,futures,spot,spot_long,,not_run,,,,,,,static_code,review,enter_short is dormant without a literal can_short=true,sha256_63f9f398c83566513022ef6cfab02e23e762f0dd886268ad025f3fb7df890476
GPTREV,GPTREV:b99d3c1c8215,GPTREV,jaredrsommer/freqtradestrategies,repos/jaredrsommer_freqtradestrategies/GPTREV.py,repos/jaredrsommer_freqtradestrategies/GPTREV.py,repaired,class1,environment_compatibility,,,strict_equivalent,original+compatibility-environment,native,true,false,,,false,true,1m,false,true,false,long_only,long_only,false,strategy,unspecified,spot,spot_long,spot,not_run,,,,600,class1_result_card,,static_code,provisional,mode and direction agree with static source evidence,sha256_b99d3c1c821513b7ef394788fb2d55d480818900281ff922ef098a33d8896971
HEW,HEW:c47920daf337,HEW,jaredrsommer/freqtradestrategies,repos/jaredrsommer_freqtradestrategies/HEW.py,user_data/profile_repairs/HEW.py,repaired,class2,pandas_removed_keywords;pandas_object_upcast,,,output_equivalent,profile-class2-overlay,native,true,false,,,false,true,1h,false,true,true,long_short,long_only,true,strategy,futures,futures,futures_long,futures,measured,20200301-20200401,4,0,4,runtime_smoke,sha256_ae8c9b9335a9953419658f2c252edbd86aedede9b3e14a33acb8f7d47faba7e6,runtime_smoke,review,enter_short is dormant without a literal can_short=true,sha256_c47920daf3378d65299a4404259a3873b5139623ed7c8fd3490ecdc9f1b93c99
HSI,HSI:968bdb813025,HSI,jaredrsommer/freqtradestrategies,repos/jaredrsommer_freqtradestrategies/HSI (2).py,repos/jaredrsommer_freqtradestrategies/HSI (2).py,repaired,class1,environment_compatibility,,,strict_equivalent,original+compatibility-environment,native,true,false,13163,,false,true,5m,absent,true,false,long_only,long_only,false,strategy,unspecified,spot,spot_long,spot,not_run,,,,5591,class1_result_card,,static_code,provisional,mode and direction agree with static source evidence,sha256_968bdb813025a96f6d32c1202dec696366452436f0a80911af8b8cef1f5eed34
HilbertSineWave,HilbertSineWave:7580e8750833,HilbertSineWave,jaredrsommer/freqtradestrategies,repos/jaredrsommer_freqtradestrategies/HilbertSineWave.py,repos/jaredrsommer_freqtradestrategies/HilbertSineWave.py,original,,,,,not_applicable,original,native,true,true,935,3512,true,true,1h,absent,true,false,long_only,long_only,false,strategy,unspecified,spot,spot_long,spot,not_run,,,,4447,historical_ledger,,runtime_full,provisional,mode and direction agree with static source evidence,sha256_7580e8750833b04c282ae6e730f7292e228852ed013a3142e5ae2b59cf174e98
HurstCycle3,HurstCycle3:c9d3caf5ce10,HurstCycle3,jaredrsommer/freqtradestrategies,repos/jaredrsommer_freqtradestrategies/HurstCycle3 (2).py,repos/jaredrsommer_freqtradestrategies/HurstCycle3 (2).py,original,,,,,not_applicable,original,native,true,true,10088,10019,true,true,15m,absent,true,false,long_only,long_only,true,strategy,futures,both,futures_long,spot;futures,measured,20200301-20200401,559,0,559,runtime_smoke,sha256_ae8c9b9335a9953419658f2c252edbd86aedede9b3e14a33acb8f7d47faba7e6,runtime_full,review,mode and direction agree with static source evidence; historical spot run succeeded despite futures intent,sha256_c9d3caf5ce10f117c302c23cf91438c28d4ab793eeccd8294465d2e333c54ec3
HurstCycle7,HurstCycle7:d97e2bb096fb,HurstCycle7,jaredrsommer/freqtradestrategies,repos/jaredrsommer_freqtradestrategies/HurstCycle7 (2).py,repos/jaredrsommer_freqtradestrategies/HurstCycle7 (2).py,repaired,class1,environment_compatibility,,,strict_equivalent,original+compatibility-environment,native,true,false,5337,,false,true,15m,false,true,false,long_only,long_only,true,strategy,futures,futures,futures_long,futures,measured,20200301-20200401,547,0,547,runtime_smoke,sha256_ae8c9b9335a9953419658f2c252edbd86aedede9b3e14a33acb8f7d47faba7e6,runtime_smoke,validated,mode and direction agree with static source evidence,sha256_d97e2bb096fb3598f9a28b5846686d39ef0a2a96306fa2f449ca6125ad97875e
HurstCycleV4,HurstCycleV4:9cb81c6de88b,HurstCycleV4,jaredrsommer/freqtradestrategies,repos/jaredrsommer_freqtradestrategies/HurstCycleV4.py,repair/patched/repos/jaredrsommer_freqtradestrategies/HurstCycleV4.py,repaired,class2,pandas_removed_keywords,,,strict_equivalent,class2-overlay,native,true,false,,,false,true,4h,false,true,false,long_only,long_only,true,strategy,futures,futures,futures_long,futures,measured,20200301-20210101,0,0,0,runtime_smoke,sha256_ae8c9b9335a9953419658f2c252edbd86aedede9b3e14a33acb8f7d47faba7e6,runtime_smoke,validated,mode and direction agree with static source evidence,sha256_9cb81c6de88b54b8ef5b27b18552bfb6e91d830cc62bbeb66ea70ceea973b829
HurstCycleV5,HurstCycleV5:07b26bff1c85,HurstCycleV5,jaredrsommer/freqtradestrategies,repos/jaredrsommer_freqtradestrategies/HurstCycleV5 (2).py,repos/jaredrsommer_freqtradestrategies/HurstCycleV5 (2).py,original,,,,,not_applicable,original,native,true,false,,,false,true,1h,true,true,true,long_short,long_short,true,strategy,futures,futures,futures_long_short,futures,measured,20200301-20200401,8,10,18,runtime_smoke,sha256_ae8c9b9335a9953419658f2c252edbd86aedede9b3e14a33acb8f7d47faba7e6,runtime_smoke,validated,mode and direction agree with static source evidence,sha256_07b26bff1c85b6b79c1a686b016181a5fd4d32633360e741dc26070b843a908d
HurstCycleV5RSI,HurstCycleV5RSI:af49ef254bf6,HurstCycleV5RSI,jaredrsommer/freqtradestrategies,repos/jaredrsommer_freqtradestrategies/HurstCycleV5RSI (2).py,repair/patched/repos/jaredrsommer_freqtradestrategies/HurstCycleV5RSI (2).py,repaired,class2,pandas_removed_keywords,,,strict_equivalent,class2-overlay,native,true,false,,,false,true,1h,false,true,true,long_short,long_only,true,strategy,futures,futures,futures_long,futures,measured,20200301-20200401,120,0,120,runtime_smoke,sha256_ae8c9b9335a9953419658f2c252edbd86aedede9b3e14a33acb8f7d47faba7e6,runtime_smoke,review,enter_short is dormant without a literal can_short=true,sha256_af49ef254bf69c630ffe08c31e92de3b10398dbcaa98c7b0590ab9b69a14dbd5
HurstCycleV6,HurstCycleV6:fb2f5cd4c8be,HurstCycleV6,jaredrsommer/freqtradestrategies,repos/jaredrsommer_freqtradestrategies/HurstCycleV6.py,repos/jaredrsommer_freqtradestrategies/HurstCycleV6.py,repaired,class1,environment_compatibility,,,strict_equivalent,original+compatibility-environment,native,true,false,1558,,false,true,15m,false,true,false,long_only,long_only,true,strategy,futures,futures,futures_long,futures,measured,20200301-20200401,155,0,155,runtime_smoke,sha256_ae8c9b9335a9953419658f2c252edbd86aedede9b3e14a33acb8f7d47faba7e6,runtime_smoke,validated,mode and direction agree with static source evidence,sha256_fb2f5cd4c8be08772fd03bf431a3a1bc369fac752bd9236c522dd9df5b9dfa0a
IchiVwapAdx,IchiVwapAdx:fa6a8a7ff342,IchiVwapAdx,jaredrsommer/freqtradestrategies,repos/jaredrsommer_freqtradestrategies/IchiVwapAdx (2).py,repos/jaredrsommer_freqtradestrategies/IchiVwapAdx (2).py,original,,,,,not_applicable,original,native,true,false,,,false,true,15m,true,true,true,long_short,long_short,true,strategy,futures,futures,futures_long_short,futures,measured,20200301-20200401,155,102,257,runtime_smoke,sha256_ae8c9b9335a9953419658f2c252edbd86aedede9b3e14a33acb8f7d47faba7e6,runtime_smoke,validated,mode and direction agree with static source evidence,sha256_fa6a8a7ff342075d17f9abdf257ea68e9876b2a8dfa64d3ae8471014184cd67f
ImpulseV1,ImpulseV1:c7b4ad70988b,ImpulseV1,jaredrsommer/freqtradestrategies,repos/jaredrsommer_freqtradestrategies/ImpulseV1.py,repos/jaredrsommer_freqtradestrategies/ImpulseV1.py,repaired,class1,environment_compatibility,,,strict_equivalent,original+compatibility-environment,native,true,false,2091,,false,true,5m,absent,true,false,long_only,long_only,false,strategy,unspecified,spot,spot_long,spot,not_run,,,,1097,class1_result_card,,static_code,provisional,mode and direction agree with static source evidence,sha256_c7b4ad70988bd4ffa71f3137e84e63fadd5622ac2e5b0d1ba1fd3314ffb01f3d
KMM,KMM:5509695b33e7,KMM,jaredrsommer/freqtradestrategies,repos/jaredrsommer_freqtradestrategies/KMM.py,repos/jaredrsommer_freqtradestrategies/KMM.py,original,,,blocked_security,,not_applicable,original,native,true,false,,,false,false,15m,false,true,true,long_short,long_only,true,strategy,futures,futures,futures_long,,failed,20200301-20200401,,,,,sha256_ae8c9b9335a9953419658f2c252edbd86aedede9b3e14a33acb8f7d47faba7e6,static_code,review,enter_short is dormant without a literal can_short=true,sha256_5509695b33e7e5daa7680539d3f7d1f819200f392f869218d6fbed20121092f8
KitchenSink,KitchenSink:1330e86714d2,KitchenSink,jaredrsommer/freqtradestrategies,repos/jaredrsommer_freqtradestrategies/KitchenSink (2).py,repair/patched/repos/jaredrsommer_freqtradestrategies/KitchenSink (2).py,repaired,class2,pandas_removed_keywords,,,strict_equivalent,class2-overlay,native,true,false,,,false,false,1h,false,true,true,long_short,long_only,false,strategy,futures,spot,spot_long,,not_run,,,,,freqai_result_card,,static_code,review,enter_short is dormant without a literal can_short=true,sha256_1330e86714d2926c78e60cbe1cefd92d31570a5e55e57e9388dc0943a557e9e5
LorentzianClassification,LorentzianClassification:c6cb24ea2f79,LorentzianClassification,jaredrsommer/freqtradestrategies,repos/jaredrsommer_freqtradestrategies/LorentzianClassification (2).py,repos/jaredrsommer_freqtradestrategies/LorentzianClassification (2).py,original,,,,,not_applicable,original,native,true,true,1815,8804,true,true,1h,absent,true,false,long_only,long_only,false,strategy,unspecified,spot,spot_long,spot,not_run,,,,10619,historical_ledger,,runtime_full,provisional,mode and direction agree with static source evidence,sha256_c6cb24ea2f7902b55e8901cd460b26f20d9b119c2e81d05f6e9f02f22553869e
MKR,MKR:49ae85f6d6ec,MKR,jaredrsommer/freqtradestrategies,repos/jaredrsommer_freqtradestrategies/MKR (3).py,repos/jaredrsommer_freqtradestrategies/MKR (3).py,original,,,,,not_applicable,original,native,true,false,,,false,false,1h,absent,true,false,long_only,long_only,false,strategy,unspecified,spot,spot_long,,not_run,,,,,,,static_code,provisional,mode and direction agree with static source evidence,sha256_49ae85f6d6ec560253394642d6294e6f44a127aca2c77c9e43acd9cec52882e5
MSO,MSO:c8762f3799a2,MSO,jaredrsommer/freqtradestrategies,repos/jaredrsommer_freqtradestrategies/MSO.py,repos/jaredrsommer_freqtradestrategies/MSO.py,original,,,,,not_applicable,original,native,true,true,1752,9901,true,true,1h,absent,true,false,long_only,long_only,false,strategy,unspecified,spot,spot_long,spot,not_run,,,,11653,historical_ledger,,runtime_full,provisional,mode and direction agree with static source evidence,sha256_c8762f3799a21a79d958da0448e621e5422d6ae5e05695394183b5454976b724
NeuroV1,NeuroV1:f97bb1f155fd,NeuroV1,jaredrsommer/freqtradestrategies,repos/jaredrsommer_freqtradestrategies/NeuroV1.py,repos/jaredrsommer_freqtradestrategies/NeuroV1.py,original,,,,,not_applicable,original,native,true,true,1860,7511,true,true,1h,absent,true,true,long_short,long_only,false,strategy,futures,spot,spot_long,spot,not_run,,,,9371,historical_ledger,,runtime_full,review,enter_short is dormant without a literal can_short=true,sha256_f97bb1f155fd74c6bc7083accf334e28b5ca540f9bc4484c0e94f768ff848a95
NOTankAi_17,NOTankAi_17:d1d72095cae0,NOTankAi_17,jaredrsommer/freqtradestrategies,repos/jaredrsommer_freqtradestrategies/NoTankAi_17.py,repos/jaredrsommer_freqtradestrategies/NoTankAi_17.py,original,,,,,not_applicable,original,native,true,false,,,false,true,15m,true,true,true,long_short,long_short,true,strategy,futures,futures,futures_long_short,futures,measured,20200301-20200401,30,21,51,runtime_smoke,sha256_ae8c9b9335a9953419658f2c252edbd86aedede9b3e14a33acb8f7d47faba7e6,runtime_smoke,validated,mode and direction agree with static source evidence,sha256_d1d72095cae0bc356106af96667d74f8871c1327dfc91af49298c1bdd650649f
NOTankAi_19,NOTankAi_19:09c6d6c3812b,NOTankAi_19,jaredrsommer/freqtradestrategies,repos/jaredrsommer_freqtradestrategies/NoTankAi_19_1.py,repos/jaredrsommer_freqtradestrategies/NoTankAi_19_1.py,original,,,,,not_applicable,original,native,true,false,,,false,true,15m,true,true,true,long_short,long_short,true,strategy,futures,futures,futures_long_short,futures,measured,20200301-20200401,105,44,149,runtime_smoke,sha256_ae8c9b9335a9953419658f2c252edbd86aedede9b3e14a33acb8f7d47faba7e6,runtime_smoke,validated,mode and direction agree with static source evidence,sha256_09c6d6c3812bef5bb3b4bb78b897cfb47b0ae1103e4380c0344aede708ced569
OmaGann,OmaGann:aaffac4314de,OmaGann,jaredrsommer/freqtradestrategies,repos/jaredrsommer_freqtradestrategies/OmaGann (2).py,repos/jaredrsommer_freqtradestrategies/OmaGann (2).py,original,,,,,not_applicable,original,native,true,true,2208,8827,true,true,1h,absent,true,true,long_short,long_only,false,strategy,futures,spot,spot_long,spot,not_run,,,,11035,historical_ledger,,runtime_full,review,enter_short is dormant without a literal can_short=true,sha256_aaffac4314decb5c5a84c12eb6d97140b8559bcf1d90e176d4a2a1b4eddd4840
PnF,PnF:e1ac0106dae9,PnF,jaredrsommer/freqtradestrategies,repos/jaredrsommer_freqtradestrategies/PnF (copy).py,repos/jaredrsommer_freqtradestrategies/PnF (copy).py,original,,,,,not_applicable,original,native,true,false,,,false,false,15m,false,true,false,long_only,long_only,false,strategy,unspecified,spot,spot_long,,not_run,,,,,,,static_code,provisional,mode and direction agree with static source evidence,sha256_e1ac0106dae9b204a5e509862d65769f26c2a21a7e1dbb2937b977cbc2e5f319
TD,TD:aa5f353feb76,TD,jaredrsommer/freqtradestrategies,repos/jaredrsommer_freqtradestrategies/TD.py,repos/jaredrsommer_freqtradestrategies/TD.py,repaired,class1,environment_compatibility,,,strict_equivalent,original+compatibility-environment,native,true,false,,,false,true,2h,absent,true,false,long_only,long_only,false,strategy,unspecified,spot,spot_long,spot,not_run,,,,6164,class1_result_card,,static_code,provisional,mode and direction agree with static source evidence,sha256_aa5f353feb7619e29c7effd98d104acd002b9774391cb48f60ae6d28a0f78771
TGMA,TGMA:b16afc1c9ecd,TGMA,jaredrsommer/freqtradestrategies,repos/jaredrsommer_freqtradestrategies/TGMA.py,repos/jaredrsommer_freqtradestrategies/TGMA.py,original,,,,,not_applicable,original,native,true,true,1766,6907,true,true,1h,false,true,false,long_only,long_only,false,strategy,unspecified,spot,spot_long,spot,not_run,,,,8673,historical_ledger,,runtime_full,provisional,mode and direction agree with static source evidence,sha256_b16afc1c9ecd4e58bf3c83310a11b439d6dca9d140e3f19ecf564c7479bc5484
TSPredict,TSPredict:c4169a4567fe,TSPredict,jaredrsommer/freqtradestrategies,repos/jaredrsommer_freqtradestrategies/TSPredict.py,user_data/profile_repairs/TSPredict.py,repaired,class2,pandas_writable_numpy,applied,restore_copied_local_module,strict_equivalent,profile-class2-overlay,native,true,false,,,false,true,1m,false,true,true,long_short,long_only,true,strategy,futures,futures,futures_long,futures,measured,20200301-20200401,0,0,0,runtime_smoke,sha256_ae8c9b9335a9953419658f2c252edbd86aedede9b3e14a33acb8f7d47faba7e6,runtime_smoke,review,enter_short is dormant without a literal can_short=true,sha256_c4169a4567fed0e84595fd4351124973acb36335cd4185707e8516cb29d1c08e
TankAi,TankAi:1b3f87e3240a,TankAi,jaredrsommer/freqtradestrategies,repos/jaredrsommer_freqtradestrategies/TankAi.py,repos/jaredrsommer_freqtradestrategies/TankAi.py,original,,,,,not_applicable,original,native,true,false,,,false,false,30m,false,true,false,long_only,long_only,false,strategy,unspecified,spot,spot_long,,not_run,,,,,,,static_code,provisional,mode and direction agree with static source evidence,sha256_1b3f87e3240a5515f7810a3df1ca3e5904b530dd0c3c7dc839d5aac0a7c8653d
TankAiRevival,TankAiRevival:17c10a7b15de,TankAiRevival,jaredrsommer/freqtradestrategies,repos/jaredrsommer_freqtradestrategies/TankAiRevival.py,repos/jaredrsommer_freqtradestrategies/TankAiRevival.py,original,,,,,not_applicable,original,native,true,false,,,false,false,30m,false,true,false,long_only,long_only,false,strategy,unspecified,spot,spot_long,,not_run,,,,,,,static_code,provisional,mode and direction agree with static source evidence,sha256_17c10a7b15deace53c67f20d1e4acf13a3ca8758526a44238d63acdfa5e30fb5
TwoCandle,TwoCandle:461de9e30dbf,TwoCandle,jaredrsommer/freqtradestrategies,repos/jaredrsommer_freqtradestrategies/TwoCandle.py,repos/jaredrsommer_freqtradestrategies/TwoCandle.py,original,,,,,not_applicable,original,native,true,true,8368,10567,true,true,1h,absent,true,false,long_only,long_only,false,strategy,unspecified,spot,spot_long,spot,not_run,,,,18935,historical_ledger,,runtime_full,provisional,mode and direction agree with static source evidence,sha256_461de9e30dbfec9d93ec25c5fbbad201ff39e887eced6edbf942a6045f2940c4
TwoCandleTheory,TwoCandleTheory:6986bca4e8c7,TwoCandleTheory,jaredrsommer/freqtradestrategies,repos/jaredrsommer_freqtradestrategies/TwoCandleTheory (2).py,repos/jaredrsommer_freqtradestrategies/TwoCandleTheory (2).py,original,,,,,not_applicable,original,native,true,false,,,false,false,5m,false,true,true,long_short,long_only,false,strategy,futures,spot,spot_long,,not_run,,,,,,,static_code,review,enter_short is dormant without a literal can_short=true,sha256_6986bca4e8c7cd66cefd93c8b4ff043e9db2b8b8dfa5056baba9cf2fa915f9e3
WTAI,WTAI:6d04438de623,WTAI,jaredrsommer/freqtradestrategies,repos/jaredrsommer_freqtradestrategies/WTAI.py,repos/jaredrsommer_freqtradestrategies/WTAI.py,original,,,,,not_applicable,original,native,true,false,,,false,false,15m,absent,true,false,long_only,long_only,false,strategy,unspecified,spot,spot_long,,not_run,,,,,,,static_code,provisional,mode and direction agree with static source evidence,sha256_6d04438de623af13615b5e349debb6d46468eb197cf98ee159d5d4f4b916025c
WTHO,WTHO:7af6a1aa9c15,WTHO,jaredrsommer/freqtradestrategies,repos/jaredrsommer_freqtradestrategies/WTHO.py,repos/jaredrsommer_freqtradestrategies/WTHO.py,original,,,,,not_applicable,original,native,true,false,,,false,false,2h,absent,true,false,long_only,long_only,false,strategy,unspecified,spot,spot_long,,not_run,,,,,,,static_code,provisional,mode and direction agree with static source evidence,sha256_7af6a1aa9c1577d80017db12695551329e3b20b567559e100f5b99394daa7414
WTRSIAI,WTRSIAI:071d8b0b26eb,WTRSIAI,jaredrsommer/freqtradestrategies,repos/jaredrsommer_freqtradestrategies/WTRSIAI.py,repos/jaredrsommer_freqtradestrategies/WTRSIAI.py,original,,,,,not_applicable,original,native,true,false,,,false,false,1h,absent,true,false,long_only,long_only,false,strategy,unspecified,spot,spot_long,,not_run,,,,,,,static_code,provisional,mode and direction agree with static source evidence,sha256_071d8b0b26eb640f42eefe142e561adf5c0357eeb483423fb804c7117d3a7e45
thetank2,thetank2:21a65f749e60,thetank2,jaredrsommer/freqtradestrategies,repos/jaredrsommer_freqtradestrategies/battletank.py,repos/jaredrsommer_freqtradestrategies/battletank.py,original,,,,,not_applicable,original,native,true,false,,,false,false,15m,absent,true,false,long_only,long_only,false,strategy,unspecified,spot,spot_long,,not_run,,,,,,,static_code,provisional,mode and direction agree with static source evidence,sha256_21a65f749e603341e0709fb59686d3c03d8cc6948cfe5d5dc5826eba1bc9467f
cryptotank,cryptotank:41383d412b01,cryptotank,jaredrsommer/freqtradestrategies,repos/jaredrsommer_freqtradestrategies/cryptotank.py,repos/jaredrsommer_freqtradestrategies/cryptotank.py,original,,,,,not_applicable,original,native,true,true,510,1802,true,true,1h,absent,true,false,long_only,long_only,false,strategy,unspecified,spot,spot_long,spot,not_run,,,,2312,historical_ledger,,runtime_full,provisional,mode and direction agree with static source evidence,sha256_41383d412b015edafd07676249cc3420694f60719a931e20f7cee433793d5d23
cryptotankV2,cryptotankV2:03462ce6dd61,cryptotankV2,jaredrsommer/freqtradestrategies,repos/jaredrsommer_freqtradestrategies/cryptotankV2.py,repos/jaredrsommer_freqtradestrategies/cryptotankV2.py,repaired,class1,environment_compatibility,,,strict_equivalent,original+compatibility-environment,native,true,false,1279,,false,true,5m,absent,true,false,long_only,long_only,false,strategy,unspecified,spot,spot_long,spot,not_run,,,,770,class1_result_card,,static_code,provisional,mode and direction agree with static source evidence,sha256_03462ce6dd610adef0198485ed3008839d67cc21ff277642e2077d71ff8c1aec
cryptotankV5,cryptotankV5:4b4c5a0ba78c,cryptotankV5,jaredrsommer/freqtradestrategies,repos/jaredrsommer_freqtradestrategies/cryptotankV5.py,repos/jaredrsommer_freqtradestrategies/cryptotankV5.py,original,,,,,not_applicable,original,native,true,true,946,3836,true,true,15m,absent,true,false,long_only,long_only,false,strategy,unspecified,spot,spot_long,spot,not_run,,,,4782,historical_ledger,,runtime_full,provisional,mode and direction agree with static source evidence,sha256_4b4c5a0ba78c0c38165033defa1d9a9960a3e9b256f2ab38ec99951905396e2b
eltoro,eltoro:b5c100d910d9,eltoro,jaredrsommer/freqtradestrategies,repos/jaredrsommer_freqtradestrategies/eltoro.py,repos/jaredrsommer_freqtradestrategies/eltoro.py,original,,,,,not_applicable,original,native,true,true,777,2927,true,true,15m,absent,true,false,long_only,long_only,false,strategy,unspecified,spot,spot_long,spot,not_run,,,,3704,historical_ledger,,runtime_full,provisional,mode and direction agree with static source evidence,sha256_b5c100d910d9124d1d550444422fe0b62f02063d707a2499c581a4031646a536
eltoro1_4,eltoro1_4:d0c12172db1a,eltoro1_4,jaredrsommer/freqtradestrategies,repos/jaredrsommer_freqtradestrategies/eltoro1_4 (copy).py,repos/jaredrsommer_freqtradestrategies/eltoro1_4 (copy).py,original,,,,,not_applicable,original,native,true,true,460,1933,true,true,1h,absent,true,false,long_only,long_only,false,strategy,unspecified,spot,spot_long,spot,not_run,,,,2393,historical_ledger,,runtime_full,provisional,mode and direction agree with static source evidence,sha256_d0c12172db1a627b94628f41e04f0f3a75ba5bcb613f1dd93e5ee5eaebf524ab
eltoro1_4_simple,eltoro1_4_simple:cbce3878912e,eltoro1_4_simple,jaredrsommer/freqtradestrategies,repos/jaredrsommer_freqtradestrategies/eltoro1_4_simple.py,repos/jaredrsommer_freqtradestrategies/eltoro1_4_simple.py,original,,,,,not_applicable,original,native,true,true,496,1921,true,true,15m,absent,true,false,long_only,long_only,false,strategy,unspecified,spot,spot_long,spot,not_run,,,,2417,historical_ledger,,runtime_full,provisional,mode and direction agree with static source evidence,sha256_cbce3878912efb5ed0953b070b4838b22dcf935e23627d6a4cc36421d1d093e5
grad,grad:39dd0c89ec99,grad,jaredrsommer/freqtradestrategies,repos/jaredrsommer_freqtradestrategies/grad (copy).py,repos/jaredrsommer_freqtradestrategies/grad (copy).py,original,,,,,not_applicable,original,native,true,true,6173,20915,true,true,1h,false,true,false,long_only,long_only,false,strategy,unspecified,spot,spot_long,spot,not_run,,,,27088,historical_ledger,,runtime_full,provisional,mode and direction agree with static source evidence,sha256_39dd0c89ec99385e28c35ab91126987a604443fa032e770afae5ad002c6ad8e0
haGradient,haGradient:ebeacb1830a6,haGradient,jaredrsommer/freqtradestrategies,repos/jaredrsommer_freqtradestrategies/haGradient (copy).py,repos/jaredrsommer_freqtradestrategies/haGradient (copy).py,original,,,,,not_applicable,original,native,true,false,,,false,true,15m,true,true,false,long_only,long_only,false,strategy,futures,futures,futures_long,futures,measured,20200301-20200401,38,0,38,runtime_smoke,sha256_ae8c9b9335a9953419658f2c252edbd86aedede9b3e14a33acb8f7d47faba7e6,runtime_smoke,review,can_short=true but no explicit enter_short write,sha256_ebeacb1830a66aef5f0aa0e8ad1c77eaf81a6ec1dbe52627e3670b0272548e02
kalthetank,kalthetank:07482022a935,kalthetank,jaredrsommer/freqtradestrategies,repos/jaredrsommer_freqtradestrategies/kalthetank (2).py,repos/jaredrsommer_freqtradestrategies/kalthetank (2).py,original,,,,,not_applicable,original,native,true,true,39,,false,true,1h,false,true,false,long_only,long_only,false,strategy,unspecified,spot,spot_long,spot,not_run,,,,172,original_result_card,,runtime_full,provisional,mode and direction agree with static source evidence,sha256_07482022a9351fae7fdc25277a0b62c8a046d2f9c74b7ba5fa49c164262e311a
lambotest,lambotest:2a23b45656c7,lambotest,jaredrsommer/freqtradestrategies,repos/jaredrsommer_freqtradestrategies/lambo_testing.py,repos/jaredrsommer_freqtradestrategies/lambo_testing.py,original,,,,,not_applicable,original,native,true,true,6064,14050,true,true,5m,absent,true,false,long_only,long_only,false,strategy,unspecified,spot,spot_long,spot,not_run,,,,20114,historical_ledger,,runtime_full,provisional,mode and direction agree with static source evidence,sha256_2a23b45656c729a535558ef7493408533e9ee58089f792623d52b550efe39dbd
moonhouse,moonhouse:92e3da7800ab,moonhouse,jaredrsommer/freqtradestrategies,repos/jaredrsommer_freqtradestrategies/moonhouse.py,repos/jaredrsommer_freqtradestrategies/moonhouse.py,original,,,,,not_applicable,original,native,true,true,13,83,true,true,1d,absent,true,false,long_only,long_only,false,strategy,unspecified,spot,spot_long,spot,not_run,,,,96,historical_ledger,,runtime_full,provisional,mode and direction agree with static source evidence,sha256_92e3da7800abb7392fa5bd8c2e6902770cf593854a8aa3748cac0777a6bb8405
pcb20,pcb20:3e410200fd86,pcb20,jaredrsommer/freqtradestrategies,repos/jaredrsommer_freqtradestrategies/pcb20.py,repos/jaredrsommer_freqtradestrategies/pcb20.py,repaired,class1,environment_compatibility,,,strict_equivalent,original+compatibility-environment,native,true,false,,,false,true,6h,absent,true,false,long_only,long_only,false,strategy,unspecified,spot,spot_long,spot,not_run,,,,2698,class1_result_card,,static_code,provisional,mode and direction agree with static source evidence,sha256_3e410200fd866339971ebaf78d0f27e1ed47d830523bac35cc8e6bf18686f560
qrsi,qrsi:12f29e1936ac,qrsi,jaredrsommer/freqtradestrategies,repos/jaredrsommer_freqtradestrategies/qrsi.py,repos/jaredrsommer_freqtradestrategies/qrsi.py,original,,,,,not_applicable,original,native,true,false,,,false,false,15m,absent,true,true,long_short,long_only,false,strategy,futures,spot,spot_long,,not_run,,,,,,,static_code,review,enter_short is dormant without a literal can_short=true,sha256_12f29e1936ac248f74b62a150b32c7ddfc960dba76928dd3c559e338398eada1
slope_is_dopeCT,slope_is_dopeCT:515c459225a6,slope_is_dopeCT,jaredrsommer/freqtradestrategies,repos/jaredrsommer_freqtradestrategies/slope_is_dopeCT.py,repos/jaredrsommer_freqtradestrategies/slope_is_dopeCT.py,original,,,,,not_applicable,original,native,true,true,114,707,true,true,15m,absent,true,false,long_only,long_only,false,strategy,unspecified,spot,spot_long,spot,not_run,,,,821,historical_ledger,,runtime_full,provisional,mode and direction agree with static source evidence,sha256_515c459225a645bbe93cf8c6b9df91c2a2af1a0a24ffe5099c93428d4e3a093d
tacos,tacos:ae8314bb1591,tacos,jaredrsommer/freqtradestrategies,repos/jaredrsommer_freqtradestrategies/tacos.py,repos/jaredrsommer_freqtradestrategies/tacos.py,original,,,,,not_applicable,original,native,true,true,198,683,true,true,1d,absent,true,false,long_only,long_only,false,strategy,unspecified,spot,spot_long,spot,not_run,,,,881,historical_ledger,,runtime_full,provisional,mode and direction agree with static source evidence,sha256_ae8314bb1591b0baa3817f038e2d8655f79a9ac87f618279700b3a0dd3a01c2a
tacos1,tacos1:5b2302553b14,tacos1,jaredrsommer/freqtradestrategies,repos/jaredrsommer_freqtradestrategies/tacos1.py,repos/jaredrsommer_freqtradestrategies/tacos1.py,original,,,,,not_applicable,original,native,true,false,,,false,false,6h,absent,true,false,long_only,long_only,false,strategy,unspecified,spot,spot_long,,not_run,,,,,,,static_code,provisional,mode and direction agree with static source evidence,sha256_5b2302553b14209a6f3e6545ab062109dddb808bb2140e30f59e420e2e7db72a
thetank3,thetank3:2466965f729d,thetank3,jaredrsommer/freqtradestrategies,repos/jaredrsommer_freqtradestrategies/thetank3.py,repos/jaredrsommer_freqtradestrategies/thetank3.py,original,,,,,not_applicable,original,native,true,true,1946,6674,true,true,15m,absent,true,false,long_only,long_only,false,strategy,unspecified,spot,spot_long,spot,not_run,,,,8620,historical_ledger,,runtime_full,provisional,mode and direction agree with static source evidence,sha256_2466965f729da9c25b8b4dd4fb9d5234d999fd08ca9350ff8524b819d4d4477f
thetank4TV,thetank4TV:9fe5ddb64e11,thetank4TV,jaredrsommer/freqtradestrategies,repos/jaredrsommer_freqtradestrategies/thetank4TV.py,repos/jaredrsommer_freqtradestrategies/thetank4TV.py,original,,,,,not_applicable,original,native,true,true,549,2474,true,true,15m,absent,true,false,long_only,long_only,false,strategy,unspecified,spot,spot_long,spot,not_run,,,,3023,historical_ledger,,runtime_full,provisional,mode and direction agree with static source evidence,sha256_9fe5ddb64e11e81e638af5bd173373d02d1ef2b807d50ac3599083118700649d
tsp0chicken,tsp0chicken:9a34b8c85979,tsp0chicken,jaredrsommer/freqtradestrategies,repos/jaredrsommer_freqtradestrategies/tsp0chicken.py,user_data/profile_repairs/tsp0chicken.py,repaired,class2,pandas_writable_numpy,applied,restore_copied_local_module,strict_equivalent,profile-class2-overlay,native,true,false,,,false,true,5m,false,true,true,long_short,long_only,true,strategy,futures,futures,futures_long,futures,measured,20200301-20200401,0,0,0,runtime_smoke,sha256_ae8c9b9335a9953419658f2c252edbd86aedede9b3e14a33acb8f7d47faba7e6,runtime_smoke,review,enter_short is dormant without a literal can_short=true,sha256_9a34b8c859793b0577d22898005970549eee9f8d857328e68eec125ef4ee6e4b
turbov8,turbov8:aa8407aa2b70,turbov8,jaredrsommer/freqtradestrategies,repos/jaredrsommer_freqtradestrategies/turbov8.py,repos/jaredrsommer_freqtradestrategies/turbov8.py,original,,,,,not_applicable,original,native,true,false,,,false,false,5m,absent,true,false,long_only,long_only,false,strategy,unspecified,spot,spot_long,,not_run,,,,,,,static_code,provisional,mode and direction agree with static source evidence,sha256_aa8407aa2b70cd67280d6cb8025acc35f67e6f2df922721815c071b16eb44778
ultratank,ultratank:2f0bd946b72a,ultratank,jaredrsommer/freqtradestrategies,repos/jaredrsommer_freqtradestrategies/ultratank (copy).py,repos/jaredrsommer_freqtradestrategies/ultratank (copy).py,original,,,,,not_applicable,original,native,true,true,685,2391,true,true,1h,absent,true,false,long_only,long_only,false,strategy,unspecified,spot,spot_long,spot,not_run,,,,3076,historical_ledger,,runtime_full,provisional,mode and direction agree with static source evidence,sha256_2f0bd946b72a0521fd6b82bb314017737b65ffe87b891fc935a62be07bbb7578
wavetrend,wavetrend:ae86c4964e9d,wavetrend,jaredrsommer/freqtradestrategies,repos/jaredrsommer_freqtradestrategies/wavetrend.py,repos/jaredrsommer_freqtradestrategies/wavetrend.py,original,,,,,not_applicable,original,native,true,true,963,3728,true,true,1h,absent,true,false,long_only,long_only,false,strategy,unspecified,spot,spot_long,spot,not_run,,,,4691,historical_ledger,,runtime_full,provisional,mode and direction agree with static source evidence,sha256_ae86c4964e9de4bf33474b0950b2d8a78952787608a4a9443eb31061b20191fa
wavetrend_rsi,wavetrend_rsi:580f3de9c8ed,wavetrend_rsi,jaredrsommer/freqtradestrategies,repos/jaredrsommer_freqtradestrategies/wavetrend_rsi.py,repos/jaredrsommer_freqtradestrategies/wavetrend_rsi.py,original,,,,,not_applicable,original,native,true,true,1196,4044,true,true,1h,absent,true,false,long_only,long_only,false,strategy,unspecified,spot,spot_long,spot,not_run,,,,5240,historical_ledger,,runtime_full,provisional,mode and direction agree with static source evidence,sha256_580f3de9c8edf59b829e28a535247c025037e44e1f7c663987c848b22d394ac3
RLAgentStrategy,RLAgentStrategy:174aea157e75,RLAgentStrategy,jerome-benoit/freqai-strategies,repos/jerome-benoit_freqai-strategies/ReforceXY/user_data/strategies/RLAgentStrategy.py,repos/jerome-benoit_freqai-strategies/ReforceXY/user_data/strategies/RLAgentStrategy.py,original,,,partial,restore_author_config,not_applicable,original,native,true,false,,,false,false,,absent,true,true,long_short,long_only,true,strategy,futures,futures,futures_long,,failed,20200301-20200401,,,,,sha256_86395c4172167a740245186debe8e83e69836ec1fbc178690c4185965672cc33,static_code,review,enter_short is dormant without a literal can_short=true,sha256_174aea157e754c56c5995030a9f8c4db89610551533bba321001c66bec9c8c1c
FileLoadingStrategy,FileLoadingStrategy:b284635634ec,FileLoadingStrategy,keithorange/FreqTradeCustomOrders,repos/keithorange_FreqTradeCustomOrders/file_loading_strategy.py,repos/keithorange_FreqTradeCustomOrders/file_loading_strategy.py,original,,,,,not_applicable,original,native,true,false,,,false,false,,absent,true,false,long_only,long_only,false,strategy,unspecified,spot,spot_long,,not_run,,,,,,,static_code,provisional,mode and direction agree with static source evidence,sha256_b284635634ec6135c83f53ae797e0c622abf02b07ff05a7f1ff4fa4d1209eb1b
FreqaiExampleHybridStrategy,FreqaiExampleHybridStrategy:d73c506d5d96,FreqaiExampleHybridStrategy,markdregan/FreqAI-Marcos-Lopez-De-Prado,repos/markdregan_FreqAI-Marcos-Lopez-De-Prado/freqtrade/templates/FreqaiExampleHybridStrategy.py,repos/markdregan_FreqAI-Marcos-Lopez-De-Prado/freqtrade/templates/FreqaiExampleHybridStrategy.py,original,,,partial,restore_author_config,not_applicable,original,native,true,false,,,false,false,,true,true,true,long_short,long_short,false,strategy,futures,futures,futures_long_short,,failed,20200301-20200401,,,,,sha256_c3d9dd4fc7f3ff0712a7fd7028127d73a91d4b5ba205599a57eade8911d7acd7,static_code,provisional,mode and direction agree with static source evidence,sha256_d73c506d5d962e8f12479496b48f7e48d50dfa528cfc597246554ab3cea64a43
TestStrategyNoImplements,TestStrategyNoImplements:51fa5dd7dbd2,TestStrategyNoImplements,markdregan/FreqAI-Marcos-Lopez-De-Prado,repos/markdregan_FreqAI-Marcos-Lopez-De-Prado/tests/strategy/strats/broken_strats/broken_futures_strategies.py,repos/markdregan_FreqAI-Marcos-Lopez-De-Prado/tests/strategy/strats/broken_strats/broken_futures_strategies.py,original,,,,,not_applicable,original,native,true,false,,,false,false,,absent,false,false,unknown,unknown,false,test_candidate,futures,futures,unknown,,not_run,,,,,,,metadata,review,no explicit long or short entry write; futures intent inferred only from path/name,sha256_51fa5dd7dbd2fcd2838e36c54feb3d977ac6960ba5aa14fb664c0fa99d5e4cf2
TestStrategyLegacyV1,TestStrategyLegacyV1:758711885d2b,TestStrategyLegacyV1,markdregan/FreqAI-Marcos-Lopez-De-Prado,repos/markdregan_FreqAI-Marcos-Lopez-De-Prado/tests/strategy/strats/broken_strats/legacy_strategy_v1.py,repos/markdregan_FreqAI-Marcos-Lopez-De-Prado/tests/strategy/strats/broken_strats/legacy_strategy_v1.py,original,,,,,not_applicable,original,native,true,false,,,false,false,5m,absent,true,false,long_only,long_only,false,test_candidate,unspecified,spot,spot_long,,not_run,,,,,,,static_code,provisional,mode and direction agree with static source evidence,sha256_758711885d2bc869939cdea5f8ad64f0398c70e0c9f4a369e02e347c2bcea5b6
freqai_rl_test_strat,freqai_rl_test_strat:f3d475b41060,freqai_rl_test_strat,markdregan/FreqAI-Marcos-Lopez-De-Prado,repos/markdregan_FreqAI-Marcos-Lopez-De-Prado/tests/strategy/strats/freqai_rl_test_strat.py,repos/markdregan_FreqAI-Marcos-Lopez-De-Prado/tests/strategy/strats/freqai_rl_test_strat.py,original,,,,,not_applicable,original,native,true,false,,,false,false,,false,true,true,long_short,long_only,false,test_candidate,futures,spot,spot_long,,not_run,,,,,,,static_code,review,enter_short is dormant without a literal can_short=true,sha256_f3d475b410603728a4029add5076ee5c2019d7b384c2cd2568bcd5114d10a115
freqai_test_classifier,freqai_test_classifier:1b839f881104,freqai_test_classifier,markdregan/FreqAI-Marcos-Lopez-De-Prado,repos/markdregan_FreqAI-Marcos-Lopez-De-Prado/tests/strategy/strats/freqai_test_classifier.py,repos/markdregan_FreqAI-Marcos-Lopez-De-Prado/tests/strategy/strats/freqai_test_classifier.py,original,,,,,not_applicable,original,native,true,false,,,false,false,,false,true,true,long_short,long_only,false,test_candidate,futures,spot,spot_long,,not_run,,,,,,,static_code,review,enter_short is dormant without a literal can_short=true,sha256_1b839f881104d313e0a82315002161d9609bf768e5d72d0317dc7546e7d6eb22
freqai_test_multimodel_classifier_strat,freqai_test_multimodel_classifier_strat:564e531102df,freqai_test_multimodel_classifier_strat,markdregan/FreqAI-Marcos-Lopez-De-Prado,repos/markdregan_FreqAI-Marcos-Lopez-De-Prado/tests/strategy/strats/freqai_test_multimodel_classifier_strat.py,repos/markdregan_FreqAI-Marcos-Lopez-De-Prado/tests/strategy/strats/freqai_test_multimodel_classifier_strat.py,original,,,,,not_applicable,original,native,true,false,,,false,false,,false,true,true,long_short,long_only,false,test_candidate,futures,spot,spot_long,,not_run,,,,,,,static_code,review,enter_short is dormant without a literal can_short=true,sha256_564e531102df4843c2db03d2b647d9ba0fa7cd0c31a28673369c94ab632a7502
freqai_test_multimodel_strat,freqai_test_multimodel_strat:72c7222befb3,freqai_test_multimodel_strat,markdregan/FreqAI-Marcos-Lopez-De-Prado,repos/markdregan_FreqAI-Marcos-Lopez-De-Prado/tests/strategy/strats/freqai_test_multimodel_strat.py,repos/markdregan_FreqAI-Marcos-Lopez-De-Prado/tests/strategy/strats/freqai_test_multimodel_strat.py,original,,,,,not_applicable,original,native,true,false,,,false,false,,false,true,true,long_short,long_only,false,test_candidate,futures,spot,spot_long,,not_run,,,,,,,static_code,review,enter_short is dormant without a literal can_short=true,sha256_72c7222befb3dac656abde65595e9c824af2ab2f1eb75c9715e6a0920a86beaf
freqai_test_strat,freqai_test_strat:c13382d01f88,freqai_test_strat,markdregan/FreqAI-Marcos-Lopez-De-Prado,repos/markdregan_FreqAI-Marcos-Lopez-De-Prado/tests/strategy/strats/freqai_test_strat.py,repos/markdregan_FreqAI-Marcos-Lopez-De-Prado/tests/strategy/strats/freqai_test_strat.py,original,,,,,not_applicable,original,native,true,false,,,false,false,,false,true,true,long_short,long_only,false,test_candidate,futures,spot,spot_long,,not_run,,,,,,,static_code,review,enter_short is dormant without a literal can_short=true,sha256_c13382d01f88752d3ee02fd02dcf2cf5992a1fd3a93fcd2915dfa90a477adfbe
InformativeDecoratorTest,InformativeDecoratorTest:223161d6b0e1,InformativeDecoratorTest,markdregan/FreqAI-Marcos-Lopez-De-Prado,repos/markdregan_FreqAI-Marcos-Lopez-De-Prado/tests/strategy/strats/informative_decorator_strategy.py,repos/markdregan_FreqAI-Marcos-Lopez-De-Prado/tests/strategy/strats/informative_decorator_strategy.py,original,,,,,not_applicable,original,native,true,false,,,false,false,5m,absent,true,false,long_only,long_only,false,test_candidate,unspecified,spot,spot_long,,not_run,,,,,,,static_code,provisional,mode and direction agree with static source evidence,sha256_223161d6b0e16a0d6b4f2d63299c13c9ff58c6eeee65db67b075876e41cf3a7b
StrategyTestV2,StrategyTestV2:af19a0888d23,StrategyTestV2,markdregan/FreqAI-Marcos-Lopez-De-Prado,repos/markdregan_FreqAI-Marcos-Lopez-De-Prado/tests/strategy/strats/strategy_test_v2.py,repos/markdregan_FreqAI-Marcos-Lopez-De-Prado/tests/strategy/strats/strategy_test_v2.py,original,,,,,not_applicable,original,native,true,true,6303,19767,true,true,5m,absent,true,false,long_only,long_only,false,test_candidate,unspecified,spot,spot_long,spot,not_run,,,,26070,historical_ledger,,runtime_full,provisional,mode and direction agree with static source evidence,sha256_af19a0888d23c1a6cdf1c91a6e943c377d00e5dcf9eebe0252894a7e028b99f8
StrategyTestV3,StrategyTestV3:94fc2208a342,StrategyTestV3,markdregan/FreqAI-Marcos-Lopez-De-Prado,repos/markdregan_FreqAI-Marcos-Lopez-De-Prado/tests/strategy/strats/strategy_test_v3.py,repos/markdregan_FreqAI-Marcos-Lopez-De-Prado/tests/strategy/strats/strategy_test_v3.py,original,,,,,not_applicable,original,native,true,true,9893,23422,true,true,5m,absent,true,true,long_short,long_only,true,test_candidate,futures,both,futures_long,spot;futures,measured,20200301-20200401,818,0,818,runtime_smoke,sha256_ae8c9b9335a9953419658f2c252edbd86aedede9b3e14a33acb8f7d47faba7e6,runtime_full,review,enter_short is dormant without a literal can_short=true; historical spot run succeeded despite futures intent,sha256_94fc2208a3429b540b9f7e419690913a1853c0b2ab61da946938df8453a62ed1
LitmusMLDPStrategy,LitmusMLDPStrategy:53e3331fc06d,LitmusMLDPStrategy,markdregan/FreqAI-Marcos-Lopez-De-Prado,repos/markdregan_FreqAI-Marcos-Lopez-De-Prado/user_data/strategies/LitmusMLDPStrategy.py,repos/markdregan_FreqAI-Marcos-Lopez-De-Prado/user_data/strategies/LitmusMLDPStrategy.py,original,,,partial,restore_author_package_extension;restore_author_config,not_applicable,original,native,true,false,,,false,false,,true,true,true,long_short,long_short,true,strategy,futures,futures,futures_long_short,,failed,20200301-20200401,,,,,sha256_84f87af6e183f1575179d41861499b677d68174f0e0e5e78eb59dc76cb7fa90a,static_code,provisional,mode and direction agree with static source evidence,sha256_53e3331fc06d39864fb9e17b47b20f864d87d66506bca3003852baecaaee64a3
LitmusMinMaxBroadClassificationStrategy,LitmusMinMaxBroadClassificationStrategy:5f4d906d5e5a,LitmusMinMaxBroadClassificationStrategy,markdregan/FreqAI-Marcos-Lopez-De-Prado,repos/markdregan_FreqAI-Marcos-Lopez-De-Prado/user_data/strategies/LitmusMinMaxBroadClassificationStrategy.py,repos/markdregan_FreqAI-Marcos-Lopez-De-Prado/user_data/strategies/LitmusMinMaxBroadClassificationStrategy.py,original,,,partial,restore_author_package_extension;restore_author_config,not_applicable,original,native,true,false,,,false,false,,true,true,true,long_short,long_short,true,strategy,futures,futures,futures_long_short,,failed,20200301-20200401,,,,,sha256_269a2e80a84ea62f4ed851792926dc44d4380c1ae0e3b47df7989a78c1605779,static_code,provisional,mode and direction agree with static source evidence,sha256_5f4d906d5e5a15ab584855c255c14d4947ffebeea616754c6a5f7c376482aec0
LitmusMinMaxStrategy,LitmusMinMaxStrategy:5033252dca2f,LitmusMinMaxStrategy,markdregan/FreqAI-Marcos-Lopez-De-Prado,repos/markdregan_FreqAI-Marcos-Lopez-De-Prado/user_data/strategies/LitmusMinMaxStrategy.py,repos/markdregan_FreqAI-Marcos-Lopez-De-Prado/user_data/strategies/LitmusMinMaxStrategy.py,original,,,partial,restore_author_package_extension;restore_author_config,not_applicable,original,native,true,false,,,false,false,,true,true,true,long_short,long_short,true,strategy,futures,futures,futures_long_short,,failed,20200301-20200401,,,,,sha256_902b14e4173f2deff3422b0a3107c7d2b4a43a6a84989a21e90cb4da7eb97640,static_code,provisional,mode and direction agree with static source evidence,sha256_5033252dca2f8804ad8b48ba2148baaa2404c8ac3d2731db8c368ada1e6c16b4
LitmusMinMaxTrendStrategy,LitmusMinMaxTrendStrategy:a1af3a42de96,LitmusMinMaxTrendStrategy,markdregan/FreqAI-Marcos-Lopez-De-Prado,repos/markdregan_FreqAI-Marcos-Lopez-De-Prado/user_data/strategies/LitmusMinMaxTrendStrategy.py,repos/markdregan_FreqAI-Marcos-Lopez-De-Prado/user_data/strategies/LitmusMinMaxTrendStrategy.py,original,,,partial,restore_author_package_extension,not_applicable,original,native,true,false,,,false,false,,true,true,true,long_short,long_short,true,strategy,futures,futures,futures_long_short,,failed,20200301-20200401,,,,,sha256_ae8c9b9335a9953419658f2c252edbd86aedede9b3e14a33acb8f7d47faba7e6,static_code,provisional,mode and direction agree with static source evidence,sha256_a1af3a42de963bbdbfa970fdba5b0c6960934d5e15c1a61842ce9c277eae7e1e
LitmusSimpleStrategy,LitmusSimpleStrategy:6f8027fe2f0d,LitmusSimpleStrategy,markdregan/FreqAI-Marcos-Lopez-De-Prado,repos/markdregan_FreqAI-Marcos-Lopez-De-Prado/user_data/strategies/LitmusSimpleStrategy.py,repair/patched/repos/markdregan_FreqAI-Marcos-Lopez-De-Prado/user_data/strategies/LitmusSimpleStrategy.py,repaired,class2,pandas_removed_keywords,blocked_missing_dependency,restore_author_package_extension,strict_equivalent,class2-overlay,native,true,false,,,false,false,,true,true,true,long_short,long_short,true,strategy,futures,futures,futures_long_short,,failed,20200301-20200401,,,,freqai_result_card,sha256_ae8c9b9335a9953419658f2c252edbd86aedede9b3e14a33acb8f7d47faba7e6,static_code,provisional,mode and direction agree with static source evidence,sha256_6f8027fe2f0df02ff851a27723fdc67343f2a54c342f15dba230dcbe88d8e56b
CopyLitmusMinMaxBroadClassificationStrategy,CopyLitmusMinMaxBroadClassificationStrategy:871c27882e0c,CopyLitmusMinMaxBroadClassificationStrategy,markdregan/FreqAI-Marcos-Lopez-De-Prado,repos/markdregan_FreqAI-Marcos-Lopez-De-Prado/user_data/strategies/deprecated/CopyLitmusMinMaxBroadClassificationStrategy.py,repos/markdregan_FreqAI-Marcos-Lopez-De-Prado/user_data/strategies/deprecated/CopyLitmusMinMaxBroadClassificationStrategy.py,original,,,partial,restore_author_package_extension;restore_author_config,not_applicable,original,native,true,false,,,false,false,,true,true,true,long_short,long_short,true,strategy,futures,futures,futures_long_short,,failed,20200301-20200401,,,,,sha256_269a2e80a84ea62f4ed851792926dc44d4380c1ae0e3b47df7989a78c1605779,static_code,provisional,mode and direction agree with static source evidence,sha256_871c27882e0c92b6ba1f249e0409768b245bd4297384b9ea28a345dee8c4480c
LitmusEntryRollClassificationStrategy,LitmusEntryRollClassificationStrategy:eed405eff84b,LitmusEntryRollClassificationStrategy,markdregan/FreqAI-Marcos-Lopez-De-Prado,repos/markdregan_FreqAI-Marcos-Lopez-De-Prado/user_data/strategies/deprecated/LitmusEntryRollClassificationStrategy.py,repos/markdregan_FreqAI-Marcos-Lopez-De-Prado/user_data/strategies/deprecated/LitmusEntryRollClassificationStrategy.py,original,,,partial,restore_author_package_extension;restore_author_config,not_applicable,original,native,true,false,,,false,false,,true,true,true,long_short,long_short,true,strategy,futures,futures,futures_long_short,,failed,20200301-20200401,,,,,sha256_3c15210a7c5f31fe2eba492cb1e447e09ca01019a661dd5ea60bef0ddd2cf77e,static_code,provisional,mode and direction agree with static source evidence,sha256_eed405eff84b0d1b5f16159ca79e7d131c3a2ea07cfaaf61936c8e44208d3d3e
LitmusGoodMinMaxClassificationStrategy,LitmusGoodMinMaxClassificationStrategy:18be38360de5,LitmusGoodMinMaxClassificationStrategy,markdregan/FreqAI-Marcos-Lopez-De-Prado,repos/markdregan_FreqAI-Marcos-Lopez-De-Prado/user_data/strategies/deprecated/LitmusGoodMinMaxClassificationStrategy.py,repos/markdregan_FreqAI-Marcos-Lopez-De-Prado/user_data/strategies/deprecated/LitmusGoodMinMaxClassificationStrategy.py,original,,,blocked_missing_author_config,,not_applicable,original,native,true,false,,,false,false,,true,true,true,long_short,long_short,false,strategy,futures,futures,futures_long_short,,failed,20200301-20200401,,,,,sha256_ae8c9b9335a9953419658f2c252edbd86aedede9b3e14a33acb8f7d47faba7e6,static_code,provisional,mode and direction agree with static source evidence,sha256_18be38360de58410d59773902f7d00bd52f0d5fab15dbda3f1fcc32f13f2ae8c
LitmusMetaStrategy,LitmusMetaStrategy:0358c58a4bd8,LitmusMetaStrategy,markdregan/FreqAI-Marcos-Lopez-De-Prado,repos/markdregan_FreqAI-Marcos-Lopez-De-Prado/user_data/strategies/deprecated/LitmusMetaStrategy.py,repos/markdregan_FreqAI-Marcos-Lopez-De-Prado/user_data/strategies/deprecated/LitmusMetaStrategy.py,original,,,partial,restore_author_package_extension;restore_author_config,not_applicable,original,native,true,false,,,false,false,,true,true,true,long_short,long_short,false,strategy,futures,futures,futures_long_short,,failed,20200301-20200401,,,,,sha256_12d8adf922897a3b08293cd86f4cc5786c2f407d81182c7793ca0618fad927c0,static_code,provisional,mode and direction agree with static source evidence,sha256_0358c58a4bd8e2ab63ae565dc4581b4312822fc4ce7684c16399c4e1e3dc0e50
LitmusMinMaxClassificationStrategy,LitmusMinMaxClassificationStrategy:2021ac520463,LitmusMinMaxClassificationStrategy,markdregan/FreqAI-Marcos-Lopez-De-Prado,repos/markdregan_FreqAI-Marcos-Lopez-De-Prado/user_data/strategies/deprecated/LitmusMinMaxClassificationStrategy.py,repos/markdregan_FreqAI-Marcos-Lopez-De-Prado/user_data/strategies/deprecated/LitmusMinMaxClassificationStrategy.py,original,,,partial,restore_author_package_extension;restore_author_config,not_applicable,original,native,true,false,,,false,false,,true,true,true,long_short,long_short,true,strategy,futures,futures,futures_long_short,,failed,20200301-20200401,,,,,sha256_a8ee06dbb89f8ff036885667cb6879ef24835b46638ff31563a3e85133840beb,static_code,provisional,mode and direction agree with static source evidence,sha256_2021ac5204630ca59397923825f00e604eb36ca3d13a99fe089bf8985de9b846
LitmusMinMaxRegretClassificationStrategy,LitmusMinMaxRegretClassificationStrategy:cfcc3b322ee4,LitmusMinMaxRegretClassificationStrategy,markdregan/FreqAI-Marcos-Lopez-De-Prado,repos/markdregan_FreqAI-Marcos-Lopez-De-Prado/user_data/strategies/deprecated/LitmusMinMaxRegretClassificationStrategy.py,repos/markdregan_FreqAI-Marcos-Lopez-De-Prado/user_data/strategies/deprecated/LitmusMinMaxRegretClassificationStrategy.py,original,,,partial,restore_author_package_extension;restore_author_config,not_applicable,original,native,true,false,,,false,false,,true,true,false,long_only,long_only,false,strategy,futures,futures,futures_long,,failed,20200301-20200401,,,,,sha256_912b57d6bfa90081ed4d928014b4f87671986544946963d5937aeeb0295b603d,static_code,review,can_short=true but no explicit enter_short write,sha256_cfcc3b322ee41313d4302c6f7ce169d42790ad40b513c003e47a7437021470e5
LitmusMinMaxSegmentClassificationStrategy,LitmusMinMaxSegmentClassificationStrategy:cf5f25e09bb1,LitmusMinMaxSegmentClassificationStrategy,markdregan/FreqAI-Marcos-Lopez-De-Prado,repos/markdregan_FreqAI-Marcos-Lopez-De-Prado/user_data/strategies/deprecated/LitmusMinMaxSegmentClassificationStrategy.py,repos/markdregan_FreqAI-Marcos-Lopez-De-Prado/user_data/strategies/deprecated/LitmusMinMaxSegmentClassificationStrategy.py,original,,,partial,restore_author_package_extension;restore_author_config,not_applicable,original,native,true,false,,,false,false,,true,true,true,long_short,long_short,false,strategy,futures,futures,futures_long_short,,failed,20200301-20200401,,,,,sha256_867c4dfb58403148108b852bb1a7b18661d5edf65d0f93dc31ce0ae121ff99eb,static_code,provisional,mode and direction agree with static source evidence,sha256_cf5f25e09bb181078bcb5d38091967b2ba785ebaa926ed3f6893f63e89523881
MultiTargetClassifierTestStrategy,MultiTargetClassifierTestStrategy:670ae0a67d4e,MultiTargetClassifierTestStrategy,markdregan/FreqAI-Marcos-Lopez-De-Prado,repos/markdregan_FreqAI-Marcos-Lopez-De-Prado/user_data/strategies/deprecated/MultiTargetClassifierTestStrategy.py,repos/markdregan_FreqAI-Marcos-Lopez-De-Prado/user_data/strategies/deprecated/MultiTargetClassifierTestStrategy.py,original,,,,,not_applicable,original,native,true,false,,,false,false,,false,true,true,long_short,long_only,false,strategy,futures,spot,spot_long,,not_run,,,,,,,static_code,review,enter_short is dormant without a literal can_short=true,sha256_670ae0a67d4e521ac6c47132de079bdf2caabfaff168a143290c18ee91f02c7a
MultiTargetRegressorTestStrategy,MultiTargetRegressorTestStrategy:90b21673d7e0,MultiTargetRegressorTestStrategy,markdregan/FreqAI-Marcos-Lopez-De-Prado,repos/markdregan_FreqAI-Marcos-Lopez-De-Prado/user_data/strategies/deprecated/MultiTargetRegressorTestStrategy.py,repos/markdregan_FreqAI-Marcos-Lopez-De-Prado/user_data/strategies/deprecated/MultiTargetRegressorTestStrategy.py,original,,,,,not_applicable,original,native,true,false,,,false,false,,false,true,true,long_short,long_only,false,strategy,futures,spot,spot_long,,not_run,,,,,,,static_code,review,enter_short is dormant without a literal can_short=true,sha256_90b21673d7e05273c5740caeeaaa5992f1dcabe5e3dc9225b9a6fa7ddec59ae4
BuyOrDie,BuyOrDie:aa771c3bd658,BuyOrDie,mikedigriz/freqtrade-strategy-mikedigriz,repos/mikedigriz_freqtrade-strategy-mikedigriz/strategies/BuyOrDie.py,repos/mikedigriz_freqtrade-strategy-mikedigriz/strategies/BuyOrDie.py,original,,,,,not_applicable,original,native,true,true,911,2336,true,true,5m,absent,true,false,long_only,long_only,false,strategy,unspecified,spot,spot_long,spot,not_run,,,,3247,historical_ledger,,runtime_full,provisional,mode and direction agree with static source evidence,sha256_aa771c3bd6580c2b73fa2d98475a9e1104b97d5208cbf91282b8f1570a97debe
CCI_BB,CCI_BB:6368aeed4ade,CCI_BB,mikedigriz/freqtrade-strategy-mikedigriz,repos/mikedigriz_freqtrade-strategy-mikedigriz/strategies/CCI_BB.py,repos/mikedigriz_freqtrade-strategy-mikedigriz/strategies/CCI_BB.py,original,,,,,not_applicable,original,native,true,true,81,845,true,true,5m,absent,true,false,long_only,long_only,false,strategy,unspecified,spot,spot_long,spot,not_run,,,,926,historical_ledger,,runtime_full,provisional,mode and direction agree with static source evidence,sha256_6368aeed4ade63a6facb257a1adc2fb20a3452762761e6b0d05edfb1ec71986b
EasyInEasyOut,EasyInEasyOut:07e228cc77ef,EasyInEasyOut,mikedigriz/freqtrade-strategy-mikedigriz,repos/mikedigriz_freqtrade-strategy-mikedigriz/strategies/EasyInEasyOut.py,repos/mikedigriz_freqtrade-strategy-mikedigriz/strategies/EasyInEasyOut.py,repaired,class1,environment_compatibility,,,strict_equivalent,original+compatibility-environment,native,true,false,83,,false,true,1m,absent,true,false,long_only,long_only,false,strategy,unspecified,spot,spot_long,spot,not_run,,,,17,class1_result_card,,static_code,provisional,mode and direction agree with static source evidence,sha256_07e228cc77effc9e80891d4bd5bd9b6a2f6a70845daa0db91f9e1d3933ee461a
FisherHull,FisherHull:39caa9bd4f6d,FisherHull,mikedigriz/freqtrade-strategy-mikedigriz,repos/mikedigriz_freqtrade-strategy-mikedigriz/strategies/FisherHull.py,repos/mikedigriz_freqtrade-strategy-mikedigriz/strategies/FisherHull.py,repaired,class1,environment_compatibility,,,strict_equivalent,original+compatibility-environment,native,true,false,82,,false,true,1m,absent,true,false,long_only,long_only,false,strategy,unspecified,spot,spot_long,spot,not_run,,,,34,class1_result_card,,static_code,provisional,mode and direction agree with static source evidence,sha256_39caa9bd4f6d40c9d195c568df929604b7d8e5f32a0f1b4b4dabf54d0fc57a55
RSI_BB,RSI_BB:a6b9af248ea0,RSI_BB,mikedigriz/freqtrade-strategy-mikedigriz,repos/mikedigriz_freqtrade-strategy-mikedigriz/strategies/RSI_BB.py,repos/mikedigriz_freqtrade-strategy-mikedigriz/strategies/RSI_BB.py,original,,,,,not_applicable,original,native,true,true,3471,11460,true,true,15m,absent,true,false,long_only,long_only,false,strategy,unspecified,spot,spot_long,spot,not_run,,,,14931,historical_ledger,,runtime_full,provisional,mode and direction agree with static source evidence,sha256_a6b9af248ea093a49165f11b6cd25ad54a362eeb2ab13ed86ced748b000afea3
SmartMoneyStrategy,SmartMoneyStrategy:f89d1e0ec3dd,SmartMoneyStrategy,mikedigriz/freqtrade-strategy-mikedigriz,repos/mikedigriz_freqtrade-strategy-mikedigriz/strategies/smart_money_strategy.py,repos/mikedigriz_freqtrade-strategy-mikedigriz/strategies/smart_money_strategy.py,original,,,,,not_applicable,original,native,true,true,23,262,true,true,30m,absent,true,false,long_only,long_only,false,strategy,unspecified,spot,spot_long,spot,not_run,,,,285,historical_ledger,,runtime_full,provisional,mode and direction agree with static source evidence,sha256_f89d1e0ec3dd685a6214d917e5d3beda8b003a44e8a528af6e3a70fe415944c3
SmartMoneyStrategyHyperopt,SmartMoneyStrategyHyperopt:f89d1e0ec3dd,SmartMoneyStrategyHyperopt,mikedigriz/freqtrade-strategy-mikedigriz,repos/mikedigriz_freqtrade-strategy-mikedigriz/strategies/smart_money_strategy.py,repos/mikedigriz_freqtrade-strategy-mikedigriz/strategies/smart_money_strategy.py,original,,,,,not_applicable,original,native,true,false,,,false,false,1h,absent,true,false,long_only,long_only,false,strategy,unspecified,spot,spot_long,,not_run,,,,,,,static_code,provisional,mode and direction agree with static source evidence,sha256_f89d1e0ec3dd685a6214d917e5d3beda8b003a44e8a528af6e3a70fe415944c3
AdaptiveMAStrategy,AdaptiveMAStrategy:e433e47eecf9,AdaptiveMAStrategy,mlsys-io/PortfolioBench,repos/mlsys-io_PortfolioBench/strategy/AdaptiveMAStrategy.py,repos/mlsys-io_PortfolioBench/strategy/AdaptiveMAStrategy.py,repaired,class1,environment_compatibility,,,strict_equivalent,original+compatibility-environment,native,true,false,3237,,false,true,5m,false,true,false,long_only,long_only,false,strategy,unspecified,spot,spot_long,spot,not_run,,,,3195,class1_result_card,,static_code,provisional,mode and direction agree with static source evidence,sha256_e433e47eecf95ef695cd766ed14cb63a13f22f317cc2a0312038100f3a480680
AdxStrengthStrategy,AdxStrengthStrategy:05dcdcd84ce3,AdxStrengthStrategy,mlsys-io/PortfolioBench,repos/mlsys-io_PortfolioBench/strategy/AdxStrengthStrategy.py,repos/mlsys-io_PortfolioBench/strategy/AdxStrengthStrategy.py,original,,,,,not_applicable,original,native,true,true,5560,11392,true,true,5m,absent,true,false,long_only,long_only,false,strategy,unspecified,spot,spot_long,spot,not_run,,,,16952,historical_ledger,,runtime_full,provisional,mode and direction agree with static source evidence,sha256_05dcdcd84ce3385fb193ebdf610228922c30033b992a958271a23cb34148802a
AroonTrendStrategy,AroonTrendStrategy:bd7f1648080c,AroonTrendStrategy,mlsys-io/PortfolioBench,repos/mlsys-io_PortfolioBench/strategy/AroonTrendStrategy.py,repos/mlsys-io_PortfolioBench/strategy/AroonTrendStrategy.py,original,,,,,not_applicable,original,native,true,true,10297,13974,true,true,5m,absent,true,false,long_only,long_only,false,strategy,unspecified,spot,spot_long,spot,not_run,,,,24271,historical_ledger,,runtime_full,provisional,mode and direction agree with static source evidence,sha256_bd7f1648080cec66afa689c1218819bb8502509591e14269810dae59cb279d7c
AtrTrailingStopStrategy,AtrTrailingStopStrategy:06dbc5df260c,AtrTrailingStopStrategy,mlsys-io/PortfolioBench,repos/mlsys-io_PortfolioBench/strategy/AtrTrailingStopStrategy.py,repos/mlsys-io_PortfolioBench/strategy/AtrTrailingStopStrategy.py,original,,,,,not_applicable,original,native,true,true,13018,11920,true,true,5m,absent,true,false,long_only,long_only,false,strategy,unspecified,spot,spot_long,spot,not_run,,,,24938,historical_ledger,,runtime_full,provisional,mode and direction agree with static source evidence,sha256_06dbc5df260c285927081aff61b26740aa7f578c4f83499ed8fd22a883b7cc11
BbWidthExpansionStrategy,BbWidthExpansionStrategy:3b178d72d6f4,BbWidthExpansionStrategy,mlsys-io/PortfolioBench,repos/mlsys-io_PortfolioBench/strategy/BbWidthExpansionStrategy.py,repos/mlsys-io_PortfolioBench/strategy/BbWidthExpansionStrategy.py,original,,,,,not_applicable,original,native,true,true,8782,12910,true,true,5m,absent,true,false,long_only,long_only,false,strategy,unspecified,spot,spot_long,spot,not_run,,,,21692,historical_ledger,,runtime_full,provisional,mode and direction agree with static source evidence,sha256_3b178d72d6f4d92ddcfc4f0e531ce1e0bb261403c27d06404842d566497e0900
BollingerBounceStrategy,BollingerBounceStrategy:b3c5772fc44e,BollingerBounceStrategy,mlsys-io/PortfolioBench,repos/mlsys-io_PortfolioBench/strategy/BollingerBounceStrategy.py,repos/mlsys-io_PortfolioBench/strategy/BollingerBounceStrategy.py,original,,,,,not_applicable,original,native,true,true,2362,9128,true,true,5m,absent,true,false,long_only,long_only,false,strategy,unspecified,spot,spot_long,spot,not_run,,,,11490,historical_ledger,,runtime_full,provisional,mode and direction agree with static source evidence,sha256_b3c5772fc44ed1d1a03733f9eae4fd6480c2f86fde17b7d7f6bc9d419b3298b3
BopTrendStrategy,BopTrendStrategy:626c709bc693,BopTrendStrategy,mlsys-io/PortfolioBench,repos/mlsys-io_PortfolioBench/strategy/BopTrendStrategy.py,repos/mlsys-io_PortfolioBench/strategy/BopTrendStrategy.py,original,,,,,not_applicable,original,native,true,true,12303,12273,true,true,5m,absent,true,false,long_only,long_only,false,strategy,unspecified,spot,spot_long,spot,not_run,,,,24576,historical_ledger,,runtime_full,provisional,mode and direction agree with static source evidence,sha256_626c709bc69371d64f936f76d56d93dc3d00fb5dc6e7a1ee1b037a28c7ca6df9
BullishEngulfingStrategy,BullishEngulfingStrategy:38b92699708a,BullishEngulfingStrategy,mlsys-io/PortfolioBench,repos/mlsys-io_PortfolioBench/strategy/BullishEngulfingStrategy.py,repos/mlsys-io_PortfolioBench/strategy/BullishEngulfingStrategy.py,original,,,,,not_applicable,original,native,true,true,9979,14248,true,true,5m,absent,true,false,long_only,long_only,false,strategy,unspecified,spot,spot_long,spot,not_run,,,,24227,historical_ledger,,runtime_full,provisional,mode and direction agree with static source evidence,sha256_38b92699708a48f3eadcecee0f9a2e8454d8a7ed946d8770d77f429729bee534
CciMeanReversionStrategy,CciMeanReversionStrategy:34fb3f3169da,CciMeanReversionStrategy,mlsys-io/PortfolioBench,repos/mlsys-io_PortfolioBench/strategy/CciMeanReversionStrategy.py,repos/mlsys-io_PortfolioBench/strategy/CciMeanReversionStrategy.py,original,,,,,not_applicable,original,native,true,true,10963,15244,true,true,5m,absent,true,false,long_only,long_only,false,strategy,unspecified,spot,spot_long,spot,not_run,,,,26207,historical_ledger,,runtime_full,provisional,mode and direction agree with static source evidence,sha256_34fb3f3169da6cf7df9ec9b36fed94eaf52d8900f2c03d01f518c37bfba93322
ChaikinMoneyFlowStrategy,ChaikinMoneyFlowStrategy:963f862a2764,ChaikinMoneyFlowStrategy,mlsys-io/PortfolioBench,repos/mlsys-io_PortfolioBench/strategy/ChaikinMoneyFlowStrategy.py,repos/mlsys-io_PortfolioBench/strategy/ChaikinMoneyFlowStrategy.py,original,,,,,not_applicable,original,native,true,true,14222,15042,true,true,5m,absent,true,false,long_only,long_only,false,strategy,unspecified,spot,spot_long,spot,not_run,,,,29264,historical_ledger,,runtime_full,provisional,mode and direction agree with static source evidence,sha256_963f862a276482ea2ef1deae8aca45b96f4ccdff083934025152e8ce670f785b
CompositeScoreStrategy,CompositeScoreStrategy:aaac0d704cb0,CompositeScoreStrategy,mlsys-io/PortfolioBench,repos/mlsys-io_PortfolioBench/strategy/CompositeScoreStrategy.py,repos/mlsys-io_PortfolioBench/strategy/CompositeScoreStrategy.py,original,,,,,not_applicable,original,native,true,true,13679,15092,true,true,5m,absent,true,false,long_only,long_only,false,strategy,unspecified,spot,spot_long,spot,not_run,,,,28771,historical_ledger,,runtime_full,provisional,mode and direction agree with static source evidence,sha256_aaac0d704cb0806b040c91890f521611ba388fa6e9e237f670c7d39530cb4edb
CoppockCurveStrategy,CoppockCurveStrategy:1ed0624f28c5,CoppockCurveStrategy,mlsys-io/PortfolioBench,repos/mlsys-io_PortfolioBench/strategy/CoppockCurveStrategy.py,repos/mlsys-io_PortfolioBench/strategy/CoppockCurveStrategy.py,original,,,,,not_applicable,original,native,true,true,8637,13695,true,true,5m,absent,true,false,long_only,long_only,false,strategy,unspecified,spot,spot_long,spot,not_run,,,,22332,historical_ledger,,runtime_full,provisional,mode and direction agree with static source evidence,sha256_1ed0624f28c52a33fee77c778d12252da83d480a5b09ad8a4655780a8b066546
DemaCrossStrategy,DemaCrossStrategy:fc7d71098d70,DemaCrossStrategy,mlsys-io/PortfolioBench,repos/mlsys-io_PortfolioBench/strategy/DemaCrossStrategy.py,repos/mlsys-io_PortfolioBench/strategy/DemaCrossStrategy.py,original,,,,,not_applicable,original,native,true,true,7947,13581,true,true,5m,absent,true,false,long_only,long_only,false,strategy,unspecified,spot,spot_long,spot,not_run,,,,21528,historical_ledger,,runtime_full,provisional,mode and direction agree with static source evidence,sha256_fc7d71098d70ded520c152b0acc497b8e73ae7256fa0a19a28257b6874f1fea6
DonchianBreakoutStrategy,DonchianBreakoutStrategy:dc7b4020e61f,DonchianBreakoutStrategy,mlsys-io/PortfolioBench,repos/mlsys-io_PortfolioBench/strategy/DonchianBreakoutStrategy.py,repos/mlsys-io_PortfolioBench/strategy/DonchianBreakoutStrategy.py,original,,,,,not_applicable,original,native,true,true,10815,10697,true,true,5m,absent,true,false,long_only,long_only,false,strategy,unspecified,spot,spot_long,spot,not_run,,,,21512,historical_ledger,,runtime_full,provisional,mode and direction agree with static source evidence,sha256_dc7b4020e61f7b7664dd04b72624b79ea2b78914571e8d02c7950c0346ccd5f7
EmaCrossStrategy,EmaCrossStrategy:d0fbe1247f19,EmaCrossStrategy,mlsys-io/PortfolioBench,repos/mlsys-io_PortfolioBench/strategy/EmaCrossStrategy.py,repos/mlsys-io_PortfolioBench/strategy/EmaCrossStrategy.py,original,,,,,not_applicable,original,native,true,false,,,false,false,,false,true,false,long_only,long_only,false,strategy,unspecified,spot,spot_long,,not_run,,,,,,,static_code,provisional,mode and direction agree with static source evidence,sha256_d0fbe1247f197cb33bbaee4501b578b2e1822fb256ed5f769f70688030f9fb62
EmaRibbonStrategy,EmaRibbonStrategy:fda28f1a1f9a,EmaRibbonStrategy,mlsys-io/PortfolioBench,repos/mlsys-io_PortfolioBench/strategy/EmaRibbonStrategy.py,repos/mlsys-io_PortfolioBench/strategy/EmaRibbonStrategy.py,original,,,,,not_applicable,original,native,true,true,8479,14273,true,true,5m,absent,true,false,long_only,long_only,false,strategy,unspecified,spot,spot_long,spot,not_run,,,,22752,historical_ledger,,runtime_full,provisional,mode and direction agree with static source evidence,sha256_fda28f1a1f9aa39a0e5c0d22322702512b0edfa2aeffa4344b18cf29530d3fbe
FisherTransformStrategy,FisherTransformStrategy:0d6f65831da8,FisherTransformStrategy,mlsys-io/PortfolioBench,repos/mlsys-io_PortfolioBench/strategy/FisherTransformStrategy.py,repos/mlsys-io_PortfolioBench/strategy/FisherTransformStrategy.py,original,,,,,not_applicable,original,native,true,true,9965,12611,true,true,5m,absent,true,false,long_only,long_only,false,strategy,unspecified,spot,spot_long,spot,not_run,,,,22576,historical_ledger,,runtime_full,provisional,mode and direction agree with static source evidence,sha256_0d6f65831da8d521954658b31a9b93ed21f9d6cc661aa6964b53ddd196df4dfe
GoldenCrossStrategy,GoldenCrossStrategy:a4766e43da6c,GoldenCrossStrategy,mlsys-io/PortfolioBench,repos/mlsys-io_PortfolioBench/strategy/GoldenCrossStrategy.py,repos/mlsys-io_PortfolioBench/strategy/GoldenCrossStrategy.py,original,,,,,not_applicable,original,native,true,true,1184,4736,true,true,5m,absent,true,false,long_only,long_only,false,strategy,unspecified,spot,spot_long,spot,not_run,,,,5920,historical_ledger,,runtime_full,provisional,mode and direction agree with static source evidence,sha256_a4766e43da6c30317c64ed44272c25bab0371bd29b112414f1659bfcf9aba134
HeikinAshiStrategy,HeikinAshiStrategy:8eedba9514fa,HeikinAshiStrategy,mlsys-io/PortfolioBench,repos/mlsys-io_PortfolioBench/strategy/HeikinAshiStrategy.py,repos/mlsys-io_PortfolioBench/strategy/HeikinAshiStrategy.py,original,,,,,not_applicable,original,native,true,true,12950,13205,true,true,5m,absent,true,false,long_only,long_only,false,strategy,unspecified,spot,spot_long,spot,not_run,,,,26155,historical_ledger,,runtime_full,provisional,mode and direction agree with static source evidence,sha256_8eedba9514fa49b65bdb93ef6e4253a5c9cdde4123594db2f66c47861a025a9c
HigherHighStrategy,HigherHighStrategy:9105005ff090,HigherHighStrategy,mlsys-io/PortfolioBench,repos/mlsys-io_PortfolioBench/strategy/HigherHighStrategy.py,repos/mlsys-io_PortfolioBench/strategy/HigherHighStrategy.py,original,,,,,not_applicable,original,native,true,true,13501,12859,true,true,5m,absent,true,false,long_only,long_only,false,strategy,unspecified,spot,spot_long,spot,not_run,,,,26360,historical_ledger,,runtime_full,provisional,mode and direction agree with static source evidence,sha256_9105005ff09064c50950a798a9ea71a856f52951f8dab055b448599b8225d63c
IchimokuCloudStrategy,IchimokuCloudStrategy:89fe46d5a673,IchimokuCloudStrategy,mlsys-io/PortfolioBench,repos/mlsys-io_PortfolioBench/strategy/IchimokuCloudStrategy.py,repos/mlsys-io_PortfolioBench/strategy/IchimokuCloudStrategy.py,original,,,,,not_applicable,original,native,true,true,145,651,true,true,4h,false,true,false,long_only,long_only,false,strategy,unspecified,spot,spot_long,spot,not_run,,,,796,historical_ledger,,runtime_full,provisional,mode and direction agree with static source evidence,sha256_89fe46d5a67386a3a899daff0c50cf2a62373724aa2b3779d6adacedf271304d
IchimokuSimpleStrategy,IchimokuSimpleStrategy:b3c90b912066,IchimokuSimpleStrategy,mlsys-io/PortfolioBench,repos/mlsys-io_PortfolioBench/strategy/IchimokuSimpleStrategy.py,repos/mlsys-io_PortfolioBench/strategy/IchimokuSimpleStrategy.py,original,,,,,not_applicable,original,native,true,true,5893,13938,true,true,5m,absent,true,false,long_only,long_only,false,strategy,unspecified,spot,spot_long,spot,not_run,,,,19831,historical_ledger,,runtime_full,provisional,mode and direction agree with static source evidence,sha256_b3c90b9120669c697428b42dcc10fa212177daf1ff8607205036d987238b1d15
KeltnerChannelStrategy,KeltnerChannelStrategy:6570c306ac3e,KeltnerChannelStrategy,mlsys-io/PortfolioBench,repos/mlsys-io_PortfolioBench/strategy/KeltnerChannelStrategy.py,repos/mlsys-io_PortfolioBench/strategy/KeltnerChannelStrategy.py,original,,,,,not_applicable,original,native,true,true,6661,10059,true,true,5m,absent,true,false,long_only,long_only,false,strategy,unspecified,spot,spot_long,spot,not_run,,,,16720,historical_ledger,,runtime_full,provisional,mode and direction agree with static source evidence,sha256_6570c306ac3ec0cc9326e7d718cac8c73e4926c505cb5c70f6335c03cf9118f6
LinearRegressionStrategy,LinearRegressionStrategy:98800ab5f934,LinearRegressionStrategy,mlsys-io/PortfolioBench,repos/mlsys-io_PortfolioBench/strategy/LinearRegressionStrategy.py,repos/mlsys-io_PortfolioBench/strategy/LinearRegressionStrategy.py,original,,,,,not_applicable,original,native,true,true,11184,13386,true,true,5m,absent,true,false,long_only,long_only,false,strategy,unspecified,spot,spot_long,spot,not_run,,,,24570,historical_ledger,,runtime_full,provisional,mode and direction agree with static source evidence,sha256_98800ab5f934ded2df26b4cba623bf7fbd9b59ffcb801468512a87767ad4c119
MacdAdxStrategy,MacdAdxStrategy:46b384f18d8c,MacdAdxStrategy,mlsys-io/PortfolioBench,repos/mlsys-io_PortfolioBench/strategy/MacdAdxStrategy.py,repos/mlsys-io_PortfolioBench/strategy/MacdAdxStrategy.py,original,,,,,not_applicable,original,native,true,true,14346,12874,true,true,5m,false,true,false,long_only,long_only,false,strategy,unspecified,spot,spot_long,spot,not_run,,,,27220,historical_ledger,,runtime_full,provisional,mode and direction agree with static source evidence,sha256_46b384f18d8cdb3765f504e92d5f05465226ada2d7313cbe5b2b10e63dd5f26d
MacdZeroCrossStrategy,MacdZeroCrossStrategy:b590a3add24b,MacdZeroCrossStrategy,mlsys-io/PortfolioBench,repos/mlsys-io_PortfolioBench/strategy/MacdZeroCrossStrategy.py,repos/mlsys-io_PortfolioBench/strategy/MacdZeroCrossStrategy.py,original,,,,,not_applicable,original,native,true,true,14163,15746,true,true,5m,absent,true,false,long_only,long_only,false,strategy,unspecified,spot,spot_long,spot,not_run,,,,29909,historical_ledger,,runtime_full,provisional,mode and direction agree with static source evidence,sha256_b590a3add24bb74fa2cc83ea59f32358982d1799870c7512c7b49f49da0bf91d
MlpSpeculativeStrategy,MlpSpeculativeStrategy:95cb34966fc9,MlpSpeculativeStrategy,mlsys-io/PortfolioBench,repos/mlsys-io_PortfolioBench/strategy/MlpSpeculativeStrategy.py,repos/mlsys-io_PortfolioBench/strategy/MlpSpeculativeStrategy.py,original,,,,,not_applicable,original,native,true,false,,,false,false,,false,true,false,long_only,long_only,false,strategy,unspecified,spot,spot_long,,not_run,,,,,,,static_code,provisional,mode and direction agree with static source evidence,sha256_95cb34966fc9a439b4715c44607be91b466bfdcabf118c037dbc053a5d549ded
MomentumScoreStrategy,MomentumScoreStrategy:d21460ba0e97,MomentumScoreStrategy,mlsys-io/PortfolioBench,repos/mlsys-io_PortfolioBench/strategy/MomentumScoreStrategy.py,repos/mlsys-io_PortfolioBench/strategy/MomentumScoreStrategy.py,original,,,,,not_applicable,original,native,true,true,14428,13032,true,true,5m,absent,true,false,long_only,long_only,false,strategy,unspecified,spot,spot_long,spot,not_run,,,,27460,historical_ledger,,runtime_full,provisional,mode and direction agree with static source evidence,sha256_d21460ba0e97ae15d3586856c342ab6d1838f010d66220df4feddacf8a5272ef
MoneyFlowStrategy,MoneyFlowStrategy:d38048d3a85c,MoneyFlowStrategy,mlsys-io/PortfolioBench,repos/mlsys-io_PortfolioBench/strategy/MoneyFlowStrategy.py,repos/mlsys-io_PortfolioBench/strategy/MoneyFlowStrategy.py,original,,,,,not_applicable,original,native,true,true,4526,14964,true,true,5m,absent,true,false,long_only,long_only,false,strategy,unspecified,spot,spot_long,spot,not_run,,,,19490,historical_ledger,,runtime_full,provisional,mode and direction agree with static source evidence,sha256_d38048d3a85c92f48e88d7ecb9dbaf13c591c8425b1af53bd83f4fa86957653e
MultiFactorConfluenceStrategy,MultiFactorConfluenceStrategy:676380749bed,MultiFactorConfluenceStrategy,mlsys-io/PortfolioBench,repos/mlsys-io_PortfolioBench/strategy/MultiFactorConfluenceStrategy.py,repos/mlsys-io_PortfolioBench/strategy/MultiFactorConfluenceStrategy.py,original,,,,,not_applicable,original,native,true,true,1116,4108,true,true,4h,false,true,false,long_only,long_only,false,strategy,unspecified,spot,spot_long,spot,not_run,,,,5224,historical_ledger,,runtime_full,provisional,mode and direction agree with static source evidence,sha256_676380749bed301c9ce130d776853f78ce4ed711fef7e4e60d053ecef4044542
ObvTrendStrategy,ObvTrendStrategy:ff64402b7f36,ObvTrendStrategy,mlsys-io/PortfolioBench,repos/mlsys-io_PortfolioBench/strategy/ObvTrendStrategy.py,repos/mlsys-io_PortfolioBench/strategy/ObvTrendStrategy.py,original,,,,,not_applicable,original,native,true,true,13631,12877,true,true,5m,absent,true,false,long_only,long_only,false,strategy,unspecified,spot,spot_long,spot,not_run,,,,26508,historical_ledger,,runtime_full,provisional,mode and direction agree with static source evidence,sha256_ff64402b7f363c9a70ad25d06bae5ddd9e60db01bfa57565b291935a678fa665
ParabolicSarStrategy,ParabolicSarStrategy:4479f5253d31,ParabolicSarStrategy,mlsys-io/PortfolioBench,repos/mlsys-io_PortfolioBench/strategy/ParabolicSarStrategy.py,repos/mlsys-io_PortfolioBench/strategy/ParabolicSarStrategy.py,original,,,,,not_applicable,original,native,true,true,12846,11196,true,true,5m,absent,true,false,long_only,long_only,false,strategy,unspecified,spot,spot_long,spot,not_run,,,,24042,historical_ledger,,runtime_full,provisional,mode and direction agree with static source evidence,sha256_4479f5253d312505a44344143bdaa8914749d46ed23382e27ecb29c0beea8ea3
PolymarketLogicalArbStrategy,PolymarketLogicalArbStrategy:83ee08e69ba4,PolymarketLogicalArbStrategy,mlsys-io/PortfolioBench,repos/mlsys-io_PortfolioBench/strategy/PolymarketLogicalArb/PolymarketLogicalArbStrategy.py,repos/mlsys-io_PortfolioBench/strategy/PolymarketLogicalArb/PolymarketLogicalArbStrategy.py,original,,,,,not_applicable,original,native,true,false,,,false,false,4h,false,true,false,long_only,long_only,false,strategy,unspecified,spot,spot_long,,not_run,,,,,,,static_code,provisional,mode and direction agree with static source evidence,sha256_83ee08e69ba47bc62f1721b20344ad3c1d0cda29ee22c59c60ff88e55db535ce
PolymarketMeanReversionStrategy,PolymarketMeanReversionStrategy:6d6e2dbac397,PolymarketMeanReversionStrategy,mlsys-io/PortfolioBench,repos/mlsys-io_PortfolioBench/strategy/PolymarketMeanReversionStrategy.py,repos/mlsys-io_PortfolioBench/strategy/PolymarketMeanReversionStrategy.py,original,,,,,not_applicable,original,native,true,false,,,false,false,,false,true,false,long_only,long_only,false,strategy,unspecified,spot,spot_long,,not_run,,,,,,,static_code,provisional,mode and direction agree with static source evidence,sha256_6d6e2dbac397771da11626e702d9c0c48c5870d4ee053c1325544004ee43263c
PolymarketMomentumStrategy,PolymarketMomentumStrategy:2575d1935f95,PolymarketMomentumStrategy,mlsys-io/PortfolioBench,repos/mlsys-io_PortfolioBench/strategy/PolymarketMomentumStrategy.py,repos/mlsys-io_PortfolioBench/strategy/PolymarketMomentumStrategy.py,original,,,,,not_applicable,original,native,true,false,,,false,false,,false,true,false,long_only,long_only,false,strategy,unspecified,spot,spot_long,,not_run,,,,,,,static_code,provisional,mode and direction agree with static source evidence,sha256_2575d1935f956ed00f57338bc1f7c8abbbfa014ef6783f5a0c8899de076b74e9
PpoMomentumStrategy,PpoMomentumStrategy:fce3a828dd18,PpoMomentumStrategy,mlsys-io/PortfolioBench,repos/mlsys-io_PortfolioBench/strategy/PpoMomentumStrategy.py,repos/mlsys-io_PortfolioBench/strategy/PpoMomentumStrategy.py,original,,,,,not_applicable,original,native,true,true,7012,13525,true,true,5m,absent,true,false,long_only,long_only,false,strategy,unspecified,spot,spot_long,spot,not_run,,,,20537,historical_ledger,,runtime_full,provisional,mode and direction agree with static source evidence,sha256_fce3a828dd18b7fb4dea6aed534e25969311b3422982b5e0afbd331b71462edd
PriceActionCandleStrategy,PriceActionCandleStrategy:51d404e31d59,PriceActionCandleStrategy,mlsys-io/PortfolioBench,repos/mlsys-io_PortfolioBench/strategy/PriceActionCandleStrategy.py,repos/mlsys-io_PortfolioBench/strategy/PriceActionCandleStrategy.py,original,,,,,not_applicable,original,native,true,true,11158,13387,true,true,5m,false,true,false,long_only,long_only,false,strategy,unspecified,spot,spot_long,spot,not_run,,,,24545,historical_ledger,,runtime_full,provisional,mode and direction agree with static source evidence,sha256_51d404e31d593a7480661c9b47f66613eba951d887ab1b986ed62c18470cd64c
PriceChannelStrategy,PriceChannelStrategy:4e6971429fb5,PriceChannelStrategy,mlsys-io/PortfolioBench,repos/mlsys-io_PortfolioBench/strategy/PriceChannelStrategy.py,repos/mlsys-io_PortfolioBench/strategy/PriceChannelStrategy.py,original,,,,,not_applicable,original,native,true,true,7598,9507,true,true,5m,absent,true,false,long_only,long_only,false,strategy,unspecified,spot,spot_long,spot,not_run,,,,17105,historical_ledger,,runtime_full,provisional,mode and direction agree with static source evidence,sha256_4e6971429fb5de9b24d07f41b9749ead8976b649461162d83861748fff70a522
RSI_EMA_strategy,RSI_EMA_strategy:14bbc9a9afab,RSI_EMA_strategy,mlsys-io/PortfolioBench,repos/mlsys-io_PortfolioBench/strategy/RSI_EMA_strategy.py,repos/mlsys-io_PortfolioBench/strategy/RSI_EMA_strategy.py,original,,,,,not_applicable,original,native,true,true,1323,3917,true,true,5m,absent,true,false,long_only,long_only,false,strategy,unspecified,spot,spot_long,spot,not_run,,,,5240,historical_ledger,,runtime_full,provisional,mode and direction agree with static source evidence,sha256_14bbc9a9afabf070781eb9a4fe33e39fa545957ae6183a81991ed383ef58fe4f
RocMomentumStrategy,RocMomentumStrategy:166e223f73c4,RocMomentumStrategy,mlsys-io/PortfolioBench,repos/mlsys-io_PortfolioBench/strategy/RocMomentumStrategy.py,repos/mlsys-io_PortfolioBench/strategy/RocMomentumStrategy.py,original,,,,,not_applicable,original,native,true,true,12706,13900,true,true,5m,absent,true,false,long_only,long_only,false,strategy,unspecified,spot,spot_long,spot,not_run,,,,26606,historical_ledger,,runtime_full,provisional,mode and direction agree with static source evidence,sha256_166e223f73c4c23d5d1bba1ddf96b64650800d845efadf697dd7b4d41bf37e8b
RsiBollingerStrategy,RsiBollingerStrategy:6a305d53819a,RsiBollingerStrategy,mlsys-io/PortfolioBench,repos/mlsys-io_PortfolioBench/strategy/RsiBollingerStrategy.py,repos/mlsys-io_PortfolioBench/strategy/RsiBollingerStrategy.py,original,,,,,not_applicable,original,native,true,true,648,2237,true,true,1h,false,true,false,long_only,long_only,false,strategy,unspecified,spot,spot_long,spot,not_run,,,,2885,historical_ledger,,runtime_full,provisional,mode and direction agree with static source evidence,sha256_6a305d53819a4cd3bd6788f694cf55af4b784634380ca43133abacb4fcf0710b
RsiDivergenceStrategy,RsiDivergenceStrategy:3a81b44a0d47,RsiDivergenceStrategy,mlsys-io/PortfolioBench,repos/mlsys-io_PortfolioBench/strategy/RsiDivergenceStrategy.py,repos/mlsys-io_PortfolioBench/strategy/RsiDivergenceStrategy.py,original,,,,,not_applicable,original,native,true,true,104,370,true,true,5m,absent,true,false,long_only,long_only,false,strategy,unspecified,spot,spot_long,spot,not_run,,,,474,historical_ledger,,runtime_full,provisional,mode and direction agree with static source evidence,sha256_3a81b44a0d47311141e60f19599239929f6d232237bb10e119739fc0e6a105f6
SqueezeMomentumStrategy,SqueezeMomentumStrategy:d646adb5969c,SqueezeMomentumStrategy,mlsys-io/PortfolioBench,repos/mlsys-io_PortfolioBench/strategy/SqueezeMomentumStrategy.py,repos/mlsys-io_PortfolioBench/strategy/SqueezeMomentumStrategy.py,original,,,,,not_applicable,original,native,true,true,11430,11753,true,true,5m,false,true,false,long_only,long_only,false,strategy,unspecified,spot,spot_long,spot,not_run,,,,23183,historical_ledger,,runtime_full,provisional,mode and direction agree with static source evidence,sha256_d646adb5969cc93d65f8313801e8536d05966745b5149bcfee440e094515b408
StochasticCciStrategy,StochasticCciStrategy:d6babf5edab9,StochasticCciStrategy,mlsys-io/PortfolioBench,repos/mlsys-io_PortfolioBench/strategy/StochasticCciStrategy.py,repos/mlsys-io_PortfolioBench/strategy/StochasticCciStrategy.py,original,,,,,not_applicable,original,native,true,true,243,1082,true,true,1h,false,true,false,long_only,long_only,false,strategy,unspecified,spot,spot_long,spot,not_run,,,,1325,historical_ledger,,runtime_full,provisional,mode and direction agree with static source evidence,sha256_d6babf5edab9dc64df87173c8c52efa261d98410e3e0501abd073cc0e11dbc16
StochasticOversoldStrategy,StochasticOversoldStrategy:68599ded4c36,StochasticOversoldStrategy,mlsys-io/PortfolioBench,repos/mlsys-io_PortfolioBench/strategy/StochasticOversoldStrategy.py,repos/mlsys-io_PortfolioBench/strategy/StochasticOversoldStrategy.py,original,,,,,not_applicable,original,native,true,true,8474,15236,true,true,5m,absent,true,false,long_only,long_only,false,strategy,unspecified,spot,spot_long,spot,not_run,,,,23710,historical_ledger,,runtime_full,provisional,mode and direction agree with static source evidence,sha256_68599ded4c365ca92cf2b235c680c56cc4af845ca2248ec943f1c029dbe4f4dd
StochasticRsiStrategy,StochasticRsiStrategy:f4292b3f521c,StochasticRsiStrategy,mlsys-io/PortfolioBench,repos/mlsys-io_PortfolioBench/strategy/StochasticRsiStrategy.py,repos/mlsys-io_PortfolioBench/strategy/StochasticRsiStrategy.py,original,,,,,not_applicable,original,native,true,true,10193,14480,true,true,5m,absent,true,false,long_only,long_only,false,strategy,unspecified,spot,spot_long,spot,not_run,,,,24673,historical_ledger,,runtime_full,provisional,mode and direction agree with static source evidence,sha256_f4292b3f521ced35fada34bf500a7638d8efbf5153ddd5f23696ae9f1207300b
TemaStrategy,TemaStrategy:5e34ef95ca12,TemaStrategy,mlsys-io/PortfolioBench,repos/mlsys-io_PortfolioBench/strategy/TemaStrategy.py,repos/mlsys-io_PortfolioBench/strategy/TemaStrategy.py,original,,,,,not_applicable,original,native,true,true,4349,13744,true,true,5m,absent,true,false,long_only,long_only,false,strategy,unspecified,spot,spot_long,spot,not_run,,,,18093,historical_ledger,,runtime_full,provisional,mode and direction agree with static source evidence,sha256_5e34ef95ca12b5c538122ef770eb16b326c0f4796b406e4b764afaabfe2b26c2
TrendAtrStrategy,TrendAtrStrategy:951bd002344d,TrendAtrStrategy,mlsys-io/PortfolioBench,repos/mlsys-io_PortfolioBench/strategy/TrendAtrStrategy.py,repos/mlsys-io_PortfolioBench/strategy/TrendAtrStrategy.py,original,,,,,not_applicable,original,native,true,true,613,2454,true,true,4h,false,true,false,long_only,long_only,false,strategy,unspecified,spot,spot_long,spot,not_run,,,,3067,historical_ledger,,runtime_full,provisional,mode and direction agree with static source evidence,sha256_951bd002344d4d6b54d592856acc943d1c87e2e2ad42e5c1e6e498e59a21e2f9
TripleEmaStrategy,TripleEmaStrategy:9e11c65ddcfb,TripleEmaStrategy,mlsys-io/PortfolioBench,repos/mlsys-io_PortfolioBench/strategy/TripleEmaStrategy.py,repos/mlsys-io_PortfolioBench/strategy/TripleEmaStrategy.py,original,,,,,not_applicable,original,native,true,true,4621,13049,true,true,5m,absent,true,false,long_only,long_only,false,strategy,unspecified,spot,spot_long,spot,not_run,,,,17670,historical_ledger,,runtime_full,provisional,mode and direction agree with static source evidence,sha256_9e11c65ddcfbc581ae1b6fa5cc07f24ddf13d2c5b894c01369f942a9ae356664
TrixSignalStrategy,TrixSignalStrategy:9eae9669c0a2,TrixSignalStrategy,mlsys-io/PortfolioBench,repos/mlsys-io_PortfolioBench/strategy/TrixSignalStrategy.py,repos/mlsys-io_PortfolioBench/strategy/TrixSignalStrategy.py,original,,,,,not_applicable,original,native,true,true,5071,12814,true,true,5m,absent,true,false,long_only,long_only,false,strategy,unspecified,spot,spot_long,spot,not_run,,,,17885,historical_ledger,,runtime_full,provisional,mode and direction agree with static source evidence,sha256_9eae9669c0a2dd0a39b8fff13c538dd18b9028f0e570e15fd5d2caf607f5ce1d
VolumeBreakoutStrategy,VolumeBreakoutStrategy:67136cbb6998,VolumeBreakoutStrategy,mlsys-io/PortfolioBench,repos/mlsys-io_PortfolioBench/strategy/VolumeBreakoutStrategy.py,repos/mlsys-io_PortfolioBench/strategy/VolumeBreakoutStrategy.py,original,,,,,not_applicable,original,native,true,true,7556,9008,true,true,5m,false,true,false,long_only,long_only,false,strategy,unspecified,spot,spot_long,spot,not_run,,,,16564,historical_ledger,,runtime_full,provisional,mode and direction agree with static source evidence,sha256_67136cbb6998141e9a541794f8d6a78c8188a7ea914ba510d2c6acca06f6865a
VortexStrategy,VortexStrategy:2c4e17d1a332,VortexStrategy,mlsys-io/PortfolioBench,repos/mlsys-io_PortfolioBench/strategy/VortexStrategy.py,repos/mlsys-io_PortfolioBench/strategy/VortexStrategy.py,original,,,,,not_applicable,original,native,true,true,15221,14566,true,true,5m,absent,true,false,long_only,long_only,false,strategy,unspecified,spot,spot_long,spot,not_run,,,,29787,historical_ledger,,runtime_full,provisional,mode and direction agree with static source evidence,sha256_2c4e17d1a33256c918726af708eb8a2a2f4dc501af3d021008202a68c26d427c
VwapReversionStrategy,VwapReversionStrategy:f19eb369d53f,VwapReversionStrategy,mlsys-io/PortfolioBench,repos/mlsys-io_PortfolioBench/strategy/VwapReversionStrategy.py,repos/mlsys-io_PortfolioBench/strategy/VwapReversionStrategy.py,original,,,,,not_applicable,original,native,true,true,8047,14269,true,true,5m,absent,true,false,long_only,long_only,false,strategy,unspecified,spot,spot_long,spot,not_run,,,,22316,historical_ledger,,runtime_full,provisional,mode and direction agree with static source evidence,sha256_f19eb369d53f561509b8c67f3408d9a1ac5dbb6f81806e38ba81b7aa0e749cba
WilliamsRStrategy,WilliamsRStrategy:29ca8d32961c,WilliamsRStrategy,mlsys-io/PortfolioBench,repos/mlsys-io_PortfolioBench/strategy/WilliamsRStrategy.py,repos/mlsys-io_PortfolioBench/strategy/WilliamsRStrategy.py,original,,,,,not_applicable,original,native,true,true,11547,15377,true,true,5m,absent,true,false,long_only,long_only,false,strategy,unspecified,spot,spot_long,spot,not_run,,,,26924,historical_ledger,,runtime_full,provisional,mode and direction agree with static source evidence,sha256_29ca8d32961c43869dbdb9fd4205206f22fa1b15d182e182b6a4fca028c862c6
ZScoreMeanReversionStrategy,ZScoreMeanReversionStrategy:c7920975d8dd,ZScoreMeanReversionStrategy,mlsys-io/PortfolioBench,repos/mlsys-io_PortfolioBench/strategy/ZScoreMeanReversionStrategy.py,repos/mlsys-io_PortfolioBench/strategy/ZScoreMeanReversionStrategy.py,original,,,,,not_applicable,original,native,true,true,5,32,true,true,4h,false,true,false,long_only,long_only,false,strategy,unspecified,spot,spot_long,spot,not_run,,,,37,historical_ledger,,runtime_full,provisional,mode and direction agree with static source evidence,sha256_c7920975d8dd0810200d0c4d8edd7472df78895259b822cd189c5fef05eade05
adaptive_trend,adaptive_trend:61efb0b6ba37,adaptive_trend,mlsys-io/PortfolioBench,repos/mlsys-io_PortfolioBench/strategy/adaptive_trend/adaptive_trend.py,repos/mlsys-io_PortfolioBench/strategy/adaptive_trend/adaptive_trend.py,original,,,,,not_applicable,original,native,true,true,65,257,true,true,4h,false,true,true,long_short,long_only,false,strategy,futures,spot,spot_long,spot,not_run,,,,322,historical_ledger,,runtime_full,review,enter_short is dormant without a literal can_short=true,sha256_61efb0b6ba37ddcea04199685cb1d4b975f419d42ae58cf1cd56b7e16ad316f5
beta_factors_model,beta_factors_model:08ea4ba32ec4,beta_factors_model,mlsys-io/PortfolioBench,repos/mlsys-io_PortfolioBench/strategy/crypto_factors_regression/beta_factors_model.py,repos/mlsys-io_PortfolioBench/strategy/crypto_factors_regression/beta_factors_model.py,original,,,,,not_applicable,original,native,true,false,,,false,false,1w,false,true,false,long_only,long_only,false,strategy,unspecified,spot,spot_long,,not_run,,,,,,,static_code,provisional,mode and direction agree with static source evidence,sha256_08ea4ba32ec4c7a219cd215b0fde1d1964c0fd16d414de256211e524970c4a5b
DualModelPolymarketPortfolio,DualModelPolymarketPortfolio:b5657298b51b,DualModelPolymarketPortfolio,mlsys-io/PortfolioBench,repos/mlsys-io_PortfolioBench/user_data/strategies/DualModelPolymarketPortfolio.py,repos/mlsys-io_PortfolioBench/user_data/strategies/DualModelPolymarketPortfolio.py,original,,,,,not_applicable,original,native,true,false,,,false,false,1h,false,true,false,long_only,long_only,false,strategy,unspecified,spot,spot_long,,not_run,,,,,,,static_code,provisional,mode and direction agree with static source evidence,sha256_b5657298b51bf2b989c6948a32c90d20f47f53f549277d1dd9062d93b94d6f67
ONS_Portfolio,ONS_Portfolio:3cba87a36373,ONS_Portfolio,mlsys-io/PortfolioBench,repos/mlsys-io_PortfolioBench/user_data/strategies/ONS.py,repos/mlsys-io_PortfolioBench/user_data/strategies/ONS.py,original,,,,,not_applicable,original,native,true,false,,,false,false,5m,absent,true,false,long_only,long_only,false,strategy,unspecified,spot,spot_long,,not_run,,,,,,,static_code,provisional,mode and direction agree with static source evidence,sha256_3cba87a36373a72a291ddcfdd52b4d0eb979289d0dd53e88eecc0f0c765df2b9
BestSingleAssetPortfolio,BestSingleAssetPortfolio:4bed0c1f754c,BestSingleAssetPortfolio,mlsys-io/PortfolioBench,repos/mlsys-io_PortfolioBench/user_data/strategies/best_single_asset.py,repos/mlsys-io_PortfolioBench/user_data/strategies/best_single_asset.py,original,,,,,not_applicable,original,native,true,false,,,false,false,1d,absent,true,false,long_only,long_only,false,strategy,unspecified,spot,spot_long,,not_run,,,,,,,static_code,provisional,mode and direction agree with static source evidence,sha256_4bed0c1f754c67c45f578085440d25fc6a9780ca4725cd3ae6deae02e23752f8
ExponentialGradientPortfolio,ExponentialGradientPortfolio:7b02d9f23469,ExponentialGradientPortfolio,mlsys-io/PortfolioBench,repos/mlsys-io_PortfolioBench/user_data/strategies/exp_gradient.py,repos/mlsys-io_PortfolioBench/user_data/strategies/exp_gradient.py,original,,,,,not_applicable,original,native,true,false,,,false,false,5m,absent,true,false,long_only,long_only,false,strategy,unspecified,spot,spot_long,,not_run,,,,,,,static_code,provisional,mode and direction agree with static source evidence,sha256_7b02d9f2346910baec791be23cafafb71b2c94fcbffc141e1bae3f43fb5489d2
InverseVolatilityPortfolio,InverseVolatilityPortfolio:72b09bfee3e1,InverseVolatilityPortfolio,mlsys-io/PortfolioBench,repos/mlsys-io_PortfolioBench/user_data/strategies/inv_vol.py,repos/mlsys-io_PortfolioBench/user_data/strategies/inv_vol.py,original,,,,,not_applicable,original,native,true,true,6,18,true,true,1d,absent,true,false,long_only,long_only,false,strategy,unspecified,spot,spot_long,spot,not_run,,,,24,historical_ledger,,runtime_full,provisional,mode and direction agree with static source evidence,sha256_72b09bfee3e1c5cc4ddb01ae5294845a4ca2bb5ffd5044c4a60b8891d243dd64
MaxSharpePortfolio,MaxSharpePortfolio:84faf7b45c84,MaxSharpePortfolio,mlsys-io/PortfolioBench,repos/mlsys-io_PortfolioBench/user_data/strategies/max_sharpe.py,repos/mlsys-io_PortfolioBench/user_data/strategies/max_sharpe.py,original,,,,,not_applicable,original,native,true,true,11,61,true,true,1d,absent,true,false,long_only,long_only,false,strategy,unspecified,spot,spot_long,spot,not_run,,,,72,historical_ledger,,runtime_full,provisional,mode and direction agree with static source evidence,sha256_84faf7b45c84795b01661fbce3483afc6aa70dfb671806c7f47c4dede867bc03
MinimumVariancePortfolio,MinimumVariancePortfolio:b4245dfd2479,MinimumVariancePortfolio,mlsys-io/PortfolioBench,repos/mlsys-io_PortfolioBench/user_data/strategies/min_var.py,repos/mlsys-io_PortfolioBench/user_data/strategies/min_var.py,original,,,,,not_applicable,original,native,true,true,11,105,true,true,1d,absent,true,false,long_only,long_only,false,strategy,unspecified,spot,spot_long,spot,not_run,,,,116,historical_ledger,,runtime_full,provisional,mode and direction agree with static source evidence,sha256_b4245dfd2479a35699f7e6f8e991bd59d0fe7f26944075c5f2417b296c0300c0
PolymarketPortfolio,PolymarketPortfolio:e2e94d910e9b,PolymarketPortfolio,mlsys-io/PortfolioBench,repos/mlsys-io_PortfolioBench/user_data/strategies/polymarket_portfolio.py,repos/mlsys-io_PortfolioBench/user_data/strategies/polymarket_portfolio.py,original,,,,,not_applicable,original,native,true,true,47,358,true,true,4h,absent,true,false,long_only,long_only,false,strategy,unspecified,spot,spot_long,spot,not_run,,,,405,historical_ledger,,runtime_full,provisional,mode and direction agree with static source evidence,sha256_e2e94d910e9b342d1e9164df8d5b6adbe4e3e8a96fa41f9551e8ea4eb9018f33
RiskParityPortfolio,RiskParityPortfolio:50273073b255,RiskParityPortfolio,mlsys-io/PortfolioBench,repos/mlsys-io_PortfolioBench/user_data/strategies/risk_parity.py,repos/mlsys-io_PortfolioBench/user_data/strategies/risk_parity.py,original,,,,,not_applicable,original,native,true,true,6,17,true,true,1d,absent,true,false,long_only,long_only,false,strategy,unspecified,spot,spot_long,spot,not_run,,,,23,historical_ledger,,runtime_full,provisional,mode and direction agree with static source evidence,sha256_50273073b25558dc3fbb8c1f8913307e6cb5172c13d4e44745ff71d320912273
BasketStrategy,BasketStrategy:62db440f4ec0,BasketStrategy,nateemma/strategies,repos/nateemma_strategies/Basket/BasketStrategy.py,repos/nateemma_strategies/Basket/BasketStrategy.py,original,,,,,not_applicable,original,native,true,false,,,false,false,4h,false,true,false,long_only,long_only,false,strategy,unspecified,spot,spot_long,,not_run,,,,,,,static_code,provisional,mode and direction agree with static source evidence,sha256_62db440f4ec07787035098b2ff2cb1181a7d1b6c7beef12c7a8e8cc0370ac0d1
MomentumRegimeBasket,MomentumRegimeBasket:6992337acd7a,MomentumRegimeBasket,nateemma/strategies,repos/nateemma_strategies/Basket/MomentumRegimeBasket.py,repos/nateemma_strategies/Basket/MomentumRegimeBasket.py,original,,,,,not_applicable,original,native,true,true,52,293,true,true,1d,false,true,false,long_only,long_only,false,strategy,unspecified,spot,spot_long,spot,not_run,,,,345,historical_ledger,,runtime_full,provisional,mode and direction agree with static source evidence,sha256_6992337acd7a8120fefd353186183b21bff62c117971ef6cfb9bf4c5ac0af1ba
MomentumRegimeBasket15m,MomentumRegimeBasket15m:829b82907c19,MomentumRegimeBasket15m,nateemma/strategies,repos/nateemma_strategies/Basket/MomentumRegimeBasket15m.py,repos/nateemma_strategies/Basket/MomentumRegimeBasket15m.py,original,,,,,not_applicable,original,native,true,false,,,false,false,15m,false,true,false,long_only,long_only,false,strategy,unspecified,spot,spot_long,,not_run,,,,,,,static_code,provisional,mode and direction agree with static source evidence,sha256_829b82907c19eb0caa38181123727b8a2ae71ab9fa0594dd5dbdf7e041dbf432
BaseStrategy,BaseStrategy:95853455a615,BaseStrategy,nateemma/strategies,repos/nateemma_strategies/Framework/BaseStrategy.py,repos/nateemma_strategies/Framework/BaseStrategy.py,original,,,,,not_applicable,original,native,true,false,,,false,false,15m,absent,true,false,long_only,long_only,false,strategy,unspecified,spot,spot_long,,not_run,,,,,,,static_code,provisional,mode and direction agree with static source evidence,sha256_95853455a61512bd3fa1ca673e3b37b235a2d76266eda39e3482439f89665cf8
FundingCarry,FundingCarry:8be37d5f04e7,FundingCarry,nateemma/strategies,repos/nateemma_strategies/Funding/FundingCarry.py,repos/nateemma_strategies/Funding/FundingCarry.py,original,,,,,not_applicable,original,native,true,false,,,false,false,1h,false,true,false,long_only,long_only,false,strategy,unspecified,spot,spot_long,,not_run,,,,,,,static_code,provisional,mode and direction agree with static source evidence,sha256_8be37d5f04e754b03762bb547b6a44183735010de9c1b69ebdc5a5ad3b9b4084
BuyRegions,BuyRegions:837173d07b03,BuyRegions,nateemma/strategies,repos/nateemma_strategies/TSPredict/BuyRegions.py,repos/nateemma_strategies/TSPredict/BuyRegions.py,repaired,class1,environment_compatibility,,,strict_equivalent,original+compatibility-environment,native,true,false,,,false,true,5m,false,true,false,long_only,long_only,false,strategy,unspecified,spot,spot_long,spot,not_run,,,,4672,class1_result_card,,static_code,provisional,mode and direction agree with static source evidence,sha256_837173d07b03ad4b83d9fd3520bac1ecc0c4494413f41c0b88b2c4e99924d6b9
Proton,Proton:8e806ac9c4f6,Proton,obseries/freqtrade-strategy-ichiv1,repos/obseries_freqtrade-strategy-ichiv1/user_data/strategies/proton.py,repos/obseries_freqtrade-strategy-ichiv1/user_data/strategies/proton.py,original,,,blocked_missing_author_config,,not_applicable,original,native,true,false,,,false,false,3m,true,true,true,long_short,long_short,true,strategy,futures,futures,futures_long_short,,failed,20200301-20200401,,,,,sha256_ae8c9b9335a9953419658f2c252edbd86aedede9b3e14a33acb8f7d47faba7e6,static_code,provisional,mode and direction agree with static source evidence,sha256_8e806ac9c4f68c21a6bf2634e125afe5e03ff16f5ab2b16f3fd9247c712d18a2
ClucHAnix_5M_E0V1E,ClucHAnix_5M_E0V1E:5ff6ead9232e,ClucHAnix_5M_E0V1E,phuchust/freqtrade_strategy,repos/phuchust_freqtrade_strategy/ClucHAnix_5M_E0V1E_DYNAMIC_TB.py,repos/phuchust_freqtrade_strategy/ClucHAnix_5M_E0V1E_DYNAMIC_TB.py,original,,,,,not_applicable,original,native,true,true,1232,4227,true,true,5m,absent,true,false,long_only,long_only,false,strategy,unspecified,spot,spot_long,spot,not_run,,,,5459,historical_ledger,,runtime_full,provisional,mode and direction agree with static source evidence,sha256_5ff6ead9232e02d8d39a855da7e393c4a812cc4c050499d168045faefcf61971
bbandrsi,bbandrsi:da1704cb344a,bbandrsi,phuchust/freqtrade_strategy,repos/phuchust_freqtrade_strategy/bbandrsi.py,repos/phuchust_freqtrade_strategy/bbandrsi.py,original,,,,,not_applicable,original,native,true,true,1528,5230,true,true,15m,absent,true,false,long_only,long_only,false,strategy,unspecified,spot,spot_long,spot,not_run,,,,6758,historical_ledger,,runtime_full,provisional,mode and direction agree with static source evidence,sha256_da1704cb344a370f1aa6cd433d5c6e60e0a826c918fad886509a8ea2b4adaba4
FlawlessVictory,FlawlessVictory:39a22333a9a7,FlawlessVictory,seannowotny/FlawlessVictoryPort,repos/seannowotny_FlawlessVictoryPort/user_data/strategies/flawless_victory_v1.py,repos/seannowotny_FlawlessVictoryPort/user_data/strategies/flawless_victory_v1.py,original,,,,,not_applicable,original,native,true,true,2737,9503,true,true,15m,absent,true,false,long_only,long_only,false,strategy,unspecified,spot,spot_long,spot,not_run,,,,12240,historical_ledger,,runtime_full,provisional,mode and direction agree with static source evidence,sha256_39a22333a9a7eb02c4ea537ea2e940820ca12e217ca614cf8fc2c5c955f55720
Cluckie,Cluckie:6b9bfe8cf7b7,Cluckie,werkkrew/freqtrade-strategies,repos/werkkrew_freqtrade-strategies/strategies/archived/Cluckie.py,repos/werkkrew_freqtrade-strategies/strategies/archived/Cluckie.py,original,,,,,not_applicable,original,native,true,false,,,false,false,5m,absent,true,false,long_only,long_only,false,strategy,unspecified,spot,spot_long,,not_run,,,,,,,static_code,provisional,mode and direction agree with static source evidence,sha256_6b9bfe8cf7b74a4b8e73d3f8509e18f588e5171c8212dab8c370325964f3289b
Enchilada,Enchilada:454091165d54,Enchilada,werkkrew/freqtrade-strategies,repos/werkkrew_freqtrade-strategies/strategies/archived/Enchilada.py,repos/werkkrew_freqtrade-strategies/strategies/archived/Enchilada.py,original,,,,,not_applicable,original,native,true,false,,,false,false,5m,absent,true,false,long_only,long_only,false,strategy,unspecified,spot,spot_long,,not_run,,,,,,,static_code,provisional,mode and direction agree with static source evidence,sha256_454091165d54a030a3a56f157687513b74eeeab1ecc009657553041299584e1e
Hacklemore,Hacklemore:59d29a14de56,Hacklemore,werkkrew/freqtrade-strategies,repos/werkkrew_freqtrade-strategies/strategies/archived/Hacklemore.py,repos/werkkrew_freqtrade-strategies/strategies/archived/Hacklemore.py,original,,,,,not_applicable,original,native,true,false,,,false,false,5m,absent,true,false,long_only,long_only,false,strategy,unspecified,spot,spot_long,,not_run,,,,,,,static_code,provisional,mode and direction agree with static source evidence,sha256_59d29a14de566957d3e884612a4a412d4c33b874c06adcd3fc2cfb86c907788e
Hacklemost,Hacklemost:fd83de8715e6,Hacklemost,werkkrew/freqtrade-strategies,repos/werkkrew_freqtrade-strategies/strategies/archived/Hacklemost.py,repos/werkkrew_freqtrade-strategies/strategies/archived/Hacklemost.py,original,,,,,not_applicable,original,native,true,true,10,158,true,true,5m,absent,true,false,long_only,long_only,false,strategy,unspecified,spot,spot_long,spot,not_run,,,,168,historical_ledger,,runtime_full,provisional,mode and direction agree with static source evidence,sha256_fd83de8715e6d1286f1aa37fbdb60ea36cae985e194ccbe8bb075c5744386ad4
ichi,ichi:0b9e9bb15a26,ichi,werkkrew/freqtrade-strategies,repos/werkkrew_freqtrade-strategies/strategies/archived/Ichis.py,repos/werkkrew_freqtrade-strategies/strategies/archived/Ichis.py,original,,,,,not_applicable,original,native,true,true,1192,4733,true,true,1h,absent,true,false,long_only,long_only,false,strategy,unspecified,spot,spot_long,spot,not_run,,,,5925,historical_ledger,,runtime_full,provisional,mode and direction agree with static source evidence,sha256_0b9e9bb15a26eccce593c9a7c1ee4179d7962afdb09d929375b8463c12de8bad
KAMACCIRSI_new,KAMACCIRSI_new:24fc7b159912,KAMACCIRSI_new,werkkrew/freqtrade-strategies,repos/werkkrew_freqtrade-strategies/strategies/archived/KAMACCIRSI.py,repos/werkkrew_freqtrade-strategies/strategies/archived/KAMACCIRSI.py,original,,,,,not_applicable,original,native,true,true,68,121,true,true,5m,absent,true,false,long_only,long_only,false,strategy,unspecified,spot,spot_long,spot,not_run,,,,189,historical_ledger,,runtime_full,provisional,mode and direction agree with static source evidence,sha256_24fc7b1599128ace8dde8b99206504192c966222e6863cf3a379929811fa32a8
Lateralus,Lateralus:0b5ca6b45113,Lateralus,werkkrew/freqtrade-strategies,repos/werkkrew_freqtrade-strategies/strategies/archived/Lateralus.py,repos/werkkrew_freqtrade-strategies/strategies/archived/Lateralus.py,repaired,class1,environment_compatibility,,,strict_equivalent,original+compatibility-environment,native,true,false,399,,false,true,5m,absent,true,false,long_only,long_only,false,strategy,unspecified,spot,spot_long,spot,not_run,,,,3077,class1_result_card,,static_code,provisional,mode and direction agree with static source evidence,sha256_0b5ca6b451137201ca3e351506fbbc3d4028ce98d18300f2c61b54f14f3cbc88
gettinMoist,gettinMoist:ae9eaec73a13,gettinMoist,werkkrew/freqtrade-strategies,repos/werkkrew_freqtrade-strategies/strategies/archived/gettinMoist.py,repos/werkkrew_freqtrade-strategies/strategies/archived/gettinMoist.py,original,,,,,not_applicable,original,native,true,true,5122,14914,true,true,5m,absent,true,false,long_only,long_only,false,strategy,unspecified,spot,spot_long,spot,not_run,,,,20036,historical_ledger,,runtime_full,provisional,mode and direction agree with static source evidence,sha256_ae9eaec73a13d6225437979750228f5238d222c66df844aea4e393bb864a9534
