strategy,repo,file,population,code_md5,plan_md5,is_trades,is_exp,is_p,is_market,os_trades,os_exp,os_p,os_total,os_market,os_avg_pct,os_ci_low,beats_bh,lookahead,recursive,recursive_kind,traps_n,traps,dur_over_candle,dropped_at,survives_through
A9AV,jaredrsommer/freqtradestrategies,repos/jaredrsommer_freqtradestrategies/A9AV.py,corpus,590bf74986c5,a039f448c17bed72,,,,,,,,,,,,,NA,FOUND,refused_no_warmup,0,,,G0_measured,E0
ActionZone,PeetCrypto/freqtrade-stuff,repos/PeetCrypto_freqtrade-stuff/ActionZone.py,corpus,590bf74986c5,a039f448c17bed72,97,6.11,0.1086,-45.75,464,4.39,0.02769,203.8,352.61,4.31,0.4731,False,NA,FOUND,drift_measured,0,,12.78,G3_is_sig,E0
adaptive,davidzr/freqtrade-strategies,repos/davidzr_freqtrade-strategies/strategies/adaptive/adaptive.py,corpus,590bf74986c5,a039f448c17bed72,94,1.73,3.711e-05,-58.23,553,0.16,0.5226,9.11,346.34,0.16,-0.3305,False,NA,FOUND,refused_no_warmup,0,,31.0,G5_os_sig,E0
adaptive_trend,mlsys-io/PortfolioBench,repos/mlsys-io_PortfolioBench/strategy/adaptive_trend/adaptive_trend.py,corpus,590bf74986c5,a039f448c17bed72,65,-2.72,0.4783,-44.46,257,23.62,0.2202,607.08,340.8,11.06,-6.6216,True,NA,PASS,,0,,356.99,G2_is_pos,E0
AdaptiveMAStrategy,mlsys-io/PortfolioBench,repos/mlsys-io_PortfolioBench/strategy/AdaptiveMAStrategy.py,corpus,590bf74986c5,a039f448c17bed72,3237,-0.2,9.271e-42,-58.48,,,,,,,,,PASS,FOUND,drift_measured,0,,,G0_measured,E0
AdaptiveRenkoStrategy,HeyMrRobot/Freqtrade-Adaptive-Renko-Strategy,repos/HeyMrRobot_Freqtrade-Adaptive-Renko-Strategy/AdaptiveRenkoStrategy.py,corpus,590bf74986c5,a039f448c17bed72,,,,,,,,,,,,,NA,PASS,,0,,,G0_measured,E0
AdvancedRiskFilterStrategy,DonaldSimpson/remora-freqtrade,repos/DonaldSimpson_remora-freqtrade/examples/advanced_risk_filter_strategy.py,corpus,590bf74986c5,a039f448c17bed72,,,,,,,,,,,,,NA,PASS,,0,,,G0_measured,E0
ADX_15M_USDT,PeetCrypto/freqtrade-stuff,repos/PeetCrypto_freqtrade-stuff/ADX_15M_USDT.py,corpus,590bf74986c5,a039f448c17bed72,,,,,,,,,,,,,NA,NA,,0,,,G0_measured,E0
ADX_15M_USDT2,davidzr/freqtrade-strategies,repos/davidzr_freqtrade-strategies/strategies/ADX_15M_USDT2/ADX_15M_USDT2.py,corpus,590bf74986c5,a039f448c17bed72,,,,,,,,,,,,,NA,NA,,0,,,G0_measured,E0
adx_opt_strat,davidzr/freqtrade-strategies,repos/davidzr_freqtrade-strategies/strategies/adx_opt_strat/adx_opt_strat.py,corpus,590bf74986c5,a039f448c17bed72,,,,,,,,,,,,,NA,NA,,0,,,G0_measured,E0
adxbbrsi2,davidzr/freqtrade-strategies,repos/davidzr_freqtrade-strategies/strategies/adxbbrsi2/adxbbrsi2.py,corpus,590bf74986c5,a039f448c17bed72,179,0.46,0.2955,-59.31,562,-0.21,0.4843,-11.98,348.67,-0.09,-0.3422,False,PASS,FOUND,drift_measured,0,,63.65,G3_is_sig,E0
ADXMomentum,PeetCrypto/freqtrade-stuff,repos/PeetCrypto_freqtrade-stuff/ADXMomentum.py,corpus,590bf74986c5,a039f448c17bed72,20,0.16,0.7087,-59.31,63,-0.61,0.1589,-3.84,348.67,-0.5,-1.1956,False,NA,PASS,,1,tight ROI on a long timeframe,11.4,G1_trades,E0
AdxSmas,PeetCrypto/freqtrade-stuff,repos/PeetCrypto_freqtrade-stuff/AdxSmas.py,corpus,590bf74986c5,a039f448c17bed72,1530,-0.29,0.02062,-58.4,5474,-0.15,0.03616,-82.85,348.67,-0.18,-0.3484,False,NA,PASS,,0,,32.18,G2_is_pos,E0
AdxSmasS,MelvynClark/Freqtrade-Strategy,repos/MelvynClark_Freqtrade-Strategy/AdxSmas - S.py,corpus,590bf74986c5,a039f448c17bed72,,,,,,,,,,,,,NA,NA,,0,,,G0_measured,E0
AdxStrengthStrategy,mlsys-io/PortfolioBench,repos/mlsys-io_PortfolioBench/strategy/AdxStrengthStrategy.py,corpus,590bf74986c5,a039f448c17bed72,5560,-0.15,1.13e-61,-58.52,11392,-0.08,1.288e-64,-96.58,346.34,-0.24,,False,PASS,FOUND,drift_measured,0,,15.6,G2_is_pos,E0
AlexBattleTankKiller,jaredrsommer/freqtradestrategies,repos/jaredrsommer_freqtradestrategies/AlexBattleTankKiller.py,corpus,590bf74986c5,a039f448c17bed72,264,-0.18,0.2541,-59.17,,,,,,,,,FOUND,FOUND,drift_measured,0,,,G0_measured,E0
AlexBattleTankKillerV3,jaredrsommer/freqtradestrategies,repos/jaredrsommer_freqtradestrategies/AlexBattleTankKillerV3.py,corpus,590bf74986c5,a039f448c17bed72,,,,,,,,,,,,,FOUND,FOUND,drift_measured,0,,,G0_measured,E0
AlexBattleTankKillerV40H,jaredrsommer/freqtradestrategies,repos/jaredrsommer_freqtradestrategies/AlexBattleTankKillerV4H.py,corpus,590bf74986c5,a039f448c17bed72,1072,-0.12,0.000138,-54.03,3898,-0.05,0.0001232,-21.04,348.67,-0.21,-0.3172,False,FOUND,PASS,,0,,16.2,G2_is_pos,E0
AlexBTK_CT,jaredrsommer/freqtradestrategies,repos/jaredrsommer_freqtradestrategies/AlexBTK_CT.py,corpus,590bf74986c5,a039f448c17bed72,264,-0.18,0.2541,-59.17,,,,,,,,,FOUND,FOUND,drift_measured,0,,,G0_measured,E0
AlligatorStrat,PeetCrypto/freqtrade-stuff,repos/PeetCrypto_freqtrade-stuff/AlligatorStrat.py,corpus,590bf74986c5,a039f448c17bed72,,,,,,,,,,,,,NA,NA,,0,,,G0_measured,E0
AlligatorStrategy,PeetCrypto/freqtrade-stuff,repos/PeetCrypto_freqtrade-stuff/AlligatorStrategy.py,corpus,590bf74986c5,a039f448c17bed72,344,2.91,0.002122,-54.03,1495,4.21,0.06972,629.58,348.67,1.46,-0.1177,True,NA,FOUND,drift_measured,0,,83.82,G5_os_sig,E0
AlmgrenChrissStrategy,freqtrade/freqtrade-strategies,repos/freqtrade_freqtrade-strategies/user_data/strategies/AlmgrenChrissStrategy.py,corpus,590bf74986c5,a039f448c17bed72,,,,,,,,,,,,,NA,NA,,0,,,G0_measured,E0
AlwaysBuy,davidzr/freqtrade-strategies,repos/davidzr_freqtrade-strategies/strategies/AlwaysBuy/AlwaysBuy.py,corpus,590bf74986c5,a039f448c17bed72,11069,-0.09,2.111e-18,-58.23,21290,-0.05,4.148e-11,-96.88,346.34,-0.1,-0.1297,False,PASS,FOUND,refused_no_warmup,0,,60.0,G2_is_pos,E0
Apollo11,PeetCrypto/freqtrade-stuff,repos/PeetCrypto_freqtrade-stuff/Apollo11 (1).py,corpus,590bf74986c5,a039f448c17bed72,1495,-0.51,1.494e-05,-59.37,4883,-0.2,0.01694,-96.67,345.85,-0.42,-0.7647,False,NA,FOUND,drift_measured,0,,273.07,G2_is_pos,E0
ARIMA_15,TheoBrigitte/freqtrade,repos/TheoBrigitte_freqtrade/strategies/arima/ARIMA_15.py,corpus,590bf74986c5,a039f448c17bed72,,,,,,,,,,,,,NA,PASS,,0,,,G0_measured,E0
ARIMASTR,TheoBrigitte/freqtrade,repos/TheoBrigitte_freqtrade/strategies/arima/ARIMA_5.py,corpus,590bf74986c5,a039f448c17bed72,,,,,,,,,,,,,NA,PASS,,0,,,G0_measured,E0
AroonTrendStrategy,mlsys-io/PortfolioBench,repos/mlsys-io_PortfolioBench/strategy/AroonTrendStrategy.py,corpus,590bf74986c5,a039f448c17bed72,10297,-0.09,8.593e-69,-58.37,13974,-0.07,9.778e-36,-96.57,346.34,-0.19,,False,PASS,FOUND,drift_measured,0,,17.8,G2_is_pos,E0
ASDTSRockwellTrading,Foxel05/freqtrade-stuff,repos/Foxel05_freqtrade-stuff/strategies/ASDTSRockwellTrading.py,corpus,590bf74986c5,a039f448c17bed72,16298,-0.06,1.36e-65,-58.23,13654,-0.07,1.255e-42,-96.57,346.34,-0.2,,False,PASS,FOUND,refused_no_warmup,0,,9.0,G2_is_pos,E0
Astro,jaredrsommer/freqtradestrategies,repos/jaredrsommer_freqtradestrategies/Astro.py,corpus,590bf74986c5,a039f448c17bed72,,,,,,,,,,,,,NA,NA,,0,,,G0_measured,E0
AstroQAV4,jaredrsommer/freqtradestrategies,repos/jaredrsommer_freqtradestrategies/AstroQAV4.py,corpus,590bf74986c5,a039f448c17bed72,,,,,,,,,,,,,NA,NA,,0,,,G0_measured,E0
AtrTrailingStopStrategy,mlsys-io/PortfolioBench,repos/mlsys-io_PortfolioBench/strategy/AtrTrailingStopStrategy.py,corpus,590bf74986c5,a039f448c17bed72,13018,-0.07,1.68e-91,-58.52,11920,-0.08,6.232e-90,-96.57,346.34,-0.23,,False,PASS,FOUND,drift_measured,0,,8.8,G2_is_pos,E0
Auto_EI_t4c0s,TheoBrigitte/freqtrade,repos/TheoBrigitte_freqtrade/strategies/ei/Auto_EI_t4c0s.py,corpus,590bf74986c5,a039f448c17bed72,147,-1.39,0.004866,-59.05,241,-0.67,0.1178,-16.21,346.34,-0.48,-1.0815,False,FOUND,FOUND,drift_measured,0,,111.0,G2_is_pos,E0
AutoArimaTripleV1,PeetCrypto/freqtrade-stuff,repos/PeetCrypto_freqtrade-stuff/AutoArimaTripleV1.py,corpus,590bf74986c5,a039f448c17bed72,,,,,,,,,,,,,NA,PASS,,0,,,G0_measured,E0
AverageStrategy,PeetCrypto/freqtrade-stuff,repos/PeetCrypto_freqtrade-stuff/AverageStrategy.py,corpus,590bf74986c5,a039f448c17bed72,600,0.7,0.1874,-57.43,2275,1.49,0.1035,340.05,340.8,0.72,-0.1468,False,NA,PASS,,0,,20.28,G3_is_sig,E0
AwesomeMacd,MelvynClark/Freqtrade-Strategy,repos/MelvynClark_Freqtrade-Strategy/AwesomeMACD/AwesomeMacd.py,corpus,590bf74986c5,a039f448c17bed72,831,-0.23,0.3116,-58.4,3158,-0.14,0.3865,-42.77,348.67,-0.08,-0.2611,False,PASS,FOUND,refused_no_warmup,0,,50.78,G2_is_pos,E0
AwesomeMacdS,MelvynClark/Freqtrade-Strategy,repos/MelvynClark_Freqtrade-Strategy/AwesomeMACD/AwesomeMacdS.py,corpus,590bf74986c5,a039f448c17bed72,,,,,,,,,,,,,NA,FOUND,refused_no_warmup,0,,,G0_measured,E0
Babico_SMA5xBBmid,davidzr/freqtrade-strategies,repos/davidzr_freqtrade-strategies/strategies/Babico_SMA5xBBmid/Babico_SMA5xBBmid.py,corpus,590bf74986c5,a039f448c17bed72,15,-23.23,0.1316,-59.68,64,67.47,0.2134,431.84,352.61,33.16,-19.0743,True,NA,FOUND,refused_no_warmup,0,,243.17,G1_trades,E0
Bandtastic,TheoBrigitte/freqtrade,repos/TheoBrigitte_freqtrade/strategies/freqtrade-strategies/Bandtastic.py,corpus,590bf74986c5,a039f448c17bed72,7384,-0.12,5.092e-14,-58.11,21361,-0.05,0.0254,-96.81,345.85,-0.1,-0.1877,False,PASS,FOUND,refused_no_warmup,0,,35.0,G2_is_pos,E0
BaseStrategy,nateemma/strategies,repos/nateemma_strategies/Framework/BaseStrategy.py,corpus,590bf74986c5,a039f448c17bed72,,,,,,,,,,,,,NA,PASS,,0,,,G0_measured,E0
BasketStrategy,nateemma/strategies,repos/nateemma_strategies/Basket/BasketStrategy.py,corpus,590bf74986c5,a039f448c17bed72,,,,,,,,,,,,,NA,PASS,,0,,,G0_measured,E0
BB_RPB_3c,PeetCrypto/freqtrade-stuff,repos/PeetCrypto_freqtrade-stuff/BB_RPB_3c.py,corpus,590bf74986c5,a039f448c17bed72,,,,,,,,,,,,,NA,PASS,,0,,,G0_measured,E0
BB_RPB_TSL,PeetCrypto/freqtrade-stuff,repos/PeetCrypto_freqtrade-stuff/BB_RPB_TSL.py,corpus,590bf74986c5,a039f448c17bed72,,,,,,,,,,,,,NA,NA,,0,,,G0_measured,E0
BB_RPB_TSL_2,davidzr/freqtrade-strategies,repos/davidzr_freqtrade-strategies/strategies/BB_RPB_TSL_2/BB_RPB_TSL_2.py,corpus,590bf74986c5,a039f448c17bed72,,,,,,,,,,,,,NA,NA,,0,,,G0_measured,E0
BB_RPB_TSL_BI,PeetCrypto/freqtrade-stuff,repos/PeetCrypto_freqtrade-stuff/BB_RPB_TSL_BI.py,corpus,590bf74986c5,a039f448c17bed72,,,,,,,,,,,,,NA,NA,,0,,,G0_measured,E0
BB_RPB_TSL_BIV1,PeetCrypto/freqtrade-stuff,repos/PeetCrypto_freqtrade-stuff/BB_RPB_TSL_BI-v4_EWO2-v3.py,corpus,590bf74986c5,a039f448c17bed72,,,,,,,,,,,,,NA,NA,,0,,,G0_measured,E0
BB_RPB_TSL_c7c477d_20211030,davidzr/freqtrade-strategies,repos/davidzr_freqtrade-strategies/strategies/BB_RPB_TSL_c7c477d_20211030/BB_RPB_TSL_c7c477d_20211030.py,corpus,590bf74986c5,a039f448c17bed72,144,0.1,0.509,-58.23,350,-0.13,0.3842,-4.7,346.34,-0.11,-0.3578,False,FOUND,FOUND,refused_no_warmup,0,,2.2,G3_is_sig,E0
BB_RPB_TSL_RNG,PeetCrypto/freqtrade-stuff,repos/PeetCrypto_freqtrade-stuff/BB_RPB_TSL_RNG.py,corpus,590bf74986c5,a039f448c17bed72,101,1.47,4.228e-06,-58.23,677,1.84,3.237e-09,124.67,346.34,0.98,0.6555,False,NA,PASS,,0,,3.0,G6_lookahead,E0
BB_RPB_TSL_RNG_2,davidzr/freqtrade-strategies,repos/davidzr_freqtrade-strategies/strategies/BB_RPB_TSL_RNG_2/BB_RPB_TSL_RNG_2.py,corpus,590bf74986c5,a039f448c17bed72,101,1.51,3.911e-05,-58.23,675,1.88,1.279e-08,126.98,346.34,1.0,0.6555,False,PASS,FOUND,refused_no_warmup,0,,5.2,G7_recursive,E1
BB_RPB_TSL_RNG_TBS,PeetCrypto/freqtrade-stuff,repos/PeetCrypto_freqtrade-stuff/BB_RPB_TSL_RNG_TBS.py,corpus,590bf74986c5,a039f448c17bed72,101,1.47,4.228e-06,-58.23,677,1.84,3.237e-09,124.67,346.34,0.98,0.6555,False,NA,PASS,,0,,3.0,G6_lookahead,E0
BB_RPB_TSL_RNG_TBS_GOLD,PeetCrypto/freqtrade-stuff,repos/PeetCrypto_freqtrade-stuff/BB_RPB_TSL_RNG_TBS_GOLD (2).py,corpus,590bf74986c5,a039f448c17bed72,117,0.51,0.1496,-58.23,852,-0.34,0.001276,-29.2,346.34,-0.32,-0.5147,False,NA,PASS,,0,,1.2,G3_is_sig,E0
BB_RPB_TSL_RNG_VWAP,davidzr/freqtrade-strategies,repos/davidzr_freqtrade-strategies/strategies/BB_RPB_TSL_RNG_VWAP/BB_RPB_TSL_RNG_VWAP.py,corpus,590bf74986c5,a039f448c17bed72,244,1.66,7.62e-16,-58.87,1045,0.95,0.0002899,99.52,346.34,0.56,0.2571,False,PASS,FOUND,drift_measured,0,,7.6,G7_recursive,E1
BB_RPB_TSL_SMA_Tranz,PeetCrypto/freqtrade-stuff,repos/PeetCrypto_freqtrade-stuff/BB_RPB_TSL_SMA_Tranz_1_5_2_MAIN (10).py,corpus,590bf74986c5,a039f448c17bed72,,,,,,,,,,,,,NA,NA,,0,,,G0_measured,E0
BB_RPB_TSL_SMA_Tranz_TB_1_1_1,davidzr/freqtrade-strategies,repos/davidzr_freqtrade-strategies/strategies/BB_RPB_TSL_SMA_Tranz_TB_1_1_1/BB_RPB_TSL_SMA_Tranz_TB_1_1_1.py,corpus,590bf74986c5,a039f448c17bed72,,,,,,,,,,,,,NA,NA,,0,,,G0_measured,E0
BB_RPB_TSL_SMA_Tranz_TB_MOD,davidzr/freqtrade-strategies,repos/davidzr_freqtrade-strategies/strategies/BB_RPB_TSL_SMA_Tranz_TB_MOD/BB_RPB_TSL_SMA_Tranz_TB_MOD.py,corpus,590bf74986c5,a039f448c17bed72,,,,,,,,,,,,,NA,NA,,0,,,G0_measured,E0
BB_RPB_TSL_Tranz,davidzr/freqtrade-strategies,repos/davidzr_freqtrade-strategies/strategies/BB_RPB_TSL_Tranz/BB_RPB_TSL_Tranz.py,corpus,590bf74986c5,a039f448c17bed72,,,,,,,,,,,,,NA,FOUND,refused_no_warmup,0,,,G0_measured,E0
BB_RPB_TSLmeneguzzo,davidzr/freqtrade-strategies,repos/davidzr_freqtrade-strategies/strategies/BB_RPB_TSLmeneguzzo/BB_RPB_TSLmeneguzzo.py,corpus,590bf74986c5,a039f448c17bed72,,,,,,,,,,,,,NA,FOUND,refused_no_warmup,0,,,G0_measured,E0
BB_RSI,PeetCrypto/freqtrade-stuff,repos/PeetCrypto_freqtrade-stuff/BB_RSI.py,corpus,590bf74986c5,a039f448c17bed72,,,,,,,,,,,,,NA,NA,,0,,,G0_measured,E0
bb_rsi_opt_new,davidzr/freqtrade-strategies,repos/davidzr_freqtrade-strategies/strategies/bb_rsi_opt_new/bb_rsi_opt_new.py,corpus,590bf74986c5,a039f448c17bed72,,,,,,,,,,,,,NA,NA,,0,,,G0_measured,E0
BB_RTR,ShahAnuj2610/my-freqtrade,repos/ShahAnuj2610_my-freqtrade/user_data/strategies/BB_RTR.py,corpus,590bf74986c5,a039f448c17bed72,178,1.55,1.982e-08,-59.23,809,2.5,1.82e-21,202.1,346.34,1.11,,False,PASS,FOUND,drift_measured,0,,12.4,G7_recursive,E1
BB_Strategy04,PeetCrypto/freqtrade-stuff,repos/PeetCrypto_freqtrade-stuff/BB_Strategy04.py,corpus,590bf74986c5,a039f448c17bed72,,,,,,,,,,,,,NA,NA,,0,,,G0_measured,E0
BbandRsi,PeetCrypto/freqtrade-stuff,repos/PeetCrypto_freqtrade-stuff/BbandRsi.py,corpus,590bf74986c5,a039f448c17bed72,9276,-0.1,5.745e-37,-55.54,,,,,,,,,NA,PASS,,0,,,G0_measured,E0
bbandrsi,phuchust/freqtrade_strategy,repos/phuchust_freqtrade_strategy/bbandrsi.py,corpus,590bf74986c5,a039f448c17bed72,1528,-0.46,8.472e-07,-58.11,5230,-0.13,0.1679,-67.81,345.85,-0.08,-0.1937,False,PASS,FOUND,refused_no_warmup,0,,148.67,G2_is_pos,E0
BbandRsiRolling,PeetCrypto/freqtrade-stuff,repos/PeetCrypto_freqtrade-stuff/BbandRsiRolling.py,corpus,590bf74986c5,a039f448c17bed72,3841,-0.21,7.148e-07,-58.23,14075,-0.07,0.1451,-93.77,346.34,-0.11,-0.258,False,NA,PASS,,0,,278.4,G2_is_pos,E0
BBands,PeetCrypto/freqtrade-stuff,repos/PeetCrypto_freqtrade-stuff/BBands.py,corpus,590bf74986c5,a039f448c17bed72,14708,-0.07,0.0,-55.55,,,,,,,,,NA,FOUND,drift_measured,0,,,G0_measured,E0
BBandsRSI,PeetCrypto/freqtrade-stuff,repos/PeetCrypto_freqtrade-stuff/BBandsRSI.py,corpus,590bf74986c5,a039f448c17bed72,10159,-0.1,1.539e-36,-58.37,14525,-0.07,4.217e-28,-96.68,346.34,-0.18,,False,NA,FOUND,drift_measured,0,,11.0,G2_is_pos,E0
BBBreakoutStrategy,flaviosiotto/freqtrade-strategy,repos/flaviosiotto_freqtrade-strategy/user_data/strategies/bb-breakout-strategy.py,corpus,590bf74986c5,a039f448c17bed72,18639,-0.05,5.139e-57,-55.61,14366,-0.07,1.507e-73,-96.57,347.44,-0.19,,False,FOUND,FOUND,refused_no_warmup,0,,11.33,G2_is_pos,E0
bbema,davidzr/freqtrade-strategies,repos/davidzr_freqtrade-strategies/strategies/bbema/bbema.py,corpus,590bf74986c5,a039f448c17bed72,,,,,,,,,,,,,NA,NA,,0,,,G0_measured,E0
BBlower,davidzr/freqtrade-strategies,repos/davidzr_freqtrade-strategies/strategies/BBlower/BBlower.py,corpus,590bf74986c5,a039f448c17bed72,414,-0.84,0.01405,-58.23,1376,-0.42,0.01367,-57.51,346.34,-0.43,-0.7718,False,PASS,FOUND,refused_no_warmup,0,,767.2,G2_is_pos,E0
BBMod,eovie/freqtrade_strs,repos/eovie_freqtrade_strs/binance/Archive/BBMod.py,corpus,590bf74986c5,a039f448c17bed72,,,,,,,,,,,,,NA,FOUND,drift_measured,0,,,G0_measured,E0
BBMod1,davidzr/freqtrade-strategies,repos/davidzr_freqtrade-strategies/strategies/BBMod1/BBMod1.py,corpus,590bf74986c5,a039f448c17bed72,,,,,,,,,,,,,NA,NA,,0,,,G0_measured,E0
BbRoi,PeetCrypto/freqtrade-stuff,repos/PeetCrypto_freqtrade-stuff/BbRoi.py,corpus,590bf74986c5,a039f448c17bed72,,,,,,,,,,,,,NA,NA,,0,,,G0_measured,E0
BBRSI,Foxel05/freqtrade-stuff,repos/Foxel05_freqtrade-stuff/strategies/BBRSI.py,corpus,590bf74986c5,a039f448c17bed72,,,,,,,,,,,,,NA,PASS,,0,,,G0_measured,E0
bbrsi,davidzr/freqtrade-strategies,repos/davidzr_freqtrade-strategies/strategies/BBRSI/BBRSI.py,corpus,590bf74986c5,a039f448c17bed72,1201,-0.73,1.533e-07,-58.5,4306,-0.22,1.093e-06,-96.8,340.8,-0.54,-0.7571,False,PASS,FOUND,drift_measured,0,,12.55,G2_is_pos,E0
bbrsi1_strategy,davidzr/freqtrade-strategies,repos/davidzr_freqtrade-strategies/strategies/bbrsi1_strategy/bbrsi1_strategy.py,corpus,590bf74986c5,a039f448c17bed72,,,,,,,,,,,,,NA,NA,,0,,,G0_measured,E0
BBRSI2,davidzr/freqtrade-strategies,repos/davidzr_freqtrade-strategies/strategies/BBRSI2/BBRSI2.py,corpus,590bf74986c5,a039f448c17bed72,6919,-0.14,2.144e-29,-55.54,17503,-0.06,2.788e-13,-96.8,347.94,-0.13,-0.1649,False,PASS,FOUND,refused_no_warmup,0,,274.0,G2_is_pos,E0
BBRSI21,davidzr/freqtrade-strategies,repos/davidzr_freqtrade-strategies/strategies/BBRSI21/BBRSI21.py,corpus,590bf74986c5,a039f448c17bed72,1375,-0.45,0.0003669,-58.23,4470,-0.06,0.5272,-28.44,346.34,0.01,-0.021,False,PASS,FOUND,refused_no_warmup,0,,424.2,G2_is_pos,E0
BBRSI3366,davidzr/freqtrade-strategies,repos/davidzr_freqtrade-strategies/strategies/BBRSI3366/BBRSI3366.py,corpus,590bf74986c5,a039f448c17bed72,9643,-0.1,3.751e-28,-58.23,17230,-0.06,6.842e-07,-96.61,346.34,-0.14,-0.1953,False,PASS,FOUND,refused_no_warmup,0,,42.2,G2_is_pos,E0
BBRSI4cust,davidzr/freqtrade-strategies,repos/davidzr_freqtrade-strategies/strategies/BBRSI4cust/BBRSI4cust.py,corpus,590bf74986c5,a039f448c17bed72,7881,-0.11,1.421e-42,-58.53,15005,-0.06,2.749e-41,-96.56,345.85,-0.18,,False,PASS,FOUND,drift_measured,0,,6.07,G2_is_pos,E0
bbrsi4Freq,davidzr/freqtrade-strategies,repos/davidzr_freqtrade-strategies/strategies/bbrsi4Freq/bbrsi4Freq.py,corpus,590bf74986c5,a039f448c17bed72,1067,-0.43,5.296e-09,-59.27,3724,-0.16,0.0006309,-58.63,348.67,-0.18,-0.2832,False,PASS,FOUND,drift_measured,0,,5.03,G2_is_pos,E0
BBRSINaiveStrategy,davidzr/freqtrade-strategies,repos/davidzr_freqtrade-strategies/strategies/BBRSINaiveStrategy/BBRSINaiveStrategy.py,corpus,590bf74986c5,a039f448c17bed72,4539,-0.19,8.016e-13,-58.53,15483,-0.06,0.0003645,-96.84,345.85,-0.15,-0.2325,False,PASS,FOUND,drift_measured,0,,55.33,G2_is_pos,E0
BBRSIOptim2020Strategy,davidzr/freqtrade-strategies,repos/davidzr_freqtrade-strategies/strategies/BBRSIOptim2020Strategy/BBRSIOptim2020Strategy.py,corpus,590bf74986c5,a039f448c17bed72,10020,-0.1,6.234e-62,-58.37,24935,-0.04,2.834e-07,-96.57,346.34,-0.1,-0.1382,False,PASS,FOUND,drift_measured,0,,14.6,G2_is_pos,E0
BBRSIOptimizedStrategy,PeetCrypto/freqtrade-stuff,repos/PeetCrypto_freqtrade-stuff/BBRSIOptimizedStrategy.py,corpus,590bf74986c5,a039f448c17bed72,7183,-0.13,6.507e-22,-58.37,25949,-0.04,0.002366,-96.28,346.34,-0.09,-0.148,False,NA,FOUND,drift_measured,0,,56.4,G2_is_pos,E0
BBRSIOptimStrategy,davidzr/freqtrade-strategies,repos/davidzr_freqtrade-strategies/strategies/BBRSIOptimStrategy/BBRSIOptimStrategy.py,corpus,590bf74986c5,a039f448c17bed72,2425,-0.29,0.001221,-58.37,8272,-0.05,0.8198,-37.99,346.34,0.07,-0.5323,False,PASS,FOUND,drift_measured,0,,538.6,G2_is_pos,E0
BBRSIoriginal,davidzr/freqtrade-strategies,repos/davidzr_freqtrade-strategies/strategies/BBRSIoriginal/BBRSIoriginal.py,corpus,590bf74986c5,a039f448c17bed72,,,,,,,,,,,,,NA,NA,,0,,,G0_measured,E0
BBRSIS,davidzr/freqtrade-strategies,repos/davidzr_freqtrade-strategies/strategies/BBRSIS/BBRSIS.py,corpus,590bf74986c5,a039f448c17bed72,,,,,,,,,,,,,NA,NA,,0,,,G0_measured,E0
BBRSIStrategy,davidzr/freqtrade-strategies,repos/davidzr_freqtrade-strategies/strategies/BBRSIStrategy/BBRSIStrategy.py,corpus,590bf74986c5,a039f448c17bed72,2666,-0.3,5.774e-05,-58.53,9664,-0.09,0.1291,-88.59,345.85,-0.1,-0.2291,False,PASS,FOUND,drift_measured,0,,144.87,G2_is_pos,E0
BBRSITV,PeetCrypto/freqtrade-stuff,repos/PeetCrypto_freqtrade-stuff/BBRSITV.py,corpus,590bf74986c5,a039f448c17bed72,67,0.26,0.7056,-58.37,353,1.0,0.02531,35.43,346.34,0.72,0.0891,False,NA,FOUND,drift_measured,0,,80.4,G3_is_sig,E0
BBRSIv2,davidzr/freqtrade-strategies,repos/davidzr_freqtrade-strategies/strategies/BBRSIv2/BBRSIv2.py,corpus,590bf74986c5,a039f448c17bed72,90,-2.51,0.2726,-58.99,494,1.35,0.1909,66.71,345.85,0.91,-0.4537,False,PASS,PASS,,0,,2414.6,G2_is_pos,E0
BbWidthExpansionStrategy,mlsys-io/PortfolioBench,repos/mlsys-io_PortfolioBench/strategy/BbWidthExpansionStrategy.py,corpus,590bf74986c5,a039f448c17bed72,8782,-0.1,4.766e-65,-58.52,12910,-0.07,2.753e-62,-96.57,346.34,-0.21,,False,PASS,FOUND,drift_measured,0,,10.4,G2_is_pos,E0
BcmbigzDevelop,PeetCrypto/freqtrade-stuff,repos/PeetCrypto_freqtrade-stuff/BcmbigzDevelop (1).py,corpus,590bf74986c5,a039f448c17bed72,,,,,,,,,,,,,NA,FOUND,drift_measured,0,,,G0_measured,E0
BcmbigzV1,PeetCrypto/freqtrade-stuff,repos/PeetCrypto_freqtrade-stuff/BcmbigzV1 (1).py,corpus,590bf74986c5,a039f448c17bed72,367,-0.71,0.04299,-59.05,1086,0.86,0.007266,93.71,346.34,0.52,0.1403,False,NA,FOUND,drift_measured,0,,519.0,G2_is_pos,E0
BeastBotXBLR6,PeetCrypto/freqtrade-stuff,repos/PeetCrypto_freqtrade-stuff/BeastBotXBLR6.py,corpus,590bf74986c5,a039f448c17bed72,116,1.48,3.136e-06,-59.35,519,1.95,0.0001986,101.29,346.34,1.15,0.5442,False,NA,FOUND,drift_measured,0,,35.2,G6_lookahead,E0
BeastBotXBLR7,PeetCrypto/freqtrade-stuff,repos/PeetCrypto_freqtrade-stuff/BeastBotXBLR7.py,corpus,590bf74986c5,a039f448c17bed72,111,0.59,0.1902,-59.35,458,3.13,1.77e-05,143.37,346.34,1.64,0.8911,False,NA,FOUND,drift_measured,0,,39.2,G3_is_sig,E0
BestSingleAssetPortfolio,mlsys-io/PortfolioBench,repos/mlsys-io_PortfolioBench/user_data/strategies/best_single_asset.py,corpus,590bf74986c5,a039f448c17bed72,,,,,,,,,,,,,NA,NA,,0,,,G0_measured,E0
bestV2,davidzr/freqtrade-strategies,repos/davidzr_freqtrade-strategies/strategies/bestV2/bestV2.py,corpus,590bf74986c5,a039f448c17bed72,41,1.47,0.007141,-58.87,304,2.28,6.892e-07,69.2,346.34,1.43,0.8654,False,NA,PASS,,0,,19.0,G6_lookahead,E0
beta_factors_model,mlsys-io/PortfolioBench,repos/mlsys-io_PortfolioBench/strategy/crypto_factors_regression/beta_factors_model.py,corpus,590bf74986c5,a039f448c17bed72,,,,,,,,,,,,,NA,NA,,0,,,G0_measured,E0
BigPete,davidzr/freqtrade-strategies,repos/davidzr_freqtrade-strategies/strategies/BigPete/BigPete.py,corpus,590bf74986c5,a039f448c17bed72,4439,-0.18,2.996e-08,-59.05,13236,-0.07,0.0004976,-96.63,346.34,-0.17,-0.2657,False,PASS,PASS,,1,trailing tighter than the spread,235.6,G2_is_pos,E0
BigTrader,TheoBrigitte/freqtrade,repos/TheoBrigitte_freqtrade/strategies/profiters/BigTrader.py,corpus,590bf74986c5,a039f448c17bed72,23,3.61,5.459e-17,-58.47,143,4.79,2.548e-72,68.55,346.34,2.97,,False,NA,PASS,,0,,142.0,G1_trades,E0
BigZ03,davidzr/freqtrade-strategies,repos/davidzr_freqtrade-strategies/strategies/BigZ03/BigZ03.py,corpus,590bf74986c5,a039f448c17bed72,225,-0.42,0.5465,-59.05,700,1.84,4.438e-06,128.97,346.34,0.96,0.55,False,PASS,PASS,,0,,1040.8,G2_is_pos,E0
BigZ0307HO,davidzr/freqtrade-strategies,repos/davidzr_freqtrade-strategies/strategies/BigZ0307HO/BigZ0307HO.py,corpus,590bf74986c5,a039f448c17bed72,8282,-0.11,6.068e-21,-59.05,,,,,,,,,PASS,FOUND,drift_measured,0,,,G0_measured,E0
BigZ03HO,davidzr/freqtrade-strategies,repos/davidzr_freqtrade-strategies/strategies/BigZ03HO/BigZ03HO.py,corpus,590bf74986c5,a039f448c17bed72,2639,-0.3,0.0004081,-59.05,,,,,,,,,PASS,PASS,,0,,,G0_measured,E0
BigZ04,PeetCrypto/freqtrade-stuff,repos/PeetCrypto_freqtrade-stuff/BigZ04.py,corpus,590bf74986c5,a039f448c17bed72,359,-0.42,0.1788,-59.05,954,0.66,0.003521,62.59,346.34,0.42,0.1379,False,NA,FOUND,drift_measured,0,,250.2,G2_is_pos,E0
BigZ0407,davidzr/freqtrade-strategies,repos/davidzr_freqtrade-strategies/strategies/BigZ0407/BigZ0407.py,corpus,590bf74986c5,a039f448c17bed72,370,-0.54,0.01163,-59.05,917,0.45,0.01804,41.06,346.34,0.33,0.0565,False,PASS,FOUND,drift_measured,0,,56.6,G2_is_pos,E0
BigZ0407HO,davidzr/freqtrade-strategies,repos/davidzr_freqtrade-strategies/strategies/BigZ0407HO/BigZ0407HO.py,corpus,590bf74986c5,a039f448c17bed72,299,-0.78,0.001979,-59.05,823,0.76,0.0003268,62.87,346.34,0.49,0.2227,False,PASS,FOUND,drift_measured,0,,54.4,G2_is_pos,E0
BigZ04_TSL3,PeetCrypto/freqtrade-stuff,repos/PeetCrypto_freqtrade-stuff/BigZ04_TSL3.py,corpus,590bf74986c5,a039f448c17bed72,456,-0.8,1.687e-05,-59.05,1187,-0.6,1.231e-16,-70.77,346.34,-0.82,-1.0158,False,NA,PASS,,0,,212.4,G2_is_pos,E0
BigZ04_TSL4,Foxel05/freqtrade-stuff,repos/Foxel05_freqtrade-stuff/strategies/BigZ04_TSL4.py,corpus,590bf74986c5,a039f448c17bed72,479,-0.72,6.899e-05,-59.23,1277,-0.56,2.162e-16,-71.49,346.34,-0.78,-0.9662,False,PASS,PASS,,0,,207.8,G2_is_pos,E0
BigZ04HO,davidzr/freqtrade-strategies,repos/davidzr_freqtrade-strategies/strategies/BigZ04HO/BigZ04HO.py,corpus,590bf74986c5,a039f448c17bed72,443,-0.75,0.005611,-59.05,1198,0.26,0.1262,31.51,346.34,0.22,-0.062,False,PASS,FOUND,drift_measured,0,,281.0,G2_is_pos,E0
BigZ04HO2,davidzr/freqtrade-strategies,repos/davidzr_freqtrade-strategies/strategies/BigZ04HO2/BigZ04HO2.py,corpus,590bf74986c5,a039f448c17bed72,444,-0.84,0.002626,-59.05,1271,0.25,0.1538,31.83,346.34,0.22,-0.0823,False,PASS,FOUND,drift_measured,0,,305.4,G2_is_pos,E0
BigZ06,davidzr/freqtrade-strategies,repos/davidzr_freqtrade-strategies/strategies/BigZ06/BigZ06.py,corpus,590bf74986c5,a039f448c17bed72,410,-0.47,0.1124,-59.05,1204,0.66,0.002314,78.99,346.34,0.4,0.1427,False,PASS,FOUND,drift_measured,0,,282.2,G2_is_pos,E0
BigZ07,davidzr/freqtrade-strategies,repos/davidzr_freqtrade-strategies/strategies/BigZ07/BigZ07.py,corpus,590bf74986c5,a039f448c17bed72,409,-0.47,0.1123,-59.05,1184,0.64,0.006003,76.23,346.34,0.4,0.1147,False,PASS,FOUND,drift_measured,0,,341.8,G2_is_pos,E0
BigZ07Next,davidzr/freqtrade-strategies,repos/davidzr_freqtrade-strategies/strategies/BigZ07Next/BigZ07Next.py,corpus,590bf74986c5,a039f448c17bed72,456,-0.32,0.07069,-59.23,1298,0.39,0.006011,51.2,346.34,0.27,0.0774,False,PASS,FOUND,drift_measured,0,,63.4,G2_is_pos,E0
BigZ07Next2,davidzr/freqtrade-strategies,repos/davidzr_freqtrade-strategies/strategies/BigZ07Next2/BigZ07Next2.py,corpus,590bf74986c5,a039f448c17bed72,443,-0.32,0.08808,-59.23,1273,0.41,0.006744,52.61,346.34,0.28,0.0774,False,PASS,FOUND,drift_measured,0,,75.4,G2_is_pos,E0
BinanceStream,TomtomEh/freqtrade-websocket,repos/TomtomEh_freqtrade-websocket/user_data/strategies/BinanceStream.py,corpus,590bf74986c5,a039f448c17bed72,,,,,,,,,,,,,NA,PASS,,0,,,G0_measured,E0
BinClucMad,davidzr/freqtrade-strategies,repos/davidzr_freqtrade-strategies/strategies/BinClucMad/BinClucMad.py,corpus,590bf74986c5,a039f448c17bed72,629,-0.06,0.6526,-59.05,1888,1.18,1.368e-11,223.45,346.34,0.51,0.3622,False,PASS,PASS,,0,,58.4,G2_is_pos,E0
BinClucMadDevelop,PeetCrypto/freqtrade-stuff,repos/PeetCrypto_freqtrade-stuff/BinClucMadDevelop.py,corpus,590bf74986c5,a039f448c17bed72,,,,,,,,,,,,,NA,FOUND,drift_measured,0,,,G0_measured,E0
BinClucMadSMADevelop,MMR-19/freqtrade-strategies,repos/MMR-19_freqtrade-strategies/strategies/BinClucMadSMADevelop.py,corpus,590bf74986c5,a039f448c17bed72,,,,,,,,,,,,,NA,FOUND,drift_measured,0,,,G0_measured,E0
BinClucMadV1,davidzr/freqtrade-strategies,repos/davidzr_freqtrade-strategies/strategies/BinClucMadV1/BinClucMadV1.py,corpus,590bf74986c5,a039f448c17bed72,238,0.65,0.001545,-59.05,926,2.32,2.916e-36,215.04,346.34,1.01,,False,PASS,FOUND,drift_measured,0,,19.2,G7_recursive,E1
BinHV27,PeetCrypto/freqtrade-stuff,repos/PeetCrypto_freqtrade-stuff/BinHV27.py,corpus,590bf74986c5,a039f448c17bed72,2571,-0.15,0.0001062,-58.23,8932,-0.08,0.007594,-73.94,346.34,-0.1,-0.1734,False,NA,PASS,,0,,59.6,G2_is_pos,E0
BinHV27_short,eovie/freqtrade_strs,repos/eovie_freqtrade_strs/binance/Archive/BinHV27_short.py,corpus,590bf74986c5,a039f448c17bed72,,,,,,,,,,,,,NA,NA,,0,,,G0_measured,E0
BinHV27_werkkrew,TheoBrigitte/freqtrade,repos/TheoBrigitte_freqtrade/strategies/BinHV45/BinHV27_werkkrew.py,corpus,590bf74986c5,a039f448c17bed72,,,,,,,,,,,,,NA,FOUND,refused_no_warmup,0,,,G0_measured,E0
BinHV27F,eovie/freqtrade_strs,repos/eovie_freqtrade_strs/binance/Archive/BinHV27F.py,corpus,590bf74986c5,a039f448c17bed72,2571,-0.15,0.0001062,-59.21,8957,-0.08,0.01234,-73.98,346.34,-0.1,-0.1783,False,PASS,FOUND,drift_measured,0,,59.4,G2_is_pos,E0
BinHV45,Foxel05/freqtrade-stuff,repos/Foxel05_freqtrade-stuff/strategies/BinHV45.py,corpus,590bf74986c5,a039f448c17bed72,123,-0.52,0.0911,-55.54,626,-0.44,0.0001461,-27.83,347.94,-0.41,-0.6216,False,PASS,FOUND,refused_no_warmup,0,,107.0,G2_is_pos,E0
BinHV45_kanaxe,TheoBrigitte/freqtrade,repos/TheoBrigitte_freqtrade/strategies/BinHV45/BinHV45_kanaxe.py,corpus,590bf74986c5,a039f448c17bed72,238,-0.26,0.2116,-55.54,1560,-0.28,8.326e-06,-43.27,347.94,-0.28,-0.4031,False,PASS,FOUND,refused_no_warmup,0,,75.0,G2_is_pos,E0
BinHV45_stash,TheoBrigitte/freqtrade,repos/TheoBrigitte_freqtrade/strategies/BinHV45/BinHV45_stash.py,corpus,590bf74986c5,a039f448c17bed72,224,-0.13,0.5406,-55.54,1476,-0.26,9.986e-05,-38.15,347.94,-0.25,-0.3759,False,PASS,FOUND,refused_no_warmup,0,,76.0,G2_is_pos,E0
BinHV45_werkkrew,TheoBrigitte/freqtrade,repos/TheoBrigitte_freqtrade/strategies/BinHV45/BinHV45_werkkrew.py,corpus,590bf74986c5,a039f448c17bed72,129,0.43,0.3735,-55.54,631,1.75,0.0009339,110.45,347.94,1.02,0.416,False,PASS,FOUND,refused_no_warmup,0,,214.0,G3_is_sig,E0
BinHV45HO,TheoBrigitte/freqtrade,repos/TheoBrigitte_freqtrade/strategies/BinHV45/BinHV45HO.py,corpus,590bf74986c5,a039f448c17bed72,32,1.58,4.195e-58,-55.54,357,-0.14,0.7039,-5.08,347.94,-0.06,-0.3694,False,NA,FOUND,refused_no_warmup,0,,7.0,G4_os_pos,E0
BinMfiBTCv5003,TheoBrigitte/freqtrade,repos/TheoBrigitte_freqtrade/sources/sponsors/BinMfiBTCv5003.py,corpus,590bf74986c5,a039f448c17bed72,7,0.78,0.4411,-58.85,164,-0.32,0.363,-5.25,346.34,-0.26,-0.8202,False,NA,FOUND,drift_measured,0,,5.2,G1_trades,E0
BlueEyes_MPP_v1,PeetCrypto/freqtrade-stuff,repos/PeetCrypto_freqtrade-stuff/BlueEyes_MPP_v1.py,corpus,590bf74986c5,a039f448c17bed72,,,,,,,,,,,,,NA,PASS,,0,,,G0_measured,E0
BollingerBandStrategy,flaviosiotto/freqtrade-strategy,repos/flaviosiotto_freqtrade-strategy/user_data/strategies/bollingerbands-strategy.py,corpus,590bf74986c5,a039f448c17bed72,4239,-0.19,6.521e-19,-55.61,12063,-0.08,3.654e-19,-96.58,347.44,-0.22,,False,PASS,FOUND,refused_no_warmup,0,,125.0,G2_is_pos,E0
BollingerBounceStrategy,mlsys-io/PortfolioBench,repos/mlsys-io_PortfolioBench/strategy/BollingerBounceStrategy.py,corpus,590bf74986c5,a039f448c17bed72,2362,-0.11,4.567e-07,-58.52,9128,-0.07,3.786e-13,-67.78,346.34,-0.1,-0.127,False,PASS,FOUND,drift_measured,0,,13.6,G2_is_pos,E0
BopTrendStrategy,mlsys-io/PortfolioBench,repos/mlsys-io_PortfolioBench/strategy/BopTrendStrategy.py,corpus,590bf74986c5,a039f448c17bed72,12303,-0.08,1.712e-77,-58.52,12273,-0.08,1.384e-62,-96.56,346.34,-0.22,,False,PASS,FOUND,drift_measured,0,,12.4,G2_is_pos,E0
botbaby,davidzr/freqtrade-strategies,repos/davidzr_freqtrade-strategies/strategies/botbaby/botbaby.py,corpus,590bf74986c5,a039f448c17bed72,2552,-0.23,4.426e-56,-58.41,9786,-0.1,1.039e-90,-93.66,343.26,-0.23,,False,PASS,PASS,,0,,5.47,G2_is_pos,E0
BreakEven,PeetCrypto/freqtrade-stuff,repos/PeetCrypto_freqtrade-stuff/BreakEven.py,corpus,590bf74986c5,a039f448c17bed72,,,,,,,,,,,,,NA,PASS,,0,,,G0_measured,E0
BreakoutStrategy,flaviosiotto/freqtrade-strategy,repos/flaviosiotto_freqtrade-strategy/user_data/strategies/breakout-strategy.py,corpus,590bf74986c5,a039f448c17bed72,,,,,,,,,,,,,NA,NA,,0,,,G0_measured,E0
BullishEngulfingStrategy,mlsys-io/PortfolioBench,repos/mlsys-io_PortfolioBench/strategy/BullishEngulfingStrategy.py,corpus,590bf74986c5,a039f448c17bed72,9979,-0.09,6.047e-71,-58.41,14248,-0.07,3.896e-85,-96.57,346.34,-0.19,,False,PASS,FOUND,drift_measured,0,,10.0,G2_is_pos,E0
BuyAllSellAllStrategy,PeetCrypto/freqtrade-stuff,repos/PeetCrypto_freqtrade-stuff/BuyAllSellAllStrategy.py,corpus,590bf74986c5,a039f448c17bed72,13533,-0.07,0.0,-58.23,13509,-0.07,0.0,-96.57,346.34,-0.2,,False,FOUND,PASS,,0,,0.0,G2_is_pos,E0
BuyOnly,davidzr/freqtrade-strategies,repos/davidzr_freqtrade-strategies/strategies/BuyOnly/BuyOnly.py,corpus,590bf74986c5,a039f448c17bed72,608,-0.25,0.1449,-58.53,2171,-0.12,0.1842,-25.22,345.85,-0.09,-0.2228,False,PASS,FOUND,drift_measured,0,,94.73,G2_is_pos,E0
BuyOrDie,mikedigriz/freqtrade-strategy-mikedigriz,repos/mikedigriz_freqtrade-strategy-mikedigriz/strategies/BuyOrDie.py,corpus,590bf74986c5,a039f448c17bed72,911,-0.59,0.004883,-58.23,2336,0.62,0.617,143.79,346.34,1.48,-4.3204,False,PASS,FOUND,refused_no_warmup,0,,2032.0,G2_is_pos,E0
BuyRegions,nateemma/strategies,repos/nateemma_strategies/TSPredict/BuyRegions.py,corpus,590bf74986c5,a039f448c17bed72,,,,,,,,,,,,,NA,PASS,,0,,,G0_measured,E0
Candle2,jaredrsommer/freqtradestrategies,repos/jaredrsommer_freqtradestrategies/2Candle (3).py,corpus,590bf74986c5,a039f448c17bed72,1825,-0.48,6.432e-13,-58.4,5801,-0.17,0.01616,-96.67,348.67,-0.38,-0.6897,False,PASS,FOUND,refused_no_warmup,0,,53.65,G2_is_pos,E0
CBPete9,davidzr/freqtrade-strategies,repos/davidzr_freqtrade-strategies/strategies/CBPete9/CBPete9.py,corpus,590bf74986c5,a039f448c17bed72,752,-0.03,0.7962,-59.05,2130,0.4,9.951e-05,84.26,346.34,0.24,0.1191,False,PASS,PASS,,1,trailing tighter than the spread,45.6,G2_is_pos,E0
Cci,davidzr/freqtrade-strategies,repos/davidzr_freqtrade-strategies/strategies/Cci/Cci.py,corpus,590bf74986c5,a039f448c17bed72,9175,-0.11,2.543e-60,-55.54,15656,-0.06,5.309e-25,-96.59,347.94,-0.17,,False,FOUND,FOUND,refused_no_warmup,0,,72.0,G2_is_pos,E0
CCI_BB,mikedigriz/freqtrade-strategy-mikedigriz,repos/mikedigriz_freqtrade-strategy-mikedigriz/strategies/CCI_BB.py,corpus,590bf74986c5,a039f448c17bed72,81,-5.42,0.08116,-58.23,845,3.17,0.149,268.22,346.34,1.45,-0.5194,False,PASS,FOUND,refused_no_warmup,0,,5592.2,G2_is_pos,E0
CciMeanReversionStrategy,mlsys-io/PortfolioBench,repos/mlsys-io_PortfolioBench/strategy/CciMeanReversionStrategy.py,corpus,590bf74986c5,a039f448c17bed72,10963,-0.09,1.918e-54,-58.52,15244,-0.06,4.877e-47,-96.58,346.34,-0.18,,False,PASS,FOUND,drift_measured,0,,18.6,G2_is_pos,E0
CCIStrategy,PeetCrypto/freqtrade-stuff,repos/PeetCrypto_freqtrade-stuff/CCIStrategy.py,corpus,590bf74986c5,a039f448c17bed72,2468,-0.19,1.854e-06,-55.54,9880,-0.09,4.777e-07,-88.51,347.94,-0.17,-0.2362,False,FOUND,PASS,,0,,501.0,G2_is_pos,E0
Cenderawasih_30m,TheoBrigitte/freqtrade,repos/TheoBrigitte_freqtrade/strategies/cenderawasih/Cenderawasih_30m.py,corpus,590bf74986c5,a039f448c17bed72,,,,,,,,,,,,,NA,NA,,0,,,G0_measured,E0
Cenderawasih_3_kucoin,TheoBrigitte/freqtrade,repos/TheoBrigitte_freqtrade/strategies/cenderawasih3/Cenderawasih_3_kucoin.py,corpus,590bf74986c5,a039f448c17bed72,,,,,,,,,,,,,NA,NA,,0,,,G0_measured,E0
ChaikinMoneyFlowStrategy,mlsys-io/PortfolioBench,repos/mlsys-io_PortfolioBench/strategy/ChaikinMoneyFlowStrategy.py,corpus,590bf74986c5,a039f448c17bed72,14222,-0.07,4.69e-86,-58.52,15042,-0.06,7.481e-66,-96.57,346.34,-0.18,,False,PASS,FOUND,drift_measured,0,,7.8,G2_is_pos,E0
Chained,PeetCrypto/freqtrade-stuff,repos/PeetCrypto_freqtrade-stuff/Chained.py,corpus,590bf74986c5,a039f448c17bed72,,,,,,,,,,,,,NA,NA,,0,,,G0_measured,E0
Chandem,davidzr/freqtrade-strategies,repos/davidzr_freqtrade-strategies/strategies/Chandem/Chandem.py,corpus,590bf74986c5,a039f448c17bed72,3932,-0.23,8.033e-12,-58.23,12376,-0.08,0.1542,-95.58,346.34,-0.14,-0.3326,False,PASS,FOUND,refused_no_warmup,0,,316.0,G2_is_pos,E0
Chandemtwo,davidzr/freqtrade-strategies,repos/davidzr_freqtrade-strategies/strategies/Chandemtwo/Chandemtwo.py,corpus,590bf74986c5,a039f448c17bed72,4626,-0.19,4.18e-12,-58.23,14186,-0.07,0.06379,-96.07,346.34,-0.14,-0.288,False,PASS,FOUND,refused_no_warmup,0,,260.2,G2_is_pos,E0
Chispei,PeetCrypto/freqtrade-stuff,repos/PeetCrypto_freqtrade-stuff/Chispei.py,corpus,590bf74986c5,a039f448c17bed72,,,,,,,,,,,,,NA,NA,,0,,,G0_measured,E0
chispei,botenesp/freqtrade_strategies,repos/botenesp_freqtrade_strategies/chispei.py,corpus,590bf74986c5,a039f448c17bed72,,,,,,,,,,,,,NA,NA,,0,,,G0_measured,E0
Cluc4,davidzr/freqtrade-strategies,repos/davidzr_freqtrade-strategies/strategies/Cluc4/Cluc4.py,corpus,590bf74986c5,a039f448c17bed72,942,-0.23,7.025e-08,-55.54,3939,-0.09,1.585e-05,-36.13,347.94,-0.09,-0.1309,False,PASS,FOUND,refused_no_warmup,0,,4.0,G2_is_pos,E0
Cluc4werk,PeetCrypto/freqtrade-stuff,repos/PeetCrypto_freqtrade-stuff/Cluc4werk.py,corpus,590bf74986c5,a039f448c17bed72,522,-0.46,3.548e-10,-55.54,2747,-0.32,3.271e-78,-88.12,347.94,-0.63,,False,NA,PASS,,0,,4.0,G2_is_pos,E0
Cluc5werk,PeetCrypto/freqtrade-stuff,repos/PeetCrypto_freqtrade-stuff/Cluc5werk.py,corpus,590bf74986c5,a039f448c17bed72,466,0.01,0.9783,-55.54,1744,2.11,2.885e-05,367.91,347.94,0.75,0.3985,True,NA,PASS,,0,,1027.0,G3_is_sig,E0
Cluc7werk,PeetCrypto/freqtrade-stuff,repos/PeetCrypto_freqtrade-stuff/Cluc7werk.py,corpus,590bf74986c5,a039f448c17bed72,303,-0.71,5.648e-15,-55.61,,,,,,,,,NA,PASS,,0,,,G0_measured,E0
ClucCrypROI,PeetCrypto/freqtrade-stuff,repos/PeetCrypto_freqtrade-stuff/ClucCrypROI.py,corpus,590bf74986c5,a039f448c17bed72,,,,,,,,,,,,,NA,NA,,0,,,G0_measured,E0
ClucCrypSlow,PeetCrypto/freqtrade-stuff,repos/PeetCrypto_freqtrade-stuff/ClucCrypSlow (1).py,corpus,590bf74986c5,a039f448c17bed72,,,,,,,,,,,,,NA,NA,,0,,,G0_measured,E0
ClucFiatROI,PeetCrypto/freqtrade-stuff,repos/PeetCrypto_freqtrade-stuff/ClucFiatROI.py,corpus,590bf74986c5,a039f448c17bed72,1292,-0.26,0.1486,-58.41,4734,0.44,0.08502,206.7,346.34,0.27,-0.0373,False,NA,FOUND,drift_measured,0,,442.2,G2_is_pos,E0
ClucFiatSlow,PeetCrypto/freqtrade-stuff,repos/PeetCrypto_freqtrade-stuff/ClucFiatSlow.py,corpus,590bf74986c5,a039f448c17bed72,1292,-0.26,0.1486,-58.41,4734,0.44,0.08502,206.7,346.34,0.27,-0.0373,False,NA,FOUND,drift_measured,0,,442.2,G2_is_pos,E0
ClucHAnix,PeetCrypto/freqtrade-stuff,repos/PeetCrypto_freqtrade-stuff/ClucHAnix (3).py,corpus,590bf74986c5,a039f448c17bed72,598,0.37,0.004872,-55.54,,,,,,,,,NA,PASS,,0,,,G0_measured,E0
ClucHAnix5m,PeetCrypto/freqtrade-stuff,repos/PeetCrypto_freqtrade-stuff/ClucHAnix_BB_RPB_MOD_E0V1E_DYNAMIC_TB (1).py,corpus,590bf74986c5,a039f448c17bed72,,,,,,,,,,,,,NA,FOUND,drift_measured,0,,,G0_measured,E0
ClucHAnix_5m,PeetCrypto/freqtrade-stuff,repos/PeetCrypto_freqtrade-stuff/ClucHAnix_5m.py,corpus,590bf74986c5,a039f448c17bed72,644,0.27,0.02739,-59.11,2190,0.51,6.489e-05,111.99,346.34,0.29,0.1477,False,NA,PASS,,0,,20.2,G6_lookahead,E0
ClucHAnix_5m1,PeetCrypto/freqtrade-stuff,repos/PeetCrypto_freqtrade-stuff/ClucHAnix 5m trailbuy2 + BBRSIV5 offsets.py,corpus,590bf74986c5,a039f448c17bed72,673,0.08,0.5402,-59.11,2376,-0.05,0.5238,-11.52,346.34,-0.03,-0.1222,False,NA,PASS,,0,,15.8,G3_is_sig,E0
ClucHAnix_5M_E0V1E,phuchust/freqtrade_strategy,repos/phuchust_freqtrade_strategy/ClucHAnix_5M_E0V1E_DYNAMIC_TB.py,corpus,590bf74986c5,a039f448c17bed72,1232,0.36,0.003894,-59.11,4227,0.11,0.26,46.54,346.34,0.11,-0.0814,False,PASS,PASS,,0,,36.4,G5_os_sig,E0
ClucHAnix_5m_old,TheoBrigitte/freqtrade,repos/TheoBrigitte_freqtrade/strategies/cluc/ClucHAnix_5m_old.py,corpus,590bf74986c5,a039f448c17bed72,644,0.27,0.02739,-59.11,2190,0.51,6.489e-05,111.99,346.34,0.29,0.1477,False,PASS,PASS,,0,,20.2,G11_effect,E6
ClucHAnix_BB_RPB,PeetCrypto/freqtrade-stuff,repos/PeetCrypto_freqtrade-stuff/ClucHAnix_BB_RPB.py,corpus,590bf74986c5,a039f448c17bed72,1018,-0.27,0.0007072,-55.62,,,,,,,,,NA,FOUND,drift_measured,0,,,G0_measured,E0
ClucHAnix_BB_RPB_HO2,PeetCrypto/freqtrade-stuff,repos/PeetCrypto_freqtrade-stuff/ClucHAnix_BB_RPB_HO2.py,corpus,590bf74986c5,a039f448c17bed72,,,,,,,,,,,,,NA,FOUND,drift_measured,0,,,G0_measured,E0
ClucHAnix_BB_RPB_MOD,PeetCrypto/freqtrade-stuff,repos/PeetCrypto_freqtrade-stuff/ClucHAnix_BB_RPB_MOD.py,corpus,590bf74986c5,a039f448c17bed72,826,-0.1,0.3139,-55.62,,,,,,,,,NA,FOUND,drift_measured,0,,,G0_measured,E0
ClucHAnix_BB_RPB_MOD2_ROI,davidzr/freqtrade-strategies,repos/davidzr_freqtrade-strategies/strategies/ClucHAnix_BB_RPB_MOD2_ROI/ClucHAnix_BB_RPB_MOD2_ROI.py,corpus,590bf74986c5,a039f448c17bed72,1721,0.01,0.9443,-59.05,5571,0.37,0.002297,204.69,346.34,0.19,0.0679,False,PASS,FOUND,drift_measured,0,,24.0,G3_is_sig,E0
ClucHAnix_BB_RPB_MOD_CTT,davidzr/freqtrade-strategies,repos/davidzr_freqtrade-strategies/strategies/ClucHAnix_BB_RPB_MOD_CTT/ClucHAnix_BB_RPB_MOD_CTT.py,corpus,590bf74986c5,a039f448c17bed72,1555,0.07,0.3974,-59.05,4941,0.35,0.005958,175.34,346.34,0.19,0.0546,False,PASS,FOUND,drift_measured,0,,24.0,G3_is_sig,E0
ClucHAnix_BB_RPB_MOD_E0V1E_ROI,davidzr/freqtrade-strategies,repos/davidzr_freqtrade-strategies/strategies/ClucHAnix_BB_RPB_MOD_E0V1E_ROI/ClucHAnix_BB_RPB_MOD_E0V1E_ROI.py,corpus,590bf74986c5,a039f448c17bed72,1623,0.02,0.8461,-59.05,5713,0.19,0.04918,108.38,346.34,0.14,0.0005,False,PASS,FOUND,drift_measured,0,,34.4,G3_is_sig,E0
ClucHAnix_BB_RPB_MOD_trailing_buy,PeetCrypto/freqtrade-stuff,repos/PeetCrypto_freqtrade-stuff/ClucHAnix_BB_RPB_MOD_trailing_buy.py,corpus,590bf74986c5,a039f448c17bed72,,,,,,,,,,,,,NA,PASS,,0,,,G0_measured,E0
ClucHAnix_BB_RPB_TraNz,ShahAnuj2610/my-freqtrade,repos/ShahAnuj2610_my-freqtrade/user_data/strategies/BB_RPB_TSL_ClucHAnix_BB_RPB_MOD_CTT_Dynamic_Offsets_COMBINED_MOD_TraNz_1.py,corpus,590bf74986c5,a039f448c17bed72,,,,,,,,,,,,,NA,NA,,0,,,G0_measured,E0
ClucHAnix_hhll,PeetCrypto/freqtrade-stuff,repos/PeetCrypto_freqtrade-stuff/ClucHAnix_hhll (1).py,corpus,590bf74986c5,a039f448c17bed72,467,0.32,0.02267,-59.11,1811,0.48,1.5e-06,87.57,346.34,0.29,0.1719,False,NA,FOUND,drift_measured,0,,11.8,G6_lookahead,E0
ClucHAwerk,PeetCrypto/freqtrade-stuff,repos/PeetCrypto_freqtrade-stuff/ClucHAwerk.py,corpus,590bf74986c5,a039f448c17bed72,2575,-0.23,7.451e-21,-55.55,,,,,,,,,NA,PASS,,0,,,G0_measured,E0
Cluckie,werkkrew/freqtrade-strategies,repos/werkkrew_freqtrade-strategies/strategies/archived/Cluckie.py,corpus,590bf74986c5,a039f448c17bed72,,,,,,,,,,,,,NA,FOUND,refused_no_warmup,0,,,G0_measured,E0
ClucMay72018,PeetCrypto/freqtrade-stuff,repos/PeetCrypto_freqtrade-stuff/ClucMay72018.py,corpus,590bf74986c5,a039f448c17bed72,598,-0.15,0.09991,-58.23,1909,-0.19,0.0001109,-36.0,346.34,-0.18,-0.2713,False,NA,PASS,,0,,2.8,G2_is_pos,E0
CMCWinner,PeetCrypto/freqtrade-stuff,repos/PeetCrypto_freqtrade-stuff/CMCWinner.py,corpus,590bf74986c5,a039f448c17bed72,1633,-0.33,1.864e-14,-58.11,4999,-0.15,2.712e-09,-73.87,345.85,-0.21,-0.2792,False,NA,PASS,,0,,13.33,G2_is_pos,E0
CofiBitStrategy,PeetCrypto/freqtrade-stuff,repos/PeetCrypto_freqtrade-stuff/CofiBitStrategy.py,corpus,590bf74986c5,a039f448c17bed72,7429,-0.11,1.463e-54,-58.23,20015,-0.05,1.374e-21,-96.68,346.34,-0.14,,False,NA,PASS,,0,,5.6,G2_is_pos,E0
Combined_Indicators,davidzr/freqtrade-strategies,repos/davidzr_freqtrade-strategies/strategies/Combined_Indicators/Combined_Indicators.py,corpus,590bf74986c5,a039f448c17bed72,551,-0.24,0.01298,-55.54,2418,-0.1,0.08847,-24.09,347.94,-0.08,-0.172,False,PASS,FOUND,refused_no_warmup,0,,8.0,G2_is_pos,E0
Combined_NFIv6_SMA,PeetCrypto/freqtrade-stuff,repos/PeetCrypto_freqtrade-stuff/Combined_NFIv6_SMA.py,corpus,590bf74986c5,a039f448c17bed72,239,0.82,0.0002381,-59.23,712,2.63,6.907e-28,187.48,346.34,1.21,,False,NA,FOUND,drift_measured,0,,41.0,G6_lookahead,E0
Combined_NFIv7_SMA,Foxel05/freqtrade-stuff,repos/Foxel05_freqtrade-stuff/strategies/Combined_NFIv7_SMA.py,corpus,590bf74986c5,a039f448c17bed72,229,0.67,0.005881,-59.23,698,2.69,3.005e-29,188.0,346.34,1.23,,False,PASS,FOUND,drift_measured,0,,44.2,G7_recursive,E1
Combined_NFIv7_SMA_bAdBoY_20211204,davidzr/freqtrade-strategies,repos/davidzr_freqtrade-strategies/strategies/Combined_NFIv7_SMA_bAdBoY_20211204/Combined_NFIv7_SMA_bAdBoY_20211204.py,corpus,590bf74986c5,a039f448c17bed72,229,0.67,0.005881,-59.23,698,2.69,3.005e-29,188.0,346.34,1.23,,False,PASS,FOUND,drift_measured,0,,44.2,G7_recursive,E1
Combined_NFIv7_SMA_Rallipanos_20210707,davidzr/freqtrade-strategies,repos/davidzr_freqtrade-strategies/strategies/Combined_NFIv7_SMA_Rallipanos_20210707/Combined_NFIv7_SMA_Rallipanos_20210707.py,corpus,590bf74986c5,a039f448c17bed72,229,0.67,0.005881,-59.23,698,2.69,3.005e-29,188.0,346.34,1.23,,False,PASS,FOUND,drift_measured,0,,44.2,G7_recursive,E1
CombinedBinHAndCluc,PeetCrypto/freqtrade-stuff,repos/PeetCrypto_freqtrade-stuff/CombinedBinHAndCluc.py,corpus,590bf74986c5,a039f448c17bed72,865,-0.03,0.8143,-58.23,2675,0.24,0.02054,65.05,346.34,0.17,0.0262,False,NA,PASS,,0,,17.4,G2_is_pos,E0
CombinedBinHAndCluc2021,PeetCrypto/freqtrade-stuff,repos/PeetCrypto_freqtrade-stuff/CombinedBinHAndCluc2021.py,corpus,590bf74986c5,a039f448c17bed72,852,-0.06,0.6192,-58.23,2445,0.73,0.0001065,177.94,346.34,0.37,0.1829,False,NA,PASS,,0,,13.0,G2_is_pos,E0
CombinedBinHAndCluc2021Bull,PeetCrypto/freqtrade-stuff,repos/PeetCrypto_freqtrade-stuff/CombinedBinHAndCluc2021Bull.py,corpus,590bf74986c5,a039f448c17bed72,946,-0.1,0.1989,-58.23,2930,-0.02,0.7675,-4.85,346.34,-0.0,-0.0,False,NA,PASS,,0,,5.0,G2_is_pos,E0
CombinedBinHAndClucHyper,TheoBrigitte/freqtrade,repos/TheoBrigitte_freqtrade/sources/sponsors/CombinedBinHAndClucHyper.py,corpus,590bf74986c5,a039f448c17bed72,653,0.1,0.5822,-55.69,3164,0.48,1.373e-14,152.66,347.94,0.24,0.1789,False,PASS,PASS,,1,trailing tighter than the spread,559.0,G3_is_sig,E0
CombinedBinHAndClucHyperV0,davidzr/freqtrade-strategies,repos/davidzr_freqtrade-strategies/strategies/CombinedBinHAndClucHyperV0/CombinedBinHAndClucHyperV0.py,corpus,590bf74986c5,a039f448c17bed72,733,-0.15,0.119,-55.54,3519,-0.13,0.004788,-45.37,347.94,-0.12,-0.2034,False,PASS,FOUND,refused_no_warmup,0,,13.0,G2_is_pos,E0
CombinedBinHAndClucHyperV3,davidzr/freqtrade-strategies,repos/davidzr_freqtrade-strategies/strategies/CombinedBinHAndClucHyperV3/CombinedBinHAndClucHyperV3.py,corpus,590bf74986c5,a039f448c17bed72,271,0.69,0.0004471,-55.54,1539,-0.23,0.003761,-36.13,347.94,-0.22,-0.3688,False,PASS,FOUND,refused_no_warmup,0,,6.0,G4_os_pos,E0
CombinedBinHAndClucV2,PeetCrypto/freqtrade-stuff,repos/PeetCrypto_freqtrade-stuff/CombinedBinHAndClucV2.py,corpus,590bf74986c5,a039f448c17bed72,207,0.08,0.765,-59.05,521,0.71,0.00276,37.03,346.34,0.5,0.1726,False,NA,FOUND,drift_measured,0,,20.8,G3_is_sig,E0
CombinedBinHAndClucV3,davidzr/freqtrade-strategies,repos/davidzr_freqtrade-strategies/strategies/CombinedBinHAndClucV3/CombinedBinHAndClucV3.py,corpus,590bf74986c5,a039f448c17bed72,687,0.1,0.5701,-58.37,1902,1.17,6.407e-07,222.87,346.34,0.52,0.3153,False,PASS,PASS,,0,,90.4,G3_is_sig,E0
CombinedBinHAndClucV4,PeetCrypto/freqtrade-stuff,repos/PeetCrypto_freqtrade-stuff/CombinedBinHAndClucV4.py,corpus,590bf74986c5,a039f448c17bed72,793,-0.09,0.441,-58.48,2172,0.55,7.393e-06,119.13,346.34,0.31,0.1744,False,NA,FOUND,drift_measured,0,,31.0,G2_is_pos,E0
CombinedBinHAndClucV5,PeetCrypto/freqtrade-stuff,repos/PeetCrypto_freqtrade-stuff/CombinedBinHAndClucV5.py,corpus,590bf74986c5,a039f448c17bed72,797,-0.12,0.2603,-58.48,2188,0.56,3.397e-06,121.65,346.34,0.31,0.1792,False,NA,FOUND,drift_measured,0,,26.0,G2_is_pos,E0
CombinedBinHAndClucV5Hyperoptable,davidzr/freqtrade-strategies,repos/davidzr_freqtrade-strategies/strategies/CombinedBinHAndClucV5Hyperoptable/CombinedBinHAndClucV5Hyperoptable.py,corpus,590bf74986c5,a039f448c17bed72,702,-0.07,0.5293,-58.48,2003,0.57,8.577e-06,114.39,346.34,0.32,0.1791,False,PASS,FOUND,drift_measured,0,,24.4,G2_is_pos,E0
CombinedBinHAndClucV6,PeetCrypto/freqtrade-stuff,repos/PeetCrypto_freqtrade-stuff/CombinedBinHAndClucV6.py,corpus,590bf74986c5,a039f448c17bed72,405,0.71,0.0005298,-59.05,1319,0.31,0.01678,40.31,346.34,0.21,0.0379,False,NA,PASS,,0,,87.4,G6_lookahead,E0
CombinedBinHAndClucV6H,PeetCrypto/freqtrade-stuff,repos/PeetCrypto_freqtrade-stuff/CombinedBinHAndClucV6H.py,corpus,590bf74986c5,a039f448c17bed72,,,,,,,,,,,,,NA,PASS,,0,,,G0_measured,E0
CombinedBinHAndClucV7,PeetCrypto/freqtrade-stuff,repos/PeetCrypto_freqtrade-stuff/CombinedBinHAndClucV7.py,corpus,590bf74986c5,a039f448c17bed72,211,0.81,0.0003524,-59.05,678,0.89,7.477e-09,60.21,346.34,0.57,0.3767,False,NA,PASS,,0,,40.6,G6_lookahead,E0
CombinedBinHAndClucV8,PeetCrypto/freqtrade-stuff,repos/PeetCrypto_freqtrade-stuff/CombinedBinHAndClucV8.py,corpus,590bf74986c5,a039f448c17bed72,212,1.0,5.102e-05,-59.05,672,1.02,1.787e-09,68.51,346.34,0.63,0.4247,False,NA,FOUND,drift_measured,0,,30.4,G6_lookahead,E0
CombinedBinHAndClucV8Hyper,PeetCrypto/freqtrade-stuff,repos/PeetCrypto_freqtrade-stuff/CombinedBinHAndClucV8Hyper.py,corpus,590bf74986c5,a039f448c17bed72,287,0.68,6.253e-06,-59.05,956,0.66,1.149e-09,62.89,346.34,0.42,0.2848,False,NA,FOUND,drift_measured,0,,24.2,G6_lookahead,E0
CombinedBinHAndClucV8XH,PeetCrypto/freqtrade-stuff,repos/PeetCrypto_freqtrade-stuff/CombinedBinHAndClucV8XH.py,corpus,590bf74986c5,a039f448c17bed72,165,0.7,0.004944,-59.05,477,0.81,3.408e-09,38.78,346.34,0.56,0.3743,False,NA,FOUND,drift_measured,0,,33.8,G6_lookahead,E0
CombinedBinHAndClucV8XHO,davidzr/freqtrade-strategies,repos/davidzr_freqtrade-strategies/strategies/CombinedBinHAndClucV8XHO/CombinedBinHAndClucV8XHO.py,corpus,590bf74986c5,a039f448c17bed72,203,0.82,8.527e-05,-59.05,648,1.0,2.167e-13,64.81,346.34,0.63,0.4617,False,PASS,FOUND,drift_measured,0,,26.4,G7_recursive,E1
CombinedBinHClucAndMADV3,PeetCrypto/freqtrade-stuff,repos/PeetCrypto_freqtrade-stuff/CombinedBinHClucAndMADV3.py,corpus,590bf74986c5,a039f448c17bed72,426,0.18,0.289,-59.05,1291,1.72,3.057e-16,222.21,346.34,0.75,0.5709,False,NA,PASS,,0,,17.6,G3_is_sig,E0
CombinedBinHClucAndMADV5,davidzr/freqtrade-strategies,repos/davidzr_freqtrade-strategies/strategies/CombinedBinHClucAndMADV5/CombinedBinHClucAndMADV5.py,corpus,590bf74986c5,a039f448c17bed72,349,0.28,0.02065,-59.05,1295,0.83,8.407e-15,106.91,346.34,0.46,0.3438,False,PASS,PASS,,0,,27.8,G12_economic,E6
CombinedBinHClucAndMADV6,PeetCrypto/freqtrade-stuff,repos/PeetCrypto_freqtrade-stuff/CombinedBinHClucAndMADV6.py,corpus,590bf74986c5,a039f448c17bed72,346,0.27,0.03095,-59.05,1270,0.97,4.348e-14,123.7,346.34,0.52,0.385,False,NA,PASS,,0,,28.4,G6_lookahead,E0
CombinedBinHClucAndMADV9,PeetCrypto/freqtrade-stuff,repos/PeetCrypto_freqtrade-stuff/CombinedBinHClucAndMADV9.py,corpus,590bf74986c5,a039f448c17bed72,748,0.13,0.1968,-59.05,2094,0.59,1.959e-07,124.23,346.34,0.32,0.1995,False,NA,PASS,,0,,39.8,G3_is_sig,E0
CompositeScoreStrategy,mlsys-io/PortfolioBench,repos/mlsys-io_PortfolioBench/strategy/CompositeScoreStrategy.py,corpus,590bf74986c5,a039f448c17bed72,13679,-0.07,9.81e-35,-58.37,15092,-0.06,8.091e-22,-96.59,346.34,-0.18,,False,PASS,FOUND,drift_measured,0,,22.8,G2_is_pos,E0
conny,davidzr/freqtrade-strategies,repos/davidzr_freqtrade-strategies/strategies/conny/conny.py,corpus,590bf74986c5,a039f448c17bed72,1484,-0.22,1.218e-08,-58.53,4341,-0.11,5.475e-06,-48.3,345.85,-0.12,-0.1717,False,PASS,FOUND,drift_measured,0,,5.93,G2_is_pos,E0
ConsensusShort,eovie/freqtrade_strs,repos/eovie_freqtrade_strs/binance/Archive/ConsensusShort.py,corpus,590bf74986c5,a039f448c17bed72,,,,,,,,,,,,,NA,NA,,0,,,G0_measured,E0
CoppockCurveStrategy,mlsys-io/PortfolioBench,repos/mlsys-io_PortfolioBench/strategy/CoppockCurveStrategy.py,corpus,590bf74986c5,a039f448c17bed72,8637,-0.09,4.889e-35,-58.37,13695,-0.07,7.649e-35,-96.57,346.34,-0.2,,False,PASS,FOUND,drift_measured,0,,16.4,G2_is_pos,E0
COPY_HL,djienne/COPY_WALLET_HYPERLIQUID,repos/djienne_COPY_WALLET_HYPERLIQUID/user_data/strategies/COPY_HL.py,corpus,590bf74986c5,a039f448c17bed72,,,,,,,,,,,,,NA,FOUND,refused_no_warmup,0,,,G0_measured,E0
CopyLitmusMinMaxBroadClassificationStrategy,markdregan/FreqAI-Marcos-Lopez-De-Prado,repos/markdregan_FreqAI-Marcos-Lopez-De-Prado/user_data/strategies/deprecated/CopyLitmusMinMaxBroadClassificationStrategy.py,corpus,590bf74986c5,a039f448c17bed72,,,,,,,,,,,,,NA,PASS,,0,,,G0_measured,E0
CoreStrategy,PeetCrypto/freqtrade-stuff,repos/PeetCrypto_freqtrade-stuff/BinClucMadSMACore.py,corpus,590bf74986c5,a039f448c17bed72,,,,,,,,,,,,,NA,FOUND,drift_measured,0,,,G0_measured,E0
CrossEMAStrategy,PeetCrypto/freqtrade-stuff,repos/PeetCrypto_freqtrade-stuff/CrossEMAStrategy.py,corpus,590bf74986c5,a039f448c17bed72,828,0.61,0.09905,-59.51,3235,2.05,0.1126,662.4,348.67,0.73,-0.1718,True,NA,FOUND,drift_measured,0,,60.53,G3_is_sig,E0
CryptoFrog,PeetCrypto/freqtrade-stuff,repos/PeetCrypto_freqtrade-stuff/CryptoFrog.py,corpus,590bf74986c5,a039f448c17bed72,,,,,,,,,,,,,NA,PASS,,0,,,G0_measured,E0
CryptoFrog_nateema,TheoBrigitte/freqtrade,repos/TheoBrigitte_freqtrade/strategies/cryptofrog-strategies/CryptoFrog_nateema.py,corpus,590bf74986c5,a039f448c17bed72,,,,,,,,,,,,,NA,PASS,,0,,,G0_measured,E0
CryptoFrogHO,PeetCrypto/freqtrade-stuff,repos/PeetCrypto_freqtrade-stuff/CryptoFrogHO.py,corpus,590bf74986c5,a039f448c17bed72,,,,,,,,,,,,,NA,PASS,,0,,,G0_measured,E0
CryptoFrogHO2,PeetCrypto/freqtrade-stuff,repos/PeetCrypto_freqtrade-stuff/CryptoFrogHO2.py,corpus,590bf74986c5,a039f448c17bed72,,,,,,,,,,,,,NA,PASS,,0,,,G0_measured,E0
CryptoFrogHO2A,PeetCrypto/freqtrade-stuff,repos/PeetCrypto_freqtrade-stuff/CryptoFrogHO2A.py,corpus,590bf74986c5,a039f448c17bed72,,,,,,,,,,,,,NA,PASS,,0,,,G0_measured,E0
CryptoFrogHO3A1,PeetCrypto/freqtrade-stuff,repos/PeetCrypto_freqtrade-stuff/CryptoFrogHO3A1.py,corpus,590bf74986c5,a039f448c17bed72,,,,,,,,,,,,,NA,PASS,,0,,,G0_measured,E0
CryptoFrogHO3A2,PeetCrypto/freqtrade-stuff,repos/PeetCrypto_freqtrade-stuff/CryptoFrogHO3A2.py,corpus,590bf74986c5,a039f448c17bed72,,,,,,,,,,,,,NA,PASS,,0,,,G0_measured,E0
CryptoFrogHO3A3,PeetCrypto/freqtrade-stuff,repos/PeetCrypto_freqtrade-stuff/CryptoFrogHO3A3.py,corpus,590bf74986c5,a039f448c17bed72,,,,,,,,,,,,,NA,PASS,,0,,,G0_measured,E0
CryptoFrogHO3A4,PeetCrypto/freqtrade-stuff,repos/PeetCrypto_freqtrade-stuff/CryptoFrogHO3A4.py,corpus,590bf74986c5,a039f448c17bed72,,,,,,,,,,,,,NA,PASS,,0,,,G0_measured,E0
CryptoFrogNFI,PeetCrypto/freqtrade-stuff,repos/PeetCrypto_freqtrade-stuff/CryptoFrogNFI.py,corpus,590bf74986c5,a039f448c17bed72,,,,,,,,,,,,,NA,FOUND,drift_measured,0,,,G0_measured,E0
CryptoFrogNFI2,PeetCrypto/freqtrade-stuff,repos/PeetCrypto_freqtrade-stuff/CryptoFrogNFI2.py,corpus,590bf74986c5,a039f448c17bed72,,,,,,,,,,,,,NA,NA,,0,,,G0_measured,E0
CryptoFrogNFIHO1A,PeetCrypto/freqtrade-stuff,repos/PeetCrypto_freqtrade-stuff/CryptoFrogNFIHO1A.py,corpus,590bf74986c5,a039f448c17bed72,,,,,,,,,,,,,NA,FOUND,drift_measured,0,,,G0_measured,E0
CryptoFrogOffset,PeetCrypto/freqtrade-stuff,repos/PeetCrypto_freqtrade-stuff/CryptoFrogOffset.py,corpus,590bf74986c5,a039f448c17bed72,,,,,,,,,,,,,NA,FOUND,drift_measured,0,,,G0_measured,E0
cryptohassle,davidzr/freqtrade-strategies,repos/davidzr_freqtrade-strategies/strategies/cryptohassle/cryptohassle.py,corpus,590bf74986c5,a039f448c17bed72,,,,,,,,,,,,,NA,NA,,0,,,G0_measured,E0
CryptoPredictionTraining,ShahAnuj2610/my-freqtrade,repos/ShahAnuj2610_my-freqtrade/user_data/strategies/CryptoPrediction.py,corpus,590bf74986c5,a039f448c17bed72,,,,,,,,,,,,,NA,PASS,,0,,,G0_measured,E0
cryptotank,jaredrsommer/freqtradestrategies,repos/jaredrsommer_freqtradestrategies/cryptotank.py,corpus,590bf74986c5,a039f448c17bed72,510,-1.32,0.008512,-59.27,1802,-0.52,0.001626,-93.47,348.67,0.38,0.1436,False,PASS,PASS,,0,,40.92,G2_is_pos,E0
cryptotankV2,jaredrsommer/freqtradestrategies,repos/jaredrsommer_freqtradestrategies/cryptotankV2.py,corpus,590bf74986c5,a039f448c17bed72,1279,-0.45,0.002682,-58.37,,,,,,,,,PASS,FOUND,drift_measured,0,,,G0_measured,E0
cryptotankV5,jaredrsommer/freqtradestrategies,repos/jaredrsommer_freqtradestrategies/cryptotankV5.py,corpus,590bf74986c5,a039f448c17bed72,946,-0.82,2.459e-05,-58.53,3836,-0.23,0.02872,-87.32,345.85,-0.25,-0.474,False,PASS,PASS,,0,,297.07,G2_is_pos,E0
CTIBS,jaredrsommer/freqtradestrategies,repos/jaredrsommer_freqtradestrategies/CTIBS.py,corpus,590bf74986c5,a039f448c17bed72,1106,-0.56,0.002067,-59.17,4447,-0.21,0.0008994,-92.77,345.85,-0.37,-0.5884,False,PASS,FOUND,drift_measured,0,,215.27,G2_is_pos,E0
custom,davidzr/freqtrade-strategies,repos/davidzr_freqtrade-strategies/strategies/custom/custom.py,corpus,590bf74986c5,a039f448c17bed72,4,1.05,0.09184,-58.85,16,1.06,0.3203,1.7,346.34,0.86,-0.836,False,NA,FOUND,drift_measured,0,,6.2,G1_trades,E0
custom_sell,davidzr/freqtrade-strategies,repos/davidzr_freqtrade-strategies/strategies/custom_sell/custom_sell.py,corpus,590bf74986c5,a039f448c17bed72,,,,,,,,,,,,,NA,PASS,,0,,,G0_measured,E0
CustomStoplossWithPSAR,PeetCrypto/freqtrade-stuff,repos/PeetCrypto_freqtrade-stuff/custom_stoploss_with_psar.py,corpus,590bf74986c5,a039f448c17bed72,62,-8.78,0.0002515,-58.4,78,55.86,0.1366,435.73,348.67,85.53,-27.0872,True,NA,PASS,,0,,5087.83,G2_is_pos,E0
Danke,TheoBrigitte/freqtrade,repos/TheoBrigitte_freqtrade/strategies/danke/Danke.py,corpus,590bf74986c5,a039f448c17bed72,,,,,,,,,,,,,NA,NA,,0,,,G0_measured,E0
DCBBBounce,davidzr/freqtrade-strategies,repos/davidzr_freqtrade-strategies/strategies/DCBBBounce/DCBBBounce.py,corpus,590bf74986c5,a039f448c17bed72,,,,,,,,,,,,,NA,PASS,,0,,,G0_measured,E0
DD,davidzr/freqtrade-strategies,repos/davidzr_freqtrade-strategies/strategies/DD/DD.py,corpus,590bf74986c5,a039f448c17bed72,12209,-0.08,2.994e-29,-58.23,19842,-0.05,1.795e-09,-96.78,346.34,-0.12,-0.1591,False,PASS,FOUND,refused_no_warmup,0,,36.2,G2_is_pos,E0
DemaCrossStrategy,mlsys-io/PortfolioBench,repos/mlsys-io_PortfolioBench/strategy/DemaCrossStrategy.py,corpus,590bf74986c5,a039f448c17bed72,7947,-0.11,1.223e-35,-58.37,13581,-0.07,1.69e-26,-96.57,346.34,-0.2,,False,PASS,FOUND,drift_measured,0,,20.4,G2_is_pos,E0
DevilStra,PeetCrypto/freqtrade-stuff,repos/PeetCrypto_freqtrade-stuff/DevilStra.py,corpus,590bf74986c5,a039f448c17bed72,,,,,,,,,,,,,NA,PASS,,0,,,G0_measured,E0
Diamond,TheoBrigitte/freqtrade,repos/TheoBrigitte_freqtrade/strategies/freqtrade-strategies/Diamond.py,corpus,590bf74986c5,a039f448c17bed72,1084,-0.49,0.0004721,-58.23,3519,-0.16,0.03004,-54.75,346.34,-0.16,-0.3045,False,PASS,FOUND,refused_no_warmup,0,,347.4,G2_is_pos,E0
Dimond,Foxel05/freqtrade-stuff,repos/Foxel05_freqtrade-stuff/strategies/Dimond.py,corpus,590bf74986c5,a039f448c17bed72,,,,,,,,,,,,,NA,PASS,,0,,,G0_measured,E0
DIV_v1,PeetCrypto/freqtrade-stuff,repos/PeetCrypto_freqtrade-stuff/DIV_v1.py,corpus,590bf74986c5,a039f448c17bed72,,,,,,,,,,,,,NA,NA,,1,trailing tighter than the spread,,G0_measured,E0
Divergences,PeetCrypto/freqtrade-stuff,repos/PeetCrypto_freqtrade-stuff/Divergences.py,corpus,590bf74986c5,a039f448c17bed72,2487,-0.3,3.953e-22,-59.27,7494,-0.12,6.77e-12,-91.23,348.67,-0.25,-0.3214,False,NA,FOUND,drift_measured,0,,4.63,G2_is_pos,E0
DoesNothingStrategy,PeetCrypto/freqtrade-stuff,repos/PeetCrypto_freqtrade-stuff/DoesNothingStrategy.py,corpus,590bf74986c5,a039f448c17bed72,,,,,,,,,,,,,NA,PASS,,0,,,G0_measured,E0
DonchianBreakoutStrategy,mlsys-io/PortfolioBench,repos/mlsys-io_PortfolioBench/strategy/DonchianBreakoutStrategy.py,corpus,590bf74986c5,a039f448c17bed72,10815,-0.09,7.131e-78,-58.52,10697,-0.09,4.587e-63,-96.57,346.34,-0.25,,False,PASS,FOUND,drift_measured,0,,13.0,G2_is_pos,E0
Dracula,PeetCrypto/freqtrade-stuff,repos/PeetCrypto_freqtrade-stuff/Dracula.py,corpus,590bf74986c5,a039f448c17bed72,,,,,,,,,,,,,NA,PASS,,0,,,G0_measured,E0
DualModelPolymarketPortfolio,mlsys-io/PortfolioBench,repos/mlsys-io_PortfolioBench/user_data/strategies/DualModelPolymarketPortfolio.py,corpus,590bf74986c5,a039f448c17bed72,,,,,,,,,,,,,NA,PASS,,0,,,G0_measured,E0
dualwave,TheoBrigitte/freqtrade,repos/TheoBrigitte_freqtrade/strategies/wave/dualwave.py,corpus,590bf74986c5,a039f448c17bed72,,,,,,,,,,,,,NA,NA,,0,,,G0_measured,E0
DWT,TheoBrigitte/freqtrade,repos/TheoBrigitte_freqtrade/strategies/dwt/DWT.py,corpus,590bf74986c5,a039f448c17bed72,,,,,,,,,,,,,NA,PASS,,0,,,G0_measured,E0
DWT_Leveraged,TheoBrigitte/freqtrade,repos/TheoBrigitte_freqtrade/strategies/dwt/DWT_Leveraged.py,corpus,590bf74986c5,a039f448c17bed72,,,,,,,,,,,,,NA,PASS,,0,,,G0_measured,E0
DWT_LongShort,TheoBrigitte/freqtrade,repos/TheoBrigitte_freqtrade/strategies/dwt/DWT_LongShort.py,corpus,590bf74986c5,a039f448c17bed72,,,,,,,,,,,,,NA,PASS,,0,,,G0_measured,E0
DWT_short,TheoBrigitte/freqtrade,repos/TheoBrigitte_freqtrade/strategies/dwt/DWT_short.py,corpus,590bf74986c5,a039f448c17bed72,,,,,,,,,,,,,NA,PASS,,0,,,G0_measured,E0
Dyna_opti,PeetCrypto/freqtrade-stuff,repos/PeetCrypto_freqtrade-stuff/Dyna_opti.py,corpus,590bf74986c5,a039f448c17bed72,,,,,,,,,,,,,NA,PASS,,0,,,G0_measured,E0
E0V1E,TheoBrigitte/freqtrade,repos/TheoBrigitte_freqtrade/strategies/e0v1e/E0V1E.py,corpus,590bf74986c5,a039f448c17bed72,39,3.04,0.0001465,-58.41,290,7.34,5.176e-31,212.84,346.34,3.21,,False,NA,FOUND,drift_measured,0,,8.2,G6_lookahead,E0
E0V1E2,TheoBrigitte/freqtrade,repos/TheoBrigitte_freqtrade/strategies/e0v1e/E0V1E2.py,corpus,590bf74986c5,a039f448c17bed72,39,1.52,0.003416,-58.41,291,2.67,8.771e-12,77.57,346.34,1.61,1.1477,False,NA,FOUND,drift_measured,0,,42.8,G6_lookahead,E0
E0V1E_DCA3,TheoBrigitte/freqtrade,repos/TheoBrigitte_freqtrade/strategies/e0v1e/E0V1E_DCA3.py,corpus,590bf74986c5,a039f448c17bed72,338,0.96,1.401e-12,-58.41,1814,2.92,6.037e-30,529.1,346.34,1.36,,True,PASS,FOUND,drift_measured,0,,7.6,G7_recursive,E1
E0V1E_ewo,TheoBrigitte/freqtrade,repos/TheoBrigitte_freqtrade/strategies/e0v1e/E0V1E_ewo.py,corpus,590bf74986c5,a039f448c17bed72,40,2.67,2.319e-05,-58.87,269,4.17,3.867e-09,112.12,346.34,2.3,1.5346,False,NA,FOUND,drift_measured,0,,8.2,G6_lookahead,E0
E0V1E_protections,TheoBrigitte/freqtrade,repos/TheoBrigitte_freqtrade/strategies/e0v1e/E0V1E_protections.py,corpus,590bf74986c5,a039f448c17bed72,39,3.04,0.0001465,-58.41,290,7.34,5.176e-31,212.84,346.34,3.21,,False,NA,FOUND,drift_measured,0,,8.2,G6_lookahead,E0
E0V1E_strs,TheoBrigitte/freqtrade,repos/TheoBrigitte_freqtrade/strategies/e0v1e/E0V1E_strs.py,corpus,590bf74986c5,a039f448c17bed72,14,2.11,0.0001183,-58.87,120,1.98,2.388e-10,23.76,346.34,1.45,1.0013,False,NA,FOUND,drift_measured,0,,9.6,G1_trades,E0
E0V1EN,eovie/freqtrade_strs,repos/eovie_freqtrade_strs/binance/dry_run/E0V1EN.py,corpus,590bf74986c5,a039f448c17bed72,71,1.27,0.0006574,-58.41,438,2.2,5.945e-12,96.24,346.34,1.25,0.8939,False,NA,FOUND,drift_measured,1,trailing tighter than the spread,16.2,G6_lookahead,E0
e6v34,davidzr/freqtrade-strategies,repos/davidzr_freqtrade-strategies/strategies/e6v34/e6v34.py,corpus,590bf74986c5,a039f448c17bed72,6281,-0.12,7.342e-15,-58.11,13166,-0.07,7.181e-20,-96.57,345.85,-0.2,,False,PASS,FOUND,refused_no_warmup,0,,9.67,G2_is_pos,E0
EasyInEasyOut,mikedigriz/freqtrade-strategy-mikedigriz,repos/mikedigriz_freqtrade-strategy-mikedigriz/strategies/EasyInEasyOut.py,corpus,590bf74986c5,a039f448c17bed72,83,-5.57,0.06388,-55.54,,,,,,,,,PASS,FOUND,refused_no_warmup,0,,,G0_measured,E0
EI1_t4c0s_V4,TheoBrigitte/freqtrade,repos/TheoBrigitte_freqtrade/strategies/eiv4/EI1_t4c0s_V4.py,corpus,590bf74986c5,a039f448c17bed72,177,-1.9,0.0002499,-51.52,544,-1.05,0.0005834,-56.9,348.67,-1.07,-1.6798,False,FOUND,FOUND,drift_measured,0,,53.1,G2_is_pos,E0
EI3v2_tag_cofi_green,MMR-19/freqtrade-strategies,repos/MMR-19_freqtrade-strategies/strategies/EI3v2_tag_cofi_green.py,corpus,590bf74986c5,a039f448c17bed72,738,0.39,0.05133,-59.23,2628,3.16,1.57e-17,831.52,346.34,0.7,,True,PASS,FOUND,drift_measured,1,trailing tighter than the spread,117.2,G3_is_sig,E0
EI4_t4c0s_V2,TheoBrigitte/freqtrade,repos/TheoBrigitte_freqtrade/strategies/ei/EI4_t4c0s_V2.py,corpus,590bf74986c5,a039f448c17bed72,968,-0.52,0.0009817,-59.23,3400,-0.04,0.7495,-15.16,346.34,0.03,-0.1542,False,FOUND,FOUND,drift_measured,0,,329.2,G2_is_pos,E0
EI4_t4c0s_V2_2,TheoBrigitte/freqtrade,repos/TheoBrigitte_freqtrade/strategies/ei/EI4_t4c0s_V2_2.py,corpus,590bf74986c5,a039f448c17bed72,968,-0.52,0.0009817,-59.23,3400,-0.04,0.7495,-15.16,346.34,0.03,-0.1542,False,FOUND,FOUND,drift_measured,0,,329.2,G2_is_pos,E0
ElliotV2,davidzr/freqtrade-strategies,repos/davidzr_freqtrade-strategies/strategies/ElliotV2/ElliotV2.py,corpus,590bf74986c5,a039f448c17bed72,43,2.27,0.017,-58.92,359,3.12,1.841e-06,112.05,346.34,1.74,1.0251,False,NA,PASS,,0,,83.0,G6_lookahead,E0
ElliotV4,davidzr/freqtrade-strategies,repos/davidzr_freqtrade-strategies/strategies/ElliotV4/ElliotV4.py,corpus,590bf74986c5,a039f448c17bed72,165,0.15,0.8522,-58.37,750,3.42,4.291e-05,256.46,346.34,1.38,0.7189,False,NA,FOUND,drift_measured,0,,1217.2,G3_is_sig,E0
ElliotV531,davidzr/freqtrade-strategies,repos/davidzr_freqtrade-strategies/strategies/ElliotV531/ElliotV531.py,corpus,590bf74986c5,a039f448c17bed72,164,0.92,2.72e-05,-59.05,723,0.33,0.03872,24.12,346.34,0.25,0.013,False,NA,FOUND,drift_measured,0,,20.6,G6_lookahead,E0
ElliotV5_SMA,TheoBrigitte/freqtrade,repos/TheoBrigitte_freqtrade/strategies/ElliotV5_SMA/ElliotV5_SMA.py,corpus,590bf74986c5,a039f448c17bed72,112,1.69,0.0001274,-57.18,611,2.56,3.861e-13,156.64,346.34,1.26,0.9199,False,NA,PASS,,0,,61.2,G6_lookahead,E0
ElliotV5HO,davidzr/freqtrade-strategies,repos/davidzr_freqtrade-strategies/strategies/ElliotV5HO/ElliotV5HO.py,corpus,590bf74986c5,a039f448c17bed72,143,0.74,0.0001402,-58.45,667,1.31,1.011e-14,87.49,346.34,0.77,0.5749,False,NA,FOUND,drift_measured,0,,8.8,G6_lookahead,E0
ElliotV5HOMod2,davidzr/freqtrade-strategies,repos/davidzr_freqtrade-strategies/strategies/ElliotV5HOMod2/ElliotV5HOMod2.py,corpus,590bf74986c5,a039f448c17bed72,81,2.89,5.428e-39,-58.45,413,4.48,1.462e-07,185.18,346.34,2.05,1.2857,False,NA,FOUND,drift_measured,0,,979.0,G6_lookahead,E0
ElliotV5HOMod3,davidzr/freqtrade-strategies,repos/davidzr_freqtrade-strategies/strategies/ElliotV5HOMod3/ElliotV5HOMod3.py,corpus,590bf74986c5,a039f448c17bed72,88,-0.11,0.9003,-58.45,459,2.68,3.493e-05,123.16,346.34,1.48,0.7791,False,NA,FOUND,drift_measured,0,,93.0,G2_is_pos,E0
ElliotV7,Foxel05/freqtrade-stuff,repos/Foxel05_freqtrade-stuff/strategies/ElliotV7.py,corpus,590bf74986c5,a039f448c17bed72,112,0.87,4.546e-05,-58.37,442,1.17,6.238e-10,51.53,346.34,0.76,0.5191,False,NA,FOUND,drift_measured,0,,8.8,G6_lookahead,E0
Elliotv8,Foxel05/freqtrade-stuff,repos/Foxel05_freqtrade-stuff/strategies/ElliotV8.py,corpus,590bf74986c5,a039f448c17bed72,120,1.2,9.06e-08,-59.23,500,1.6,2.228e-15,80.17,346.34,0.96,0.7227,False,NA,FOUND,drift_measured,1,trailing tighter than the spread,8.2,G6_lookahead,E0
ElliotV8_original,davidzr/freqtrade-strategies,repos/davidzr_freqtrade-strategies/strategies/ElliotV8_original/ElliotV8_original.py,corpus,590bf74986c5,a039f448c17bed72,118,1.74,0.0001429,-59.23,478,2.89,2.707e-15,137.9,346.34,1.47,1.1056,False,NA,FOUND,drift_measured,1,trailing tighter than the spread,103.2,G6_lookahead,E0
ElliotV8_original_ichiv2,TheoBrigitte/freqtrade,repos/TheoBrigitte_freqtrade/strategies/eliot/ElliotV8_original_ichiv2.py,corpus,590bf74986c5,a039f448c17bed72,221,1.11,1.532e-05,-59.23,1094,1.99,1.189e-14,217.54,346.34,0.86,0.6415,False,NA,FOUND,drift_measured,1,trailing tighter than the spread,43.6,G6_lookahead,E0
ElliotV8_original_ichiv2OH,TheoBrigitte/freqtrade,repos/TheoBrigitte_freqtrade/strategies/eliot/ElliotV8_original_ichiv2OH.py,corpus,590bf74986c5,a039f448c17bed72,60,1.04,0.06613,-59.23,455,1.06,9.719e-05,48.25,346.34,0.72,0.3579,False,NA,FOUND,drift_measured,1,trailing tighter than the spread,12.8,G3_is_sig,E0
ElliotV8_original_ichiv3,Foxel05/freqtrade-stuff,repos/Foxel05_freqtrade-stuff/strategies/ElliotV8_original_ichiv3.py,corpus,590bf74986c5,a039f448c17bed72,241,0.14,0.5892,-59.23,1215,0.73,2.061e-06,89.0,346.34,0.43,0.2525,False,NA,FOUND,drift_measured,1,trailing tighter than the spread,16.0,G3_is_sig,E0
ElliotV8HO,davidzr/freqtrade-strategies,repos/davidzr_freqtrade-strategies/strategies/ElliotV8HO/ElliotV8HO.py,corpus,590bf74986c5,a039f448c17bed72,42,0.93,0.3034,-59.23,344,2.28,3.707e-10,78.43,346.34,1.37,0.9415,False,NA,FOUND,drift_measured,0,,43.4,G3_is_sig,E0
ElliotWave,jaredrsommer/freqtradestrategies,repos/jaredrsommer_freqtradestrategies/ElliotWave.py,corpus,590bf74986c5,a039f448c17bed72,535,-0.36,0.3363,-45.47,,,,,,,,,FOUND,PASS,,0,,,G0_measured,E0
eltoro,jaredrsommer/freqtradestrategies,repos/jaredrsommer_freqtradestrategies/eltoro.py,corpus,590bf74986c5,a039f448c17bed72,777,-1.01,2.866e-06,-59.09,2927,-0.28,0.02858,-82.54,345.85,-0.3,-0.5686,False,PASS,FOUND,drift_measured,0,,333.93,G2_is_pos,E0
eltoro1_4,jaredrsommer/freqtradestrategies,repos/jaredrsommer_freqtradestrategies/eltoro1_4 (copy).py,corpus,590bf74986c5,a039f448c17bed72,460,-1.24,0.002102,-59.11,1933,-0.32,0.01524,-61.32,348.67,-0.21,-0.3796,False,PASS,FOUND,drift_measured,0,,73.87,G2_is_pos,E0
eltoro1_4_simple,jaredrsommer/freqtradestrategies,repos/jaredrsommer_freqtradestrategies/eltoro1_4_simple.py,corpus,590bf74986c5,a039f448c17bed72,496,-1.29,0.0006008,-59.09,1921,-0.27,0.2491,-51.7,345.85,0.03,-0.021,False,PASS,FOUND,drift_measured,0,,505.13,G2_is_pos,E0
ema,davidzr/freqtrade-strategies,repos/davidzr_freqtrade-strategies/strategies/ema/ema.py,corpus,590bf74986c5,a039f448c17bed72,17783,-0.05,2.582e-29,-58.23,13023,-0.07,1.306e-36,-96.57,346.34,-0.2,,False,PASS,FOUND,refused_no_warmup,0,,19.8,G2_is_pos,E0
EMA50,davidzr/freqtrade-strategies,repos/davidzr_freqtrade-strategies/strategies/EMA50/EMA50.py,corpus,590bf74986c5,a039f448c17bed72,,,,,,,,,,,,,NA,PASS,,0,,,G0_measured,E0
EMA520015_V17,davidzr/freqtrade-strategies,repos/davidzr_freqtrade-strategies/strategies/EMA520015_V17/EMA520015_V17.py,corpus,590bf74986c5,a039f448c17bed72,1644,-0.1,0.2426,-57.43,6621,-0.08,0.2114,-53.77,340.8,-0.08,-0.2055,False,PASS,FOUND,refused_no_warmup,0,,4.08,G2_is_pos,E0
EMA_CROSSOVER_STRATEGY,davidzr/freqtrade-strategies,repos/davidzr_freqtrade-strategies/strategies/EMA_CROSSOVER_STRATEGY/EMA_CROSSOVER_STRATEGY.py,corpus,590bf74986c5,a039f448c17bed72,13242,-0.07,1.393e-50,-58.41,13738,-0.07,1.37e-47,-96.57,346.34,-0.2,,False,PASS,PASS,,0,,20.4,G2_is_pos,E0
EMABBRSI,davidzr/freqtrade-strategies,repos/davidzr_freqtrade-strategies/strategies/EMABBRSI/EMABBRSI.py,corpus,590bf74986c5,a039f448c17bed72,,,,,,,,,,,,,NA,NA,,0,,,G0_measured,E0
EMABreakout,davidzr/freqtrade-strategies,repos/davidzr_freqtrade-strategies/strategies/EMABreakout/EMABreakout.py,corpus,590bf74986c5,a039f448c17bed72,,,,,,,,,,,,,NA,PASS,,0,,,G0_measured,E0
EmaCrossStrategy,mlsys-io/PortfolioBench,repos/mlsys-io_PortfolioBench/strategy/EmaCrossStrategy.py,corpus,590bf74986c5,a039f448c17bed72,,,,,,,,,,,,,NA,PASS,,0,,,G0_measured,E0
EmaRibbonStrategy,mlsys-io/PortfolioBench,repos/mlsys-io_PortfolioBench/strategy/EmaRibbonStrategy.py,corpus,590bf74986c5,a039f448c17bed72,8479,-0.1,1.154e-49,-58.37,14273,-0.07,5.17e-44,-96.57,346.34,-0.19,,False,PASS,FOUND,drift_measured,0,,13.4,G2_is_pos,E0
EMASkipPump,PeetCrypto/freqtrade-stuff,repos/PeetCrypto_freqtrade-stuff/EMASkipPump.py,corpus,590bf74986c5,a039f448c17bed72,11468,-0.08,5.273e-25,-58.23,22854,-0.04,1.169e-11,-96.65,346.34,-0.11,-0.1418,False,NA,PASS,,0,,34.8,G2_is_pos,E0
EMAVolume,PeetCrypto/freqtrade-stuff,repos/PeetCrypto_freqtrade-stuff/EMAVolume.py,corpus,590bf74986c5,a039f448c17bed72,,,,,,,,,,,,,NA,NA,,0,,,G0_measured,E0
Enchilada,werkkrew/freqtrade-strategies,repos/werkkrew_freqtrade-strategies/strategies/archived/Enchilada.py,corpus,590bf74986c5,a039f448c17bed72,,,,,,,,,,,,,NA,PASS,,0,,,G0_measured,E0
EnsembleStrategy,PeetCrypto/freqtrade-stuff,repos/PeetCrypto_freqtrade-stuff/EnsembleStrategy.py,corpus,590bf74986c5,a039f448c17bed72,,,,,,,,,,,,,NA,NA,,0,,,G0_measured,E0
EnsembleStrategyV1,PeetCrypto/freqtrade-stuff,repos/PeetCrypto_freqtrade-stuff/EnsembleStrategyV1.py,corpus,590bf74986c5,a039f448c17bed72,,,,,,,,,,,,,NA,NA,,0,,,G0_measured,E0
EnsembleStrategyV2,PeetCrypto/freqtrade-stuff,repos/PeetCrypto_freqtrade-stuff/EnsembleStrategyV2.py,corpus,590bf74986c5,a039f448c17bed72,,,,,,,,,,,,,NA,NA,,0,,,G0_measured,E0
ep3mas2,PeetCrypto/freqtrade-stuff,repos/PeetCrypto_freqtrade-stuff/ep3mas2.py,corpus,590bf74986c5,a039f448c17bed72,,,,,,,,,,,,,NA,PASS,,0,,,G0_measured,E0
epretrace,PeetCrypto/freqtrade-stuff,repos/PeetCrypto_freqtrade-stuff/epretrace.py,corpus,590bf74986c5,a039f448c17bed72,,,,,,,,,,,,,NA,PASS,,0,,,G0_measured,E0
EXPERIMENTAL_STRATEGY,davidzr/freqtrade-strategies,repos/davidzr_freqtrade-strategies/strategies/EXPERIMENTAL_STRATEGY/EXPERIMENTAL_STRATEGY.py,corpus,590bf74986c5,a039f448c17bed72,,,,,,,,,,,,,NA,NA,,0,,,G0_measured,E0
ExponentialGradientPortfolio,mlsys-io/PortfolioBench,repos/mlsys-io_PortfolioBench/user_data/strategies/exp_gradient.py,corpus,590bf74986c5,a039f448c17bed72,,,,,,,,,,,,,NA,PASS,,0,,,G0_measured,E0
FAdxSmaStrategy,freqtrade/freqtrade-strategies,repos/freqtrade_freqtrade-strategies/user_data/strategies/futures/FAdxSmaStrategy.py,corpus,590bf74986c5,a039f448c17bed72,,,,,,,,,,,,,NA,NA,,0,,,G0_measured,E0
fahmibah,davidzr/freqtrade-strategies,repos/davidzr_freqtrade-strategies/strategies/fahmibah/fahmibah.py,corpus,590bf74986c5,a039f448c17bed72,5242,-0.17,1.008e-09,-59.11,15701,-0.06,0.002274,-96.66,346.34,-0.13,-0.2135,False,PASS,PASS,,0,,194.2,G2_is_pos,E0
Fakebuy,davidzr/freqtrade-strategies,repos/davidzr_freqtrade-strategies/strategies/Fakebuy/Fakebuy.py,corpus,590bf74986c5,a039f448c17bed72,26,-0.55,0.5349,-59.11,313,0.04,0.8684,1.33,346.34,0.04,-0.4332,False,NA,PASS,,0,,23.8,G1_trades,E0
FakeoutStrategy,flaviosiotto/freqtrade-strategy,repos/flaviosiotto_freqtrade-strategy/user_data/strategies/fakeout-strategy.py,corpus,590bf74986c5,a039f448c17bed72,,,,,,,,,,,,,NA,NA,,0,,,G0_measured,E0
falconTrader,TheoBrigitte/freqtrade,repos/TheoBrigitte_freqtrade/strategies/falcon/falconTrader.py,corpus,590bf74986c5,a039f448c17bed72,,,,,,,,,,,,,NA,NA,,0,,,G0_measured,E0
FastSupertrend,davidzr/freqtrade-strategies,repos/davidzr_freqtrade-strategies/strategies/FastSupertrend/FastSupertrend.py,corpus,590bf74986c5,a039f448c17bed72,,,,,,,,,,,,,NA,PASS,,0,,,G0_measured,E0
FastSupertrend_optim3,TheoBrigitte/freqtrade,repos/TheoBrigitte_freqtrade/strategies/fastsupertrend/FastSupertrend_optim3.py,corpus,590bf74986c5,a039f448c17bed72,,,,,,,,,,,,,NA,PASS,,1,trailing tighter than the spread,,G0_measured,E0
FastSupertrend_optim3_rsi_70,TheoBrigitte/freqtrade,repos/TheoBrigitte_freqtrade/strategies/fastsupertrend/FastSupertrend_optim3_rsi_70.py,corpus,590bf74986c5,a039f448c17bed72,,,,,,,,,,,,,NA,PASS,,1,trailing tighter than the spread,,G0_measured,E0
FastSupertrend_optim3_rsi_75,TheoBrigitte/freqtrade,repos/TheoBrigitte_freqtrade/strategies/fastsupertrend/FastSupertrend_optim3_rsi_75.py,corpus,590bf74986c5,a039f448c17bed72,,,,,,,,,,,,,NA,PASS,,1,trailing tighter than the spread,,G0_measured,E0
FastSupertrend_optim3_rsi_752,TheoBrigitte/freqtrade,repos/TheoBrigitte_freqtrade/strategies/fastsupertrend/FastSupertrend_optim3_rsi_752.py,corpus,590bf74986c5,a039f448c17bed72,,,,,,,,,,,,,NA,PASS,,1,trailing tighter than the spread,,G0_measured,E0
FastSupertrend_optim3_rsi_75fix,TheoBrigitte/freqtrade,repos/TheoBrigitte_freqtrade/strategies/fastsupertrend/FastSupertrend_optim3_rsi_75fix.py,corpus,590bf74986c5,a039f448c17bed72,,,,,,,,,,,,,NA,PASS,,1,trailing tighter than the spread,,G0_measured,E0
FastSupertrend_optim3_rsi_75fix_signal,TheoBrigitte/freqtrade,repos/TheoBrigitte_freqtrade/strategies/fastsupertrend/FastSupertrend_optim3_rsi_75fix_signal.py,corpus,590bf74986c5,a039f448c17bed72,,,,,,,,,,,,,NA,PASS,,1,trailing tighter than the spread,,G0_measured,E0
FastSupertrend_optim3_rsi_75lev,TheoBrigitte/freqtrade,repos/TheoBrigitte_freqtrade/strategies/fastsupertrend/FastSupertrend_optim3_rsi_75lev.py,corpus,590bf74986c5,a039f448c17bed72,,,,,,,,,,,,,NA,PASS,,1,trailing tighter than the spread,,G0_measured,E0
FastSupertrend_optim3_rsi_75sell,TheoBrigitte/freqtrade,repos/TheoBrigitte_freqtrade/strategies/fastsupertrend/FastSupertrend_optim3_rsi_75sell.py,corpus,590bf74986c5,a039f448c17bed72,,,,,,,,,,,,,NA,PASS,,1,trailing tighter than the spread,,G0_measured,E0
FastSupertrend_optim3_rsi_80,TheoBrigitte/freqtrade,repos/TheoBrigitte_freqtrade/strategies/fastsupertrend/FastSupertrend_optim3_rsi_80.py,corpus,590bf74986c5,a039f448c17bed72,,,,,,,,,,,,,NA,PASS,,1,trailing tighter than the spread,,G0_measured,E0
FastSupertrend_optim_quick,TheoBrigitte/freqtrade,repos/TheoBrigitte_freqtrade/strategies/fastsupertrend/FastSupertrend_optim_quick.py,corpus,590bf74986c5,a039f448c17bed72,,,,,,,,,,,,,NA,PASS,,1,trailing tighter than the spread,,G0_measured,E0
FastSupertrend_optim_quick2,TheoBrigitte/freqtrade,repos/TheoBrigitte_freqtrade/strategies/fastsupertrend/FastSupertrend_optim_quick2.py,corpus,590bf74986c5,a039f448c17bed72,,,,,,,,,,,,,NA,PASS,,1,trailing tighter than the spread,,G0_measured,E0
FastSupertrend_optim_quick3,TheoBrigitte/freqtrade,repos/TheoBrigitte_freqtrade/strategies/fastsupertrend/FastSupertrend_optim_quick3.py,corpus,590bf74986c5,a039f448c17bed72,,,,,,,,,,,,,NA,PASS,,1,trailing tighter than the spread,,G0_measured,E0
FastSupertrend_optim_quick4,TheoBrigitte/freqtrade,repos/TheoBrigitte_freqtrade/strategies/fastsupertrend/FastSupertrend_optim_quick4.py,corpus,590bf74986c5,a039f448c17bed72,,,,,,,,,,,,,NA,PASS,,1,trailing tighter than the spread,,G0_measured,E0
FastSupertrend_optim_quick5,TheoBrigitte/freqtrade,repos/TheoBrigitte_freqtrade/strategies/fastsupertrend/FastSupertrend_optim_quick5.py,corpus,590bf74986c5,a039f448c17bed72,,,,,,,,,,,,,NA,PASS,,1,trailing tighter than the spread,,G0_measured,E0
FastSupertrend_ts_origstop_fix,TheoBrigitte/freqtrade,repos/TheoBrigitte_freqtrade/strategies/fastsupertrend/FastSupertrend_ts_origstop_fix.py,corpus,590bf74986c5,a039f448c17bed72,,,,,,,,,,,,,NA,PASS,,0,,,G0_measured,E0
FastSupertrendOpt,davidzr/freqtrade-strategies,repos/davidzr_freqtrade-strategies/strategies/FastSupertrendOpt/FastSupertrendOpt.py,corpus,590bf74986c5,a039f448c17bed72,,,,,,,,,,,,,NA,PASS,,0,,,G0_measured,E0
FileLoadingStrategy,keithorange/FreqTradeCustomOrders,repos/keithorange_FreqTradeCustomOrders/file_loading_strategy.py,corpus,590bf74986c5,a039f448c17bed72,,,,,,,,,,,,,NA,PASS,,0,,,G0_measured,E0
FisherHull,mikedigriz/freqtrade-strategy-mikedigriz,repos/mikedigriz_freqtrade-strategy-mikedigriz/strategies/FisherHull.py,corpus,590bf74986c5,a039f448c17bed72,82,-5.89,0.04737,-55.54,,,,,,,,,NA,FOUND,refused_no_warmup,0,,,G0_measured,E0
FisherTransformStrategy,mlsys-io/PortfolioBench,repos/mlsys-io_PortfolioBench/strategy/FisherTransformStrategy.py,corpus,590bf74986c5,a039f448c17bed72,9965,-0.1,3.928e-37,-58.52,12611,-0.08,1.47e-26,-96.57,346.34,-0.21,,False,PASS,FOUND,drift_measured,0,,39.8,G2_is_pos,E0
FiveMinCrossAbove,PeetCrypto/freqtrade-stuff,repos/PeetCrypto_freqtrade-stuff/FiveMinCrossAbove.py,corpus,590bf74986c5,a039f448c17bed72,172,-2.67,0.06019,-58.23,1679,0.62,0.3158,104.67,346.34,0.44,-0.4197,False,NA,PASS,,0,,2772.2,G2_is_pos,E0
FixedRiskRewardLoss,PeetCrypto/freqtrade-stuff,repos/PeetCrypto_freqtrade-stuff/FixedRiskRewardLoss.py,corpus,590bf74986c5,a039f448c17bed72,,,,,,,,,,,,,NA,NA,,0,,,G0_measured,E0
flawless_lambo,davidzr/freqtrade-strategies,repos/davidzr_freqtrade-strategies/strategies/flawless_lambo/flawless_lambo.py,corpus,590bf74986c5,a039f448c17bed72,959,-0.72,1.449e-05,-58.53,3530,-0.17,0.1239,-61.18,345.85,-0.14,-0.3183,False,PASS,FOUND,drift_measured,0,,214.33,G2_is_pos,E0
FlawlessVictory,seannowotny/FlawlessVictoryPort,repos/seannowotny_FlawlessVictoryPort/user_data/strategies/flawless_victory_v1.py,corpus,590bf74986c5,a039f448c17bed72,2737,-0.27,8.232e-06,-58.8,9503,-0.08,0.4918,-72.7,345.85,-0.05,-0.1926,False,PASS,PASS,,0,,133.53,G2_is_pos,E0
ForexRobootSuperScalper,jaredrsommer/freqtradestrategies,repos/jaredrsommer_freqtradestrategies/ForexRobootSuperScalper (2).py,corpus,590bf74986c5,a039f448c17bed72,11876,-0.08,1.451e-30,-58.23,14747,-0.07,1.862e-24,-96.6,346.34,-0.18,,False,PASS,FOUND,refused_no_warmup,0,,27.0,G2_is_pos,E0
ForexSignal,davidzr/freqtrade-strategies,repos/davidzr_freqtrade-strategies/strategies/ForexSignal/ForexSignal.py,corpus,590bf74986c5,a039f448c17bed72,13660,-0.07,8.04e-76,-58.37,12656,-0.08,6.5e-69,-96.57,346.34,-0.21,,False,PASS,PASS,,0,,11.2,G2_is_pos,E0
FOttStrategy,MelvynClark/Freqtrade-Strategy,repos/MelvynClark_Freqtrade-Strategy/FOTT.py,corpus,590bf74986c5,a039f448c17bed72,,,,,,,,,,,,,NA,PASS,,0,,,G0_measured,E0
FrayLIVEBTC15m,PeetCrypto/freqtrade-stuff,repos/PeetCrypto_freqtrade-stuff/FrayLIVEBTC15m.py,corpus,590bf74986c5,a039f448c17bed72,1015,-0.72,0.0002412,-58.84,3732,-0.24,0.04952,-88.51,345.85,-0.29,-0.5794,False,FOUND,FOUND,drift_measured,0,,339.27,G2_is_pos,E0
FRAYSTRAT,PeetCrypto/freqtrade-stuff,repos/PeetCrypto_freqtrade-stuff/FRAYSTRAT (1).py,corpus,590bf74986c5,a039f448c17bed72,5668,-0.17,5.687e-17,-58.34,6778,-0.14,1.18e-11,-96.64,345.85,-0.37,-0.4769,False,NA,FOUND,drift_measured,0,,39.4,G2_is_pos,E0
FrayStratBTC,PeetCrypto/freqtrade-stuff,repos/PeetCrypto_freqtrade-stuff/FRAYSTRAT-BTCUSDT-1H.py,corpus,590bf74986c5,a039f448c17bed72,2045,-0.42,5.085e-07,-58.34,7044,-0.14,0.009515,-96.67,345.85,-0.27,-0.4741,False,NA,FOUND,drift_measured,0,,168.13,G2_is_pos,E0
FReinforcedStrategy,freqtrade/freqtrade-strategies,repos/freqtrade_freqtrade-strategies/user_data/strategies/futures/FReinforcedStrategy.py,corpus,590bf74986c5,a039f448c17bed72,,,,,,,,,,,,,NA,NA,,0,,,G0_measured,E0
freqai_rl_test_strat,markdregan/FreqAI-Marcos-Lopez-De-Prado,repos/markdregan_FreqAI-Marcos-Lopez-De-Prado/tests/strategy/strats/freqai_rl_test_strat.py,corpus,590bf74986c5,a039f448c17bed72,,,,,,,,,,,,,NA,NA,,0,,,G0_measured,E0
freqai_test_classifier,markdregan/FreqAI-Marcos-Lopez-De-Prado,repos/markdregan_FreqAI-Marcos-Lopez-De-Prado/tests/strategy/strats/freqai_test_classifier.py,corpus,590bf74986c5,a039f448c17bed72,,,,,,,,,,,,,NA,NA,,0,,,G0_measured,E0
freqai_test_multimodel_classifier_strat,markdregan/FreqAI-Marcos-Lopez-De-Prado,repos/markdregan_FreqAI-Marcos-Lopez-De-Prado/tests/strategy/strats/freqai_test_multimodel_classifier_strat.py,corpus,590bf74986c5,a039f448c17bed72,,,,,,,,,,,,,NA,NA,,0,,,G0_measured,E0
freqai_test_multimodel_strat,markdregan/FreqAI-Marcos-Lopez-De-Prado,repos/markdregan_FreqAI-Marcos-Lopez-De-Prado/tests/strategy/strats/freqai_test_multimodel_strat.py,corpus,590bf74986c5,a039f448c17bed72,,,,,,,,,,,,,NA,NA,,0,,,G0_measured,E0
freqai_test_strat,markdregan/FreqAI-Marcos-Lopez-De-Prado,repos/markdregan_FreqAI-Marcos-Lopez-De-Prado/tests/strategy/strats/freqai_test_strat.py,corpus,590bf74986c5,a039f448c17bed72,,,,,,,,,,,,,NA,NA,,0,,,G0_measured,E0
FreqaiExampleHybridStrategy,markdregan/FreqAI-Marcos-Lopez-De-Prado,repos/markdregan_FreqAI-Marcos-Lopez-De-Prado/freqtrade/templates/FreqaiExampleHybridStrategy.py,corpus,590bf74986c5,a039f448c17bed72,,,,,,,,,,,,,NA,NA,,0,,,G0_measured,E0
FreqaiExampleStrategy,flaviosiotto/freqtrade-strategy,repos/flaviosiotto_freqtrade-strategy/user_data/strategies/exemple-ai-strategy.py,corpus,590bf74986c5,a039f448c17bed72,,,,,,,,,,,,,NA,NA,,0,,,G0_measured,E0
Freqtrade_backtest_validation_freqtrade1,TheoBrigitte/freqtrade,repos/TheoBrigitte_freqtrade/strategies/berlinguyinca/1h/Freqtrade_backtest_validation_freqtrade1.py,corpus,590bf74986c5,a039f448c17bed72,2128,0.04,0.7433,-58.4,8036,0.01,0.9594,5.43,348.67,0.07,-2.6251,False,PASS,FOUND,refused_no_warmup,0,,24.93,G3_is_sig,E0
FrostAuraM115mStrategy,PeetCrypto/freqtrade-stuff,repos/PeetCrypto_freqtrade-stuff/FrostAuraM115mStrategy.py,corpus,590bf74986c5,a039f448c17bed72,7461,-0.12,3.149e-17,-58.53,23390,-0.04,0.001517,-96.58,345.85,-0.1,-0.1618,False,NA,FOUND,drift_measured,0,,19.93,G2_is_pos,E0
FrostAuraM11hStrategy,PeetCrypto/freqtrade-stuff,repos/PeetCrypto_freqtrade-stuff/FrostAuraM11hStrategy.py,corpus,590bf74986c5,a039f448c17bed72,595,-1.26,0.0004522,-59.27,2041,-0.08,0.8488,-17.3,348.67,0.22,-2.0417,False,NA,FOUND,drift_measured,0,,157.3,G2_is_pos,E0
FrostAuraM21hStrategy,PeetCrypto/freqtrade-stuff,repos/PeetCrypto_freqtrade-stuff/FrostAuraM21hStrategy.py,corpus,590bf74986c5,a039f448c17bed72,8809,-0.11,1.723e-29,-58.53,11071,-0.09,1.761e-14,-96.57,345.85,-0.24,-0.3014,False,NA,FOUND,drift_measured,0,,16.13,G2_is_pos,E0
FrostAuraM315mStrategy,PeetCrypto/freqtrade-stuff,repos/PeetCrypto_freqtrade-stuff/FrostAuraM315mStrategy.py,corpus,590bf74986c5,a039f448c17bed72,1892,-0.39,3.135e-09,-58.53,7229,-0.1,0.05951,-74.57,345.85,-0.11,-0.2244,False,NA,FOUND,drift_measured,0,,88.6,G2_is_pos,E0
FrostAuraM31hStrategy,PeetCrypto/freqtrade-stuff,repos/PeetCrypto_freqtrade-stuff/FrostAuraM31hStrategy.py,corpus,590bf74986c5,a039f448c17bed72,533,-1.29,1.195e-05,-59.27,1936,-0.32,0.08998,-62.28,348.67,-0.27,-0.5821,False,NA,FOUND,drift_measured,0,,89.05,G2_is_pos,E0
FrostAuraRandomStrategy,davidzr/freqtrade-strategies,repos/davidzr_freqtrade-strategies/strategies/FrostAuraRandomStrategy/FrostAuraRandomStrategy.py,corpus,590bf74986c5,a039f448c17bed72,1260,-0.58,0.0002994,-59.27,4561,-0.17,0.4394,-77.42,348.67,-0.05,-0.1767,False,FOUND,FOUND,drift_measured,0,,82.68,G2_is_pos,E0
FSampleStrategy,freqtrade/freqtrade-strategies,repos/freqtrade_freqtrade-strategies/user_data/strategies/futures/FSampleStrategy.py,corpus,590bf74986c5,a039f448c17bed72,,,,,,,,,,,,,NA,NA,,0,,,G0_measured,E0
FSupertrendStrategy,freqtrade/freqtrade-strategies,repos/freqtrade_freqtrade-strategies/user_data/strategies/futures/FSupertrendStrategy.py,corpus,590bf74986c5,a039f448c17bed72,1760,-0.1,0.3202,-59.19,6492,-0.02,0.763,-14.49,348.67,0.01,-0.055,False,PASS,PASS,,0,,16.45,G2_is_pos,E0
FSupertrendStrategyBTC,MelvynClark/Freqtrade-Strategy,repos/MelvynClark_Freqtrade-Strategy/FSupertrendStrategy - BTC.py,corpus,590bf74986c5,a039f448c17bed72,,,,,,,,,,,,,NA,PASS,,0,,,G0_measured,E0
FSupertrendStrategyETH,MelvynClark/Freqtrade-Strategy,repos/MelvynClark_Freqtrade-Strategy/FSupertrendStrategy - ETH.py,corpus,590bf74986c5,a039f448c17bed72,,,,,,,,,,,,,NA,PASS,,0,,,G0_measured,E0
FTT_DWT_FBB_FUTURES,Lijunnan0113/Lijunnan0113-Lijunnan_Freqtrade_Strategy,repos/Lijunnan0113_Lijunnan0113-Lijunnan_Freqtrade_Strategy/Strategy/FTT_DWT_FBB_FUTURES.py,corpus,590bf74986c5,a039f448c17bed72,,,,,,,,,,,,,NA,PASS,,0,,,G0_measured,E0
FundingCarry,nateemma/strategies,repos/nateemma_strategies/Funding/FundingCarry.py,corpus,590bf74986c5,a039f448c17bed72,,,,,,,,,,,,,NA,PASS,,0,,,G0_measured,E0
FVGAdvancedStrategy_V2,TheoBrigitte/freqtrade,repos/TheoBrigitte_freqtrade/strategies/FVGAdvancedStrategy_V2/FVGAdvancedStrategy_V2.py,corpus,590bf74986c5,a039f448c17bed72,473,-0.17,0.8574,-58.23,1553,-0.29,0.6353,-45.6,346.34,0.52,-1.6289,False,FOUND,FOUND,refused_no_warmup,0,,288.6,G2_is_pos,E0
FVGChannel,jaredrsommer/freqtradestrategies,repos/jaredrsommer_freqtradestrategies/FVGChannel.py,corpus,590bf74986c5,a039f448c17bed72,4761,-0.19,8.852e-17,-58.4,11838,-0.08,2.13e-13,-96.57,348.67,-0.22,-0.2787,False,PASS,FOUND,refused_no_warmup,0,,4.98,G2_is_pos,E0
GeneStrategy,TheoBrigitte/freqtrade,repos/TheoBrigitte_freqtrade/strategies/GeneTrader/GeneStrategy.py,corpus,590bf74986c5,a039f448c17bed72,,,,,,,,,,,,,NA,NA,,0,,,G0_measured,E0
GeneStrategy_v2,TheoBrigitte/freqtrade,repos/TheoBrigitte_freqtrade/strategies/GeneTrader/GeneStrategy_v2.py,corpus,590bf74986c5,a039f448c17bed72,,,,,,,,,,,,,NA,NA,,0,,,G0_measured,E0
GeneTrader_gen10_1734895087_6007,TheoBrigitte/freqtrade,repos/TheoBrigitte_freqtrade/strategies/GeneTrader/GeneTrader_gen10_1734895087_6007.py,corpus,590bf74986c5,a039f448c17bed72,,,,,,,,,,,,,NA,NA,,0,,,G0_measured,E0
GeneTrader_gen5_1735014093_4541,TheoBrigitte/freqtrade,repos/TheoBrigitte_freqtrade/strategies/GeneTrader/GeneTrader_gen5_1735014093_4541.py,corpus,590bf74986c5,a039f448c17bed72,,,,,,,,,,,,,NA,NA,,0,,,G0_measured,E0
gettinMoist,werkkrew/freqtrade-strategies,repos/werkkrew_freqtrade-strategies/strategies/archived/gettinMoist.py,corpus,590bf74986c5,a039f448c17bed72,5122,-0.16,9.266e-10,-58.42,14914,-0.06,5.386e-05,-96.66,346.34,-0.16,-0.2377,False,PASS,FOUND,drift_measured,0,,158.0,G2_is_pos,E0
GKD_Baseline,jaredrsommer/freqtradestrategies,repos/jaredrsommer_freqtradestrategies/GKD_Baseline.py,corpus,590bf74986c5,a039f448c17bed72,7411,-0.12,5.884e-47,-58.4,10927,-0.09,1.231e-43,-96.58,348.67,-0.25,,False,PASS,FOUND,refused_no_warmup,0,,2.48,G2_is_pos,E0
GKD_BaselineAllMAs,jaredrsommer/freqtradestrategies,repos/jaredrsommer_freqtradestrategies/GKD_BaselineAllMAs (1).py,corpus,590bf74986c5,a039f448c17bed72,7411,-0.12,5.884e-47,-58.4,10927,-0.09,1.231e-43,-96.58,348.67,-0.25,,False,PASS,FOUND,refused_no_warmup,0,,2.48,G2_is_pos,E0
GKD_C,jaredrsommer/freqtradestrategies,repos/jaredrsommer_freqtradestrategies/GKD_C.py,corpus,590bf74986c5,a039f448c17bed72,4,-4.28,0.2372,-58.4,,,,,,,,,NA,FOUND,refused_no_warmup,0,,,G0_measured,E0
GKD_CT,jaredrsommer/freqtradestrategies,repos/jaredrsommer_freqtradestrategies/GKD_CT.py,corpus,590bf74986c5,a039f448c17bed72,1382,-0.62,9.93e-09,-58.4,,,,,,,,,NA,FOUND,refused_no_warmup,0,,,G0_measured,E0
GKD_FisherTransform,jaredrsommer/freqtradestrategies,repos/jaredrsommer_freqtradestrategies/GKD_FisherTransform (2).py,corpus,590bf74986c5,a039f448c17bed72,,,,,,,,,,,,,NA,FOUND,refused_no_warmup,0,,,G0_measured,E0
GKD_FisherTransformMTF,jaredrsommer/freqtradestrategies,repos/jaredrsommer_freqtradestrategies/GKD_FisherTransformMTF.py,corpus,590bf74986c5,a039f448c17bed72,1022,-0.46,0.02878,-58.4,3728,0.17,0.79,65.02,348.67,0.4,-2.5439,False,NA,FOUND,refused_no_warmup,0,,91.25,G2_is_pos,E0
GKD_HurstExponent,jaredrsommer/freqtradestrategies,repos/jaredrsommer_freqtradestrategies/GKD_HurstExponent.py,corpus,590bf74986c5,a039f448c17bed72,1061,-0.28,0.01681,-58.4,4835,-0.12,0.02305,-57.58,348.67,-0.12,-0.2235,False,PASS,FOUND,refused_no_warmup,0,,26.07,G2_is_pos,E0
GKD_PFE,jaredrsommer/freqtradestrategies,repos/jaredrsommer_freqtradestrategies/GKD_PFE.py,corpus,590bf74986c5,a039f448c17bed72,6530,-0.14,2.587e-24,-58.4,10583,-0.09,1.447e-16,-96.59,348.67,-0.25,-0.3097,False,PASS,FOUND,refused_no_warmup,0,,4.62,G2_is_pos,E0
GodCard,davidzr/freqtrade-strategies,repos/davidzr_freqtrade-strategies/strategies/GodCard/GodCard.py,corpus,590bf74986c5,a039f448c17bed72,185,-0.98,0.0009233,-58.23,291,0.65,0.0009482,19.0,346.34,0.49,0.1995,False,PASS,FOUND,refused_no_warmup,0,,24.8,G2_is_pos,E0
GodStra,PeetCrypto/freqtrade-stuff,repos/PeetCrypto_freqtrade-stuff/GodStraNew.py,corpus,590bf74986c5,a039f448c17bed72,,,,,,,,,,,,,NA,PASS,,0,,,G0_measured,E0
GodStraNew,PeetCrypto/freqtrade-stuff,repos/PeetCrypto_freqtrade-stuff/GodStra.py,corpus,590bf74986c5,a039f448c17bed72,,,,,,,,,,,,,NA,PASS,,0,,,G0_measured,E0
GodStraNew40,PeetCrypto/freqtrade-stuff,repos/PeetCrypto_freqtrade-stuff/GodStraNew40.py,corpus,590bf74986c5,a039f448c17bed72,,,,,,,,,,,,,NA,PASS,,0,,,G0_measured,E0
GodStraNew_SMAonly,PeetCrypto/freqtrade-stuff,repos/PeetCrypto_freqtrade-stuff/GodStraNew_SMAonly.py,corpus,590bf74986c5,a039f448c17bed72,,,,,,,,,,,,,NA,PASS,,0,,,G0_measured,E0
GoldenCrossStrategy,mlsys-io/PortfolioBench,repos/mlsys-io_PortfolioBench/strategy/GoldenCrossStrategy.py,corpus,590bf74986c5,a039f448c17bed72,1184,-0.13,0.01547,-58.46,4736,-0.14,1.448e-08,-67.37,346.34,-0.19,-0.2557,False,PASS,FOUND,drift_measured,0,,61.8,G2_is_pos,E0
GoldHedgeZeroMACD,ingpawat/freqtrade-strategy-with-backtest,repos/ingpawat_freqtrade-strategy-with-backtest/strategy/GoldHedgeZeroMACD/GoldHedgeZeroMACD.py,corpus,590bf74986c5,a039f448c17bed72,59,0.85,0.3878,-55.75,276,1.98,0.02303,54.74,352.61,9.92,1.3658,False,NA,FOUND,drift_measured,0,,27.25,G3_is_sig,E0
GPR,jaredrsommer/freqtradestrategies,repos/jaredrsommer_freqtradestrategies/GPR.py,corpus,590bf74986c5,a039f448c17bed72,,,,,,,,,,,,,NA,NA,,0,,,G0_measured,E0
GPTREV,jaredrsommer/freqtradestrategies,repos/jaredrsommer_freqtradestrategies/GPTREV.py,corpus,590bf74986c5,a039f448c17bed72,,,,,,,,,,,,,NA,PASS,,0,,,G0_measured,E0
grad,jaredrsommer/freqtradestrategies,repos/jaredrsommer_freqtradestrategies/grad (copy).py,corpus,590bf74986c5,a039f448c17bed72,6173,6.8,3.022e-56,-59.31,20915,6091.9,8.889e-78,12741211.14,348.67,0.53,,True,FOUND,PASS,,0,,3.43,G6_lookahead,E0
Guacamole,davidzr/freqtrade-strategies,repos/davidzr_freqtrade-strategies/strategies/Guacamole/Guacamole.py,corpus,590bf74986c5,a039f448c17bed72,,,,,,,,,,,,,NA,FOUND,drift_measured,0,,,G0_measured,E0
Gumbo1,PeetCrypto/freqtrade-stuff,repos/PeetCrypto_freqtrade-stuff/gumbo1.py,corpus,590bf74986c5,a039f448c17bed72,10024,-0.1,3.633e-40,-59.05,13558,-0.07,1.943e-16,-96.64,346.34,-0.19,-0.2354,False,NA,PASS,,0,,25.0,G2_is_pos,E0
GymStrategy,PeetCrypto/freqtrade-stuff,repos/PeetCrypto_freqtrade-stuff/GymStrategy.py,corpus,590bf74986c5,a039f448c17bed72,,,,,,,,,,,,,NA,PASS,,0,,,G0_measured,E0
Hacklemore,werkkrew/freqtrade-strategies,repos/werkkrew_freqtrade-strategies/strategies/archived/Hacklemore.py,corpus,590bf74986c5,a039f448c17bed72,,,,,,,,,,,,,NA,PASS,,0,,,G0_measured,E0
Hacklemore2,davidzr/freqtrade-strategies,repos/davidzr_freqtrade-strategies/strategies/Hacklemore2/Hacklemore2.py,corpus,590bf74986c5,a039f448c17bed72,,,,,,,,,,,,,NA,FOUND,refused_no_warmup,0,,,G0_measured,E0
Hacklemore3,davidzr/freqtrade-strategies,repos/davidzr_freqtrade-strategies/strategies/Hacklemore3/Hacklemore3.py,corpus,590bf74986c5,a039f448c17bed72,,,,,,,,,,,,,NA,FOUND,refused_no_warmup,0,,,G0_measured,E0
Hacklemost,werkkrew/freqtrade-strategies,repos/werkkrew_freqtrade-strategies/strategies/archived/Hacklemost.py,corpus,590bf74986c5,a039f448c17bed72,10,2.35,0.009984,-58.23,158,1.39,0.02344,22.02,346.34,1.06,0.1432,False,NA,FOUND,refused_no_warmup,0,,56.2,G1_trades,E0
haGradient,jaredrsommer/freqtradestrategies,repos/jaredrsommer_freqtradestrategies/haGradient (copy).py,corpus,590bf74986c5,a039f448c17bed72,,,,,,,,,,,,,NA,NA,,0,,,G0_measured,E0
hansencandlepatternV1,PeetCrypto/freqtrade-stuff,repos/PeetCrypto_freqtrade-stuff/hansencandlepatternV1.py,corpus,590bf74986c5,a039f448c17bed72,3562,-0.19,1.713e-11,-58.4,13603,-0.07,6.932e-07,-95.94,348.67,-0.18,-0.2511,False,NA,PASS,,0,,7.37,G2_is_pos,E0
HansenSmaOffsetV1,PeetCrypto/freqtrade-stuff,repos/PeetCrypto_freqtrade-stuff/HansenSmaOffsetV1.py,corpus,590bf74986c5,a039f448c17bed72,27,-6.71,0.2359,-58.11,92,36.87,0.09532,339.17,345.85,25.06,-4.3874,False,NA,PASS,,0,,9694.8,G1_trades,E0
HarmonicDivergence,TheoBrigitte/freqtrade,repos/TheoBrigitte_freqtrade/strategies/harmonic-divergence/HarmonicDivergence.py,corpus,590bf74986c5,a039f448c17bed72,,,,,,,,,,,,,NA,NA,,0,,,G0_measured,E0
HarmonicDivergence_fix,TheoBrigitte/freqtrade,repos/TheoBrigitte_freqtrade/strategies/harmonic-divergence/HarmonicDivergence-fix.py,corpus,590bf74986c5,a039f448c17bed72,,,,,,,,,,,,,NA,NA,,0,,,G0_measured,E0
heikin,PeetCrypto/freqtrade-stuff,repos/PeetCrypto_freqtrade-stuff/heikin.py,corpus,590bf74986c5,a039f448c17bed72,7102,-0.12,4.476e-14,-58.4,13951,-0.07,2.068e-05,-96.57,348.67,-0.17,-0.2483,False,NA,PASS,,0,,7.72,G2_is_pos,E0
HeikinAshiStrategy,mlsys-io/PortfolioBench,repos/mlsys-io_PortfolioBench/strategy/HeikinAshiStrategy.py,corpus,590bf74986c5,a039f448c17bed72,12950,-0.07,1.13e-155,-58.41,13205,-0.07,1.125e-79,-96.57,346.34,-0.2,,False,PASS,FOUND,drift_measured,0,,4.8,G2_is_pos,E0
Heracles,PeetCrypto/freqtrade-stuff,repos/PeetCrypto_freqtrade-stuff/Heracles.py,corpus,590bf74986c5,a039f448c17bed72,,,,,,,,,,,,,NA,PASS,,0,,,G0_measured,E0
HEW,jaredrsommer/freqtradestrategies,repos/jaredrsommer_freqtradestrategies/HEW.py,corpus,590bf74986c5,a039f448c17bed72,,,,,,,,,,,,,NA,FOUND,refused_no_warmup,0,,,G0_measured,E0
HigherHighStrategy,mlsys-io/PortfolioBench,repos/mlsys-io_PortfolioBench/strategy/HigherHighStrategy.py,corpus,590bf74986c5,a039f448c17bed72,13501,-0.07,2.529e-218,-58.41,12859,-0.08,1.111e-148,-96.6,346.34,-0.21,,False,PASS,FOUND,drift_measured,0,,2.6,G2_is_pos,E0
HilbertSineWave,jaredrsommer/freqtradestrategies,repos/jaredrsommer_freqtradestrategies/HilbertSineWave.py,corpus,590bf74986c5,a039f448c17bed72,935,-0.65,9.419e-06,-58.4,3512,-0.23,0.002657,-82.19,348.67,-0.34,-0.5618,False,PASS,FOUND,refused_no_warmup,0,,39.07,G2_is_pos,E0
HLHB,PeetCrypto/freqtrade-stuff,repos/PeetCrypto_freqtrade-stuff/HLHB.py,corpus,590bf74986c5,a039f448c17bed72,,,,,,,,,,,,,NA,NA,,0,,,G0_measured,E0
hlhb,TheoBrigitte/freqtrade,repos/TheoBrigitte_freqtrade/strategies/freqtrade-strategies/hlhb.py,corpus,590bf74986c5,a039f448c17bed72,188,-1.14,0.04555,-58.5,673,-0.24,0.3125,-16.05,340.8,-0.19,-0.5587,False,PASS,FOUND,drift_measured,0,,13.31,G2_is_pos,E0
HourBasedStrategy,PeetCrypto/freqtrade-stuff,repos/PeetCrypto_freqtrade-stuff/HourBasedStrategy.py,corpus,590bf74986c5,a039f448c17bed72,2449,-0.35,2.438e-07,-58.4,8435,-0.11,0.1326,-96.74,348.67,-0.21,-0.4837,False,NA,PASS,,0,,41.72,G2_is_pos,E0
HourBasedStrategy_5m,eovie/freqtrade_strs,repos/eovie_freqtrade_strs/binance/Archive/HourBasedStrategy.py,corpus,590bf74986c5,a039f448c17bed72,2473,-0.33,2.157e-06,-58.23,9311,-0.08,0.5246,-75.05,346.34,0.01,-0.0208,False,PASS,FOUND,refused_no_warmup,0,,507.8,G2_is_pos,E0
HSI,jaredrsommer/freqtradestrategies,repos/jaredrsommer_freqtradestrategies/HSI (2).py,corpus,590bf74986c5,a039f448c17bed72,13163,-0.07,9.339e-299,-58.23,,,,,,,,,PASS,FOUND,refused_no_warmup,0,,,G0_measured,E0
HurstCycle3,jaredrsommer/freqtradestrategies,repos/jaredrsommer_freqtradestrategies/HurstCycle3 (2).py,corpus,590bf74986c5,a039f448c17bed72,10088,-0.1,5.45e-53,-58.11,10019,-0.1,8.501e-47,-96.6,345.85,-0.27,,False,NA,FOUND,refused_no_warmup,0,,9.47,G2_is_pos,E0
HurstCycle7,jaredrsommer/freqtradestrategies,repos/jaredrsommer_freqtradestrategies/HurstCycle7 (2).py,corpus,590bf74986c5,a039f448c17bed72,5337,0.53,6.164e-29,-58.11,,,,,,,,,NA,FOUND,refused_no_warmup,0,,,G0_measured,E0
HurstCycleV4,jaredrsommer/freqtradestrategies,repos/jaredrsommer_freqtradestrategies/HurstCycleV4.py,corpus,590bf74986c5,a039f448c17bed72,,,,,,,,,,,,,NA,FOUND,refused_no_warmup,0,,,G0_measured,E0
HurstCycleV5,jaredrsommer/freqtradestrategies,repos/jaredrsommer_freqtradestrategies/HurstCycleV5 (2).py,corpus,590bf74986c5,a039f448c17bed72,,,,,,,,,,,,,NA,NA,,0,,,G0_measured,E0
HurstCycleV5RSI,jaredrsommer/freqtradestrategies,repos/jaredrsommer_freqtradestrategies/HurstCycleV5RSI (2).py,corpus,590bf74986c5,a039f448c17bed72,,,,,,,,,,,,,NA,FOUND,refused_no_warmup,0,,,G0_measured,E0
HurstCycleV6,jaredrsommer/freqtradestrategies,repos/jaredrsommer_freqtradestrategies/HurstCycleV6.py,corpus,590bf74986c5,a039f448c17bed72,1558,1494.29,1.638e-33,-58.11,,,,,,,,,NA,FOUND,refused_no_warmup,0,,,G0_measured,E0
HyperStra_GSN_SMAOnly,PeetCrypto/freqtrade-stuff,repos/PeetCrypto_freqtrade-stuff/HyperStra_GSN_SMAOnly.py,corpus,590bf74986c5,a039f448c17bed72,8,6.24,0.00668,-59.17,9,22.9,0.007036,20.61,346.34,18.53,5.0543,False,NA,PASS,,0,,14.6,G1_trades,E0
HyperStra_SMAOnly,PeetCrypto/freqtrade-stuff,repos/PeetCrypto_freqtrade-stuff/HyperStra_SMAOnly.py,corpus,590bf74986c5,a039f448c17bed72,8,6.24,0.00668,-59.17,9,22.9,0.007036,20.61,346.34,18.53,5.0543,False,NA,PASS,,0,,14.6,G1_trades,E0
Ichess,PeetCrypto/freqtrade-stuff,repos/PeetCrypto_freqtrade-stuff/Ichess.py,corpus,590bf74986c5,a039f448c17bed72,62,0.23,0.9539,-59.68,293,2.4,0.4566,70.22,352.61,2.19,-3.5758,False,NA,PASS,,0,,18.22,G3_is_sig,E0
Ichi,PeetCrypto/freqtrade-stuff,repos/PeetCrypto_freqtrade-stuff/Example_Strat_With_FileLogging.py,corpus,590bf74986c5,a039f448c17bed72,3630,-0.23,1.03e-10,-58.11,11067,-0.09,4.84e-09,-96.71,345.85,-0.23,-0.307,False,FOUND,PASS,,0,,59.13,G2_is_pos,E0
ichi,werkkrew/freqtrade-strategies,repos/werkkrew_freqtrade-strategies/strategies/archived/Ichis.py,corpus,590bf74986c5,a039f448c17bed72,1192,-0.17,0.001101,-58.4,4733,-0.15,1.384e-17,-71.5,348.67,-0.21,,False,PASS,FOUND,refused_no_warmup,1,trailing tighter than the spread,6.78,G2_is_pos,E0
Ichimoku,PeetCrypto/freqtrade-stuff,repos/PeetCrypto_freqtrade-stuff/Ichimoku.py,corpus,590bf74986c5,a039f448c17bed72,2434,-0.36,4.715e-12,-58.23,6175,-0.16,5.941e-06,-96.57,346.34,-0.38,-0.5445,False,NA,PASS,,0,,412.6,G2_is_pos,E0
Ichimoku_SenkouSpanCross,PeetCrypto/freqtrade-stuff,repos/PeetCrypto_freqtrade-stuff/Ichimoku_SenkouSpanCross.py,corpus,590bf74986c5,a039f448c17bed72,,,,,,,,,,,,,NA,PASS,,0,,,G0_measured,E0
Ichimoku_v12,PeetCrypto/freqtrade-stuff,repos/PeetCrypto_freqtrade-stuff/Ichimoku_v12.py,corpus,590bf74986c5,a039f448c17bed72,,,,,,,,,,,,,NA,NA,,0,,,G0_measured,E0
Ichimoku_v30,PeetCrypto/freqtrade-stuff,repos/PeetCrypto_freqtrade-stuff/Ichimoku_v30_DojiStar.py,corpus,590bf74986c5,a039f448c17bed72,,,,,,,,,,,,,NA,NA,,0,,,G0_measured,E0
Ichimoku_v31,PeetCrypto/freqtrade-stuff,repos/PeetCrypto_freqtrade-stuff/Ichimoku_v31_Heikin.py,corpus,590bf74986c5,a039f448c17bed72,238,3.68,0.0115,-57.84,1326,4.26,0.07244,564.95,348.67,1.74,-0.1585,True,NA,PASS,,0,,100.23,G5_os_sig,E0
Ichimoku_v32,PeetCrypto/freqtrade-stuff,repos/PeetCrypto_freqtrade-stuff/Ichimoku_v32_HeikinAshi.py,corpus,590bf74986c5,a039f448c17bed72,,,,,,,,,,,,,NA,NA,,0,,,G0_measured,E0
Ichimoku_v33,PeetCrypto/freqtrade-stuff,repos/PeetCrypto_freqtrade-stuff/Ichimoku_v33_SAR.py,corpus,590bf74986c5,a039f448c17bed72,,,,,,,,,,,,,NA,NA,,0,,,G0_measured,E0
Ichimoku_v35,PeetCrypto/freqtrade-stuff,repos/PeetCrypto_freqtrade-stuff/Ichimoku_v35_SAR_1d.py,corpus,590bf74986c5,a039f448c17bed72,,,,,,,,,,,,,NA,NA,,0,,,G0_measured,E0
Ichimoku_v37,PeetCrypto/freqtrade-stuff,repos/PeetCrypto_freqtrade-stuff/Ichimoku_v37_HeikinAshi.py,corpus,590bf74986c5,a039f448c17bed72,57,4.96,0.1946,-51.25,450,15.5,0.03365,697.65,340.8,6.72,0.5196,True,NA,PASS,,0,,72.03,G3_is_sig,E0
IchimokuCloudStrategy,mlsys-io/PortfolioBench,repos/mlsys-io_PortfolioBench/strategy/IchimokuCloudStrategy.py,corpus,590bf74986c5,a039f448c17bed72,145,2.07,0.04935,-53.45,651,6.98,0.001231,454.67,340.8,2.41,0.9483,True,FOUND,FOUND,drift_measured,0,,22.6,G6_lookahead,E0
IchimokuSimpleStrategy,mlsys-io/PortfolioBench,repos/mlsys-io_PortfolioBench/strategy/IchimokuSimpleStrategy.py,corpus,590bf74986c5,a039f448c17bed72,5893,-0.11,1.892e-25,-58.47,13938,-0.07,4.305e-30,-96.57,346.34,-0.19,,False,PASS,FOUND,drift_measured,0,,17.6,G2_is_pos,E0
IchimokuStrategy,PeetCrypto/freqtrade-stuff,repos/PeetCrypto_freqtrade-stuff/IchimokuStrategy.py,corpus,590bf74986c5,a039f448c17bed72,,,,,,,,,,,,,NA,PASS,,0,,,G0_measured,E0
ichiV1,PeetCrypto/freqtrade-stuff,repos/PeetCrypto_freqtrade-stuff/IchisV1.py,corpus,590bf74986c5,a039f448c17bed72,3208,30.5,8.266e-89,-58.84,10241,18260.99,2.562e-152,18701080.18,346.34,1.18,,True,FOUND,FOUND,drift_measured,0,,11.2,G6_lookahead,E0
ichiV1_Marius,davidzr/freqtrade-strategies,repos/davidzr_freqtrade-strategies/strategies/ichiV1_Marius/ichiV1_Marius.py,corpus,590bf74986c5,a039f448c17bed72,,,,,,,,,,,,,NA,NA,,0,,,G0_measured,E0
IchiVwapAdx,jaredrsommer/freqtradestrategies,repos/jaredrsommer_freqtradestrategies/IchiVwapAdx (2).py,corpus,590bf74986c5,a039f448c17bed72,,,,,,,,,,,,,NA,NA,,0,,,G0_measured,E0
ImpulseV1,jaredrsommer/freqtradestrategies,repos/jaredrsommer_freqtradestrategies/ImpulseV1.py,corpus,590bf74986c5,a039f448c17bed72,2091,-0.36,0.0003757,-58.37,,,,,,,,,PASS,FOUND,drift_measured,0,,,G0_measured,E0
InformativeDecoratorTest,markdregan/FreqAI-Marcos-Lopez-De-Prado,repos/markdregan_FreqAI-Marcos-Lopez-De-Prado/tests/strategy/strats/informative_decorator_strategy.py,corpus,590bf74986c5,a039f448c17bed72,,,,,,,,,,,,,NA,NA,,0,,,G0_measured,E0
InformativeSample,PeetCrypto/freqtrade-stuff,repos/PeetCrypto_freqtrade-stuff/InformativeSample (1).py,corpus,590bf74986c5,a039f448c17bed72,5189,-0.18,3.164e-11,-58.23,10364,-0.09,0.0001584,-96.62,346.34,-0.22,-0.3341,False,NA,PASS,,0,,171.4,G2_is_pos,E0
INSIDEUP,davidzr/freqtrade-strategies,repos/davidzr_freqtrade-strategies/strategies/INSIDEUP/INSIDEUP.py,corpus,590bf74986c5,a039f448c17bed72,70,-5.17,0.1258,-59.68,484,2.08,0.29,100.85,352.61,1.44,-1.2274,False,NA,FOUND,refused_no_warmup,0,,30.58,G2_is_pos,E0
Insomnia_short,TheoBrigitte/freqtrade,repos/TheoBrigitte_freqtrade/strategies/insomnia/Insomnia_short.py,corpus,590bf74986c5,a039f448c17bed72,,,,,,,,,,,,,NA,NA,,0,,,G0_measured,E0
Inverse,Foxel05/freqtrade-stuff,repos/Foxel05_freqtrade-stuff/strategies/Inverse.py,corpus,590bf74986c5,a039f448c17bed72,449,0.18,0.5077,-54.03,2021,0.15,0.4343,30.78,348.67,0.14,-0.211,False,PASS,FOUND,drift_measured,0,,20.68,G3_is_sig,E0
InverseV2,Foxel05/freqtrade-stuff,repos/Foxel05_freqtrade-stuff/strategies/InverseV2.py,corpus,590bf74986c5,a039f448c17bed72,198,0.4,0.349,-54.03,791,0.41,0.1689,32.29,348.67,0.32,-0.1359,False,PASS,FOUND,drift_measured,0,,21.58,G3_is_sig,E0
InverseVolatilityPortfolio,mlsys-io/PortfolioBench,repos/mlsys-io_PortfolioBench/user_data/strategies/inv_vol.py,corpus,590bf74986c5,a039f448c17bed72,6,-35.02,0.2757,-45.75,18,447.4,0.1806,805.31,352.61,76.03,-35.2686,True,NA,PASS,,0,,889.72,G1_trades,E0
JuicyTrend,TheoBrigitte/freqtrade,repos/TheoBrigitte_freqtrade/strategies/juicy/JuicyTrend.py,corpus,590bf74986c5,a039f448c17bed72,10455,-0.09,7.047e-19,-58.11,13681,-0.07,1.256e-13,-96.58,345.85,-0.18,-0.2276,False,PASS,FOUND,refused_no_warmup,0,,18.13,G2_is_pos,E0
JustROCR,PeetCrypto/freqtrade-stuff,repos/PeetCrypto_freqtrade-stuff/JustROCR.py,corpus,590bf74986c5,a039f448c17bed72,,,,,,,,,,,,,NA,NA,,0,,,G0_measured,E0
JustROCR2,PeetCrypto/freqtrade-stuff,repos/PeetCrypto_freqtrade-stuff/JustROCR2.py,corpus,590bf74986c5,a039f448c17bed72,,,,,,,,,,,,,NA,NA,,0,,,G0_measured,E0
JustROCR3,PeetCrypto/freqtrade-stuff,repos/PeetCrypto_freqtrade-stuff/JustROCR3.py,corpus,590bf74986c5,a039f448c17bed72,,,,,,,,,,,,,NA,NA,,0,,,G0_measured,E0
JustROCR4,PeetCrypto/freqtrade-stuff,repos/PeetCrypto_freqtrade-stuff/JustROCR4.py,corpus,590bf74986c5,a039f448c17bed72,,,,,,,,,,,,,NA,NA,,0,,,G0_measured,E0
JustROCR5,PeetCrypto/freqtrade-stuff,repos/PeetCrypto_freqtrade-stuff/JustROCR5.py,corpus,590bf74986c5,a039f448c17bed72,,,,,,,,,,,,,NA,NA,,0,,,G0_measured,E0
JustROCR6,PeetCrypto/freqtrade-stuff,repos/PeetCrypto_freqtrade-stuff/JustROCR6.py,corpus,590bf74986c5,a039f448c17bed72,,,,,,,,,,,,,NA,NA,,0,,,G0_measured,E0
kalthetank,jaredrsommer/freqtradestrategies,repos/jaredrsommer_freqtradestrategies/kalthetank (2).py,corpus,590bf74986c5,a039f448c17bed72,39,-9.13,0.1429,-54.03,,,,,,,,,NA,NA,,0,,,G0_measured,E0
KAMACCIRSI,PeetCrypto/freqtrade-stuff,repos/PeetCrypto_freqtrade-stuff/KAMACCIRSI.py,corpus,590bf74986c5,a039f448c17bed72,2220,-0.39,1.281e-05,-58.42,8049,-0.11,0.08124,-92.32,346.34,-0.16,-0.3399,False,NA,PASS,,0,,526.8,G2_is_pos,E0
KAMACCIRSI_new,werkkrew/freqtrade-strategies,repos/werkkrew_freqtrade-strategies/strategies/archived/KAMACCIRSI.py,corpus,590bf74986c5,a039f448c17bed72,68,-0.32,0.3937,-58.42,121,-0.02,0.9342,-0.26,346.34,-0.01,-0.2474,False,PASS,FOUND,drift_measured,0,,51.6,G2_is_pos,E0
Kamaflage,davidzr/freqtrade-strategies,repos/davidzr_freqtrade-strategies/strategies/Kamaflage/Kamaflage.py,corpus,590bf74986c5,a039f448c17bed72,,,,,,,,,,,,,NA,FOUND,drift_measured,0,,,G0_measured,E0
KC_BB,davidzr/freqtrade-strategies,repos/davidzr_freqtrade-strategies/strategies/KC_BB/KC_BB.py,corpus,590bf74986c5,a039f448c17bed72,178,0.16,0.6211,-58.23,517,0.25,0.2354,12.73,346.34,0.2,-0.1304,False,PASS,FOUND,refused_no_warmup,0,,61.4,G3_is_sig,E0
keltnerchannel,davidzr/freqtrade-strategies,repos/davidzr_freqtrade-strategies/strategies/keltnerchannel/keltnerchannel.py,corpus,590bf74986c5,a039f448c17bed72,,,,,,,,,,,,,NA,FOUND,refused_no_warmup,0,,,G0_measured,E0
KeltnerChannelStrategy,mlsys-io/PortfolioBench,repos/mlsys-io_PortfolioBench/strategy/KeltnerChannelStrategy.py,corpus,590bf74986c5,a039f448c17bed72,6661,-0.13,1.252e-43,-58.52,10059,-0.1,3.119e-61,-96.57,346.34,-0.27,,False,PASS,FOUND,drift_measured,0,,11.4,G2_is_pos,E0
KitchenSink,jaredrsommer/freqtradestrategies,repos/jaredrsommer_freqtradestrategies/KitchenSink (2).py,corpus,590bf74986c5,a039f448c17bed72,,,,,,,,,,,,,NA,NA,,0,,,G0_measured,E0
KMM,jaredrsommer/freqtradestrategies,repos/jaredrsommer_freqtradestrategies/KMM.py,corpus,590bf74986c5,a039f448c17bed72,,,,,,,,,,,,,NA,PASS,,0,,,G0_measured,E0
lambotest,jaredrsommer/freqtradestrategies,repos/jaredrsommer_freqtradestrategies/lambo_testing.py,corpus,590bf74986c5,a039f448c17bed72,6064,-0.14,6.646e-14,-58.41,14050,-0.07,6.331e-10,-96.57,346.34,-0.18,-0.2371,False,PASS,FOUND,drift_measured,0,,61.6,G2_is_pos,E0
Lateralus,werkkrew/freqtrade-strategies,repos/werkkrew_freqtrade-strategies/strategies/archived/Lateralus.py,corpus,590bf74986c5,a039f448c17bed72,399,-0.03,0.8736,-58.23,,,,,,,,,NA,FOUND,refused_no_warmup,0,,,G0_measured,E0
Leveraged,davidzr/freqtrade-strategies,repos/davidzr_freqtrade-strategies/strategies/Leveraged/Leveraged.py,corpus,590bf74986c5,a039f448c17bed72,6436,-0.11,3.372e-17,-58.23,23389,-0.04,5.126e-12,-96.57,346.34,-0.11,-0.1412,False,FOUND,FOUND,refused_no_warmup,0,,39.6,G2_is_pos,E0
LinearRegressionStrategy,mlsys-io/PortfolioBench,repos/mlsys-io_PortfolioBench/strategy/LinearRegressionStrategy.py,corpus,590bf74986c5,a039f448c17bed72,11184,-0.08,3.738e-56,-58.52,13386,-0.07,1.435e-56,-96.58,346.34,-0.2,,False,PASS,FOUND,drift_measured,0,,11.6,G2_is_pos,E0
LitmusEntryRollClassificationStrategy,markdregan/FreqAI-Marcos-Lopez-De-Prado,repos/markdregan_FreqAI-Marcos-Lopez-De-Prado/user_data/strategies/deprecated/LitmusEntryRollClassificationStrategy.py,corpus,590bf74986c5,a039f448c17bed72,,,,,,,,,,,,,NA,PASS,,0,,,G0_measured,E0
LitmusGoodMinMaxClassificationStrategy,markdregan/FreqAI-Marcos-Lopez-De-Prado,repos/markdregan_FreqAI-Marcos-Lopez-De-Prado/user_data/strategies/deprecated/LitmusGoodMinMaxClassificationStrategy.py,corpus,590bf74986c5,a039f448c17bed72,,,,,,,,,,,,,NA,NA,,0,,,G0_measured,E0
LitmusMetaStrategy,markdregan/FreqAI-Marcos-Lopez-De-Prado,repos/markdregan_FreqAI-Marcos-Lopez-De-Prado/user_data/strategies/deprecated/LitmusMetaStrategy.py,corpus,590bf74986c5,a039f448c17bed72,,,,,,,,,,,,,NA,PASS,,0,,,G0_measured,E0
LitmusMinMaxBroadClassificationStrategy,markdregan/FreqAI-Marcos-Lopez-De-Prado,repos/markdregan_FreqAI-Marcos-Lopez-De-Prado/user_data/strategies/LitmusMinMaxBroadClassificationStrategy.py,corpus,590bf74986c5,a039f448c17bed72,,,,,,,,,,,,,NA,PASS,,0,,,G0_measured,E0
LitmusMinMaxClassificationStrategy,markdregan/FreqAI-Marcos-Lopez-De-Prado,repos/markdregan_FreqAI-Marcos-Lopez-De-Prado/user_data/strategies/deprecated/LitmusMinMaxClassificationStrategy.py,corpus,590bf74986c5,a039f448c17bed72,,,,,,,,,,,,,NA,PASS,,0,,,G0_measured,E0
LitmusMinMaxRegretClassificationStrategy,markdregan/FreqAI-Marcos-Lopez-De-Prado,repos/markdregan_FreqAI-Marcos-Lopez-De-Prado/user_data/strategies/deprecated/LitmusMinMaxRegretClassificationStrategy.py,corpus,590bf74986c5,a039f448c17bed72,,,,,,,,,,,,,NA,PASS,,0,,,G0_measured,E0
LitmusMinMaxSegmentClassificationStrategy,markdregan/FreqAI-Marcos-Lopez-De-Prado,repos/markdregan_FreqAI-Marcos-Lopez-De-Prado/user_data/strategies/deprecated/LitmusMinMaxSegmentClassificationStrategy.py,corpus,590bf74986c5,a039f448c17bed72,,,,,,,,,,,,,NA,PASS,,0,,,G0_measured,E0
LitmusMinMaxStrategy,markdregan/FreqAI-Marcos-Lopez-De-Prado,repos/markdregan_FreqAI-Marcos-Lopez-De-Prado/user_data/strategies/LitmusMinMaxStrategy.py,corpus,590bf74986c5,a039f448c17bed72,,,,,,,,,,,,,NA,PASS,,0,,,G0_measured,E0
LitmusMinMaxTrendStrategy,markdregan/FreqAI-Marcos-Lopez-De-Prado,repos/markdregan_FreqAI-Marcos-Lopez-De-Prado/user_data/strategies/LitmusMinMaxTrendStrategy.py,corpus,590bf74986c5,a039f448c17bed72,,,,,,,,,,,,,NA,PASS,,0,,,G0_measured,E0
LitmusMLDPStrategy,markdregan/FreqAI-Marcos-Lopez-De-Prado,repos/markdregan_FreqAI-Marcos-Lopez-De-Prado/user_data/strategies/LitmusMLDPStrategy.py,corpus,590bf74986c5,a039f448c17bed72,,,,,,,,,,,,,NA,PASS,,0,,,G0_measured,E0
LitmusSimpleStrategy,markdregan/FreqAI-Marcos-Lopez-De-Prado,repos/markdregan_FreqAI-Marcos-Lopez-De-Prado/user_data/strategies/LitmusSimpleStrategy.py,corpus,590bf74986c5,a039f448c17bed72,,,,,,,,,,,,,NA,PASS,,0,,,G0_measured,E0
LongShortRangeTradingMachetesV1,PeetCrypto/freqtrade-stuff,repos/PeetCrypto_freqtrade-stuff/LongShortRangeTradingMachetesV1-1.py,corpus,590bf74986c5,a039f448c17bed72,,,,,,,,,,,,,NA,NA,,0,,,G0_measured,E0
LookaheadStrategy,davidzr/freqtrade-strategies,repos/davidzr_freqtrade-strategies/strategies/LookaheadStrategy/LookaheadStrategy.py,corpus,590bf74986c5,a039f448c17bed72,833,24.28,6.513e-135,-58.23,2791,9237.33,4.715e-126,2578139.95,346.34,2.99,,True,FOUND,FOUND,refused_no_warmup,0,,8.0,G6_lookahead,E0
LorentzianClassification,jaredrsommer/freqtradestrategies,repos/jaredrsommer_freqtradestrategies/LorentzianClassification (2).py,corpus,590bf74986c5,a039f448c17bed72,1815,-0.4,1.902e-08,-58.4,8804,-0.11,0.01496,-96.67,348.67,-0.27,-0.4875,False,FOUND,FOUND,refused_no_warmup,0,,21.53,G2_is_pos,E0
Low_BB,PeetCrypto/freqtrade-stuff,repos/PeetCrypto_freqtrade-stuff/Low_BB.py,corpus,590bf74986c5,a039f448c17bed72,61,-0.9,0.01086,-55.54,588,0.31,0.2557,18.12,347.94,0.25,-0.1811,False,NA,PASS,,0,,1007.0,G2_is_pos,E0
LuxOSC,PeetCrypto/freqtrade-stuff,repos/PeetCrypto_freqtrade-stuff/LuxOSC.py,corpus,590bf74986c5,a039f448c17bed72,3207,-0.23,4.531e-07,-58.37,11370,-0.08,0.05759,-90.44,346.34,-0.13,-0.2642,False,NA,FOUND,drift_measured,0,,220.4,G2_is_pos,E0
MabStra,davidzr/freqtrade-strategies,repos/davidzr_freqtrade-strategies/strategies/mabStra/mabStra.py,corpus,590bf74986c5,a039f448c17bed72,916,-0.77,0.0003712,-57.43,3387,-0.22,0.3966,-75.67,340.8,-0.04,-0.1325,False,PASS,FOUND,refused_no_warmup,0,,28.25,G2_is_pos,E0
mabStra,PeetCrypto/freqtrade-stuff,repos/PeetCrypto_freqtrade-stuff/mabStra.py,corpus,590bf74986c5,a039f448c17bed72,,,,,,,,,,,,,NA,PASS,,0,,,G0_measured,E0
MAC,PeetCrypto/freqtrade-stuff,repos/PeetCrypto_freqtrade-stuff/MAC.py,corpus,590bf74986c5,a039f448c17bed72,10,-11.04,0.1276,-54.78,42,6.18,0.5446,25.96,352.61,6.55,-14.6393,False,NA,FOUND,drift_measured,0,,84.05,G1_trades,E0
Macd,Foxel05/freqtrade-stuff,repos/Foxel05_freqtrade-stuff/strategies/macd.py,corpus,590bf74986c5,a039f448c17bed72,243,1.18,0.4275,-58.4,825,3.94,0.3306,325.35,348.67,2.68,-2.7191,False,PASS,FOUND,refused_no_warmup,0,,248.28,G3_is_sig,E0
MACD_EMA,PeetCrypto/freqtrade-stuff,repos/PeetCrypto_freqtrade-stuff/MACD_EMA.py,corpus,590bf74986c5,a039f448c17bed72,10460,-0.09,2.151e-27,-58.23,15195,-0.06,5.342e-18,-96.58,346.34,-0.17,,False,NA,PASS,,0,,42.6,G2_is_pos,E0
macd_recovery,davidzr/freqtrade-strategies,repos/davidzr_freqtrade-strategies/strategies/macd_recovery/macd_recovery.py,corpus,590bf74986c5,a039f448c17bed72,,,,,,,,,,,,,NA,NA,,0,,,G0_measured,E0
MACD_TRI_EMA,PeetCrypto/freqtrade-stuff,repos/PeetCrypto_freqtrade-stuff/MACD_TRI_EMA.py,corpus,590bf74986c5,a039f448c17bed72,17906,-0.05,1.918e-39,-58.23,13922,-0.07,5.626e-37,-96.57,346.34,-0.19,,False,NA,PASS,,0,,11.6,G2_is_pos,E0
MACD_TRIPLE_MA,PeetCrypto/freqtrade-stuff,repos/PeetCrypto_freqtrade-stuff/MACD_TRIPLE_MA.py,corpus,590bf74986c5,a039f448c17bed72,4251,-0.15,3.588e-14,-58.46,10594,-0.09,7.4e-37,-96.57,346.34,-0.25,,False,NA,PASS,,0,,41.2,G2_is_pos,E0
MacdAdxStrategy,mlsys-io/PortfolioBench,repos/mlsys-io_PortfolioBench/strategy/MacdAdxStrategy.py,corpus,590bf74986c5,a039f448c17bed72,14346,-0.07,1.041e-26,-58.37,12874,-0.08,2.109e-32,-96.57,346.34,-0.2,,False,PASS,FOUND,drift_measured,0,,30.6,G2_is_pos,E0
MACDCCI,PeetCrypto/freqtrade-stuff,repos/PeetCrypto_freqtrade-stuff/MACDCCI.py,corpus,590bf74986c5,a039f448c17bed72,,,,,,,,,,,,,NA,NA,,0,,,G0_measured,E0
MACDRL,MelvynClark/Freqtrade-Strategy,repos/MelvynClark_Freqtrade-Strategy/MACDR/MACDStrategy - robert long.py,corpus,590bf74986c5,a039f448c17bed72,,,,,,,,,,,,,NA,NA,,0,,,G0_measured,E0
MACDRS,MelvynClark/Freqtrade-Strategy,repos/MelvynClark_Freqtrade-Strategy/MACDR/Futures MACD Crossover 5 candles ago.py,corpus,590bf74986c5,a039f448c17bed72,,,,,,,,,,,,,NA,NA,,0,,,G0_measured,E0
MACDRSI200,PeetCrypto/freqtrade-stuff,repos/PeetCrypto_freqtrade-stuff/MACDRSI200.py,corpus,590bf74986c5,a039f448c17bed72,,,,,,,,,,,,,NA,NA,,0,,,G0_measured,E0
MACDStrategy,PeetCrypto/freqtrade-stuff,repos/PeetCrypto_freqtrade-stuff/MACDStrategy.py,corpus,590bf74986c5,a039f448c17bed72,5455,-0.16,9.07e-12,-58.23,15110,-0.06,2.011e-06,-96.87,346.34,-0.16,-0.226,False,NA,PASS,,0,,124.4,G2_is_pos,E0
MacdStrategy,DutchCryptoDad/FreqtradeBotStrategyDevelopmentForBeginners,repos/DutchCryptoDad_FreqtradeBotStrategyDevelopmentForBeginners/MacdStrategy.py,corpus,590bf74986c5,a039f448c17bed72,103,-0.58,0.78,-51.38,351,6.75,0.1268,237.07,352.61,3.94,-1.1178,False,NA,PASS,,0,,17.37,G2_is_pos,E0
MACDStrategy_crossed,PeetCrypto/freqtrade-stuff,repos/PeetCrypto_freqtrade-stuff/MACDStrategy_crossed.py,corpus,590bf74986c5,a039f448c17bed72,1075,-0.51,0.001216,-58.23,3990,-0.21,0.0006579,-83.98,346.34,-0.3,-0.4726,False,NA,PASS,,0,,520.4,G2_is_pos,E0
MACDStrategyADA,MelvynClark/Freqtrade-Strategy,repos/MelvynClark_Freqtrade-Strategy/MACDStrategy - ADA.py,corpus,590bf74986c5,a039f448c17bed72,1677,-0.42,0.000823,-58.23,5779,-0.12,0.2858,-67.49,346.34,-0.02,-0.0567,False,PASS,FOUND,refused_no_warmup,0,,715.2,G2_is_pos,E0
MACDStrategyAVAX,MelvynClark/Freqtrade-Strategy,repos/MelvynClark_Freqtrade-Strategy/MACDStrategy - AVAX.py,corpus,590bf74986c5,a039f448c17bed72,1677,-0.42,0.000823,-58.23,5779,-0.12,0.2858,-67.49,346.34,-0.02,-0.0567,False,PASS,FOUND,refused_no_warmup,0,,715.2,G2_is_pos,E0
MACDStrategyBTC,MelvynClark/Freqtrade-Strategy,repos/MelvynClark_Freqtrade-Strategy/MACDStrategy - BTC.py,corpus,590bf74986c5,a039f448c17bed72,1677,-0.42,0.000823,-58.23,5779,-0.12,0.2858,-67.49,346.34,-0.02,-0.0567,False,PASS,FOUND,refused_no_warmup,0,,715.2,G2_is_pos,E0
MACDStrategyENJ,MelvynClark/Freqtrade-Strategy,repos/MelvynClark_Freqtrade-Strategy/MACDStrategy - ENJ.py,corpus,590bf74986c5,a039f448c17bed72,1677,-0.42,0.000823,-58.23,5779,-0.12,0.2858,-67.49,346.34,-0.02,-0.0567,False,PASS,FOUND,refused_no_warmup,0,,715.2,G2_is_pos,E0
MACDStrategyETC,MelvynClark/Freqtrade-Strategy,repos/MelvynClark_Freqtrade-Strategy/MACDStrategy - ETC.py,corpus,590bf74986c5,a039f448c17bed72,1677,-0.42,0.000823,-58.23,5779,-0.12,0.2858,-67.49,346.34,-0.02,-0.0567,False,PASS,FOUND,refused_no_warmup,0,,715.2,G2_is_pos,E0
MACDStrategySOL,MelvynClark/Freqtrade-Strategy,repos/MelvynClark_Freqtrade-Strategy/MACDStrategy - SOL.py,corpus,590bf74986c5,a039f448c17bed72,1677,-0.42,0.000823,-58.23,5779,-0.12,0.2858,-67.49,346.34,-0.02,-0.0567,False,PASS,FOUND,refused_no_warmup,0,,715.2,G2_is_pos,E0
MACDStrategyXRP,MelvynClark/Freqtrade-Strategy,repos/MelvynClark_Freqtrade-Strategy/MACDStrategy - XRP.py,corpus,590bf74986c5,a039f448c17bed72,1677,-0.42,0.000823,-58.23,5779,-0.12,0.2858,-67.49,346.34,-0.02,-0.0567,False,PASS,FOUND,refused_no_warmup,0,,715.2,G2_is_pos,E0
MACDZeroCrossStrategy,ingpawat/freqtrade-strategy-with-backtest,repos/ingpawat_freqtrade-strategy-with-backtest/strategy/MACDZeroCrossStrategy/MACDZeroCrossStrategy.py,corpus,590bf74986c5,a039f448c17bed72,64,1.71,0.7003,-59.68,275,16.11,0.1918,443.06,352.61,9.79,-4.9107,True,NA,FOUND,refused_no_warmup,0,,27.27,G3_is_sig,E0
MacdZeroCrossStrategy,mlsys-io/PortfolioBench,repos/mlsys-io_PortfolioBench/strategy/MacdZeroCrossStrategy.py,corpus,590bf74986c5,a039f448c17bed72,14163,-0.07,1.712e-62,-58.3,15746,-0.06,5.9e-34,-96.6,346.34,-0.17,,False,PASS,FOUND,drift_measured,0,,17.8,G2_is_pos,E0
MacheteV8b,Foxel05/freqtrade-stuff,repos/Foxel05_freqtrade-stuff/strategies/MacheteV8b.py,corpus,590bf74986c5,a039f448c17bed72,,,,,,,,,,,,,NA,FOUND,drift_measured,0,,,G0_measured,E0
MacheteV8bRallimod,PeetCrypto/freqtrade-stuff,repos/PeetCrypto_freqtrade-stuff/MacheteV8bRallimod.py,corpus,590bf74986c5,a039f448c17bed72,,,,,,,,,,,,,NA,FOUND,drift_measured,0,,,G0_measured,E0
MacheteV8bRallimod2,PeetCrypto/freqtrade-stuff,repos/PeetCrypto_freqtrade-stuff/MacheteV8bRallimod2.py,corpus,590bf74986c5,a039f448c17bed72,,,,,,,,,,,,,NA,FOUND,drift_measured,0,,,G0_measured,E0
MADisplaceV3,PeetCrypto/freqtrade-stuff,repos/PeetCrypto_freqtrade-stuff/MADisplaceV3.py,corpus,590bf74986c5,a039f448c17bed72,175,0.22,0.3116,-59.05,543,0.83,9.242e-05,45.27,346.34,0.56,0.2793,False,NA,PASS,,0,,9.8,G3_is_sig,E0
mark_strat,davidzr/freqtrade-strategies,repos/davidzr_freqtrade-strategies/strategies/mark_strat/mark_strat.py,corpus,590bf74986c5,a039f448c17bed72,,,,,,,,,,,,,NA,NA,,0,,,G0_measured,E0
mark_strat_opt,davidzr/freqtrade-strategies,repos/davidzr_freqtrade-strategies/strategies/mark_strat_opt/mark_strat_opt.py,corpus,590bf74986c5,a039f448c17bed72,,,,,,,,,,,,,NA,NA,,0,,,G0_measured,E0
MarketChyperHyperStrategy,PeetCrypto/freqtrade-stuff,repos/PeetCrypto_freqtrade-stuff/MarketChyperHyperStrategy.py,corpus,590bf74986c5,a039f448c17bed72,,,,,,,,,,,,,NA,PASS,,0,,,G0_measured,E0
Maro4hMacdSd,davidzr/freqtrade-strategies,repos/davidzr_freqtrade-strategies/strategies/Maro4hMacdSd/Maro4hMacdSd.py,corpus,590bf74986c5,a039f448c17bed72,13548,-0.07,5.081e-26,-58.23,16944,-0.06,5.457e-18,-96.73,346.34,-0.16,,False,PASS,FOUND,refused_no_warmup,0,,29.4,G2_is_pos,E0
Martin,PeetCrypto/freqtrade-stuff,repos/PeetCrypto_freqtrade-stuff/Martin.py,corpus,590bf74986c5,a039f448c17bed72,3105,-0.25,8.058e-09,-58.37,9619,-0.1,1.498e-06,-96.76,346.34,-0.25,-0.3518,False,NA,FOUND,drift_measured,0,,255.0,G2_is_pos,E0
MasterMoniGoManiHyperStrategy,PeetCrypto/freqtrade-stuff,repos/PeetCrypto_freqtrade-stuff/MasterMoniGoManiHyperStrategy.py,corpus,590bf74986c5,a039f448c17bed72,,,,,,,,,,,,,NA,PASS,,0,,,G0_measured,E0
Matrix,TheoBrigitte/freqtrade,repos/TheoBrigitte_freqtrade/sources/sponsors/Matrix.py,corpus,590bf74986c5,a039f448c17bed72,,,,,,,,,,,,,NA,PASS,,0,,,G0_measured,E0
MaxSharpePortfolio,mlsys-io/PortfolioBench,repos/mlsys-io_PortfolioBench/user_data/strategies/max_sharpe.py,corpus,590bf74986c5,a039f448c17bed72,11,-63.78,0.02657,-55.75,61,-1.49,0.9805,-9.07,352.61,-0.52,-42.2186,False,NA,PASS,,0,,83.79,G1_trades,E0
MFI,PeetCrypto/freqtrade-stuff,repos/PeetCrypto_freqtrade-stuff/MFI.py,corpus,590bf74986c5,a039f448c17bed72,6515,-0.12,5.314e-12,-58.23,13751,-0.07,2.393e-13,-96.57,346.34,-0.19,-0.2408,False,NA,PASS,,0,,50.8,G2_is_pos,E0
Miku_PP_v3,PeetCrypto/freqtrade-stuff,repos/PeetCrypto_freqtrade-stuff/Miku_PP_v3.py,corpus,590bf74986c5,a039f448c17bed72,,,,,,,,,,,,,NA,PASS,,0,,,G0_measured,E0
MiniLambo,PeetCrypto/freqtrade-stuff,repos/PeetCrypto_freqtrade-stuff/MiniLambo (2).py,corpus,590bf74986c5,a039f448c17bed72,217,-0.04,0.8702,-55.62,1252,-0.33,0.001168,-41.8,347.94,-0.32,-0.5132,False,NA,FOUND,drift_measured,0,,17.0,G2_is_pos,E0
MinimumVariancePortfolio,mlsys-io/PortfolioBench,repos/mlsys-io_PortfolioBench/user_data/strategies/min_var.py,corpus,590bf74986c5,a039f448c17bed72,11,-6.15,0.7282,-45.75,105,252.15,0.3029,2647.59,352.61,15.03,-13.5643,True,NA,PASS,,0,,81.89,G1_trades,E0
Minmax,PeetCrypto/freqtrade-stuff,repos/PeetCrypto_freqtrade-stuff/MinmaxF.py,corpus,590bf74986c5,a039f448c17bed72,898,-0.8,3.103e-08,-58.4,2984,-0.16,0.3454,-46.64,348.67,-0.03,-0.0923,False,NA,PASS,,0,,62.92,G2_is_pos,E0
MKR,jaredrsommer/freqtradestrategies,repos/jaredrsommer_freqtradestrategies/MKR (3).py,corpus,590bf74986c5,a039f448c17bed72,,,,,,,,,,,,,NA,PASS,,0,,,G0_measured,E0
MlpSpeculativeStrategy,mlsys-io/PortfolioBench,repos/mlsys-io_PortfolioBench/strategy/MlpSpeculativeStrategy.py,corpus,590bf74986c5,a039f448c17bed72,,,,,,,,,,,,,NA,PASS,,0,,,G0_measured,E0
momentum,TheoBrigitte/freqtrade,repos/TheoBrigitte_freqtrade/strategies/momentum/momentum.py,corpus,590bf74986c5,a039f448c17bed72,,,,,,,,,,,,,NA,NA,,0,,,G0_measured,E0
momentum_long,TheoBrigitte/freqtrade,repos/TheoBrigitte_freqtrade/strategies/momentum/momentum_long.py,corpus,590bf74986c5,a039f448c17bed72,3865,-0.23,3.005e-08,-58.35,12102,-0.08,0.007536,-96.76,346.34,-0.16,-0.2774,False,PASS,PASS,,0,,300.6,G2_is_pos,E0
momentum_rsi,TheoBrigitte/freqtrade,repos/TheoBrigitte_freqtrade/strategies/momentum/momentum_rsi.py,corpus,590bf74986c5,a039f448c17bed72,,,,,,,,,,,,,NA,NA,,0,,,G0_measured,E0
momentum_wick,TheoBrigitte/freqtrade,repos/TheoBrigitte_freqtrade/strategies/momentum/momentum_wick.py,corpus,590bf74986c5,a039f448c17bed72,,,,,,,,,,,,,NA,NA,,0,,,G0_measured,E0
MomentumRegimeBasket,nateemma/strategies,repos/nateemma_strategies/Basket/MomentumRegimeBasket.py,corpus,590bf74986c5,a039f448c17bed72,52,5.67,0.2192,-47.82,293,11.78,0.008619,345.26,352.61,5.06,1.2845,False,NA,PASS,,0,,13.5,G3_is_sig,E0
MomentumRegimeBasket15m,nateemma/strategies,repos/nateemma_strategies/Basket/MomentumRegimeBasket15m.py,corpus,590bf74986c5,a039f448c17bed72,,,,,,,,,,,,,NA,NA,,0,,,G0_measured,E0
MomentumScoreStrategy,mlsys-io/PortfolioBench,repos/mlsys-io_PortfolioBench/strategy/MomentumScoreStrategy.py,corpus,590bf74986c5,a039f448c17bed72,14428,-0.07,1.737e-91,-58.37,13032,-0.07,1.117e-53,-96.58,346.34,-0.21,,False,PASS,FOUND,drift_measured,0,,8.8,G2_is_pos,E0
Momentumv2,davidzr/freqtrade-strategies,repos/davidzr_freqtrade-strategies/strategies/Momentumv2/Momentumv2.py,corpus,590bf74986c5,a039f448c17bed72,414,0.89,0.01987,-50.13,1849,0.24,0.3744,44.9,340.8,0.2,-0.2413,False,PASS,FOUND,drift_measured,0,,7.81,G5_os_sig,E0
MomStrategy,davidzr/freqtrade-strategies,repos/davidzr_freqtrade-strategies/strategies/MomStrategy/MomStrategy.py,corpus,590bf74986c5,a039f448c17bed72,8604,-0.11,1.796e-33,-58.4,13003,-0.07,4.718e-34,-96.57,348.67,-0.2,,False,PASS,FOUND,refused_no_warmup,0,,2.48,G2_is_pos,E0
MoneyFlowStrategy,mlsys-io/PortfolioBench,repos/mlsys-io_PortfolioBench/strategy/MoneyFlowStrategy.py,corpus,590bf74986c5,a039f448c17bed72,4526,-0.14,3.508e-10,-58.41,14964,-0.06,2.438e-10,-96.67,346.34,-0.18,-0.2357,False,PASS,FOUND,drift_measured,0,,64.2,G2_is_pos,E0
MontrealStrategy,PeetCrypto/freqtrade-stuff,repos/PeetCrypto_freqtrade-stuff/MontrealStrategy.py,corpus,590bf74986c5,a039f448c17bed72,6158,-0.13,6.647e-11,-58.34,20253,-0.05,0.001109,-96.93,345.85,-0.11,-0.1761,False,NA,FOUND,drift_measured,0,,30.87,G2_is_pos,E0
moonhouse,jaredrsommer/freqtradestrategies,repos/jaredrsommer_freqtradestrategies/moonhouse.py,corpus,590bf74986c5,a039f448c17bed72,13,55.43,0.004726,-59.68,83,-7.24,0.08787,-60.07,352.61,-7.33,-15.7477,False,NA,FOUND,refused_no_warmup,0,,75.06,G1_trades,E0
MostOfAll,davidzr/freqtrade-strategies,repos/davidzr_freqtrade-strategies/strategies/MostOfAll/MostOfAll.py,corpus,590bf74986c5,a039f448c17bed72,,,,,,,,,,,,,NA,PASS,,0,,,G0_measured,E0
MSO,jaredrsommer/freqtradestrategies,repos/jaredrsommer_freqtradestrategies/MSO.py,corpus,590bf74986c5,a039f448c17bed72,1752,-0.31,1.264e-07,-58.4,9901,-0.09,1.482e-08,-93.33,348.67,-0.21,-0.2827,False,FOUND,FOUND,refused_no_warmup,0,,10.02,G2_is_pos,E0
multi_tf,TheoBrigitte/freqtrade,repos/TheoBrigitte_freqtrade/strategies/freqtrade-strategies/multi_tf.py,corpus,590bf74986c5,a039f448c17bed72,,,,,,,,,,,,,NA,NA,,0,,,G0_measured,E0
MultiFactorConfluenceStrategy,mlsys-io/PortfolioBench,repos/mlsys-io_PortfolioBench/strategy/MultiFactorConfluenceStrategy.py,corpus,590bf74986c5,a039f448c17bed72,1116,-0.52,2.096e-05,-53.86,4108,-0.21,0.01764,-84.59,340.8,-0.3,-0.5478,False,PASS,FOUND,drift_measured,0,,14.1,G2_is_pos,E0
MultiMa,PeetCrypto/freqtrade-stuff,repos/PeetCrypto_freqtrade-stuff/multima.py,corpus,590bf74986c5,a039f448c17bed72,,,,,,,,,,,,,NA,PASS,,0,,,G0_measured,E0
MultiMA_TSL,Foxel05/freqtrade-stuff,repos/Foxel05_freqtrade-stuff/strategies/MultiMA_TSL.py,corpus,590bf74986c5,a039f448c17bed72,,,,,,,,,,,,,NA,FOUND,drift_measured,0,,,G0_measured,E0
MultiMA_TSL3,PeetCrypto/freqtrade-stuff,repos/PeetCrypto_freqtrade-stuff/MultiMA_TSL.py,corpus,590bf74986c5,a039f448c17bed72,,,,,,,,,,,,,NA,NA,,0,,,G0_measured,E0
MultiMA_TSL3_Mod,davidzr/freqtrade-strategies,repos/davidzr_freqtrade-strategies/strategies/MultiMA_TSL3_Mod/MultiMA_TSL3_Mod.py,corpus,590bf74986c5,a039f448c17bed72,,,,,,,,,,,,,NA,NA,,0,,,G0_measured,E0
MultiMA_TSL5,MMR-19/freqtrade-strategies,repos/MMR-19_freqtrade-strategies/strategies/MultiMA_TSL5.py,corpus,590bf74986c5,a039f448c17bed72,,,,,,,,,,,,,NA,NA,,0,,,G0_measured,E0
MultiOffsetLamboV0,Foxel05/freqtrade-stuff,repos/Foxel05_freqtrade-stuff/strategies/MultiOffsetLamboV0.py,corpus,590bf74986c5,a039f448c17bed72,26,1.01,0.0135,-58.37,174,1.95,0.0003129,33.84,346.34,1.38,0.6296,False,NA,FOUND,drift_measured,0,,9.8,G1_trades,E0
MultiRSI,PeetCrypto/freqtrade-stuff,repos/PeetCrypto_freqtrade-stuff/MultiRSI.py,corpus,590bf74986c5,a039f448c17bed72,,,,,,,,,,,,,NA,PASS,,0,,,G0_measured,E0
MultiTargetClassifierTestStrategy,markdregan/FreqAI-Marcos-Lopez-De-Prado,repos/markdregan_FreqAI-Marcos-Lopez-De-Prado/user_data/strategies/deprecated/MultiTargetClassifierTestStrategy.py,corpus,590bf74986c5,a039f448c17bed72,,,,,,,,,,,,,NA,NA,,0,,,G0_measured,E0
MultiTargetRegressorTestStrategy,markdregan/FreqAI-Marcos-Lopez-De-Prado,repos/markdregan_FreqAI-Marcos-Lopez-De-Prado/user_data/strategies/deprecated/MultiTargetRegressorTestStrategy.py,corpus,590bf74986c5,a039f448c17bed72,,,,,,,,,,,,,NA,NA,,0,,,G0_measured,E0
MyStrategyNew10,PeetCrypto/freqtrade-stuff,repos/PeetCrypto_freqtrade-stuff/MyStrategyNew10.py,corpus,590bf74986c5,a039f448c17bed72,,,,,,,,,,,,,NA,FOUND,drift_measured,0,,,G0_measured,E0
MyStrategyTemplate,DutchCryptoDad/FreqtradeBotStrategyDevelopmentForBeginners,repos/DutchCryptoDad_FreqtradeBotStrategyDevelopmentForBeginners/MyStrategyTemplate.py,corpus,590bf74986c5,a039f448c17bed72,,,,,,,,,,,,,NA,PASS,,0,,,G0_measured,E0
MyStratV1,Foxel05/freqtrade-stuff,repos/Foxel05_freqtrade-stuff/strategies/test.py,corpus,590bf74986c5,a039f448c17bed72,171,0.46,0.1683,-59.23,513,2.15,3.451e-17,110.13,346.34,1.18,,False,PASS,FOUND,drift_measured,0,,60.8,G3_is_sig,E0
NASOSRv6_private_Reinuvader_20211121,ShahAnuj2610/my-freqtrade,repos/ShahAnuj2610_my-freqtrade/user_data/strategies/NASOSRv6_private_Reinuvader_20211121.py,corpus,590bf74986c5,a039f448c17bed72,,,,,,,,,,,,,NA,NA,,0,,,G0_measured,E0
NASOSv4,Foxel05/freqtrade-stuff,repos/Foxel05_freqtrade-stuff/strategies/NASOSv4.py,corpus,590bf74986c5,a039f448c17bed72,259,1.83,1.338e-07,-59.05,1093,2.15,1.342e-06,235.25,346.34,0.92,0.5469,False,NA,FOUND,drift_measured,1,trailing tighter than the spread,65.2,G6_lookahead,E0
NASOSv5,PeetCrypto/freqtrade-stuff,repos/PeetCrypto_freqtrade-stuff/NASOSv5.py,corpus,590bf74986c5,a039f448c17bed72,117,0.87,0.033,-59.05,684,0.21,0.4225,14.56,346.34,0.2,-0.2887,False,NA,FOUND,drift_measured,0,,21.0,G5_os_sig,E0
NASOSv5_mod1,PeetCrypto/freqtrade-stuff,repos/PeetCrypto_freqtrade-stuff/NASOSv5_mod1 (1).py,corpus,590bf74986c5,a039f448c17bed72,50,2.75,0.04952,-59.05,472,6.14,4.448e-11,289.68,346.34,2.35,1.6509,False,NA,FOUND,drift_measured,1,trailing tighter than the spread,199.2,G6_lookahead,E0
NASOSv5_mod1_DanMod,davidzr/freqtrade-strategies,repos/davidzr_freqtrade-strategies/strategies/NASOSv5_mod1_DanMod/NASOSv5_mod1_DanMod.py,corpus,590bf74986c5,a039f448c17bed72,29,2.99,0.06708,-59.05,367,5.8,1.396e-11,212.81,346.34,2.54,1.8034,False,NA,FOUND,drift_measured,1,trailing tighter than the spread,66.6,G1_trades,E0
NASOSv5_mod2,PeetCrypto/freqtrade-stuff,repos/PeetCrypto_freqtrade-stuff/NASOSv5_mod2 (1).py,corpus,590bf74986c5,a039f448c17bed72,26,2.45,0.1673,-59.05,293,4.58,9.317e-10,134.23,346.34,2.39,1.6247,False,NA,FOUND,drift_measured,1,trailing tighter than the spread,34.6,G1_trades,E0
NASOSv5_mod3,PeetCrypto/freqtrade-stuff,repos/PeetCrypto_freqtrade-stuff/NASOSv5_mod3 (1).py,corpus,590bf74986c5,a039f448c17bed72,81,3.14,0.0006663,-59.05,522,5.36,1.635e-08,279.57,346.34,2.1,1.3711,False,NA,FOUND,drift_measured,1,trailing tighter than the spread,221.4,G6_lookahead,E0
NeuroV1,jaredrsommer/freqtradestrategies,repos/jaredrsommer_freqtradestrategies/NeuroV1.py,corpus,590bf74986c5,a039f448c17bed72,1860,0.02,0.9053,-52.66,7511,-0.07,0.4789,-51.65,348.67,-0.02,-0.0754,False,FOUND,PASS,,0,,26.73,G3_is_sig,E0
new_turtle,PeetCrypto/freqtrade-stuff,repos/PeetCrypto_freqtrade-stuff/new_turtle.py,corpus,590bf74986c5,a039f448c17bed72,,,,,,,,,,,,,NA,PASS,,0,,,G0_measured,E0
new_turtle_roi,TheoBrigitte/freqtrade,repos/TheoBrigitte_freqtrade/strategies/turtle/new_turtle_roi.py,corpus,590bf74986c5,a039f448c17bed72,,,,,,,,,,,,,NA,PASS,,0,,,G0_measured,E0
newstrategy53,TheoBrigitte/freqtrade,repos/TheoBrigitte_freqtrade/strategies/GeneTrader/newstrategy53.py,corpus,590bf74986c5,a039f448c17bed72,,,,,,,,,,,,,NA,NA,,0,,,G0_measured,E0
newstrategy53_22,TheoBrigitte/freqtrade,repos/TheoBrigitte_freqtrade/strategies/GeneTrader/NewStrategy53_22.py,corpus,590bf74986c5,a039f448c17bed72,,,,,,,,,,,,,NA,NA,,0,,,G0_measured,E0
NEWTEST15m,PeetCrypto/freqtrade-stuff,repos/PeetCrypto_freqtrade-stuff/FrayNew-HyperOpt (1).py,corpus,590bf74986c5,a039f448c17bed72,607,-1.14,0.0009625,-58.34,2037,-0.33,0.3576,-66.69,345.85,-0.06,-0.1878,False,NA,FOUND,drift_measured,0,,705.6,G2_is_pos,E0
NFI46,PeetCrypto/freqtrade-stuff,repos/PeetCrypto_freqtrade-stuff/NFI46.py,corpus,590bf74986c5,a039f448c17bed72,21,1.89,0.04489,-59.23,56,3.42,9.85e-16,19.14,346.34,2.53,1.9133,False,NA,FOUND,drift_measured,0,,17.4,G1_trades,E0
NFI46Frog,PeetCrypto/freqtrade-stuff,repos/PeetCrypto_freqtrade-stuff/NFI46Frog.py,corpus,590bf74986c5,a039f448c17bed72,,,,,,,,,,,,,NA,FOUND,drift_measured,0,,,G0_measured,E0
NFI46FrogZ,PeetCrypto/freqtrade-stuff,repos/PeetCrypto_freqtrade-stuff/NFI46FrogZ.py,corpus,590bf74986c5,a039f448c17bed72,3303,-0.19,7.469e-11,-59.23,12970,-0.07,9.791e-07,-90.89,346.34,-0.14,-0.196,False,NA,FOUND,drift_measured,0,,37.0,G2_is_pos,E0
NFI46Offset,PeetCrypto/freqtrade-stuff,repos/PeetCrypto_freqtrade-stuff/NFI46Offset.py,corpus,590bf74986c5,a039f448c17bed72,179,0.54,0.004507,-59.23,762,2.09,4.06e-15,159.2,346.34,1.03,0.773,False,NA,FOUND,drift_measured,0,,13.4,G6_lookahead,E0
NFI46OffsetHOA1,PeetCrypto/freqtrade-stuff,repos/PeetCrypto_freqtrade-stuff/NFI46OffsetHOA1 (1).py,corpus,590bf74986c5,a039f448c17bed72,187,0.83,5.717e-05,-59.23,850,2.31,1.939e-17,196.43,346.34,1.05,,False,NA,FOUND,drift_measured,0,,11.4,G6_lookahead,E0
NFI46Z,PeetCrypto/freqtrade-stuff,repos/PeetCrypto_freqtrade-stuff/NFI46Z (1).py,corpus,590bf74986c5,a039f448c17bed72,218,0.09,0.6437,-59.23,481,0.29,0.1144,14.07,346.34,0.23,-0.0555,False,NA,FOUND,drift_measured,0,,19.6,G3_is_sig,E0
NFI47V2,davidzr/freqtrade-strategies,repos/davidzr_freqtrade-strategies/strategies/NFI47V2/NFI47V2.py,corpus,590bf74986c5,a039f448c17bed72,137,0.78,0.02804,-59.23,387,3.01,5.393e-15,116.3,346.34,1.62,1.2139,False,PASS,FOUND,drift_measured,0,,44.2,G7_recursive,E1
NFI4Frog,PeetCrypto/freqtrade-stuff,repos/PeetCrypto_freqtrade-stuff/NFI4Frog.py,corpus,590bf74986c5,a039f448c17bed72,,,,,,,,,,,,,NA,FOUND,drift_measured,0,,,G0_measured,E0
NFI5MOHO,PeetCrypto/freqtrade-stuff,repos/PeetCrypto_freqtrade-stuff/NFI5MOHO.py,corpus,590bf74986c5,a039f448c17bed72,38,1.83,0.0236,-59.35,340,2.12,1.063e-05,72.0,346.34,1.33,0.7381,False,NA,FOUND,drift_measured,0,,16.4,G6_lookahead,E0
NFI5MOHO2,davidzr/freqtrade-strategies,repos/davidzr_freqtrade-strategies/strategies/NFI5MOHO2/NFI5MOHO2.py,corpus,590bf74986c5,a039f448c17bed72,283,0.17,0.2467,-59.35,1153,1.61,9.425e-18,185.86,346.34,0.75,,False,PASS,FOUND,drift_measured,0,,30.6,G3_is_sig,E0
NFI5MOHO_WIP,PeetCrypto/freqtrade-stuff,repos/PeetCrypto_freqtrade-stuff/NFI5MOHO_WIP.py,corpus,590bf74986c5,a039f448c17bed72,209,0.47,0.07274,-59.35,742,3.77,4.696e-27,279.93,346.34,1.47,,False,NA,FOUND,drift_measured,0,,34.2,G3_is_sig,E0
NFI5MOHO_WIP_1,davidzr/freqtrade-strategies,repos/davidzr_freqtrade-strategies/strategies/NFI5MOHO_WIP_1/NFI5MOHO_WIP_1.py,corpus,590bf74986c5,a039f448c17bed72,208,0.48,0.0864,-59.35,768,3.58,1.296e-37,275.03,346.34,1.4,,False,PASS,FOUND,drift_measured,0,,32.6,G3_is_sig,E0
NFI5MOHO_WIP_2,davidzr/freqtrade-strategies,repos/davidzr_freqtrade-strategies/strategies/NFI5MOHO_WIP_2/NFI5MOHO_WIP_2.py,corpus,590bf74986c5,a039f448c17bed72,210,0.56,0.01928,-59.35,778,3.32,2.972e-37,257.96,346.34,1.33,,False,PASS,FOUND,drift_measured,0,,32.4,G7_recursive,E1
NFI731_BUSD,PeetCrypto/freqtrade-stuff,repos/PeetCrypto_freqtrade-stuff/NFI731_BUSD.py,corpus,590bf74986c5,a039f448c17bed72,,,,,,,,,,,,,NA,NA,,0,,,G0_measured,E0
NFI7MOHO,davidzr/freqtrade-strategies,repos/davidzr_freqtrade-strategies/strategies/NFI7MOHO/NFI7MOHO.py,corpus,590bf74986c5,a039f448c17bed72,402,0.21,0.07765,-59.23,1564,0.86,1.875e-11,134.92,346.34,0.45,0.3187,False,PASS,FOUND,drift_measured,0,,39.4,G3_is_sig,E0
NfiNextModded,PeetCrypto/freqtrade-stuff,repos/PeetCrypto_freqtrade-stuff/NfiNextModded.py,corpus,590bf74986c5,a039f448c17bed72,,,,,,,,,,,,,NA,NA,,0,,,G0_measured,E0
NFINextMOHO,davidzr/freqtrade-strategies,repos/davidzr_freqtrade-strategies/strategies/NFINextMOHO/NFINextMOHO.py,corpus,590bf74986c5,a039f448c17bed72,293,0.06,0.8737,-59.23,1149,1.47,0.000196,168.53,346.34,0.71,0.3363,False,PASS,FOUND,drift_measured,0,,175.8,G3_is_sig,E0
NFINextMOHO2,davidzr/freqtrade-strategies,repos/davidzr_freqtrade-strategies/strategies/NFINextMOHO2/NFINextMOHO2.py,corpus,590bf74986c5,a039f448c17bed72,357,0.14,0.489,-59.23,1427,0.76,3.395e-05,108.76,346.34,0.43,0.2267,False,PASS,FOUND,drift_measured,0,,81.2,G3_is_sig,E0
NFINextMultiOffsetAndHO,davidzr/freqtrade-strategies,repos/davidzr_freqtrade-strategies/strategies/NFINextMultiOffsetAndHO/NFINextMultiOffsetAndHO.py,corpus,590bf74986c5,a039f448c17bed72,219,0.68,0.00379,-58.96,875,3.03,2.62e-17,265.18,346.34,1.21,,False,PASS,FOUND,drift_measured,0,,31.6,G7_recursive,E1
NFINextMultiOffsetAndHO2,davidzr/freqtrade-strategies,repos/davidzr_freqtrade-strategies/strategies/NFINextMultiOffsetAndHO2/NFINextMultiOffsetAndHO2.py,corpus,590bf74986c5,a039f448c17bed72,186,-0.32,0.3492,-58.96,519,1.04,6.644e-07,53.81,346.34,0.68,0.4119,False,PASS,FOUND,drift_measured,0,,100.0,G2_is_pos,E0
NFIX_BB_RPB,PeetCrypto/freqtrade-stuff,repos/PeetCrypto_freqtrade-stuff/NFIX_BB_RPB.py,corpus,590bf74986c5,a039f448c17bed72,,,,,,,,,,,,,NA,NA,,0,,,G0_measured,E0
NFIX_BB_RPB_c7c477d_20211030,davidzr/freqtrade-strategies,repos/davidzr_freqtrade-strategies/strategies/NFIX_BB_RPB_c7c477d_20211030/NFIX_BB_RPB_c7c477d_20211030.py,corpus,590bf74986c5,a039f448c17bed72,,,,,,,,,,,,,NA,NA,,0,,,G0_measured,E0
NoLost,PeetCrypto/freqtrade-stuff,repos/PeetCrypto_freqtrade-stuff/NoLost.py,corpus,590bf74986c5,a039f448c17bed72,,,,,,,,,,,,,NA,PASS,,0,,,G0_measured,E0
NormalizerStrategy,davidzr/freqtrade-strategies,repos/davidzr_freqtrade-strategies/strategies/NormalizerStrategy/NormalizerStrategy.py,corpus,590bf74986c5,a039f448c17bed72,970,-0.65,8.168e-18,-51.25,2777,-0.33,4.409e-24,-92.16,348.67,-0.73,,False,PASS,FOUND,drift_measured,0,,6.43,G2_is_pos,E0
NormalizerStrategyHO2,PeetCrypto/freqtrade-stuff,repos/PeetCrypto_freqtrade-stuff/NormalizerStrategyHO2 (1).py,corpus,590bf74986c5,a039f448c17bed72,819,-0.48,0.0008315,-51.25,2330,-0.15,0.1775,-35.85,348.67,-0.11,-0.2699,False,NA,FOUND,drift_measured,0,,15.58,G2_is_pos,E0
Nostalgia,Foxel05/freqtrade-stuff,repos/Foxel05_freqtrade-stuff/strategies/Nostalgia.py,corpus,590bf74986c5,a039f448c17bed72,225,-0.04,0.901,-58.96,609,1.76,2.66e-11,107.43,346.34,0.98,0.6918,False,PASS,FOUND,drift_measured,0,,85.6,G2_is_pos,E0
NostalgiaForInfinity772martinsk3,TheoBrigitte/freqtrade,repos/TheoBrigitte_freqtrade/strategies/nfix/NostalgiaForInfinity772martinsk3.py,corpus,590bf74986c5,a039f448c17bed72,,,,,,,,,,,,,NA,NA,,0,,,G0_measured,E0
NostalgiaForInfinityNext,Foxel05/freqtrade-stuff,repos/Foxel05_freqtrade-stuff/strategies/NostalgiaForInfinityNext.py,corpus,590bf74986c5,a039f448c17bed72,,,,,,,,,,,,,NA,NA,,0,,,G0_measured,E0
NostalgiaForInfinityNext772,TheoBrigitte/freqtrade,repos/TheoBrigitte_freqtrade/sources/nfix/NostalgiaForInfinityNext772.py,corpus,590bf74986c5,a039f448c17bed72,,,,,,,,,,,,,NA,NA,,0,,,G0_measured,E0
NostalgiaForInfinityNext_ChangeToTower_V5_2,PeetCrypto/freqtrade-stuff,repos/PeetCrypto_freqtrade-stuff/NostalgiaForInfinityNext_ChangeToTower_V5_2.py,corpus,590bf74986c5,a039f448c17bed72,,,,,,,,,,,,,NA,NA,,0,,,G0_measured,E0
NostalgiaForInfinityNext_ChangeToTower_V5_3,PeetCrypto/freqtrade-stuff,repos/PeetCrypto_freqtrade-stuff/NostalgiaForInfinityNext_ChangeToTower_V5_3.py,corpus,590bf74986c5,a039f448c17bed72,,,,,,,,,,,,,NA,NA,,0,,,G0_measured,E0
NostalgiaForInfinityNext_ChangeToTower_V6,PeetCrypto/freqtrade-stuff,repos/PeetCrypto_freqtrade-stuff/NostalgiaForInfinityNext_ChangeToTower_V6.py,corpus,590bf74986c5,a039f448c17bed72,,,,,,,,,,,,,NA,NA,,0,,,G0_measured,E0
NostalgiaForInfinityNext_maximizer,davidzr/freqtrade-strategies,repos/davidzr_freqtrade-strategies/strategies/NostalgiaForInfinityNext_maximizer/NostalgiaForInfinityNext_maximizer.py,corpus,590bf74986c5,a039f448c17bed72,,,,,,,,,,,,,NA,NA,,0,,,G0_measured,E0
NostalgiaForInfinityNextGen,PeetCrypto/freqtrade-stuff,repos/PeetCrypto_freqtrade-stuff/NostalgiaForInfinityNextGen.py,corpus,590bf74986c5,a039f448c17bed72,26,1.82,0.01923,-59.37,132,2.07,0.00124,27.34,345.85,1.5,0.5896,False,NA,FOUND,drift_measured,0,,45.2,G1_trades,E0
NostalgiaForInfinityNextGen_TSL,davidzr/freqtrade-strategies,repos/davidzr_freqtrade-strategies/strategies/NostalgiaForInfinityNextGen_TSL/NostalgiaForInfinityNextGen_TSL.py,corpus,590bf74986c5,a039f448c17bed72,27,1.11,0.2903,-59.37,111,0.0,0.9951,0.04,345.85,0.02,-6.363,False,NA,FOUND,drift_measured,0,,48.6,G1_trades,E0
NostalgiaForInfinityNextV7155,PeetCrypto/freqtrade-stuff,repos/PeetCrypto_freqtrade-stuff/nfiv7155.py,corpus,590bf74986c5,a039f448c17bed72,,,,,,,,,,,,,NA,NA,,0,,,G0_measured,E0
NostalgiaForInfinityV1,PeetCrypto/freqtrade-stuff,repos/PeetCrypto_freqtrade-stuff/NostalgiaForInfinityV1.py,corpus,590bf74986c5,a039f448c17bed72,769,0.47,0.0002134,-59.05,2688,0.59,0.0001009,159.61,346.34,0.3,0.1488,False,NA,PASS,,0,,76.8,G6_lookahead,E0
NostalgiaForInfinityV2,PeetCrypto/freqtrade-stuff,repos/PeetCrypto_freqtrade-stuff/NostalgiaForInfinityV2.py,corpus,590bf74986c5,a039f448c17bed72,193,0.46,0.3077,-59.05,632,3.92,5.027e-07,247.8,346.34,1.64,1.0004,False,NA,PASS,,0,,120.2,G3_is_sig,E0
NostalgiaForInfinityV3,PeetCrypto/freqtrade-stuff,repos/PeetCrypto_freqtrade-stuff/NostalgiaForInfinityV3.py,corpus,590bf74986c5,a039f448c17bed72,218,0.31,0.2059,-59.23,797,1.09,1.482e-07,86.66,346.34,0.64,0.4013,False,NA,FOUND,drift_measured,0,,76.4,G3_is_sig,E0
NostalgiaForInfinityV4,PeetCrypto/freqtrade-stuff,repos/PeetCrypto_freqtrade-stuff/NostalgiaForInfinityV4.py,corpus,590bf74986c5,a039f448c17bed72,100,0.99,0.0953,-59.23,301,3.62,2.035e-17,108.91,346.34,2.0,,False,NA,FOUND,drift_measured,0,,29.2,G3_is_sig,E0
NostalgiaForInfinityV4HO,PeetCrypto/freqtrade-stuff,repos/PeetCrypto_freqtrade-stuff/NostalgiaForInfinityV4HO (1).py,corpus,590bf74986c5,a039f448c17bed72,78,1.2,0.0004817,-59.23,301,2.1,9.126e-12,63.18,346.34,1.32,0.9406,False,NA,FOUND,drift_measured,0,,22.6,G6_lookahead,E0
NostalgiaForInfinityV5,PeetCrypto/freqtrade-stuff,repos/PeetCrypto_freqtrade-stuff/NostalgiaForInfinityV5.py,corpus,590bf74986c5,a039f448c17bed72,162,0.36,0.3199,-59.23,456,2.52,1.709e-15,114.95,346.34,1.37,1.0325,False,NA,FOUND,drift_measured,0,,54.2,G3_is_sig,E0
NostalgiaForInfinityV5MultiOffsetAndHO,Foxel05/freqtrade-stuff,repos/Foxel05_freqtrade-stuff/strategies/NostalgiaForInfinityV5MultiOffsetAndHO.py,corpus,590bf74986c5,a039f448c17bed72,356,0.21,0.07498,-59.35,1410,0.89,3.951e-10,125.27,346.34,0.47,0.3227,False,PASS,FOUND,drift_measured,0,,33.2,G3_is_sig,E0
NostalgiaForInfinityV5MultiOffsetAndHO2,PeetCrypto/freqtrade-stuff,repos/PeetCrypto_freqtrade-stuff/NostalgiaForInfinityV5MultiOffsetAndHO2 (1).py,corpus,590bf74986c5,a039f448c17bed72,297,0.2,0.1424,-59.35,1084,0.79,7.511e-08,85.17,346.34,0.47,0.2987,False,NA,FOUND,drift_measured,0,,39.6,G3_is_sig,E0
NostalgiaForInfinityV6,PeetCrypto/freqtrade-stuff,repos/PeetCrypto_freqtrade-stuff/NostalgiaForInfinityV6.py,corpus,590bf74986c5,a039f448c17bed72,181,0.29,0.3562,-59.23,531,2.19,2.538e-17,116.04,346.34,1.18,,False,NA,FOUND,drift_measured,0,,56.6,G3_is_sig,E0
NostalgiaForInfinityV6HO,davidzr/freqtrade-strategies,repos/davidzr_freqtrade-strategies/strategies/NostalgiaForInfinityV6HO/NostalgiaForInfinityV6HO.py,corpus,590bf74986c5,a039f448c17bed72,181,0.29,0.3562,-59.23,531,2.19,2.538e-17,116.04,346.34,1.18,,False,PASS,FOUND,drift_measured,0,,56.6,G3_is_sig,E0
NostalgiaForInfinityV7,PeetCrypto/freqtrade-stuff,repos/PeetCrypto_freqtrade-stuff/NostalgiaForInfinityV7.py,corpus,590bf74986c5,a039f448c17bed72,171,0.46,0.1683,-59.23,513,2.15,3.451e-17,110.13,346.34,1.18,,False,NA,FOUND,drift_measured,0,,60.8,G3_is_sig,E0
NostalgiaForInfinityV7_7_2,davidzr/freqtrade-strategies,repos/davidzr_freqtrade-strategies/strategies/NostalgiaForInfinityV7_7_2/NostalgiaForInfinityV7_7_2.py,corpus,590bf74986c5,a039f448c17bed72,,,,,,,,,,,,,NA,NA,,0,,,G0_measured,E0
NostalgiaForInfinityV7_SMA,PeetCrypto/freqtrade-stuff,repos/PeetCrypto_freqtrade-stuff/NostalgiaForInfinityV7_SMA.py,corpus,590bf74986c5,a039f448c17bed72,229,0.67,0.005881,-59.23,698,2.69,3.005e-29,188.0,346.34,1.23,,False,NA,FOUND,drift_measured,0,,44.2,G6_lookahead,E0
NostalgiaForInfinityV7_SMAv2,PeetCrypto/freqtrade-stuff,repos/PeetCrypto_freqtrade-stuff/NostalgiaForInfinityV7_SMAv2 (2).py,corpus,590bf74986c5,a039f448c17bed72,229,0.67,0.005881,-59.23,698,2.69,3.005e-29,188.0,346.34,1.23,,False,NA,FOUND,drift_measured,0,,44.2,G6_lookahead,E0
NostalgiaForInfinityV7_SMAv2_1,PeetCrypto/freqtrade-stuff,repos/PeetCrypto_freqtrade-stuff/NostalgiaForInfinityV7_SMAv2_1 (1).py,corpus,590bf74986c5,a039f448c17bed72,123,0.88,0.04119,-59.23,422,3.46,2.18e-12,146.04,346.34,1.74,1.2544,False,NA,FOUND,drift_measured,0,,60.4,G6_lookahead,E0
NostalgiaForInfinityX,PeetCrypto/freqtrade-stuff,repos/PeetCrypto_freqtrade-stuff/NFIXMod1.3_TraNz (3).py,corpus,590bf74986c5,a039f448c17bed72,,,,,,,,,,,,,NA,NA,,0,,,G0_measured,E0
NostalgiaForInfinityX2,ShahAnuj2610/my-freqtrade-nfi-nextgen,repos/ShahAnuj2610_my-freqtrade-nfi-nextgen/user_data/strategies/NostalgiaForInfinityX2.py,corpus,590bf74986c5,a039f448c17bed72,2,1.13,0.3229,-59.75,,,,,,,,,NA,FOUND,drift_measured,0,,,G0_measured,E0
NostalgiaForInfinityX3,iterativv/NostalgiaForInfinity,repos/iterativv_NostalgiaForInfinity/NostalgiaForInfinityX3.py,corpus,590bf74986c5,a039f448c17bed72,,,,,,,,,,,,,NA,FOUND,drift_measured,0,,,G0_measured,E0
NostalgiaForInfinityX4,iterativv/NostalgiaForInfinity,repos/iterativv_NostalgiaForInfinity/NostalgiaForInfinityX4.py,corpus,590bf74986c5,a039f448c17bed72,,,,,,,,,,,,,NA,FOUND,drift_measured,0,,,G0_measured,E0
NostalgiaForInfinityX5,iterativv/NostalgiaForInfinity,repos/iterativv_NostalgiaForInfinity/NostalgiaForInfinityX5.py,corpus,590bf74986c5,a039f448c17bed72,,,,,,,,,,,,,NA,FOUND,drift_measured,0,,,G0_measured,E0
NostalgiaForInfinityX6,iterativv/NostalgiaForInfinity,repos/iterativv_NostalgiaForInfinity/NostalgiaForInfinityX6.py,corpus,590bf74986c5,a039f448c17bed72,,,,,,,,,,,,,NA,FOUND,drift_measured,0,,,G0_measured,E0
NostalgiaForInfinityX7,iterativv/NostalgiaForInfinity,repos/iterativv_NostalgiaForInfinity/NostalgiaForInfinityX7.py,corpus,590bf74986c5,a039f448c17bed72,,,,,,,,,,,,,NA,FOUND,drift_measured,0,,,G0_measured,E0
NostalgiaForInfinityXw,PeetCrypto/freqtrade-stuff,repos/PeetCrypto_freqtrade-stuff/NostalgiaForInfinityXw (1).py,corpus,590bf74986c5,a039f448c17bed72,,,,,,,,,,,,,NA,NA,,0,,,G0_measured,E0
NOTankAi_15,TheoBrigitte/freqtrade,repos/TheoBrigitte_freqtrade/strategies/notankai/NOTankAi_15.py,corpus,590bf74986c5,a039f448c17bed72,2859,175.8,1.03e-54,-58.11,,,,,,,,,PASS,FOUND,refused_no_warmup,0,,,G0_measured,E0
NOTankAi_15_Cleaned,TheoBrigitte/freqtrade,repos/TheoBrigitte_freqtrade/strategies/notankai/NOTankAi_15_Cleaned.py,corpus,590bf74986c5,a039f448c17bed72,2853,174.76,1.015e-54,-59.49,6773,43922.02,1.179e-182,29748386.38,345.85,2.04,,True,PASS,FOUND,drift_measured,0,,104.53,G7_recursive,E1
NOTankAi_15_Cleaned_v2,TheoBrigitte/freqtrade,repos/TheoBrigitte_freqtrade/strategies/notankai/NOTankAi_15_Cleaned_v2.py,corpus,590bf74986c5,a039f448c17bed72,3528,345.76,8.383e-92,-59.49,11207,56790.67,0.0,63645298.3,345.85,1.87,,True,PASS,FOUND,drift_measured,0,,11.6,G7_recursive,E1
NOTankAi_17,jaredrsommer/freqtradestrategies,repos/jaredrsommer_freqtradestrategies/NoTankAi_17.py,corpus,590bf74986c5,a039f448c17bed72,,,,,,,,,,,,,NA,NA,,0,,,G0_measured,E0
NOTankAi_19,jaredrsommer/freqtradestrategies,repos/jaredrsommer_freqtradestrategies/NoTankAi_19_1.py,corpus,590bf74986c5,a039f448c17bed72,,,,,,,,,,,,,NA,NA,,0,,,G0_measured,E0
NotAnotherSMAOffsetStrategy,Juusseli/Trade,repos/Juusseli_Trade/NotAnotherSMAOffsetStrategy.py,corpus,590bf74986c5,a039f448c17bed72,215,0.94,5.228e-06,-59.05,683,2.04,8.496e-15,139.57,346.34,1.04,0.7773,False,NA,FOUND,drift_measured,0,,11.2,G6_lookahead,E0
NotAnotherSMAOffsetStrategy_uzi,Foxel05/freqtrade-stuff,repos/Foxel05_freqtrade-stuff/strategies/NotAnotherSMAOffsetStrategy_uzi.py,corpus,590bf74986c5,a039f448c17bed72,122,0.71,0.02892,-59.05,529,0.61,0.002739,32.47,346.34,0.44,0.1521,False,NA,FOUND,drift_measured,0,,11.0,G6_lookahead,E0
NotAnotherSMAOffsetStrategy_uzi3,Foxel05/freqtrade-stuff,repos/Foxel05_freqtrade-stuff/strategies/NotAnotherSMAOffsetStrategy_uzi3.py,corpus,590bf74986c5,a039f448c17bed72,217,0.58,0.07369,-59.23,954,1.44,1.396e-07,137.43,346.34,0.75,0.4708,False,NA,FOUND,drift_measured,0,,34.6,G3_is_sig,E0
NotAnotherSMAOffSetStrategy_V2,Foxel05/freqtrade-stuff,repos/Foxel05_freqtrade-stuff/strategies/NotAnotherSMAOffSetStrategy_V2.py,corpus,590bf74986c5,a039f448c17bed72,3,1.2,0.3965,-59.05,,,,,,,,,NA,FOUND,drift_measured,0,,,G0_measured,E0
NotAnotherSMAOffsetStrategyHO,MMR-19/freqtrade-strategies,repos/MMR-19_freqtrade-strategies/strategies/NotAnotherSMAOffSetStrategyHO.py,corpus,590bf74986c5,a039f448c17bed72,185,1.91,1.079e-11,-59.05,720,3.74,1.069e-11,269.2,346.34,1.49,1.0603,False,NA,FOUND,drift_measured,0,,10.4,G6_lookahead,E0
NotAnotherSMAOffsetStrategyHOv3,Foxel05/freqtrade-stuff,repos/Foxel05_freqtrade-stuff/strategies/NotAnotherSMAOffsetStrategyHOv3_b.py,corpus,590bf74986c5,a039f448c17bed72,105,0.41,0.475,-59.05,647,1.87,3.896e-09,120.87,346.34,1.0,0.6672,False,NA,FOUND,drift_measured,0,,39.0,G3_is_sig,E0
NotAnotherSMAOffsetStrategyLite,Foxel05/freqtrade-stuff,repos/Foxel05_freqtrade-stuff/strategies/NotAnotherSMAOffsetStrategyLite.py,corpus,590bf74986c5,a039f448c17bed72,321,0.42,0.007172,-59.05,1094,0.89,6.768e-12,96.95,346.34,0.51,0.3643,False,PASS,FOUND,drift_measured,0,,8.8,G7_recursive,E1
NotAnotherSMAOffsetStrategyModHO,Foxel05/freqtrade-stuff,repos/Foxel05_freqtrade-stuff/strategies/NotAnotherSMAOffsetStrategyModHO.py,corpus,590bf74986c5,a039f448c17bed72,159,0.12,0.5183,-59.05,985,0.51,2.003e-05,50.12,346.34,0.34,0.1837,False,NA,FOUND,drift_measured,0,,6.8,G3_is_sig,E0
NotAnotherSMAOffsetStrategyModHO_LamineDz_20210901,davidzr/freqtrade-strategies,repos/davidzr_freqtrade-strategies/strategies/NotAnotherSMAOffsetStrategyModHO_LamineDz_20210901/NotAnotherSMAOffsetStrategyModHO_LamineDz_20210901.py,corpus,590bf74986c5,a039f448c17bed72,159,0.12,0.5183,-59.05,984,0.51,6.353e-06,50.06,346.34,0.34,0.1924,False,NA,FOUND,drift_measured,0,,6.8,G3_is_sig,E0
NotAnotherSMAOffsetStrategyX1,PeetCrypto/freqtrade-stuff,repos/PeetCrypto_freqtrade-stuff/NotAnotherSMAOffsetStrategyX1.py,corpus,590bf74986c5,a039f448c17bed72,116,0.87,1.005e-05,-59.23,481,0.91,4.64e-07,43.9,346.34,0.62,0.3789,False,NA,FOUND,drift_measured,0,,10.8,G6_lookahead,E0
NowoIchimoku1hV1,PeetCrypto/freqtrade-stuff,repos/PeetCrypto_freqtrade-stuff/NowoIchimoku1hV1 (1).py,corpus,590bf74986c5,a039f448c17bed72,,,,,,,,,,,,,NA,FOUND,drift_measured,0,,,G0_measured,E0
NowoIchimoku1hV2,PeetCrypto/freqtrade-stuff,repos/PeetCrypto_freqtrade-stuff/NowoIchimoku1hV2 (1).py,corpus,590bf74986c5,a039f448c17bed72,745,1.14,1.232e-05,-59.69,2950,1.84,5.013e-06,541.93,348.67,0.53,0.3024,True,NA,FOUND,drift_measured,0,,33.05,G6_lookahead,E0
NowoIchimoku5mV2,PeetCrypto/freqtrade-stuff,repos/PeetCrypto_freqtrade-stuff/NowoIchimoku5mV2 (1).py,corpus,590bf74986c5,a039f448c17bed72,,,,,,,,,,,,,NA,PASS,,0,,,G0_measured,E0
NWEv6,anakein/beastbotXB,repos/anakein_beastbotXB/working/NWEv6.py,corpus,590bf74986c5,a039f448c17bed72,2032,-0.31,2.002e-10,-59.35,6347,-0.15,8.065e-17,-94.16,346.34,-0.35,,False,FOUND,FOUND,drift_measured,0,,94.0,G2_is_pos,E0
NWEv6_new,anakein/beastbotXB,repos/anakein_beastbotXB/working/NWEv6_new.py,corpus,590bf74986c5,a039f448c17bed72,1869,-0.38,2.66e-16,-56.37,6239,-0.15,2.109e-16,-95.02,347.44,-0.38,-0.4707,False,PASS,PASS,,0,,192.33,G2_is_pos,E0
Obelisk_3EMA_StochRSI_ATR,PeetCrypto/freqtrade-stuff,repos/PeetCrypto_freqtrade-stuff/Obelisk_3EMA_StochRSI_ATR.py,corpus,590bf74986c5,a039f448c17bed72,,,,,,,,,,,,,NA,NA,,0,,,G0_measured,E0
Obelisk_Ichimoku_Slow_v1_3,PeetCrypto/freqtrade-stuff,repos/PeetCrypto_freqtrade-stuff/Obelisk_Ichimoku_Slow_v1_3.py,corpus,590bf74986c5,a039f448c17bed72,,,,,,,,,,,,,NA,NA,,0,,,G0_measured,E0
Obelisk_Ichimoku_ZEMA_v1,Foxel05/freqtrade-stuff,repos/Foxel05_freqtrade-stuff/strategies/Obelisk_Ichimoku_ZEMA_v1.py,corpus,590bf74986c5,a039f448c17bed72,,,,,,,,,,,,,NA,NA,,0,,,G0_measured,E0
Obelisk_TradePro_Ichi_v1_1,PeetCrypto/freqtrade-stuff,repos/PeetCrypto_freqtrade-stuff/Obelisk_TradePro_Ichi_v1_1.py,corpus,590bf74986c5,a039f448c17bed72,992,0.23,0.232,-59.31,4067,0.07,0.5473,28.57,348.67,0.08,-0.1805,False,FOUND,PASS,,0,,18.93,G3_is_sig,E0
Obelisk_TradePro_Ichi_v2_1,PeetCrypto/freqtrade-stuff,repos/PeetCrypto_freqtrade-stuff/Obelisk_TradePro_Ichi_v2_1.py,corpus,590bf74986c5,a039f448c17bed72,1303,0.59,0.005324,-56.47,5116,0.27,0.1012,140.66,348.67,0.17,-0.0333,False,FOUND,PASS,,0,,19.77,G5_os_sig,E0
ObeliskIM_v1_1,PeetCrypto/freqtrade-stuff,repos/PeetCrypto_freqtrade-stuff/ObeliskIM_v1_1.py,corpus,590bf74986c5,a039f448c17bed72,,,,,,,,,,,,,NA,NA,,0,,,G0_measured,E0
ObeliskRSI_v6_1,PeetCrypto/freqtrade-stuff,repos/PeetCrypto_freqtrade-stuff/ObeliskRSI_v6_1.py,corpus,590bf74986c5,a039f448c17bed72,,,,,,,,,,,,,NA,NA,,0,,,G0_measured,E0
ObvTrendStrategy,mlsys-io/PortfolioBench,repos/mlsys-io_PortfolioBench/strategy/ObvTrendStrategy.py,corpus,590bf74986c5,a039f448c17bed72,13631,-0.07,4.261e-160,-58.52,12877,-0.07,5.426e-72,-96.58,346.34,-0.21,,False,PASS,FOUND,drift_measured,0,,5.4,G2_is_pos,E0
OmaGann,jaredrsommer/freqtradestrategies,repos/jaredrsommer_freqtradestrategies/OmaGann (2).py,corpus,590bf74986c5,a039f448c17bed72,2208,-0.16,0.02567,-58.4,8827,-0.09,0.01089,-80.96,348.67,-0.12,-0.2124,False,PASS,FOUND,refused_no_warmup,0,,20.13,G2_is_pos,E0
ONS_Portfolio,mlsys-io/PortfolioBench,repos/mlsys-io_PortfolioBench/user_data/strategies/ONS.py,corpus,590bf74986c5,a039f448c17bed72,,,,,,,,,,,,,NA,FOUND,refused_no_warmup,0,,,G0_measured,E0
ONUR,davidzr/freqtrade-strategies,repos/davidzr_freqtrade-strategies/strategies/ONUR/ONUR.py,corpus,590bf74986c5,a039f448c17bed72,55,-7.67,0.09592,-58.11,479,5.01,0.1766,240.09,345.85,2.47,-1.1126,False,PASS,FOUND,refused_no_warmup,0,,3312.6,G2_is_pos,E0
ParabolicSarStrategy,mlsys-io/PortfolioBench,repos/mlsys-io_PortfolioBench/strategy/ParabolicSarStrategy.py,corpus,590bf74986c5,a039f448c17bed72,12846,-0.07,8.318e-63,-58.41,11196,-0.09,8.017e-84,-96.57,346.34,-0.24,,False,PASS,FOUND,drift_measured,0,,10.8,G2_is_pos,E0
PatternRecognition,TheoBrigitte/freqtrade,repos/TheoBrigitte_freqtrade/strategies/freqtrade-strategies/PatternRecognition.py,corpus,590bf74986c5,a039f448c17bed72,134,-3.56,0.007559,-59.68,520,-0.48,0.6741,-24.98,352.61,0.02,-0.0732,False,NA,FOUND,refused_no_warmup,0,,17.07,G2_is_pos,E0
pcb20,jaredrsommer/freqtradestrategies,repos/jaredrsommer_freqtradestrategies/pcb20.py,corpus,590bf74986c5,a039f448c17bed72,,,,,,,,,,,,,NA,NA,,0,,,G0_measured,E0
Persia,PeetCrypto/freqtrade-stuff,repos/PeetCrypto_freqtrade-stuff/Persia.py,corpus,590bf74986c5,a039f448c17bed72,,,,,,,,,,,,,NA,PASS,,0,,,G0_measured,E0
Pmax,PeetCrypto/freqtrade-stuff,repos/PeetCrypto_freqtrade-stuff/Pmax.py,corpus,590bf74986c5,a039f448c17bed72,,,,,,,,,,,,,NA,PASS,,0,,,G0_measured,E0
pmaxTest,PeetCrypto/freqtrade-stuff,repos/PeetCrypto_freqtrade-stuff/pmaxTest.py,corpus,590bf74986c5,a039f448c17bed72,,,,,,,,,,,,,NA,PASS,,0,,,G0_measured,E0
PnF,jaredrsommer/freqtradestrategies,repos/jaredrsommer_freqtradestrategies/PnF (copy).py,corpus,590bf74986c5,a039f448c17bed72,,,,,,,,,,,,,NA,NA,,0,,,G0_measured,E0
PolymarketLogicalArbStrategy,mlsys-io/PortfolioBench,repos/mlsys-io_PortfolioBench/strategy/PolymarketLogicalArb/PolymarketLogicalArbStrategy.py,corpus,590bf74986c5,a039f448c17bed72,,,,,,,,,,,,,NA,NA,,0,,,G0_measured,E0
PolymarketMeanReversionStrategy,mlsys-io/PortfolioBench,repos/mlsys-io_PortfolioBench/strategy/PolymarketMeanReversionStrategy.py,corpus,590bf74986c5,a039f448c17bed72,,,,,,,,,,,,,NA,PASS,,0,,,G0_measured,E0
PolymarketMomentumStrategy,mlsys-io/PortfolioBench,repos/mlsys-io_PortfolioBench/strategy/PolymarketMomentumStrategy.py,corpus,590bf74986c5,a039f448c17bed72,,,,,,,,,,,,,NA,PASS,,0,,,G0_measured,E0
PolymarketPortfolio,mlsys-io/PortfolioBench,repos/mlsys-io_PortfolioBench/user_data/strategies/polymarket_portfolio.py,corpus,590bf74986c5,a039f448c17bed72,47,-0.13,0.5922,-57.43,358,0.29,0.1358,10.27,340.8,0.89,-0.2795,False,NA,FOUND,refused_no_warmup,0,,10.9,G2_is_pos,E0
PowerTower,TheoBrigitte/freqtrade,repos/TheoBrigitte_freqtrade/strategies/freqtrade-strategies/PowerTower.py,corpus,590bf74986c5,a039f448c17bed72,1232,-0.44,0.007949,-58.37,3769,0.04,0.815,13.42,346.34,0.07,-0.5164,False,PASS,PASS,,0,,448.8,G2_is_pos,E0
PpoMomentumStrategy,mlsys-io/PortfolioBench,repos/mlsys-io_PortfolioBench/strategy/PpoMomentumStrategy.py,corpus,590bf74986c5,a039f448c17bed72,7012,-0.11,1.25e-36,-58.3,13525,-0.07,1.71e-33,-96.57,346.34,-0.2,,False,PASS,FOUND,drift_measured,0,,19.0,G2_is_pos,E0
PrawnstarOBV,PeetCrypto/freqtrade-stuff,repos/PeetCrypto_freqtrade-stuff/PrawnstarOBV.py,corpus,590bf74986c5,a039f448c17bed72,1496,0.43,0.2196,-59.27,5570,27.85,0.01684,15514.99,348.67,0.93,0.1674,True,NA,FOUND,drift_measured,1,trailing tighter than the spread,70.27,G3_is_sig,E0
Precognition,PeetCrypto/freqtrade-stuff,repos/PeetCrypto_freqtrade-stuff/precognition (1).py,corpus,590bf74986c5,a039f448c17bed72,,,,,,,,,,,,,NA,PASS,,0,,,G0_measured,E0
Prediction_Strategy,PeetCrypto/freqtrade-stuff,repos/PeetCrypto_freqtrade-stuff/Prediction_Strategy.py,corpus,590bf74986c5,a039f448c17bed72,,,,,,,,,,,,,NA,PASS,,0,,,G0_measured,E0
PriceActionCandleStrategy,mlsys-io/PortfolioBench,repos/mlsys-io_PortfolioBench/strategy/PriceActionCandleStrategy.py,corpus,590bf74986c5,a039f448c17bed72,11158,-0.08,5.292e-126,-58.47,13387,-0.07,3.929e-186,-96.57,346.34,-0.2,,False,PASS,FOUND,drift_measured,0,,6.8,G2_is_pos,E0
PriceChannelStrategy,mlsys-io/PortfolioBench,repos/mlsys-io_PortfolioBench/strategy/PriceChannelStrategy.py,corpus,590bf74986c5,a039f448c17bed72,7598,-0.12,2.163e-78,-58.52,9507,-0.1,2.012e-74,-96.58,346.34,-0.28,,False,PASS,FOUND,drift_measured,0,,12.2,G2_is_pos,E0
PRICEFOLLOWING,PeetCrypto/freqtrade-stuff,repos/PeetCrypto_freqtrade-stuff/PRICEFOLLOWING (1).py,corpus,590bf74986c5,a039f448c17bed72,74,-0.64,0.1793,-58.41,198,-0.03,0.9012,-0.61,346.34,-0.02,-0.3358,False,NA,FOUND,drift_measured,0,,209.0,G2_is_pos,E0
PRICEFOLLOWING2,PeetCrypto/freqtrade-stuff,repos/PeetCrypto_freqtrade-stuff/PRICEFOLLOWING2 (1).py,corpus,590bf74986c5,a039f448c17bed72,2,-2.41,0.1468,-58.23,,,,,,,,,NA,FOUND,drift_measured,0,,,G0_measured,E0
PRICEFOLLOWINGX,PeetCrypto/freqtrade-stuff,repos/PeetCrypto_freqtrade-stuff/PRICEFOLLOWINGX (1).py,corpus,590bf74986c5,a039f448c17bed72,273,-2.03,0.008674,-58.34,899,0.14,0.7712,12.75,345.85,0.23,-1.3202,False,NA,FOUND,drift_measured,0,,687.2,G2_is_pos,E0
Proton,obseries/freqtrade-strategy-ichiv1,repos/obseries_freqtrade-strategy-ichiv1/user_data/strategies/proton.py,corpus,590bf74986c5,a039f448c17bed72,,,,,,,,,,,,,NA,NA,,0,,,G0_measured,E0
PumpDetector,davidzr/freqtrade-strategies,repos/davidzr_freqtrade-strategies/strategies/PumpDetector/PumpDetector.py,corpus,590bf74986c5,a039f448c17bed72,13347,-0.07,2.106e-31,-58.37,18911,-0.05,3.294e-22,-96.75,346.34,-0.14,,False,PASS,FOUND,drift_measured,0,,23.2,G2_is_pos,E0
qrsi,jaredrsommer/freqtradestrategies,repos/jaredrsommer_freqtradestrategies/qrsi.py,corpus,590bf74986c5,a039f448c17bed72,,,,,,,,,,,,,NA,FOUND,refused_no_warmup,0,,,G0_measured,E0
quantumfirst,davidzr/freqtrade-strategies,repos/davidzr_freqtrade-strategies/strategies/quantumfirst/quantumfirst.py,corpus,590bf74986c5,a039f448c17bed72,,,,,,,,,,,,,NA,NA,,0,,,G0_measured,E0
QuickAdapterV3,TheoBrigitte/freqtrade,repos/TheoBrigitte_freqtrade/strategies/quickadapter/QuickAdapterV3.py,corpus,590bf74986c5,a039f448c17bed72,,,,,,,,,,,,,NA,NA,,0,,,G0_measured,E0
QuickBuyStrategy,PeetCrypto/freqtrade-stuff,repos/PeetCrypto_freqtrade-stuff/QuickBuyStrategy.py,corpus,590bf74986c5,a039f448c17bed72,,,,,,,,,,,,,NA,NA,,0,,,G0_measured,E0
Quickie,PeetCrypto/freqtrade-stuff,repos/PeetCrypto_freqtrade-stuff/Quickie.py,corpus,590bf74986c5,a039f448c17bed72,1780,-0.41,0.0001029,-58.23,5896,-0.14,0.09337,-83.74,346.34,-0.13,-0.2819,False,NA,PASS,,0,,628.8,G2_is_pos,E0
RalliV1,Foxel05/freqtrade-stuff,repos/Foxel05_freqtrade-stuff/strategies/RalliV1.py,corpus,590bf74986c5,a039f448c17bed72,146,1.0,8.89e-05,-59.05,511,1.83,2.532e-17,93.38,346.34,1.05,,False,NA,FOUND,drift_measured,0,,10.6,G6_lookahead,E0
RalliV1_disable56,PeetCrypto/freqtrade-stuff,repos/PeetCrypto_freqtrade-stuff/RalliV1_disable56.py,corpus,590bf74986c5,a039f448c17bed72,145,1.0,9.373e-05,-59.05,506,1.86,6.154e-18,93.87,346.34,1.06,,False,NA,FOUND,drift_measured,0,,10.6,G6_lookahead,E0
RaposaDivergenceV1,Foxel05/freqtrade-stuff,repos/Foxel05_freqtrade-stuff/strategies/RaposaDivergenceV1.py,corpus,590bf74986c5,a039f448c17bed72,,,,,,,,,,,,,NA,FOUND,drift_measured,0,,,G0_measured,E0
redditMA,davidzr/freqtrade-strategies,repos/davidzr_freqtrade-strategies/strategies/redditMA/redditMA.py,corpus,590bf74986c5,a039f448c17bed72,,,,,,,,,,,,,NA,NA,,0,,,G0_measured,E0
RegimeFilterStrategy,Bananajoexxc/RegimeFilterStrategy-Freqtrade,repos/Bananajoexxc_RegimeFilterStrategy-Freqtrade/strategies/RegimeFilterStrategy.py,corpus,590bf74986c5,a039f448c17bed72,,,,,,,,,,,,,NA,NA,,0,,,G0_measured,E0
ReinforcedAverageStrategy,PeetCrypto/freqtrade-stuff,repos/PeetCrypto_freqtrade-stuff/ReinforcedAverageStrategy.py,corpus,590bf74986c5,a039f448c17bed72,164,1.81,0.1147,-57.43,999,2.49,0.02526,248.67,340.8,1.22,0.1513,False,NA,PASS,,0,,20.46,G3_is_sig,E0
ReinforcedQuickie,PeetCrypto/freqtrade-stuff,repos/PeetCrypto_freqtrade-stuff/ReinforcedQuickie.py,corpus,590bf74986c5,a039f448c17bed72,5080,-0.15,3.172e-14,-58.23,18998,-0.05,3.331e-09,-95.91,346.34,-0.13,-0.1731,False,FOUND,PASS,,0,,88.2,G2_is_pos,E0
ReinforcedSmoothScalp,MelvynClark/Freqtrade-Strategy,repos/MelvynClark_Freqtrade-Strategy/ReinforcedSmoothScalp.py,corpus,590bf74986c5,a039f448c17bed72,121,0.55,0.08201,-58.11,542,0.13,0.4299,6.91,345.85,0.11,-0.1631,False,PASS,FOUND,refused_no_warmup,0,,65.87,G3_is_sig,E0
ReinforcedSmoothScalpS,MelvynClark/Freqtrade-Strategy,repos/MelvynClark_Freqtrade-Strategy/ReinforcedSmoothScalpS.py,corpus,590bf74986c5,a039f448c17bed72,,,,,,,,,,,,,NA,FOUND,refused_no_warmup,0,,,G0_measured,E0
Renko,PeetCrypto/freqtrade-stuff,repos/PeetCrypto_freqtrade-stuff/Renko.py,corpus,590bf74986c5,a039f448c17bed72,11,-3.09,0.8385,-58.11,113,50.17,3.329e-05,566.89,345.85,15.32,8.084,True,FOUND,PASS,,0,,10151.27,G1_trades,E0
RenkoYolo,PeetCrypto/freqtrade-stuff,repos/PeetCrypto_freqtrade-stuff/RenkoYolo (1).py,corpus,590bf74986c5,a039f448c17bed72,,,,,,,,,,,,,NA,PASS,,0,,,G0_measured,E0
RiskParityPortfolio,mlsys-io/PortfolioBench,repos/mlsys-io_PortfolioBench/user_data/strategies/risk_parity.py,corpus,590bf74986c5,a039f448c17bed72,6,-68.6,0.06361,-55.75,17,413.04,0.2285,702.17,352.61,73.4,-46.0654,True,NA,PASS,,0,,943.71,G1_trades,E0
RLAgentStrategy,jerome-benoit/freqai-strategies,repos/jerome-benoit_freqai-strategies/ReforceXY/user_data/strategies/RLAgentStrategy.py,corpus,590bf74986c5,a039f448c17bed72,,,,,,,,,,,,,NA,NA,,0,,,G0_measured,E0
RLStrategy,Mohamed-sm/Freqtrade-RLStrategy-IA,repos/Mohamed-sm_Freqtrade-RLStrategy-IA/RLStrategy.py,corpus,590bf74986c5,a039f448c17bed72,,,,,,,,,,,,,NA,NA,,0,,,G0_measured,E0
RobotradingBody,davidzr/freqtrade-strategies,repos/davidzr_freqtrade-strategies/strategies/RobotradingBody/RobotradingBody.py,corpus,590bf74986c5,a039f448c17bed72,620,-0.25,0.1131,-50.13,2275,-0.08,0.4163,-17.44,340.8,-0.04,-0.1364,False,PASS,PASS,,0,,1.77,G2_is_pos,E0
RocMomentumStrategy,mlsys-io/PortfolioBench,repos/mlsys-io_PortfolioBench/strategy/RocMomentumStrategy.py,corpus,590bf74986c5,a039f448c17bed72,12706,-0.07,1.635e-133,-58.52,13900,-0.07,2.157e-126,-96.57,346.34,-0.19,,False,PASS,FOUND,drift_measured,0,,5.8,G2_is_pos,E0
Roth01,davidzr/freqtrade-strategies,repos/davidzr_freqtrade-strategies/strategies/Roth01/Roth01.py,corpus,590bf74986c5,a039f448c17bed72,2724,-0.28,0.0001168,-58.23,9622,-0.08,0.3201,-76.9,346.34,-0.04,-0.1189,False,PASS,FOUND,refused_no_warmup,0,,391.6,G2_is_pos,E0
Roth03,davidzr/freqtrade-strategies,repos/davidzr_freqtrade-strategies/strategies/Roth03/Roth03.py,corpus,590bf74986c5,a039f448c17bed72,884,-0.59,0.0007172,-58.23,2625,-0.22,0.003663,-58.72,346.34,-0.24,-0.4019,False,PASS,FOUND,refused_no_warmup,0,,401.0,G2_is_pos,E0
RSI,davidzr/freqtrade-strategies,repos/davidzr_freqtrade-strategies/strategies/RSI/RSI.py,corpus,590bf74986c5,a039f448c17bed72,35,-13.41,0.05053,-58.11,365,3.82,0.2054,139.61,345.85,2.29,-1.2545,False,PASS,FOUND,refused_no_warmup,0,,4158.13,G2_is_pos,E0
RSI_BB,mikedigriz/freqtrade-strategy-mikedigriz,repos/mikedigriz_freqtrade-strategy-mikedigriz/strategies/RSI_BB.py,corpus,590bf74986c5,a039f448c17bed72,3471,-0.23,8.836e-08,-58.11,11460,-0.06,0.6599,-67.93,345.85,-0.02,-0.1091,False,PASS,FOUND,refused_no_warmup,0,,114.47,G2_is_pos,E0
RSI_EMA_strategy,mlsys-io/PortfolioBench,repos/mlsys-io_PortfolioBench/strategy/RSI_EMA_strategy.py,corpus,590bf74986c5,a039f448c17bed72,1323,-0.29,8.837e-08,-58.23,3917,-0.19,8.146e-14,-74.15,346.34,-0.27,-0.3409,False,PASS,FOUND,refused_no_warmup,0,,73.8,G2_is_pos,E0
RSIBB02,davidzr/freqtrade-strategies,repos/davidzr_freqtrade-strategies/strategies/RSIBB02/RSIBB02.py,corpus,590bf74986c5,a039f448c17bed72,,,,,,,,,,,,,NA,NA,,0,,,G0_measured,E0
RsiBollingerStrategy,mlsys-io/PortfolioBench,repos/mlsys-io_PortfolioBench/strategy/RsiBollingerStrategy.py,corpus,590bf74986c5,a039f448c17bed72,648,-0.8,0.0003949,-59.27,2237,0.0,0.9906,0.54,348.67,0.1,-16.5364,False,PASS,FOUND,drift_measured,0,,43.67,G2_is_pos,E0
RsiDivergenceStrategy,mlsys-io/PortfolioBench,repos/mlsys-io_PortfolioBench/strategy/RsiDivergenceStrategy.py,corpus,590bf74986c5,a039f448c17bed72,104,-0.14,0.5985,-58.52,370,-0.32,0.02372,-11.7,346.34,-0.27,-0.504,False,NA,FOUND,drift_measured,0,,108.8,G2_is_pos,E0
RSIDivTirail,PeetCrypto/freqtrade-stuff,repos/PeetCrypto_freqtrade-stuff/RSIDivergence.py,corpus,590bf74986c5,a039f448c17bed72,,,,,,,,,,,,,NA,PASS,,1,trailing tighter than the spread,,G0_measured,E0
Rsiqui,TheoBrigitte/freqtrade,repos/TheoBrigitte_freqtrade/strategies/rsiqui/Rsiqui.py,corpus,590bf74986c5,a039f448c17bed72,6306,1.42,7.297e-25,-58.23,22472,182.66,5.139e-22,410479.55,346.34,0.31,,True,FOUND,FOUND,refused_no_warmup,0,,55.2,G6_lookahead,E0
RsiquiV2,TheoBrigitte/freqtrade,repos/TheoBrigitte_freqtrade/strategies/rsiqui/RsiquiV2.py,corpus,590bf74986c5,a039f448c17bed72,,,,,,,,,,,,,NA,NA,,0,,,G0_measured,E0
RsiquiV5,TheoBrigitte/freqtrade,repos/TheoBrigitte_freqtrade/strategies/rsiqui/RsiquiV5.py,corpus,590bf74986c5,a039f448c17bed72,,,,,,,,,,,,,NA,NA,,0,,,G0_measured,E0
RsiquiV5_long_only,TheoBrigitte/freqtrade,repos/TheoBrigitte_freqtrade/strategies/rsiqui/RsiquiV5_long_only.py,corpus,590bf74986c5,a039f448c17bed72,470,0.5,0.03486,-58.23,1257,0.72,9.022e-06,90.14,346.34,0.43,0.2402,False,FOUND,FOUND,refused_no_warmup,0,,155.0,G6_lookahead,E0
RSIv2,davidzr/freqtrade-strategies,repos/davidzr_freqtrade-strategies/strategies/RSIv2/RSIv2.py,corpus,590bf74986c5,a039f448c17bed72,1327,-0.45,3.191e-05,-58.34,4581,-0.16,0.003419,-72.29,345.85,-0.18,-0.3005,False,PASS,FOUND,drift_measured,0,,102.73,G2_is_pos,E0
SampleStrategy,DutchCryptoDad/FreqtradeBotStrategyDevelopmentForBeginners,repos/DutchCryptoDad_FreqtradeBotStrategyDevelopmentForBeginners/sample_strategy.py,corpus,590bf74986c5,a039f448c17bed72,3105,-0.25,8.058e-09,-58.37,9619,-0.1,1.498e-06,-96.76,346.34,-0.25,-0.3518,False,PASS,FOUND,drift_measured,0,,255.0,G2_is_pos,E0
SampleStrategyV2,PeetCrypto/freqtrade-stuff,repos/PeetCrypto_freqtrade-stuff/Machete.py,corpus,590bf74986c5,a039f448c17bed72,1400,-0.53,9.909e-07,-59.3,4482,-0.18,0.0006767,-82.76,346.34,-0.26,-0.4099,False,NA,PASS,,0,,531.8,G2_is_pos,E0
SAR,PeetCrypto/freqtrade-stuff,repos/PeetCrypto_freqtrade-stuff/SAR (1).py,corpus,590bf74986c5,a039f448c17bed72,16632,-0.06,5.212e-55,-58.37,14248,-0.07,2.82e-45,-96.58,346.34,-0.19,,False,NA,FOUND,drift_measured,0,,11.6,G2_is_pos,E0
Sar,PeetCrypto/freqtrade-stuff,repos/PeetCrypto_freqtrade-stuff/Sar.py,corpus,590bf74986c5,a039f448c17bed72,3105,-0.25,8.058e-09,-58.37,9619,-0.1,1.498e-06,-96.76,346.34,-0.25,-0.3518,False,NA,FOUND,drift_measured,0,,255.0,G2_is_pos,E0
Saturn5,PeetCrypto/freqtrade-stuff,repos/PeetCrypto_freqtrade-stuff/Saturn5.py,corpus,590bf74986c5,a039f448c17bed72,761,-0.77,0.008394,-59.37,2595,-0.23,0.5661,-59.66,345.85,0.05,-0.1208,False,NA,FOUND,drift_measured,0,,567.0,G2_is_pos,E0
Scalp,PeetCrypto/freqtrade-stuff,repos/PeetCrypto_freqtrade-stuff/Scalp.py,corpus,590bf74986c5,a039f448c17bed72,13597,-0.07,7.549e-228,-55.54,14817,-0.07,1.731e-149,-96.57,347.94,-0.18,,False,NA,PASS,,0,,5.0,G2_is_pos,E0
ScalpingCCI,PeetCrypto/freqtrade-stuff,repos/PeetCrypto_freqtrade-stuff/ScalpingCCI.py,corpus,590bf74986c5,a039f448c17bed72,,,,,,,,,,,,,NA,NA,,0,,,G0_measured,E0
Schism,PeetCrypto/freqtrade-stuff,repos/PeetCrypto_freqtrade-stuff/Schism-0318.py,corpus,590bf74986c5,a039f448c17bed72,,,,,,,,,,,,,NA,FOUND,drift_measured,0,,,G0_measured,E0
Schism2,PeetCrypto/freqtrade-stuff,repos/PeetCrypto_freqtrade-stuff/Schism-v2.py,corpus,590bf74986c5,a039f448c17bed72,,,,,,,,,,,,,NA,FOUND,drift_measured,0,,,G0_measured,E0
Schism2MM,PeetCrypto/freqtrade-stuff,repos/PeetCrypto_freqtrade-stuff/Schism2MM.py,corpus,590bf74986c5,a039f448c17bed72,6,0.63,0.01252,-58.42,11,1.09,7.736e-05,1.2,346.34,0.88,0.4436,False,NA,FOUND,drift_measured,0,,7.8,G1_trades,E0
Schism3,PeetCrypto/freqtrade-stuff,repos/PeetCrypto_freqtrade-stuff/Schism-v1.3.py,corpus,590bf74986c5,a039f448c17bed72,1800,-0.41,0.0001751,-58.42,,,,,,,,,NA,FOUND,drift_measured,0,,,G0_measured,E0
Schism4,PeetCrypto/freqtrade-stuff,repos/PeetCrypto_freqtrade-stuff/Schism-v1.4.py,corpus,590bf74986c5,a039f448c17bed72,2021,-0.4,6.067e-05,-58.42,,,,,,,,,NA,FOUND,drift_measured,0,,,G0_measured,E0
Schism5,PeetCrypto/freqtrade-stuff,repos/PeetCrypto_freqtrade-stuff/Schism-v1.5.py,corpus,590bf74986c5,a039f448c17bed72,,,,,,,,,,,,,NA,FOUND,drift_measured,0,,,G0_measured,E0
Schism6,PeetCrypto/freqtrade-stuff,repos/PeetCrypto_freqtrade-stuff/Schism-v1.6.py,corpus,590bf74986c5,a039f448c17bed72,,,,,,,,,,,,,NA,FOUND,drift_measured,0,,,G0_measured,E0
Seb,PeetCrypto/freqtrade-stuff,repos/PeetCrypto_freqtrade-stuff/Seb.py,corpus,590bf74986c5,a039f448c17bed72,3221,-0.27,7.549e-11,-58.23,10726,-0.09,0.0001431,-96.57,346.34,-0.22,-0.3334,False,NA,PASS,,0,,279.2,G2_is_pos,E0
Simple,PeetCrypto/freqtrade-stuff,repos/PeetCrypto_freqtrade-stuff/Simple.py,corpus,590bf74986c5,a039f448c17bed72,4701,-0.2,1.08e-08,-58.23,11974,-0.08,0.002292,-96.82,346.34,-0.17,-0.2793,False,NA,PASS,,0,,247.4,G2_is_pos,E0
simple_patterns,TheoBrigitte/freqtrade,repos/TheoBrigitte_freqtrade/strategies/yodo/simple_patterns.py,corpus,590bf74986c5,a039f448c17bed72,,,,,,,,,,,,,NA,PASS,,0,,,G0_measured,E0
SimpleHopt,MelvynClark/Freqtrade-Strategy,repos/MelvynClark_Freqtrade-Strategy/Simple Strategy/SimpleHopt.py,corpus,590bf74986c5,a039f448c17bed72,4701,-0.2,1.08e-08,-58.23,11974,-0.08,0.002292,-96.82,346.34,-0.17,-0.2793,False,PASS,FOUND,refused_no_warmup,0,,247.4,G2_is_pos,E0
SimpleHopt1Along,MelvynClark/Freqtrade-Strategy,repos/MelvynClark_Freqtrade-Strategy/Simple Strategy/SimpleHopt1Along.py,corpus,590bf74986c5,a039f448c17bed72,973,-0.59,0.0007537,-57.43,3494,-0.22,0.02557,-78.22,340.8,-0.28,-0.5258,False,PASS,FOUND,refused_no_warmup,1,tight ROI on a long timeframe,13.92,G2_is_pos,E0
SimpleHopt1Ashort,MelvynClark/Freqtrade-Strategy,repos/MelvynClark_Freqtrade-Strategy/Simple Strategy/SimpleHopt1Ashort.py,corpus,590bf74986c5,a039f448c17bed72,,,,,,,,,,,,,NA,NA,,1,tight ROI on a long timeframe,,G0_measured,E0
SimpleHoptS,MelvynClark/Freqtrade-Strategy,repos/MelvynClark_Freqtrade-Strategy/Simple Strategy/SimpleHoptS.py,corpus,590bf74986c5,a039f448c17bed72,,,,,,,,,,,,,NA,NA,,1,tight ROI on a long timeframe,,G0_measured,E0
SimpleRiskFilterStrategy,DonaldSimpson/remora-freqtrade,repos/DonaldSimpson_remora-freqtrade/examples/simple_risk_filter_strategy.py,corpus,590bf74986c5,a039f448c17bed72,,,,,,,,,,,,,NA,NA,,0,,,G0_measured,E0
slope_is_dopeCT,jaredrsommer/freqtradestrategies,repos/jaredrsommer_freqtradestrategies/slope_is_dopeCT.py,corpus,590bf74986c5,a039f448c17bed72,114,-3.07,0.2154,-58.53,707,3.69,0.2175,260.54,345.85,1.79,-1.0549,False,PASS,FOUND,drift_measured,0,,2228.6,G2_is_pos,E0
Slowbro,PeetCrypto/freqtrade-stuff,repos/PeetCrypto_freqtrade-stuff/Slowbro.py,corpus,590bf74986c5,a039f448c17bed72,21,-11.63,0.3226,-59.27,74,5.24,0.4581,38.78,348.67,4.84,-7.9453,False,NA,PASS,,0,,4387.05,G1_trades,E0
slownsteady,TheoBrigitte/freqtrade,repos/TheoBrigitte_freqtrade/strategies/slownsteady/slownsteady_v2.py,corpus,590bf74986c5,a039f448c17bed72,,,,,,,,,,,,,NA,NA,,0,,,G0_measured,E0
SlowPotato,davidzr/freqtrade-strategies,repos/davidzr_freqtrade-strategies/strategies/SlowPotato/SlowPotato.py,corpus,590bf74986c5,a039f448c17bed72,104,-4.76,0.03195,-58.23,,,,,,,,,PASS,FOUND,refused_no_warmup,0,,,G0_measured,E0
SMA_BBRSI,davidzr/freqtrade-strategies,repos/davidzr_freqtrade-strategies/strategies/SMA_BBRSI/SMA_BBRSI.py,corpus,590bf74986c5,a039f448c17bed72,102,0.12,0.6714,-59.05,604,0.14,0.3287,8.18,346.34,0.11,-0.1107,False,NA,FOUND,drift_measured,0,,12.0,G3_is_sig,E0
SMAIP3,davidzr/freqtrade-strategies,repos/davidzr_freqtrade-strategies/strategies/SMAIP3/SMAIP3.py,corpus,590bf74986c5,a039f448c17bed72,74,1.07,0.1503,-58.37,290,1.74,0.001549,50.4,346.34,1.16,0.4417,False,NA,PASS,,0,,125.8,G3_is_sig,E0
SMAIP3v2,PeetCrypto/freqtrade-stuff,repos/PeetCrypto_freqtrade-stuff/SMAIP3v2.py,corpus,590bf74986c5,a039f448c17bed72,95,1.28,1.814e-10,-59.05,376,0.89,3.174e-16,33.36,346.34,0.62,0.472,False,NA,PASS,,1,trailing tighter than the spread,5.0,G6_lookahead,E0
SMAOffset,PeetCrypto/freqtrade-stuff,repos/PeetCrypto_freqtrade-stuff/SMAOffset.py,corpus,590bf74986c5,a039f448c17bed72,483,0.1,0.6463,-58.37,1625,2.45,6.825e-06,398.09,346.34,0.86,0.4853,True,NA,FOUND,drift_measured,0,,140.8,G3_is_sig,E0
SMAOffset_Hippocritical_dca,TheoBrigitte/freqtrade,repos/TheoBrigitte_freqtrade/strategies/smas/SMAOffset_Hippocritical_dca.py,corpus,590bf74986c5,a039f448c17bed72,27,0.5,2.385e-10,-59.3,191,0.51,8.432e-17,9.72,346.34,1.68,,False,NA,FOUND,drift_measured,0,,5.8,G1_trades,E0
SMAOffset_Hippocritical_dca_leverage,TheoBrigitte/freqtrade,repos/TheoBrigitte_freqtrade/strategies/smas/dry-run/2025-01-29/SMAOffset_Hippocritical_dca_leverage.py,corpus,590bf74986c5,a039f448c17bed72,27,0.5,2.385e-10,-59.3,191,0.51,8.432e-17,9.72,346.34,1.68,,False,NA,FOUND,drift_measured,0,,5.8,G1_trades,E0
SMAOffset_Hippocritical_dca_old,TheoBrigitte/freqtrade,repos/TheoBrigitte_freqtrade/strategies/smas/SMAOffset_Hippocritical_dca_old.py,corpus,590bf74986c5,a039f448c17bed72,27,0.5,2.385e-10,-59.39,191,0.51,8.432e-17,9.72,346.34,1.68,,False,NA,FOUND,drift_measured,0,,5.8,G1_trades,E0
SMAOffset_Hippocritical_dca_protections,TheoBrigitte/freqtrade,repos/TheoBrigitte_freqtrade/strategies/smas/SMAOffset_Hippocritical_dca_protections.py,corpus,590bf74986c5,a039f448c17bed72,27,0.5,2.385e-10,-59.3,191,0.51,8.432e-17,9.72,346.34,1.68,,False,NA,FOUND,drift_measured,0,,5.8,G1_trades,E0
SMAOffsetProtectOpt,davidzr/freqtrade-strategies,repos/davidzr_freqtrade-strategies/strategies/SMAOffsetProtectOpt/SMAOffsetProtectOpt.py,corpus,590bf74986c5,a039f448c17bed72,20,0.63,0.4865,-59.05,161,4.4,4.681e-08,70.81,346.34,2.74,1.757,False,NA,FOUND,drift_measured,0,,23.8,G1_trades,E0
SMAOffsetProtectOptV0,PeetCrypto/freqtrade-stuff,repos/PeetCrypto_freqtrade-stuff/SMAOffsetProtectOptV0.py,corpus,590bf74986c5,a039f448c17bed72,33,0.42,0.3107,-58.37,220,1.65,0.0001304,36.35,346.34,1.16,0.5657,False,NA,FOUND,drift_measured,0,,9.8,G3_is_sig,E0
SMAOffsetProtectOptV1,Foxel05/freqtrade-stuff,repos/Foxel05_freqtrade-stuff/strategies/SMAOffsetProtectOptV1.py,corpus,590bf74986c5,a039f448c17bed72,22,-1.67,0.3603,-58.37,181,3.81,4.841e-06,69.04,346.34,2.42,1.3825,False,NA,FOUND,drift_measured,0,,22.4,G1_trades,E0
SMAOffsetProtectOptV1_kkeue_20210619,davidzr/freqtrade-strategies,repos/davidzr_freqtrade-strategies/strategies/SMAOffsetProtectOptV1_kkeue_20210619/SMAOffsetProtectOptV1_kkeue_20210619.py,corpus,590bf74986c5,a039f448c17bed72,27,1.43,0.0002127,-58.37,179,1.37,0.0002101,24.51,346.34,1.0,0.4712,False,NA,FOUND,drift_measured,0,,8.8,G1_trades,E0
SMAOffsetProtectOptV1HO1,PeetCrypto/freqtrade-stuff,repos/PeetCrypto_freqtrade-stuff/SMAOffsetProtectOptV1HO1 (1).py,corpus,590bf74986c5,a039f448c17bed72,219,0.26,0.05983,-58.37,1014,1.06,5.745e-19,107.02,346.34,0.58,,False,NA,FOUND,drift_measured,0,,5.4,G3_is_sig,E0
SMAOffsetProtectOptV1Mod,davidzr/freqtrade-strategies,repos/davidzr_freqtrade-strategies/strategies/SMAOffsetProtectOptV1Mod/SMAOffsetProtectOptV1Mod.py,corpus,590bf74986c5,a039f448c17bed72,25,1.25,0.002395,-58.37,177,1.39,0.0001898,24.66,346.34,1.01,0.4796,False,NA,FOUND,drift_measured,0,,9.2,G1_trades,E0
SMAOffsetProtectOptV1Mod2,PeetCrypto/freqtrade-stuff,repos/PeetCrypto_freqtrade-stuff/SMAOffsetProtectOptV1Mod2_antipump (1).py,corpus,590bf74986c5,a039f448c17bed72,27,1.43,0.0002127,-59.05,179,1.37,0.0002101,24.51,346.34,1.0,0.4712,False,NA,FOUND,drift_measured,0,,8.8,G1_trades,E0
SMAOffsetV2,PeetCrypto/freqtrade-stuff,repos/PeetCrypto_freqtrade-stuff/SMAOffsetV2 (1).py,corpus,590bf74986c5,a039f448c17bed72,187,0.54,0.07142,-59.05,607,2.74,3.202e-12,166.4,346.34,1.32,0.9487,False,NA,PASS,,0,,27.4,G3_is_sig,E0
SMAOG,Foxel05/freqtrade-stuff,repos/Foxel05_freqtrade-stuff/strategies/SMAOG.py,corpus,590bf74986c5,a039f448c17bed72,105,0.95,0.0001089,-59.23,433,0.89,2.809e-10,38.56,346.34,0.61,0.4205,False,NA,PASS,,0,,6.8,G6_lookahead,E0
SMAOPv1_TTF,PeetCrypto/freqtrade-stuff,repos/PeetCrypto_freqtrade-stuff/SMAOPv1_TTF.py,corpus,590bf74986c5,a039f448c17bed72,,,,,,,,,,,,,NA,NA,,0,,,G0_measured,E0
SmaRsiStrategy,DutchCryptoDad/FreqtradeBotStrategyDevelopmentForBeginners,repos/DutchCryptoDad_FreqtradeBotStrategyDevelopmentForBeginners/SmaRsiStrategy.py,corpus,590bf74986c5,a039f448c17bed72,85,4.3,0.2055,-51.38,490,7.38,0.09025,361.48,352.61,3.59,-0.5635,True,PASS,FOUND,drift_measured,0,,12.06,G3_is_sig,E0
SmartMoneyStrategy,mikedigriz/freqtrade-strategy-mikedigriz,repos/mikedigriz_freqtrade-strategy-mikedigriz/strategies/smart_money_strategy.py,corpus,590bf74986c5,a039f448c17bed72,23,-20.68,0.03823,-57.83,262,7.39,0.1117,193.69,343.26,3.65,-0.8477,False,PASS,FOUND,refused_no_warmup,0,,2858.03,G1_trades,E0
SmartMoneyStrategyHyperopt,mikedigriz/freqtrade-strategy-mikedigriz,repos/mikedigriz_freqtrade-strategy-mikedigriz/strategies/smart_money_strategy.py,corpus,590bf74986c5,a039f448c17bed72,,,,,,,,,,,,,PASS,FOUND,refused_no_warmup,0,,,G0_measured,E0
SmoothOperator,PeetCrypto/freqtrade-stuff,repos/PeetCrypto_freqtrade-stuff/SmoothOperator.py,corpus,590bf74986c5,a039f448c17bed72,4081,-0.21,2.971e-14,-58.23,13046,-0.07,8.761e-05,-96.66,346.34,-0.19,-0.2849,False,NA,PASS,,0,,128.8,G2_is_pos,E0
SmoothScalp,PeetCrypto/freqtrade-stuff,repos/PeetCrypto_freqtrade-stuff/SmoothScalp.py,corpus,590bf74986c5,a039f448c17bed72,8950,-0.1,1.502e-55,-55.54,17286,-0.06,8.174e-29,-96.57,347.94,-0.15,,False,NA,PASS,,0,,36.0,G2_is_pos,E0
Solipsis,PeetCrypto/freqtrade-stuff,repos/PeetCrypto_freqtrade-stuff/Solipsis-tradedbexp.py,corpus,590bf74986c5,a039f448c17bed72,,,,,,,,,,,,,NA,PASS,,0,,,G0_measured,E0
Solipsis3,PeetCrypto/freqtrade-stuff,repos/PeetCrypto_freqtrade-stuff/Solipsis-v3-fuck (1).py,corpus,590bf74986c5,a039f448c17bed72,,,,,,,,,,,,,NA,FOUND,drift_measured,0,,,G0_measured,E0
Solipsis4,PeetCrypto/freqtrade-stuff,repos/PeetCrypto_freqtrade-stuff/Solipsis_v4.py,corpus,590bf74986c5,a039f448c17bed72,,,,,,,,,,,,,NA,PASS,,0,,,G0_measured,E0
Solipsis5,PeetCrypto/freqtrade-stuff,repos/PeetCrypto_freqtrade-stuff/Solipsis-v2.5.py,corpus,590bf74986c5,a039f448c17bed72,,,,,,,,,,,,,NA,FOUND,drift_measured,0,,,G0_measured,E0
Solipsis6,PeetCrypto/freqtrade-stuff,repos/PeetCrypto_freqtrade-stuff/Solipsis-v2.6.py,corpus,590bf74986c5,a039f448c17bed72,,,,,,,,,,,,,NA,NA,,0,,,G0_measured,E0
SolipsisCon,PeetCrypto/freqtrade-stuff,repos/PeetCrypto_freqtrade-stuff/Solipsis-Con-v1.py,corpus,590bf74986c5,a039f448c17bed72,1959,-0.35,0.001797,-58.42,,,,,,,,,NA,FOUND,drift_measured,0,,,G0_measured,E0
SolipsisMM,PeetCrypto/freqtrade-stuff,repos/PeetCrypto_freqtrade-stuff/SolipsisMM.py,corpus,590bf74986c5,a039f448c17bed72,,,,,,,,,,,,,NA,NA,,0,,,G0_measured,E0
SqueezeMomentum,PeetCrypto/freqtrade-stuff,repos/PeetCrypto_freqtrade-stuff/SqueezeMomentum.py,corpus,590bf74986c5,a039f448c17bed72,,,,,,,,,,,,,NA,FOUND,drift_measured,0,,,G0_measured,E0
SqueezeMomentumStrategy,mlsys-io/PortfolioBench,repos/mlsys-io_PortfolioBench/strategy/SqueezeMomentumStrategy.py,corpus,590bf74986c5,a039f448c17bed72,11430,-0.08,4.985e-88,-58.37,11753,-0.08,1.333e-79,-96.57,346.34,-0.23,,False,PASS,FOUND,drift_measured,0,,8.8,G2_is_pos,E0
SRsi,davidzr/freqtrade-strategies,repos/davidzr_freqtrade-strategies/strategies/SRsi/SRsi.py,corpus,590bf74986c5,a039f448c17bed72,11981,-0.08,5.055e-125,-55.73,11787,-0.08,1.51e-80,-96.58,347.94,-0.23,,False,PASS,FOUND,drift_measured,0,,22.0,G2_is_pos,E0
StarRise,TheoBrigitte/freqtrade,repos/TheoBrigitte_freqtrade/strategies/starrise/StarRise.py,corpus,590bf74986c5,a039f448c17bed72,64,1.25,1.047e-19,-59.11,156,1.41,2.164e-43,22.01,346.34,1.03,,False,NA,FOUND,drift_measured,0,,2566.4,G6_lookahead,E0
StarRise_strat,TheoBrigitte/freqtrade,repos/TheoBrigitte_freqtrade/strategies/starrise/StarRise_V2.py,corpus,590bf74986c5,a039f448c17bed72,73,-0.1,0.8106,-59.11,182,0.05,0.8751,0.92,346.34,0.05,-0.5735,False,NA,FOUND,drift_measured,0,,58.6,G2_is_pos,E0
StarRise_strat3,TheoBrigitte/freqtrade,repos/TheoBrigitte_freqtrade/strategies/starrise/StarRise_V3.py,corpus,590bf74986c5,a039f448c17bed72,295,-0.15,0.588,-59.11,966,0.42,0.0338,40.14,346.34,0.29,0.0222,False,FOUND,FOUND,drift_measured,0,,152.8,G2_is_pos,E0
Stavix2,davidzr/freqtrade-strategies,repos/davidzr_freqtrade-strategies/strategies/Stavix2/Stavix2.py,corpus,590bf74986c5,a039f448c17bed72,,,,,,,,,,,,,NA,NA,,0,,,G0_measured,E0
Stinkfist,PeetCrypto/freqtrade-stuff,repos/PeetCrypto_freqtrade-stuff/Stinkfist.py,corpus,590bf74986c5,a039f448c17bed72,,,,,,,,,,,,,NA,NA,,0,,,G0_measured,E0
StochasticCciStrategy,mlsys-io/PortfolioBench,repos/mlsys-io_PortfolioBench/strategy/StochasticCciStrategy.py,corpus,590bf74986c5,a039f448c17bed72,243,-0.45,0.2302,-59.27,1082,-0.06,0.7332,-6.37,348.67,-0.03,-0.2025,False,PASS,PASS,,0,,23.8,G2_is_pos,E0
StochasticOversoldStrategy,mlsys-io/PortfolioBench,repos/mlsys-io_PortfolioBench/strategy/StochasticOversoldStrategy.py,corpus,590bf74986c5,a039f448c17bed72,8474,-0.11,1.953e-42,-58.41,15236,-0.06,4.817e-36,-96.59,346.34,-0.18,,False,PASS,FOUND,drift_measured,0,,22.0,G2_is_pos,E0
StochasticRsiStrategy,mlsys-io/PortfolioBench,repos/mlsys-io_PortfolioBench/strategy/StochasticRsiStrategy.py,corpus,590bf74986c5,a039f448c17bed72,10193,-0.09,1.2e-99,-58.37,14480,-0.07,4.929e-89,-96.57,346.34,-0.19,,False,PASS,FOUND,drift_measured,0,,10.0,G2_is_pos,E0
StochRSITEMA,PeetCrypto/freqtrade-stuff,repos/PeetCrypto_freqtrade-stuff/StochRSITEMA.py,corpus,590bf74986c5,a039f448c17bed72,1004,-0.23,1.51e-10,-58.48,3538,-0.2,6.446e-49,-71.49,346.34,-0.29,,False,NA,PASS,,0,,34.2,G2_is_pos,E0
stoploss,davidzr/freqtrade-strategies,repos/davidzr_freqtrade-strategies/strategies/stoploss/stoploss.py,corpus,590bf74986c5,a039f448c17bed72,3105,-0.25,8.058e-09,-58.37,9619,-0.1,1.498e-06,-96.76,346.34,-0.25,-0.3518,False,PASS,FOUND,drift_measured,0,,255.0,G2_is_pos,E0
Strategy,iterativv/NostalgiaForInfinity,repos/iterativv_NostalgiaForInfinity/tests/unit/test_data/input/Strategy.py,corpus,590bf74986c5,a039f448c17bed72,,,,,,,,,,,,,NA,NA,,0,,,G0_measured,E0
Strategy001,TheoBrigitte/freqtrade,repos/TheoBrigitte_freqtrade/strategies/freqtrade-strategies/Strategy001.py,corpus,590bf74986c5,a039f448c17bed72,3221,-0.27,7.549e-11,-58.23,10726,-0.09,0.0001431,-96.57,346.34,-0.22,-0.3334,False,PASS,FOUND,refused_no_warmup,0,,279.2,G2_is_pos,E0
Strategy001_custom_exit,TheoBrigitte/freqtrade,repos/TheoBrigitte_freqtrade/strategies/freqtrade-strategies/Strategy001_custom_exit.py,corpus,590bf74986c5,a039f448c17bed72,4190,-0.21,3.567e-14,-58.23,,,,,,,,,PASS,FOUND,refused_no_warmup,0,,,G0_measured,E0
Strategy001_custom_sell,davidzr/freqtrade-strategies,repos/davidzr_freqtrade-strategies/strategies/Strategy001_custom_sell/Strategy001_custom_sell.py,corpus,590bf74986c5,a039f448c17bed72,4190,-0.21,3.567e-14,-58.23,13520,-0.07,9.014e-06,-96.76,346.34,-0.18,-0.2595,False,PASS,FOUND,refused_no_warmup,0,,181.6,G2_is_pos,E0
Strategy002,TheoBrigitte/freqtrade,repos/TheoBrigitte_freqtrade/strategies/freqtrade-strategies/Strategy002.py,corpus,590bf74986c5,a039f448c17bed72,277,-0.56,0.02391,-58.23,1016,-0.39,0.0003699,-39.97,346.34,-0.39,-0.6047,False,PASS,FOUND,refused_no_warmup,0,,245.4,G2_is_pos,E0
Strategy003,TheoBrigitte/freqtrade,repos/TheoBrigitte_freqtrade/strategies/freqtrade-strategies/Strategy003.py,corpus,590bf74986c5,a039f448c17bed72,768,-0.3,0.02293,-58.23,2730,-0.19,0.0003887,-51.76,346.34,-0.2,-0.3105,False,PASS,FOUND,refused_no_warmup,0,,221.8,G2_is_pos,E0
Strategy004,TheoBrigitte/freqtrade,repos/TheoBrigitte_freqtrade/strategies/freqtrade-strategies/Strategy004.py,corpus,590bf74986c5,a039f448c17bed72,1375,-0.19,0.04277,-58.23,4701,-0.1,0.07656,-45.03,346.34,-0.08,-0.1685,False,PASS,FOUND,refused_no_warmup,0,,166.8,G2_is_pos,E0
Strategy005,TheoBrigitte/freqtrade,repos/TheoBrigitte_freqtrade/strategies/freqtrade-strategies/Strategy005.py,corpus,590bf74986c5,a039f448c17bed72,1172,-0.54,5.728e-06,-58.23,4425,-0.19,0.000469,-83.48,346.34,-0.28,-0.4369,False,PASS,FOUND,refused_no_warmup,0,,459.2,G2_is_pos,E0
STRATEGY_RSI_BB_BOUNDS_CROSS,davidzr/freqtrade-strategies,repos/davidzr_freqtrade-strategies/strategies/STRATEGY_RSI_BB_BOUNDS_CROSS/STRATEGY_RSI_BB_BOUNDS_CROSS.py,corpus,590bf74986c5,a039f448c17bed72,1762,-0.15,3.643e-18,-58.41,5435,-0.14,2.738e-113,-74.5,346.34,-0.2,,False,PASS,FOUND,drift_measured,0,,2.4,G2_is_pos,E0
STRATEGY_RSI_BB_CROSS,davidzr/freqtrade-strategies,repos/davidzr_freqtrade-strategies/strategies/STRATEGY_RSI_BB_CROSS/STRATEGY_RSI_BB_CROSS.py,corpus,590bf74986c5,a039f448c17bed72,4897,-0.15,2.992e-09,-58.41,11930,-0.08,7.013e-12,-96.66,346.34,-0.22,-0.2829,False,PASS,FOUND,drift_measured,0,,92.0,G2_is_pos,E0
StrategyAnalysis,ShahAnuj2610/my-freqtrade,repos/ShahAnuj2610_my-freqtrade/user_data/strategies/StrategyAnalysis.py,corpus,590bf74986c5,a039f448c17bed72,,,,,,,,,,,,,NA,NA,,0,,,G0_measured,E0
StrategyScalpingFast,davidzr/freqtrade-strategies,repos/davidzr_freqtrade-strategies/strategies/StrategyScalpingFast/StrategyScalpingFast.py,corpus,590bf74986c5,a039f448c17bed72,1002,-0.61,0.01405,-55.53,3828,-0.07,0.8168,-24.97,347.94,0.12,-0.8953,False,PASS,FOUND,drift_measured,0,,5540.0,G2_is_pos,E0
StrategyScalpingFast2,davidzr/freqtrade-strategies,repos/davidzr_freqtrade-strategies/strategies/StrategyScalpingFast2/StrategyScalpingFast2.py,corpus,590bf74986c5,a039f448c17bed72,2832,-0.3,3.401e-05,-55.54,,,,,,,,,PASS,FOUND,refused_no_warmup,0,,,G0_measured,E0
StrategyTestV2,markdregan/FreqAI-Marcos-Lopez-De-Prado,repos/markdregan_FreqAI-Marcos-Lopez-De-Prado/tests/strategy/strats/strategy_test_v2.py,corpus,590bf74986c5,a039f448c17bed72,6303,-0.12,7.396e-12,-58.41,19767,-0.05,0.0004201,-96.59,346.34,-0.12,-0.1867,False,PASS,FOUND,drift_measured,0,,75.6,G2_is_pos,E0
StrategyTestV3,markdregan/FreqAI-Marcos-Lopez-De-Prado,repos/markdregan_FreqAI-Marcos-Lopez-De-Prado/tests/strategy/strats/strategy_test_v3.py,corpus,590bf74986c5,a039f448c17bed72,9893,-0.09,4.566e-38,-58.41,23422,-0.04,5.678e-09,-96.78,346.34,-0.11,-0.147,False,PASS,FOUND,drift_measured,0,,8.4,G2_is_pos,E0
stratfib,davidzr/freqtrade-strategies,repos/davidzr_freqtrade-strategies/strategies/stratfib/stratfib.py,corpus,590bf74986c5,a039f448c17bed72,6,1.24,1.379e-13,-59.27,4,1.45,0.006218,0.58,348.67,1.17,0.3319,False,NA,FOUND,drift_measured,0,,17.75,G1_trades,E0
strato,davidzr/freqtrade-strategies,repos/davidzr_freqtrade-strategies/strategies/strato/strato.py,corpus,590bf74986c5,a039f448c17bed72,12251,-0.08,1.94e-113,-55.53,12158,-0.08,1.372e-91,-96.59,347.94,-0.22,,False,PASS,FOUND,drift_measured,0,,23.0,G2_is_pos,E0
SuperHV27,PeetCrypto/freqtrade-stuff,repos/PeetCrypto_freqtrade-stuff/SuperHV27.py,corpus,590bf74986c5,a039f448c17bed72,,,,,,,,,,,,,NA,PASS,,0,,,G0_measured,E0
SuperTrend,PeetCrypto/freqtrade-stuff,repos/PeetCrypto_freqtrade-stuff/SuperTrend (1).py,corpus,590bf74986c5,a039f448c17bed72,2353,-0.25,7.729e-18,-55.55,,,,,,,,,NA,FOUND,drift_measured,0,,,G0_measured,E0
Supertrend,PeetCrypto/freqtrade-stuff,repos/PeetCrypto_freqtrade-stuff/Supertrend.py,corpus,590bf74986c5,a039f448c17bed72,,,,,,,,,,,,,NA,PASS,,0,,,G0_measured,E0
SuperTrendPure,PeetCrypto/freqtrade-stuff,repos/PeetCrypto_freqtrade-stuff/SuperTrendPure.py,corpus,590bf74986c5,a039f448c17bed72,,,,,,,,,,,,,NA,PASS,,0,,,G0_measured,E0
SupertrendStrategy,PeetCrypto/freqtrade-stuff,repos/PeetCrypto_freqtrade-stuff/SupertrendStrategy.py,corpus,590bf74986c5,a039f448c17bed72,718,1.15,0.02502,-59.54,3102,1.7,0.1334,527.28,348.67,0.7,-0.2142,True,NA,FOUND,drift_measured,0,,58.28,G5_os_sig,E0
SwingHigh,PeetCrypto/freqtrade-stuff,repos/PeetCrypto_freqtrade-stuff/SwingHigh.py,corpus,590bf74986c5,a039f448c17bed72,,,,,,,,,,,,,NA,NA,,0,,,G0_measured,E0
SwingHighToSky,PeetCrypto/freqtrade-stuff,repos/PeetCrypto_freqtrade-stuff/SwingHighToSky.py,corpus,590bf74986c5,a039f448c17bed72,1303,-0.6,8.978e-06,-58.11,4802,-0.15,0.0944,-72.82,345.85,-0.12,-0.2606,False,NA,PASS,,0,,213.33,G2_is_pos,E0
tacos,jaredrsommer/freqtradestrategies,repos/jaredrsommer_freqtradestrategies/tacos.py,corpus,590bf74986c5,a039f448c17bed72,198,-1.26,0.3464,-45.75,683,-0.93,0.3352,-63.71,352.61,-0.57,-1.7293,False,PASS,FOUND,drift_measured,0,,14.87,G2_is_pos,E0
tacos1,jaredrsommer/freqtradestrategies,repos/jaredrsommer_freqtradestrategies/tacos1.py,corpus,590bf74986c5,a039f448c17bed72,,,,,,,,,,,,,NA,FOUND,refused_no_warmup,0,,,G0_measured,E0
Tank1Modulus,TheoBrigitte/freqtrade,repos/TheoBrigitte_freqtrade/strategies/tank/Tank1Modulus.py,corpus,590bf74986c5,a039f448c17bed72,94,-1.73,0.1719,-54.03,506,0.4,0.351,20.16,348.67,0.61,-0.6719,False,FOUND,FOUND,drift_measured,0,,657.73,G2_is_pos,E0
Tank5ModulusDCA,TheoBrigitte/freqtrade,repos/TheoBrigitte_freqtrade/strategies/tank/Tank5ModulusDCA.py,corpus,590bf74986c5,a039f448c17bed72,,,,,,,,,,,,,FOUND,FOUND,drift_measured,0,,,G0_measured,E0
Tank5ModulusDCAV3,TheoBrigitte/freqtrade,repos/TheoBrigitte_freqtrade/strategies/tank/Tank5ModulusDCAV3.py,corpus,590bf74986c5,a039f448c17bed72,,,,,,,,,,,,,FOUND,FOUND,drift_measured,0,,,G0_measured,E0
TankAi,jaredrsommer/freqtradestrategies,repos/jaredrsommer_freqtradestrategies/TankAi.py,corpus,590bf74986c5,a039f448c17bed72,,,,,,,,,,,,,NA,NA,,0,,,G0_measured,E0
TankAiRevival,jaredrsommer/freqtradestrategies,repos/jaredrsommer_freqtradestrategies/TankAiRevival.py,corpus,590bf74986c5,a039f448c17bed72,,,,,,,,,,,,,NA,NA,,0,,,G0_measured,E0
tbtest,PeetCrypto/freqtrade-stuff,repos/PeetCrypto_freqtrade-stuff/tbedit (2).py,corpus,590bf74986c5,a039f448c17bed72,1164,0.04,0.7794,-58.23,3720,0.26,0.1192,94.87,346.34,0.2,-0.0516,False,NA,PASS,,0,,101.0,G3_is_sig,E0
TD,jaredrsommer/freqtradestrategies,repos/jaredrsommer_freqtradestrategies/TD.py,corpus,590bf74986c5,a039f448c17bed72,,,,,,,,,,,,,NA,FOUND,refused_no_warmup,0,,,G0_measured,E0
TDSequentialStrategy,PeetCrypto/freqtrade-stuff,repos/PeetCrypto_freqtrade-stuff/TDSequentialStrategy.py,corpus,590bf74986c5,a039f448c17bed72,1017,-0.62,2.41e-07,-59.27,3570,-0.24,4.076e-05,-87.44,348.67,-0.42,-0.6206,False,NA,PASS,,0,,35.03,G2_is_pos,E0
TechnicalExampleStrategy,PeetCrypto/freqtrade-stuff,repos/PeetCrypto_freqtrade-stuff/TechnicalExampleStrategy.py,corpus,590bf74986c5,a039f448c17bed72,10860,-0.09,1.173e-69,-58.23,13570,-0.07,1.732e-55,-96.57,346.34,-0.2,,False,NA,PASS,,0,,8.2,G2_is_pos,E0
TEMA,PeetCrypto/freqtrade-stuff,repos/PeetCrypto_freqtrade-stuff/TEMA.py,corpus,590bf74986c5,a039f448c17bed72,12845,-0.08,6.579e-141,-55.55,12313,-0.08,3.804e-110,-96.57,347.94,-0.22,,False,NA,FOUND,drift_measured,0,,18.0,G2_is_pos,E0
TemaMaster,davidzr/freqtrade-strategies,repos/davidzr_freqtrade-strategies/strategies/TemaMaster/TemaMaster.py,corpus,590bf74986c5,a039f448c17bed72,1417,-0.44,0.003677,-58.23,5077,-0.15,0.4405,-75.56,346.34,-0.06,-0.2125,False,PASS,FOUND,refused_no_warmup,0,,821.6,G2_is_pos,E0
TemaMaster3,davidzr/freqtrade-strategies,repos/davidzr_freqtrade-strategies/strategies/TemaMaster3/TemaMaster3.py,corpus,590bf74986c5,a039f448c17bed72,1596,-0.33,0.0125,-55.54,4462,-0.11,0.676,-47.23,347.94,0.06,-0.2214,False,PASS,FOUND,refused_no_warmup,0,,4781.0,G2_is_pos,E0
TemaPure,davidzr/freqtrade-strategies,repos/davidzr_freqtrade-strategies/strategies/TemaPure/TemaPure.py,corpus,590bf74986c5,a039f448c17bed72,2043,-0.28,0.001123,-58.23,7608,-0.11,0.1146,-85.52,346.34,-0.15,-0.3363,False,PASS,FOUND,refused_no_warmup,0,,393.6,G2_is_pos,E0
TemaPureNeat,davidzr/freqtrade-strategies,repos/davidzr_freqtrade-strategies/strategies/TemaPureNeat/TemaPureNeat.py,corpus,590bf74986c5,a039f448c17bed72,2806,-0.19,0.02368,-58.23,9596,-0.09,0.07608,-90.19,346.34,-0.15,-0.3157,False,PASS,FOUND,refused_no_warmup,0,,308.8,G2_is_pos,E0
TemaPureTwo,davidzr/freqtrade-strategies,repos/davidzr_freqtrade-strategies/strategies/TemaPureTwo/TemaPureTwo.py,corpus,590bf74986c5,a039f448c17bed72,2657,-0.18,0.01951,-58.23,9726,-0.09,0.2969,-84.12,346.34,-0.11,-0.3167,False,PASS,FOUND,refused_no_warmup,0,,319.8,G2_is_pos,E0
TemaStrategy,mlsys-io/PortfolioBench,repos/mlsys-io_PortfolioBench/strategy/TemaStrategy.py,corpus,590bf74986c5,a039f448c17bed72,4349,-0.1,4.566e-09,-58.3,13744,-0.07,8.658e-28,-96.57,346.34,-0.2,,False,PASS,FOUND,drift_measured,0,,17.8,G2_is_pos,E0
TenderEnter,davidzr/freqtrade-strategies,repos/davidzr_freqtrade-strategies/strategies/TenderEnter/TenderEnter.py,corpus,590bf74986c5,a039f448c17bed72,853,-0.63,0.002063,-59.4,3174,0.1,0.6234,31.55,345.85,0.17,-0.5086,False,PASS,PASS,,0,,121.0,G2_is_pos,E0
tesla4,MMR-19/freqtrade-strategies,repos/MMR-19_freqtrade-strategies/strategies/Tesla4.py,corpus,590bf74986c5,a039f448c17bed72,3,-0.27,0.8322,-59.05,,,,,,,,,NA,FOUND,drift_measured,1,trailing tighter than the spread,,G0_measured,E0
tesla7,MMR-19/freqtrade-strategies,repos/MMR-19_freqtrade-strategies/strategies/Tesla7.py,corpus,590bf74986c5,a039f448c17bed72,4,2.21,0.005171,-59.05,,,,,,,,,NA,FOUND,drift_measured,1,trailing tighter than the spread,,G0_measured,E0
Test_MAMA4,PeetCrypto/freqtrade-stuff,repos/PeetCrypto_freqtrade-stuff/Test_MAMA4.py,corpus,590bf74986c5,a039f448c17bed72,,,,,,,,,,,,,NA,PASS,,0,,,G0_measured,E0
TestStrategyLegacyV1,markdregan/FreqAI-Marcos-Lopez-De-Prado,repos/markdregan_FreqAI-Marcos-Lopez-De-Prado/tests/strategy/strats/broken_strats/legacy_strategy_v1.py,corpus,590bf74986c5,a039f448c17bed72,,,,,,,,,,,,,NA,NA,,0,,,G0_measured,E0
TestStrategyNoImplements,markdregan/FreqAI-Marcos-Lopez-De-Prado,repos/markdregan_FreqAI-Marcos-Lopez-De-Prado/tests/strategy/strats/broken_strats/broken_futures_strategies.py,corpus,590bf74986c5,a039f448c17bed72,,,,,,,,,,,,,NA,NA,,0,,,G0_measured,E0
TGMA,jaredrsommer/freqtradestrategies,repos/jaredrsommer_freqtradestrategies/TGMA.py,corpus,590bf74986c5,a039f448c17bed72,1766,-0.24,2.334e-08,-59.31,6907,-0.14,2.536e-19,-94.09,348.67,-0.33,,False,NA,NA,,0,,4.18,G2_is_pos,E0
TheForce,PeetCrypto/freqtrade-stuff,repos/PeetCrypto_freqtrade-stuff/TheForce.py,corpus,590bf74986c5,a039f448c17bed72,11971,-0.08,3.222e-116,-58.53,12117,-0.08,3.398e-112,-96.57,345.85,-0.22,,False,NA,FOUND,drift_measured,0,,2.8,G2_is_pos,E0
TheRealPullbackV2,PeetCrypto/freqtrade-stuff,repos/PeetCrypto_freqtrade-stuff/TheRealPullbackV2.py,corpus,590bf74986c5,a039f448c17bed72,229,0.47,0.05565,-59.05,689,0.97,0.0002219,67.0,346.34,0.63,0.2956,False,NA,PASS,,0,,17.0,G3_is_sig,E0
thetank2,jaredrsommer/freqtradestrategies,repos/jaredrsommer_freqtradestrategies/battletank.py,corpus,590bf74986c5,a039f448c17bed72,,,,,,,,,,,,,NA,NA,,0,,,G0_measured,E0
thetank3,jaredrsommer/freqtradestrategies,repos/jaredrsommer_freqtradestrategies/thetank3.py,corpus,590bf74986c5,a039f448c17bed72,1946,-0.4,7.031e-05,-58.53,6674,-0.14,0.05311,-94.14,345.85,-0.22,-0.443,False,PASS,FOUND,drift_measured,0,,199.4,G2_is_pos,E0
thetank4TV,jaredrsommer/freqtradestrategies,repos/jaredrsommer_freqtradestrategies/thetank4TV.py,corpus,590bf74986c5,a039f448c17bed72,549,-0.93,4.538e-08,-58.53,2474,-0.28,7.265e-06,-69.56,345.85,-0.36,-0.5173,False,PASS,FOUND,drift_measured,0,,153.87,G2_is_pos,E0
ThreeCommasStrategy,PeetCrypto/freqtrade-stuff,repos/PeetCrypto_freqtrade-stuff/ThreeCommasStrategy.py,corpus,590bf74986c5,a039f448c17bed72,,,,,,,,,,,,,NA,PASS,,0,,,G0_measured,E0
ToTheMoon,TheoBrigitte/freqtrade,repos/TheoBrigitte_freqtrade/strategies/moon/ToTheMoon.py,corpus,590bf74986c5,a039f448c17bed72,,,,,,,,,,,,,NA,NA,,0,,,G0_measured,E0
TouchEmaDelayStrategy,flaviosiotto/freqtrade-strategy,repos/flaviosiotto_freqtrade-strategy/user_data/strategies/touchemadelay-strategy.py,corpus,590bf74986c5,a039f448c17bed72,474,-0.85,4.91e-08,-55.61,1857,-0.32,3.666e-08,-58.9,347.44,-0.38,-0.5153,False,PASS,FOUND,refused_no_warmup,0,,248.67,G2_is_pos,E0
TouchEmaStrategy,flaviosiotto/freqtrade-strategy,repos/flaviosiotto_freqtrade-strategy/user_data/strategies/touchema-strategy.py,corpus,590bf74986c5,a039f448c17bed72,1072,-0.61,1.399e-05,-58.23,4121,-0.19,0.0004046,-76.83,346.34,-0.24,-0.373,False,PASS,FOUND,refused_no_warmup,0,,366.2,G2_is_pos,E0
TrainCatBoostStrategy,PeetCrypto/freqtrade-stuff,repos/PeetCrypto_freqtrade-stuff/TrainCatBoostStrategy.py,corpus,590bf74986c5,a039f448c17bed72,,,,,,,,,,,,,NA,PASS,,0,,,G0_measured,E0
Trend_Strength_Directional,davidzr/freqtrade-strategies,repos/davidzr_freqtrade-strategies/strategies/Trend_Strength_Directional/Trend_Strength_Directional.py,corpus,590bf74986c5,a039f448c17bed72,1624,-0.42,0.003714,-58.11,6060,-0.02,0.9564,-9.26,345.85,0.17,-5.9246,False,PASS,FOUND,refused_no_warmup,0,,261.0,G2_is_pos,E0
TrendAtrStrategy,mlsys-io/PortfolioBench,repos/mlsys-io_PortfolioBench/strategy/TrendAtrStrategy.py,corpus,590bf74986c5,a039f448c17bed72,613,0.25,0.2945,-53.45,2454,-0.07,0.5518,-17.47,340.8,-0.04,-0.1718,False,PASS,FOUND,drift_measured,0,,5.45,G3_is_sig,E0
TrendFollowingStrategy,TheoBrigitte/freqtrade,repos/TheoBrigitte_freqtrade/strategies/trendfollowing/TrendFollowingStrategy.py,corpus,590bf74986c5,a039f448c17bed72,,,,,,,,,,,,,NA,NA,,0,,,G0_measured,E0
TrendRiderStrategy,freqtrade/freqtrade-strategies,repos/freqtrade_freqtrade-strategies/user_data/strategies/TrendRiderStrategy.py,corpus,590bf74986c5,a039f448c17bed72,2008,-0.26,5.209e-14,-55.02,7937,-0.12,1.481e-28,-96.59,348.67,-0.34,,False,PASS,FOUND,drift_measured,0,,5.13,G2_is_pos,E0
TripleEmaStrategy,mlsys-io/PortfolioBench,repos/mlsys-io_PortfolioBench/strategy/TripleEmaStrategy.py,corpus,590bf74986c5,a039f448c17bed72,4621,-0.13,2.021e-22,-58.37,13049,-0.07,1.314e-37,-96.57,346.34,-0.21,,False,PASS,FOUND,drift_measured,0,,15.0,G2_is_pos,E0
TRIWAVE,TheoBrigitte/freqtrade,repos/TheoBrigitte_freqtrade/strategies/wave/TRIWAVE.py,corpus,590bf74986c5,a039f448c17bed72,730,-1.11,4.887e-07,-58.53,2894,-0.27,0.06018,-77.47,345.85,-0.24,-0.4903,False,PASS,FOUND,drift_measured,0,,349.67,G2_is_pos,E0
TrixSignalStrategy,mlsys-io/PortfolioBench,repos/mlsys-io_PortfolioBench/strategy/TrixSignalStrategy.py,corpus,590bf74986c5,a039f448c17bed72,5071,-0.14,1.095e-24,-58.37,12814,-0.08,4.91e-24,-96.57,346.34,-0.21,,False,PASS,FOUND,drift_measured,0,,28.0,G2_is_pos,E0
TrixStrategy,PeetCrypto/freqtrade-stuff,repos/PeetCrypto_freqtrade-stuff/TrixStrategy.py,corpus,590bf74986c5,a039f448c17bed72,2770,0.7,0.0003718,-59.13,10784,0.13,0.5867,141.71,348.67,0.11,-0.2866,False,NA,PASS,,0,,17.87,G5_os_sig,E0
TrixV15Strategy,PeetCrypto/freqtrade-stuff,repos/PeetCrypto_freqtrade-stuff/TrixV15Strategy.py,corpus,590bf74986c5,a039f448c17bed72,316,-1.15,0.03201,-59.12,1128,-0.31,0.2411,-35.47,348.67,-0.23,-0.6146,False,NA,PASS,,0,,111.77,G2_is_pos,E0
TrixV21Strategy,PeetCrypto/freqtrade-stuff,repos/PeetCrypto_freqtrade-stuff/TrixV21Strategy.py,corpus,590bf74986c5,a039f448c17bed72,227,-0.24,0.4779,-54.8,925,-0.23,0.172,-21.67,348.67,-0.2,-0.487,False,NA,FOUND,drift_measured,0,,24.8,G2_is_pos,E0
TrixV23Strategy,PeetCrypto/freqtrade-stuff,repos/PeetCrypto_freqtrade-stuff/TrixV23Strategy (1).py,corpus,590bf74986c5,a039f448c17bed72,265,-0.39,0.1876,-54.03,1040,-0.17,0.2774,-17.19,348.67,-0.13,-0.3646,False,NA,FOUND,drift_measured,0,,22.03,G2_is_pos,E0
true_lambo,PeetCrypto/freqtrade-stuff,repos/PeetCrypto_freqtrade-stuff/true_lambo (1).py,corpus,590bf74986c5,a039f448c17bed72,267,0.06,0.8104,-59.23,927,0.81,2.969e-05,74.67,346.34,0.5,0.2653,False,NA,FOUND,drift_measured,0,,28.2,G3_is_sig,E0
tsp0chicken,jaredrsommer/freqtradestrategies,repos/jaredrsommer_freqtradestrategies/tsp0chicken.py,corpus,590bf74986c5,a039f448c17bed72,,,,,,,,,,,,,NA,PASS,,0,,,G0_measured,E0
TSPredict,jaredrsommer/freqtradestrategies,repos/jaredrsommer_freqtradestrategies/TSPredict.py,corpus,590bf74986c5,a039f448c17bed72,,,,,,,,,,,,,NA,PASS,,0,,,G0_measured,E0
TuplaBollinger,PeetCrypto/freqtrade-stuff,repos/PeetCrypto_freqtrade-stuff/TuplaBollinger.py,corpus,590bf74986c5,a039f448c17bed72,,,,,,,,,,,,,NA,PASS,,0,,,G0_measured,E0
turbov8,jaredrsommer/freqtradestrategies,repos/jaredrsommer_freqtradestrategies/turbov8.py,corpus,590bf74986c5,a039f448c17bed72,,,,,,,,,,,,,NA,FOUND,drift_measured,0,,,G0_measured,E0
TWAPStrategy,freqtrade/freqtrade-strategies,repos/freqtrade_freqtrade-strategies/user_data/strategies/TWAPStrategy.py,corpus,590bf74986c5,a039f448c17bed72,,,,,,,,,,,,,NA,NA,,0,,,G0_measured,E0
twinturboV8,TheoBrigitte/freqtrade,repos/TheoBrigitte_freqtrade/strategies/twinturbov8/twinturboV8.py,corpus,590bf74986c5,a039f448c17bed72,24,1.5,0.2921,-58.3,107,1.19,0.1452,12.69,346.34,0.93,-0.3213,False,NA,FOUND,drift_measured,0,,162.0,G1_trades,E0
twinturboV8_2,TheoBrigitte/freqtrade,repos/TheoBrigitte_freqtrade/strategies/twinturbov8/twinturboV8_2.py,corpus,590bf74986c5,a039f448c17bed72,23,-0.06,0.9665,-58.3,96,1.02,0.2505,9.84,346.34,0.81,-0.5716,False,NA,FOUND,drift_measured,0,,130.0,G1_trades,E0
TwoCandle,jaredrsommer/freqtradestrategies,repos/jaredrsommer_freqtradestrategies/TwoCandle.py,corpus,590bf74986c5,a039f448c17bed72,8368,-0.12,2.72e-38,-58.4,10567,-0.09,8.332e-31,-96.6,348.67,-0.25,,False,PASS,FOUND,refused_no_warmup,0,,3.88,G2_is_pos,E0
TwoCandleTheory,jaredrsommer/freqtradestrategies,repos/jaredrsommer_freqtradestrategies/TwoCandleTheory (2).py,corpus,590bf74986c5,a039f448c17bed72,,,,,,,,,,,,,NA,PASS,,0,,,G0_measured,E0
UltimateMomentumIndicator,PeetCrypto/freqtrade-stuff,repos/PeetCrypto_freqtrade-stuff/UltimateMomentumIndicator.py,corpus,590bf74986c5,a039f448c17bed72,1765,-0.39,0.0002804,-58.37,6382,-0.01,0.9665,-8.43,346.34,0.14,-6.3936,False,NA,PASS,,0,,701.6,G2_is_pos,E0
ultratank,jaredrsommer/freqtradestrategies,repos/jaredrsommer_freqtradestrategies/ultratank (copy).py,corpus,590bf74986c5,a039f448c17bed72,685,-0.98,0.0002407,-59.27,2391,-0.33,0.06706,-79.38,348.67,-0.35,-0.7246,False,PASS,FOUND,drift_measured,0,,109.62,G2_is_pos,E0
UniversalMACD,TheoBrigitte/freqtrade,repos/TheoBrigitte_freqtrade/strategies/freqtrade-strategies/UniversalMACD.py,corpus,590bf74986c5,a039f448c17bed72,516,0.07,0.8152,-58.37,1574,1.02,0.001483,159.94,346.34,0.56,0.2146,False,PASS,FOUND,drift_measured,0,,256.0,G3_is_sig,E0
UpSliceStrategy,PeetCrypto/freqtrade-stuff,repos/PeetCrypto_freqtrade-stuff/UpSliceStrategy.py,corpus,590bf74986c5,a039f448c17bed72,,,,,,,,,,,,,NA,PASS,,0,,,G0_measured,E0
Uptrend,PeetCrypto/freqtrade-stuff,repos/PeetCrypto_freqtrade-stuff/Uptrend.py,corpus,590bf74986c5,a039f448c17bed72,74,-0.86,0.06664,-58.37,397,-1.02,7.663e-08,-40.55,346.34,-1.04,-1.4192,False,NA,FOUND,drift_measured,0,,5.6,G2_is_pos,E0
UziChan,PeetCrypto/freqtrade-stuff,repos/PeetCrypto_freqtrade-stuff/UziChan.py,corpus,590bf74986c5,a039f448c17bed72,10667,-0.09,7.214e-69,-58.23,14372,-0.07,6.479e-47,-96.6,346.34,-0.19,,False,FOUND,PASS,,0,,12.0,G2_is_pos,E0
UziChan2,PeetCrypto/freqtrade-stuff,repos/PeetCrypto_freqtrade-stuff/UziChan2 (1).py,corpus,590bf74986c5,a039f448c17bed72,11400,-0.08,4.577e-226,-55.54,12961,-0.07,6.08e-120,-96.57,347.94,-0.21,,False,FOUND,PASS,,0,,16.0,G2_is_pos,E0
ViN,PeetCrypto/freqtrade-stuff,repos/PeetCrypto_freqtrade-stuff/vin.py,corpus,590bf74986c5,a039f448c17bed72,,,,,,,,,,,,,NA,PASS,,0,,,G0_measured,E0
VolatilitySystem,TheoBrigitte/freqtrade,repos/TheoBrigitte_freqtrade/strategies/volatility/VolatilitySystem.py,corpus,590bf74986c5,a039f448c17bed72,156,3.6,0.08096,-58.4,518,14.06,0.04625,728.15,348.67,4.15,0.0689,True,PASS,FOUND,refused_no_warmup,0,,374.9,G3_is_sig,E0
VolatilitySystemV2,TheoBrigitte/freqtrade,repos/TheoBrigitte_freqtrade/strategies/volatility/VolatilitySystemV2.py,corpus,590bf74986c5,a039f448c17bed72,,,,,,,,,,,,,NA,NA,,0,,,G0_measured,E0
VolumeBreakoutStrategy,mlsys-io/PortfolioBench,repos/mlsys-io_PortfolioBench/strategy/VolumeBreakoutStrategy.py,corpus,590bf74986c5,a039f448c17bed72,7556,-0.12,9.619e-37,-58.48,9008,-0.11,9.159e-39,-96.59,346.34,-0.3,,False,PASS,FOUND,drift_measured,0,,33.6,G2_is_pos,E0
VortexStrategy,mlsys-io/PortfolioBench,repos/mlsys-io_PortfolioBench/strategy/VortexStrategy.py,corpus,590bf74986c5,a039f448c17bed72,15221,-0.06,1.411e-70,-58.41,14566,-0.07,3.092e-60,-96.57,346.34,-0.19,,False,PASS,FOUND,drift_measured,0,,9.6,G2_is_pos,E0
VWAP,PeetCrypto/freqtrade-stuff,repos/PeetCrypto_freqtrade-stuff/VWAP.py,corpus,590bf74986c5,a039f448c17bed72,200,1.48,0.0001053,-58.23,786,0.99,0.002752,78.13,346.34,0.62,0.2141,False,NA,PASS,,0,,74.8,G6_lookahead,E0
VwapReversionStrategy,mlsys-io/PortfolioBench,repos/mlsys-io_PortfolioBench/strategy/VwapReversionStrategy.py,corpus,590bf74986c5,a039f448c17bed72,8047,-0.12,5.262e-22,-58.52,14269,-0.07,2.884e-09,-96.61,346.34,-0.18,-0.2394,False,PASS,FOUND,drift_measured,0,,100.0,G2_is_pos,E0
wavetrend,jaredrsommer/freqtradestrategies,repos/jaredrsommer_freqtradestrategies/wavetrend.py,corpus,590bf74986c5,a039f448c17bed72,963,-0.52,0.01773,-59.27,3728,0.0,0.9923,0.65,348.67,1.08,-218.2623,False,PASS,FOUND,drift_measured,0,,96.28,G2_is_pos,E0
wavetrend_rsi,jaredrsommer/freqtradestrategies,repos/jaredrsommer_freqtradestrategies/wavetrend_rsi.py,corpus,590bf74986c5,a039f448c17bed72,1196,-0.16,0.0001369,-59.27,4044,-0.07,0.001212,-28.75,348.67,-0.35,-0.562,False,PASS,FOUND,drift_measured,0,,71.93,G2_is_pos,E0
WaveTrendStra,PeetCrypto/freqtrade-stuff,repos/PeetCrypto_freqtrade-stuff/WaveTrendStra.py,corpus,590bf74986c5,a039f448c17bed72,1885,0.23,0.1435,-57.43,7371,0.08,0.6671,57.64,340.8,0.11,-0.3912,False,NA,PASS,,0,,6.72,G3_is_sig,E0
WilliamsRStrategy,mlsys-io/PortfolioBench,repos/mlsys-io_PortfolioBench/strategy/WilliamsRStrategy.py,corpus,590bf74986c5,a039f448c17bed72,11547,-0.08,2.324e-69,-58.41,15377,-0.06,3.559e-53,-96.58,346.34,-0.17,,False,PASS,FOUND,drift_measured,0,,15.2,G2_is_pos,E0
WTAI,jaredrsommer/freqtradestrategies,repos/jaredrsommer_freqtradestrategies/WTAI.py,corpus,590bf74986c5,a039f448c17bed72,,,,,,,,,,,,,NA,NA,,0,,,G0_measured,E0
wtc,davidzr/freqtrade-strategies,repos/davidzr_freqtrade-strategies/strategies/wtc/wtc.py,corpus,590bf74986c5,a039f448c17bed72,321,-0.53,0.3234,-57.83,1919,-0.31,0.2223,-59.64,343.26,-0.21,-0.5473,False,FOUND,FOUND,refused_no_warmup,0,,234.23,G2_is_pos,E0
WTHO,jaredrsommer/freqtradestrategies,repos/jaredrsommer_freqtradestrategies/WTHO.py,corpus,590bf74986c5,a039f448c17bed72,,,,,,,,,,,,,NA,NA,,0,,,G0_measured,E0
WTRSIAI,jaredrsommer/freqtradestrategies,repos/jaredrsommer_freqtradestrategies/WTRSIAI.py,corpus,590bf74986c5,a039f448c17bed72,,,,,,,,,,,,,NA,NA,,0,,,G0_measured,E0
WTX3,TheoBrigitte/freqtrade,repos/TheoBrigitte_freqtrade/strategies/wtx3/scalpv3.py,corpus,590bf74986c5,a039f448c17bed72,,,,,,,,,,,,,NA,NA,,1,trailing tighter than the spread,,G0_measured,E0
XebTradeStrat,PeetCrypto/freqtrade-stuff,repos/PeetCrypto_freqtrade-stuff/XebTradeStrat.py,corpus,590bf74986c5,a039f448c17bed72,12612,-0.08,1.217e-196,-55.54,13320,-0.07,1.046e-185,-96.58,347.94,-0.2,,False,NA,PASS,,1,trailing tighter than the spread,30.0,G2_is_pos,E0
XtraThicc,PeetCrypto/freqtrade-stuff,repos/PeetCrypto_freqtrade-stuff/XtraThicc.py,corpus,590bf74986c5,a039f448c17bed72,1981,-0.31,0.0001176,-58.42,7186,-0.12,0.01333,-85.46,346.34,-0.17,-0.3046,False,NA,PASS,,0,,387.2,G2_is_pos,E0
YOLO,PeetCrypto/freqtrade-stuff,repos/PeetCrypto_freqtrade-stuff/YOLO.py,corpus,590bf74986c5,a039f448c17bed72,133,-0.48,3.52e-08,-55.54,427,-0.48,1.29e-30,-20.39,347.94,-0.43,,False,NA,PASS,,0,,85.0,G2_is_pos,E0
YourStrat,PeetCrypto/freqtrade-stuff,repos/PeetCrypto_freqtrade-stuff/TrailingBuyStrat.py,corpus,590bf74986c5,a039f448c17bed72,,,,,,,,,,,,,NA,NA,,0,,,G0_measured,E0
ZaratustraDCA2_06,TheoBrigitte/freqtrade,repos/TheoBrigitte_freqtrade/strategies/Zaratustra/ZaratustraDCA2_06.py,corpus,590bf74986c5,a039f448c17bed72,,,,,,,,,,,,,NA,NA,,0,,,G0_measured,E0
ZaratustraDCA2_07,bustillo/freqtrade-strategies,repos/bustillo_freqtrade-strategies/ZaratustraDCA/ZaratustraDCA2_07.py,corpus,590bf74986c5,a039f448c17bed72,,,,,,,,,,,,,NA,NA,,0,,,G0_measured,E0
ZaratustraDCA5,bustillo/freqtrade-strategies,repos/bustillo_freqtrade-strategies/ZaratustraDCA/ZaratustraDCA5.py,corpus,590bf74986c5,a039f448c17bed72,,,,,,,,,,,,,NA,NA,,0,,,G0_measured,E0
Zeus,PeetCrypto/freqtrade-stuff,repos/PeetCrypto_freqtrade-stuff/Zeus_HO (1).py,corpus,590bf74986c5,a039f448c17bed72,,,,,,,,,,,,,NA,PASS,,0,,,G0_measured,E0
zorkv7_0_0,TheoBrigitte/freqtrade,repos/TheoBrigitte_freqtrade/sources/sponsors/zorkv7_0_0.py,corpus,590bf74986c5,a039f448c17bed72,,,,,,,,,,,,,NA,NA,,0,,,G0_measured,E0
ZScoreMeanReversionStrategy,mlsys-io/PortfolioBench,repos/mlsys-io_PortfolioBench/strategy/ZScoreMeanReversionStrategy.py,corpus,590bf74986c5,a039f448c17bed72,5,2.99,0.3344,-43.53,32,1.03,0.3519,3.31,340.8,0.85,-0.9396,False,NA,FOUND,drift_measured,0,,5.31,G1_trades,E0
