strategy_id,run_profile,timeframe,coverage_status,coverage_evidence,window_start,window_end_exclusive,required_pairs,complete_pairs,availability_limited_pairs,missing_files,edge_failures,auxiliary_failures,pair_specific_gaps,synchronized_gaps,duplicate_candles,source_fingerprint
RegimeFilterStrategy,futures_long_short,1h,PASS,policy=1;mode=futures;timeframe=1h;complete=8/8;availability_limited=0;sync_gaps=0;pair_gaps=0;aux_failures=0;duplicates=0,2020-03-01T00:00:00Z,2026-08-21T00:00:00Z,8,8,,,,,0,0,0,sha256_7df5dfd7a4b47765024bf7db5b8447fd3b7a7913de3bdbddd2b136132bac1d55
AdvancedRiskFilterStrategy,spot_long,5m,PASS,policy=1;mode=spot;timeframe=5m;complete=8/8;availability_limited=1;sync_gaps=13;pair_gaps=0;aux_failures=0;duplicates=0,2020-03-01T00:00:00Z,2026-08-21T00:00:00Z,8,8,XMR/USDT,,,,0,13,0,sha256_e8d28cd87065e2c4fddc76d0370ed6ddf67047ffb0a8bbd02f4139488617d93b
SimpleRiskFilterStrategy,spot_long,5m,PASS,policy=1;mode=spot;timeframe=5m;complete=8/8;availability_limited=1;sync_gaps=13;pair_gaps=0;aux_failures=0;duplicates=0,2020-03-01T00:00:00Z,2026-08-21T00:00:00Z,8,8,XMR/USDT,,,,0,13,0,sha256_e8d28cd87065e2c4fddc76d0370ed6ddf67047ffb0a8bbd02f4139488617d93b
MacdStrategy,spot_long,1d,PASS,policy=1;mode=spot;timeframe=1d;complete=8/8;availability_limited=1;sync_gaps=0;pair_gaps=0;aux_failures=0;duplicates=0,2020-03-01T00:00:00Z,2026-08-21T00:00:00Z,8,8,XMR/USDT,,,,0,0,0,sha256_e606ca78497360fc0ec1042bb6ffe7a553818da8fe41f9ff04e1b6ca510a956a
MyStrategyTemplate,spot_long,5m,PASS,policy=1;mode=spot;timeframe=5m;complete=8/8;availability_limited=1;sync_gaps=13;pair_gaps=0;aux_failures=0;duplicates=0,2020-03-01T00:00:00Z,2026-08-21T00:00:00Z,8,8,XMR/USDT,,,,0,13,0,sha256_e8d28cd87065e2c4fddc76d0370ed6ddf67047ffb0a8bbd02f4139488617d93b
SmaRsiStrategy,spot_long,1d,PASS,policy=1;mode=spot;timeframe=1d;complete=8/8;availability_limited=1;sync_gaps=0;pair_gaps=0;aux_failures=0;duplicates=0,2020-03-01T00:00:00Z,2026-08-21T00:00:00Z,8,8,XMR/USDT,,,,0,0,0,sha256_e606ca78497360fc0ec1042bb6ffe7a553818da8fe41f9ff04e1b6ca510a956a
SampleStrategy,spot_long,5m,PASS,policy=1;mode=spot;timeframe=5m;complete=8/8;availability_limited=1;sync_gaps=13;pair_gaps=0;aux_failures=0;duplicates=0,2020-03-01T00:00:00Z,2026-08-21T00:00:00Z,8,8,XMR/USDT,,,,0,13,0,sha256_e8d28cd87065e2c4fddc76d0370ed6ddf67047ffb0a8bbd02f4139488617d93b
ASDTSRockwellTrading,spot_long,5m,PASS,policy=1;mode=spot;timeframe=5m;complete=8/8;availability_limited=1;sync_gaps=13;pair_gaps=0;aux_failures=0;duplicates=0,2020-03-01T00:00:00Z,2026-08-21T00:00:00Z,8,8,XMR/USDT,,,,0,13,0,sha256_e8d28cd87065e2c4fddc76d0370ed6ddf67047ffb0a8bbd02f4139488617d93b
BBRSI,spot_long,,PENDING,unsupported_or_unknown_profile,2020-03-01T00:00:00Z,2026-08-21T00:00:00Z,0,0,,,,,,,,
BigZ04_TSL4,spot_long,5m,PASS,policy=1;mode=spot;timeframe=5m;complete=8/8;availability_limited=1;sync_gaps=13;pair_gaps=0;aux_failures=0;duplicates=0,2020-03-01T00:00:00Z,2026-08-21T00:00:00Z,8,8,XMR/USDT,,,,0,13,0,sha256_e8d28cd87065e2c4fddc76d0370ed6ddf67047ffb0a8bbd02f4139488617d93b
BinHV45,spot_long,1m,PASS,policy=1;mode=spot;timeframe=1m;complete=8/8;availability_limited=1;sync_gaps=13;pair_gaps=0;aux_failures=0;duplicates=0,2020-03-01T00:00:00Z,2026-08-21T00:00:00Z,8,8,XMR/USDT,,,,0,13,0,sha256_abb17c3c2a1a410057e1351508eeebdd41b095e316f737ad57de215036a3c3e3
Combined_NFIv7_SMA,spot_long,5m,PASS,policy=1;mode=spot;timeframe=5m;complete=8/8;availability_limited=1;sync_gaps=13;pair_gaps=0;aux_failures=0;duplicates=0,2020-03-01T00:00:00Z,2026-08-21T00:00:00Z,8,8,XMR/USDT,,,,0,13,0,sha256_e8d28cd87065e2c4fddc76d0370ed6ddf67047ffb0a8bbd02f4139488617d93b
Dimond,spot_long,5m,PASS,policy=1;mode=spot;timeframe=5m;complete=8/8;availability_limited=1;sync_gaps=13;pair_gaps=0;aux_failures=0;duplicates=0,2020-03-01T00:00:00Z,2026-08-21T00:00:00Z,8,8,XMR/USDT,,,,0,13,0,sha256_e8d28cd87065e2c4fddc76d0370ed6ddf67047ffb0a8bbd02f4139488617d93b
ElliotV7,spot_long,5m,PASS,policy=1;mode=spot;timeframe=5m;complete=8/8;availability_limited=1;sync_gaps=13;pair_gaps=0;aux_failures=0;duplicates=0,2020-03-01T00:00:00Z,2026-08-21T00:00:00Z,8,8,XMR/USDT,,,,0,13,0,sha256_e8d28cd87065e2c4fddc76d0370ed6ddf67047ffb0a8bbd02f4139488617d93b
Elliotv8,spot_long,5m,PASS,policy=1;mode=spot;timeframe=5m;complete=8/8;availability_limited=1;sync_gaps=13;pair_gaps=0;aux_failures=0;duplicates=0,2020-03-01T00:00:00Z,2026-08-21T00:00:00Z,8,8,XMR/USDT,,,,0,13,0,sha256_e8d28cd87065e2c4fddc76d0370ed6ddf67047ffb0a8bbd02f4139488617d93b
ElliotV8_original_ichiv3,spot_long,5m,PASS,policy=1;mode=spot;timeframe=5m;complete=8/8;availability_limited=1;sync_gaps=13;pair_gaps=0;aux_failures=0;duplicates=0,2020-03-01T00:00:00Z,2026-08-21T00:00:00Z,8,8,XMR/USDT,,,,0,13,0,sha256_e8d28cd87065e2c4fddc76d0370ed6ddf67047ffb0a8bbd02f4139488617d93b
Inverse,spot_long,1h,PASS,policy=1;mode=spot;timeframe=1h;complete=8/8;availability_limited=1;sync_gaps=13;pair_gaps=0;aux_failures=0;duplicates=0,2020-03-01T00:00:00Z,2026-08-21T00:00:00Z,8,8,XMR/USDT,,,,0,13,0,sha256_ca7ff1931fd6c56a6b8207860a55741af9c20bb55de36000b62730174c4f2937
InverseV2,spot_long,1h,PASS,policy=1;mode=spot;timeframe=1h;complete=8/8;availability_limited=1;sync_gaps=13;pair_gaps=0;aux_failures=0;duplicates=0,2020-03-01T00:00:00Z,2026-08-21T00:00:00Z,8,8,XMR/USDT,,,,0,13,0,sha256_ca7ff1931fd6c56a6b8207860a55741af9c20bb55de36000b62730174c4f2937
MacheteV8b,spot_long,15m,PASS,policy=1;mode=spot;timeframe=15m;complete=8/8;availability_limited=1;sync_gaps=13;pair_gaps=0;aux_failures=0;duplicates=0,2020-03-01T00:00:00Z,2026-08-21T00:00:00Z,8,8,XMR/USDT,,,,0,13,0,sha256_59786b266b1661ca08381b938b2ca9cb3b6f40aac0325e00be1faef371623b6e
MultiMA_TSL,spot_long,5m,PASS,policy=1;mode=spot;timeframe=5m;complete=8/8;availability_limited=1;sync_gaps=13;pair_gaps=0;aux_failures=0;duplicates=0,2020-03-01T00:00:00Z,2026-08-21T00:00:00Z,8,8,XMR/USDT,,,,0,13,0,sha256_e8d28cd87065e2c4fddc76d0370ed6ddf67047ffb0a8bbd02f4139488617d93b
MultiOffsetLamboV0,spot_long,5m,PASS,policy=1;mode=spot;timeframe=5m;complete=8/8;availability_limited=1;sync_gaps=13;pair_gaps=0;aux_failures=0;duplicates=0,2020-03-01T00:00:00Z,2026-08-21T00:00:00Z,8,8,XMR/USDT,,,,0,13,0,sha256_e8d28cd87065e2c4fddc76d0370ed6ddf67047ffb0a8bbd02f4139488617d93b
NASOSv4,spot_long,5m,PASS,policy=1;mode=spot;timeframe=5m;complete=8/8;availability_limited=1;sync_gaps=13;pair_gaps=0;aux_failures=0;duplicates=0,2020-03-01T00:00:00Z,2026-08-21T00:00:00Z,8,8,XMR/USDT,,,,0,13,0,sha256_e8d28cd87065e2c4fddc76d0370ed6ddf67047ffb0a8bbd02f4139488617d93b
Nostalgia,spot_long,5m,PASS,policy=1;mode=spot;timeframe=5m;complete=8/8;availability_limited=1;sync_gaps=13;pair_gaps=0;aux_failures=0;duplicates=0,2020-03-01T00:00:00Z,2026-08-21T00:00:00Z,8,8,XMR/USDT,,,,0,13,0,sha256_e8d28cd87065e2c4fddc76d0370ed6ddf67047ffb0a8bbd02f4139488617d93b
NostalgiaForInfinityNext,spot_long,5m,PASS,policy=1;mode=spot;timeframe=5m;complete=8/8;availability_limited=1;sync_gaps=13;pair_gaps=0;aux_failures=0;duplicates=0,2020-03-01T00:00:00Z,2026-08-21T00:00:00Z,8,8,XMR/USDT,,,,0,13,0,sha256_e8d28cd87065e2c4fddc76d0370ed6ddf67047ffb0a8bbd02f4139488617d93b
NostalgiaForInfinityV5MultiOffsetAndHO,spot_long,5m,PASS,policy=1;mode=spot;timeframe=5m;complete=8/8;availability_limited=1;sync_gaps=13;pair_gaps=0;aux_failures=0;duplicates=0,2020-03-01T00:00:00Z,2026-08-21T00:00:00Z,8,8,XMR/USDT,,,,0,13,0,sha256_e8d28cd87065e2c4fddc76d0370ed6ddf67047ffb0a8bbd02f4139488617d93b
NotAnotherSMAOffSetStrategy_V2,spot_long,5m,PASS,policy=1;mode=spot;timeframe=5m;complete=8/8;availability_limited=1;sync_gaps=13;pair_gaps=0;aux_failures=0;duplicates=0,2020-03-01T00:00:00Z,2026-08-21T00:00:00Z,8,8,XMR/USDT,,,,0,13,0,sha256_e8d28cd87065e2c4fddc76d0370ed6ddf67047ffb0a8bbd02f4139488617d93b
NotAnotherSMAOffsetStrategyHOv3,spot_long,5m,PASS,policy=1;mode=spot;timeframe=5m;complete=8/8;availability_limited=1;sync_gaps=13;pair_gaps=0;aux_failures=0;duplicates=0,2020-03-01T00:00:00Z,2026-08-21T00:00:00Z,8,8,XMR/USDT,,,,0,13,0,sha256_e8d28cd87065e2c4fddc76d0370ed6ddf67047ffb0a8bbd02f4139488617d93b
NotAnotherSMAOffsetStrategyLite,spot_long,5m,PASS,policy=1;mode=spot;timeframe=5m;complete=8/8;availability_limited=1;sync_gaps=13;pair_gaps=0;aux_failures=0;duplicates=0,2020-03-01T00:00:00Z,2026-08-21T00:00:00Z,8,8,XMR/USDT,,,,0,13,0,sha256_e8d28cd87065e2c4fddc76d0370ed6ddf67047ffb0a8bbd02f4139488617d93b
NotAnotherSMAOffsetStrategyModHO,spot_long,5m,PASS,policy=1;mode=spot;timeframe=5m;complete=8/8;availability_limited=1;sync_gaps=13;pair_gaps=0;aux_failures=0;duplicates=0,2020-03-01T00:00:00Z,2026-08-21T00:00:00Z,8,8,XMR/USDT,,,,0,13,0,sha256_e8d28cd87065e2c4fddc76d0370ed6ddf67047ffb0a8bbd02f4139488617d93b
NotAnotherSMAOffsetStrategy_uzi,spot_long,5m,PASS,policy=1;mode=spot;timeframe=5m;complete=8/8;availability_limited=1;sync_gaps=13;pair_gaps=0;aux_failures=0;duplicates=0,2020-03-01T00:00:00Z,2026-08-21T00:00:00Z,8,8,XMR/USDT,,,,0,13,0,sha256_e8d28cd87065e2c4fddc76d0370ed6ddf67047ffb0a8bbd02f4139488617d93b
NotAnotherSMAOffsetStrategy_uzi3,spot_long,5m,PASS,policy=1;mode=spot;timeframe=5m;complete=8/8;availability_limited=1;sync_gaps=13;pair_gaps=0;aux_failures=0;duplicates=0,2020-03-01T00:00:00Z,2026-08-21T00:00:00Z,8,8,XMR/USDT,,,,0,13,0,sha256_e8d28cd87065e2c4fddc76d0370ed6ddf67047ffb0a8bbd02f4139488617d93b
Obelisk_Ichimoku_ZEMA_v1,spot_long,5m,PASS,policy=1;mode=spot;timeframe=5m;complete=8/8;availability_limited=1;sync_gaps=13;pair_gaps=0;aux_failures=0;duplicates=0,2020-03-01T00:00:00Z,2026-08-21T00:00:00Z,8,8,XMR/USDT,,,,0,13,0,sha256_e8d28cd87065e2c4fddc76d0370ed6ddf67047ffb0a8bbd02f4139488617d93b
RalliV1,spot_long,5m,PASS,policy=1;mode=spot;timeframe=5m;complete=8/8;availability_limited=1;sync_gaps=13;pair_gaps=0;aux_failures=0;duplicates=0,2020-03-01T00:00:00Z,2026-08-21T00:00:00Z,8,8,XMR/USDT,,,,0,13,0,sha256_e8d28cd87065e2c4fddc76d0370ed6ddf67047ffb0a8bbd02f4139488617d93b
RaposaDivergenceV1,spot_long,5m,PASS,policy=1;mode=spot;timeframe=5m;complete=8/8;availability_limited=1;sync_gaps=13;pair_gaps=0;aux_failures=0;duplicates=0,2020-03-01T00:00:00Z,2026-08-21T00:00:00Z,8,8,XMR/USDT,,,,0,13,0,sha256_e8d28cd87065e2c4fddc76d0370ed6ddf67047ffb0a8bbd02f4139488617d93b
SMAOG,spot_long,5m,PASS,policy=1;mode=spot;timeframe=5m;complete=8/8;availability_limited=1;sync_gaps=13;pair_gaps=0;aux_failures=0;duplicates=0,2020-03-01T00:00:00Z,2026-08-21T00:00:00Z,8,8,XMR/USDT,,,,0,13,0,sha256_e8d28cd87065e2c4fddc76d0370ed6ddf67047ffb0a8bbd02f4139488617d93b
SMAOffsetProtectOptV1,spot_long,5m,PASS,policy=1;mode=spot;timeframe=5m;complete=8/8;availability_limited=1;sync_gaps=13;pair_gaps=0;aux_failures=0;duplicates=0,2020-03-01T00:00:00Z,2026-08-21T00:00:00Z,8,8,XMR/USDT,,,,0,13,0,sha256_e8d28cd87065e2c4fddc76d0370ed6ddf67047ffb0a8bbd02f4139488617d93b
Macd,spot_long,1h,PASS,policy=1;mode=spot;timeframe=1h;complete=8/8;availability_limited=1;sync_gaps=13;pair_gaps=0;aux_failures=0;duplicates=0,2020-03-01T00:00:00Z,2026-08-21T00:00:00Z,8,8,XMR/USDT,,,,0,13,0,sha256_ca7ff1931fd6c56a6b8207860a55741af9c20bb55de36000b62730174c4f2937
MyStratV1,spot_long,5m,PASS,policy=1;mode=spot;timeframe=5m;complete=8/8;availability_limited=1;sync_gaps=13;pair_gaps=0;aux_failures=0;duplicates=0,2020-03-01T00:00:00Z,2026-08-21T00:00:00Z,8,8,XMR/USDT,,,,0,13,0,sha256_e8d28cd87065e2c4fddc76d0370ed6ddf67047ffb0a8bbd02f4139488617d93b
AdaptiveRenkoStrategy,futures_long_short,3m,PASS,policy=1;mode=futures;timeframe=3m;complete=8/8;availability_limited=0;sync_gaps=0;pair_gaps=0;aux_failures=0;duplicates=0,2020-03-01T00:00:00Z,2026-08-21T00:00:00Z,8,8,,,,,0,0,0,sha256_df4b6864dd9a070d84dbe6ecbe7ccd7df32bf85f47012bc1441a81c082f0886c
NotAnotherSMAOffsetStrategy,spot_long,5m,PASS,policy=1;mode=spot;timeframe=5m;complete=8/8;availability_limited=1;sync_gaps=13;pair_gaps=0;aux_failures=0;duplicates=0,2020-03-01T00:00:00Z,2026-08-21T00:00:00Z,8,8,XMR/USDT,,,,0,13,0,sha256_e8d28cd87065e2c4fddc76d0370ed6ddf67047ffb0a8bbd02f4139488617d93b
FTT_DWT_FBB_FUTURES,futures_long_short,5m,PASS,policy=1;mode=futures;timeframe=5m;complete=8/8;availability_limited=0;sync_gaps=0;pair_gaps=0;aux_failures=0;duplicates=0,2020-03-01T00:00:00Z,2026-08-21T00:00:00Z,8,8,,,,,0,0,0,sha256_ff4721baa3ce146cb75bdf0c4ee0c4a4e98566270e236de1cc3afd10b17135a7
BinClucMadSMADevelop,spot_long,5m,PASS,policy=1;mode=spot;timeframe=5m;complete=8/8;availability_limited=1;sync_gaps=13;pair_gaps=0;aux_failures=0;duplicates=0,2020-03-01T00:00:00Z,2026-08-21T00:00:00Z,8,8,XMR/USDT,,,,0,13,0,sha256_e8d28cd87065e2c4fddc76d0370ed6ddf67047ffb0a8bbd02f4139488617d93b
EI3v2_tag_cofi_green,spot_long,5m,PASS,policy=1;mode=spot;timeframe=5m;complete=8/8;availability_limited=1;sync_gaps=13;pair_gaps=0;aux_failures=0;duplicates=0,2020-03-01T00:00:00Z,2026-08-21T00:00:00Z,8,8,XMR/USDT,,,,0,13,0,sha256_e8d28cd87065e2c4fddc76d0370ed6ddf67047ffb0a8bbd02f4139488617d93b
MultiMA_TSL5,spot_long,5m,PASS,policy=1;mode=spot;timeframe=5m;complete=8/8;availability_limited=1;sync_gaps=13;pair_gaps=0;aux_failures=0;duplicates=0,2020-03-01T00:00:00Z,2026-08-21T00:00:00Z,8,8,XMR/USDT,,,,0,13,0,sha256_e8d28cd87065e2c4fddc76d0370ed6ddf67047ffb0a8bbd02f4139488617d93b
NotAnotherSMAOffsetStrategyHO,spot_long,5m,PASS,policy=1;mode=spot;timeframe=5m;complete=8/8;availability_limited=1;sync_gaps=13;pair_gaps=0;aux_failures=0;duplicates=0,2020-03-01T00:00:00Z,2026-08-21T00:00:00Z,8,8,XMR/USDT,,,,0,13,0,sha256_e8d28cd87065e2c4fddc76d0370ed6ddf67047ffb0a8bbd02f4139488617d93b
tesla4,spot_long,5m,PASS,policy=1;mode=spot;timeframe=5m;complete=8/8;availability_limited=1;sync_gaps=13;pair_gaps=0;aux_failures=0;duplicates=0,2020-03-01T00:00:00Z,2026-08-21T00:00:00Z,8,8,XMR/USDT,,,,0,13,0,sha256_e8d28cd87065e2c4fddc76d0370ed6ddf67047ffb0a8bbd02f4139488617d93b
tesla7,spot_long,5m,PASS,policy=1;mode=spot;timeframe=5m;complete=8/8;availability_limited=1;sync_gaps=13;pair_gaps=0;aux_failures=0;duplicates=0,2020-03-01T00:00:00Z,2026-08-21T00:00:00Z,8,8,XMR/USDT,,,,0,13,0,sha256_e8d28cd87065e2c4fddc76d0370ed6ddf67047ffb0a8bbd02f4139488617d93b
AdxSmasS,futures_short,1h,PASS,policy=1;mode=futures;timeframe=1h;complete=8/8;availability_limited=0;sync_gaps=0;pair_gaps=0;aux_failures=0;duplicates=0,2020-03-01T00:00:00Z,2026-08-21T00:00:00Z,8,8,,,,,0,0,0,sha256_7df5dfd7a4b47765024bf7db5b8447fd3b7a7913de3bdbddd2b136132bac1d55
AwesomeMacd,spot_long,1h,PASS,policy=1;mode=spot;timeframe=1h;complete=8/8;availability_limited=1;sync_gaps=13;pair_gaps=0;aux_failures=0;duplicates=0,2020-03-01T00:00:00Z,2026-08-21T00:00:00Z,8,8,XMR/USDT,,,,0,13,0,sha256_ca7ff1931fd6c56a6b8207860a55741af9c20bb55de36000b62730174c4f2937
AwesomeMacdS,spot_long,1h,PASS,policy=1;mode=spot;timeframe=1h;complete=8/8;availability_limited=1;sync_gaps=13;pair_gaps=0;aux_failures=0;duplicates=0,2020-03-01T00:00:00Z,2026-08-21T00:00:00Z,8,8,XMR/USDT,,,,0,13,0,sha256_ca7ff1931fd6c56a6b8207860a55741af9c20bb55de36000b62730174c4f2937
FOttStrategy,futures_long_short,15m,PASS,policy=1;mode=futures;timeframe=15m;complete=8/8;availability_limited=0;sync_gaps=0;pair_gaps=0;aux_failures=0;duplicates=0,2020-03-01T00:00:00Z,2026-08-21T00:00:00Z,8,8,,,,,0,0,0,sha256_cf6535a77783872cae0f8a248e3e8a5d49f3d4c562340a4c94036cb1b334b7c3
FSupertrendStrategyBTC,spot_long,1h,PASS,policy=1;mode=spot;timeframe=1h;complete=8/8;availability_limited=1;sync_gaps=13;pair_gaps=0;aux_failures=0;duplicates=0,2020-03-01T00:00:00Z,2026-08-21T00:00:00Z,8,8,XMR/USDT,,,,0,13,0,sha256_ca7ff1931fd6c56a6b8207860a55741af9c20bb55de36000b62730174c4f2937
FSupertrendStrategyETH,spot_long,1h,PASS,policy=1;mode=spot;timeframe=1h;complete=8/8;availability_limited=1;sync_gaps=13;pair_gaps=0;aux_failures=0;duplicates=0,2020-03-01T00:00:00Z,2026-08-21T00:00:00Z,8,8,XMR/USDT,,,,0,13,0,sha256_ca7ff1931fd6c56a6b8207860a55741af9c20bb55de36000b62730174c4f2937
MACDRS,futures_long_short,5m,PASS,policy=1;mode=futures;timeframe=5m;complete=8/8;availability_limited=0;sync_gaps=0;pair_gaps=0;aux_failures=0;duplicates=0,2020-03-01T00:00:00Z,2026-08-21T00:00:00Z,8,8,,,,,0,0,0,sha256_ff4721baa3ce146cb75bdf0c4ee0c4a4e98566270e236de1cc3afd10b17135a7
MACDRL,futures_long,5m,PASS,policy=1;mode=futures;timeframe=5m;complete=8/8;availability_limited=0;sync_gaps=0;pair_gaps=0;aux_failures=0;duplicates=0,2020-03-01T00:00:00Z,2026-08-21T00:00:00Z,8,8,,,,,0,0,0,sha256_ff4721baa3ce146cb75bdf0c4ee0c4a4e98566270e236de1cc3afd10b17135a7
MACDStrategyADA,spot_long,5m,PASS,policy=1;mode=spot;timeframe=5m;complete=8/8;availability_limited=1;sync_gaps=13;pair_gaps=0;aux_failures=0;duplicates=0,2020-03-01T00:00:00Z,2026-08-21T00:00:00Z,8,8,XMR/USDT,,,,0,13,0,sha256_e8d28cd87065e2c4fddc76d0370ed6ddf67047ffb0a8bbd02f4139488617d93b
MACDStrategyAVAX,spot_long,5m,PASS,policy=1;mode=spot;timeframe=5m;complete=8/8;availability_limited=1;sync_gaps=13;pair_gaps=0;aux_failures=0;duplicates=0,2020-03-01T00:00:00Z,2026-08-21T00:00:00Z,8,8,XMR/USDT,,,,0,13,0,sha256_e8d28cd87065e2c4fddc76d0370ed6ddf67047ffb0a8bbd02f4139488617d93b
MACDStrategyBTC,spot_long,5m,PASS,policy=1;mode=spot;timeframe=5m;complete=8/8;availability_limited=1;sync_gaps=13;pair_gaps=0;aux_failures=0;duplicates=0,2020-03-01T00:00:00Z,2026-08-21T00:00:00Z,8,8,XMR/USDT,,,,0,13,0,sha256_e8d28cd87065e2c4fddc76d0370ed6ddf67047ffb0a8bbd02f4139488617d93b
MACDStrategyENJ,spot_long,5m,PASS,policy=1;mode=spot;timeframe=5m;complete=8/8;availability_limited=1;sync_gaps=13;pair_gaps=0;aux_failures=0;duplicates=0,2020-03-01T00:00:00Z,2026-08-21T00:00:00Z,8,8,XMR/USDT,,,,0,13,0,sha256_e8d28cd87065e2c4fddc76d0370ed6ddf67047ffb0a8bbd02f4139488617d93b
MACDStrategyETC,spot_long,5m,PASS,policy=1;mode=spot;timeframe=5m;complete=8/8;availability_limited=1;sync_gaps=13;pair_gaps=0;aux_failures=0;duplicates=0,2020-03-01T00:00:00Z,2026-08-21T00:00:00Z,8,8,XMR/USDT,,,,0,13,0,sha256_e8d28cd87065e2c4fddc76d0370ed6ddf67047ffb0a8bbd02f4139488617d93b
MACDStrategySOL,spot_long,5m,PASS,policy=1;mode=spot;timeframe=5m;complete=8/8;availability_limited=1;sync_gaps=13;pair_gaps=0;aux_failures=0;duplicates=0,2020-03-01T00:00:00Z,2026-08-21T00:00:00Z,8,8,XMR/USDT,,,,0,13,0,sha256_e8d28cd87065e2c4fddc76d0370ed6ddf67047ffb0a8bbd02f4139488617d93b
MACDStrategyXRP,spot_long,5m,PASS,policy=1;mode=spot;timeframe=5m;complete=8/8;availability_limited=1;sync_gaps=13;pair_gaps=0;aux_failures=0;duplicates=0,2020-03-01T00:00:00Z,2026-08-21T00:00:00Z,8,8,XMR/USDT,,,,0,13,0,sha256_e8d28cd87065e2c4fddc76d0370ed6ddf67047ffb0a8bbd02f4139488617d93b
NostalgiaForInfinityX,spot_long,5m,PASS,policy=1;mode=spot;timeframe=5m;complete=8/8;availability_limited=1;sync_gaps=13;pair_gaps=0;aux_failures=0;duplicates=0,2020-03-01T00:00:00Z,2026-08-21T00:00:00Z,8,8,XMR/USDT,,,,0,13,0,sha256_e8d28cd87065e2c4fddc76d0370ed6ddf67047ffb0a8bbd02f4139488617d93b
ReinforcedSmoothScalp,spot_long,15m,PASS,policy=1;mode=spot;timeframe=15m;complete=8/8;availability_limited=1;sync_gaps=13;pair_gaps=0;aux_failures=0;duplicates=0,2020-03-01T00:00:00Z,2026-08-21T00:00:00Z,8,8,XMR/USDT,,,,0,13,0,sha256_59786b266b1661ca08381b938b2ca9cb3b6f40aac0325e00be1faef371623b6e
ReinforcedSmoothScalpS,spot_long,15m,PASS,policy=1;mode=spot;timeframe=15m;complete=8/8;availability_limited=1;sync_gaps=13;pair_gaps=0;aux_failures=0;duplicates=0,2020-03-01T00:00:00Z,2026-08-21T00:00:00Z,8,8,XMR/USDT,,,,0,13,0,sha256_59786b266b1661ca08381b938b2ca9cb3b6f40aac0325e00be1faef371623b6e
SimpleHopt,spot_long,5m,PASS,policy=1;mode=spot;timeframe=5m;complete=8/8;availability_limited=1;sync_gaps=13;pair_gaps=0;aux_failures=0;duplicates=0,2020-03-01T00:00:00Z,2026-08-21T00:00:00Z,8,8,XMR/USDT,,,,0,13,0,sha256_e8d28cd87065e2c4fddc76d0370ed6ddf67047ffb0a8bbd02f4139488617d93b
SimpleHopt1Along,spot_long,4h,PASS,policy=1;mode=spot;timeframe=4h;complete=8/8;availability_limited=1;sync_gaps=0;pair_gaps=0;aux_failures=0;duplicates=0,2020-03-01T00:00:00Z,2026-08-21T00:00:00Z,8,8,XMR/USDT,,,,0,0,0,sha256_3189fb1b70726edcb8094812a734108d82fb90f275749253fb8b98b5ce7d49ab
SimpleHopt1Ashort,futures_short,1d,PASS,policy=1;mode=futures;timeframe=1d;complete=8/8;availability_limited=0;sync_gaps=0;pair_gaps=0;aux_failures=0;duplicates=0,2020-03-01T00:00:00Z,2026-08-21T00:00:00Z,8,8,,,,,0,0,0,sha256_6b6c1b9ddc62b3161a9d05f57a5e5fd3010925339977500813498c9add96e3f3
SimpleHoptS,futures_short,1d,PASS,policy=1;mode=futures;timeframe=1d;complete=8/8;availability_limited=0;sync_gaps=0;pair_gaps=0;aux_failures=0;duplicates=0,2020-03-01T00:00:00Z,2026-08-21T00:00:00Z,8,8,,,,,0,0,0,sha256_6b6c1b9ddc62b3161a9d05f57a5e5fd3010925339977500813498c9add96e3f3
RLStrategy,spot_long,1h,PASS,policy=1;mode=spot;timeframe=1h;complete=8/8;availability_limited=1;sync_gaps=13;pair_gaps=0;aux_failures=0;duplicates=0,2020-03-01T00:00:00Z,2026-08-21T00:00:00Z,8,8,XMR/USDT,,,,0,13,0,sha256_ca7ff1931fd6c56a6b8207860a55741af9c20bb55de36000b62730174c4f2937
ADXMomentum,spot_long,1h,PASS,policy=1;mode=spot;timeframe=1h;complete=8/8;availability_limited=1;sync_gaps=13;pair_gaps=0;aux_failures=0;duplicates=0,2020-03-01T00:00:00Z,2026-08-21T00:00:00Z,8,8,XMR/USDT,,,,0,13,0,sha256_ca7ff1931fd6c56a6b8207860a55741af9c20bb55de36000b62730174c4f2937
ADX_15M_USDT,spot_long,,PENDING,unsupported_or_unknown_profile,2020-03-01T00:00:00Z,2026-08-21T00:00:00Z,0,0,,,,,,,,
ActionZone,spot_long,1d,PASS,policy=1;mode=spot;timeframe=1d;complete=8/8;availability_limited=1;sync_gaps=0;pair_gaps=0;aux_failures=0;duplicates=0,2020-03-01T00:00:00Z,2026-08-21T00:00:00Z,8,8,XMR/USDT,,,,0,0,0,sha256_e606ca78497360fc0ec1042bb6ffe7a553818da8fe41f9ff04e1b6ca510a956a
AdxSmas,spot_long,1h,PASS,policy=1;mode=spot;timeframe=1h;complete=8/8;availability_limited=1;sync_gaps=13;pair_gaps=0;aux_failures=0;duplicates=0,2020-03-01T00:00:00Z,2026-08-21T00:00:00Z,8,8,XMR/USDT,,,,0,13,0,sha256_ca7ff1931fd6c56a6b8207860a55741af9c20bb55de36000b62730174c4f2937
AlligatorStrat,spot_long,,PENDING,unsupported_or_unknown_profile,2020-03-01T00:00:00Z,2026-08-21T00:00:00Z,0,0,,,,,,,,
AlligatorStrategy,spot_long,1h,PASS,policy=1;mode=spot;timeframe=1h;complete=8/8;availability_limited=1;sync_gaps=13;pair_gaps=0;aux_failures=0;duplicates=0,2020-03-01T00:00:00Z,2026-08-21T00:00:00Z,8,8,XMR/USDT,,,,0,13,0,sha256_ca7ff1931fd6c56a6b8207860a55741af9c20bb55de36000b62730174c4f2937
Apollo11,spot_long,15m,PASS,policy=1;mode=spot;timeframe=15m;complete=8/8;availability_limited=1;sync_gaps=13;pair_gaps=0;aux_failures=0;duplicates=0,2020-03-01T00:00:00Z,2026-08-21T00:00:00Z,8,8,XMR/USDT,,,,0,13,0,sha256_59786b266b1661ca08381b938b2ca9cb3b6f40aac0325e00be1faef371623b6e
AutoArimaTripleV1,spot_long,5m,PASS,policy=1;mode=spot;timeframe=5m;complete=8/8;availability_limited=1;sync_gaps=13;pair_gaps=0;aux_failures=0;duplicates=0,2020-03-01T00:00:00Z,2026-08-21T00:00:00Z,8,8,XMR/USDT,,,,0,13,0,sha256_e8d28cd87065e2c4fddc76d0370ed6ddf67047ffb0a8bbd02f4139488617d93b
AverageStrategy,spot_long,4h,PASS,policy=1;mode=spot;timeframe=4h;complete=8/8;availability_limited=1;sync_gaps=0;pair_gaps=0;aux_failures=0;duplicates=0,2020-03-01T00:00:00Z,2026-08-21T00:00:00Z,8,8,XMR/USDT,,,,0,0,0,sha256_3189fb1b70726edcb8094812a734108d82fb90f275749253fb8b98b5ce7d49ab
BBRSIOptimizedStrategy,spot_long,5m,PASS,policy=1;mode=spot;timeframe=5m;complete=8/8;availability_limited=1;sync_gaps=13;pair_gaps=0;aux_failures=0;duplicates=0,2020-03-01T00:00:00Z,2026-08-21T00:00:00Z,8,8,XMR/USDT,,,,0,13,0,sha256_e8d28cd87065e2c4fddc76d0370ed6ddf67047ffb0a8bbd02f4139488617d93b
BBRSITV,spot_long,5m,PASS,policy=1;mode=spot;timeframe=5m;complete=8/8;availability_limited=1;sync_gaps=13;pair_gaps=0;aux_failures=0;duplicates=0,2020-03-01T00:00:00Z,2026-08-21T00:00:00Z,8,8,XMR/USDT,,,,0,13,0,sha256_e8d28cd87065e2c4fddc76d0370ed6ddf67047ffb0a8bbd02f4139488617d93b
BB_RPB_3c,spot_long,5m,PASS,policy=1;mode=spot;timeframe=5m;complete=8/8;availability_limited=1;sync_gaps=13;pair_gaps=0;aux_failures=0;duplicates=0,2020-03-01T00:00:00Z,2026-08-21T00:00:00Z,8,8,XMR/USDT,,,,0,13,0,sha256_e8d28cd87065e2c4fddc76d0370ed6ddf67047ffb0a8bbd02f4139488617d93b
BB_RPB_TSL,spot_long,5m,PASS,policy=1;mode=spot;timeframe=5m;complete=8/8;availability_limited=1;sync_gaps=13;pair_gaps=0;aux_failures=0;duplicates=0,2020-03-01T00:00:00Z,2026-08-21T00:00:00Z,8,8,XMR/USDT,,,,0,13,0,sha256_e8d28cd87065e2c4fddc76d0370ed6ddf67047ffb0a8bbd02f4139488617d93b
BB_RPB_TSL_BIV1,spot_long,5m,PASS,policy=1;mode=spot;timeframe=5m;complete=8/8;availability_limited=1;sync_gaps=13;pair_gaps=0;aux_failures=0;duplicates=0,2020-03-01T00:00:00Z,2026-08-21T00:00:00Z,8,8,XMR/USDT,,,,0,13,0,sha256_e8d28cd87065e2c4fddc76d0370ed6ddf67047ffb0a8bbd02f4139488617d93b
BB_RPB_TSL_BI,spot_long,5m,PASS,policy=1;mode=spot;timeframe=5m;complete=8/8;availability_limited=1;sync_gaps=13;pair_gaps=0;aux_failures=0;duplicates=0,2020-03-01T00:00:00Z,2026-08-21T00:00:00Z,8,8,XMR/USDT,,,,0,13,0,sha256_e8d28cd87065e2c4fddc76d0370ed6ddf67047ffb0a8bbd02f4139488617d93b
BB_RPB_TSL_RNG,spot_long,5m,PASS,policy=1;mode=spot;timeframe=5m;complete=8/8;availability_limited=1;sync_gaps=13;pair_gaps=0;aux_failures=0;duplicates=0,2020-03-01T00:00:00Z,2026-08-21T00:00:00Z,8,8,XMR/USDT,,,,0,13,0,sha256_e8d28cd87065e2c4fddc76d0370ed6ddf67047ffb0a8bbd02f4139488617d93b
BB_RPB_TSL_RNG_TBS,spot_long,5m,PASS,policy=1;mode=spot;timeframe=5m;complete=8/8;availability_limited=1;sync_gaps=13;pair_gaps=0;aux_failures=0;duplicates=0,2020-03-01T00:00:00Z,2026-08-21T00:00:00Z,8,8,XMR/USDT,,,,0,13,0,sha256_e8d28cd87065e2c4fddc76d0370ed6ddf67047ffb0a8bbd02f4139488617d93b
BB_RPB_TSL_RNG_TBS_GOLD,spot_long,5m,PASS,policy=1;mode=spot;timeframe=5m;complete=8/8;availability_limited=1;sync_gaps=13;pair_gaps=0;aux_failures=0;duplicates=0,2020-03-01T00:00:00Z,2026-08-21T00:00:00Z,8,8,XMR/USDT,,,,0,13,0,sha256_e8d28cd87065e2c4fddc76d0370ed6ddf67047ffb0a8bbd02f4139488617d93b
BB_RPB_TSL_SMA_Tranz,spot_long,5m,PASS,policy=1;mode=spot;timeframe=5m;complete=8/8;availability_limited=1;sync_gaps=13;pair_gaps=0;aux_failures=0;duplicates=0,2020-03-01T00:00:00Z,2026-08-21T00:00:00Z,8,8,XMR/USDT,,,,0,13,0,sha256_e8d28cd87065e2c4fddc76d0370ed6ddf67047ffb0a8bbd02f4139488617d93b
BB_RSI,spot_long,,PENDING,unsupported_or_unknown_profile,2020-03-01T00:00:00Z,2026-08-21T00:00:00Z,0,0,,,,,,,,
BB_Strategy04,spot_long,,PENDING,unsupported_or_unknown_profile,2020-03-01T00:00:00Z,2026-08-21T00:00:00Z,0,0,,,,,,,,
BBands,spot_long,1m,PASS,policy=1;mode=spot;timeframe=1m;complete=8/8;availability_limited=1;sync_gaps=13;pair_gaps=0;aux_failures=0;duplicates=0,2020-03-01T00:00:00Z,2026-08-21T00:00:00Z,8,8,XMR/USDT,,,,0,13,0,sha256_abb17c3c2a1a410057e1351508eeebdd41b095e316f737ad57de215036a3c3e3
BBandsRSI,spot_long,5m,PASS,policy=1;mode=spot;timeframe=5m;complete=8/8;availability_limited=1;sync_gaps=13;pair_gaps=0;aux_failures=0;duplicates=0,2020-03-01T00:00:00Z,2026-08-21T00:00:00Z,8,8,XMR/USDT,,,,0,13,0,sha256_e8d28cd87065e2c4fddc76d0370ed6ddf67047ffb0a8bbd02f4139488617d93b
BbRoi,spot_long,,PENDING,unsupported_or_unknown_profile,2020-03-01T00:00:00Z,2026-08-21T00:00:00Z,0,0,,,,,,,,
BbandRsi,spot_long,1m,PASS,policy=1;mode=spot;timeframe=1m;complete=8/8;availability_limited=1;sync_gaps=13;pair_gaps=0;aux_failures=0;duplicates=0,2020-03-01T00:00:00Z,2026-08-21T00:00:00Z,8,8,XMR/USDT,,,,0,13,0,sha256_abb17c3c2a1a410057e1351508eeebdd41b095e316f737ad57de215036a3c3e3
BbandRsiRolling,spot_long,5m,PASS,policy=1;mode=spot;timeframe=5m;complete=8/8;availability_limited=1;sync_gaps=13;pair_gaps=0;aux_failures=0;duplicates=0,2020-03-01T00:00:00Z,2026-08-21T00:00:00Z,8,8,XMR/USDT,,,,0,13,0,sha256_e8d28cd87065e2c4fddc76d0370ed6ddf67047ffb0a8bbd02f4139488617d93b
BcmbigzDevelop,spot_long,5m,PASS,policy=1;mode=spot;timeframe=5m;complete=8/8;availability_limited=1;sync_gaps=13;pair_gaps=0;aux_failures=0;duplicates=0,2020-03-01T00:00:00Z,2026-08-21T00:00:00Z,8,8,XMR/USDT,,,,0,13,0,sha256_e8d28cd87065e2c4fddc76d0370ed6ddf67047ffb0a8bbd02f4139488617d93b
BcmbigzV1,spot_long,5m,PASS,policy=1;mode=spot;timeframe=5m;complete=8/8;availability_limited=1;sync_gaps=13;pair_gaps=0;aux_failures=0;duplicates=0,2020-03-01T00:00:00Z,2026-08-21T00:00:00Z,8,8,XMR/USDT,,,,0,13,0,sha256_e8d28cd87065e2c4fddc76d0370ed6ddf67047ffb0a8bbd02f4139488617d93b
BeastBotXBLR6,spot_long,5m,PASS,policy=1;mode=spot;timeframe=5m;complete=8/8;availability_limited=1;sync_gaps=13;pair_gaps=0;aux_failures=0;duplicates=0,2020-03-01T00:00:00Z,2026-08-21T00:00:00Z,8,8,XMR/USDT,,,,0,13,0,sha256_e8d28cd87065e2c4fddc76d0370ed6ddf67047ffb0a8bbd02f4139488617d93b
BeastBotXBLR7,spot_long,5m,PASS,policy=1;mode=spot;timeframe=5m;complete=8/8;availability_limited=1;sync_gaps=13;pair_gaps=0;aux_failures=0;duplicates=0,2020-03-01T00:00:00Z,2026-08-21T00:00:00Z,8,8,XMR/USDT,,,,0,13,0,sha256_e8d28cd87065e2c4fddc76d0370ed6ddf67047ffb0a8bbd02f4139488617d93b
BigZ04,spot_long,5m,PASS,policy=1;mode=spot;timeframe=5m;complete=8/8;availability_limited=1;sync_gaps=13;pair_gaps=0;aux_failures=0;duplicates=0,2020-03-01T00:00:00Z,2026-08-21T00:00:00Z,8,8,XMR/USDT,,,,0,13,0,sha256_e8d28cd87065e2c4fddc76d0370ed6ddf67047ffb0a8bbd02f4139488617d93b
BigZ04_TSL3,spot_long,5m,PASS,policy=1;mode=spot;timeframe=5m;complete=8/8;availability_limited=1;sync_gaps=13;pair_gaps=0;aux_failures=0;duplicates=0,2020-03-01T00:00:00Z,2026-08-21T00:00:00Z,8,8,XMR/USDT,,,,0,13,0,sha256_e8d28cd87065e2c4fddc76d0370ed6ddf67047ffb0a8bbd02f4139488617d93b
BinClucMadDevelop,spot_long,5m,PASS,policy=1;mode=spot;timeframe=5m;complete=8/8;availability_limited=1;sync_gaps=13;pair_gaps=0;aux_failures=0;duplicates=0,2020-03-01T00:00:00Z,2026-08-21T00:00:00Z,8,8,XMR/USDT,,,,0,13,0,sha256_e8d28cd87065e2c4fddc76d0370ed6ddf67047ffb0a8bbd02f4139488617d93b
CoreStrategy,spot_long,5m,PASS,policy=1;mode=spot;timeframe=5m;complete=8/8;availability_limited=1;sync_gaps=13;pair_gaps=0;aux_failures=0;duplicates=0,2020-03-01T00:00:00Z,2026-08-21T00:00:00Z,8,8,XMR/USDT,,,,0,13,0,sha256_e8d28cd87065e2c4fddc76d0370ed6ddf67047ffb0a8bbd02f4139488617d93b
BinHV27,spot_long,5m,PASS,policy=1;mode=spot;timeframe=5m;complete=8/8;availability_limited=1;sync_gaps=13;pair_gaps=0;aux_failures=0;duplicates=0,2020-03-01T00:00:00Z,2026-08-21T00:00:00Z,8,8,XMR/USDT,,,,0,13,0,sha256_e8d28cd87065e2c4fddc76d0370ed6ddf67047ffb0a8bbd02f4139488617d93b
BlueEyes_MPP_v1,spot_long,5m,PASS,policy=1;mode=spot;timeframe=5m;complete=8/8;availability_limited=1;sync_gaps=13;pair_gaps=0;aux_failures=0;duplicates=0,2020-03-01T00:00:00Z,2026-08-21T00:00:00Z,8,8,XMR/USDT,,,,0,13,0,sha256_e8d28cd87065e2c4fddc76d0370ed6ddf67047ffb0a8bbd02f4139488617d93b
BreakEven,spot_long,5m,PASS,policy=1;mode=spot;timeframe=5m;complete=8/8;availability_limited=1;sync_gaps=13;pair_gaps=0;aux_failures=0;duplicates=0,2020-03-01T00:00:00Z,2026-08-21T00:00:00Z,8,8,XMR/USDT,,,,0,13,0,sha256_e8d28cd87065e2c4fddc76d0370ed6ddf67047ffb0a8bbd02f4139488617d93b
BuyAllSellAllStrategy,spot_long,5m,PASS,policy=1;mode=spot;timeframe=5m;complete=8/8;availability_limited=1;sync_gaps=13;pair_gaps=0;aux_failures=0;duplicates=0,2020-03-01T00:00:00Z,2026-08-21T00:00:00Z,8,8,XMR/USDT,,,,0,13,0,sha256_e8d28cd87065e2c4fddc76d0370ed6ddf67047ffb0a8bbd02f4139488617d93b
CCIStrategy,spot_long,1m,PASS,policy=1;mode=spot;timeframe=1m;complete=8/8;availability_limited=1;sync_gaps=13;pair_gaps=0;aux_failures=0;duplicates=0,2020-03-01T00:00:00Z,2026-08-21T00:00:00Z,8,8,XMR/USDT,,,,0,13,0,sha256_abb17c3c2a1a410057e1351508eeebdd41b095e316f737ad57de215036a3c3e3
CMCWinner,spot_long,15m,PASS,policy=1;mode=spot;timeframe=15m;complete=8/8;availability_limited=1;sync_gaps=13;pair_gaps=0;aux_failures=0;duplicates=0,2020-03-01T00:00:00Z,2026-08-21T00:00:00Z,8,8,XMR/USDT,,,,0,13,0,sha256_59786b266b1661ca08381b938b2ca9cb3b6f40aac0325e00be1faef371623b6e
Chained,spot_long,,PENDING,unsupported_or_unknown_profile,2020-03-01T00:00:00Z,2026-08-21T00:00:00Z,0,0,,,,,,,,
Chispei,spot_long,,PENDING,unsupported_or_unknown_profile,2020-03-01T00:00:00Z,2026-08-21T00:00:00Z,0,0,,,,,,,,
Cluc4werk,spot_long,1m,PASS,policy=1;mode=spot;timeframe=1m;complete=8/8;availability_limited=1;sync_gaps=13;pair_gaps=0;aux_failures=0;duplicates=0,2020-03-01T00:00:00Z,2026-08-21T00:00:00Z,8,8,XMR/USDT,,,,0,13,0,sha256_abb17c3c2a1a410057e1351508eeebdd41b095e316f737ad57de215036a3c3e3
Cluc5werk,spot_long,1m,PASS,policy=1;mode=spot;timeframe=1m;complete=8/8;availability_limited=1;sync_gaps=13;pair_gaps=0;aux_failures=0;duplicates=0,2020-03-01T00:00:00Z,2026-08-21T00:00:00Z,8,8,XMR/USDT,,,,0,13,0,sha256_abb17c3c2a1a410057e1351508eeebdd41b095e316f737ad57de215036a3c3e3
Cluc7werk,spot_long,1m,PASS,policy=1;mode=spot;timeframe=1m;complete=8/8;availability_limited=1;sync_gaps=13;pair_gaps=0;aux_failures=0;duplicates=0,2020-03-01T00:00:00Z,2026-08-21T00:00:00Z,8,8,XMR/USDT,,,,0,13,0,sha256_abb17c3c2a1a410057e1351508eeebdd41b095e316f737ad57de215036a3c3e3
ClucCrypROI,spot_long,,PENDING,unsupported_or_unknown_profile,2020-03-01T00:00:00Z,2026-08-21T00:00:00Z,0,0,,,,,,,,
ClucCrypSlow,spot_long,,PENDING,unsupported_or_unknown_profile,2020-03-01T00:00:00Z,2026-08-21T00:00:00Z,0,0,,,,,,,,
ClucFiatROI,spot_long,5m,PASS,policy=1;mode=spot;timeframe=5m;complete=8/8;availability_limited=1;sync_gaps=13;pair_gaps=0;aux_failures=0;duplicates=0,2020-03-01T00:00:00Z,2026-08-21T00:00:00Z,8,8,XMR/USDT,,,,0,13,0,sha256_e8d28cd87065e2c4fddc76d0370ed6ddf67047ffb0a8bbd02f4139488617d93b
ClucFiatSlow,spot_long,5m,PASS,policy=1;mode=spot;timeframe=5m;complete=8/8;availability_limited=1;sync_gaps=13;pair_gaps=0;aux_failures=0;duplicates=0,2020-03-01T00:00:00Z,2026-08-21T00:00:00Z,8,8,XMR/USDT,,,,0,13,0,sha256_e8d28cd87065e2c4fddc76d0370ed6ddf67047ffb0a8bbd02f4139488617d93b
ClucHAnix,spot_long,1m,PASS,policy=1;mode=spot;timeframe=1m;complete=8/8;availability_limited=1;sync_gaps=13;pair_gaps=0;aux_failures=0;duplicates=0,2020-03-01T00:00:00Z,2026-08-21T00:00:00Z,8,8,XMR/USDT,,,,0,13,0,sha256_abb17c3c2a1a410057e1351508eeebdd41b095e316f737ad57de215036a3c3e3
ClucHAnix_5m1,spot_long,5m,PASS,policy=1;mode=spot;timeframe=5m;complete=8/8;availability_limited=1;sync_gaps=13;pair_gaps=0;aux_failures=0;duplicates=0,2020-03-01T00:00:00Z,2026-08-21T00:00:00Z,8,8,XMR/USDT,,,,0,13,0,sha256_e8d28cd87065e2c4fddc76d0370ed6ddf67047ffb0a8bbd02f4139488617d93b
ClucHAnix_5m,spot_long,5m,PASS,policy=1;mode=spot;timeframe=5m;complete=8/8;availability_limited=1;sync_gaps=13;pair_gaps=0;aux_failures=0;duplicates=0,2020-03-01T00:00:00Z,2026-08-21T00:00:00Z,8,8,XMR/USDT,,,,0,13,0,sha256_e8d28cd87065e2c4fddc76d0370ed6ddf67047ffb0a8bbd02f4139488617d93b
ClucHAnix_BB_RPB,spot_long,1m,PASS,policy=1;mode=spot;timeframe=1m;complete=8/8;availability_limited=1;sync_gaps=13;pair_gaps=0;aux_failures=0;duplicates=0,2020-03-01T00:00:00Z,2026-08-21T00:00:00Z,8,8,XMR/USDT,,,,0,13,0,sha256_abb17c3c2a1a410057e1351508eeebdd41b095e316f737ad57de215036a3c3e3
ClucHAnix_BB_RPB_HO2,spot_long,1m,PASS,policy=1;mode=spot;timeframe=1m;complete=8/8;availability_limited=1;sync_gaps=13;pair_gaps=0;aux_failures=0;duplicates=0,2020-03-01T00:00:00Z,2026-08-21T00:00:00Z,8,8,XMR/USDT,,,,0,13,0,sha256_abb17c3c2a1a410057e1351508eeebdd41b095e316f737ad57de215036a3c3e3
ClucHAnix_BB_RPB_MOD,spot_long,1m,PASS,policy=1;mode=spot;timeframe=1m;complete=8/8;availability_limited=1;sync_gaps=13;pair_gaps=0;aux_failures=0;duplicates=0,2020-03-01T00:00:00Z,2026-08-21T00:00:00Z,8,8,XMR/USDT,,,,0,13,0,sha256_abb17c3c2a1a410057e1351508eeebdd41b095e316f737ad57de215036a3c3e3
ClucHAnix5m,spot_long,5m,PASS,policy=1;mode=spot;timeframe=5m;complete=8/8;availability_limited=1;sync_gaps=13;pair_gaps=0;aux_failures=0;duplicates=0,2020-03-01T00:00:00Z,2026-08-21T00:00:00Z,8,8,XMR/USDT,,,,0,13,0,sha256_e8d28cd87065e2c4fddc76d0370ed6ddf67047ffb0a8bbd02f4139488617d93b
ClucHAnix_BB_RPB_MOD_trailing_buy,spot_long,5m,PASS,policy=1;mode=spot;timeframe=5m;complete=8/8;availability_limited=1;sync_gaps=13;pair_gaps=0;aux_failures=0;duplicates=0,2020-03-01T00:00:00Z,2026-08-21T00:00:00Z,8,8,XMR/USDT,,,,0,13,0,sha256_e8d28cd87065e2c4fddc76d0370ed6ddf67047ffb0a8bbd02f4139488617d93b
ClucHAnix_hhll,spot_long,5m,PASS,policy=1;mode=spot;timeframe=5m;complete=8/8;availability_limited=1;sync_gaps=13;pair_gaps=0;aux_failures=0;duplicates=0,2020-03-01T00:00:00Z,2026-08-21T00:00:00Z,8,8,XMR/USDT,,,,0,13,0,sha256_e8d28cd87065e2c4fddc76d0370ed6ddf67047ffb0a8bbd02f4139488617d93b
ClucHAwerk,spot_long,1m,PASS,policy=1;mode=spot;timeframe=1m;complete=8/8;availability_limited=1;sync_gaps=13;pair_gaps=0;aux_failures=0;duplicates=0,2020-03-01T00:00:00Z,2026-08-21T00:00:00Z,8,8,XMR/USDT,,,,0,13,0,sha256_abb17c3c2a1a410057e1351508eeebdd41b095e316f737ad57de215036a3c3e3
ClucMay72018,spot_long,5m,PASS,policy=1;mode=spot;timeframe=5m;complete=8/8;availability_limited=1;sync_gaps=13;pair_gaps=0;aux_failures=0;duplicates=0,2020-03-01T00:00:00Z,2026-08-21T00:00:00Z,8,8,XMR/USDT,,,,0,13,0,sha256_e8d28cd87065e2c4fddc76d0370ed6ddf67047ffb0a8bbd02f4139488617d93b
CofiBitStrategy,spot_long,5m,PASS,policy=1;mode=spot;timeframe=5m;complete=8/8;availability_limited=1;sync_gaps=13;pair_gaps=0;aux_failures=0;duplicates=0,2020-03-01T00:00:00Z,2026-08-21T00:00:00Z,8,8,XMR/USDT,,,,0,13,0,sha256_e8d28cd87065e2c4fddc76d0370ed6ddf67047ffb0a8bbd02f4139488617d93b
CombinedBinHAndCluc,spot_long,5m,PASS,policy=1;mode=spot;timeframe=5m;complete=8/8;availability_limited=1;sync_gaps=13;pair_gaps=0;aux_failures=0;duplicates=0,2020-03-01T00:00:00Z,2026-08-21T00:00:00Z,8,8,XMR/USDT,,,,0,13,0,sha256_e8d28cd87065e2c4fddc76d0370ed6ddf67047ffb0a8bbd02f4139488617d93b
CombinedBinHAndCluc2021,spot_long,5m,PASS,policy=1;mode=spot;timeframe=5m;complete=8/8;availability_limited=1;sync_gaps=13;pair_gaps=0;aux_failures=0;duplicates=0,2020-03-01T00:00:00Z,2026-08-21T00:00:00Z,8,8,XMR/USDT,,,,0,13,0,sha256_e8d28cd87065e2c4fddc76d0370ed6ddf67047ffb0a8bbd02f4139488617d93b
CombinedBinHAndCluc2021Bull,spot_long,5m,PASS,policy=1;mode=spot;timeframe=5m;complete=8/8;availability_limited=1;sync_gaps=13;pair_gaps=0;aux_failures=0;duplicates=0,2020-03-01T00:00:00Z,2026-08-21T00:00:00Z,8,8,XMR/USDT,,,,0,13,0,sha256_e8d28cd87065e2c4fddc76d0370ed6ddf67047ffb0a8bbd02f4139488617d93b
CombinedBinHAndClucV2,spot_long,5m,PASS,policy=1;mode=spot;timeframe=5m;complete=8/8;availability_limited=1;sync_gaps=13;pair_gaps=0;aux_failures=0;duplicates=0,2020-03-01T00:00:00Z,2026-08-21T00:00:00Z,8,8,XMR/USDT,,,,0,13,0,sha256_e8d28cd87065e2c4fddc76d0370ed6ddf67047ffb0a8bbd02f4139488617d93b
CombinedBinHAndClucV4,spot_long,5m,PASS,policy=1;mode=spot;timeframe=5m;complete=8/8;availability_limited=1;sync_gaps=13;pair_gaps=0;aux_failures=0;duplicates=0,2020-03-01T00:00:00Z,2026-08-21T00:00:00Z,8,8,XMR/USDT,,,,0,13,0,sha256_e8d28cd87065e2c4fddc76d0370ed6ddf67047ffb0a8bbd02f4139488617d93b
CombinedBinHAndClucV5,spot_long,5m,PASS,policy=1;mode=spot;timeframe=5m;complete=8/8;availability_limited=1;sync_gaps=13;pair_gaps=0;aux_failures=0;duplicates=0,2020-03-01T00:00:00Z,2026-08-21T00:00:00Z,8,8,XMR/USDT,,,,0,13,0,sha256_e8d28cd87065e2c4fddc76d0370ed6ddf67047ffb0a8bbd02f4139488617d93b
CombinedBinHAndClucV6,spot_long,5m,PASS,policy=1;mode=spot;timeframe=5m;complete=8/8;availability_limited=1;sync_gaps=13;pair_gaps=0;aux_failures=0;duplicates=0,2020-03-01T00:00:00Z,2026-08-21T00:00:00Z,8,8,XMR/USDT,,,,0,13,0,sha256_e8d28cd87065e2c4fddc76d0370ed6ddf67047ffb0a8bbd02f4139488617d93b
CombinedBinHAndClucV6H,spot_long,5m,PASS,policy=1;mode=spot;timeframe=5m;complete=8/8;availability_limited=1;sync_gaps=13;pair_gaps=0;aux_failures=0;duplicates=0,2020-03-01T00:00:00Z,2026-08-21T00:00:00Z,8,8,XMR/USDT,,,,0,13,0,sha256_e8d28cd87065e2c4fddc76d0370ed6ddf67047ffb0a8bbd02f4139488617d93b
CombinedBinHAndClucV7,spot_long,5m,PASS,policy=1;mode=spot;timeframe=5m;complete=8/8;availability_limited=1;sync_gaps=13;pair_gaps=0;aux_failures=0;duplicates=0,2020-03-01T00:00:00Z,2026-08-21T00:00:00Z,8,8,XMR/USDT,,,,0,13,0,sha256_e8d28cd87065e2c4fddc76d0370ed6ddf67047ffb0a8bbd02f4139488617d93b
CombinedBinHAndClucV8,spot_long,5m,PASS,policy=1;mode=spot;timeframe=5m;complete=8/8;availability_limited=1;sync_gaps=13;pair_gaps=0;aux_failures=0;duplicates=0,2020-03-01T00:00:00Z,2026-08-21T00:00:00Z,8,8,XMR/USDT,,,,0,13,0,sha256_e8d28cd87065e2c4fddc76d0370ed6ddf67047ffb0a8bbd02f4139488617d93b
CombinedBinHAndClucV8Hyper,spot_long,5m,PASS,policy=1;mode=spot;timeframe=5m;complete=8/8;availability_limited=1;sync_gaps=13;pair_gaps=0;aux_failures=0;duplicates=0,2020-03-01T00:00:00Z,2026-08-21T00:00:00Z,8,8,XMR/USDT,,,,0,13,0,sha256_e8d28cd87065e2c4fddc76d0370ed6ddf67047ffb0a8bbd02f4139488617d93b
CombinedBinHAndClucV8XH,spot_long,5m,PASS,policy=1;mode=spot;timeframe=5m;complete=8/8;availability_limited=1;sync_gaps=13;pair_gaps=0;aux_failures=0;duplicates=0,2020-03-01T00:00:00Z,2026-08-21T00:00:00Z,8,8,XMR/USDT,,,,0,13,0,sha256_e8d28cd87065e2c4fddc76d0370ed6ddf67047ffb0a8bbd02f4139488617d93b
CombinedBinHClucAndMADV3,spot_long,5m,PASS,policy=1;mode=spot;timeframe=5m;complete=8/8;availability_limited=1;sync_gaps=13;pair_gaps=0;aux_failures=0;duplicates=0,2020-03-01T00:00:00Z,2026-08-21T00:00:00Z,8,8,XMR/USDT,,,,0,13,0,sha256_e8d28cd87065e2c4fddc76d0370ed6ddf67047ffb0a8bbd02f4139488617d93b
CombinedBinHClucAndMADV6,spot_long,5m,PASS,policy=1;mode=spot;timeframe=5m;complete=8/8;availability_limited=1;sync_gaps=13;pair_gaps=0;aux_failures=0;duplicates=0,2020-03-01T00:00:00Z,2026-08-21T00:00:00Z,8,8,XMR/USDT,,,,0,13,0,sha256_e8d28cd87065e2c4fddc76d0370ed6ddf67047ffb0a8bbd02f4139488617d93b
CombinedBinHClucAndMADV9,spot_long,5m,PASS,policy=1;mode=spot;timeframe=5m;complete=8/8;availability_limited=1;sync_gaps=13;pair_gaps=0;aux_failures=0;duplicates=0,2020-03-01T00:00:00Z,2026-08-21T00:00:00Z,8,8,XMR/USDT,,,,0,13,0,sha256_e8d28cd87065e2c4fddc76d0370ed6ddf67047ffb0a8bbd02f4139488617d93b
Combined_NFIv6_SMA,spot_long,5m,PASS,policy=1;mode=spot;timeframe=5m;complete=8/8;availability_limited=1;sync_gaps=13;pair_gaps=0;aux_failures=0;duplicates=0,2020-03-01T00:00:00Z,2026-08-21T00:00:00Z,8,8,XMR/USDT,,,,0,13,0,sha256_e8d28cd87065e2c4fddc76d0370ed6ddf67047ffb0a8bbd02f4139488617d93b
CrossEMAStrategy,spot_long,1h,PASS,policy=1;mode=spot;timeframe=1h;complete=8/8;availability_limited=1;sync_gaps=13;pair_gaps=0;aux_failures=0;duplicates=0,2020-03-01T00:00:00Z,2026-08-21T00:00:00Z,8,8,XMR/USDT,,,,0,13,0,sha256_ca7ff1931fd6c56a6b8207860a55741af9c20bb55de36000b62730174c4f2937
CryptoFrog,spot_long,5m,PASS,policy=1;mode=spot;timeframe=5m;complete=8/8;availability_limited=1;sync_gaps=13;pair_gaps=0;aux_failures=0;duplicates=0,2020-03-01T00:00:00Z,2026-08-21T00:00:00Z,8,8,XMR/USDT,,,,0,13,0,sha256_e8d28cd87065e2c4fddc76d0370ed6ddf67047ffb0a8bbd02f4139488617d93b
CryptoFrogHO,spot_long,5m,PASS,policy=1;mode=spot;timeframe=5m;complete=8/8;availability_limited=1;sync_gaps=13;pair_gaps=0;aux_failures=0;duplicates=0,2020-03-01T00:00:00Z,2026-08-21T00:00:00Z,8,8,XMR/USDT,,,,0,13,0,sha256_e8d28cd87065e2c4fddc76d0370ed6ddf67047ffb0a8bbd02f4139488617d93b
CryptoFrogHO2,spot_long,5m,PASS,policy=1;mode=spot;timeframe=5m;complete=8/8;availability_limited=1;sync_gaps=13;pair_gaps=0;aux_failures=0;duplicates=0,2020-03-01T00:00:00Z,2026-08-21T00:00:00Z,8,8,XMR/USDT,,,,0,13,0,sha256_e8d28cd87065e2c4fddc76d0370ed6ddf67047ffb0a8bbd02f4139488617d93b
CryptoFrogHO2A,spot_long,5m,PASS,policy=1;mode=spot;timeframe=5m;complete=8/8;availability_limited=1;sync_gaps=13;pair_gaps=0;aux_failures=0;duplicates=0,2020-03-01T00:00:00Z,2026-08-21T00:00:00Z,8,8,XMR/USDT,,,,0,13,0,sha256_e8d28cd87065e2c4fddc76d0370ed6ddf67047ffb0a8bbd02f4139488617d93b
CryptoFrogHO3A1,spot_long,5m,PASS,policy=1;mode=spot;timeframe=5m;complete=8/8;availability_limited=1;sync_gaps=13;pair_gaps=0;aux_failures=0;duplicates=0,2020-03-01T00:00:00Z,2026-08-21T00:00:00Z,8,8,XMR/USDT,,,,0,13,0,sha256_e8d28cd87065e2c4fddc76d0370ed6ddf67047ffb0a8bbd02f4139488617d93b
CryptoFrogHO3A2,spot_long,5m,PASS,policy=1;mode=spot;timeframe=5m;complete=8/8;availability_limited=1;sync_gaps=13;pair_gaps=0;aux_failures=0;duplicates=0,2020-03-01T00:00:00Z,2026-08-21T00:00:00Z,8,8,XMR/USDT,,,,0,13,0,sha256_e8d28cd87065e2c4fddc76d0370ed6ddf67047ffb0a8bbd02f4139488617d93b
CryptoFrogHO3A3,spot_long,5m,PASS,policy=1;mode=spot;timeframe=5m;complete=8/8;availability_limited=1;sync_gaps=13;pair_gaps=0;aux_failures=0;duplicates=0,2020-03-01T00:00:00Z,2026-08-21T00:00:00Z,8,8,XMR/USDT,,,,0,13,0,sha256_e8d28cd87065e2c4fddc76d0370ed6ddf67047ffb0a8bbd02f4139488617d93b
CryptoFrogHO3A4,spot_long,5m,PASS,policy=1;mode=spot;timeframe=5m;complete=8/8;availability_limited=1;sync_gaps=13;pair_gaps=0;aux_failures=0;duplicates=0,2020-03-01T00:00:00Z,2026-08-21T00:00:00Z,8,8,XMR/USDT,,,,0,13,0,sha256_e8d28cd87065e2c4fddc76d0370ed6ddf67047ffb0a8bbd02f4139488617d93b
CryptoFrogNFI,spot_long,5m,PASS,policy=1;mode=spot;timeframe=5m;complete=8/8;availability_limited=1;sync_gaps=13;pair_gaps=0;aux_failures=0;duplicates=0,2020-03-01T00:00:00Z,2026-08-21T00:00:00Z,8,8,XMR/USDT,,,,0,13,0,sha256_e8d28cd87065e2c4fddc76d0370ed6ddf67047ffb0a8bbd02f4139488617d93b
CryptoFrogNFI2,spot_long,5m,PASS,policy=1;mode=spot;timeframe=5m;complete=8/8;availability_limited=1;sync_gaps=13;pair_gaps=0;aux_failures=0;duplicates=0,2020-03-01T00:00:00Z,2026-08-21T00:00:00Z,8,8,XMR/USDT,,,,0,13,0,sha256_e8d28cd87065e2c4fddc76d0370ed6ddf67047ffb0a8bbd02f4139488617d93b
CryptoFrogNFIHO1A,spot_long,5m,PASS,policy=1;mode=spot;timeframe=5m;complete=8/8;availability_limited=1;sync_gaps=13;pair_gaps=0;aux_failures=0;duplicates=0,2020-03-01T00:00:00Z,2026-08-21T00:00:00Z,8,8,XMR/USDT,,,,0,13,0,sha256_e8d28cd87065e2c4fddc76d0370ed6ddf67047ffb0a8bbd02f4139488617d93b
CryptoFrogOffset,spot_long,5m,PASS,policy=1;mode=spot;timeframe=5m;complete=8/8;availability_limited=1;sync_gaps=13;pair_gaps=0;aux_failures=0;duplicates=0,2020-03-01T00:00:00Z,2026-08-21T00:00:00Z,8,8,XMR/USDT,,,,0,13,0,sha256_e8d28cd87065e2c4fddc76d0370ed6ddf67047ffb0a8bbd02f4139488617d93b
DIV_v1,spot_long,5m,PASS,policy=1;mode=spot;timeframe=5m;complete=8/8;availability_limited=1;sync_gaps=13;pair_gaps=0;aux_failures=0;duplicates=0,2020-03-01T00:00:00Z,2026-08-21T00:00:00Z,8,8,XMR/USDT,,,,0,13,0,sha256_e8d28cd87065e2c4fddc76d0370ed6ddf67047ffb0a8bbd02f4139488617d93b
DevilStra,spot_long,4h,PASS,policy=1;mode=spot;timeframe=4h;complete=8/8;availability_limited=1;sync_gaps=0;pair_gaps=0;aux_failures=0;duplicates=0,2020-03-01T00:00:00Z,2026-08-21T00:00:00Z,8,8,XMR/USDT,,,,0,0,0,sha256_3189fb1b70726edcb8094812a734108d82fb90f275749253fb8b98b5ce7d49ab
Divergences,spot_long,1h,PASS,policy=1;mode=spot;timeframe=1h;complete=8/8;availability_limited=1;sync_gaps=13;pair_gaps=0;aux_failures=0;duplicates=0,2020-03-01T00:00:00Z,2026-08-21T00:00:00Z,8,8,XMR/USDT,,,,0,13,0,sha256_ca7ff1931fd6c56a6b8207860a55741af9c20bb55de36000b62730174c4f2937
DoesNothingStrategy,spot_long,5m,PASS,policy=1;mode=spot;timeframe=5m;complete=8/8;availability_limited=1;sync_gaps=13;pair_gaps=0;aux_failures=0;duplicates=0,2020-03-01T00:00:00Z,2026-08-21T00:00:00Z,8,8,XMR/USDT,,,,0,13,0,sha256_e8d28cd87065e2c4fddc76d0370ed6ddf67047ffb0a8bbd02f4139488617d93b
Dracula,spot_long,1m,PASS,policy=1;mode=spot;timeframe=1m;complete=8/8;availability_limited=1;sync_gaps=13;pair_gaps=0;aux_failures=0;duplicates=0,2020-03-01T00:00:00Z,2026-08-21T00:00:00Z,8,8,XMR/USDT,,,,0,13,0,sha256_abb17c3c2a1a410057e1351508eeebdd41b095e316f737ad57de215036a3c3e3
Dyna_opti,spot_long,5m,PASS,policy=1;mode=spot;timeframe=5m;complete=8/8;availability_limited=1;sync_gaps=13;pair_gaps=0;aux_failures=0;duplicates=0,2020-03-01T00:00:00Z,2026-08-21T00:00:00Z,8,8,XMR/USDT,,,,0,13,0,sha256_e8d28cd87065e2c4fddc76d0370ed6ddf67047ffb0a8bbd02f4139488617d93b
EMASkipPump,spot_long,5m,PASS,policy=1;mode=spot;timeframe=5m;complete=8/8;availability_limited=1;sync_gaps=13;pair_gaps=0;aux_failures=0;duplicates=0,2020-03-01T00:00:00Z,2026-08-21T00:00:00Z,8,8,XMR/USDT,,,,0,13,0,sha256_e8d28cd87065e2c4fddc76d0370ed6ddf67047ffb0a8bbd02f4139488617d93b
EMAVolume,spot_long,,PENDING,unsupported_or_unknown_profile,2020-03-01T00:00:00Z,2026-08-21T00:00:00Z,0,0,,,,,,,,
EnsembleStrategy,spot_long,,PENDING,unsupported_or_unknown_profile,2020-03-01T00:00:00Z,2026-08-21T00:00:00Z,0,0,,,,,,,,
EnsembleStrategyV1,spot_long,,PENDING,unsupported_or_unknown_profile,2020-03-01T00:00:00Z,2026-08-21T00:00:00Z,0,0,,,,,,,,
EnsembleStrategyV2,spot_long,,PENDING,unsupported_or_unknown_profile,2020-03-01T00:00:00Z,2026-08-21T00:00:00Z,0,0,,,,,,,,
Ichi,spot_long,15m,PASS,policy=1;mode=spot;timeframe=15m;complete=8/8;availability_limited=1;sync_gaps=13;pair_gaps=0;aux_failures=0;duplicates=0,2020-03-01T00:00:00Z,2026-08-21T00:00:00Z,8,8,XMR/USDT,,,,0,13,0,sha256_59786b266b1661ca08381b938b2ca9cb3b6f40aac0325e00be1faef371623b6e
FRAYSTRAT,spot_long,15m,PASS,policy=1;mode=spot;timeframe=15m;complete=8/8;availability_limited=1;sync_gaps=13;pair_gaps=0;aux_failures=0;duplicates=0,2020-03-01T00:00:00Z,2026-08-21T00:00:00Z,8,8,XMR/USDT,,,,0,13,0,sha256_59786b266b1661ca08381b938b2ca9cb3b6f40aac0325e00be1faef371623b6e
FrayStratBTC,spot_long,15m,PASS,policy=1;mode=spot;timeframe=15m;complete=8/8;availability_limited=1;sync_gaps=13;pair_gaps=0;aux_failures=0;duplicates=0,2020-03-01T00:00:00Z,2026-08-21T00:00:00Z,8,8,XMR/USDT,,,,0,13,0,sha256_59786b266b1661ca08381b938b2ca9cb3b6f40aac0325e00be1faef371623b6e
FiveMinCrossAbove,spot_long,5m,PASS,policy=1;mode=spot;timeframe=5m;complete=8/8;availability_limited=1;sync_gaps=13;pair_gaps=0;aux_failures=0;duplicates=0,2020-03-01T00:00:00Z,2026-08-21T00:00:00Z,8,8,XMR/USDT,,,,0,13,0,sha256_e8d28cd87065e2c4fddc76d0370ed6ddf67047ffb0a8bbd02f4139488617d93b
FixedRiskRewardLoss,spot_long,,PENDING,unsupported_or_unknown_profile,2020-03-01T00:00:00Z,2026-08-21T00:00:00Z,0,0,,,,,,,,
FrayLIVEBTC15m,spot_long,15m,PASS,policy=1;mode=spot;timeframe=15m;complete=8/8;availability_limited=1;sync_gaps=13;pair_gaps=0;aux_failures=0;duplicates=0,2020-03-01T00:00:00Z,2026-08-21T00:00:00Z,8,8,XMR/USDT,,,,0,13,0,sha256_59786b266b1661ca08381b938b2ca9cb3b6f40aac0325e00be1faef371623b6e
NEWTEST15m,spot_long,15m,PASS,policy=1;mode=spot;timeframe=15m;complete=8/8;availability_limited=1;sync_gaps=13;pair_gaps=0;aux_failures=0;duplicates=0,2020-03-01T00:00:00Z,2026-08-21T00:00:00Z,8,8,XMR/USDT,,,,0,13,0,sha256_59786b266b1661ca08381b938b2ca9cb3b6f40aac0325e00be1faef371623b6e
FrostAuraM115mStrategy,spot_long,15m,PASS,policy=1;mode=spot;timeframe=15m;complete=8/8;availability_limited=1;sync_gaps=13;pair_gaps=0;aux_failures=0;duplicates=0,2020-03-01T00:00:00Z,2026-08-21T00:00:00Z,8,8,XMR/USDT,,,,0,13,0,sha256_59786b266b1661ca08381b938b2ca9cb3b6f40aac0325e00be1faef371623b6e
FrostAuraM11hStrategy,spot_long,1h,PASS,policy=1;mode=spot;timeframe=1h;complete=8/8;availability_limited=1;sync_gaps=13;pair_gaps=0;aux_failures=0;duplicates=0,2020-03-01T00:00:00Z,2026-08-21T00:00:00Z,8,8,XMR/USDT,,,,0,13,0,sha256_ca7ff1931fd6c56a6b8207860a55741af9c20bb55de36000b62730174c4f2937
FrostAuraM21hStrategy,spot_long,15m,PASS,policy=1;mode=spot;timeframe=15m;complete=8/8;availability_limited=1;sync_gaps=13;pair_gaps=0;aux_failures=0;duplicates=0,2020-03-01T00:00:00Z,2026-08-21T00:00:00Z,8,8,XMR/USDT,,,,0,13,0,sha256_59786b266b1661ca08381b938b2ca9cb3b6f40aac0325e00be1faef371623b6e
FrostAuraM315mStrategy,spot_long,15m,PASS,policy=1;mode=spot;timeframe=15m;complete=8/8;availability_limited=1;sync_gaps=13;pair_gaps=0;aux_failures=0;duplicates=0,2020-03-01T00:00:00Z,2026-08-21T00:00:00Z,8,8,XMR/USDT,,,,0,13,0,sha256_59786b266b1661ca08381b938b2ca9cb3b6f40aac0325e00be1faef371623b6e
FrostAuraM31hStrategy,spot_long,1h,PASS,policy=1;mode=spot;timeframe=1h;complete=8/8;availability_limited=1;sync_gaps=13;pair_gaps=0;aux_failures=0;duplicates=0,2020-03-01T00:00:00Z,2026-08-21T00:00:00Z,8,8,XMR/USDT,,,,0,13,0,sha256_ca7ff1931fd6c56a6b8207860a55741af9c20bb55de36000b62730174c4f2937
GodStraNew,spot_long,4h,PASS,policy=1;mode=spot;timeframe=4h;complete=8/8;availability_limited=1;sync_gaps=0;pair_gaps=0;aux_failures=0;duplicates=0,2020-03-01T00:00:00Z,2026-08-21T00:00:00Z,8,8,XMR/USDT,,,,0,0,0,sha256_3189fb1b70726edcb8094812a734108d82fb90f275749253fb8b98b5ce7d49ab
GodStra,spot_long,12h,PASS,policy=1;mode=spot;timeframe=12h;complete=8/8;availability_limited=1;sync_gaps=0;pair_gaps=0;aux_failures=0;duplicates=0,2020-03-01T00:00:00Z,2026-08-21T00:00:00Z,8,8,XMR/USDT,,,,0,0,0,sha256_620ecab3dcb19dd37f6f8d98b35674a4096b43b60a4c575c8cbfa41ca178acc7
GodStraNew40,spot_long,4h,PASS,policy=1;mode=spot;timeframe=4h;complete=8/8;availability_limited=1;sync_gaps=0;pair_gaps=0;aux_failures=0;duplicates=0,2020-03-01T00:00:00Z,2026-08-21T00:00:00Z,8,8,XMR/USDT,,,,0,0,0,sha256_3189fb1b70726edcb8094812a734108d82fb90f275749253fb8b98b5ce7d49ab
GodStraNew_SMAonly,spot_long,5m,PASS,policy=1;mode=spot;timeframe=5m;complete=8/8;availability_limited=1;sync_gaps=13;pair_gaps=0;aux_failures=0;duplicates=0,2020-03-01T00:00:00Z,2026-08-21T00:00:00Z,8,8,XMR/USDT,,,,0,13,0,sha256_e8d28cd87065e2c4fddc76d0370ed6ddf67047ffb0a8bbd02f4139488617d93b
GymStrategy,spot_long,,PENDING,unsupported_or_unknown_profile,2020-03-01T00:00:00Z,2026-08-21T00:00:00Z,0,0,,,,,,,,
HLHB,spot_long,4h,PASS,policy=1;mode=spot;timeframe=4h;complete=8/8;availability_limited=1;sync_gaps=0;pair_gaps=0;aux_failures=0;duplicates=0,2020-03-01T00:00:00Z,2026-08-21T00:00:00Z,8,8,XMR/USDT,,,,0,0,0,sha256_3189fb1b70726edcb8094812a734108d82fb90f275749253fb8b98b5ce7d49ab
HansenSmaOffsetV1,spot_long,15m,PASS,policy=1;mode=spot;timeframe=15m;complete=8/8;availability_limited=1;sync_gaps=13;pair_gaps=0;aux_failures=0;duplicates=0,2020-03-01T00:00:00Z,2026-08-21T00:00:00Z,8,8,XMR/USDT,,,,0,13,0,sha256_59786b266b1661ca08381b938b2ca9cb3b6f40aac0325e00be1faef371623b6e
Heracles,spot_long,4h,PASS,policy=1;mode=spot;timeframe=4h;complete=8/8;availability_limited=1;sync_gaps=0;pair_gaps=0;aux_failures=0;duplicates=0,2020-03-01T00:00:00Z,2026-08-21T00:00:00Z,8,8,XMR/USDT,,,,0,0,0,sha256_3189fb1b70726edcb8094812a734108d82fb90f275749253fb8b98b5ce7d49ab
HourBasedStrategy,spot_long,1h,PASS,policy=1;mode=spot;timeframe=1h;complete=8/8;availability_limited=1;sync_gaps=13;pair_gaps=0;aux_failures=0;duplicates=0,2020-03-01T00:00:00Z,2026-08-21T00:00:00Z,8,8,XMR/USDT,,,,0,13,0,sha256_ca7ff1931fd6c56a6b8207860a55741af9c20bb55de36000b62730174c4f2937
HyperStra_GSN_SMAOnly,spot_long,5m,PASS,policy=1;mode=spot;timeframe=5m;complete=8/8;availability_limited=1;sync_gaps=13;pair_gaps=0;aux_failures=0;duplicates=0,2020-03-01T00:00:00Z,2026-08-21T00:00:00Z,8,8,XMR/USDT,,,,0,13,0,sha256_e8d28cd87065e2c4fddc76d0370ed6ddf67047ffb0a8bbd02f4139488617d93b
HyperStra_SMAOnly,spot_long,5m,PASS,policy=1;mode=spot;timeframe=5m;complete=8/8;availability_limited=1;sync_gaps=13;pair_gaps=0;aux_failures=0;duplicates=0,2020-03-01T00:00:00Z,2026-08-21T00:00:00Z,8,8,XMR/USDT,,,,0,13,0,sha256_e8d28cd87065e2c4fddc76d0370ed6ddf67047ffb0a8bbd02f4139488617d93b
Ichess,spot_long,1d,PASS,policy=1;mode=spot;timeframe=1d;complete=8/8;availability_limited=1;sync_gaps=0;pair_gaps=0;aux_failures=0;duplicates=0,2020-03-01T00:00:00Z,2026-08-21T00:00:00Z,8,8,XMR/USDT,,,,0,0,0,sha256_e606ca78497360fc0ec1042bb6ffe7a553818da8fe41f9ff04e1b6ca510a956a
Ichimoku,spot_long,5m,PASS,policy=1;mode=spot;timeframe=5m;complete=8/8;availability_limited=1;sync_gaps=13;pair_gaps=0;aux_failures=0;duplicates=0,2020-03-01T00:00:00Z,2026-08-21T00:00:00Z,8,8,XMR/USDT,,,,0,13,0,sha256_e8d28cd87065e2c4fddc76d0370ed6ddf67047ffb0a8bbd02f4139488617d93b
IchimokuStrategy,spot_long,,PENDING,unsupported_or_unknown_profile,2020-03-01T00:00:00Z,2026-08-21T00:00:00Z,0,0,,,,,,,,
Ichimoku_SenkouSpanCross,spot_long,,PENDING,unsupported_or_unknown_profile,2020-03-01T00:00:00Z,2026-08-21T00:00:00Z,0,0,,,,,,,,
Ichimoku_v12,spot_long,,PENDING,unsupported_or_unknown_profile,2020-03-01T00:00:00Z,2026-08-21T00:00:00Z,0,0,,,,,,,,
Ichimoku_v30,spot_long,,PENDING,unsupported_or_unknown_profile,2020-03-01T00:00:00Z,2026-08-21T00:00:00Z,0,0,,,,,,,,
Ichimoku_v31,spot_long,1h,PASS,policy=1;mode=spot;timeframe=1h;complete=8/8;availability_limited=1;sync_gaps=13;pair_gaps=0;aux_failures=0;duplicates=0,2020-03-01T00:00:00Z,2026-08-21T00:00:00Z,8,8,XMR/USDT,,,,0,13,0,sha256_ca7ff1931fd6c56a6b8207860a55741af9c20bb55de36000b62730174c4f2937
Ichimoku_v32,spot_long,,PENDING,unsupported_or_unknown_profile,2020-03-01T00:00:00Z,2026-08-21T00:00:00Z,0,0,,,,,,,,
Ichimoku_v33,spot_long,,PENDING,unsupported_or_unknown_profile,2020-03-01T00:00:00Z,2026-08-21T00:00:00Z,0,0,,,,,,,,
Ichimoku_v35,spot_long,,PENDING,unsupported_or_unknown_profile,2020-03-01T00:00:00Z,2026-08-21T00:00:00Z,0,0,,,,,,,,
Ichimoku_v37,spot_long,4h,PASS,policy=1;mode=spot;timeframe=4h;complete=8/8;availability_limited=1;sync_gaps=0;pair_gaps=0;aux_failures=0;duplicates=0,2020-03-01T00:00:00Z,2026-08-21T00:00:00Z,8,8,XMR/USDT,,,,0,0,0,sha256_3189fb1b70726edcb8094812a734108d82fb90f275749253fb8b98b5ce7d49ab
ichiV1,spot_long,5m,PASS,policy=1;mode=spot;timeframe=5m;complete=8/8;availability_limited=1;sync_gaps=13;pair_gaps=0;aux_failures=0;duplicates=0,2020-03-01T00:00:00Z,2026-08-21T00:00:00Z,8,8,XMR/USDT,,,,0,13,0,sha256_e8d28cd87065e2c4fddc76d0370ed6ddf67047ffb0a8bbd02f4139488617d93b
InformativeSample,spot_long,5m,PASS,policy=1;mode=spot;timeframe=5m;complete=8/8;availability_limited=1;sync_gaps=13;pair_gaps=0;aux_failures=0;duplicates=0,2020-03-01T00:00:00Z,2026-08-21T00:00:00Z,8,8,XMR/USDT,,,,0,13,0,sha256_e8d28cd87065e2c4fddc76d0370ed6ddf67047ffb0a8bbd02f4139488617d93b
JustROCR,spot_long,,PENDING,unsupported_or_unknown_profile,2020-03-01T00:00:00Z,2026-08-21T00:00:00Z,0,0,,,,,,,,
JustROCR2,spot_long,,PENDING,unsupported_or_unknown_profile,2020-03-01T00:00:00Z,2026-08-21T00:00:00Z,0,0,,,,,,,,
JustROCR3,spot_long,,PENDING,unsupported_or_unknown_profile,2020-03-01T00:00:00Z,2026-08-21T00:00:00Z,0,0,,,,,,,,
JustROCR4,spot_long,,PENDING,unsupported_or_unknown_profile,2020-03-01T00:00:00Z,2026-08-21T00:00:00Z,0,0,,,,,,,,
JustROCR5,spot_long,,PENDING,unsupported_or_unknown_profile,2020-03-01T00:00:00Z,2026-08-21T00:00:00Z,0,0,,,,,,,,
JustROCR6,spot_long,,PENDING,unsupported_or_unknown_profile,2020-03-01T00:00:00Z,2026-08-21T00:00:00Z,0,0,,,,,,,,
KAMACCIRSI,spot_long,5m,PASS,policy=1;mode=spot;timeframe=5m;complete=8/8;availability_limited=1;sync_gaps=13;pair_gaps=0;aux_failures=0;duplicates=0,2020-03-01T00:00:00Z,2026-08-21T00:00:00Z,8,8,XMR/USDT,,,,0,13,0,sha256_e8d28cd87065e2c4fddc76d0370ed6ddf67047ffb0a8bbd02f4139488617d93b
LongShortRangeTradingMachetesV1,spot_long,1m,PASS,policy=1;mode=spot;timeframe=1m;complete=8/8;availability_limited=1;sync_gaps=13;pair_gaps=0;aux_failures=0;duplicates=0,2020-03-01T00:00:00Z,2026-08-21T00:00:00Z,8,8,XMR/USDT,,,,0,13,0,sha256_abb17c3c2a1a410057e1351508eeebdd41b095e316f737ad57de215036a3c3e3
Low_BB,spot_long,1m,PASS,policy=1;mode=spot;timeframe=1m;complete=8/8;availability_limited=1;sync_gaps=13;pair_gaps=0;aux_failures=0;duplicates=0,2020-03-01T00:00:00Z,2026-08-21T00:00:00Z,8,8,XMR/USDT,,,,0,13,0,sha256_abb17c3c2a1a410057e1351508eeebdd41b095e316f737ad57de215036a3c3e3
LuxOSC,spot_long,5m,PASS,policy=1;mode=spot;timeframe=5m;complete=8/8;availability_limited=1;sync_gaps=13;pair_gaps=0;aux_failures=0;duplicates=0,2020-03-01T00:00:00Z,2026-08-21T00:00:00Z,8,8,XMR/USDT,,,,0,13,0,sha256_e8d28cd87065e2c4fddc76d0370ed6ddf67047ffb0a8bbd02f4139488617d93b
MAC,spot_long,1d,PASS,policy=1;mode=spot;timeframe=1d;complete=8/8;availability_limited=1;sync_gaps=0;pair_gaps=0;aux_failures=0;duplicates=0,2020-03-01T00:00:00Z,2026-08-21T00:00:00Z,8,8,XMR/USDT,,,,0,0,0,sha256_e606ca78497360fc0ec1042bb6ffe7a553818da8fe41f9ff04e1b6ca510a956a
MACDCCI,spot_long,,PENDING,unsupported_or_unknown_profile,2020-03-01T00:00:00Z,2026-08-21T00:00:00Z,0,0,,,,,,,,
MACDRSI200,spot_long,,PENDING,unsupported_or_unknown_profile,2020-03-01T00:00:00Z,2026-08-21T00:00:00Z,0,0,,,,,,,,
MACDStrategy,spot_long,5m,PASS,policy=1;mode=spot;timeframe=5m;complete=8/8;availability_limited=1;sync_gaps=13;pair_gaps=0;aux_failures=0;duplicates=0,2020-03-01T00:00:00Z,2026-08-21T00:00:00Z,8,8,XMR/USDT,,,,0,13,0,sha256_e8d28cd87065e2c4fddc76d0370ed6ddf67047ffb0a8bbd02f4139488617d93b
MACDStrategy_crossed,spot_long,5m,PASS,policy=1;mode=spot;timeframe=5m;complete=8/8;availability_limited=1;sync_gaps=13;pair_gaps=0;aux_failures=0;duplicates=0,2020-03-01T00:00:00Z,2026-08-21T00:00:00Z,8,8,XMR/USDT,,,,0,13,0,sha256_e8d28cd87065e2c4fddc76d0370ed6ddf67047ffb0a8bbd02f4139488617d93b
MACD_EMA,spot_long,5m,PASS,policy=1;mode=spot;timeframe=5m;complete=8/8;availability_limited=1;sync_gaps=13;pair_gaps=0;aux_failures=0;duplicates=0,2020-03-01T00:00:00Z,2026-08-21T00:00:00Z,8,8,XMR/USDT,,,,0,13,0,sha256_e8d28cd87065e2c4fddc76d0370ed6ddf67047ffb0a8bbd02f4139488617d93b
MACD_TRIPLE_MA,spot_long,5m,PASS,policy=1;mode=spot;timeframe=5m;complete=8/8;availability_limited=1;sync_gaps=13;pair_gaps=0;aux_failures=0;duplicates=0,2020-03-01T00:00:00Z,2026-08-21T00:00:00Z,8,8,XMR/USDT,,,,0,13,0,sha256_e8d28cd87065e2c4fddc76d0370ed6ddf67047ffb0a8bbd02f4139488617d93b
MACD_TRI_EMA,spot_long,5m,PASS,policy=1;mode=spot;timeframe=5m;complete=8/8;availability_limited=1;sync_gaps=13;pair_gaps=0;aux_failures=0;duplicates=0,2020-03-01T00:00:00Z,2026-08-21T00:00:00Z,8,8,XMR/USDT,,,,0,13,0,sha256_e8d28cd87065e2c4fddc76d0370ed6ddf67047ffb0a8bbd02f4139488617d93b
MADisplaceV3,spot_long,5m,PASS,policy=1;mode=spot;timeframe=5m;complete=8/8;availability_limited=1;sync_gaps=13;pair_gaps=0;aux_failures=0;duplicates=0,2020-03-01T00:00:00Z,2026-08-21T00:00:00Z,8,8,XMR/USDT,,,,0,13,0,sha256_e8d28cd87065e2c4fddc76d0370ed6ddf67047ffb0a8bbd02f4139488617d93b
MFI,spot_long,5m,PASS,policy=1;mode=spot;timeframe=5m;complete=8/8;availability_limited=1;sync_gaps=13;pair_gaps=0;aux_failures=0;duplicates=0,2020-03-01T00:00:00Z,2026-08-21T00:00:00Z,8,8,XMR/USDT,,,,0,13,0,sha256_e8d28cd87065e2c4fddc76d0370ed6ddf67047ffb0a8bbd02f4139488617d93b
mabStra,spot_long,4h,PASS,policy=1;mode=spot;timeframe=4h;complete=8/8;availability_limited=1;sync_gaps=0;pair_gaps=0;aux_failures=0;duplicates=0,2020-03-01T00:00:00Z,2026-08-21T00:00:00Z,8,8,XMR/USDT,,,,0,0,0,sha256_3189fb1b70726edcb8094812a734108d82fb90f275749253fb8b98b5ce7d49ab
SampleStrategyV2,spot_long,5m,PASS,policy=1;mode=spot;timeframe=5m;complete=8/8;availability_limited=1;sync_gaps=13;pair_gaps=0;aux_failures=0;duplicates=0,2020-03-01T00:00:00Z,2026-08-21T00:00:00Z,8,8,XMR/USDT,,,,0,13,0,sha256_e8d28cd87065e2c4fddc76d0370ed6ddf67047ffb0a8bbd02f4139488617d93b
MacheteV8bRallimod,spot_long,15m,PASS,policy=1;mode=spot;timeframe=15m;complete=8/8;availability_limited=1;sync_gaps=13;pair_gaps=0;aux_failures=0;duplicates=0,2020-03-01T00:00:00Z,2026-08-21T00:00:00Z,8,8,XMR/USDT,,,,0,13,0,sha256_59786b266b1661ca08381b938b2ca9cb3b6f40aac0325e00be1faef371623b6e
MacheteV8bRallimod2,spot_long,5m,PASS,policy=1;mode=spot;timeframe=5m;complete=8/8;availability_limited=1;sync_gaps=13;pair_gaps=0;aux_failures=0;duplicates=0,2020-03-01T00:00:00Z,2026-08-21T00:00:00Z,8,8,XMR/USDT,,,,0,13,0,sha256_e8d28cd87065e2c4fddc76d0370ed6ddf67047ffb0a8bbd02f4139488617d93b
MarketChyperHyperStrategy,spot_long,1h,PASS,policy=1;mode=spot;timeframe=1h;complete=8/8;availability_limited=1;sync_gaps=13;pair_gaps=0;aux_failures=0;duplicates=0,2020-03-01T00:00:00Z,2026-08-21T00:00:00Z,8,8,XMR/USDT,,,,0,13,0,sha256_ca7ff1931fd6c56a6b8207860a55741af9c20bb55de36000b62730174c4f2937
Martin,spot_long,5m,PASS,policy=1;mode=spot;timeframe=5m;complete=8/8;availability_limited=1;sync_gaps=13;pair_gaps=0;aux_failures=0;duplicates=0,2020-03-01T00:00:00Z,2026-08-21T00:00:00Z,8,8,XMR/USDT,,,,0,13,0,sha256_e8d28cd87065e2c4fddc76d0370ed6ddf67047ffb0a8bbd02f4139488617d93b
MasterMoniGoManiHyperStrategy,spot_long,,PENDING,unsupported_or_unknown_profile,2020-03-01T00:00:00Z,2026-08-21T00:00:00Z,0,0,,,,,,,,
Miku_PP_v3,spot_long,5m,PASS,policy=1;mode=spot;timeframe=5m;complete=8/8;availability_limited=1;sync_gaps=13;pair_gaps=0;aux_failures=0;duplicates=0,2020-03-01T00:00:00Z,2026-08-21T00:00:00Z,8,8,XMR/USDT,,,,0,13,0,sha256_e8d28cd87065e2c4fddc76d0370ed6ddf67047ffb0a8bbd02f4139488617d93b
MiniLambo,spot_long,1m,PASS,policy=1;mode=spot;timeframe=1m;complete=8/8;availability_limited=1;sync_gaps=13;pair_gaps=0;aux_failures=0;duplicates=0,2020-03-01T00:00:00Z,2026-08-21T00:00:00Z,8,8,XMR/USDT,,,,0,13,0,sha256_abb17c3c2a1a410057e1351508eeebdd41b095e316f737ad57de215036a3c3e3
Minmax,spot_long,1h,PASS,policy=1;mode=spot;timeframe=1h;complete=8/8;availability_limited=1;sync_gaps=13;pair_gaps=0;aux_failures=0;duplicates=0,2020-03-01T00:00:00Z,2026-08-21T00:00:00Z,8,8,XMR/USDT,,,,0,13,0,sha256_ca7ff1931fd6c56a6b8207860a55741af9c20bb55de36000b62730174c4f2937
MontrealStrategy,spot_long,15m,PASS,policy=1;mode=spot;timeframe=15m;complete=8/8;availability_limited=1;sync_gaps=13;pair_gaps=0;aux_failures=0;duplicates=0,2020-03-01T00:00:00Z,2026-08-21T00:00:00Z,8,8,XMR/USDT,,,,0,13,0,sha256_59786b266b1661ca08381b938b2ca9cb3b6f40aac0325e00be1faef371623b6e
MultiMA_TSL3,spot_long,5m,PASS,policy=1;mode=spot;timeframe=5m;complete=8/8;availability_limited=1;sync_gaps=13;pair_gaps=0;aux_failures=0;duplicates=0,2020-03-01T00:00:00Z,2026-08-21T00:00:00Z,8,8,XMR/USDT,,,,0,13,0,sha256_e8d28cd87065e2c4fddc76d0370ed6ddf67047ffb0a8bbd02f4139488617d93b
MultiMa,spot_long,4h,PASS,policy=1;mode=spot;timeframe=4h;complete=8/8;availability_limited=1;sync_gaps=0;pair_gaps=0;aux_failures=0;duplicates=0,2020-03-01T00:00:00Z,2026-08-21T00:00:00Z,8,8,XMR/USDT,,,,0,0,0,sha256_3189fb1b70726edcb8094812a734108d82fb90f275749253fb8b98b5ce7d49ab
MultiRSI,spot_long,5m,PASS,policy=1;mode=spot;timeframe=5m;complete=8/8;availability_limited=1;sync_gaps=13;pair_gaps=0;aux_failures=0;duplicates=0,2020-03-01T00:00:00Z,2026-08-21T00:00:00Z,8,8,XMR/USDT,,,,0,13,0,sha256_e8d28cd87065e2c4fddc76d0370ed6ddf67047ffb0a8bbd02f4139488617d93b
MyStrategyNew10,spot_long,,PENDING,unsupported_or_unknown_profile,2020-03-01T00:00:00Z,2026-08-21T00:00:00Z,0,0,,,,,,,,
NASOSv5,spot_long,5m,PASS,policy=1;mode=spot;timeframe=5m;complete=8/8;availability_limited=1;sync_gaps=13;pair_gaps=0;aux_failures=0;duplicates=0,2020-03-01T00:00:00Z,2026-08-21T00:00:00Z,8,8,XMR/USDT,,,,0,13,0,sha256_e8d28cd87065e2c4fddc76d0370ed6ddf67047ffb0a8bbd02f4139488617d93b
NASOSv5_mod1,spot_long,5m,PASS,policy=1;mode=spot;timeframe=5m;complete=8/8;availability_limited=1;sync_gaps=13;pair_gaps=0;aux_failures=0;duplicates=0,2020-03-01T00:00:00Z,2026-08-21T00:00:00Z,8,8,XMR/USDT,,,,0,13,0,sha256_e8d28cd87065e2c4fddc76d0370ed6ddf67047ffb0a8bbd02f4139488617d93b
NASOSv5_mod2,spot_long,5m,PASS,policy=1;mode=spot;timeframe=5m;complete=8/8;availability_limited=1;sync_gaps=13;pair_gaps=0;aux_failures=0;duplicates=0,2020-03-01T00:00:00Z,2026-08-21T00:00:00Z,8,8,XMR/USDT,,,,0,13,0,sha256_e8d28cd87065e2c4fddc76d0370ed6ddf67047ffb0a8bbd02f4139488617d93b
NASOSv5_mod3,spot_long,5m,PASS,policy=1;mode=spot;timeframe=5m;complete=8/8;availability_limited=1;sync_gaps=13;pair_gaps=0;aux_failures=0;duplicates=0,2020-03-01T00:00:00Z,2026-08-21T00:00:00Z,8,8,XMR/USDT,,,,0,13,0,sha256_e8d28cd87065e2c4fddc76d0370ed6ddf67047ffb0a8bbd02f4139488617d93b
NFI46,spot_long,5m,PASS,policy=1;mode=spot;timeframe=5m;complete=8/8;availability_limited=1;sync_gaps=13;pair_gaps=0;aux_failures=0;duplicates=0,2020-03-01T00:00:00Z,2026-08-21T00:00:00Z,8,8,XMR/USDT,,,,0,13,0,sha256_e8d28cd87065e2c4fddc76d0370ed6ddf67047ffb0a8bbd02f4139488617d93b
NFI46Frog,spot_long,5m,PASS,policy=1;mode=spot;timeframe=5m;complete=8/8;availability_limited=1;sync_gaps=13;pair_gaps=0;aux_failures=0;duplicates=0,2020-03-01T00:00:00Z,2026-08-21T00:00:00Z,8,8,XMR/USDT,,,,0,13,0,sha256_e8d28cd87065e2c4fddc76d0370ed6ddf67047ffb0a8bbd02f4139488617d93b
NFI46FrogZ,spot_long,5m,PASS,policy=1;mode=spot;timeframe=5m;complete=8/8;availability_limited=1;sync_gaps=13;pair_gaps=0;aux_failures=0;duplicates=0,2020-03-01T00:00:00Z,2026-08-21T00:00:00Z,8,8,XMR/USDT,,,,0,13,0,sha256_e8d28cd87065e2c4fddc76d0370ed6ddf67047ffb0a8bbd02f4139488617d93b
NFI46Offset,spot_long,5m,PASS,policy=1;mode=spot;timeframe=5m;complete=8/8;availability_limited=1;sync_gaps=13;pair_gaps=0;aux_failures=0;duplicates=0,2020-03-01T00:00:00Z,2026-08-21T00:00:00Z,8,8,XMR/USDT,,,,0,13,0,sha256_e8d28cd87065e2c4fddc76d0370ed6ddf67047ffb0a8bbd02f4139488617d93b
NFI46OffsetHOA1,spot_long,5m,PASS,policy=1;mode=spot;timeframe=5m;complete=8/8;availability_limited=1;sync_gaps=13;pair_gaps=0;aux_failures=0;duplicates=0,2020-03-01T00:00:00Z,2026-08-21T00:00:00Z,8,8,XMR/USDT,,,,0,13,0,sha256_e8d28cd87065e2c4fddc76d0370ed6ddf67047ffb0a8bbd02f4139488617d93b
NFI46Z,spot_long,5m,PASS,policy=1;mode=spot;timeframe=5m;complete=8/8;availability_limited=1;sync_gaps=13;pair_gaps=0;aux_failures=0;duplicates=0,2020-03-01T00:00:00Z,2026-08-21T00:00:00Z,8,8,XMR/USDT,,,,0,13,0,sha256_e8d28cd87065e2c4fddc76d0370ed6ddf67047ffb0a8bbd02f4139488617d93b
NFI4Frog,spot_long,5m,PASS,policy=1;mode=spot;timeframe=5m;complete=8/8;availability_limited=1;sync_gaps=13;pair_gaps=0;aux_failures=0;duplicates=0,2020-03-01T00:00:00Z,2026-08-21T00:00:00Z,8,8,XMR/USDT,,,,0,13,0,sha256_e8d28cd87065e2c4fddc76d0370ed6ddf67047ffb0a8bbd02f4139488617d93b
NFI5MOHO,spot_long,5m,PASS,policy=1;mode=spot;timeframe=5m;complete=8/8;availability_limited=1;sync_gaps=13;pair_gaps=0;aux_failures=0;duplicates=0,2020-03-01T00:00:00Z,2026-08-21T00:00:00Z,8,8,XMR/USDT,,,,0,13,0,sha256_e8d28cd87065e2c4fddc76d0370ed6ddf67047ffb0a8bbd02f4139488617d93b
NFI5MOHO_WIP,spot_long,5m,PASS,policy=1;mode=spot;timeframe=5m;complete=8/8;availability_limited=1;sync_gaps=13;pair_gaps=0;aux_failures=0;duplicates=0,2020-03-01T00:00:00Z,2026-08-21T00:00:00Z,8,8,XMR/USDT,,,,0,13,0,sha256_e8d28cd87065e2c4fddc76d0370ed6ddf67047ffb0a8bbd02f4139488617d93b
NFI731_BUSD,spot_long,5m,PASS,policy=1;mode=spot;timeframe=5m;complete=8/8;availability_limited=1;sync_gaps=13;pair_gaps=0;aux_failures=0;duplicates=0,2020-03-01T00:00:00Z,2026-08-21T00:00:00Z,8,8,XMR/USDT,,,,0,13,0,sha256_e8d28cd87065e2c4fddc76d0370ed6ddf67047ffb0a8bbd02f4139488617d93b
NFIX_BB_RPB,spot_long,5m,PASS,policy=1;mode=spot;timeframe=5m;complete=8/8;availability_limited=1;sync_gaps=13;pair_gaps=0;aux_failures=0;duplicates=0,2020-03-01T00:00:00Z,2026-08-21T00:00:00Z,8,8,XMR/USDT,,,,0,13,0,sha256_e8d28cd87065e2c4fddc76d0370ed6ddf67047ffb0a8bbd02f4139488617d93b
NfiNextModded,spot_long,5m,PASS,policy=1;mode=spot;timeframe=5m;complete=8/8;availability_limited=1;sync_gaps=13;pair_gaps=0;aux_failures=0;duplicates=0,2020-03-01T00:00:00Z,2026-08-21T00:00:00Z,8,8,XMR/USDT,,,,0,13,0,sha256_e8d28cd87065e2c4fddc76d0370ed6ddf67047ffb0a8bbd02f4139488617d93b
NoLost,spot_long,1h,PASS,policy=1;mode=spot;timeframe=1h;complete=8/8;availability_limited=1;sync_gaps=13;pair_gaps=0;aux_failures=0;duplicates=0,2020-03-01T00:00:00Z,2026-08-21T00:00:00Z,8,8,XMR/USDT,,,,0,13,0,sha256_ca7ff1931fd6c56a6b8207860a55741af9c20bb55de36000b62730174c4f2937
NormalizerStrategyHO2,spot_long,1h,PASS,policy=1;mode=spot;timeframe=1h;complete=8/8;availability_limited=1;sync_gaps=13;pair_gaps=0;aux_failures=0;duplicates=0,2020-03-01T00:00:00Z,2026-08-21T00:00:00Z,8,8,XMR/USDT,,,,0,13,0,sha256_ca7ff1931fd6c56a6b8207860a55741af9c20bb55de36000b62730174c4f2937
NostalgiaForInfinityNextGen,spot_long,15m,PASS,policy=1;mode=spot;timeframe=15m;complete=8/8;availability_limited=1;sync_gaps=13;pair_gaps=0;aux_failures=0;duplicates=0,2020-03-01T00:00:00Z,2026-08-21T00:00:00Z,8,8,XMR/USDT,,,,0,13,0,sha256_59786b266b1661ca08381b938b2ca9cb3b6f40aac0325e00be1faef371623b6e
NostalgiaForInfinityNext_ChangeToTower_V5_2,spot_long,5m,PASS,policy=1;mode=spot;timeframe=5m;complete=8/8;availability_limited=1;sync_gaps=13;pair_gaps=0;aux_failures=0;duplicates=0,2020-03-01T00:00:00Z,2026-08-21T00:00:00Z,8,8,XMR/USDT,,,,0,13,0,sha256_e8d28cd87065e2c4fddc76d0370ed6ddf67047ffb0a8bbd02f4139488617d93b
NostalgiaForInfinityNext_ChangeToTower_V5_3,spot_long,5m,PASS,policy=1;mode=spot;timeframe=5m;complete=8/8;availability_limited=1;sync_gaps=13;pair_gaps=0;aux_failures=0;duplicates=0,2020-03-01T00:00:00Z,2026-08-21T00:00:00Z,8,8,XMR/USDT,,,,0,13,0,sha256_e8d28cd87065e2c4fddc76d0370ed6ddf67047ffb0a8bbd02f4139488617d93b
NostalgiaForInfinityNext_ChangeToTower_V6,spot_long,5m,PASS,policy=1;mode=spot;timeframe=5m;complete=8/8;availability_limited=1;sync_gaps=13;pair_gaps=0;aux_failures=0;duplicates=0,2020-03-01T00:00:00Z,2026-08-21T00:00:00Z,8,8,XMR/USDT,,,,0,13,0,sha256_e8d28cd87065e2c4fddc76d0370ed6ddf67047ffb0a8bbd02f4139488617d93b
NostalgiaForInfinityV1,spot_long,5m,PASS,policy=1;mode=spot;timeframe=5m;complete=8/8;availability_limited=1;sync_gaps=13;pair_gaps=0;aux_failures=0;duplicates=0,2020-03-01T00:00:00Z,2026-08-21T00:00:00Z,8,8,XMR/USDT,,,,0,13,0,sha256_e8d28cd87065e2c4fddc76d0370ed6ddf67047ffb0a8bbd02f4139488617d93b
NostalgiaForInfinityV2,spot_long,5m,PASS,policy=1;mode=spot;timeframe=5m;complete=8/8;availability_limited=1;sync_gaps=13;pair_gaps=0;aux_failures=0;duplicates=0,2020-03-01T00:00:00Z,2026-08-21T00:00:00Z,8,8,XMR/USDT,,,,0,13,0,sha256_e8d28cd87065e2c4fddc76d0370ed6ddf67047ffb0a8bbd02f4139488617d93b
NostalgiaForInfinityV3,spot_long,5m,PASS,policy=1;mode=spot;timeframe=5m;complete=8/8;availability_limited=1;sync_gaps=13;pair_gaps=0;aux_failures=0;duplicates=0,2020-03-01T00:00:00Z,2026-08-21T00:00:00Z,8,8,XMR/USDT,,,,0,13,0,sha256_e8d28cd87065e2c4fddc76d0370ed6ddf67047ffb0a8bbd02f4139488617d93b
NostalgiaForInfinityV4,spot_long,5m,PASS,policy=1;mode=spot;timeframe=5m;complete=8/8;availability_limited=1;sync_gaps=13;pair_gaps=0;aux_failures=0;duplicates=0,2020-03-01T00:00:00Z,2026-08-21T00:00:00Z,8,8,XMR/USDT,,,,0,13,0,sha256_e8d28cd87065e2c4fddc76d0370ed6ddf67047ffb0a8bbd02f4139488617d93b
NostalgiaForInfinityV4HO,spot_long,5m,PASS,policy=1;mode=spot;timeframe=5m;complete=8/8;availability_limited=1;sync_gaps=13;pair_gaps=0;aux_failures=0;duplicates=0,2020-03-01T00:00:00Z,2026-08-21T00:00:00Z,8,8,XMR/USDT,,,,0,13,0,sha256_e8d28cd87065e2c4fddc76d0370ed6ddf67047ffb0a8bbd02f4139488617d93b
NostalgiaForInfinityV5,spot_long,5m,PASS,policy=1;mode=spot;timeframe=5m;complete=8/8;availability_limited=1;sync_gaps=13;pair_gaps=0;aux_failures=0;duplicates=0,2020-03-01T00:00:00Z,2026-08-21T00:00:00Z,8,8,XMR/USDT,,,,0,13,0,sha256_e8d28cd87065e2c4fddc76d0370ed6ddf67047ffb0a8bbd02f4139488617d93b
NostalgiaForInfinityV5MultiOffsetAndHO2,spot_long,5m,PASS,policy=1;mode=spot;timeframe=5m;complete=8/8;availability_limited=1;sync_gaps=13;pair_gaps=0;aux_failures=0;duplicates=0,2020-03-01T00:00:00Z,2026-08-21T00:00:00Z,8,8,XMR/USDT,,,,0,13,0,sha256_e8d28cd87065e2c4fddc76d0370ed6ddf67047ffb0a8bbd02f4139488617d93b
NostalgiaForInfinityV6,spot_long,5m,PASS,policy=1;mode=spot;timeframe=5m;complete=8/8;availability_limited=1;sync_gaps=13;pair_gaps=0;aux_failures=0;duplicates=0,2020-03-01T00:00:00Z,2026-08-21T00:00:00Z,8,8,XMR/USDT,,,,0,13,0,sha256_e8d28cd87065e2c4fddc76d0370ed6ddf67047ffb0a8bbd02f4139488617d93b
NostalgiaForInfinityV7,spot_long,5m,PASS,policy=1;mode=spot;timeframe=5m;complete=8/8;availability_limited=1;sync_gaps=13;pair_gaps=0;aux_failures=0;duplicates=0,2020-03-01T00:00:00Z,2026-08-21T00:00:00Z,8,8,XMR/USDT,,,,0,13,0,sha256_e8d28cd87065e2c4fddc76d0370ed6ddf67047ffb0a8bbd02f4139488617d93b
NostalgiaForInfinityV7_SMA,spot_long,5m,PASS,policy=1;mode=spot;timeframe=5m;complete=8/8;availability_limited=1;sync_gaps=13;pair_gaps=0;aux_failures=0;duplicates=0,2020-03-01T00:00:00Z,2026-08-21T00:00:00Z,8,8,XMR/USDT,,,,0,13,0,sha256_e8d28cd87065e2c4fddc76d0370ed6ddf67047ffb0a8bbd02f4139488617d93b
NostalgiaForInfinityV7_SMAv2,spot_long,5m,PASS,policy=1;mode=spot;timeframe=5m;complete=8/8;availability_limited=1;sync_gaps=13;pair_gaps=0;aux_failures=0;duplicates=0,2020-03-01T00:00:00Z,2026-08-21T00:00:00Z,8,8,XMR/USDT,,,,0,13,0,sha256_e8d28cd87065e2c4fddc76d0370ed6ddf67047ffb0a8bbd02f4139488617d93b
NostalgiaForInfinityV7_SMAv2_1,spot_long,5m,PASS,policy=1;mode=spot;timeframe=5m;complete=8/8;availability_limited=1;sync_gaps=13;pair_gaps=0;aux_failures=0;duplicates=0,2020-03-01T00:00:00Z,2026-08-21T00:00:00Z,8,8,XMR/USDT,,,,0,13,0,sha256_e8d28cd87065e2c4fddc76d0370ed6ddf67047ffb0a8bbd02f4139488617d93b
NostalgiaForInfinityXw,spot_long,5m,PASS,policy=1;mode=spot;timeframe=5m;complete=8/8;availability_limited=1;sync_gaps=13;pair_gaps=0;aux_failures=0;duplicates=0,2020-03-01T00:00:00Z,2026-08-21T00:00:00Z,8,8,XMR/USDT,,,,0,13,0,sha256_e8d28cd87065e2c4fddc76d0370ed6ddf67047ffb0a8bbd02f4139488617d93b
NotAnotherSMAOffsetStrategyX1,spot_long,5m,PASS,policy=1;mode=spot;timeframe=5m;complete=8/8;availability_limited=1;sync_gaps=13;pair_gaps=0;aux_failures=0;duplicates=0,2020-03-01T00:00:00Z,2026-08-21T00:00:00Z,8,8,XMR/USDT,,,,0,13,0,sha256_e8d28cd87065e2c4fddc76d0370ed6ddf67047ffb0a8bbd02f4139488617d93b
NowoIchimoku1hV1,spot_long,1h,PASS,policy=1;mode=spot;timeframe=1h;complete=8/8;availability_limited=1;sync_gaps=13;pair_gaps=0;aux_failures=0;duplicates=0,2020-03-01T00:00:00Z,2026-08-21T00:00:00Z,8,8,XMR/USDT,,,,0,13,0,sha256_ca7ff1931fd6c56a6b8207860a55741af9c20bb55de36000b62730174c4f2937
NowoIchimoku1hV2,spot_long,1h,PASS,policy=1;mode=spot;timeframe=1h;complete=8/8;availability_limited=1;sync_gaps=13;pair_gaps=0;aux_failures=0;duplicates=0,2020-03-01T00:00:00Z,2026-08-21T00:00:00Z,8,8,XMR/USDT,,,,0,13,0,sha256_ca7ff1931fd6c56a6b8207860a55741af9c20bb55de36000b62730174c4f2937
NowoIchimoku5mV2,spot_long,5m,PASS,policy=1;mode=spot;timeframe=5m;complete=8/8;availability_limited=1;sync_gaps=13;pair_gaps=0;aux_failures=0;duplicates=0,2020-03-01T00:00:00Z,2026-08-21T00:00:00Z,8,8,XMR/USDT,,,,0,13,0,sha256_e8d28cd87065e2c4fddc76d0370ed6ddf67047ffb0a8bbd02f4139488617d93b
ObeliskIM_v1_1,spot_long,5m,PASS,policy=1;mode=spot;timeframe=5m;complete=8/8;availability_limited=1;sync_gaps=13;pair_gaps=0;aux_failures=0;duplicates=0,2020-03-01T00:00:00Z,2026-08-21T00:00:00Z,8,8,XMR/USDT,,,,0,13,0,sha256_e8d28cd87065e2c4fddc76d0370ed6ddf67047ffb0a8bbd02f4139488617d93b
ObeliskRSI_v6_1,spot_long,5m,PASS,policy=1;mode=spot;timeframe=5m;complete=8/8;availability_limited=1;sync_gaps=13;pair_gaps=0;aux_failures=0;duplicates=0,2020-03-01T00:00:00Z,2026-08-21T00:00:00Z,8,8,XMR/USDT,,,,0,13,0,sha256_e8d28cd87065e2c4fddc76d0370ed6ddf67047ffb0a8bbd02f4139488617d93b
Obelisk_3EMA_StochRSI_ATR,spot_long,5m,PASS,policy=1;mode=spot;timeframe=5m;complete=8/8;availability_limited=1;sync_gaps=13;pair_gaps=0;aux_failures=0;duplicates=0,2020-03-01T00:00:00Z,2026-08-21T00:00:00Z,8,8,XMR/USDT,,,,0,13,0,sha256_e8d28cd87065e2c4fddc76d0370ed6ddf67047ffb0a8bbd02f4139488617d93b
Obelisk_Ichimoku_Slow_v1_3,spot_long,1h,PASS,policy=1;mode=spot;timeframe=1h;complete=8/8;availability_limited=1;sync_gaps=13;pair_gaps=0;aux_failures=0;duplicates=0,2020-03-01T00:00:00Z,2026-08-21T00:00:00Z,8,8,XMR/USDT,,,,0,13,0,sha256_ca7ff1931fd6c56a6b8207860a55741af9c20bb55de36000b62730174c4f2937
Obelisk_TradePro_Ichi_v1_1,spot_long,1h,PASS,policy=1;mode=spot;timeframe=1h;complete=8/8;availability_limited=1;sync_gaps=13;pair_gaps=0;aux_failures=0;duplicates=0,2020-03-01T00:00:00Z,2026-08-21T00:00:00Z,8,8,XMR/USDT,,,,0,13,0,sha256_ca7ff1931fd6c56a6b8207860a55741af9c20bb55de36000b62730174c4f2937
Obelisk_TradePro_Ichi_v2_1,spot_long,1h,PASS,policy=1;mode=spot;timeframe=1h;complete=8/8;availability_limited=1;sync_gaps=13;pair_gaps=0;aux_failures=0;duplicates=0,2020-03-01T00:00:00Z,2026-08-21T00:00:00Z,8,8,XMR/USDT,,,,0,13,0,sha256_ca7ff1931fd6c56a6b8207860a55741af9c20bb55de36000b62730174c4f2937
PRICEFOLLOWING,spot_long,5m,PASS,policy=1;mode=spot;timeframe=5m;complete=8/8;availability_limited=1;sync_gaps=13;pair_gaps=0;aux_failures=0;duplicates=0,2020-03-01T00:00:00Z,2026-08-21T00:00:00Z,8,8,XMR/USDT,,,,0,13,0,sha256_e8d28cd87065e2c4fddc76d0370ed6ddf67047ffb0a8bbd02f4139488617d93b
PRICEFOLLOWING2,spot_long,15m,PASS,policy=1;mode=spot;timeframe=15m;complete=8/8;availability_limited=1;sync_gaps=13;pair_gaps=0;aux_failures=0;duplicates=0,2020-03-01T00:00:00Z,2026-08-21T00:00:00Z,8,8,XMR/USDT,,,,0,13,0,sha256_59786b266b1661ca08381b938b2ca9cb3b6f40aac0325e00be1faef371623b6e
PRICEFOLLOWINGX,spot_long,15m,PASS,policy=1;mode=spot;timeframe=15m;complete=8/8;availability_limited=1;sync_gaps=13;pair_gaps=0;aux_failures=0;duplicates=0,2020-03-01T00:00:00Z,2026-08-21T00:00:00Z,8,8,XMR/USDT,,,,0,13,0,sha256_59786b266b1661ca08381b938b2ca9cb3b6f40aac0325e00be1faef371623b6e
Persia,spot_long,5m,PASS,policy=1;mode=spot;timeframe=5m;complete=8/8;availability_limited=1;sync_gaps=13;pair_gaps=0;aux_failures=0;duplicates=0,2020-03-01T00:00:00Z,2026-08-21T00:00:00Z,8,8,XMR/USDT,,,,0,13,0,sha256_e8d28cd87065e2c4fddc76d0370ed6ddf67047ffb0a8bbd02f4139488617d93b
Pmax,spot_long,5m,PASS,policy=1;mode=spot;timeframe=5m;complete=8/8;availability_limited=1;sync_gaps=13;pair_gaps=0;aux_failures=0;duplicates=0,2020-03-01T00:00:00Z,2026-08-21T00:00:00Z,8,8,XMR/USDT,,,,0,13,0,sha256_e8d28cd87065e2c4fddc76d0370ed6ddf67047ffb0a8bbd02f4139488617d93b
PrawnstarOBV,spot_long,1h,PASS,policy=1;mode=spot;timeframe=1h;complete=8/8;availability_limited=1;sync_gaps=13;pair_gaps=0;aux_failures=0;duplicates=0,2020-03-01T00:00:00Z,2026-08-21T00:00:00Z,8,8,XMR/USDT,,,,0,13,0,sha256_ca7ff1931fd6c56a6b8207860a55741af9c20bb55de36000b62730174c4f2937
Prediction_Strategy,spot_long,1h,PASS,policy=1;mode=spot;timeframe=1h;complete=8/8;availability_limited=1;sync_gaps=13;pair_gaps=0;aux_failures=0;duplicates=0,2020-03-01T00:00:00Z,2026-08-21T00:00:00Z,8,8,XMR/USDT,,,,0,13,0,sha256_ca7ff1931fd6c56a6b8207860a55741af9c20bb55de36000b62730174c4f2937
QuickBuyStrategy,spot_long,1hr,PENDING,unsupported_or_unknown_profile,2020-03-01T00:00:00Z,2026-08-21T00:00:00Z,0,0,,,,,,,,
Quickie,spot_long,5m,PASS,policy=1;mode=spot;timeframe=5m;complete=8/8;availability_limited=1;sync_gaps=13;pair_gaps=0;aux_failures=0;duplicates=0,2020-03-01T00:00:00Z,2026-08-21T00:00:00Z,8,8,XMR/USDT,,,,0,13,0,sha256_e8d28cd87065e2c4fddc76d0370ed6ddf67047ffb0a8bbd02f4139488617d93b
RSIDivTirail,spot_long,5m,PASS,policy=1;mode=spot;timeframe=5m;complete=8/8;availability_limited=1;sync_gaps=13;pair_gaps=0;aux_failures=0;duplicates=0,2020-03-01T00:00:00Z,2026-08-21T00:00:00Z,8,8,XMR/USDT,,,,0,13,0,sha256_e8d28cd87065e2c4fddc76d0370ed6ddf67047ffb0a8bbd02f4139488617d93b
RalliV1_disable56,spot_long,5m,PASS,policy=1;mode=spot;timeframe=5m;complete=8/8;availability_limited=1;sync_gaps=13;pair_gaps=0;aux_failures=0;duplicates=0,2020-03-01T00:00:00Z,2026-08-21T00:00:00Z,8,8,XMR/USDT,,,,0,13,0,sha256_e8d28cd87065e2c4fddc76d0370ed6ddf67047ffb0a8bbd02f4139488617d93b
ReinforcedAverageStrategy,spot_long,4h,PASS,policy=1;mode=spot;timeframe=4h;complete=8/8;availability_limited=1;sync_gaps=0;pair_gaps=0;aux_failures=0;duplicates=0,2020-03-01T00:00:00Z,2026-08-21T00:00:00Z,8,8,XMR/USDT,,,,0,0,0,sha256_3189fb1b70726edcb8094812a734108d82fb90f275749253fb8b98b5ce7d49ab
ReinforcedQuickie,spot_long,5m,PASS,policy=1;mode=spot;timeframe=5m;complete=8/8;availability_limited=1;sync_gaps=13;pair_gaps=0;aux_failures=0;duplicates=0,2020-03-01T00:00:00Z,2026-08-21T00:00:00Z,8,8,XMR/USDT,,,,0,13,0,sha256_e8d28cd87065e2c4fddc76d0370ed6ddf67047ffb0a8bbd02f4139488617d93b
Renko,spot_long,15m,PASS,policy=1;mode=spot;timeframe=15m;complete=8/8;availability_limited=1;sync_gaps=13;pair_gaps=0;aux_failures=0;duplicates=0,2020-03-01T00:00:00Z,2026-08-21T00:00:00Z,8,8,XMR/USDT,,,,0,13,0,sha256_59786b266b1661ca08381b938b2ca9cb3b6f40aac0325e00be1faef371623b6e
RenkoYolo,spot_long,15m,PASS,policy=1;mode=spot;timeframe=15m;complete=8/8;availability_limited=1;sync_gaps=13;pair_gaps=0;aux_failures=0;duplicates=0,2020-03-01T00:00:00Z,2026-08-21T00:00:00Z,8,8,XMR/USDT,,,,0,13,0,sha256_59786b266b1661ca08381b938b2ca9cb3b6f40aac0325e00be1faef371623b6e
SAR,spot_long,5m,PASS,policy=1;mode=spot;timeframe=5m;complete=8/8;availability_limited=1;sync_gaps=13;pair_gaps=0;aux_failures=0;duplicates=0,2020-03-01T00:00:00Z,2026-08-21T00:00:00Z,8,8,XMR/USDT,,,,0,13,0,sha256_e8d28cd87065e2c4fddc76d0370ed6ddf67047ffb0a8bbd02f4139488617d93b
SMAIP3v2,spot_long,5m,PASS,policy=1;mode=spot;timeframe=5m;complete=8/8;availability_limited=1;sync_gaps=13;pair_gaps=0;aux_failures=0;duplicates=0,2020-03-01T00:00:00Z,2026-08-21T00:00:00Z,8,8,XMR/USDT,,,,0,13,0,sha256_e8d28cd87065e2c4fddc76d0370ed6ddf67047ffb0a8bbd02f4139488617d93b
SMAOPv1_TTF,spot_long,5m,PASS,policy=1;mode=spot;timeframe=5m;complete=8/8;availability_limited=1;sync_gaps=13;pair_gaps=0;aux_failures=0;duplicates=0,2020-03-01T00:00:00Z,2026-08-21T00:00:00Z,8,8,XMR/USDT,,,,0,13,0,sha256_e8d28cd87065e2c4fddc76d0370ed6ddf67047ffb0a8bbd02f4139488617d93b
SMAOffset,spot_long,5m,PASS,policy=1;mode=spot;timeframe=5m;complete=8/8;availability_limited=1;sync_gaps=13;pair_gaps=0;aux_failures=0;duplicates=0,2020-03-01T00:00:00Z,2026-08-21T00:00:00Z,8,8,XMR/USDT,,,,0,13,0,sha256_e8d28cd87065e2c4fddc76d0370ed6ddf67047ffb0a8bbd02f4139488617d93b
SMAOffsetProtectOptV0,spot_long,5m,PASS,policy=1;mode=spot;timeframe=5m;complete=8/8;availability_limited=1;sync_gaps=13;pair_gaps=0;aux_failures=0;duplicates=0,2020-03-01T00:00:00Z,2026-08-21T00:00:00Z,8,8,XMR/USDT,,,,0,13,0,sha256_e8d28cd87065e2c4fddc76d0370ed6ddf67047ffb0a8bbd02f4139488617d93b
SMAOffsetProtectOptV1HO1,spot_long,5m,PASS,policy=1;mode=spot;timeframe=5m;complete=8/8;availability_limited=1;sync_gaps=13;pair_gaps=0;aux_failures=0;duplicates=0,2020-03-01T00:00:00Z,2026-08-21T00:00:00Z,8,8,XMR/USDT,,,,0,13,0,sha256_e8d28cd87065e2c4fddc76d0370ed6ddf67047ffb0a8bbd02f4139488617d93b
SMAOffsetProtectOptV1Mod2,spot_long,5m,PASS,policy=1;mode=spot;timeframe=5m;complete=8/8;availability_limited=1;sync_gaps=13;pair_gaps=0;aux_failures=0;duplicates=0,2020-03-01T00:00:00Z,2026-08-21T00:00:00Z,8,8,XMR/USDT,,,,0,13,0,sha256_e8d28cd87065e2c4fddc76d0370ed6ddf67047ffb0a8bbd02f4139488617d93b
SMAOffsetV2,spot_long,5m,PASS,policy=1;mode=spot;timeframe=5m;complete=8/8;availability_limited=1;sync_gaps=13;pair_gaps=0;aux_failures=0;duplicates=0,2020-03-01T00:00:00Z,2026-08-21T00:00:00Z,8,8,XMR/USDT,,,,0,13,0,sha256_e8d28cd87065e2c4fddc76d0370ed6ddf67047ffb0a8bbd02f4139488617d93b
Sar,spot_long,5m,PASS,policy=1;mode=spot;timeframe=5m;complete=8/8;availability_limited=1;sync_gaps=13;pair_gaps=0;aux_failures=0;duplicates=0,2020-03-01T00:00:00Z,2026-08-21T00:00:00Z,8,8,XMR/USDT,,,,0,13,0,sha256_e8d28cd87065e2c4fddc76d0370ed6ddf67047ffb0a8bbd02f4139488617d93b
Saturn5,spot_long,15m,PASS,policy=1;mode=spot;timeframe=15m;complete=8/8;availability_limited=1;sync_gaps=13;pair_gaps=0;aux_failures=0;duplicates=0,2020-03-01T00:00:00Z,2026-08-21T00:00:00Z,8,8,XMR/USDT,,,,0,13,0,sha256_59786b266b1661ca08381b938b2ca9cb3b6f40aac0325e00be1faef371623b6e
Scalp,spot_long,1m,PASS,policy=1;mode=spot;timeframe=1m;complete=8/8;availability_limited=1;sync_gaps=13;pair_gaps=0;aux_failures=0;duplicates=0,2020-03-01T00:00:00Z,2026-08-21T00:00:00Z,8,8,XMR/USDT,,,,0,13,0,sha256_abb17c3c2a1a410057e1351508eeebdd41b095e316f737ad57de215036a3c3e3
ScalpingCCI,spot_long,,PENDING,unsupported_or_unknown_profile,2020-03-01T00:00:00Z,2026-08-21T00:00:00Z,0,0,,,,,,,,
Schism,spot_long,5m,PASS,policy=1;mode=spot;timeframe=5m;complete=8/8;availability_limited=1;sync_gaps=13;pair_gaps=0;aux_failures=0;duplicates=0,2020-03-01T00:00:00Z,2026-08-21T00:00:00Z,8,8,XMR/USDT,,,,0,13,0,sha256_e8d28cd87065e2c4fddc76d0370ed6ddf67047ffb0a8bbd02f4139488617d93b
Schism3,spot_long,5m,PASS,policy=1;mode=spot;timeframe=5m;complete=8/8;availability_limited=1;sync_gaps=13;pair_gaps=0;aux_failures=0;duplicates=0,2020-03-01T00:00:00Z,2026-08-21T00:00:00Z,8,8,XMR/USDT,,,,0,13,0,sha256_e8d28cd87065e2c4fddc76d0370ed6ddf67047ffb0a8bbd02f4139488617d93b
Schism4,spot_long,5m,PASS,policy=1;mode=spot;timeframe=5m;complete=8/8;availability_limited=1;sync_gaps=13;pair_gaps=0;aux_failures=0;duplicates=0,2020-03-01T00:00:00Z,2026-08-21T00:00:00Z,8,8,XMR/USDT,,,,0,13,0,sha256_e8d28cd87065e2c4fddc76d0370ed6ddf67047ffb0a8bbd02f4139488617d93b
Schism5,spot_long,5m,PASS,policy=1;mode=spot;timeframe=5m;complete=8/8;availability_limited=1;sync_gaps=13;pair_gaps=0;aux_failures=0;duplicates=0,2020-03-01T00:00:00Z,2026-08-21T00:00:00Z,8,8,XMR/USDT,,,,0,13,0,sha256_e8d28cd87065e2c4fddc76d0370ed6ddf67047ffb0a8bbd02f4139488617d93b
Schism6,spot_long,5m,PASS,policy=1;mode=spot;timeframe=5m;complete=8/8;availability_limited=1;sync_gaps=13;pair_gaps=0;aux_failures=0;duplicates=0,2020-03-01T00:00:00Z,2026-08-21T00:00:00Z,8,8,XMR/USDT,,,,0,13,0,sha256_e8d28cd87065e2c4fddc76d0370ed6ddf67047ffb0a8bbd02f4139488617d93b
Schism2,spot_long,5m,PASS,policy=1;mode=spot;timeframe=5m;complete=8/8;availability_limited=1;sync_gaps=13;pair_gaps=0;aux_failures=0;duplicates=0,2020-03-01T00:00:00Z,2026-08-21T00:00:00Z,8,8,XMR/USDT,,,,0,13,0,sha256_e8d28cd87065e2c4fddc76d0370ed6ddf67047ffb0a8bbd02f4139488617d93b
Schism2MM,spot_long,5m,PASS,policy=1;mode=spot;timeframe=5m;complete=8/8;availability_limited=1;sync_gaps=13;pair_gaps=0;aux_failures=0;duplicates=0,2020-03-01T00:00:00Z,2026-08-21T00:00:00Z,8,8,XMR/USDT,,,,0,13,0,sha256_e8d28cd87065e2c4fddc76d0370ed6ddf67047ffb0a8bbd02f4139488617d93b
Seb,spot_long,5m,PASS,policy=1;mode=spot;timeframe=5m;complete=8/8;availability_limited=1;sync_gaps=13;pair_gaps=0;aux_failures=0;duplicates=0,2020-03-01T00:00:00Z,2026-08-21T00:00:00Z,8,8,XMR/USDT,,,,0,13,0,sha256_e8d28cd87065e2c4fddc76d0370ed6ddf67047ffb0a8bbd02f4139488617d93b
Simple,spot_long,5m,PASS,policy=1;mode=spot;timeframe=5m;complete=8/8;availability_limited=1;sync_gaps=13;pair_gaps=0;aux_failures=0;duplicates=0,2020-03-01T00:00:00Z,2026-08-21T00:00:00Z,8,8,XMR/USDT,,,,0,13,0,sha256_e8d28cd87065e2c4fddc76d0370ed6ddf67047ffb0a8bbd02f4139488617d93b
Slowbro,spot_long,1h,PASS,policy=1;mode=spot;timeframe=1h;complete=8/8;availability_limited=1;sync_gaps=13;pair_gaps=0;aux_failures=0;duplicates=0,2020-03-01T00:00:00Z,2026-08-21T00:00:00Z,8,8,XMR/USDT,,,,0,13,0,sha256_ca7ff1931fd6c56a6b8207860a55741af9c20bb55de36000b62730174c4f2937
SmoothOperator,spot_long,5m,PASS,policy=1;mode=spot;timeframe=5m;complete=8/8;availability_limited=1;sync_gaps=13;pair_gaps=0;aux_failures=0;duplicates=0,2020-03-01T00:00:00Z,2026-08-21T00:00:00Z,8,8,XMR/USDT,,,,0,13,0,sha256_e8d28cd87065e2c4fddc76d0370ed6ddf67047ffb0a8bbd02f4139488617d93b
SmoothScalp,spot_long,1m,PASS,policy=1;mode=spot;timeframe=1m;complete=8/8;availability_limited=1;sync_gaps=13;pair_gaps=0;aux_failures=0;duplicates=0,2020-03-01T00:00:00Z,2026-08-21T00:00:00Z,8,8,XMR/USDT,,,,0,13,0,sha256_abb17c3c2a1a410057e1351508eeebdd41b095e316f737ad57de215036a3c3e3
SolipsisCon,spot_long,5m,PASS,policy=1;mode=spot;timeframe=5m;complete=8/8;availability_limited=1;sync_gaps=13;pair_gaps=0;aux_failures=0;duplicates=0,2020-03-01T00:00:00Z,2026-08-21T00:00:00Z,8,8,XMR/USDT,,,,0,13,0,sha256_e8d28cd87065e2c4fddc76d0370ed6ddf67047ffb0a8bbd02f4139488617d93b
Solipsis,spot_long,5m,PASS,policy=1;mode=spot;timeframe=5m;complete=8/8;availability_limited=1;sync_gaps=13;pair_gaps=0;aux_failures=0;duplicates=0,2020-03-01T00:00:00Z,2026-08-21T00:00:00Z,8,8,XMR/USDT,,,,0,13,0,sha256_e8d28cd87065e2c4fddc76d0370ed6ddf67047ffb0a8bbd02f4139488617d93b
Solipsis5,spot_long,5m,PASS,policy=1;mode=spot;timeframe=5m;complete=8/8;availability_limited=1;sync_gaps=13;pair_gaps=0;aux_failures=0;duplicates=0,2020-03-01T00:00:00Z,2026-08-21T00:00:00Z,8,8,XMR/USDT,,,,0,13,0,sha256_e8d28cd87065e2c4fddc76d0370ed6ddf67047ffb0a8bbd02f4139488617d93b
Solipsis6,spot_long,5m,PASS,policy=1;mode=spot;timeframe=5m;complete=8/8;availability_limited=1;sync_gaps=13;pair_gaps=0;aux_failures=0;duplicates=0,2020-03-01T00:00:00Z,2026-08-21T00:00:00Z,8,8,XMR/USDT,,,,0,13,0,sha256_e8d28cd87065e2c4fddc76d0370ed6ddf67047ffb0a8bbd02f4139488617d93b
Solipsis3,spot_long,5m,PASS,policy=1;mode=spot;timeframe=5m;complete=8/8;availability_limited=1;sync_gaps=13;pair_gaps=0;aux_failures=0;duplicates=0,2020-03-01T00:00:00Z,2026-08-21T00:00:00Z,8,8,XMR/USDT,,,,0,13,0,sha256_e8d28cd87065e2c4fddc76d0370ed6ddf67047ffb0a8bbd02f4139488617d93b
SolipsisMM,spot_long,5m,PASS,policy=1;mode=spot;timeframe=5m;complete=8/8;availability_limited=1;sync_gaps=13;pair_gaps=0;aux_failures=0;duplicates=0,2020-03-01T00:00:00Z,2026-08-21T00:00:00Z,8,8,XMR/USDT,,,,0,13,0,sha256_e8d28cd87065e2c4fddc76d0370ed6ddf67047ffb0a8bbd02f4139488617d93b
Solipsis4,spot_long,5m,PASS,policy=1;mode=spot;timeframe=5m;complete=8/8;availability_limited=1;sync_gaps=13;pair_gaps=0;aux_failures=0;duplicates=0,2020-03-01T00:00:00Z,2026-08-21T00:00:00Z,8,8,XMR/USDT,,,,0,13,0,sha256_e8d28cd87065e2c4fddc76d0370ed6ddf67047ffb0a8bbd02f4139488617d93b
SqueezeMomentum,spot_long,5m,PASS,policy=1;mode=spot;timeframe=5m;complete=8/8;availability_limited=1;sync_gaps=13;pair_gaps=0;aux_failures=0;duplicates=0,2020-03-01T00:00:00Z,2026-08-21T00:00:00Z,8,8,XMR/USDT,,,,0,13,0,sha256_e8d28cd87065e2c4fddc76d0370ed6ddf67047ffb0a8bbd02f4139488617d93b
Stinkfist,spot_long,5m,PASS,policy=1;mode=spot;timeframe=5m;complete=8/8;availability_limited=1;sync_gaps=13;pair_gaps=0;aux_failures=0;duplicates=0,2020-03-01T00:00:00Z,2026-08-21T00:00:00Z,8,8,XMR/USDT,,,,0,13,0,sha256_e8d28cd87065e2c4fddc76d0370ed6ddf67047ffb0a8bbd02f4139488617d93b
StochRSITEMA,spot_long,5m,PASS,policy=1;mode=spot;timeframe=5m;complete=8/8;availability_limited=1;sync_gaps=13;pair_gaps=0;aux_failures=0;duplicates=0,2020-03-01T00:00:00Z,2026-08-21T00:00:00Z,8,8,XMR/USDT,,,,0,13,0,sha256_e8d28cd87065e2c4fddc76d0370ed6ddf67047ffb0a8bbd02f4139488617d93b
SuperHV27,spot_long,5m,PASS,policy=1;mode=spot;timeframe=5m;complete=8/8;availability_limited=1;sync_gaps=13;pair_gaps=0;aux_failures=0;duplicates=0,2020-03-01T00:00:00Z,2026-08-21T00:00:00Z,8,8,XMR/USDT,,,,0,13,0,sha256_e8d28cd87065e2c4fddc76d0370ed6ddf67047ffb0a8bbd02f4139488617d93b
SuperTrend,spot_long,1m,PASS,policy=1;mode=spot;timeframe=1m;complete=8/8;availability_limited=1;sync_gaps=13;pair_gaps=0;aux_failures=0;duplicates=0,2020-03-01T00:00:00Z,2026-08-21T00:00:00Z,8,8,XMR/USDT,,,,0,13,0,sha256_abb17c3c2a1a410057e1351508eeebdd41b095e316f737ad57de215036a3c3e3
SuperTrendPure,spot_long,1h,PASS,policy=1;mode=spot;timeframe=1h;complete=8/8;availability_limited=1;sync_gaps=13;pair_gaps=0;aux_failures=0;duplicates=0,2020-03-01T00:00:00Z,2026-08-21T00:00:00Z,8,8,XMR/USDT,,,,0,13,0,sha256_ca7ff1931fd6c56a6b8207860a55741af9c20bb55de36000b62730174c4f2937
Supertrend,spot_long,5m,PASS,policy=1;mode=spot;timeframe=5m;complete=8/8;availability_limited=1;sync_gaps=13;pair_gaps=0;aux_failures=0;duplicates=0,2020-03-01T00:00:00Z,2026-08-21T00:00:00Z,8,8,XMR/USDT,,,,0,13,0,sha256_e8d28cd87065e2c4fddc76d0370ed6ddf67047ffb0a8bbd02f4139488617d93b
SupertrendStrategy,spot_long,1h,PASS,policy=1;mode=spot;timeframe=1h;complete=8/8;availability_limited=1;sync_gaps=13;pair_gaps=0;aux_failures=0;duplicates=0,2020-03-01T00:00:00Z,2026-08-21T00:00:00Z,8,8,XMR/USDT,,,,0,13,0,sha256_ca7ff1931fd6c56a6b8207860a55741af9c20bb55de36000b62730174c4f2937
SwingHigh,spot_long,,PENDING,unsupported_or_unknown_profile,2020-03-01T00:00:00Z,2026-08-21T00:00:00Z,0,0,,,,,,,,
SwingHighToSky,spot_long,15m,PASS,policy=1;mode=spot;timeframe=15m;complete=8/8;availability_limited=1;sync_gaps=13;pair_gaps=0;aux_failures=0;duplicates=0,2020-03-01T00:00:00Z,2026-08-21T00:00:00Z,8,8,XMR/USDT,,,,0,13,0,sha256_59786b266b1661ca08381b938b2ca9cb3b6f40aac0325e00be1faef371623b6e
TDSequentialStrategy,spot_long,1h,PASS,policy=1;mode=spot;timeframe=1h;complete=8/8;availability_limited=1;sync_gaps=13;pair_gaps=0;aux_failures=0;duplicates=0,2020-03-01T00:00:00Z,2026-08-21T00:00:00Z,8,8,XMR/USDT,,,,0,13,0,sha256_ca7ff1931fd6c56a6b8207860a55741af9c20bb55de36000b62730174c4f2937
TEMA,spot_long,1m,PASS,policy=1;mode=spot;timeframe=1m;complete=8/8;availability_limited=1;sync_gaps=13;pair_gaps=0;aux_failures=0;duplicates=0,2020-03-01T00:00:00Z,2026-08-21T00:00:00Z,8,8,XMR/USDT,,,,0,13,0,sha256_abb17c3c2a1a410057e1351508eeebdd41b095e316f737ad57de215036a3c3e3
TechnicalExampleStrategy,spot_long,5m,PASS,policy=1;mode=spot;timeframe=5m;complete=8/8;availability_limited=1;sync_gaps=13;pair_gaps=0;aux_failures=0;duplicates=0,2020-03-01T00:00:00Z,2026-08-21T00:00:00Z,8,8,XMR/USDT,,,,0,13,0,sha256_e8d28cd87065e2c4fddc76d0370ed6ddf67047ffb0a8bbd02f4139488617d93b
Test_MAMA4,spot_long,5m,PASS,policy=1;mode=spot;timeframe=5m;complete=8/8;availability_limited=1;sync_gaps=13;pair_gaps=0;aux_failures=0;duplicates=0,2020-03-01T00:00:00Z,2026-08-21T00:00:00Z,8,8,XMR/USDT,,,,0,13,0,sha256_e8d28cd87065e2c4fddc76d0370ed6ddf67047ffb0a8bbd02f4139488617d93b
TheForce,spot_long,15m,PASS,policy=1;mode=spot;timeframe=15m;complete=8/8;availability_limited=1;sync_gaps=13;pair_gaps=0;aux_failures=0;duplicates=0,2020-03-01T00:00:00Z,2026-08-21T00:00:00Z,8,8,XMR/USDT,,,,0,13,0,sha256_59786b266b1661ca08381b938b2ca9cb3b6f40aac0325e00be1faef371623b6e
TheRealPullbackV2,spot_long,5m,PASS,policy=1;mode=spot;timeframe=5m;complete=8/8;availability_limited=1;sync_gaps=13;pair_gaps=0;aux_failures=0;duplicates=0,2020-03-01T00:00:00Z,2026-08-21T00:00:00Z,8,8,XMR/USDT,,,,0,13,0,sha256_e8d28cd87065e2c4fddc76d0370ed6ddf67047ffb0a8bbd02f4139488617d93b
ThreeCommasStrategy,spot_long,,PENDING,unsupported_or_unknown_profile,2020-03-01T00:00:00Z,2026-08-21T00:00:00Z,0,0,,,,,,,,
YourStrat,spot_long,,PENDING,unsupported_or_unknown_profile,2020-03-01T00:00:00Z,2026-08-21T00:00:00Z,0,0,,,,,,,,
TrainCatBoostStrategy,spot_long,,PENDING,unsupported_or_unknown_profile,2020-03-01T00:00:00Z,2026-08-21T00:00:00Z,0,0,,,,,,,,
TrixStrategy,spot_long,1h,PASS,policy=1;mode=spot;timeframe=1h;complete=8/8;availability_limited=1;sync_gaps=13;pair_gaps=0;aux_failures=0;duplicates=0,2020-03-01T00:00:00Z,2026-08-21T00:00:00Z,8,8,XMR/USDT,,,,0,13,0,sha256_ca7ff1931fd6c56a6b8207860a55741af9c20bb55de36000b62730174c4f2937
TrixV15Strategy,spot_long,1h,PASS,policy=1;mode=spot;timeframe=1h;complete=8/8;availability_limited=1;sync_gaps=13;pair_gaps=0;aux_failures=0;duplicates=0,2020-03-01T00:00:00Z,2026-08-21T00:00:00Z,8,8,XMR/USDT,,,,0,13,0,sha256_ca7ff1931fd6c56a6b8207860a55741af9c20bb55de36000b62730174c4f2937
TrixV21Strategy,spot_long,1h,PASS,policy=1;mode=spot;timeframe=1h;complete=8/8;availability_limited=1;sync_gaps=13;pair_gaps=0;aux_failures=0;duplicates=0,2020-03-01T00:00:00Z,2026-08-21T00:00:00Z,8,8,XMR/USDT,,,,0,13,0,sha256_ca7ff1931fd6c56a6b8207860a55741af9c20bb55de36000b62730174c4f2937
TrixV23Strategy,spot_long,1h,PASS,policy=1;mode=spot;timeframe=1h;complete=8/8;availability_limited=1;sync_gaps=13;pair_gaps=0;aux_failures=0;duplicates=0,2020-03-01T00:00:00Z,2026-08-21T00:00:00Z,8,8,XMR/USDT,,,,0,13,0,sha256_ca7ff1931fd6c56a6b8207860a55741af9c20bb55de36000b62730174c4f2937
TuplaBollinger,spot_long,5h,PENDING,unsupported_or_unknown_profile,2020-03-01T00:00:00Z,2026-08-21T00:00:00Z,0,0,,,,,,,,
UltimateMomentumIndicator,spot_long,5m,PASS,policy=1;mode=spot;timeframe=5m;complete=8/8;availability_limited=1;sync_gaps=13;pair_gaps=0;aux_failures=0;duplicates=0,2020-03-01T00:00:00Z,2026-08-21T00:00:00Z,8,8,XMR/USDT,,,,0,13,0,sha256_e8d28cd87065e2c4fddc76d0370ed6ddf67047ffb0a8bbd02f4139488617d93b
UpSliceStrategy,spot_long,5m,PASS,policy=1;mode=spot;timeframe=5m;complete=8/8;availability_limited=1;sync_gaps=13;pair_gaps=0;aux_failures=0;duplicates=0,2020-03-01T00:00:00Z,2026-08-21T00:00:00Z,8,8,XMR/USDT,,,,0,13,0,sha256_e8d28cd87065e2c4fddc76d0370ed6ddf67047ffb0a8bbd02f4139488617d93b
Uptrend,spot_long,5m,PASS,policy=1;mode=spot;timeframe=5m;complete=8/8;availability_limited=1;sync_gaps=13;pair_gaps=0;aux_failures=0;duplicates=0,2020-03-01T00:00:00Z,2026-08-21T00:00:00Z,8,8,XMR/USDT,,,,0,13,0,sha256_e8d28cd87065e2c4fddc76d0370ed6ddf67047ffb0a8bbd02f4139488617d93b
UziChan,spot_long,5m,PASS,policy=1;mode=spot;timeframe=5m;complete=8/8;availability_limited=1;sync_gaps=13;pair_gaps=0;aux_failures=0;duplicates=0,2020-03-01T00:00:00Z,2026-08-21T00:00:00Z,8,8,XMR/USDT,,,,0,13,0,sha256_e8d28cd87065e2c4fddc76d0370ed6ddf67047ffb0a8bbd02f4139488617d93b
UziChan2,spot_long,1m,PASS,policy=1;mode=spot;timeframe=1m;complete=8/8;availability_limited=1;sync_gaps=13;pair_gaps=0;aux_failures=0;duplicates=0,2020-03-01T00:00:00Z,2026-08-21T00:00:00Z,8,8,XMR/USDT,,,,0,13,0,sha256_abb17c3c2a1a410057e1351508eeebdd41b095e316f737ad57de215036a3c3e3
VWAP,spot_long,5m,PASS,policy=1;mode=spot;timeframe=5m;complete=8/8;availability_limited=1;sync_gaps=13;pair_gaps=0;aux_failures=0;duplicates=0,2020-03-01T00:00:00Z,2026-08-21T00:00:00Z,8,8,XMR/USDT,,,,0,13,0,sha256_e8d28cd87065e2c4fddc76d0370ed6ddf67047ffb0a8bbd02f4139488617d93b
WaveTrendStra,spot_long,4h,PASS,policy=1;mode=spot;timeframe=4h;complete=8/8;availability_limited=1;sync_gaps=0;pair_gaps=0;aux_failures=0;duplicates=0,2020-03-01T00:00:00Z,2026-08-21T00:00:00Z,8,8,XMR/USDT,,,,0,0,0,sha256_3189fb1b70726edcb8094812a734108d82fb90f275749253fb8b98b5ce7d49ab
XebTradeStrat,spot_long,1m,PASS,policy=1;mode=spot;timeframe=1m;complete=8/8;availability_limited=1;sync_gaps=13;pair_gaps=0;aux_failures=0;duplicates=0,2020-03-01T00:00:00Z,2026-08-21T00:00:00Z,8,8,XMR/USDT,,,,0,13,0,sha256_abb17c3c2a1a410057e1351508eeebdd41b095e316f737ad57de215036a3c3e3
XtraThicc,spot_long,5m,PASS,policy=1;mode=spot;timeframe=5m;complete=8/8;availability_limited=1;sync_gaps=13;pair_gaps=0;aux_failures=0;duplicates=0,2020-03-01T00:00:00Z,2026-08-21T00:00:00Z,8,8,XMR/USDT,,,,0,13,0,sha256_e8d28cd87065e2c4fddc76d0370ed6ddf67047ffb0a8bbd02f4139488617d93b
YOLO,spot_long,1m,PASS,policy=1;mode=spot;timeframe=1m;complete=8/8;availability_limited=1;sync_gaps=13;pair_gaps=0;aux_failures=0;duplicates=0,2020-03-01T00:00:00Z,2026-08-21T00:00:00Z,8,8,XMR/USDT,,,,0,13,0,sha256_abb17c3c2a1a410057e1351508eeebdd41b095e316f737ad57de215036a3c3e3
Zeus,spot_long,4h,PASS,policy=1;mode=spot;timeframe=4h;complete=8/8;availability_limited=1;sync_gaps=0;pair_gaps=0;aux_failures=0;duplicates=0,2020-03-01T00:00:00Z,2026-08-21T00:00:00Z,8,8,XMR/USDT,,,,0,0,0,sha256_3189fb1b70726edcb8094812a734108d82fb90f275749253fb8b98b5ce7d49ab
CustomStoplossWithPSAR,spot_long,1h,PASS,policy=1;mode=spot;timeframe=1h;complete=8/8;availability_limited=1;sync_gaps=13;pair_gaps=0;aux_failures=0;duplicates=0,2020-03-01T00:00:00Z,2026-08-21T00:00:00Z,8,8,XMR/USDT,,,,0,13,0,sha256_ca7ff1931fd6c56a6b8207860a55741af9c20bb55de36000b62730174c4f2937
ep3mas2,spot_long,5m,PASS,policy=1;mode=spot;timeframe=5m;complete=8/8;availability_limited=1;sync_gaps=13;pair_gaps=0;aux_failures=0;duplicates=0,2020-03-01T00:00:00Z,2026-08-21T00:00:00Z,8,8,XMR/USDT,,,,0,13,0,sha256_e8d28cd87065e2c4fddc76d0370ed6ddf67047ffb0a8bbd02f4139488617d93b
epretrace,spot_long,5m,PASS,policy=1;mode=spot;timeframe=5m;complete=8/8;availability_limited=1;sync_gaps=13;pair_gaps=0;aux_failures=0;duplicates=0,2020-03-01T00:00:00Z,2026-08-21T00:00:00Z,8,8,XMR/USDT,,,,0,13,0,sha256_e8d28cd87065e2c4fddc76d0370ed6ddf67047ffb0a8bbd02f4139488617d93b
Gumbo1,spot_long,5m,PASS,policy=1;mode=spot;timeframe=5m;complete=8/8;availability_limited=1;sync_gaps=13;pair_gaps=0;aux_failures=0;duplicates=0,2020-03-01T00:00:00Z,2026-08-21T00:00:00Z,8,8,XMR/USDT,,,,0,13,0,sha256_e8d28cd87065e2c4fddc76d0370ed6ddf67047ffb0a8bbd02f4139488617d93b
hansencandlepatternV1,spot_long,1h,PASS,policy=1;mode=spot;timeframe=1h;complete=8/8;availability_limited=1;sync_gaps=13;pair_gaps=0;aux_failures=0;duplicates=0,2020-03-01T00:00:00Z,2026-08-21T00:00:00Z,8,8,XMR/USDT,,,,0,13,0,sha256_ca7ff1931fd6c56a6b8207860a55741af9c20bb55de36000b62730174c4f2937
heikin,spot_long,1h,PASS,policy=1;mode=spot;timeframe=1h;complete=8/8;availability_limited=1;sync_gaps=13;pair_gaps=0;aux_failures=0;duplicates=0,2020-03-01T00:00:00Z,2026-08-21T00:00:00Z,8,8,XMR/USDT,,,,0,13,0,sha256_ca7ff1931fd6c56a6b8207860a55741af9c20bb55de36000b62730174c4f2937
new_turtle,spot_long,1d,PASS,policy=1;mode=spot;timeframe=1d;complete=8/8;availability_limited=1;sync_gaps=0;pair_gaps=0;aux_failures=0;duplicates=0,2020-03-01T00:00:00Z,2026-08-21T00:00:00Z,8,8,XMR/USDT,,,,0,0,0,sha256_e606ca78497360fc0ec1042bb6ffe7a553818da8fe41f9ff04e1b6ca510a956a
NostalgiaForInfinityNextV7155,spot_long,5m,PASS,policy=1;mode=spot;timeframe=5m;complete=8/8;availability_limited=1;sync_gaps=13;pair_gaps=0;aux_failures=0;duplicates=0,2020-03-01T00:00:00Z,2026-08-21T00:00:00Z,8,8,XMR/USDT,,,,0,13,0,sha256_e8d28cd87065e2c4fddc76d0370ed6ddf67047ffb0a8bbd02f4139488617d93b
pmaxTest,spot_long,5m,PASS,policy=1;mode=spot;timeframe=5m;complete=8/8;availability_limited=1;sync_gaps=13;pair_gaps=0;aux_failures=0;duplicates=0,2020-03-01T00:00:00Z,2026-08-21T00:00:00Z,8,8,XMR/USDT,,,,0,13,0,sha256_e8d28cd87065e2c4fddc76d0370ed6ddf67047ffb0a8bbd02f4139488617d93b
Precognition,spot_long,5m,PASS,policy=1;mode=spot;timeframe=5m;complete=8/8;availability_limited=1;sync_gaps=13;pair_gaps=0;aux_failures=0;duplicates=0,2020-03-01T00:00:00Z,2026-08-21T00:00:00Z,8,8,XMR/USDT,,,,0,13,0,sha256_e8d28cd87065e2c4fddc76d0370ed6ddf67047ffb0a8bbd02f4139488617d93b
tbtest,spot_long,5m,PASS,policy=1;mode=spot;timeframe=5m;complete=8/8;availability_limited=1;sync_gaps=13;pair_gaps=0;aux_failures=0;duplicates=0,2020-03-01T00:00:00Z,2026-08-21T00:00:00Z,8,8,XMR/USDT,,,,0,13,0,sha256_e8d28cd87065e2c4fddc76d0370ed6ddf67047ffb0a8bbd02f4139488617d93b
true_lambo,spot_long,5m,PASS,policy=1;mode=spot;timeframe=5m;complete=8/8;availability_limited=1;sync_gaps=13;pair_gaps=0;aux_failures=0;duplicates=0,2020-03-01T00:00:00Z,2026-08-21T00:00:00Z,8,8,XMR/USDT,,,,0,13,0,sha256_e8d28cd87065e2c4fddc76d0370ed6ddf67047ffb0a8bbd02f4139488617d93b
ViN,spot_long,5m,PASS,policy=1;mode=spot;timeframe=5m;complete=8/8;availability_limited=1;sync_gaps=13;pair_gaps=0;aux_failures=0;duplicates=0,2020-03-01T00:00:00Z,2026-08-21T00:00:00Z,8,8,XMR/USDT,,,,0,13,0,sha256_e8d28cd87065e2c4fddc76d0370ed6ddf67047ffb0a8bbd02f4139488617d93b
ClucHAnix_BB_RPB_TraNz,spot_long,5m,PASS,policy=1;mode=spot;timeframe=5m;complete=8/8;availability_limited=1;sync_gaps=13;pair_gaps=0;aux_failures=0;duplicates=0,2020-03-01T00:00:00Z,2026-08-21T00:00:00Z,8,8,XMR/USDT,,,,0,13,0,sha256_e8d28cd87065e2c4fddc76d0370ed6ddf67047ffb0a8bbd02f4139488617d93b
BB_RTR,spot_long,5m,PASS,policy=1;mode=spot;timeframe=5m;complete=8/8;availability_limited=1;sync_gaps=13;pair_gaps=0;aux_failures=0;duplicates=0,2020-03-01T00:00:00Z,2026-08-21T00:00:00Z,8,8,XMR/USDT,,,,0,13,0,sha256_e8d28cd87065e2c4fddc76d0370ed6ddf67047ffb0a8bbd02f4139488617d93b
CryptoPredictionTraining,spot_long,,PENDING,unsupported_or_unknown_profile,2020-03-01T00:00:00Z,2026-08-21T00:00:00Z,0,0,,,,,,,,
NASOSRv6_private_Reinuvader_20211121,spot_long,5m,PASS,policy=1;mode=spot;timeframe=5m;complete=8/8;availability_limited=1;sync_gaps=13;pair_gaps=0;aux_failures=0;duplicates=0,2020-03-01T00:00:00Z,2026-08-21T00:00:00Z,8,8,XMR/USDT,,,,0,13,0,sha256_e8d28cd87065e2c4fddc76d0370ed6ddf67047ffb0a8bbd02f4139488617d93b
StrategyAnalysis,spot_long,,PENDING,unsupported_or_unknown_profile,2020-03-01T00:00:00Z,2026-08-21T00:00:00Z,0,0,,,,,,,,
NostalgiaForInfinityX2,futures_long,5m,PASS,policy=1;mode=futures;timeframe=5m;complete=8/8;availability_limited=0;sync_gaps=0;pair_gaps=0;aux_failures=0;duplicates=0,2020-03-01T00:00:00Z,2026-08-21T00:00:00Z,8,8,,,,,0,0,0,sha256_ff4721baa3ce146cb75bdf0c4ee0c4a4e98566270e236de1cc3afd10b17135a7
NostalgiaForInfinityNext772,spot_long,5m,PASS,policy=1;mode=spot;timeframe=5m;complete=8/8;availability_limited=1;sync_gaps=13;pair_gaps=0;aux_failures=0;duplicates=0,2020-03-01T00:00:00Z,2026-08-21T00:00:00Z,8,8,XMR/USDT,,,,0,13,0,sha256_e8d28cd87065e2c4fddc76d0370ed6ddf67047ffb0a8bbd02f4139488617d93b
BinMfiBTCv5003,spot_long,5m,PASS,policy=1;mode=spot;timeframe=5m;complete=8/8;availability_limited=1;sync_gaps=13;pair_gaps=0;aux_failures=0;duplicates=0,2020-03-01T00:00:00Z,2026-08-21T00:00:00Z,8,8,XMR/USDT,,,,0,13,0,sha256_e8d28cd87065e2c4fddc76d0370ed6ddf67047ffb0a8bbd02f4139488617d93b
CombinedBinHAndClucHyper,spot_long,1m,PASS,policy=1;mode=spot;timeframe=1m;complete=8/8;availability_limited=1;sync_gaps=13;pair_gaps=0;aux_failures=0;duplicates=0,2020-03-01T00:00:00Z,2026-08-21T00:00:00Z,8,8,XMR/USDT,,,,0,13,0,sha256_abb17c3c2a1a410057e1351508eeebdd41b095e316f737ad57de215036a3c3e3
Matrix,spot_long,5m,PASS,policy=1;mode=spot;timeframe=5m;complete=8/8;availability_limited=1;sync_gaps=13;pair_gaps=0;aux_failures=0;duplicates=0,2020-03-01T00:00:00Z,2026-08-21T00:00:00Z,8,8,XMR/USDT,,,,0,13,0,sha256_e8d28cd87065e2c4fddc76d0370ed6ddf67047ffb0a8bbd02f4139488617d93b
zorkv7_0_0,spot_long,5m,PASS,policy=1;mode=spot;timeframe=5m;complete=8/8;availability_limited=1;sync_gaps=13;pair_gaps=0;aux_failures=0;duplicates=0,2020-03-01T00:00:00Z,2026-08-21T00:00:00Z,8,8,XMR/USDT,,,,0,13,0,sha256_e8d28cd87065e2c4fddc76d0370ed6ddf67047ffb0a8bbd02f4139488617d93b
BinHV27_werkkrew,spot_long,5m,PASS,policy=1;mode=spot;timeframe=5m;complete=8/8;availability_limited=1;sync_gaps=13;pair_gaps=0;aux_failures=0;duplicates=0,2020-03-01T00:00:00Z,2026-08-21T00:00:00Z,8,8,XMR/USDT,,,,0,13,0,sha256_e8d28cd87065e2c4fddc76d0370ed6ddf67047ffb0a8bbd02f4139488617d93b
BinHV45HO,spot_long,1m,PASS,policy=1;mode=spot;timeframe=1m;complete=8/8;availability_limited=1;sync_gaps=13;pair_gaps=0;aux_failures=0;duplicates=0,2020-03-01T00:00:00Z,2026-08-21T00:00:00Z,8,8,XMR/USDT,,,,0,13,0,sha256_abb17c3c2a1a410057e1351508eeebdd41b095e316f737ad57de215036a3c3e3
BinHV45_kanaxe,spot_long,1m,PASS,policy=1;mode=spot;timeframe=1m;complete=8/8;availability_limited=1;sync_gaps=13;pair_gaps=0;aux_failures=0;duplicates=0,2020-03-01T00:00:00Z,2026-08-21T00:00:00Z,8,8,XMR/USDT,,,,0,13,0,sha256_abb17c3c2a1a410057e1351508eeebdd41b095e316f737ad57de215036a3c3e3
BinHV45_stash,spot_long,1m,PASS,policy=1;mode=spot;timeframe=1m;complete=8/8;availability_limited=1;sync_gaps=13;pair_gaps=0;aux_failures=0;duplicates=0,2020-03-01T00:00:00Z,2026-08-21T00:00:00Z,8,8,XMR/USDT,,,,0,13,0,sha256_abb17c3c2a1a410057e1351508eeebdd41b095e316f737ad57de215036a3c3e3
BinHV45_werkkrew,spot_long,1m,PASS,policy=1;mode=spot;timeframe=1m;complete=8/8;availability_limited=1;sync_gaps=13;pair_gaps=0;aux_failures=0;duplicates=0,2020-03-01T00:00:00Z,2026-08-21T00:00:00Z,8,8,XMR/USDT,,,,0,13,0,sha256_abb17c3c2a1a410057e1351508eeebdd41b095e316f737ad57de215036a3c3e3
ElliotV5_SMA,spot_long,5m,PASS,policy=1;mode=spot;timeframe=5m;complete=8/8;availability_limited=1;sync_gaps=13;pair_gaps=0;aux_failures=0;duplicates=0,2020-03-01T00:00:00Z,2026-08-21T00:00:00Z,8,8,XMR/USDT,,,,0,13,0,sha256_e8d28cd87065e2c4fddc76d0370ed6ddf67047ffb0a8bbd02f4139488617d93b
FVGAdvancedStrategy_V2,futures_long,5m,PASS,policy=1;mode=futures;timeframe=5m;complete=8/8;availability_limited=0;sync_gaps=0;pair_gaps=0;aux_failures=0;duplicates=0,2020-03-01T00:00:00Z,2026-08-21T00:00:00Z,8,8,,,,,0,0,0,sha256_ff4721baa3ce146cb75bdf0c4ee0c4a4e98566270e236de1cc3afd10b17135a7
GeneStrategy,spot_long,5m,PASS,policy=1;mode=spot;timeframe=5m;complete=8/8;availability_limited=1;sync_gaps=13;pair_gaps=0;aux_failures=0;duplicates=0,2020-03-01T00:00:00Z,2026-08-21T00:00:00Z,8,8,XMR/USDT,,,,0,13,0,sha256_e8d28cd87065e2c4fddc76d0370ed6ddf67047ffb0a8bbd02f4139488617d93b
GeneStrategy_v2,spot_long,5m,PASS,policy=1;mode=spot;timeframe=5m;complete=8/8;availability_limited=1;sync_gaps=13;pair_gaps=0;aux_failures=0;duplicates=0,2020-03-01T00:00:00Z,2026-08-21T00:00:00Z,8,8,XMR/USDT,,,,0,13,0,sha256_e8d28cd87065e2c4fddc76d0370ed6ddf67047ffb0a8bbd02f4139488617d93b
GeneTrader_gen10_1734895087_6007,spot_long,5m,PASS,policy=1;mode=spot;timeframe=5m;complete=8/8;availability_limited=1;sync_gaps=13;pair_gaps=0;aux_failures=0;duplicates=0,2020-03-01T00:00:00Z,2026-08-21T00:00:00Z,8,8,XMR/USDT,,,,0,13,0,sha256_e8d28cd87065e2c4fddc76d0370ed6ddf67047ffb0a8bbd02f4139488617d93b
GeneTrader_gen5_1735014093_4541,spot_long,5m,PASS,policy=1;mode=spot;timeframe=5m;complete=8/8;availability_limited=1;sync_gaps=13;pair_gaps=0;aux_failures=0;duplicates=0,2020-03-01T00:00:00Z,2026-08-21T00:00:00Z,8,8,XMR/USDT,,,,0,13,0,sha256_e8d28cd87065e2c4fddc76d0370ed6ddf67047ffb0a8bbd02f4139488617d93b
newstrategy53_22,spot_long,5m,PASS,policy=1;mode=spot;timeframe=5m;complete=8/8;availability_limited=1;sync_gaps=13;pair_gaps=0;aux_failures=0;duplicates=0,2020-03-01T00:00:00Z,2026-08-21T00:00:00Z,8,8,XMR/USDT,,,,0,13,0,sha256_e8d28cd87065e2c4fddc76d0370ed6ddf67047ffb0a8bbd02f4139488617d93b
newstrategy53,spot_long,5m,PASS,policy=1;mode=spot;timeframe=5m;complete=8/8;availability_limited=1;sync_gaps=13;pair_gaps=0;aux_failures=0;duplicates=0,2020-03-01T00:00:00Z,2026-08-21T00:00:00Z,8,8,XMR/USDT,,,,0,13,0,sha256_e8d28cd87065e2c4fddc76d0370ed6ddf67047ffb0a8bbd02f4139488617d93b
ZaratustraDCA2_06,futures_long_short,5m,PASS,policy=1;mode=futures;timeframe=5m;complete=8/8;availability_limited=0;sync_gaps=0;pair_gaps=0;aux_failures=0;duplicates=0,2020-03-01T00:00:00Z,2026-08-21T00:00:00Z,8,8,,,,,0,0,0,sha256_ff4721baa3ce146cb75bdf0c4ee0c4a4e98566270e236de1cc3afd10b17135a7
ARIMA_15,spot_long,15m,PASS,policy=1;mode=spot;timeframe=15m;complete=8/8;availability_limited=1;sync_gaps=13;pair_gaps=0;aux_failures=0;duplicates=0,2020-03-01T00:00:00Z,2026-08-21T00:00:00Z,8,8,XMR/USDT,,,,0,13,0,sha256_59786b266b1661ca08381b938b2ca9cb3b6f40aac0325e00be1faef371623b6e
ARIMASTR,spot_long,5m,PASS,policy=1;mode=spot;timeframe=5m;complete=8/8;availability_limited=1;sync_gaps=13;pair_gaps=0;aux_failures=0;duplicates=0,2020-03-01T00:00:00Z,2026-08-21T00:00:00Z,8,8,XMR/USDT,,,,0,13,0,sha256_e8d28cd87065e2c4fddc76d0370ed6ddf67047ffb0a8bbd02f4139488617d93b
Freqtrade_backtest_validation_freqtrade1,spot_long,1h,PASS,policy=1;mode=spot;timeframe=1h;complete=8/8;availability_limited=1;sync_gaps=13;pair_gaps=0;aux_failures=0;duplicates=0,2020-03-01T00:00:00Z,2026-08-21T00:00:00Z,8,8,XMR/USDT,,,,0,13,0,sha256_ca7ff1931fd6c56a6b8207860a55741af9c20bb55de36000b62730174c4f2937
Cenderawasih_3_kucoin,spot_long,5m,PASS,policy=1;mode=spot;timeframe=5m;complete=8/8;availability_limited=1;sync_gaps=13;pair_gaps=0;aux_failures=0;duplicates=0,2020-03-01T00:00:00Z,2026-08-21T00:00:00Z,8,8,XMR/USDT,,,,0,13,0,sha256_e8d28cd87065e2c4fddc76d0370ed6ddf67047ffb0a8bbd02f4139488617d93b
Cenderawasih_30m,spot_long,30m,PASS,policy=1;mode=spot;timeframe=30m;complete=8/8;availability_limited=1;sync_gaps=13;pair_gaps=0;aux_failures=0;duplicates=0,2020-03-01T00:00:00Z,2026-08-21T00:00:00Z,8,8,XMR/USDT,,,,0,13,0,sha256_1982d3f6eefce1be3bd3b87c12ec869d02f20c59933d213a4547401f7828aa67
ClucHAnix_5m_old,spot_long,5m,PASS,policy=1;mode=spot;timeframe=5m;complete=8/8;availability_limited=1;sync_gaps=13;pair_gaps=0;aux_failures=0;duplicates=0,2020-03-01T00:00:00Z,2026-08-21T00:00:00Z,8,8,XMR/USDT,,,,0,13,0,sha256_e8d28cd87065e2c4fddc76d0370ed6ddf67047ffb0a8bbd02f4139488617d93b
CryptoFrog_nateema,spot_long,5m,PASS,policy=1;mode=spot;timeframe=5m;complete=8/8;availability_limited=1;sync_gaps=13;pair_gaps=0;aux_failures=0;duplicates=0,2020-03-01T00:00:00Z,2026-08-21T00:00:00Z,8,8,XMR/USDT,,,,0,13,0,sha256_e8d28cd87065e2c4fddc76d0370ed6ddf67047ffb0a8bbd02f4139488617d93b
Danke,spot_long,5m,PASS,policy=1;mode=spot;timeframe=5m;complete=8/8;availability_limited=1;sync_gaps=13;pair_gaps=0;aux_failures=0;duplicates=0,2020-03-01T00:00:00Z,2026-08-21T00:00:00Z,8,8,XMR/USDT,,,,0,13,0,sha256_e8d28cd87065e2c4fddc76d0370ed6ddf67047ffb0a8bbd02f4139488617d93b
DWT,spot_long,5m,PASS,policy=1;mode=spot;timeframe=5m;complete=8/8;availability_limited=1;sync_gaps=13;pair_gaps=0;aux_failures=0;duplicates=0,2020-03-01T00:00:00Z,2026-08-21T00:00:00Z,8,8,XMR/USDT,,,,0,13,0,sha256_e8d28cd87065e2c4fddc76d0370ed6ddf67047ffb0a8bbd02f4139488617d93b
DWT_Leveraged,spot_long,5m,PASS,policy=1;mode=spot;timeframe=5m;complete=8/8;availability_limited=1;sync_gaps=13;pair_gaps=0;aux_failures=0;duplicates=0,2020-03-01T00:00:00Z,2026-08-21T00:00:00Z,8,8,XMR/USDT,,,,0,13,0,sha256_e8d28cd87065e2c4fddc76d0370ed6ddf67047ffb0a8bbd02f4139488617d93b
DWT_LongShort,futures_long_short,5m,PASS,policy=1;mode=futures;timeframe=5m;complete=8/8;availability_limited=0;sync_gaps=0;pair_gaps=0;aux_failures=0;duplicates=0,2020-03-01T00:00:00Z,2026-08-21T00:00:00Z,8,8,,,,,0,0,0,sha256_ff4721baa3ce146cb75bdf0c4ee0c4a4e98566270e236de1cc3afd10b17135a7
DWT_short,futures_long_short,5m,PASS,policy=1;mode=futures;timeframe=5m;complete=8/8;availability_limited=0;sync_gaps=0;pair_gaps=0;aux_failures=0;duplicates=0,2020-03-01T00:00:00Z,2026-08-21T00:00:00Z,8,8,,,,,0,0,0,sha256_ff4721baa3ce146cb75bdf0c4ee0c4a4e98566270e236de1cc3afd10b17135a7
E0V1E,spot_long,5m,PASS,policy=1;mode=spot;timeframe=5m;complete=8/8;availability_limited=1;sync_gaps=13;pair_gaps=0;aux_failures=0;duplicates=0,2020-03-01T00:00:00Z,2026-08-21T00:00:00Z,8,8,XMR/USDT,,,,0,13,0,sha256_e8d28cd87065e2c4fddc76d0370ed6ddf67047ffb0a8bbd02f4139488617d93b
E0V1E2,spot_long,5m,PASS,policy=1;mode=spot;timeframe=5m;complete=8/8;availability_limited=1;sync_gaps=13;pair_gaps=0;aux_failures=0;duplicates=0,2020-03-01T00:00:00Z,2026-08-21T00:00:00Z,8,8,XMR/USDT,,,,0,13,0,sha256_e8d28cd87065e2c4fddc76d0370ed6ddf67047ffb0a8bbd02f4139488617d93b
E0V1E_DCA3,spot_long,5m,PASS,policy=1;mode=spot;timeframe=5m;complete=8/8;availability_limited=1;sync_gaps=13;pair_gaps=0;aux_failures=0;duplicates=0,2020-03-01T00:00:00Z,2026-08-21T00:00:00Z,8,8,XMR/USDT,,,,0,13,0,sha256_e8d28cd87065e2c4fddc76d0370ed6ddf67047ffb0a8bbd02f4139488617d93b
E0V1E_ewo,spot_long,5m,PASS,policy=1;mode=spot;timeframe=5m;complete=8/8;availability_limited=1;sync_gaps=13;pair_gaps=0;aux_failures=0;duplicates=0,2020-03-01T00:00:00Z,2026-08-21T00:00:00Z,8,8,XMR/USDT,,,,0,13,0,sha256_e8d28cd87065e2c4fddc76d0370ed6ddf67047ffb0a8bbd02f4139488617d93b
E0V1E_protections,spot_long,5m,PASS,policy=1;mode=spot;timeframe=5m;complete=8/8;availability_limited=1;sync_gaps=13;pair_gaps=0;aux_failures=0;duplicates=0,2020-03-01T00:00:00Z,2026-08-21T00:00:00Z,8,8,XMR/USDT,,,,0,13,0,sha256_e8d28cd87065e2c4fddc76d0370ed6ddf67047ffb0a8bbd02f4139488617d93b
E0V1E_strs,spot_long,5m,PASS,policy=1;mode=spot;timeframe=5m;complete=8/8;availability_limited=1;sync_gaps=13;pair_gaps=0;aux_failures=0;duplicates=0,2020-03-01T00:00:00Z,2026-08-21T00:00:00Z,8,8,XMR/USDT,,,,0,13,0,sha256_e8d28cd87065e2c4fddc76d0370ed6ddf67047ffb0a8bbd02f4139488617d93b
Auto_EI_t4c0s,spot_long,5m,PASS,policy=1;mode=spot;timeframe=5m;complete=8/8;availability_limited=1;sync_gaps=13;pair_gaps=0;aux_failures=0;duplicates=0,2020-03-01T00:00:00Z,2026-08-21T00:00:00Z,8,8,XMR/USDT,,,,0,13,0,sha256_e8d28cd87065e2c4fddc76d0370ed6ddf67047ffb0a8bbd02f4139488617d93b
EI4_t4c0s_V2,spot_long,5m,PASS,policy=1;mode=spot;timeframe=5m;complete=8/8;availability_limited=1;sync_gaps=13;pair_gaps=0;aux_failures=0;duplicates=0,2020-03-01T00:00:00Z,2026-08-21T00:00:00Z,8,8,XMR/USDT,,,,0,13,0,sha256_e8d28cd87065e2c4fddc76d0370ed6ddf67047ffb0a8bbd02f4139488617d93b
EI4_t4c0s_V2_2,spot_long,5m,PASS,policy=1;mode=spot;timeframe=5m;complete=8/8;availability_limited=1;sync_gaps=13;pair_gaps=0;aux_failures=0;duplicates=0,2020-03-01T00:00:00Z,2026-08-21T00:00:00Z,8,8,XMR/USDT,,,,0,13,0,sha256_e8d28cd87065e2c4fddc76d0370ed6ddf67047ffb0a8bbd02f4139488617d93b
EI1_t4c0s_V4,spot_long,1h,PASS,policy=1;mode=spot;timeframe=1h;complete=8/8;availability_limited=1;sync_gaps=13;pair_gaps=0;aux_failures=0;duplicates=0,2020-03-01T00:00:00Z,2026-08-21T00:00:00Z,8,8,XMR/USDT,,,,0,13,0,sha256_ca7ff1931fd6c56a6b8207860a55741af9c20bb55de36000b62730174c4f2937
ElliotV8_original_ichiv2,spot_long,5m,PASS,policy=1;mode=spot;timeframe=5m;complete=8/8;availability_limited=1;sync_gaps=13;pair_gaps=0;aux_failures=0;duplicates=0,2020-03-01T00:00:00Z,2026-08-21T00:00:00Z,8,8,XMR/USDT,,,,0,13,0,sha256_e8d28cd87065e2c4fddc76d0370ed6ddf67047ffb0a8bbd02f4139488617d93b
ElliotV8_original_ichiv2OH,spot_long,5m,PASS,policy=1;mode=spot;timeframe=5m;complete=8/8;availability_limited=1;sync_gaps=13;pair_gaps=0;aux_failures=0;duplicates=0,2020-03-01T00:00:00Z,2026-08-21T00:00:00Z,8,8,XMR/USDT,,,,0,13,0,sha256_e8d28cd87065e2c4fddc76d0370ed6ddf67047ffb0a8bbd02f4139488617d93b
falconTrader,spot_long,5m,PASS,policy=1;mode=spot;timeframe=5m;complete=8/8;availability_limited=1;sync_gaps=13;pair_gaps=0;aux_failures=0;duplicates=0,2020-03-01T00:00:00Z,2026-08-21T00:00:00Z,8,8,XMR/USDT,,,,0,13,0,sha256_e8d28cd87065e2c4fddc76d0370ed6ddf67047ffb0a8bbd02f4139488617d93b
FastSupertrend_optim3,futures_long_short,1h,PASS,policy=1;mode=futures;timeframe=1h;complete=8/8;availability_limited=0;sync_gaps=0;pair_gaps=0;aux_failures=0;duplicates=0,2020-03-01T00:00:00Z,2026-08-21T00:00:00Z,8,8,,,,,0,0,0,sha256_7df5dfd7a4b47765024bf7db5b8447fd3b7a7913de3bdbddd2b136132bac1d55
FastSupertrend_optim3_rsi_70,futures_long_short,1h,PASS,policy=1;mode=futures;timeframe=1h;complete=8/8;availability_limited=0;sync_gaps=0;pair_gaps=0;aux_failures=0;duplicates=0,2020-03-01T00:00:00Z,2026-08-21T00:00:00Z,8,8,,,,,0,0,0,sha256_7df5dfd7a4b47765024bf7db5b8447fd3b7a7913de3bdbddd2b136132bac1d55
FastSupertrend_optim3_rsi_75,futures_long_short,1h,PASS,policy=1;mode=futures;timeframe=1h;complete=8/8;availability_limited=0;sync_gaps=0;pair_gaps=0;aux_failures=0;duplicates=0,2020-03-01T00:00:00Z,2026-08-21T00:00:00Z,8,8,,,,,0,0,0,sha256_7df5dfd7a4b47765024bf7db5b8447fd3b7a7913de3bdbddd2b136132bac1d55
FastSupertrend_optim3_rsi_752,futures_long_short,1h,PASS,policy=1;mode=futures;timeframe=1h;complete=8/8;availability_limited=0;sync_gaps=0;pair_gaps=0;aux_failures=0;duplicates=0,2020-03-01T00:00:00Z,2026-08-21T00:00:00Z,8,8,,,,,0,0,0,sha256_7df5dfd7a4b47765024bf7db5b8447fd3b7a7913de3bdbddd2b136132bac1d55
FastSupertrend_optim3_rsi_75fix,futures_long_short,1h,PASS,policy=1;mode=futures;timeframe=1h;complete=8/8;availability_limited=0;sync_gaps=0;pair_gaps=0;aux_failures=0;duplicates=0,2020-03-01T00:00:00Z,2026-08-21T00:00:00Z,8,8,,,,,0,0,0,sha256_7df5dfd7a4b47765024bf7db5b8447fd3b7a7913de3bdbddd2b136132bac1d55
FastSupertrend_optim3_rsi_75fix_signal,futures_long_short,1h,PASS,policy=1;mode=futures;timeframe=1h;complete=8/8;availability_limited=0;sync_gaps=0;pair_gaps=0;aux_failures=0;duplicates=0,2020-03-01T00:00:00Z,2026-08-21T00:00:00Z,8,8,,,,,0,0,0,sha256_7df5dfd7a4b47765024bf7db5b8447fd3b7a7913de3bdbddd2b136132bac1d55
FastSupertrend_optim3_rsi_75lev,futures_long_short,1h,PASS,policy=1;mode=futures;timeframe=1h;complete=8/8;availability_limited=0;sync_gaps=0;pair_gaps=0;aux_failures=0;duplicates=0,2020-03-01T00:00:00Z,2026-08-21T00:00:00Z,8,8,,,,,0,0,0,sha256_7df5dfd7a4b47765024bf7db5b8447fd3b7a7913de3bdbddd2b136132bac1d55
FastSupertrend_optim3_rsi_75sell,futures_long_short,1h,PASS,policy=1;mode=futures;timeframe=1h;complete=8/8;availability_limited=0;sync_gaps=0;pair_gaps=0;aux_failures=0;duplicates=0,2020-03-01T00:00:00Z,2026-08-21T00:00:00Z,8,8,,,,,0,0,0,sha256_7df5dfd7a4b47765024bf7db5b8447fd3b7a7913de3bdbddd2b136132bac1d55
FastSupertrend_optim3_rsi_80,futures_long_short,1h,PASS,policy=1;mode=futures;timeframe=1h;complete=8/8;availability_limited=0;sync_gaps=0;pair_gaps=0;aux_failures=0;duplicates=0,2020-03-01T00:00:00Z,2026-08-21T00:00:00Z,8,8,,,,,0,0,0,sha256_7df5dfd7a4b47765024bf7db5b8447fd3b7a7913de3bdbddd2b136132bac1d55
FastSupertrend_optim_quick,futures_long_short,1h,PASS,policy=1;mode=futures;timeframe=1h;complete=8/8;availability_limited=0;sync_gaps=0;pair_gaps=0;aux_failures=0;duplicates=0,2020-03-01T00:00:00Z,2026-08-21T00:00:00Z,8,8,,,,,0,0,0,sha256_7df5dfd7a4b47765024bf7db5b8447fd3b7a7913de3bdbddd2b136132bac1d55
FastSupertrend_optim_quick2,futures_long_short,1h,PASS,policy=1;mode=futures;timeframe=1h;complete=8/8;availability_limited=0;sync_gaps=0;pair_gaps=0;aux_failures=0;duplicates=0,2020-03-01T00:00:00Z,2026-08-21T00:00:00Z,8,8,,,,,0,0,0,sha256_7df5dfd7a4b47765024bf7db5b8447fd3b7a7913de3bdbddd2b136132bac1d55
FastSupertrend_optim_quick3,futures_long_short,1h,PASS,policy=1;mode=futures;timeframe=1h;complete=8/8;availability_limited=0;sync_gaps=0;pair_gaps=0;aux_failures=0;duplicates=0,2020-03-01T00:00:00Z,2026-08-21T00:00:00Z,8,8,,,,,0,0,0,sha256_7df5dfd7a4b47765024bf7db5b8447fd3b7a7913de3bdbddd2b136132bac1d55
FastSupertrend_optim_quick4,futures_long_short,1h,PASS,policy=1;mode=futures;timeframe=1h;complete=8/8;availability_limited=0;sync_gaps=0;pair_gaps=0;aux_failures=0;duplicates=0,2020-03-01T00:00:00Z,2026-08-21T00:00:00Z,8,8,,,,,0,0,0,sha256_7df5dfd7a4b47765024bf7db5b8447fd3b7a7913de3bdbddd2b136132bac1d55
FastSupertrend_optim_quick5,futures_long_short,1h,PASS,policy=1;mode=futures;timeframe=1h;complete=8/8;availability_limited=0;sync_gaps=0;pair_gaps=0;aux_failures=0;duplicates=0,2020-03-01T00:00:00Z,2026-08-21T00:00:00Z,8,8,,,,,0,0,0,sha256_7df5dfd7a4b47765024bf7db5b8447fd3b7a7913de3bdbddd2b136132bac1d55
FastSupertrend_ts_origstop_fix,futures_long_short,1h,PASS,policy=1;mode=futures;timeframe=1h;complete=8/8;availability_limited=0;sync_gaps=0;pair_gaps=0;aux_failures=0;duplicates=0,2020-03-01T00:00:00Z,2026-08-21T00:00:00Z,8,8,,,,,0,0,0,sha256_7df5dfd7a4b47765024bf7db5b8447fd3b7a7913de3bdbddd2b136132bac1d55
DoubleEMACrossoverWithTrend,spot_long,1h,PASS,policy=1;mode=spot;timeframe=1h;complete=8/8;availability_limited=1;sync_gaps=13;pair_gaps=0;aux_failures=0;duplicates=0,2020-03-01T00:00:00Z,2026-08-21T00:00:00Z,8,8,XMR/USDT,,,,0,13,0,sha256_ca7ff1931fd6c56a6b8207860a55741af9c20bb55de36000b62730174c4f2937
EMAPriceCrossoverWithThreshold,spot_long,1h,PASS,policy=1;mode=spot;timeframe=1h;complete=8/8;availability_limited=1;sync_gaps=13;pair_gaps=0;aux_failures=0;duplicates=0,2020-03-01T00:00:00Z,2026-08-21T00:00:00Z,8,8,XMR/USDT,,,,0,13,0,sha256_ca7ff1931fd6c56a6b8207860a55741af9c20bb55de36000b62730174c4f2937
MACDCrossoverWithTrend,spot_long,1h,PASS,policy=1;mode=spot;timeframe=1h;complete=8/8;availability_limited=1;sync_gaps=13;pair_gaps=0;aux_failures=0;duplicates=0,2020-03-01T00:00:00Z,2026-08-21T00:00:00Z,8,8,XMR/USDT,,,,0,13,0,sha256_ca7ff1931fd6c56a6b8207860a55741af9c20bb55de36000b62730174c4f2937
RSIDirectionalWithTrend,spot_long,1h,PASS,policy=1;mode=spot;timeframe=1h;complete=8/8;availability_limited=1;sync_gaps=13;pair_gaps=0;aux_failures=0;duplicates=0,2020-03-01T00:00:00Z,2026-08-21T00:00:00Z,8,8,XMR/USDT,,,,0,13,0,sha256_ca7ff1931fd6c56a6b8207860a55741af9c20bb55de36000b62730174c4f2937
RSIDirectionalWithTrendSlow,spot_long,1h,PASS,policy=1;mode=spot;timeframe=1h;complete=8/8;availability_limited=1;sync_gaps=13;pair_gaps=0;aux_failures=0;duplicates=0,2020-03-01T00:00:00Z,2026-08-21T00:00:00Z,8,8,XMR/USDT,,,,0,13,0,sha256_ca7ff1931fd6c56a6b8207860a55741af9c20bb55de36000b62730174c4f2937
Bandtastic,spot_long,15m,PASS,policy=1;mode=spot;timeframe=15m;complete=8/8;availability_limited=1;sync_gaps=13;pair_gaps=0;aux_failures=0;duplicates=0,2020-03-01T00:00:00Z,2026-08-21T00:00:00Z,8,8,XMR/USDT,,,,0,13,0,sha256_59786b266b1661ca08381b938b2ca9cb3b6f40aac0325e00be1faef371623b6e
Diamond,spot_long,5m,PASS,policy=1;mode=spot;timeframe=5m;complete=8/8;availability_limited=1;sync_gaps=13;pair_gaps=0;aux_failures=0;duplicates=0,2020-03-01T00:00:00Z,2026-08-21T00:00:00Z,8,8,XMR/USDT,,,,0,13,0,sha256_e8d28cd87065e2c4fddc76d0370ed6ddf67047ffb0a8bbd02f4139488617d93b
PatternRecognition,spot_long,1d,PASS,policy=1;mode=spot;timeframe=1d;complete=8/8;availability_limited=1;sync_gaps=0;pair_gaps=0;aux_failures=0;duplicates=0,2020-03-01T00:00:00Z,2026-08-21T00:00:00Z,8,8,XMR/USDT,,,,0,0,0,sha256_e606ca78497360fc0ec1042bb6ffe7a553818da8fe41f9ff04e1b6ca510a956a
PowerTower,spot_long,5m,PASS,policy=1;mode=spot;timeframe=5m;complete=8/8;availability_limited=1;sync_gaps=13;pair_gaps=0;aux_failures=0;duplicates=0,2020-03-01T00:00:00Z,2026-08-21T00:00:00Z,8,8,XMR/USDT,,,,0,13,0,sha256_e8d28cd87065e2c4fddc76d0370ed6ddf67047ffb0a8bbd02f4139488617d93b
Strategy001,spot_long,5m,PASS,policy=1;mode=spot;timeframe=5m;complete=8/8;availability_limited=1;sync_gaps=13;pair_gaps=0;aux_failures=0;duplicates=0,2020-03-01T00:00:00Z,2026-08-21T00:00:00Z,8,8,XMR/USDT,,,,0,13,0,sha256_e8d28cd87065e2c4fddc76d0370ed6ddf67047ffb0a8bbd02f4139488617d93b
Strategy001_custom_exit,spot_long,5m,PASS,policy=1;mode=spot;timeframe=5m;complete=8/8;availability_limited=1;sync_gaps=13;pair_gaps=0;aux_failures=0;duplicates=0,2020-03-01T00:00:00Z,2026-08-21T00:00:00Z,8,8,XMR/USDT,,,,0,13,0,sha256_e8d28cd87065e2c4fddc76d0370ed6ddf67047ffb0a8bbd02f4139488617d93b
Strategy002,spot_long,5m,PASS,policy=1;mode=spot;timeframe=5m;complete=8/8;availability_limited=1;sync_gaps=13;pair_gaps=0;aux_failures=0;duplicates=0,2020-03-01T00:00:00Z,2026-08-21T00:00:00Z,8,8,XMR/USDT,,,,0,13,0,sha256_e8d28cd87065e2c4fddc76d0370ed6ddf67047ffb0a8bbd02f4139488617d93b
Strategy003,spot_long,5m,PASS,policy=1;mode=spot;timeframe=5m;complete=8/8;availability_limited=1;sync_gaps=13;pair_gaps=0;aux_failures=0;duplicates=0,2020-03-01T00:00:00Z,2026-08-21T00:00:00Z,8,8,XMR/USDT,,,,0,13,0,sha256_e8d28cd87065e2c4fddc76d0370ed6ddf67047ffb0a8bbd02f4139488617d93b
Strategy004,spot_long,5m,PASS,policy=1;mode=spot;timeframe=5m;complete=8/8;availability_limited=1;sync_gaps=13;pair_gaps=0;aux_failures=0;duplicates=0,2020-03-01T00:00:00Z,2026-08-21T00:00:00Z,8,8,XMR/USDT,,,,0,13,0,sha256_e8d28cd87065e2c4fddc76d0370ed6ddf67047ffb0a8bbd02f4139488617d93b
Strategy005,spot_long,5m,PASS,policy=1;mode=spot;timeframe=5m;complete=8/8;availability_limited=1;sync_gaps=13;pair_gaps=0;aux_failures=0;duplicates=0,2020-03-01T00:00:00Z,2026-08-21T00:00:00Z,8,8,XMR/USDT,,,,0,13,0,sha256_e8d28cd87065e2c4fddc76d0370ed6ddf67047ffb0a8bbd02f4139488617d93b
UniversalMACD,spot_long,5m,PASS,policy=1;mode=spot;timeframe=5m;complete=8/8;availability_limited=1;sync_gaps=13;pair_gaps=0;aux_failures=0;duplicates=0,2020-03-01T00:00:00Z,2026-08-21T00:00:00Z,8,8,XMR/USDT,,,,0,13,0,sha256_e8d28cd87065e2c4fddc76d0370ed6ddf67047ffb0a8bbd02f4139488617d93b
hlhb,spot_long,4h,PASS,policy=1;mode=spot;timeframe=4h;complete=8/8;availability_limited=1;sync_gaps=0;pair_gaps=0;aux_failures=0;duplicates=0,2020-03-01T00:00:00Z,2026-08-21T00:00:00Z,8,8,XMR/USDT,,,,0,0,0,sha256_3189fb1b70726edcb8094812a734108d82fb90f275749253fb8b98b5ce7d49ab
multi_tf,spot_long,5m,PASS,policy=1;mode=spot;timeframe=5m;complete=8/8;availability_limited=1;sync_gaps=13;pair_gaps=0;aux_failures=0;duplicates=0,2020-03-01T00:00:00Z,2026-08-21T00:00:00Z,8,8,XMR/USDT,,,,0,13,0,sha256_e8d28cd87065e2c4fddc76d0370ed6ddf67047ffb0a8bbd02f4139488617d93b
HarmonicDivergence_fix,spot_long,15m,PASS,policy=1;mode=spot;timeframe=15m;complete=8/8;availability_limited=1;sync_gaps=13;pair_gaps=0;aux_failures=0;duplicates=0,2020-03-01T00:00:00Z,2026-08-21T00:00:00Z,8,8,XMR/USDT,,,,0,13,0,sha256_59786b266b1661ca08381b938b2ca9cb3b6f40aac0325e00be1faef371623b6e
HarmonicDivergence,spot_long,15m,PASS,policy=1;mode=spot;timeframe=15m;complete=8/8;availability_limited=1;sync_gaps=13;pair_gaps=0;aux_failures=0;duplicates=0,2020-03-01T00:00:00Z,2026-08-21T00:00:00Z,8,8,XMR/USDT,,,,0,13,0,sha256_59786b266b1661ca08381b938b2ca9cb3b6f40aac0325e00be1faef371623b6e
Insomnia_short,futures_long_short,1h,PASS,policy=1;mode=futures;timeframe=1h;complete=8/8;availability_limited=0;sync_gaps=0;pair_gaps=0;aux_failures=0;duplicates=0,2020-03-01T00:00:00Z,2026-08-21T00:00:00Z,8,8,,,,,0,0,0,sha256_7df5dfd7a4b47765024bf7db5b8447fd3b7a7913de3bdbddd2b136132bac1d55
JuicyTrend,spot_long,15m,PASS,policy=1;mode=spot;timeframe=15m;complete=8/8;availability_limited=1;sync_gaps=13;pair_gaps=0;aux_failures=0;duplicates=0,2020-03-01T00:00:00Z,2026-08-21T00:00:00Z,8,8,XMR/USDT,,,,0,13,0,sha256_59786b266b1661ca08381b938b2ca9cb3b6f40aac0325e00be1faef371623b6e
momentum,futures_long_short,5m,PASS,policy=1;mode=futures;timeframe=5m;complete=8/8;availability_limited=0;sync_gaps=0;pair_gaps=0;aux_failures=0;duplicates=0,2020-03-01T00:00:00Z,2026-08-21T00:00:00Z,8,8,,,,,0,0,0,sha256_ff4721baa3ce146cb75bdf0c4ee0c4a4e98566270e236de1cc3afd10b17135a7
momentum_long,spot_long,5m,PASS,policy=1;mode=spot;timeframe=5m;complete=8/8;availability_limited=1;sync_gaps=13;pair_gaps=0;aux_failures=0;duplicates=0,2020-03-01T00:00:00Z,2026-08-21T00:00:00Z,8,8,XMR/USDT,,,,0,13,0,sha256_e8d28cd87065e2c4fddc76d0370ed6ddf67047ffb0a8bbd02f4139488617d93b
momentum_rsi,futures_long_short,5m,PASS,policy=1;mode=futures;timeframe=5m;complete=8/8;availability_limited=0;sync_gaps=0;pair_gaps=0;aux_failures=0;duplicates=0,2020-03-01T00:00:00Z,2026-08-21T00:00:00Z,8,8,,,,,0,0,0,sha256_ff4721baa3ce146cb75bdf0c4ee0c4a4e98566270e236de1cc3afd10b17135a7
momentum_wick,futures_long_short,5m,PASS,policy=1;mode=futures;timeframe=5m;complete=8/8;availability_limited=0;sync_gaps=0;pair_gaps=0;aux_failures=0;duplicates=0,2020-03-01T00:00:00Z,2026-08-21T00:00:00Z,8,8,,,,,0,0,0,sha256_ff4721baa3ce146cb75bdf0c4ee0c4a4e98566270e236de1cc3afd10b17135a7
ToTheMoon,futures_long_short,1h,PASS,policy=1;mode=futures;timeframe=1h;complete=8/8;availability_limited=0;sync_gaps=0;pair_gaps=0;aux_failures=0;duplicates=0,2020-03-01T00:00:00Z,2026-08-21T00:00:00Z,8,8,,,,,0,0,0,sha256_7df5dfd7a4b47765024bf7db5b8447fd3b7a7913de3bdbddd2b136132bac1d55
NostalgiaForInfinity772martinsk3,spot_long,5m,PASS,policy=1;mode=spot;timeframe=5m;complete=8/8;availability_limited=1;sync_gaps=13;pair_gaps=0;aux_failures=0;duplicates=0,2020-03-01T00:00:00Z,2026-08-21T00:00:00Z,8,8,XMR/USDT,,,,0,13,0,sha256_e8d28cd87065e2c4fddc76d0370ed6ddf67047ffb0a8bbd02f4139488617d93b
NOTankAi_15,futures_long,15m,PASS,policy=1;mode=futures;timeframe=15m;complete=8/8;availability_limited=0;sync_gaps=0;pair_gaps=0;aux_failures=0;duplicates=0,2020-03-01T00:00:00Z,2026-08-21T00:00:00Z,8,8,,,,,0,0,0,sha256_cf6535a77783872cae0f8a248e3e8a5d49f3d4c562340a4c94036cb1b334b7c3
NOTankAi_15_Cleaned,futures_long,15m,PASS,policy=1;mode=futures;timeframe=15m;complete=8/8;availability_limited=0;sync_gaps=0;pair_gaps=0;aux_failures=0;duplicates=0,2020-03-01T00:00:00Z,2026-08-21T00:00:00Z,8,8,,,,,0,0,0,sha256_cf6535a77783872cae0f8a248e3e8a5d49f3d4c562340a4c94036cb1b334b7c3
NOTankAi_15_Cleaned_v2,futures_long,15m,PASS,policy=1;mode=futures;timeframe=15m;complete=8/8;availability_limited=0;sync_gaps=0;pair_gaps=0;aux_failures=0;duplicates=0,2020-03-01T00:00:00Z,2026-08-21T00:00:00Z,8,8,,,,,0,0,0,sha256_cf6535a77783872cae0f8a248e3e8a5d49f3d4c562340a4c94036cb1b334b7c3
BigTrader,spot_long,5m,PASS,policy=1;mode=spot;timeframe=5m;complete=8/8;availability_limited=1;sync_gaps=13;pair_gaps=0;aux_failures=0;duplicates=0,2020-03-01T00:00:00Z,2026-08-21T00:00:00Z,8,8,XMR/USDT,,,,0,13,0,sha256_e8d28cd87065e2c4fddc76d0370ed6ddf67047ffb0a8bbd02f4139488617d93b
QuickAdapterV3,spot_long,,PENDING,unsupported_or_unknown_profile,2020-03-01T00:00:00Z,2026-08-21T00:00:00Z,0,0,,,,,,,,
Rsiqui,spot_long,5m,PASS,policy=1;mode=spot;timeframe=5m;complete=8/8;availability_limited=1;sync_gaps=13;pair_gaps=0;aux_failures=0;duplicates=0,2020-03-01T00:00:00Z,2026-08-21T00:00:00Z,8,8,XMR/USDT,,,,0,13,0,sha256_e8d28cd87065e2c4fddc76d0370ed6ddf67047ffb0a8bbd02f4139488617d93b
RsiquiV2,futures_long_short,5m,PASS,policy=1;mode=futures;timeframe=5m;complete=8/8;availability_limited=0;sync_gaps=0;pair_gaps=0;aux_failures=0;duplicates=0,2020-03-01T00:00:00Z,2026-08-21T00:00:00Z,8,8,,,,,0,0,0,sha256_ff4721baa3ce146cb75bdf0c4ee0c4a4e98566270e236de1cc3afd10b17135a7
RsiquiV5,futures_long_short,5m,PASS,policy=1;mode=futures;timeframe=5m;complete=8/8;availability_limited=0;sync_gaps=0;pair_gaps=0;aux_failures=0;duplicates=0,2020-03-01T00:00:00Z,2026-08-21T00:00:00Z,8,8,,,,,0,0,0,sha256_ff4721baa3ce146cb75bdf0c4ee0c4a4e98566270e236de1cc3afd10b17135a7
RsiquiV5_long_only,futures_long,5m,PASS,policy=1;mode=futures;timeframe=5m;complete=8/8;availability_limited=0;sync_gaps=0;pair_gaps=0;aux_failures=0;duplicates=0,2020-03-01T00:00:00Z,2026-08-21T00:00:00Z,8,8,,,,,0,0,0,sha256_ff4721baa3ce146cb75bdf0c4ee0c4a4e98566270e236de1cc3afd10b17135a7
slownsteady,spot_long,5m,PASS,policy=1;mode=spot;timeframe=5m;complete=8/8;availability_limited=1;sync_gaps=13;pair_gaps=0;aux_failures=0;duplicates=0,2020-03-01T00:00:00Z,2026-08-21T00:00:00Z,8,8,XMR/USDT,,,,0,13,0,sha256_e8d28cd87065e2c4fddc76d0370ed6ddf67047ffb0a8bbd02f4139488617d93b
SMAOffset_Hippocritical_dca,spot_long,5m,PASS,policy=1;mode=spot;timeframe=5m;complete=8/8;availability_limited=1;sync_gaps=13;pair_gaps=0;aux_failures=0;duplicates=0,2020-03-01T00:00:00Z,2026-08-21T00:00:00Z,8,8,XMR/USDT,,,,0,13,0,sha256_e8d28cd87065e2c4fddc76d0370ed6ddf67047ffb0a8bbd02f4139488617d93b
SMAOffset_Hippocritical_dca_old,spot_long,5m,PASS,policy=1;mode=spot;timeframe=5m;complete=8/8;availability_limited=1;sync_gaps=13;pair_gaps=0;aux_failures=0;duplicates=0,2020-03-01T00:00:00Z,2026-08-21T00:00:00Z,8,8,XMR/USDT,,,,0,13,0,sha256_e8d28cd87065e2c4fddc76d0370ed6ddf67047ffb0a8bbd02f4139488617d93b
SMAOffset_Hippocritical_dca_protections,spot_long,5m,PASS,policy=1;mode=spot;timeframe=5m;complete=8/8;availability_limited=1;sync_gaps=13;pair_gaps=0;aux_failures=0;duplicates=0,2020-03-01T00:00:00Z,2026-08-21T00:00:00Z,8,8,XMR/USDT,,,,0,13,0,sha256_e8d28cd87065e2c4fddc76d0370ed6ddf67047ffb0a8bbd02f4139488617d93b
SMAOffset_Hippocritical_dca_leverage,futures_long,5m,PASS,policy=1;mode=futures;timeframe=5m;complete=8/8;availability_limited=0;sync_gaps=0;pair_gaps=0;aux_failures=0;duplicates=0,2020-03-01T00:00:00Z,2026-08-21T00:00:00Z,8,8,,,,,0,0,0,sha256_ff4721baa3ce146cb75bdf0c4ee0c4a4e98566270e236de1cc3afd10b17135a7
StarRise,spot_long,5m,PASS,policy=1;mode=spot;timeframe=5m;complete=8/8;availability_limited=1;sync_gaps=13;pair_gaps=0;aux_failures=0;duplicates=0,2020-03-01T00:00:00Z,2026-08-21T00:00:00Z,8,8,XMR/USDT,,,,0,13,0,sha256_e8d28cd87065e2c4fddc76d0370ed6ddf67047ffb0a8bbd02f4139488617d93b
StarRise_strat,spot_long,5m,PASS,policy=1;mode=spot;timeframe=5m;complete=8/8;availability_limited=1;sync_gaps=13;pair_gaps=0;aux_failures=0;duplicates=0,2020-03-01T00:00:00Z,2026-08-21T00:00:00Z,8,8,XMR/USDT,,,,0,13,0,sha256_e8d28cd87065e2c4fddc76d0370ed6ddf67047ffb0a8bbd02f4139488617d93b
StarRise_strat3,spot_long,5m,PASS,policy=1;mode=spot;timeframe=5m;complete=8/8;availability_limited=1;sync_gaps=13;pair_gaps=0;aux_failures=0;duplicates=0,2020-03-01T00:00:00Z,2026-08-21T00:00:00Z,8,8,XMR/USDT,,,,0,13,0,sha256_e8d28cd87065e2c4fddc76d0370ed6ddf67047ffb0a8bbd02f4139488617d93b
Tank1Modulus,spot_long,1h,PASS,policy=1;mode=spot;timeframe=1h;complete=8/8;availability_limited=1;sync_gaps=13;pair_gaps=0;aux_failures=0;duplicates=0,2020-03-01T00:00:00Z,2026-08-21T00:00:00Z,8,8,XMR/USDT,,,,0,13,0,sha256_ca7ff1931fd6c56a6b8207860a55741af9c20bb55de36000b62730174c4f2937
Tank5ModulusDCA,spot_long,5m,PASS,policy=1;mode=spot;timeframe=5m;complete=8/8;availability_limited=1;sync_gaps=13;pair_gaps=0;aux_failures=0;duplicates=0,2020-03-01T00:00:00Z,2026-08-21T00:00:00Z,8,8,XMR/USDT,,,,0,13,0,sha256_e8d28cd87065e2c4fddc76d0370ed6ddf67047ffb0a8bbd02f4139488617d93b
Tank5ModulusDCAV3,spot_long,5m,PASS,policy=1;mode=spot;timeframe=5m;complete=8/8;availability_limited=1;sync_gaps=13;pair_gaps=0;aux_failures=0;duplicates=0,2020-03-01T00:00:00Z,2026-08-21T00:00:00Z,8,8,XMR/USDT,,,,0,13,0,sha256_e8d28cd87065e2c4fddc76d0370ed6ddf67047ffb0a8bbd02f4139488617d93b
TrendFollowingStrategy,futures_long_short,5m,PASS,policy=1;mode=futures;timeframe=5m;complete=8/8;availability_limited=0;sync_gaps=0;pair_gaps=0;aux_failures=0;duplicates=0,2020-03-01T00:00:00Z,2026-08-21T00:00:00Z,8,8,,,,,0,0,0,sha256_ff4721baa3ce146cb75bdf0c4ee0c4a4e98566270e236de1cc3afd10b17135a7
new_turtle_roi,spot_long,1d,PASS,policy=1;mode=spot;timeframe=1d;complete=8/8;availability_limited=1;sync_gaps=0;pair_gaps=0;aux_failures=0;duplicates=0,2020-03-01T00:00:00Z,2026-08-21T00:00:00Z,8,8,XMR/USDT,,,,0,0,0,sha256_e606ca78497360fc0ec1042bb6ffe7a553818da8fe41f9ff04e1b6ca510a956a
twinturboV8,spot_long,5m,PASS,policy=1;mode=spot;timeframe=5m;complete=8/8;availability_limited=1;sync_gaps=13;pair_gaps=0;aux_failures=0;duplicates=0,2020-03-01T00:00:00Z,2026-08-21T00:00:00Z,8,8,XMR/USDT,,,,0,13,0,sha256_e8d28cd87065e2c4fddc76d0370ed6ddf67047ffb0a8bbd02f4139488617d93b
twinturboV8_2,spot_long,5m,PASS,policy=1;mode=spot;timeframe=5m;complete=8/8;availability_limited=1;sync_gaps=13;pair_gaps=0;aux_failures=0;duplicates=0,2020-03-01T00:00:00Z,2026-08-21T00:00:00Z,8,8,XMR/USDT,,,,0,13,0,sha256_e8d28cd87065e2c4fddc76d0370ed6ddf67047ffb0a8bbd02f4139488617d93b
VolatilitySystem,futures_long,1h,PASS,policy=1;mode=futures;timeframe=1h;complete=8/8;availability_limited=0;sync_gaps=0;pair_gaps=0;aux_failures=0;duplicates=0,2020-03-01T00:00:00Z,2026-08-21T00:00:00Z,8,8,,,,,0,0,0,sha256_7df5dfd7a4b47765024bf7db5b8447fd3b7a7913de3bdbddd2b136132bac1d55
VolatilitySystemV2,futures_long_short,1h,PASS,policy=1;mode=futures;timeframe=1h;complete=8/8;availability_limited=0;sync_gaps=0;pair_gaps=0;aux_failures=0;duplicates=0,2020-03-01T00:00:00Z,2026-08-21T00:00:00Z,8,8,,,,,0,0,0,sha256_7df5dfd7a4b47765024bf7db5b8447fd3b7a7913de3bdbddd2b136132bac1d55
TRIWAVE,spot_long,15m,PASS,policy=1;mode=spot;timeframe=15m;complete=8/8;availability_limited=1;sync_gaps=13;pair_gaps=0;aux_failures=0;duplicates=0,2020-03-01T00:00:00Z,2026-08-21T00:00:00Z,8,8,XMR/USDT,,,,0,13,0,sha256_59786b266b1661ca08381b938b2ca9cb3b6f40aac0325e00be1faef371623b6e
dualwave,spot_long,15m,PASS,policy=1;mode=spot;timeframe=15m;complete=8/8;availability_limited=1;sync_gaps=13;pair_gaps=0;aux_failures=0;duplicates=0,2020-03-01T00:00:00Z,2026-08-21T00:00:00Z,8,8,XMR/USDT,,,,0,13,0,sha256_59786b266b1661ca08381b938b2ca9cb3b6f40aac0325e00be1faef371623b6e
WTX3,futures_long_short,5m,PASS,policy=1;mode=futures;timeframe=5m;complete=8/8;availability_limited=0;sync_gaps=0;pair_gaps=0;aux_failures=0;duplicates=0,2020-03-01T00:00:00Z,2026-08-21T00:00:00Z,8,8,,,,,0,0,0,sha256_ff4721baa3ce146cb75bdf0c4ee0c4a4e98566270e236de1cc3afd10b17135a7
simple_patterns,spot_long,1m,PASS,policy=1;mode=spot;timeframe=1m;complete=8/8;availability_limited=1;sync_gaps=13;pair_gaps=0;aux_failures=0;duplicates=0,2020-03-01T00:00:00Z,2026-08-21T00:00:00Z,8,8,XMR/USDT,,,,0,13,0,sha256_abb17c3c2a1a410057e1351508eeebdd41b095e316f737ad57de215036a3c3e3
BinanceStream,spot_long,,PENDING,unsupported_or_unknown_profile,2020-03-01T00:00:00Z,2026-08-21T00:00:00Z,0,0,,,,,,,,
NWEv6,spot_long,5m,PASS,policy=1;mode=spot;timeframe=5m;complete=8/8;availability_limited=1;sync_gaps=13;pair_gaps=0;aux_failures=0;duplicates=0,2020-03-01T00:00:00Z,2026-08-21T00:00:00Z,8,8,XMR/USDT,,,,0,13,0,sha256_e8d28cd87065e2c4fddc76d0370ed6ddf67047ffb0a8bbd02f4139488617d93b
NWEv6_new,spot_long,3m,PASS,policy=1;mode=spot;timeframe=3m;complete=8/8;availability_limited=1;sync_gaps=13;pair_gaps=0;aux_failures=0;duplicates=0,2020-03-01T00:00:00Z,2026-08-21T00:00:00Z,8,8,XMR/USDT,,,,0,13,0,sha256_e37288ec931555b4e9cd55803ae26c4110bee6ee0d36081a8128aa94c53c05c2
chispei,spot_long,,PENDING,unsupported_or_unknown_profile,2020-03-01T00:00:00Z,2026-08-21T00:00:00Z,0,0,,,,,,,,
ZaratustraDCA2_07,futures_long_short,5m,PASS,policy=1;mode=futures;timeframe=5m;complete=8/8;availability_limited=0;sync_gaps=0;pair_gaps=0;aux_failures=0;duplicates=0,2020-03-01T00:00:00Z,2026-08-21T00:00:00Z,8,8,,,,,0,0,0,sha256_ff4721baa3ce146cb75bdf0c4ee0c4a4e98566270e236de1cc3afd10b17135a7
ZaratustraDCA5,futures_long_short,5m,PASS,policy=1;mode=futures;timeframe=5m;complete=8/8;availability_limited=0;sync_gaps=0;pair_gaps=0;aux_failures=0;duplicates=0,2020-03-01T00:00:00Z,2026-08-21T00:00:00Z,8,8,,,,,0,0,0,sha256_ff4721baa3ce146cb75bdf0c4ee0c4a4e98566270e236de1cc3afd10b17135a7
NostalgiaForInfinityX4,futures_long,5m,PASS,policy=1;mode=futures;timeframe=5m;complete=8/8;availability_limited=0;sync_gaps=0;pair_gaps=0;aux_failures=0;duplicates=0,2020-03-01T00:00:00Z,2026-08-21T00:00:00Z,8,8,,,,,0,0,0,sha256_ff4721baa3ce146cb75bdf0c4ee0c4a4e98566270e236de1cc3afd10b17135a7
ADX_15M_USDT2,spot_long,,PENDING,unsupported_or_unknown_profile,2020-03-01T00:00:00Z,2026-08-21T00:00:00Z,0,0,,,,,,,,
AlwaysBuy,spot_long,5m,PASS,policy=1;mode=spot;timeframe=5m;complete=8/8;availability_limited=1;sync_gaps=13;pair_gaps=0;aux_failures=0;duplicates=0,2020-03-01T00:00:00Z,2026-08-21T00:00:00Z,8,8,XMR/USDT,,,,0,13,0,sha256_e8d28cd87065e2c4fddc76d0370ed6ddf67047ffb0a8bbd02f4139488617d93b
BBMod1,spot_long,5m,PASS,policy=1;mode=spot;timeframe=5m;complete=8/8;availability_limited=1;sync_gaps=13;pair_gaps=0;aux_failures=0;duplicates=0,2020-03-01T00:00:00Z,2026-08-21T00:00:00Z,8,8,XMR/USDT,,,,0,13,0,sha256_e8d28cd87065e2c4fddc76d0370ed6ddf67047ffb0a8bbd02f4139488617d93b
BBRSI21,spot_long,5m,PASS,policy=1;mode=spot;timeframe=5m;complete=8/8;availability_limited=1;sync_gaps=13;pair_gaps=0;aux_failures=0;duplicates=0,2020-03-01T00:00:00Z,2026-08-21T00:00:00Z,8,8,XMR/USDT,,,,0,13,0,sha256_e8d28cd87065e2c4fddc76d0370ed6ddf67047ffb0a8bbd02f4139488617d93b
BBRSI2,spot_long,1m,PASS,policy=1;mode=spot;timeframe=1m;complete=8/8;availability_limited=1;sync_gaps=13;pair_gaps=0;aux_failures=0;duplicates=0,2020-03-01T00:00:00Z,2026-08-21T00:00:00Z,8,8,XMR/USDT,,,,0,13,0,sha256_abb17c3c2a1a410057e1351508eeebdd41b095e316f737ad57de215036a3c3e3
BBRSI3366,spot_long,5m,PASS,policy=1;mode=spot;timeframe=5m;complete=8/8;availability_limited=1;sync_gaps=13;pair_gaps=0;aux_failures=0;duplicates=0,2020-03-01T00:00:00Z,2026-08-21T00:00:00Z,8,8,XMR/USDT,,,,0,13,0,sha256_e8d28cd87065e2c4fddc76d0370ed6ddf67047ffb0a8bbd02f4139488617d93b
BBRSI4cust,spot_long,15m,PASS,policy=1;mode=spot;timeframe=15m;complete=8/8;availability_limited=1;sync_gaps=13;pair_gaps=0;aux_failures=0;duplicates=0,2020-03-01T00:00:00Z,2026-08-21T00:00:00Z,8,8,XMR/USDT,,,,0,13,0,sha256_59786b266b1661ca08381b938b2ca9cb3b6f40aac0325e00be1faef371623b6e
BBRSINaiveStrategy,spot_long,15m,PASS,policy=1;mode=spot;timeframe=15m;complete=8/8;availability_limited=1;sync_gaps=13;pair_gaps=0;aux_failures=0;duplicates=0,2020-03-01T00:00:00Z,2026-08-21T00:00:00Z,8,8,XMR/USDT,,,,0,13,0,sha256_59786b266b1661ca08381b938b2ca9cb3b6f40aac0325e00be1faef371623b6e
BBRSIOptim2020Strategy,spot_long,5m,PASS,policy=1;mode=spot;timeframe=5m;complete=8/8;availability_limited=1;sync_gaps=13;pair_gaps=0;aux_failures=0;duplicates=0,2020-03-01T00:00:00Z,2026-08-21T00:00:00Z,8,8,XMR/USDT,,,,0,13,0,sha256_e8d28cd87065e2c4fddc76d0370ed6ddf67047ffb0a8bbd02f4139488617d93b
BBRSIOptimStrategy,spot_long,5m,PASS,policy=1;mode=spot;timeframe=5m;complete=8/8;availability_limited=1;sync_gaps=13;pair_gaps=0;aux_failures=0;duplicates=0,2020-03-01T00:00:00Z,2026-08-21T00:00:00Z,8,8,XMR/USDT,,,,0,13,0,sha256_e8d28cd87065e2c4fddc76d0370ed6ddf67047ffb0a8bbd02f4139488617d93b
BBRSIS,spot_long,,PENDING,unsupported_or_unknown_profile,2020-03-01T00:00:00Z,2026-08-21T00:00:00Z,0,0,,,,,,,,
BBRSIStrategy,spot_long,15m,PASS,policy=1;mode=spot;timeframe=15m;complete=8/8;availability_limited=1;sync_gaps=13;pair_gaps=0;aux_failures=0;duplicates=0,2020-03-01T00:00:00Z,2026-08-21T00:00:00Z,8,8,XMR/USDT,,,,0,13,0,sha256_59786b266b1661ca08381b938b2ca9cb3b6f40aac0325e00be1faef371623b6e
bbrsi,spot_long,4h,PASS,policy=1;mode=spot;timeframe=4h;complete=8/8;availability_limited=1;sync_gaps=0;pair_gaps=0;aux_failures=0;duplicates=0,2020-03-01T00:00:00Z,2026-08-21T00:00:00Z,8,8,XMR/USDT,,,,0,0,0,sha256_3189fb1b70726edcb8094812a734108d82fb90f275749253fb8b98b5ce7d49ab
BBRSIoriginal,spot_long,,PENDING,unsupported_or_unknown_profile,2020-03-01T00:00:00Z,2026-08-21T00:00:00Z,0,0,,,,,,,,
BBRSIv2,spot_long,15m,PASS,policy=1;mode=spot;timeframe=15m;complete=8/8;availability_limited=1;sync_gaps=13;pair_gaps=0;aux_failures=0;duplicates=0,2020-03-01T00:00:00Z,2026-08-21T00:00:00Z,8,8,XMR/USDT,,,,0,13,0,sha256_59786b266b1661ca08381b938b2ca9cb3b6f40aac0325e00be1faef371623b6e
BB_RPB_TSL_2,spot_long,3m,PASS,policy=1;mode=spot;timeframe=3m;complete=8/8;availability_limited=1;sync_gaps=13;pair_gaps=0;aux_failures=0;duplicates=0,2020-03-01T00:00:00Z,2026-08-21T00:00:00Z,8,8,XMR/USDT,,,,0,13,0,sha256_e37288ec931555b4e9cd55803ae26c4110bee6ee0d36081a8128aa94c53c05c2
BB_RPB_TSL_RNG_2,spot_long,5m,PASS,policy=1;mode=spot;timeframe=5m;complete=8/8;availability_limited=1;sync_gaps=13;pair_gaps=0;aux_failures=0;duplicates=0,2020-03-01T00:00:00Z,2026-08-21T00:00:00Z,8,8,XMR/USDT,,,,0,13,0,sha256_e8d28cd87065e2c4fddc76d0370ed6ddf67047ffb0a8bbd02f4139488617d93b
BB_RPB_TSL_RNG_VWAP,spot_long,5m,PASS,policy=1;mode=spot;timeframe=5m;complete=8/8;availability_limited=1;sync_gaps=13;pair_gaps=0;aux_failures=0;duplicates=0,2020-03-01T00:00:00Z,2026-08-21T00:00:00Z,8,8,XMR/USDT,,,,0,13,0,sha256_e8d28cd87065e2c4fddc76d0370ed6ddf67047ffb0a8bbd02f4139488617d93b
BB_RPB_TSL_SMA_Tranz_TB_1_1_1,spot_long,5m,PASS,policy=1;mode=spot;timeframe=5m;complete=8/8;availability_limited=1;sync_gaps=13;pair_gaps=0;aux_failures=0;duplicates=0,2020-03-01T00:00:00Z,2026-08-21T00:00:00Z,8,8,XMR/USDT,,,,0,13,0,sha256_e8d28cd87065e2c4fddc76d0370ed6ddf67047ffb0a8bbd02f4139488617d93b
BB_RPB_TSL_SMA_Tranz_TB_MOD,spot_long,5m,PASS,policy=1;mode=spot;timeframe=5m;complete=8/8;availability_limited=1;sync_gaps=13;pair_gaps=0;aux_failures=0;duplicates=0,2020-03-01T00:00:00Z,2026-08-21T00:00:00Z,8,8,XMR/USDT,,,,0,13,0,sha256_e8d28cd87065e2c4fddc76d0370ed6ddf67047ffb0a8bbd02f4139488617d93b
BB_RPB_TSL_Tranz,spot_long,5m,PASS,policy=1;mode=spot;timeframe=5m;complete=8/8;availability_limited=1;sync_gaps=13;pair_gaps=0;aux_failures=0;duplicates=0,2020-03-01T00:00:00Z,2026-08-21T00:00:00Z,8,8,XMR/USDT,,,,0,13,0,sha256_e8d28cd87065e2c4fddc76d0370ed6ddf67047ffb0a8bbd02f4139488617d93b
BB_RPB_TSL_c7c477d_20211030,spot_long,5m,PASS,policy=1;mode=spot;timeframe=5m;complete=8/8;availability_limited=1;sync_gaps=13;pair_gaps=0;aux_failures=0;duplicates=0,2020-03-01T00:00:00Z,2026-08-21T00:00:00Z,8,8,XMR/USDT,,,,0,13,0,sha256_e8d28cd87065e2c4fddc76d0370ed6ddf67047ffb0a8bbd02f4139488617d93b
BB_RPB_TSLmeneguzzo,spot_long,5m,PASS,policy=1;mode=spot;timeframe=5m;complete=8/8;availability_limited=1;sync_gaps=13;pair_gaps=0;aux_failures=0;duplicates=0,2020-03-01T00:00:00Z,2026-08-21T00:00:00Z,8,8,XMR/USDT,,,,0,13,0,sha256_e8d28cd87065e2c4fddc76d0370ed6ddf67047ffb0a8bbd02f4139488617d93b
BBlower,spot_long,5m,PASS,policy=1;mode=spot;timeframe=5m;complete=8/8;availability_limited=1;sync_gaps=13;pair_gaps=0;aux_failures=0;duplicates=0,2020-03-01T00:00:00Z,2026-08-21T00:00:00Z,8,8,XMR/USDT,,,,0,13,0,sha256_e8d28cd87065e2c4fddc76d0370ed6ddf67047ffb0a8bbd02f4139488617d93b
Babico_SMA5xBBmid,spot_long,1d,PASS,policy=1;mode=spot;timeframe=1d;complete=8/8;availability_limited=1;sync_gaps=0;pair_gaps=0;aux_failures=0;duplicates=0,2020-03-01T00:00:00Z,2026-08-21T00:00:00Z,8,8,XMR/USDT,,,,0,0,0,sha256_e606ca78497360fc0ec1042bb6ffe7a553818da8fe41f9ff04e1b6ca510a956a
BigPete,spot_long,5m,PASS,policy=1;mode=spot;timeframe=5m;complete=8/8;availability_limited=1;sync_gaps=13;pair_gaps=0;aux_failures=0;duplicates=0,2020-03-01T00:00:00Z,2026-08-21T00:00:00Z,8,8,XMR/USDT,,,,0,13,0,sha256_e8d28cd87065e2c4fddc76d0370ed6ddf67047ffb0a8bbd02f4139488617d93b
BigZ0307HO,spot_long,5m,PASS,policy=1;mode=spot;timeframe=5m;complete=8/8;availability_limited=1;sync_gaps=13;pair_gaps=0;aux_failures=0;duplicates=0,2020-03-01T00:00:00Z,2026-08-21T00:00:00Z,8,8,XMR/USDT,,,,0,13,0,sha256_e8d28cd87065e2c4fddc76d0370ed6ddf67047ffb0a8bbd02f4139488617d93b
BigZ03HO,spot_long,5m,PASS,policy=1;mode=spot;timeframe=5m;complete=8/8;availability_limited=1;sync_gaps=13;pair_gaps=0;aux_failures=0;duplicates=0,2020-03-01T00:00:00Z,2026-08-21T00:00:00Z,8,8,XMR/USDT,,,,0,13,0,sha256_e8d28cd87065e2c4fddc76d0370ed6ddf67047ffb0a8bbd02f4139488617d93b
BigZ03,spot_long,5m,PASS,policy=1;mode=spot;timeframe=5m;complete=8/8;availability_limited=1;sync_gaps=13;pair_gaps=0;aux_failures=0;duplicates=0,2020-03-01T00:00:00Z,2026-08-21T00:00:00Z,8,8,XMR/USDT,,,,0,13,0,sha256_e8d28cd87065e2c4fddc76d0370ed6ddf67047ffb0a8bbd02f4139488617d93b
BigZ0407HO,spot_long,5m,PASS,policy=1;mode=spot;timeframe=5m;complete=8/8;availability_limited=1;sync_gaps=13;pair_gaps=0;aux_failures=0;duplicates=0,2020-03-01T00:00:00Z,2026-08-21T00:00:00Z,8,8,XMR/USDT,,,,0,13,0,sha256_e8d28cd87065e2c4fddc76d0370ed6ddf67047ffb0a8bbd02f4139488617d93b
BigZ0407,spot_long,5m,PASS,policy=1;mode=spot;timeframe=5m;complete=8/8;availability_limited=1;sync_gaps=13;pair_gaps=0;aux_failures=0;duplicates=0,2020-03-01T00:00:00Z,2026-08-21T00:00:00Z,8,8,XMR/USDT,,,,0,13,0,sha256_e8d28cd87065e2c4fddc76d0370ed6ddf67047ffb0a8bbd02f4139488617d93b
BigZ04HO2,spot_long,5m,PASS,policy=1;mode=spot;timeframe=5m;complete=8/8;availability_limited=1;sync_gaps=13;pair_gaps=0;aux_failures=0;duplicates=0,2020-03-01T00:00:00Z,2026-08-21T00:00:00Z,8,8,XMR/USDT,,,,0,13,0,sha256_e8d28cd87065e2c4fddc76d0370ed6ddf67047ffb0a8bbd02f4139488617d93b
BigZ04HO,spot_long,5m,PASS,policy=1;mode=spot;timeframe=5m;complete=8/8;availability_limited=1;sync_gaps=13;pair_gaps=0;aux_failures=0;duplicates=0,2020-03-01T00:00:00Z,2026-08-21T00:00:00Z,8,8,XMR/USDT,,,,0,13,0,sha256_e8d28cd87065e2c4fddc76d0370ed6ddf67047ffb0a8bbd02f4139488617d93b
BigZ06,spot_long,5m,PASS,policy=1;mode=spot;timeframe=5m;complete=8/8;availability_limited=1;sync_gaps=13;pair_gaps=0;aux_failures=0;duplicates=0,2020-03-01T00:00:00Z,2026-08-21T00:00:00Z,8,8,XMR/USDT,,,,0,13,0,sha256_e8d28cd87065e2c4fddc76d0370ed6ddf67047ffb0a8bbd02f4139488617d93b
BigZ07Next2,spot_long,5m,PASS,policy=1;mode=spot;timeframe=5m;complete=8/8;availability_limited=1;sync_gaps=13;pair_gaps=0;aux_failures=0;duplicates=0,2020-03-01T00:00:00Z,2026-08-21T00:00:00Z,8,8,XMR/USDT,,,,0,13,0,sha256_e8d28cd87065e2c4fddc76d0370ed6ddf67047ffb0a8bbd02f4139488617d93b
BigZ07Next,spot_long,5m,PASS,policy=1;mode=spot;timeframe=5m;complete=8/8;availability_limited=1;sync_gaps=13;pair_gaps=0;aux_failures=0;duplicates=0,2020-03-01T00:00:00Z,2026-08-21T00:00:00Z,8,8,XMR/USDT,,,,0,13,0,sha256_e8d28cd87065e2c4fddc76d0370ed6ddf67047ffb0a8bbd02f4139488617d93b
BigZ07,spot_long,5m,PASS,policy=1;mode=spot;timeframe=5m;complete=8/8;availability_limited=1;sync_gaps=13;pair_gaps=0;aux_failures=0;duplicates=0,2020-03-01T00:00:00Z,2026-08-21T00:00:00Z,8,8,XMR/USDT,,,,0,13,0,sha256_e8d28cd87065e2c4fddc76d0370ed6ddf67047ffb0a8bbd02f4139488617d93b
BinClucMadV1,spot_long,5m,PASS,policy=1;mode=spot;timeframe=5m;complete=8/8;availability_limited=1;sync_gaps=13;pair_gaps=0;aux_failures=0;duplicates=0,2020-03-01T00:00:00Z,2026-08-21T00:00:00Z,8,8,XMR/USDT,,,,0,13,0,sha256_e8d28cd87065e2c4fddc76d0370ed6ddf67047ffb0a8bbd02f4139488617d93b
BinClucMad,spot_long,5m,PASS,policy=1;mode=spot;timeframe=5m;complete=8/8;availability_limited=1;sync_gaps=13;pair_gaps=0;aux_failures=0;duplicates=0,2020-03-01T00:00:00Z,2026-08-21T00:00:00Z,8,8,XMR/USDT,,,,0,13,0,sha256_e8d28cd87065e2c4fddc76d0370ed6ddf67047ffb0a8bbd02f4139488617d93b
BuyOnly,spot_long,15m,PASS,policy=1;mode=spot;timeframe=15m;complete=8/8;availability_limited=1;sync_gaps=13;pair_gaps=0;aux_failures=0;duplicates=0,2020-03-01T00:00:00Z,2026-08-21T00:00:00Z,8,8,XMR/USDT,,,,0,13,0,sha256_59786b266b1661ca08381b938b2ca9cb3b6f40aac0325e00be1faef371623b6e
CBPete9,spot_long,5m,PASS,policy=1;mode=spot;timeframe=5m;complete=8/8;availability_limited=1;sync_gaps=13;pair_gaps=0;aux_failures=0;duplicates=0,2020-03-01T00:00:00Z,2026-08-21T00:00:00Z,8,8,XMR/USDT,,,,0,13,0,sha256_e8d28cd87065e2c4fddc76d0370ed6ddf67047ffb0a8bbd02f4139488617d93b
Cci,spot_long,1m,PASS,policy=1;mode=spot;timeframe=1m;complete=8/8;availability_limited=1;sync_gaps=13;pair_gaps=0;aux_failures=0;duplicates=0,2020-03-01T00:00:00Z,2026-08-21T00:00:00Z,8,8,XMR/USDT,,,,0,13,0,sha256_abb17c3c2a1a410057e1351508eeebdd41b095e316f737ad57de215036a3c3e3
Chandem,spot_long,5m,PASS,policy=1;mode=spot;timeframe=5m;complete=8/8;availability_limited=1;sync_gaps=13;pair_gaps=0;aux_failures=0;duplicates=0,2020-03-01T00:00:00Z,2026-08-21T00:00:00Z,8,8,XMR/USDT,,,,0,13,0,sha256_e8d28cd87065e2c4fddc76d0370ed6ddf67047ffb0a8bbd02f4139488617d93b
Chandemtwo,spot_long,5m,PASS,policy=1;mode=spot;timeframe=5m;complete=8/8;availability_limited=1;sync_gaps=13;pair_gaps=0;aux_failures=0;duplicates=0,2020-03-01T00:00:00Z,2026-08-21T00:00:00Z,8,8,XMR/USDT,,,,0,13,0,sha256_e8d28cd87065e2c4fddc76d0370ed6ddf67047ffb0a8bbd02f4139488617d93b
Cluc4,spot_long,1m,PASS,policy=1;mode=spot;timeframe=1m;complete=8/8;availability_limited=1;sync_gaps=13;pair_gaps=0;aux_failures=0;duplicates=0,2020-03-01T00:00:00Z,2026-08-21T00:00:00Z,8,8,XMR/USDT,,,,0,13,0,sha256_abb17c3c2a1a410057e1351508eeebdd41b095e316f737ad57de215036a3c3e3
ClucHAnix_BB_RPB_MOD2_ROI,spot_long,5m,PASS,policy=1;mode=spot;timeframe=5m;complete=8/8;availability_limited=1;sync_gaps=13;pair_gaps=0;aux_failures=0;duplicates=0,2020-03-01T00:00:00Z,2026-08-21T00:00:00Z,8,8,XMR/USDT,,,,0,13,0,sha256_e8d28cd87065e2c4fddc76d0370ed6ddf67047ffb0a8bbd02f4139488617d93b
ClucHAnix_BB_RPB_MOD_CTT,spot_long,5m,PASS,policy=1;mode=spot;timeframe=5m;complete=8/8;availability_limited=1;sync_gaps=13;pair_gaps=0;aux_failures=0;duplicates=0,2020-03-01T00:00:00Z,2026-08-21T00:00:00Z,8,8,XMR/USDT,,,,0,13,0,sha256_e8d28cd87065e2c4fddc76d0370ed6ddf67047ffb0a8bbd02f4139488617d93b
ClucHAnix_BB_RPB_MOD_E0V1E_ROI,spot_long,5m,PASS,policy=1;mode=spot;timeframe=5m;complete=8/8;availability_limited=1;sync_gaps=13;pair_gaps=0;aux_failures=0;duplicates=0,2020-03-01T00:00:00Z,2026-08-21T00:00:00Z,8,8,XMR/USDT,,,,0,13,0,sha256_e8d28cd87065e2c4fddc76d0370ed6ddf67047ffb0a8bbd02f4139488617d93b
CombinedBinHAndClucHyperV0,spot_long,1m,PASS,policy=1;mode=spot;timeframe=1m;complete=8/8;availability_limited=1;sync_gaps=13;pair_gaps=0;aux_failures=0;duplicates=0,2020-03-01T00:00:00Z,2026-08-21T00:00:00Z,8,8,XMR/USDT,,,,0,13,0,sha256_abb17c3c2a1a410057e1351508eeebdd41b095e316f737ad57de215036a3c3e3
CombinedBinHAndClucHyperV3,spot_long,1m,PASS,policy=1;mode=spot;timeframe=1m;complete=8/8;availability_limited=1;sync_gaps=13;pair_gaps=0;aux_failures=0;duplicates=0,2020-03-01T00:00:00Z,2026-08-21T00:00:00Z,8,8,XMR/USDT,,,,0,13,0,sha256_abb17c3c2a1a410057e1351508eeebdd41b095e316f737ad57de215036a3c3e3
CombinedBinHAndClucV3,spot_long,5m,PASS,policy=1;mode=spot;timeframe=5m;complete=8/8;availability_limited=1;sync_gaps=13;pair_gaps=0;aux_failures=0;duplicates=0,2020-03-01T00:00:00Z,2026-08-21T00:00:00Z,8,8,XMR/USDT,,,,0,13,0,sha256_e8d28cd87065e2c4fddc76d0370ed6ddf67047ffb0a8bbd02f4139488617d93b
CombinedBinHAndClucV5Hyperoptable,spot_long,5m,PASS,policy=1;mode=spot;timeframe=5m;complete=8/8;availability_limited=1;sync_gaps=13;pair_gaps=0;aux_failures=0;duplicates=0,2020-03-01T00:00:00Z,2026-08-21T00:00:00Z,8,8,XMR/USDT,,,,0,13,0,sha256_e8d28cd87065e2c4fddc76d0370ed6ddf67047ffb0a8bbd02f4139488617d93b
CombinedBinHAndClucV8XHO,spot_long,5m,PASS,policy=1;mode=spot;timeframe=5m;complete=8/8;availability_limited=1;sync_gaps=13;pair_gaps=0;aux_failures=0;duplicates=0,2020-03-01T00:00:00Z,2026-08-21T00:00:00Z,8,8,XMR/USDT,,,,0,13,0,sha256_e8d28cd87065e2c4fddc76d0370ed6ddf67047ffb0a8bbd02f4139488617d93b
CombinedBinHClucAndMADV5,spot_long,5m,PASS,policy=1;mode=spot;timeframe=5m;complete=8/8;availability_limited=1;sync_gaps=13;pair_gaps=0;aux_failures=0;duplicates=0,2020-03-01T00:00:00Z,2026-08-21T00:00:00Z,8,8,XMR/USDT,,,,0,13,0,sha256_e8d28cd87065e2c4fddc76d0370ed6ddf67047ffb0a8bbd02f4139488617d93b
Combined_Indicators,spot_long,1m,PASS,policy=1;mode=spot;timeframe=1m;complete=8/8;availability_limited=1;sync_gaps=13;pair_gaps=0;aux_failures=0;duplicates=0,2020-03-01T00:00:00Z,2026-08-21T00:00:00Z,8,8,XMR/USDT,,,,0,13,0,sha256_abb17c3c2a1a410057e1351508eeebdd41b095e316f737ad57de215036a3c3e3
Combined_NFIv7_SMA_Rallipanos_20210707,spot_long,5m,PASS,policy=1;mode=spot;timeframe=5m;complete=8/8;availability_limited=1;sync_gaps=13;pair_gaps=0;aux_failures=0;duplicates=0,2020-03-01T00:00:00Z,2026-08-21T00:00:00Z,8,8,XMR/USDT,,,,0,13,0,sha256_e8d28cd87065e2c4fddc76d0370ed6ddf67047ffb0a8bbd02f4139488617d93b
Combined_NFIv7_SMA_bAdBoY_20211204,spot_long,5m,PASS,policy=1;mode=spot;timeframe=5m;complete=8/8;availability_limited=1;sync_gaps=13;pair_gaps=0;aux_failures=0;duplicates=0,2020-03-01T00:00:00Z,2026-08-21T00:00:00Z,8,8,XMR/USDT,,,,0,13,0,sha256_e8d28cd87065e2c4fddc76d0370ed6ddf67047ffb0a8bbd02f4139488617d93b
DCBBBounce,spot_long,5m,PASS,policy=1;mode=spot;timeframe=5m;complete=8/8;availability_limited=1;sync_gaps=13;pair_gaps=0;aux_failures=0;duplicates=0,2020-03-01T00:00:00Z,2026-08-21T00:00:00Z,8,8,XMR/USDT,,,,0,13,0,sha256_e8d28cd87065e2c4fddc76d0370ed6ddf67047ffb0a8bbd02f4139488617d93b
DD,spot_long,5m,PASS,policy=1;mode=spot;timeframe=5m;complete=8/8;availability_limited=1;sync_gaps=13;pair_gaps=0;aux_failures=0;duplicates=0,2020-03-01T00:00:00Z,2026-08-21T00:00:00Z,8,8,XMR/USDT,,,,0,13,0,sha256_e8d28cd87065e2c4fddc76d0370ed6ddf67047ffb0a8bbd02f4139488617d93b
EMA50,spot_long,5m,PASS,policy=1;mode=spot;timeframe=5m;complete=8/8;availability_limited=1;sync_gaps=13;pair_gaps=0;aux_failures=0;duplicates=0,2020-03-01T00:00:00Z,2026-08-21T00:00:00Z,8,8,XMR/USDT,,,,0,13,0,sha256_e8d28cd87065e2c4fddc76d0370ed6ddf67047ffb0a8bbd02f4139488617d93b
EMA520015_V17,spot_long,4h,PASS,policy=1;mode=spot;timeframe=4h;complete=8/8;availability_limited=1;sync_gaps=0;pair_gaps=0;aux_failures=0;duplicates=0,2020-03-01T00:00:00Z,2026-08-21T00:00:00Z,8,8,XMR/USDT,,,,0,0,0,sha256_3189fb1b70726edcb8094812a734108d82fb90f275749253fb8b98b5ce7d49ab
EMABBRSI,spot_long,,PENDING,unsupported_or_unknown_profile,2020-03-01T00:00:00Z,2026-08-21T00:00:00Z,0,0,,,,,,,,
EMABreakout,spot_long,5m,PASS,policy=1;mode=spot;timeframe=5m;complete=8/8;availability_limited=1;sync_gaps=13;pair_gaps=0;aux_failures=0;duplicates=0,2020-03-01T00:00:00Z,2026-08-21T00:00:00Z,8,8,XMR/USDT,,,,0,13,0,sha256_e8d28cd87065e2c4fddc76d0370ed6ddf67047ffb0a8bbd02f4139488617d93b
EMA_CROSSOVER_STRATEGY,spot_long,5m,PASS,policy=1;mode=spot;timeframe=5m;complete=8/8;availability_limited=1;sync_gaps=13;pair_gaps=0;aux_failures=0;duplicates=0,2020-03-01T00:00:00Z,2026-08-21T00:00:00Z,8,8,XMR/USDT,,,,0,13,0,sha256_e8d28cd87065e2c4fddc76d0370ed6ddf67047ffb0a8bbd02f4139488617d93b
EXPERIMENTAL_STRATEGY,spot_long,,PENDING,unsupported_or_unknown_profile,2020-03-01T00:00:00Z,2026-08-21T00:00:00Z,0,0,,,,,,,,
ElliotV2,spot_long,5m,PASS,policy=1;mode=spot;timeframe=5m;complete=8/8;availability_limited=1;sync_gaps=13;pair_gaps=0;aux_failures=0;duplicates=0,2020-03-01T00:00:00Z,2026-08-21T00:00:00Z,8,8,XMR/USDT,,,,0,13,0,sha256_e8d28cd87065e2c4fddc76d0370ed6ddf67047ffb0a8bbd02f4139488617d93b
ElliotV4,spot_long,5m,PASS,policy=1;mode=spot;timeframe=5m;complete=8/8;availability_limited=1;sync_gaps=13;pair_gaps=0;aux_failures=0;duplicates=0,2020-03-01T00:00:00Z,2026-08-21T00:00:00Z,8,8,XMR/USDT,,,,0,13,0,sha256_e8d28cd87065e2c4fddc76d0370ed6ddf67047ffb0a8bbd02f4139488617d93b
ElliotV531,spot_long,5m,PASS,policy=1;mode=spot;timeframe=5m;complete=8/8;availability_limited=1;sync_gaps=13;pair_gaps=0;aux_failures=0;duplicates=0,2020-03-01T00:00:00Z,2026-08-21T00:00:00Z,8,8,XMR/USDT,,,,0,13,0,sha256_e8d28cd87065e2c4fddc76d0370ed6ddf67047ffb0a8bbd02f4139488617d93b
ElliotV5HOMod2,spot_long,5m,PASS,policy=1;mode=spot;timeframe=5m;complete=8/8;availability_limited=1;sync_gaps=13;pair_gaps=0;aux_failures=0;duplicates=0,2020-03-01T00:00:00Z,2026-08-21T00:00:00Z,8,8,XMR/USDT,,,,0,13,0,sha256_e8d28cd87065e2c4fddc76d0370ed6ddf67047ffb0a8bbd02f4139488617d93b
ElliotV5HOMod3,spot_long,5m,PASS,policy=1;mode=spot;timeframe=5m;complete=8/8;availability_limited=1;sync_gaps=13;pair_gaps=0;aux_failures=0;duplicates=0,2020-03-01T00:00:00Z,2026-08-21T00:00:00Z,8,8,XMR/USDT,,,,0,13,0,sha256_e8d28cd87065e2c4fddc76d0370ed6ddf67047ffb0a8bbd02f4139488617d93b
ElliotV5HO,spot_long,5m,PASS,policy=1;mode=spot;timeframe=5m;complete=8/8;availability_limited=1;sync_gaps=13;pair_gaps=0;aux_failures=0;duplicates=0,2020-03-01T00:00:00Z,2026-08-21T00:00:00Z,8,8,XMR/USDT,,,,0,13,0,sha256_e8d28cd87065e2c4fddc76d0370ed6ddf67047ffb0a8bbd02f4139488617d93b
ElliotV8HO,spot_long,5m,PASS,policy=1;mode=spot;timeframe=5m;complete=8/8;availability_limited=1;sync_gaps=13;pair_gaps=0;aux_failures=0;duplicates=0,2020-03-01T00:00:00Z,2026-08-21T00:00:00Z,8,8,XMR/USDT,,,,0,13,0,sha256_e8d28cd87065e2c4fddc76d0370ed6ddf67047ffb0a8bbd02f4139488617d93b
ElliotV8_original,spot_long,5m,PASS,policy=1;mode=spot;timeframe=5m;complete=8/8;availability_limited=1;sync_gaps=13;pair_gaps=0;aux_failures=0;duplicates=0,2020-03-01T00:00:00Z,2026-08-21T00:00:00Z,8,8,XMR/USDT,,,,0,13,0,sha256_e8d28cd87065e2c4fddc76d0370ed6ddf67047ffb0a8bbd02f4139488617d93b
Fakebuy,spot_long,5m,PASS,policy=1;mode=spot;timeframe=5m;complete=8/8;availability_limited=1;sync_gaps=13;pair_gaps=0;aux_failures=0;duplicates=0,2020-03-01T00:00:00Z,2026-08-21T00:00:00Z,8,8,XMR/USDT,,,,0,13,0,sha256_e8d28cd87065e2c4fddc76d0370ed6ddf67047ffb0a8bbd02f4139488617d93b
FastSupertrendOpt,spot_long,1h,PASS,policy=1;mode=spot;timeframe=1h;complete=8/8;availability_limited=1;sync_gaps=13;pair_gaps=0;aux_failures=0;duplicates=0,2020-03-01T00:00:00Z,2026-08-21T00:00:00Z,8,8,XMR/USDT,,,,0,13,0,sha256_ca7ff1931fd6c56a6b8207860a55741af9c20bb55de36000b62730174c4f2937
FastSupertrend,spot_long,1h,PASS,policy=1;mode=spot;timeframe=1h;complete=8/8;availability_limited=1;sync_gaps=13;pair_gaps=0;aux_failures=0;duplicates=0,2020-03-01T00:00:00Z,2026-08-21T00:00:00Z,8,8,XMR/USDT,,,,0,13,0,sha256_ca7ff1931fd6c56a6b8207860a55741af9c20bb55de36000b62730174c4f2937
ForexSignal,spot_long,5m,PASS,policy=1;mode=spot;timeframe=5m;complete=8/8;availability_limited=1;sync_gaps=13;pair_gaps=0;aux_failures=0;duplicates=0,2020-03-01T00:00:00Z,2026-08-21T00:00:00Z,8,8,XMR/USDT,,,,0,13,0,sha256_e8d28cd87065e2c4fddc76d0370ed6ddf67047ffb0a8bbd02f4139488617d93b
FrostAuraRandomStrategy,spot_long,1h,PASS,policy=1;mode=spot;timeframe=1h;complete=8/8;availability_limited=1;sync_gaps=13;pair_gaps=0;aux_failures=0;duplicates=0,2020-03-01T00:00:00Z,2026-08-21T00:00:00Z,8,8,XMR/USDT,,,,0,13,0,sha256_ca7ff1931fd6c56a6b8207860a55741af9c20bb55de36000b62730174c4f2937
GodCard,spot_long,5m,PASS,policy=1;mode=spot;timeframe=5m;complete=8/8;availability_limited=1;sync_gaps=13;pair_gaps=0;aux_failures=0;duplicates=0,2020-03-01T00:00:00Z,2026-08-21T00:00:00Z,8,8,XMR/USDT,,,,0,13,0,sha256_e8d28cd87065e2c4fddc76d0370ed6ddf67047ffb0a8bbd02f4139488617d93b
Guacamole,spot_long,5m,PASS,policy=1;mode=spot;timeframe=5m;complete=8/8;availability_limited=1;sync_gaps=13;pair_gaps=0;aux_failures=0;duplicates=0,2020-03-01T00:00:00Z,2026-08-21T00:00:00Z,8,8,XMR/USDT,,,,0,13,0,sha256_e8d28cd87065e2c4fddc76d0370ed6ddf67047ffb0a8bbd02f4139488617d93b
Hacklemore2,spot_long,15m,PASS,policy=1;mode=spot;timeframe=15m;complete=8/8;availability_limited=1;sync_gaps=13;pair_gaps=0;aux_failures=0;duplicates=0,2020-03-01T00:00:00Z,2026-08-21T00:00:00Z,8,8,XMR/USDT,,,,0,13,0,sha256_59786b266b1661ca08381b938b2ca9cb3b6f40aac0325e00be1faef371623b6e
Hacklemore3,spot_long,5m,PASS,policy=1;mode=spot;timeframe=5m;complete=8/8;availability_limited=1;sync_gaps=13;pair_gaps=0;aux_failures=0;duplicates=0,2020-03-01T00:00:00Z,2026-08-21T00:00:00Z,8,8,XMR/USDT,,,,0,13,0,sha256_e8d28cd87065e2c4fddc76d0370ed6ddf67047ffb0a8bbd02f4139488617d93b
INSIDEUP,spot_long,1d,PASS,policy=1;mode=spot;timeframe=1d;complete=8/8;availability_limited=1;sync_gaps=0;pair_gaps=0;aux_failures=0;duplicates=0,2020-03-01T00:00:00Z,2026-08-21T00:00:00Z,8,8,XMR/USDT,,,,0,0,0,sha256_e606ca78497360fc0ec1042bb6ffe7a553818da8fe41f9ff04e1b6ca510a956a
KC_BB,spot_long,5m,PASS,policy=1;mode=spot;timeframe=5m;complete=8/8;availability_limited=1;sync_gaps=13;pair_gaps=0;aux_failures=0;duplicates=0,2020-03-01T00:00:00Z,2026-08-21T00:00:00Z,8,8,XMR/USDT,,,,0,13,0,sha256_e8d28cd87065e2c4fddc76d0370ed6ddf67047ffb0a8bbd02f4139488617d93b
Kamaflage,spot_long,5m,PASS,policy=1;mode=spot;timeframe=5m;complete=8/8;availability_limited=1;sync_gaps=13;pair_gaps=0;aux_failures=0;duplicates=0,2020-03-01T00:00:00Z,2026-08-21T00:00:00Z,8,8,XMR/USDT,,,,0,13,0,sha256_e8d28cd87065e2c4fddc76d0370ed6ddf67047ffb0a8bbd02f4139488617d93b
Leveraged,spot_long,5m,PASS,policy=1;mode=spot;timeframe=5m;complete=8/8;availability_limited=1;sync_gaps=13;pair_gaps=0;aux_failures=0;duplicates=0,2020-03-01T00:00:00Z,2026-08-21T00:00:00Z,8,8,XMR/USDT,,,,0,13,0,sha256_e8d28cd87065e2c4fddc76d0370ed6ddf67047ffb0a8bbd02f4139488617d93b
LookaheadStrategy,spot_long,5m,PASS,policy=1;mode=spot;timeframe=5m;complete=8/8;availability_limited=1;sync_gaps=13;pair_gaps=0;aux_failures=0;duplicates=0,2020-03-01T00:00:00Z,2026-08-21T00:00:00Z,8,8,XMR/USDT,,,,0,13,0,sha256_e8d28cd87065e2c4fddc76d0370ed6ddf67047ffb0a8bbd02f4139488617d93b
Maro4hMacdSd,spot_long,5m,PASS,policy=1;mode=spot;timeframe=5m;complete=8/8;availability_limited=1;sync_gaps=13;pair_gaps=0;aux_failures=0;duplicates=0,2020-03-01T00:00:00Z,2026-08-21T00:00:00Z,8,8,XMR/USDT,,,,0,13,0,sha256_e8d28cd87065e2c4fddc76d0370ed6ddf67047ffb0a8bbd02f4139488617d93b
MomStrategy,spot_long,1h,PASS,policy=1;mode=spot;timeframe=1h;complete=8/8;availability_limited=1;sync_gaps=13;pair_gaps=0;aux_failures=0;duplicates=0,2020-03-01T00:00:00Z,2026-08-21T00:00:00Z,8,8,XMR/USDT,,,,0,13,0,sha256_ca7ff1931fd6c56a6b8207860a55741af9c20bb55de36000b62730174c4f2937
Momentumv2,spot_long,4h,PASS,policy=1;mode=spot;timeframe=4h;complete=8/8;availability_limited=1;sync_gaps=0;pair_gaps=0;aux_failures=0;duplicates=0,2020-03-01T00:00:00Z,2026-08-21T00:00:00Z,8,8,XMR/USDT,,,,0,0,0,sha256_3189fb1b70726edcb8094812a734108d82fb90f275749253fb8b98b5ce7d49ab
MostOfAll,spot_long,5m,PASS,policy=1;mode=spot;timeframe=5m;complete=8/8;availability_limited=1;sync_gaps=13;pair_gaps=0;aux_failures=0;duplicates=0,2020-03-01T00:00:00Z,2026-08-21T00:00:00Z,8,8,XMR/USDT,,,,0,13,0,sha256_e8d28cd87065e2c4fddc76d0370ed6ddf67047ffb0a8bbd02f4139488617d93b
MultiMA_TSL3_Mod,spot_long,5m,PASS,policy=1;mode=spot;timeframe=5m;complete=8/8;availability_limited=1;sync_gaps=13;pair_gaps=0;aux_failures=0;duplicates=0,2020-03-01T00:00:00Z,2026-08-21T00:00:00Z,8,8,XMR/USDT,,,,0,13,0,sha256_e8d28cd87065e2c4fddc76d0370ed6ddf67047ffb0a8bbd02f4139488617d93b
NASOSv5_mod1_DanMod,spot_long,5m,PASS,policy=1;mode=spot;timeframe=5m;complete=8/8;availability_limited=1;sync_gaps=13;pair_gaps=0;aux_failures=0;duplicates=0,2020-03-01T00:00:00Z,2026-08-21T00:00:00Z,8,8,XMR/USDT,,,,0,13,0,sha256_e8d28cd87065e2c4fddc76d0370ed6ddf67047ffb0a8bbd02f4139488617d93b
NFI47V2,spot_long,5m,PASS,policy=1;mode=spot;timeframe=5m;complete=8/8;availability_limited=1;sync_gaps=13;pair_gaps=0;aux_failures=0;duplicates=0,2020-03-01T00:00:00Z,2026-08-21T00:00:00Z,8,8,XMR/USDT,,,,0,13,0,sha256_e8d28cd87065e2c4fddc76d0370ed6ddf67047ffb0a8bbd02f4139488617d93b
NFI5MOHO2,spot_long,5m,PASS,policy=1;mode=spot;timeframe=5m;complete=8/8;availability_limited=1;sync_gaps=13;pair_gaps=0;aux_failures=0;duplicates=0,2020-03-01T00:00:00Z,2026-08-21T00:00:00Z,8,8,XMR/USDT,,,,0,13,0,sha256_e8d28cd87065e2c4fddc76d0370ed6ddf67047ffb0a8bbd02f4139488617d93b
NFI5MOHO_WIP_1,spot_long,5m,PASS,policy=1;mode=spot;timeframe=5m;complete=8/8;availability_limited=1;sync_gaps=13;pair_gaps=0;aux_failures=0;duplicates=0,2020-03-01T00:00:00Z,2026-08-21T00:00:00Z,8,8,XMR/USDT,,,,0,13,0,sha256_e8d28cd87065e2c4fddc76d0370ed6ddf67047ffb0a8bbd02f4139488617d93b
NFI5MOHO_WIP_2,spot_long,5m,PASS,policy=1;mode=spot;timeframe=5m;complete=8/8;availability_limited=1;sync_gaps=13;pair_gaps=0;aux_failures=0;duplicates=0,2020-03-01T00:00:00Z,2026-08-21T00:00:00Z,8,8,XMR/USDT,,,,0,13,0,sha256_e8d28cd87065e2c4fddc76d0370ed6ddf67047ffb0a8bbd02f4139488617d93b
NFI7MOHO,spot_long,5m,PASS,policy=1;mode=spot;timeframe=5m;complete=8/8;availability_limited=1;sync_gaps=13;pair_gaps=0;aux_failures=0;duplicates=0,2020-03-01T00:00:00Z,2026-08-21T00:00:00Z,8,8,XMR/USDT,,,,0,13,0,sha256_e8d28cd87065e2c4fddc76d0370ed6ddf67047ffb0a8bbd02f4139488617d93b
NFINextMOHO2,spot_long,5m,PASS,policy=1;mode=spot;timeframe=5m;complete=8/8;availability_limited=1;sync_gaps=13;pair_gaps=0;aux_failures=0;duplicates=0,2020-03-01T00:00:00Z,2026-08-21T00:00:00Z,8,8,XMR/USDT,,,,0,13,0,sha256_e8d28cd87065e2c4fddc76d0370ed6ddf67047ffb0a8bbd02f4139488617d93b
NFINextMOHO,spot_long,5m,PASS,policy=1;mode=spot;timeframe=5m;complete=8/8;availability_limited=1;sync_gaps=13;pair_gaps=0;aux_failures=0;duplicates=0,2020-03-01T00:00:00Z,2026-08-21T00:00:00Z,8,8,XMR/USDT,,,,0,13,0,sha256_e8d28cd87065e2c4fddc76d0370ed6ddf67047ffb0a8bbd02f4139488617d93b
NFINextMultiOffsetAndHO2,spot_long,5m,PASS,policy=1;mode=spot;timeframe=5m;complete=8/8;availability_limited=1;sync_gaps=13;pair_gaps=0;aux_failures=0;duplicates=0,2020-03-01T00:00:00Z,2026-08-21T00:00:00Z,8,8,XMR/USDT,,,,0,13,0,sha256_e8d28cd87065e2c4fddc76d0370ed6ddf67047ffb0a8bbd02f4139488617d93b
NFINextMultiOffsetAndHO,spot_long,5m,PASS,policy=1;mode=spot;timeframe=5m;complete=8/8;availability_limited=1;sync_gaps=13;pair_gaps=0;aux_failures=0;duplicates=0,2020-03-01T00:00:00Z,2026-08-21T00:00:00Z,8,8,XMR/USDT,,,,0,13,0,sha256_e8d28cd87065e2c4fddc76d0370ed6ddf67047ffb0a8bbd02f4139488617d93b
NFIX_BB_RPB_c7c477d_20211030,spot_long,5m,PASS,policy=1;mode=spot;timeframe=5m;complete=8/8;availability_limited=1;sync_gaps=13;pair_gaps=0;aux_failures=0;duplicates=0,2020-03-01T00:00:00Z,2026-08-21T00:00:00Z,8,8,XMR/USDT,,,,0,13,0,sha256_e8d28cd87065e2c4fddc76d0370ed6ddf67047ffb0a8bbd02f4139488617d93b
NormalizerStrategy,spot_long,1h,PASS,policy=1;mode=spot;timeframe=1h;complete=8/8;availability_limited=1;sync_gaps=13;pair_gaps=0;aux_failures=0;duplicates=0,2020-03-01T00:00:00Z,2026-08-21T00:00:00Z,8,8,XMR/USDT,,,,0,13,0,sha256_ca7ff1931fd6c56a6b8207860a55741af9c20bb55de36000b62730174c4f2937
NostalgiaForInfinityNextGen_TSL,spot_long,15m,PASS,policy=1;mode=spot;timeframe=15m;complete=8/8;availability_limited=1;sync_gaps=13;pair_gaps=0;aux_failures=0;duplicates=0,2020-03-01T00:00:00Z,2026-08-21T00:00:00Z,8,8,XMR/USDT,,,,0,13,0,sha256_59786b266b1661ca08381b938b2ca9cb3b6f40aac0325e00be1faef371623b6e
NostalgiaForInfinityNext_maximizer,spot_long,5m,PASS,policy=1;mode=spot;timeframe=5m;complete=8/8;availability_limited=1;sync_gaps=13;pair_gaps=0;aux_failures=0;duplicates=0,2020-03-01T00:00:00Z,2026-08-21T00:00:00Z,8,8,XMR/USDT,,,,0,13,0,sha256_e8d28cd87065e2c4fddc76d0370ed6ddf67047ffb0a8bbd02f4139488617d93b
NostalgiaForInfinityV6HO,spot_long,5m,PASS,policy=1;mode=spot;timeframe=5m;complete=8/8;availability_limited=1;sync_gaps=13;pair_gaps=0;aux_failures=0;duplicates=0,2020-03-01T00:00:00Z,2026-08-21T00:00:00Z,8,8,XMR/USDT,,,,0,13,0,sha256_e8d28cd87065e2c4fddc76d0370ed6ddf67047ffb0a8bbd02f4139488617d93b
NostalgiaForInfinityV7_7_2,spot_long,5m,PASS,policy=1;mode=spot;timeframe=5m;complete=8/8;availability_limited=1;sync_gaps=13;pair_gaps=0;aux_failures=0;duplicates=0,2020-03-01T00:00:00Z,2026-08-21T00:00:00Z,8,8,XMR/USDT,,,,0,13,0,sha256_e8d28cd87065e2c4fddc76d0370ed6ddf67047ffb0a8bbd02f4139488617d93b
NotAnotherSMAOffsetStrategyModHO_LamineDz_20210901,spot_long,5m,PASS,policy=1;mode=spot;timeframe=5m;complete=8/8;availability_limited=1;sync_gaps=13;pair_gaps=0;aux_failures=0;duplicates=0,2020-03-01T00:00:00Z,2026-08-21T00:00:00Z,8,8,XMR/USDT,,,,0,13,0,sha256_e8d28cd87065e2c4fddc76d0370ed6ddf67047ffb0a8bbd02f4139488617d93b
ONUR,spot_long,15m,PASS,policy=1;mode=spot;timeframe=15m;complete=8/8;availability_limited=1;sync_gaps=13;pair_gaps=0;aux_failures=0;duplicates=0,2020-03-01T00:00:00Z,2026-08-21T00:00:00Z,8,8,XMR/USDT,,,,0,13,0,sha256_59786b266b1661ca08381b938b2ca9cb3b6f40aac0325e00be1faef371623b6e
PumpDetector,spot_long,5m,PASS,policy=1;mode=spot;timeframe=5m;complete=8/8;availability_limited=1;sync_gaps=13;pair_gaps=0;aux_failures=0;duplicates=0,2020-03-01T00:00:00Z,2026-08-21T00:00:00Z,8,8,XMR/USDT,,,,0,13,0,sha256_e8d28cd87065e2c4fddc76d0370ed6ddf67047ffb0a8bbd02f4139488617d93b
RSIBB02,spot_long,,PENDING,unsupported_or_unknown_profile,2020-03-01T00:00:00Z,2026-08-21T00:00:00Z,0,0,,,,,,,,
RSI,spot_long,15m,PASS,policy=1;mode=spot;timeframe=15m;complete=8/8;availability_limited=1;sync_gaps=13;pair_gaps=0;aux_failures=0;duplicates=0,2020-03-01T00:00:00Z,2026-08-21T00:00:00Z,8,8,XMR/USDT,,,,0,13,0,sha256_59786b266b1661ca08381b938b2ca9cb3b6f40aac0325e00be1faef371623b6e
RSIv2,spot_long,15m,PASS,policy=1;mode=spot;timeframe=15m;complete=8/8;availability_limited=1;sync_gaps=13;pair_gaps=0;aux_failures=0;duplicates=0,2020-03-01T00:00:00Z,2026-08-21T00:00:00Z,8,8,XMR/USDT,,,,0,13,0,sha256_59786b266b1661ca08381b938b2ca9cb3b6f40aac0325e00be1faef371623b6e
RobotradingBody,spot_long,4h,PASS,policy=1;mode=spot;timeframe=4h;complete=8/8;availability_limited=1;sync_gaps=0;pair_gaps=0;aux_failures=0;duplicates=0,2020-03-01T00:00:00Z,2026-08-21T00:00:00Z,8,8,XMR/USDT,,,,0,0,0,sha256_3189fb1b70726edcb8094812a734108d82fb90f275749253fb8b98b5ce7d49ab
Roth01,spot_long,5m,PASS,policy=1;mode=spot;timeframe=5m;complete=8/8;availability_limited=1;sync_gaps=13;pair_gaps=0;aux_failures=0;duplicates=0,2020-03-01T00:00:00Z,2026-08-21T00:00:00Z,8,8,XMR/USDT,,,,0,13,0,sha256_e8d28cd87065e2c4fddc76d0370ed6ddf67047ffb0a8bbd02f4139488617d93b
Roth03,spot_long,5m,PASS,policy=1;mode=spot;timeframe=5m;complete=8/8;availability_limited=1;sync_gaps=13;pair_gaps=0;aux_failures=0;duplicates=0,2020-03-01T00:00:00Z,2026-08-21T00:00:00Z,8,8,XMR/USDT,,,,0,13,0,sha256_e8d28cd87065e2c4fddc76d0370ed6ddf67047ffb0a8bbd02f4139488617d93b
SMAIP3,spot_long,5m,PASS,policy=1;mode=spot;timeframe=5m;complete=8/8;availability_limited=1;sync_gaps=13;pair_gaps=0;aux_failures=0;duplicates=0,2020-03-01T00:00:00Z,2026-08-21T00:00:00Z,8,8,XMR/USDT,,,,0,13,0,sha256_e8d28cd87065e2c4fddc76d0370ed6ddf67047ffb0a8bbd02f4139488617d93b
SMAOffsetProtectOptV1Mod,spot_long,5m,PASS,policy=1;mode=spot;timeframe=5m;complete=8/8;availability_limited=1;sync_gaps=13;pair_gaps=0;aux_failures=0;duplicates=0,2020-03-01T00:00:00Z,2026-08-21T00:00:00Z,8,8,XMR/USDT,,,,0,13,0,sha256_e8d28cd87065e2c4fddc76d0370ed6ddf67047ffb0a8bbd02f4139488617d93b
SMAOffsetProtectOptV1_kkeue_20210619,spot_long,5m,PASS,policy=1;mode=spot;timeframe=5m;complete=8/8;availability_limited=1;sync_gaps=13;pair_gaps=0;aux_failures=0;duplicates=0,2020-03-01T00:00:00Z,2026-08-21T00:00:00Z,8,8,XMR/USDT,,,,0,13,0,sha256_e8d28cd87065e2c4fddc76d0370ed6ddf67047ffb0a8bbd02f4139488617d93b
SMAOffsetProtectOpt,spot_long,5m,PASS,policy=1;mode=spot;timeframe=5m;complete=8/8;availability_limited=1;sync_gaps=13;pair_gaps=0;aux_failures=0;duplicates=0,2020-03-01T00:00:00Z,2026-08-21T00:00:00Z,8,8,XMR/USDT,,,,0,13,0,sha256_e8d28cd87065e2c4fddc76d0370ed6ddf67047ffb0a8bbd02f4139488617d93b
SMA_BBRSI,spot_long,5m,PASS,policy=1;mode=spot;timeframe=5m;complete=8/8;availability_limited=1;sync_gaps=13;pair_gaps=0;aux_failures=0;duplicates=0,2020-03-01T00:00:00Z,2026-08-21T00:00:00Z,8,8,XMR/USDT,,,,0,13,0,sha256_e8d28cd87065e2c4fddc76d0370ed6ddf67047ffb0a8bbd02f4139488617d93b
SRsi,spot_long,1m,PASS,policy=1;mode=spot;timeframe=1m;complete=8/8;availability_limited=1;sync_gaps=13;pair_gaps=0;aux_failures=0;duplicates=0,2020-03-01T00:00:00Z,2026-08-21T00:00:00Z,8,8,XMR/USDT,,,,0,13,0,sha256_abb17c3c2a1a410057e1351508eeebdd41b095e316f737ad57de215036a3c3e3
STRATEGY_RSI_BB_BOUNDS_CROSS,spot_long,5m,PASS,policy=1;mode=spot;timeframe=5m;complete=8/8;availability_limited=1;sync_gaps=13;pair_gaps=0;aux_failures=0;duplicates=0,2020-03-01T00:00:00Z,2026-08-21T00:00:00Z,8,8,XMR/USDT,,,,0,13,0,sha256_e8d28cd87065e2c4fddc76d0370ed6ddf67047ffb0a8bbd02f4139488617d93b
STRATEGY_RSI_BB_CROSS,spot_long,5m,PASS,policy=1;mode=spot;timeframe=5m;complete=8/8;availability_limited=1;sync_gaps=13;pair_gaps=0;aux_failures=0;duplicates=0,2020-03-01T00:00:00Z,2026-08-21T00:00:00Z,8,8,XMR/USDT,,,,0,13,0,sha256_e8d28cd87065e2c4fddc76d0370ed6ddf67047ffb0a8bbd02f4139488617d93b
SlowPotato,spot_long,5m,PASS,policy=1;mode=spot;timeframe=5m;complete=8/8;availability_limited=1;sync_gaps=13;pair_gaps=0;aux_failures=0;duplicates=0,2020-03-01T00:00:00Z,2026-08-21T00:00:00Z,8,8,XMR/USDT,,,,0,13,0,sha256_e8d28cd87065e2c4fddc76d0370ed6ddf67047ffb0a8bbd02f4139488617d93b
Stavix2,spot_long,,PENDING,unsupported_or_unknown_profile,2020-03-01T00:00:00Z,2026-08-21T00:00:00Z,0,0,,,,,,,,
Strategy001_custom_sell,spot_long,5m,PASS,policy=1;mode=spot;timeframe=5m;complete=8/8;availability_limited=1;sync_gaps=13;pair_gaps=0;aux_failures=0;duplicates=0,2020-03-01T00:00:00Z,2026-08-21T00:00:00Z,8,8,XMR/USDT,,,,0,13,0,sha256_e8d28cd87065e2c4fddc76d0370ed6ddf67047ffb0a8bbd02f4139488617d93b
StrategyScalpingFast2,spot_long,1m,PASS,policy=1;mode=spot;timeframe=1m;complete=8/8;availability_limited=1;sync_gaps=13;pair_gaps=0;aux_failures=0;duplicates=0,2020-03-01T00:00:00Z,2026-08-21T00:00:00Z,8,8,XMR/USDT,,,,0,13,0,sha256_abb17c3c2a1a410057e1351508eeebdd41b095e316f737ad57de215036a3c3e3
StrategyScalpingFast,spot_long,1m,PASS,policy=1;mode=spot;timeframe=1m;complete=8/8;availability_limited=1;sync_gaps=13;pair_gaps=0;aux_failures=0;duplicates=0,2020-03-01T00:00:00Z,2026-08-21T00:00:00Z,8,8,XMR/USDT,,,,0,13,0,sha256_abb17c3c2a1a410057e1351508eeebdd41b095e316f737ad57de215036a3c3e3
TemaMaster3,spot_long,1m,PASS,policy=1;mode=spot;timeframe=1m;complete=8/8;availability_limited=1;sync_gaps=13;pair_gaps=0;aux_failures=0;duplicates=0,2020-03-01T00:00:00Z,2026-08-21T00:00:00Z,8,8,XMR/USDT,,,,0,13,0,sha256_abb17c3c2a1a410057e1351508eeebdd41b095e316f737ad57de215036a3c3e3
TemaMaster,spot_long,5m,PASS,policy=1;mode=spot;timeframe=5m;complete=8/8;availability_limited=1;sync_gaps=13;pair_gaps=0;aux_failures=0;duplicates=0,2020-03-01T00:00:00Z,2026-08-21T00:00:00Z,8,8,XMR/USDT,,,,0,13,0,sha256_e8d28cd87065e2c4fddc76d0370ed6ddf67047ffb0a8bbd02f4139488617d93b
TemaPureNeat,spot_long,5m,PASS,policy=1;mode=spot;timeframe=5m;complete=8/8;availability_limited=1;sync_gaps=13;pair_gaps=0;aux_failures=0;duplicates=0,2020-03-01T00:00:00Z,2026-08-21T00:00:00Z,8,8,XMR/USDT,,,,0,13,0,sha256_e8d28cd87065e2c4fddc76d0370ed6ddf67047ffb0a8bbd02f4139488617d93b
TemaPureTwo,spot_long,5m,PASS,policy=1;mode=spot;timeframe=5m;complete=8/8;availability_limited=1;sync_gaps=13;pair_gaps=0;aux_failures=0;duplicates=0,2020-03-01T00:00:00Z,2026-08-21T00:00:00Z,8,8,XMR/USDT,,,,0,13,0,sha256_e8d28cd87065e2c4fddc76d0370ed6ddf67047ffb0a8bbd02f4139488617d93b
TemaPure,spot_long,5m,PASS,policy=1;mode=spot;timeframe=5m;complete=8/8;availability_limited=1;sync_gaps=13;pair_gaps=0;aux_failures=0;duplicates=0,2020-03-01T00:00:00Z,2026-08-21T00:00:00Z,8,8,XMR/USDT,,,,0,13,0,sha256_e8d28cd87065e2c4fddc76d0370ed6ddf67047ffb0a8bbd02f4139488617d93b
TenderEnter,spot_long,15m,PASS,policy=1;mode=spot;timeframe=15m;complete=8/8;availability_limited=1;sync_gaps=13;pair_gaps=0;aux_failures=0;duplicates=0,2020-03-01T00:00:00Z,2026-08-21T00:00:00Z,8,8,XMR/USDT,,,,0,13,0,sha256_59786b266b1661ca08381b938b2ca9cb3b6f40aac0325e00be1faef371623b6e
Trend_Strength_Directional,spot_long,15m,PASS,policy=1;mode=spot;timeframe=15m;complete=8/8;availability_limited=1;sync_gaps=13;pair_gaps=0;aux_failures=0;duplicates=0,2020-03-01T00:00:00Z,2026-08-21T00:00:00Z,8,8,XMR/USDT,,,,0,13,0,sha256_59786b266b1661ca08381b938b2ca9cb3b6f40aac0325e00be1faef371623b6e
adaptive,spot_long,5m,PASS,policy=1;mode=spot;timeframe=5m;complete=8/8;availability_limited=1;sync_gaps=13;pair_gaps=0;aux_failures=0;duplicates=0,2020-03-01T00:00:00Z,2026-08-21T00:00:00Z,8,8,XMR/USDT,,,,0,13,0,sha256_e8d28cd87065e2c4fddc76d0370ed6ddf67047ffb0a8bbd02f4139488617d93b
adx_opt_strat,spot_long,,PENDING,unsupported_or_unknown_profile,2020-03-01T00:00:00Z,2026-08-21T00:00:00Z,0,0,,,,,,,,
adxbbrsi2,spot_long,1h,PASS,policy=1;mode=spot;timeframe=1h;complete=8/8;availability_limited=1;sync_gaps=13;pair_gaps=0;aux_failures=0;duplicates=0,2020-03-01T00:00:00Z,2026-08-21T00:00:00Z,8,8,XMR/USDT,,,,0,13,0,sha256_ca7ff1931fd6c56a6b8207860a55741af9c20bb55de36000b62730174c4f2937
bb_rsi_opt_new,spot_long,,PENDING,unsupported_or_unknown_profile,2020-03-01T00:00:00Z,2026-08-21T00:00:00Z,0,0,,,,,,,,
bbema,spot_long,,PENDING,unsupported_or_unknown_profile,2020-03-01T00:00:00Z,2026-08-21T00:00:00Z,0,0,,,,,,,,
bbrsi1_strategy,spot_long,5m,PASS,policy=1;mode=spot;timeframe=5m;complete=8/8;availability_limited=1;sync_gaps=13;pair_gaps=0;aux_failures=0;duplicates=0,2020-03-01T00:00:00Z,2026-08-21T00:00:00Z,8,8,XMR/USDT,,,,0,13,0,sha256_e8d28cd87065e2c4fddc76d0370ed6ddf67047ffb0a8bbd02f4139488617d93b
bbrsi4Freq,spot_long,1h,PASS,policy=1;mode=spot;timeframe=1h;complete=8/8;availability_limited=1;sync_gaps=13;pair_gaps=0;aux_failures=0;duplicates=0,2020-03-01T00:00:00Z,2026-08-21T00:00:00Z,8,8,XMR/USDT,,,,0,13,0,sha256_ca7ff1931fd6c56a6b8207860a55741af9c20bb55de36000b62730174c4f2937
bestV2,spot_long,5m,PASS,policy=1;mode=spot;timeframe=5m;complete=8/8;availability_limited=1;sync_gaps=13;pair_gaps=0;aux_failures=0;duplicates=0,2020-03-01T00:00:00Z,2026-08-21T00:00:00Z,8,8,XMR/USDT,,,,0,13,0,sha256_e8d28cd87065e2c4fddc76d0370ed6ddf67047ffb0a8bbd02f4139488617d93b
botbaby,spot_long,30m,PASS,policy=1;mode=spot;timeframe=30m;complete=8/8;availability_limited=1;sync_gaps=13;pair_gaps=0;aux_failures=0;duplicates=0,2020-03-01T00:00:00Z,2026-08-21T00:00:00Z,8,8,XMR/USDT,,,,0,13,0,sha256_1982d3f6eefce1be3bd3b87c12ec869d02f20c59933d213a4547401f7828aa67
conny,spot_long,15m,PASS,policy=1;mode=spot;timeframe=15m;complete=8/8;availability_limited=1;sync_gaps=13;pair_gaps=0;aux_failures=0;duplicates=0,2020-03-01T00:00:00Z,2026-08-21T00:00:00Z,8,8,XMR/USDT,,,,0,13,0,sha256_59786b266b1661ca08381b938b2ca9cb3b6f40aac0325e00be1faef371623b6e
cryptohassle,spot_long,,PENDING,unsupported_or_unknown_profile,2020-03-01T00:00:00Z,2026-08-21T00:00:00Z,0,0,,,,,,,,
custom,spot_long,5m,PASS,policy=1;mode=spot;timeframe=5m;complete=8/8;availability_limited=1;sync_gaps=13;pair_gaps=0;aux_failures=0;duplicates=0,2020-03-01T00:00:00Z,2026-08-21T00:00:00Z,8,8,XMR/USDT,,,,0,13,0,sha256_e8d28cd87065e2c4fddc76d0370ed6ddf67047ffb0a8bbd02f4139488617d93b
custom_sell,spot_long,5m,PASS,policy=1;mode=spot;timeframe=5m;complete=8/8;availability_limited=1;sync_gaps=13;pair_gaps=0;aux_failures=0;duplicates=0,2020-03-01T00:00:00Z,2026-08-21T00:00:00Z,8,8,XMR/USDT,,,,0,13,0,sha256_e8d28cd87065e2c4fddc76d0370ed6ddf67047ffb0a8bbd02f4139488617d93b
e6v34,spot_long,15m,PASS,policy=1;mode=spot;timeframe=15m;complete=8/8;availability_limited=1;sync_gaps=13;pair_gaps=0;aux_failures=0;duplicates=0,2020-03-01T00:00:00Z,2026-08-21T00:00:00Z,8,8,XMR/USDT,,,,0,13,0,sha256_59786b266b1661ca08381b938b2ca9cb3b6f40aac0325e00be1faef371623b6e
ema,spot_long,5m,PASS,policy=1;mode=spot;timeframe=5m;complete=8/8;availability_limited=1;sync_gaps=13;pair_gaps=0;aux_failures=0;duplicates=0,2020-03-01T00:00:00Z,2026-08-21T00:00:00Z,8,8,XMR/USDT,,,,0,13,0,sha256_e8d28cd87065e2c4fddc76d0370ed6ddf67047ffb0a8bbd02f4139488617d93b
fahmibah,spot_long,5m,PASS,policy=1;mode=spot;timeframe=5m;complete=8/8;availability_limited=1;sync_gaps=13;pair_gaps=0;aux_failures=0;duplicates=0,2020-03-01T00:00:00Z,2026-08-21T00:00:00Z,8,8,XMR/USDT,,,,0,13,0,sha256_e8d28cd87065e2c4fddc76d0370ed6ddf67047ffb0a8bbd02f4139488617d93b
flawless_lambo,spot_long,15m,PASS,policy=1;mode=spot;timeframe=15m;complete=8/8;availability_limited=1;sync_gaps=13;pair_gaps=0;aux_failures=0;duplicates=0,2020-03-01T00:00:00Z,2026-08-21T00:00:00Z,8,8,XMR/USDT,,,,0,13,0,sha256_59786b266b1661ca08381b938b2ca9cb3b6f40aac0325e00be1faef371623b6e
ichiV1_Marius,spot_long,5m,PASS,policy=1;mode=spot;timeframe=5m;complete=8/8;availability_limited=1;sync_gaps=13;pair_gaps=0;aux_failures=0;duplicates=0,2020-03-01T00:00:00Z,2026-08-21T00:00:00Z,8,8,XMR/USDT,,,,0,13,0,sha256_e8d28cd87065e2c4fddc76d0370ed6ddf67047ffb0a8bbd02f4139488617d93b
keltnerchannel,spot_long,6h,PASS,policy=1;mode=spot;timeframe=6h;complete=8/8;availability_limited=1;sync_gaps=0;pair_gaps=0;aux_failures=0;duplicates=0,2020-03-01T00:00:00Z,2026-08-21T00:00:00Z,8,8,XMR/USDT,,,,0,0,0,sha256_fbb21e50bcdf4274e5167b51b89717640340402cf13086f2e7306488b8c6ebb1
MabStra,spot_long,4h,PASS,policy=1;mode=spot;timeframe=4h;complete=8/8;availability_limited=1;sync_gaps=0;pair_gaps=0;aux_failures=0;duplicates=0,2020-03-01T00:00:00Z,2026-08-21T00:00:00Z,8,8,XMR/USDT,,,,0,0,0,sha256_3189fb1b70726edcb8094812a734108d82fb90f275749253fb8b98b5ce7d49ab
macd_recovery,spot_long,,PENDING,unsupported_or_unknown_profile,2020-03-01T00:00:00Z,2026-08-21T00:00:00Z,0,0,,,,,,,,
mark_strat,spot_long,,PENDING,unsupported_or_unknown_profile,2020-03-01T00:00:00Z,2026-08-21T00:00:00Z,0,0,,,,,,,,
mark_strat_opt,spot_long,,PENDING,unsupported_or_unknown_profile,2020-03-01T00:00:00Z,2026-08-21T00:00:00Z,0,0,,,,,,,,
quantumfirst,spot_long,,PENDING,unsupported_or_unknown_profile,2020-03-01T00:00:00Z,2026-08-21T00:00:00Z,0,0,,,,,,,,
redditMA,spot_long,,PENDING,unsupported_or_unknown_profile,2020-03-01T00:00:00Z,2026-08-21T00:00:00Z,0,0,,,,,,,,
stoploss,spot_long,5m,PASS,policy=1;mode=spot;timeframe=5m;complete=8/8;availability_limited=1;sync_gaps=13;pair_gaps=0;aux_failures=0;duplicates=0,2020-03-01T00:00:00Z,2026-08-21T00:00:00Z,8,8,XMR/USDT,,,,0,13,0,sha256_e8d28cd87065e2c4fddc76d0370ed6ddf67047ffb0a8bbd02f4139488617d93b
stratfib,spot_long,1h,PASS,policy=1;mode=spot;timeframe=1h;complete=8/8;availability_limited=1;sync_gaps=13;pair_gaps=0;aux_failures=0;duplicates=0,2020-03-01T00:00:00Z,2026-08-21T00:00:00Z,8,8,XMR/USDT,,,,0,13,0,sha256_ca7ff1931fd6c56a6b8207860a55741af9c20bb55de36000b62730174c4f2937
strato,spot_long,1m,PASS,policy=1;mode=spot;timeframe=1m;complete=8/8;availability_limited=1;sync_gaps=13;pair_gaps=0;aux_failures=0;duplicates=0,2020-03-01T00:00:00Z,2026-08-21T00:00:00Z,8,8,XMR/USDT,,,,0,13,0,sha256_abb17c3c2a1a410057e1351508eeebdd41b095e316f737ad57de215036a3c3e3
wtc,spot_long,30m,PASS,policy=1;mode=spot;timeframe=30m;complete=8/8;availability_limited=1;sync_gaps=13;pair_gaps=0;aux_failures=0;duplicates=0,2020-03-01T00:00:00Z,2026-08-21T00:00:00Z,8,8,XMR/USDT,,,,0,13,0,sha256_1982d3f6eefce1be3bd3b87c12ec869d02f20c59933d213a4547401f7828aa67
COPY_HL,futures_long,1h,PASS,policy=1;mode=futures;timeframe=1h;complete=8/8;availability_limited=0;sync_gaps=0;pair_gaps=0;aux_failures=0;duplicates=0,2020-03-01T00:00:00Z,2026-08-21T00:00:00Z,8,8,,,,,0,0,0,sha256_7df5dfd7a4b47765024bf7db5b8447fd3b7a7913de3bdbddd2b136132bac1d55
BBMod,spot_long,5m,PASS,policy=1;mode=spot;timeframe=5m;complete=8/8;availability_limited=1;sync_gaps=13;pair_gaps=0;aux_failures=0;duplicates=0,2020-03-01T00:00:00Z,2026-08-21T00:00:00Z,8,8,XMR/USDT,,,,0,13,0,sha256_e8d28cd87065e2c4fddc76d0370ed6ddf67047ffb0a8bbd02f4139488617d93b
BinHV27F,futures_long,5m,PASS,policy=1;mode=futures;timeframe=5m;complete=8/8;availability_limited=0;sync_gaps=0;pair_gaps=0;aux_failures=0;duplicates=0,2020-03-01T00:00:00Z,2026-08-21T00:00:00Z,8,8,,,,,0,0,0,sha256_ff4721baa3ce146cb75bdf0c4ee0c4a4e98566270e236de1cc3afd10b17135a7
BinHV27_short,futures_long_short,5m,PASS,policy=1;mode=futures;timeframe=5m;complete=8/8;availability_limited=0;sync_gaps=0;pair_gaps=0;aux_failures=0;duplicates=0,2020-03-01T00:00:00Z,2026-08-21T00:00:00Z,8,8,,,,,0,0,0,sha256_ff4721baa3ce146cb75bdf0c4ee0c4a4e98566270e236de1cc3afd10b17135a7
ConsensusShort,futures_long_short,5m,PASS,policy=1;mode=futures;timeframe=5m;complete=8/8;availability_limited=0;sync_gaps=0;pair_gaps=0;aux_failures=0;duplicates=0,2020-03-01T00:00:00Z,2026-08-21T00:00:00Z,8,8,,,,,0,0,0,sha256_ff4721baa3ce146cb75bdf0c4ee0c4a4e98566270e236de1cc3afd10b17135a7
HourBasedStrategy_5m,spot_long,5m,PASS,policy=1;mode=spot;timeframe=5m;complete=8/8;availability_limited=1;sync_gaps=13;pair_gaps=0;aux_failures=0;duplicates=0,2020-03-01T00:00:00Z,2026-08-21T00:00:00Z,8,8,XMR/USDT,,,,0,13,0,sha256_e8d28cd87065e2c4fddc76d0370ed6ddf67047ffb0a8bbd02f4139488617d93b
E0V1EN,spot_long,5m,PASS,policy=1;mode=spot;timeframe=5m;complete=8/8;availability_limited=1;sync_gaps=13;pair_gaps=0;aux_failures=0;duplicates=0,2020-03-01T00:00:00Z,2026-08-21T00:00:00Z,8,8,XMR/USDT,,,,0,13,0,sha256_e8d28cd87065e2c4fddc76d0370ed6ddf67047ffb0a8bbd02f4139488617d93b
BBBreakoutStrategy,spot_long,3m,PASS,policy=1;mode=spot;timeframe=3m;complete=8/8;availability_limited=1;sync_gaps=13;pair_gaps=0;aux_failures=0;duplicates=0,2020-03-01T00:00:00Z,2026-08-21T00:00:00Z,8,8,XMR/USDT,,,,0,13,0,sha256_e37288ec931555b4e9cd55803ae26c4110bee6ee0d36081a8128aa94c53c05c2
BollingerBandStrategy,spot_long,3m,PASS,policy=1;mode=spot;timeframe=3m;complete=8/8;availability_limited=1;sync_gaps=13;pair_gaps=0;aux_failures=0;duplicates=0,2020-03-01T00:00:00Z,2026-08-21T00:00:00Z,8,8,XMR/USDT,,,,0,13,0,sha256_e37288ec931555b4e9cd55803ae26c4110bee6ee0d36081a8128aa94c53c05c2
BreakoutStrategy,futures_long_short,1m,PASS,policy=1;mode=futures;timeframe=1m;complete=8/8;availability_limited=0;sync_gaps=0;pair_gaps=0;aux_failures=0;duplicates=0,2020-03-01T00:00:00Z,2026-08-21T00:00:00Z,8,8,,,,,0,0,0,sha256_18a3f9651ecd162fa5b6b4324cd024a37dcb8cd644a2cad35d54b4c1113f72ee
FreqaiExampleStrategy,spot_long,,PENDING,unsupported_or_unknown_profile,2020-03-01T00:00:00Z,2026-08-21T00:00:00Z,0,0,,,,,,,,
FakeoutStrategy,futures_long_short,1m,PASS,policy=1;mode=futures;timeframe=1m;complete=8/8;availability_limited=0;sync_gaps=0;pair_gaps=0;aux_failures=0;duplicates=0,2020-03-01T00:00:00Z,2026-08-21T00:00:00Z,8,8,,,,,0,0,0,sha256_18a3f9651ecd162fa5b6b4324cd024a37dcb8cd644a2cad35d54b4c1113f72ee
TouchEmaStrategy,spot_long,5m,PASS,policy=1;mode=spot;timeframe=5m;complete=8/8;availability_limited=1;sync_gaps=13;pair_gaps=0;aux_failures=0;duplicates=0,2020-03-01T00:00:00Z,2026-08-21T00:00:00Z,8,8,XMR/USDT,,,,0,13,0,sha256_e8d28cd87065e2c4fddc76d0370ed6ddf67047ffb0a8bbd02f4139488617d93b
TouchEmaDelayStrategy,spot_long,3m,PASS,policy=1;mode=spot;timeframe=3m;complete=8/8;availability_limited=1;sync_gaps=13;pair_gaps=0;aux_failures=0;duplicates=0,2020-03-01T00:00:00Z,2026-08-21T00:00:00Z,8,8,XMR/USDT,,,,0,13,0,sha256_e37288ec931555b4e9cd55803ae26c4110bee6ee0d36081a8128aa94c53c05c2
AlmgrenChrissStrategy,futures_long_short,15m,PASS,policy=1;mode=futures;timeframe=15m;complete=8/8;availability_limited=0;sync_gaps=0;pair_gaps=0;aux_failures=0;duplicates=0,2020-03-01T00:00:00Z,2026-08-21T00:00:00Z,8,8,,,,,0,0,0,sha256_cf6535a77783872cae0f8a248e3e8a5d49f3d4c562340a4c94036cb1b334b7c3
TWAPStrategy,futures_long_short,15m,PASS,policy=1;mode=futures;timeframe=15m;complete=8/8;availability_limited=0;sync_gaps=0;pair_gaps=0;aux_failures=0;duplicates=0,2020-03-01T00:00:00Z,2026-08-21T00:00:00Z,8,8,,,,,0,0,0,sha256_cf6535a77783872cae0f8a248e3e8a5d49f3d4c562340a4c94036cb1b334b7c3
TrendRiderStrategy,futures_long,1h,PASS,policy=1;mode=futures;timeframe=1h;complete=8/8;availability_limited=0;sync_gaps=0;pair_gaps=0;aux_failures=0;duplicates=0,2020-03-01T00:00:00Z,2026-08-21T00:00:00Z,8,8,,,,,0,0,0,sha256_7df5dfd7a4b47765024bf7db5b8447fd3b7a7913de3bdbddd2b136132bac1d55
FAdxSmaStrategy,futures_long_short,1h,PASS,policy=1;mode=futures;timeframe=1h;complete=8/8;availability_limited=0;sync_gaps=0;pair_gaps=0;aux_failures=0;duplicates=0,2020-03-01T00:00:00Z,2026-08-21T00:00:00Z,8,8,,,,,0,0,0,sha256_7df5dfd7a4b47765024bf7db5b8447fd3b7a7913de3bdbddd2b136132bac1d55
FReinforcedStrategy,futures_long_short,5m,PASS,policy=1;mode=futures;timeframe=5m;complete=8/8;availability_limited=0;sync_gaps=0;pair_gaps=0;aux_failures=0;duplicates=0,2020-03-01T00:00:00Z,2026-08-21T00:00:00Z,8,8,,,,,0,0,0,sha256_ff4721baa3ce146cb75bdf0c4ee0c4a4e98566270e236de1cc3afd10b17135a7
FSampleStrategy,futures_long_short,1h,PASS,policy=1;mode=futures;timeframe=1h;complete=8/8;availability_limited=0;sync_gaps=0;pair_gaps=0;aux_failures=0;duplicates=0,2020-03-01T00:00:00Z,2026-08-21T00:00:00Z,8,8,,,,,0,0,0,sha256_7df5dfd7a4b47765024bf7db5b8447fd3b7a7913de3bdbddd2b136132bac1d55
FSupertrendStrategy,futures_long,1h,PASS,policy=1;mode=futures;timeframe=1h;complete=8/8;availability_limited=0;sync_gaps=0;pair_gaps=0;aux_failures=0;duplicates=0,2020-03-01T00:00:00Z,2026-08-21T00:00:00Z,8,8,,,,,0,0,0,sha256_7df5dfd7a4b47765024bf7db5b8447fd3b7a7913de3bdbddd2b136132bac1d55
GoldHedgeZeroMACD,futures_long,1d,PASS,policy=1;mode=futures;timeframe=1d;complete=8/8;availability_limited=0;sync_gaps=0;pair_gaps=0;aux_failures=0;duplicates=0,2020-03-01T00:00:00Z,2026-08-21T00:00:00Z,8,8,,,,,0,0,0,sha256_6b6c1b9ddc62b3161a9d05f57a5e5fd3010925339977500813498c9add96e3f3
MACDZeroCrossStrategy,spot_long,1d,PASS,policy=1;mode=spot;timeframe=1d;complete=8/8;availability_limited=1;sync_gaps=0;pair_gaps=0;aux_failures=0;duplicates=0,2020-03-01T00:00:00Z,2026-08-21T00:00:00Z,8,8,XMR/USDT,,,,0,0,0,sha256_e606ca78497360fc0ec1042bb6ffe7a553818da8fe41f9ff04e1b6ca510a956a
NostalgiaForInfinityX3,futures_long,5m,PASS,policy=1;mode=futures;timeframe=5m;complete=8/8;availability_limited=0;sync_gaps=0;pair_gaps=0;aux_failures=0;duplicates=0,2020-03-01T00:00:00Z,2026-08-21T00:00:00Z,8,8,,,,,0,0,0,sha256_ff4721baa3ce146cb75bdf0c4ee0c4a4e98566270e236de1cc3afd10b17135a7
NostalgiaForInfinityX5,futures_long,5m,PASS,policy=1;mode=futures;timeframe=5m;complete=8/8;availability_limited=0;sync_gaps=0;pair_gaps=0;aux_failures=0;duplicates=0,2020-03-01T00:00:00Z,2026-08-21T00:00:00Z,8,8,,,,,0,0,0,sha256_ff4721baa3ce146cb75bdf0c4ee0c4a4e98566270e236de1cc3afd10b17135a7
NostalgiaForInfinityX6,futures_long,5m,PASS,policy=1;mode=futures;timeframe=5m;complete=8/8;availability_limited=0;sync_gaps=0;pair_gaps=0;aux_failures=0;duplicates=0,2020-03-01T00:00:00Z,2026-08-21T00:00:00Z,8,8,,,,,0,0,0,sha256_ff4721baa3ce146cb75bdf0c4ee0c4a4e98566270e236de1cc3afd10b17135a7
NostalgiaForInfinityX7,futures_long,5m,PASS,policy=1;mode=futures;timeframe=5m;complete=8/8;availability_limited=0;sync_gaps=0;pair_gaps=0;aux_failures=0;duplicates=0,2020-03-01T00:00:00Z,2026-08-21T00:00:00Z,8,8,,,,,0,0,0,sha256_ff4721baa3ce146cb75bdf0c4ee0c4a4e98566270e236de1cc3afd10b17135a7
Strategy,spot_long,,PENDING,unsupported_or_unknown_profile,2020-03-01T00:00:00Z,2026-08-21T00:00:00Z,0,0,,,,,,,,
Candle2,spot_long,1h,PASS,policy=1;mode=spot;timeframe=1h;complete=8/8;availability_limited=1;sync_gaps=13;pair_gaps=0;aux_failures=0;duplicates=0,2020-03-01T00:00:00Z,2026-08-21T00:00:00Z,8,8,XMR/USDT,,,,0,13,0,sha256_ca7ff1931fd6c56a6b8207860a55741af9c20bb55de36000b62730174c4f2937
A9AV,spot_long,5m,PASS,policy=1;mode=spot;timeframe=5m;complete=8/8;availability_limited=1;sync_gaps=13;pair_gaps=0;aux_failures=0;duplicates=0,2020-03-01T00:00:00Z,2026-08-21T00:00:00Z,8,8,XMR/USDT,,,,0,13,0,sha256_e8d28cd87065e2c4fddc76d0370ed6ddf67047ffb0a8bbd02f4139488617d93b
AlexBTK_CT,futures_long,15m,PASS,policy=1;mode=futures;timeframe=15m;complete=8/8;availability_limited=0;sync_gaps=0;pair_gaps=0;aux_failures=0;duplicates=0,2020-03-01T00:00:00Z,2026-08-21T00:00:00Z,8,8,,,,,0,0,0,sha256_cf6535a77783872cae0f8a248e3e8a5d49f3d4c562340a4c94036cb1b334b7c3
AlexBattleTankKiller,futures_long,15m,PASS,policy=1;mode=futures;timeframe=15m;complete=8/8;availability_limited=0;sync_gaps=0;pair_gaps=0;aux_failures=0;duplicates=0,2020-03-01T00:00:00Z,2026-08-21T00:00:00Z,8,8,,,,,0,0,0,sha256_cf6535a77783872cae0f8a248e3e8a5d49f3d4c562340a4c94036cb1b334b7c3
AlexBattleTankKillerV3,futures_long,15m,PASS,policy=1;mode=futures;timeframe=15m;complete=8/8;availability_limited=0;sync_gaps=0;pair_gaps=0;aux_failures=0;duplicates=0,2020-03-01T00:00:00Z,2026-08-21T00:00:00Z,8,8,,,,,0,0,0,sha256_cf6535a77783872cae0f8a248e3e8a5d49f3d4c562340a4c94036cb1b334b7c3
AlexBattleTankKillerV40H,futures_long,1h,PASS,policy=1;mode=futures;timeframe=1h;complete=8/8;availability_limited=0;sync_gaps=0;pair_gaps=0;aux_failures=0;duplicates=0,2020-03-01T00:00:00Z,2026-08-21T00:00:00Z,8,8,,,,,0,0,0,sha256_7df5dfd7a4b47765024bf7db5b8447fd3b7a7913de3bdbddd2b136132bac1d55
Astro,spot_long,1d,PASS,policy=1;mode=spot;timeframe=1d;complete=8/8;availability_limited=1;sync_gaps=0;pair_gaps=0;aux_failures=0;duplicates=0,2020-03-01T00:00:00Z,2026-08-21T00:00:00Z,8,8,XMR/USDT,,,,0,0,0,sha256_e606ca78497360fc0ec1042bb6ffe7a553818da8fe41f9ff04e1b6ca510a956a
AstroQAV4,spot_long,30m,PASS,policy=1;mode=spot;timeframe=30m;complete=8/8;availability_limited=1;sync_gaps=13;pair_gaps=0;aux_failures=0;duplicates=0,2020-03-01T00:00:00Z,2026-08-21T00:00:00Z,8,8,XMR/USDT,,,,0,13,0,sha256_1982d3f6eefce1be3bd3b87c12ec869d02f20c59933d213a4547401f7828aa67
CTIBS,spot_long,15m,PASS,policy=1;mode=spot;timeframe=15m;complete=8/8;availability_limited=1;sync_gaps=13;pair_gaps=0;aux_failures=0;duplicates=0,2020-03-01T00:00:00Z,2026-08-21T00:00:00Z,8,8,XMR/USDT,,,,0,13,0,sha256_59786b266b1661ca08381b938b2ca9cb3b6f40aac0325e00be1faef371623b6e
ElliotWave,futures_long,4h,PASS,policy=1;mode=futures;timeframe=4h;complete=8/8;availability_limited=0;sync_gaps=0;pair_gaps=0;aux_failures=0;duplicates=0,2020-03-01T00:00:00Z,2026-08-21T00:00:00Z,8,8,,,,,0,0,0,sha256_1349dd53ba4865042a2eca0bb2e513e653c5c57ede0cb68875952d59f3ba972c
FVGChannel,spot_long,1h,PASS,policy=1;mode=spot;timeframe=1h;complete=8/8;availability_limited=1;sync_gaps=13;pair_gaps=0;aux_failures=0;duplicates=0,2020-03-01T00:00:00Z,2026-08-21T00:00:00Z,8,8,XMR/USDT,,,,0,13,0,sha256_ca7ff1931fd6c56a6b8207860a55741af9c20bb55de36000b62730174c4f2937
ForexRobootSuperScalper,spot_long,5m,PASS,policy=1;mode=spot;timeframe=5m;complete=8/8;availability_limited=1;sync_gaps=13;pair_gaps=0;aux_failures=0;duplicates=0,2020-03-01T00:00:00Z,2026-08-21T00:00:00Z,8,8,XMR/USDT,,,,0,13,0,sha256_e8d28cd87065e2c4fddc76d0370ed6ddf67047ffb0a8bbd02f4139488617d93b
GKD_Baseline,spot_long,1h,PASS,policy=1;mode=spot;timeframe=1h;complete=8/8;availability_limited=1;sync_gaps=13;pair_gaps=0;aux_failures=0;duplicates=0,2020-03-01T00:00:00Z,2026-08-21T00:00:00Z,8,8,XMR/USDT,,,,0,13,0,sha256_ca7ff1931fd6c56a6b8207860a55741af9c20bb55de36000b62730174c4f2937
GKD_BaselineAllMAs,spot_long,1h,PASS,policy=1;mode=spot;timeframe=1h;complete=8/8;availability_limited=1;sync_gaps=13;pair_gaps=0;aux_failures=0;duplicates=0,2020-03-01T00:00:00Z,2026-08-21T00:00:00Z,8,8,XMR/USDT,,,,0,13,0,sha256_ca7ff1931fd6c56a6b8207860a55741af9c20bb55de36000b62730174c4f2937
GKD_C,spot_long,1h,PASS,policy=1;mode=spot;timeframe=1h;complete=8/8;availability_limited=1;sync_gaps=13;pair_gaps=0;aux_failures=0;duplicates=0,2020-03-01T00:00:00Z,2026-08-21T00:00:00Z,8,8,XMR/USDT,,,,0,13,0,sha256_ca7ff1931fd6c56a6b8207860a55741af9c20bb55de36000b62730174c4f2937
GKD_CT,spot_long,1h,PASS,policy=1;mode=spot;timeframe=1h;complete=8/8;availability_limited=1;sync_gaps=13;pair_gaps=0;aux_failures=0;duplicates=0,2020-03-01T00:00:00Z,2026-08-21T00:00:00Z,8,8,XMR/USDT,,,,0,13,0,sha256_ca7ff1931fd6c56a6b8207860a55741af9c20bb55de36000b62730174c4f2937
GKD_FisherTransform,spot_long,1h,PASS,policy=1;mode=spot;timeframe=1h;complete=8/8;availability_limited=1;sync_gaps=13;pair_gaps=0;aux_failures=0;duplicates=0,2020-03-01T00:00:00Z,2026-08-21T00:00:00Z,8,8,XMR/USDT,,,,0,13,0,sha256_ca7ff1931fd6c56a6b8207860a55741af9c20bb55de36000b62730174c4f2937
GKD_FisherTransformMTF,spot_long,1h,PASS,policy=1;mode=spot;timeframe=1h;complete=8/8;availability_limited=1;sync_gaps=13;pair_gaps=0;aux_failures=0;duplicates=0,2020-03-01T00:00:00Z,2026-08-21T00:00:00Z,8,8,XMR/USDT,,,,0,13,0,sha256_ca7ff1931fd6c56a6b8207860a55741af9c20bb55de36000b62730174c4f2937
GKD_HurstExponent,spot_long,1h,PASS,policy=1;mode=spot;timeframe=1h;complete=8/8;availability_limited=1;sync_gaps=13;pair_gaps=0;aux_failures=0;duplicates=0,2020-03-01T00:00:00Z,2026-08-21T00:00:00Z,8,8,XMR/USDT,,,,0,13,0,sha256_ca7ff1931fd6c56a6b8207860a55741af9c20bb55de36000b62730174c4f2937
GKD_PFE,spot_long,1h,PASS,policy=1;mode=spot;timeframe=1h;complete=8/8;availability_limited=1;sync_gaps=13;pair_gaps=0;aux_failures=0;duplicates=0,2020-03-01T00:00:00Z,2026-08-21T00:00:00Z,8,8,XMR/USDT,,,,0,13,0,sha256_ca7ff1931fd6c56a6b8207860a55741af9c20bb55de36000b62730174c4f2937
GPR,spot_long,1h,PASS,policy=1;mode=spot;timeframe=1h;complete=8/8;availability_limited=1;sync_gaps=13;pair_gaps=0;aux_failures=0;duplicates=0,2020-03-01T00:00:00Z,2026-08-21T00:00:00Z,8,8,XMR/USDT,,,,0,13,0,sha256_ca7ff1931fd6c56a6b8207860a55741af9c20bb55de36000b62730174c4f2937
GPTREV,spot_long,1m,PASS,policy=1;mode=spot;timeframe=1m;complete=8/8;availability_limited=1;sync_gaps=13;pair_gaps=0;aux_failures=0;duplicates=0,2020-03-01T00:00:00Z,2026-08-21T00:00:00Z,8,8,XMR/USDT,,,,0,13,0,sha256_abb17c3c2a1a410057e1351508eeebdd41b095e316f737ad57de215036a3c3e3
HEW,futures_long,1h,PASS,policy=1;mode=futures;timeframe=1h;complete=8/8;availability_limited=0;sync_gaps=0;pair_gaps=0;aux_failures=0;duplicates=0,2020-03-01T00:00:00Z,2026-08-21T00:00:00Z,8,8,,,,,0,0,0,sha256_7df5dfd7a4b47765024bf7db5b8447fd3b7a7913de3bdbddd2b136132bac1d55
HSI,spot_long,5m,PASS,policy=1;mode=spot;timeframe=5m;complete=8/8;availability_limited=1;sync_gaps=13;pair_gaps=0;aux_failures=0;duplicates=0,2020-03-01T00:00:00Z,2026-08-21T00:00:00Z,8,8,XMR/USDT,,,,0,13,0,sha256_e8d28cd87065e2c4fddc76d0370ed6ddf67047ffb0a8bbd02f4139488617d93b
HilbertSineWave,spot_long,1h,PASS,policy=1;mode=spot;timeframe=1h;complete=8/8;availability_limited=1;sync_gaps=13;pair_gaps=0;aux_failures=0;duplicates=0,2020-03-01T00:00:00Z,2026-08-21T00:00:00Z,8,8,XMR/USDT,,,,0,13,0,sha256_ca7ff1931fd6c56a6b8207860a55741af9c20bb55de36000b62730174c4f2937
HurstCycle3,futures_long,15m,PASS,policy=1;mode=futures;timeframe=15m;complete=8/8;availability_limited=0;sync_gaps=0;pair_gaps=0;aux_failures=0;duplicates=0,2020-03-01T00:00:00Z,2026-08-21T00:00:00Z,8,8,,,,,0,0,0,sha256_cf6535a77783872cae0f8a248e3e8a5d49f3d4c562340a4c94036cb1b334b7c3
HurstCycle7,futures_long,15m,PASS,policy=1;mode=futures;timeframe=15m;complete=8/8;availability_limited=0;sync_gaps=0;pair_gaps=0;aux_failures=0;duplicates=0,2020-03-01T00:00:00Z,2026-08-21T00:00:00Z,8,8,,,,,0,0,0,sha256_cf6535a77783872cae0f8a248e3e8a5d49f3d4c562340a4c94036cb1b334b7c3
HurstCycleV4,futures_long,4h,PASS,policy=1;mode=futures;timeframe=4h;complete=8/8;availability_limited=0;sync_gaps=0;pair_gaps=0;aux_failures=0;duplicates=0,2020-03-01T00:00:00Z,2026-08-21T00:00:00Z,8,8,,,,,0,0,0,sha256_1349dd53ba4865042a2eca0bb2e513e653c5c57ede0cb68875952d59f3ba972c
HurstCycleV5,futures_long_short,1h,PASS,policy=1;mode=futures;timeframe=1h;complete=8/8;availability_limited=0;sync_gaps=0;pair_gaps=0;aux_failures=0;duplicates=0,2020-03-01T00:00:00Z,2026-08-21T00:00:00Z,8,8,,,,,0,0,0,sha256_7df5dfd7a4b47765024bf7db5b8447fd3b7a7913de3bdbddd2b136132bac1d55
HurstCycleV5RSI,futures_long,1h,PASS,policy=1;mode=futures;timeframe=1h;complete=8/8;availability_limited=0;sync_gaps=0;pair_gaps=0;aux_failures=0;duplicates=0,2020-03-01T00:00:00Z,2026-08-21T00:00:00Z,8,8,,,,,0,0,0,sha256_7df5dfd7a4b47765024bf7db5b8447fd3b7a7913de3bdbddd2b136132bac1d55
HurstCycleV6,futures_long,15m,PASS,policy=1;mode=futures;timeframe=15m;complete=8/8;availability_limited=0;sync_gaps=0;pair_gaps=0;aux_failures=0;duplicates=0,2020-03-01T00:00:00Z,2026-08-21T00:00:00Z,8,8,,,,,0,0,0,sha256_cf6535a77783872cae0f8a248e3e8a5d49f3d4c562340a4c94036cb1b334b7c3
IchiVwapAdx,futures_long_short,15m,PASS,policy=1;mode=futures;timeframe=15m;complete=8/8;availability_limited=0;sync_gaps=0;pair_gaps=0;aux_failures=0;duplicates=0,2020-03-01T00:00:00Z,2026-08-21T00:00:00Z,8,8,,,,,0,0,0,sha256_cf6535a77783872cae0f8a248e3e8a5d49f3d4c562340a4c94036cb1b334b7c3
ImpulseV1,spot_long,5m,PASS,policy=1;mode=spot;timeframe=5m;complete=8/8;availability_limited=1;sync_gaps=13;pair_gaps=0;aux_failures=0;duplicates=0,2020-03-01T00:00:00Z,2026-08-21T00:00:00Z,8,8,XMR/USDT,,,,0,13,0,sha256_e8d28cd87065e2c4fddc76d0370ed6ddf67047ffb0a8bbd02f4139488617d93b
KMM,futures_long,15m,PASS,policy=1;mode=futures;timeframe=15m;complete=8/8;availability_limited=0;sync_gaps=0;pair_gaps=0;aux_failures=0;duplicates=0,2020-03-01T00:00:00Z,2026-08-21T00:00:00Z,8,8,,,,,0,0,0,sha256_cf6535a77783872cae0f8a248e3e8a5d49f3d4c562340a4c94036cb1b334b7c3
KitchenSink,spot_long,1h,PASS,policy=1;mode=spot;timeframe=1h;complete=8/8;availability_limited=1;sync_gaps=13;pair_gaps=0;aux_failures=0;duplicates=0,2020-03-01T00:00:00Z,2026-08-21T00:00:00Z,8,8,XMR/USDT,,,,0,13,0,sha256_ca7ff1931fd6c56a6b8207860a55741af9c20bb55de36000b62730174c4f2937
LorentzianClassification,spot_long,1h,PASS,policy=1;mode=spot;timeframe=1h;complete=8/8;availability_limited=1;sync_gaps=13;pair_gaps=0;aux_failures=0;duplicates=0,2020-03-01T00:00:00Z,2026-08-21T00:00:00Z,8,8,XMR/USDT,,,,0,13,0,sha256_ca7ff1931fd6c56a6b8207860a55741af9c20bb55de36000b62730174c4f2937
MKR,spot_long,1h,PASS,policy=1;mode=spot;timeframe=1h;complete=8/8;availability_limited=1;sync_gaps=13;pair_gaps=0;aux_failures=0;duplicates=0,2020-03-01T00:00:00Z,2026-08-21T00:00:00Z,8,8,XMR/USDT,,,,0,13,0,sha256_ca7ff1931fd6c56a6b8207860a55741af9c20bb55de36000b62730174c4f2937
MSO,spot_long,1h,PASS,policy=1;mode=spot;timeframe=1h;complete=8/8;availability_limited=1;sync_gaps=13;pair_gaps=0;aux_failures=0;duplicates=0,2020-03-01T00:00:00Z,2026-08-21T00:00:00Z,8,8,XMR/USDT,,,,0,13,0,sha256_ca7ff1931fd6c56a6b8207860a55741af9c20bb55de36000b62730174c4f2937
NeuroV1,spot_long,1h,PASS,policy=1;mode=spot;timeframe=1h;complete=8/8;availability_limited=1;sync_gaps=13;pair_gaps=0;aux_failures=0;duplicates=0,2020-03-01T00:00:00Z,2026-08-21T00:00:00Z,8,8,XMR/USDT,,,,0,13,0,sha256_ca7ff1931fd6c56a6b8207860a55741af9c20bb55de36000b62730174c4f2937
NOTankAi_17,futures_long_short,15m,PASS,policy=1;mode=futures;timeframe=15m;complete=8/8;availability_limited=0;sync_gaps=0;pair_gaps=0;aux_failures=0;duplicates=0,2020-03-01T00:00:00Z,2026-08-21T00:00:00Z,8,8,,,,,0,0,0,sha256_cf6535a77783872cae0f8a248e3e8a5d49f3d4c562340a4c94036cb1b334b7c3
NOTankAi_19,futures_long_short,15m,PASS,policy=1;mode=futures;timeframe=15m;complete=8/8;availability_limited=0;sync_gaps=0;pair_gaps=0;aux_failures=0;duplicates=0,2020-03-01T00:00:00Z,2026-08-21T00:00:00Z,8,8,,,,,0,0,0,sha256_cf6535a77783872cae0f8a248e3e8a5d49f3d4c562340a4c94036cb1b334b7c3
OmaGann,spot_long,1h,PASS,policy=1;mode=spot;timeframe=1h;complete=8/8;availability_limited=1;sync_gaps=13;pair_gaps=0;aux_failures=0;duplicates=0,2020-03-01T00:00:00Z,2026-08-21T00:00:00Z,8,8,XMR/USDT,,,,0,13,0,sha256_ca7ff1931fd6c56a6b8207860a55741af9c20bb55de36000b62730174c4f2937
PnF,spot_long,15m,PASS,policy=1;mode=spot;timeframe=15m;complete=8/8;availability_limited=1;sync_gaps=13;pair_gaps=0;aux_failures=0;duplicates=0,2020-03-01T00:00:00Z,2026-08-21T00:00:00Z,8,8,XMR/USDT,,,,0,13,0,sha256_59786b266b1661ca08381b938b2ca9cb3b6f40aac0325e00be1faef371623b6e
TD,spot_long,2h,PASS,policy=1;mode=spot;timeframe=2h;complete=8/8;availability_limited=1;sync_gaps=6;pair_gaps=0;aux_failures=0;duplicates=0,2020-03-01T00:00:00Z,2026-08-21T00:00:00Z,8,8,XMR/USDT,,,,0,6,0,sha256_5a5925090d4e6a0d4c7cb70dce34fc9ff4e6b46f3484978523253e3bfca09e15
TGMA,spot_long,1h,PASS,policy=1;mode=spot;timeframe=1h;complete=8/8;availability_limited=1;sync_gaps=13;pair_gaps=0;aux_failures=0;duplicates=0,2020-03-01T00:00:00Z,2026-08-21T00:00:00Z,8,8,XMR/USDT,,,,0,13,0,sha256_ca7ff1931fd6c56a6b8207860a55741af9c20bb55de36000b62730174c4f2937
TSPredict,futures_long,1m,PASS,policy=1;mode=futures;timeframe=1m;complete=8/8;availability_limited=0;sync_gaps=0;pair_gaps=0;aux_failures=0;duplicates=0,2020-03-01T00:00:00Z,2026-08-21T00:00:00Z,8,8,,,,,0,0,0,sha256_18a3f9651ecd162fa5b6b4324cd024a37dcb8cd644a2cad35d54b4c1113f72ee
TankAi,spot_long,30m,PASS,policy=1;mode=spot;timeframe=30m;complete=8/8;availability_limited=1;sync_gaps=13;pair_gaps=0;aux_failures=0;duplicates=0,2020-03-01T00:00:00Z,2026-08-21T00:00:00Z,8,8,XMR/USDT,,,,0,13,0,sha256_1982d3f6eefce1be3bd3b87c12ec869d02f20c59933d213a4547401f7828aa67
TankAiRevival,spot_long,30m,PASS,policy=1;mode=spot;timeframe=30m;complete=8/8;availability_limited=1;sync_gaps=13;pair_gaps=0;aux_failures=0;duplicates=0,2020-03-01T00:00:00Z,2026-08-21T00:00:00Z,8,8,XMR/USDT,,,,0,13,0,sha256_1982d3f6eefce1be3bd3b87c12ec869d02f20c59933d213a4547401f7828aa67
TwoCandle,spot_long,1h,PASS,policy=1;mode=spot;timeframe=1h;complete=8/8;availability_limited=1;sync_gaps=13;pair_gaps=0;aux_failures=0;duplicates=0,2020-03-01T00:00:00Z,2026-08-21T00:00:00Z,8,8,XMR/USDT,,,,0,13,0,sha256_ca7ff1931fd6c56a6b8207860a55741af9c20bb55de36000b62730174c4f2937
TwoCandleTheory,spot_long,5m,PASS,policy=1;mode=spot;timeframe=5m;complete=8/8;availability_limited=1;sync_gaps=13;pair_gaps=0;aux_failures=0;duplicates=0,2020-03-01T00:00:00Z,2026-08-21T00:00:00Z,8,8,XMR/USDT,,,,0,13,0,sha256_e8d28cd87065e2c4fddc76d0370ed6ddf67047ffb0a8bbd02f4139488617d93b
WTAI,spot_long,15m,PASS,policy=1;mode=spot;timeframe=15m;complete=8/8;availability_limited=1;sync_gaps=13;pair_gaps=0;aux_failures=0;duplicates=0,2020-03-01T00:00:00Z,2026-08-21T00:00:00Z,8,8,XMR/USDT,,,,0,13,0,sha256_59786b266b1661ca08381b938b2ca9cb3b6f40aac0325e00be1faef371623b6e
WTHO,spot_long,2h,PASS,policy=1;mode=spot;timeframe=2h;complete=8/8;availability_limited=1;sync_gaps=6;pair_gaps=0;aux_failures=0;duplicates=0,2020-03-01T00:00:00Z,2026-08-21T00:00:00Z,8,8,XMR/USDT,,,,0,6,0,sha256_5a5925090d4e6a0d4c7cb70dce34fc9ff4e6b46f3484978523253e3bfca09e15
WTRSIAI,spot_long,1h,PASS,policy=1;mode=spot;timeframe=1h;complete=8/8;availability_limited=1;sync_gaps=13;pair_gaps=0;aux_failures=0;duplicates=0,2020-03-01T00:00:00Z,2026-08-21T00:00:00Z,8,8,XMR/USDT,,,,0,13,0,sha256_ca7ff1931fd6c56a6b8207860a55741af9c20bb55de36000b62730174c4f2937
thetank2,spot_long,15m,PASS,policy=1;mode=spot;timeframe=15m;complete=8/8;availability_limited=1;sync_gaps=13;pair_gaps=0;aux_failures=0;duplicates=0,2020-03-01T00:00:00Z,2026-08-21T00:00:00Z,8,8,XMR/USDT,,,,0,13,0,sha256_59786b266b1661ca08381b938b2ca9cb3b6f40aac0325e00be1faef371623b6e
cryptotank,spot_long,1h,PASS,policy=1;mode=spot;timeframe=1h;complete=8/8;availability_limited=1;sync_gaps=13;pair_gaps=0;aux_failures=0;duplicates=0,2020-03-01T00:00:00Z,2026-08-21T00:00:00Z,8,8,XMR/USDT,,,,0,13,0,sha256_ca7ff1931fd6c56a6b8207860a55741af9c20bb55de36000b62730174c4f2937
cryptotankV2,spot_long,5m,PASS,policy=1;mode=spot;timeframe=5m;complete=8/8;availability_limited=1;sync_gaps=13;pair_gaps=0;aux_failures=0;duplicates=0,2020-03-01T00:00:00Z,2026-08-21T00:00:00Z,8,8,XMR/USDT,,,,0,13,0,sha256_e8d28cd87065e2c4fddc76d0370ed6ddf67047ffb0a8bbd02f4139488617d93b
cryptotankV5,spot_long,15m,PASS,policy=1;mode=spot;timeframe=15m;complete=8/8;availability_limited=1;sync_gaps=13;pair_gaps=0;aux_failures=0;duplicates=0,2020-03-01T00:00:00Z,2026-08-21T00:00:00Z,8,8,XMR/USDT,,,,0,13,0,sha256_59786b266b1661ca08381b938b2ca9cb3b6f40aac0325e00be1faef371623b6e
eltoro,spot_long,15m,PASS,policy=1;mode=spot;timeframe=15m;complete=8/8;availability_limited=1;sync_gaps=13;pair_gaps=0;aux_failures=0;duplicates=0,2020-03-01T00:00:00Z,2026-08-21T00:00:00Z,8,8,XMR/USDT,,,,0,13,0,sha256_59786b266b1661ca08381b938b2ca9cb3b6f40aac0325e00be1faef371623b6e
eltoro1_4,spot_long,1h,PASS,policy=1;mode=spot;timeframe=1h;complete=8/8;availability_limited=1;sync_gaps=13;pair_gaps=0;aux_failures=0;duplicates=0,2020-03-01T00:00:00Z,2026-08-21T00:00:00Z,8,8,XMR/USDT,,,,0,13,0,sha256_ca7ff1931fd6c56a6b8207860a55741af9c20bb55de36000b62730174c4f2937
eltoro1_4_simple,spot_long,15m,PASS,policy=1;mode=spot;timeframe=15m;complete=8/8;availability_limited=1;sync_gaps=13;pair_gaps=0;aux_failures=0;duplicates=0,2020-03-01T00:00:00Z,2026-08-21T00:00:00Z,8,8,XMR/USDT,,,,0,13,0,sha256_59786b266b1661ca08381b938b2ca9cb3b6f40aac0325e00be1faef371623b6e
grad,spot_long,1h,PASS,policy=1;mode=spot;timeframe=1h;complete=8/8;availability_limited=1;sync_gaps=13;pair_gaps=0;aux_failures=0;duplicates=0,2020-03-01T00:00:00Z,2026-08-21T00:00:00Z,8,8,XMR/USDT,,,,0,13,0,sha256_ca7ff1931fd6c56a6b8207860a55741af9c20bb55de36000b62730174c4f2937
haGradient,futures_long,15m,PASS,policy=1;mode=futures;timeframe=15m;complete=8/8;availability_limited=0;sync_gaps=0;pair_gaps=0;aux_failures=0;duplicates=0,2020-03-01T00:00:00Z,2026-08-21T00:00:00Z,8,8,,,,,0,0,0,sha256_cf6535a77783872cae0f8a248e3e8a5d49f3d4c562340a4c94036cb1b334b7c3
kalthetank,spot_long,1h,PASS,policy=1;mode=spot;timeframe=1h;complete=8/8;availability_limited=1;sync_gaps=13;pair_gaps=0;aux_failures=0;duplicates=0,2020-03-01T00:00:00Z,2026-08-21T00:00:00Z,8,8,XMR/USDT,,,,0,13,0,sha256_ca7ff1931fd6c56a6b8207860a55741af9c20bb55de36000b62730174c4f2937
lambotest,spot_long,5m,PASS,policy=1;mode=spot;timeframe=5m;complete=8/8;availability_limited=1;sync_gaps=13;pair_gaps=0;aux_failures=0;duplicates=0,2020-03-01T00:00:00Z,2026-08-21T00:00:00Z,8,8,XMR/USDT,,,,0,13,0,sha256_e8d28cd87065e2c4fddc76d0370ed6ddf67047ffb0a8bbd02f4139488617d93b
moonhouse,spot_long,1d,PASS,policy=1;mode=spot;timeframe=1d;complete=8/8;availability_limited=1;sync_gaps=0;pair_gaps=0;aux_failures=0;duplicates=0,2020-03-01T00:00:00Z,2026-08-21T00:00:00Z,8,8,XMR/USDT,,,,0,0,0,sha256_e606ca78497360fc0ec1042bb6ffe7a553818da8fe41f9ff04e1b6ca510a956a
pcb20,spot_long,6h,PASS,policy=1;mode=spot;timeframe=6h;complete=8/8;availability_limited=1;sync_gaps=0;pair_gaps=0;aux_failures=0;duplicates=0,2020-03-01T00:00:00Z,2026-08-21T00:00:00Z,8,8,XMR/USDT,,,,0,0,0,sha256_fbb21e50bcdf4274e5167b51b89717640340402cf13086f2e7306488b8c6ebb1
qrsi,spot_long,15m,PASS,policy=1;mode=spot;timeframe=15m;complete=8/8;availability_limited=1;sync_gaps=13;pair_gaps=0;aux_failures=0;duplicates=0,2020-03-01T00:00:00Z,2026-08-21T00:00:00Z,8,8,XMR/USDT,,,,0,13,0,sha256_59786b266b1661ca08381b938b2ca9cb3b6f40aac0325e00be1faef371623b6e
slope_is_dopeCT,spot_long,15m,PASS,policy=1;mode=spot;timeframe=15m;complete=8/8;availability_limited=1;sync_gaps=13;pair_gaps=0;aux_failures=0;duplicates=0,2020-03-01T00:00:00Z,2026-08-21T00:00:00Z,8,8,XMR/USDT,,,,0,13,0,sha256_59786b266b1661ca08381b938b2ca9cb3b6f40aac0325e00be1faef371623b6e
tacos,spot_long,1d,PASS,policy=1;mode=spot;timeframe=1d;complete=8/8;availability_limited=1;sync_gaps=0;pair_gaps=0;aux_failures=0;duplicates=0,2020-03-01T00:00:00Z,2026-08-21T00:00:00Z,8,8,XMR/USDT,,,,0,0,0,sha256_e606ca78497360fc0ec1042bb6ffe7a553818da8fe41f9ff04e1b6ca510a956a
tacos1,spot_long,6h,PASS,policy=1;mode=spot;timeframe=6h;complete=8/8;availability_limited=1;sync_gaps=0;pair_gaps=0;aux_failures=0;duplicates=0,2020-03-01T00:00:00Z,2026-08-21T00:00:00Z,8,8,XMR/USDT,,,,0,0,0,sha256_fbb21e50bcdf4274e5167b51b89717640340402cf13086f2e7306488b8c6ebb1
thetank3,spot_long,15m,PASS,policy=1;mode=spot;timeframe=15m;complete=8/8;availability_limited=1;sync_gaps=13;pair_gaps=0;aux_failures=0;duplicates=0,2020-03-01T00:00:00Z,2026-08-21T00:00:00Z,8,8,XMR/USDT,,,,0,13,0,sha256_59786b266b1661ca08381b938b2ca9cb3b6f40aac0325e00be1faef371623b6e
thetank4TV,spot_long,15m,PASS,policy=1;mode=spot;timeframe=15m;complete=8/8;availability_limited=1;sync_gaps=13;pair_gaps=0;aux_failures=0;duplicates=0,2020-03-01T00:00:00Z,2026-08-21T00:00:00Z,8,8,XMR/USDT,,,,0,13,0,sha256_59786b266b1661ca08381b938b2ca9cb3b6f40aac0325e00be1faef371623b6e
tsp0chicken,futures_long,5m,PASS,policy=1;mode=futures;timeframe=5m;complete=8/8;availability_limited=0;sync_gaps=0;pair_gaps=0;aux_failures=0;duplicates=0,2020-03-01T00:00:00Z,2026-08-21T00:00:00Z,8,8,,,,,0,0,0,sha256_ff4721baa3ce146cb75bdf0c4ee0c4a4e98566270e236de1cc3afd10b17135a7
turbov8,spot_long,5m,PASS,policy=1;mode=spot;timeframe=5m;complete=8/8;availability_limited=1;sync_gaps=13;pair_gaps=0;aux_failures=0;duplicates=0,2020-03-01T00:00:00Z,2026-08-21T00:00:00Z,8,8,XMR/USDT,,,,0,13,0,sha256_e8d28cd87065e2c4fddc76d0370ed6ddf67047ffb0a8bbd02f4139488617d93b
ultratank,spot_long,1h,PASS,policy=1;mode=spot;timeframe=1h;complete=8/8;availability_limited=1;sync_gaps=13;pair_gaps=0;aux_failures=0;duplicates=0,2020-03-01T00:00:00Z,2026-08-21T00:00:00Z,8,8,XMR/USDT,,,,0,13,0,sha256_ca7ff1931fd6c56a6b8207860a55741af9c20bb55de36000b62730174c4f2937
wavetrend,spot_long,1h,PASS,policy=1;mode=spot;timeframe=1h;complete=8/8;availability_limited=1;sync_gaps=13;pair_gaps=0;aux_failures=0;duplicates=0,2020-03-01T00:00:00Z,2026-08-21T00:00:00Z,8,8,XMR/USDT,,,,0,13,0,sha256_ca7ff1931fd6c56a6b8207860a55741af9c20bb55de36000b62730174c4f2937
wavetrend_rsi,spot_long,1h,PASS,policy=1;mode=spot;timeframe=1h;complete=8/8;availability_limited=1;sync_gaps=13;pair_gaps=0;aux_failures=0;duplicates=0,2020-03-01T00:00:00Z,2026-08-21T00:00:00Z,8,8,XMR/USDT,,,,0,13,0,sha256_ca7ff1931fd6c56a6b8207860a55741af9c20bb55de36000b62730174c4f2937
RLAgentStrategy,futures_long,5m,PASS,policy=1;mode=futures;timeframe=5m;complete=8/8;availability_limited=0;sync_gaps=0;pair_gaps=0;aux_failures=0;duplicates=0,2020-03-01T00:00:00Z,2026-08-21T00:00:00Z,8,8,,,,,0,0,0,sha256_ff4721baa3ce146cb75bdf0c4ee0c4a4e98566270e236de1cc3afd10b17135a7
FileLoadingStrategy,spot_long,,PENDING,unsupported_or_unknown_profile,2020-03-01T00:00:00Z,2026-08-21T00:00:00Z,0,0,,,,,,,,
FreqaiExampleHybridStrategy,futures_long_short,3m,PASS,policy=1;mode=futures;timeframe=3m;complete=8/8;availability_limited=0;sync_gaps=0;pair_gaps=0;aux_failures=0;duplicates=0,2020-03-01T00:00:00Z,2026-08-21T00:00:00Z,8,8,,,,,0,0,0,sha256_df4b6864dd9a070d84dbe6ecbe7ccd7df32bf85f47012bc1441a81c082f0886c
TestStrategyNoImplements,unknown,,PENDING,unsupported_or_unknown_profile,2020-03-01T00:00:00Z,2026-08-21T00:00:00Z,0,0,,,,,,,,
TestStrategyLegacyV1,spot_long,5m,PASS,policy=1;mode=spot;timeframe=5m;complete=8/8;availability_limited=1;sync_gaps=13;pair_gaps=0;aux_failures=0;duplicates=0,2020-03-01T00:00:00Z,2026-08-21T00:00:00Z,8,8,XMR/USDT,,,,0,13,0,sha256_e8d28cd87065e2c4fddc76d0370ed6ddf67047ffb0a8bbd02f4139488617d93b
freqai_rl_test_strat,spot_long,,PENDING,unsupported_or_unknown_profile,2020-03-01T00:00:00Z,2026-08-21T00:00:00Z,0,0,,,,,,,,
freqai_test_classifier,spot_long,,PENDING,unsupported_or_unknown_profile,2020-03-01T00:00:00Z,2026-08-21T00:00:00Z,0,0,,,,,,,,
freqai_test_multimodel_classifier_strat,spot_long,,PENDING,unsupported_or_unknown_profile,2020-03-01T00:00:00Z,2026-08-21T00:00:00Z,0,0,,,,,,,,
freqai_test_multimodel_strat,spot_long,,PENDING,unsupported_or_unknown_profile,2020-03-01T00:00:00Z,2026-08-21T00:00:00Z,0,0,,,,,,,,
freqai_test_strat,spot_long,,PENDING,unsupported_or_unknown_profile,2020-03-01T00:00:00Z,2026-08-21T00:00:00Z,0,0,,,,,,,,
InformativeDecoratorTest,spot_long,5m,PASS,policy=1;mode=spot;timeframe=5m;complete=8/8;availability_limited=1;sync_gaps=13;pair_gaps=0;aux_failures=0;duplicates=0,2020-03-01T00:00:00Z,2026-08-21T00:00:00Z,8,8,XMR/USDT,,,,0,13,0,sha256_e8d28cd87065e2c4fddc76d0370ed6ddf67047ffb0a8bbd02f4139488617d93b
StrategyTestV2,spot_long,5m,PASS,policy=1;mode=spot;timeframe=5m;complete=8/8;availability_limited=1;sync_gaps=13;pair_gaps=0;aux_failures=0;duplicates=0,2020-03-01T00:00:00Z,2026-08-21T00:00:00Z,8,8,XMR/USDT,,,,0,13,0,sha256_e8d28cd87065e2c4fddc76d0370ed6ddf67047ffb0a8bbd02f4139488617d93b
StrategyTestV3,futures_long,5m,PASS,policy=1;mode=futures;timeframe=5m;complete=8/8;availability_limited=0;sync_gaps=0;pair_gaps=0;aux_failures=0;duplicates=0,2020-03-01T00:00:00Z,2026-08-21T00:00:00Z,8,8,,,,,0,0,0,sha256_ff4721baa3ce146cb75bdf0c4ee0c4a4e98566270e236de1cc3afd10b17135a7
LitmusMLDPStrategy,futures_long_short,5m,PASS,policy=1;mode=futures;timeframe=5m;complete=8/8;availability_limited=0;sync_gaps=0;pair_gaps=0;aux_failures=0;duplicates=0,2020-03-01T00:00:00Z,2026-08-21T00:00:00Z,8,8,,,,,0,0,0,sha256_ff4721baa3ce146cb75bdf0c4ee0c4a4e98566270e236de1cc3afd10b17135a7
LitmusMinMaxBroadClassificationStrategy,futures_long_short,3m,PASS,policy=1;mode=futures;timeframe=3m;complete=8/8;availability_limited=0;sync_gaps=0;pair_gaps=0;aux_failures=0;duplicates=0,2020-03-01T00:00:00Z,2026-08-21T00:00:00Z,8,8,,,,,0,0,0,sha256_df4b6864dd9a070d84dbe6ecbe7ccd7df32bf85f47012bc1441a81c082f0886c
LitmusMinMaxStrategy,futures_long_short,3m,PASS,policy=1;mode=futures;timeframe=3m;complete=8/8;availability_limited=0;sync_gaps=0;pair_gaps=0;aux_failures=0;duplicates=0,2020-03-01T00:00:00Z,2026-08-21T00:00:00Z,8,8,,,,,0,0,0,sha256_df4b6864dd9a070d84dbe6ecbe7ccd7df32bf85f47012bc1441a81c082f0886c
LitmusMinMaxTrendStrategy,futures_long_short,,PENDING,unsupported_or_unknown_profile,2020-03-01T00:00:00Z,2026-08-21T00:00:00Z,0,0,,,,,,,,
LitmusSimpleStrategy,futures_long_short,,PENDING,unsupported_or_unknown_profile,2020-03-01T00:00:00Z,2026-08-21T00:00:00Z,0,0,,,,,,,,
CopyLitmusMinMaxBroadClassificationStrategy,futures_long_short,3m,PASS,policy=1;mode=futures;timeframe=3m;complete=8/8;availability_limited=0;sync_gaps=0;pair_gaps=0;aux_failures=0;duplicates=0,2020-03-01T00:00:00Z,2026-08-21T00:00:00Z,8,8,,,,,0,0,0,sha256_df4b6864dd9a070d84dbe6ecbe7ccd7df32bf85f47012bc1441a81c082f0886c
LitmusEntryRollClassificationStrategy,futures_long_short,3m,PASS,policy=1;mode=futures;timeframe=3m;complete=8/8;availability_limited=0;sync_gaps=0;pair_gaps=0;aux_failures=0;duplicates=0,2020-03-01T00:00:00Z,2026-08-21T00:00:00Z,8,8,,,,,0,0,0,sha256_df4b6864dd9a070d84dbe6ecbe7ccd7df32bf85f47012bc1441a81c082f0886c
LitmusGoodMinMaxClassificationStrategy,futures_long_short,,PENDING,unsupported_or_unknown_profile,2020-03-01T00:00:00Z,2026-08-21T00:00:00Z,0,0,,,,,,,,
LitmusMetaStrategy,futures_long_short,3m,PASS,policy=1;mode=futures;timeframe=3m;complete=8/8;availability_limited=0;sync_gaps=0;pair_gaps=0;aux_failures=0;duplicates=0,2020-03-01T00:00:00Z,2026-08-21T00:00:00Z,8,8,,,,,0,0,0,sha256_df4b6864dd9a070d84dbe6ecbe7ccd7df32bf85f47012bc1441a81c082f0886c
LitmusMinMaxClassificationStrategy,futures_long_short,3m,PASS,policy=1;mode=futures;timeframe=3m;complete=8/8;availability_limited=0;sync_gaps=0;pair_gaps=0;aux_failures=0;duplicates=0,2020-03-01T00:00:00Z,2026-08-21T00:00:00Z,8,8,,,,,0,0,0,sha256_df4b6864dd9a070d84dbe6ecbe7ccd7df32bf85f47012bc1441a81c082f0886c
LitmusMinMaxRegretClassificationStrategy,futures_long,3m,PASS,policy=1;mode=futures;timeframe=3m;complete=8/8;availability_limited=0;sync_gaps=0;pair_gaps=0;aux_failures=0;duplicates=0,2020-03-01T00:00:00Z,2026-08-21T00:00:00Z,8,8,,,,,0,0,0,sha256_df4b6864dd9a070d84dbe6ecbe7ccd7df32bf85f47012bc1441a81c082f0886c
LitmusMinMaxSegmentClassificationStrategy,futures_long_short,3m,PASS,policy=1;mode=futures;timeframe=3m;complete=8/8;availability_limited=0;sync_gaps=0;pair_gaps=0;aux_failures=0;duplicates=0,2020-03-01T00:00:00Z,2026-08-21T00:00:00Z,8,8,,,,,0,0,0,sha256_df4b6864dd9a070d84dbe6ecbe7ccd7df32bf85f47012bc1441a81c082f0886c
MultiTargetClassifierTestStrategy,spot_long,,PENDING,unsupported_or_unknown_profile,2020-03-01T00:00:00Z,2026-08-21T00:00:00Z,0,0,,,,,,,,
MultiTargetRegressorTestStrategy,spot_long,,PENDING,unsupported_or_unknown_profile,2020-03-01T00:00:00Z,2026-08-21T00:00:00Z,0,0,,,,,,,,
BuyOrDie,spot_long,5m,PASS,policy=1;mode=spot;timeframe=5m;complete=8/8;availability_limited=1;sync_gaps=13;pair_gaps=0;aux_failures=0;duplicates=0,2020-03-01T00:00:00Z,2026-08-21T00:00:00Z,8,8,XMR/USDT,,,,0,13,0,sha256_e8d28cd87065e2c4fddc76d0370ed6ddf67047ffb0a8bbd02f4139488617d93b
CCI_BB,spot_long,5m,PASS,policy=1;mode=spot;timeframe=5m;complete=8/8;availability_limited=1;sync_gaps=13;pair_gaps=0;aux_failures=0;duplicates=0,2020-03-01T00:00:00Z,2026-08-21T00:00:00Z,8,8,XMR/USDT,,,,0,13,0,sha256_e8d28cd87065e2c4fddc76d0370ed6ddf67047ffb0a8bbd02f4139488617d93b
EasyInEasyOut,spot_long,1m,PASS,policy=1;mode=spot;timeframe=1m;complete=8/8;availability_limited=1;sync_gaps=13;pair_gaps=0;aux_failures=0;duplicates=0,2020-03-01T00:00:00Z,2026-08-21T00:00:00Z,8,8,XMR/USDT,,,,0,13,0,sha256_abb17c3c2a1a410057e1351508eeebdd41b095e316f737ad57de215036a3c3e3
FisherHull,spot_long,1m,PASS,policy=1;mode=spot;timeframe=1m;complete=8/8;availability_limited=1;sync_gaps=13;pair_gaps=0;aux_failures=0;duplicates=0,2020-03-01T00:00:00Z,2026-08-21T00:00:00Z,8,8,XMR/USDT,,,,0,13,0,sha256_abb17c3c2a1a410057e1351508eeebdd41b095e316f737ad57de215036a3c3e3
RSI_BB,spot_long,15m,PASS,policy=1;mode=spot;timeframe=15m;complete=8/8;availability_limited=1;sync_gaps=13;pair_gaps=0;aux_failures=0;duplicates=0,2020-03-01T00:00:00Z,2026-08-21T00:00:00Z,8,8,XMR/USDT,,,,0,13,0,sha256_59786b266b1661ca08381b938b2ca9cb3b6f40aac0325e00be1faef371623b6e
SmartMoneyStrategy,spot_long,30m,PASS,policy=1;mode=spot;timeframe=30m;complete=8/8;availability_limited=1;sync_gaps=13;pair_gaps=0;aux_failures=0;duplicates=0,2020-03-01T00:00:00Z,2026-08-21T00:00:00Z,8,8,XMR/USDT,,,,0,13,0,sha256_1982d3f6eefce1be3bd3b87c12ec869d02f20c59933d213a4547401f7828aa67
SmartMoneyStrategyHyperopt,spot_long,1h,PASS,policy=1;mode=spot;timeframe=1h;complete=8/8;availability_limited=1;sync_gaps=13;pair_gaps=0;aux_failures=0;duplicates=0,2020-03-01T00:00:00Z,2026-08-21T00:00:00Z,8,8,XMR/USDT,,,,0,13,0,sha256_ca7ff1931fd6c56a6b8207860a55741af9c20bb55de36000b62730174c4f2937
AdaptiveMAStrategy,spot_long,5m,PASS,policy=1;mode=spot;timeframe=5m;complete=8/8;availability_limited=1;sync_gaps=13;pair_gaps=0;aux_failures=0;duplicates=0,2020-03-01T00:00:00Z,2026-08-21T00:00:00Z,8,8,XMR/USDT,,,,0,13,0,sha256_e8d28cd87065e2c4fddc76d0370ed6ddf67047ffb0a8bbd02f4139488617d93b
AdxStrengthStrategy,spot_long,5m,PASS,policy=1;mode=spot;timeframe=5m;complete=8/8;availability_limited=1;sync_gaps=13;pair_gaps=0;aux_failures=0;duplicates=0,2020-03-01T00:00:00Z,2026-08-21T00:00:00Z,8,8,XMR/USDT,,,,0,13,0,sha256_e8d28cd87065e2c4fddc76d0370ed6ddf67047ffb0a8bbd02f4139488617d93b
AroonTrendStrategy,spot_long,5m,PASS,policy=1;mode=spot;timeframe=5m;complete=8/8;availability_limited=1;sync_gaps=13;pair_gaps=0;aux_failures=0;duplicates=0,2020-03-01T00:00:00Z,2026-08-21T00:00:00Z,8,8,XMR/USDT,,,,0,13,0,sha256_e8d28cd87065e2c4fddc76d0370ed6ddf67047ffb0a8bbd02f4139488617d93b
AtrTrailingStopStrategy,spot_long,5m,PASS,policy=1;mode=spot;timeframe=5m;complete=8/8;availability_limited=1;sync_gaps=13;pair_gaps=0;aux_failures=0;duplicates=0,2020-03-01T00:00:00Z,2026-08-21T00:00:00Z,8,8,XMR/USDT,,,,0,13,0,sha256_e8d28cd87065e2c4fddc76d0370ed6ddf67047ffb0a8bbd02f4139488617d93b
BbWidthExpansionStrategy,spot_long,5m,PASS,policy=1;mode=spot;timeframe=5m;complete=8/8;availability_limited=1;sync_gaps=13;pair_gaps=0;aux_failures=0;duplicates=0,2020-03-01T00:00:00Z,2026-08-21T00:00:00Z,8,8,XMR/USDT,,,,0,13,0,sha256_e8d28cd87065e2c4fddc76d0370ed6ddf67047ffb0a8bbd02f4139488617d93b
BollingerBounceStrategy,spot_long,5m,PASS,policy=1;mode=spot;timeframe=5m;complete=8/8;availability_limited=1;sync_gaps=13;pair_gaps=0;aux_failures=0;duplicates=0,2020-03-01T00:00:00Z,2026-08-21T00:00:00Z,8,8,XMR/USDT,,,,0,13,0,sha256_e8d28cd87065e2c4fddc76d0370ed6ddf67047ffb0a8bbd02f4139488617d93b
BopTrendStrategy,spot_long,5m,PASS,policy=1;mode=spot;timeframe=5m;complete=8/8;availability_limited=1;sync_gaps=13;pair_gaps=0;aux_failures=0;duplicates=0,2020-03-01T00:00:00Z,2026-08-21T00:00:00Z,8,8,XMR/USDT,,,,0,13,0,sha256_e8d28cd87065e2c4fddc76d0370ed6ddf67047ffb0a8bbd02f4139488617d93b
BullishEngulfingStrategy,spot_long,5m,PASS,policy=1;mode=spot;timeframe=5m;complete=8/8;availability_limited=1;sync_gaps=13;pair_gaps=0;aux_failures=0;duplicates=0,2020-03-01T00:00:00Z,2026-08-21T00:00:00Z,8,8,XMR/USDT,,,,0,13,0,sha256_e8d28cd87065e2c4fddc76d0370ed6ddf67047ffb0a8bbd02f4139488617d93b
CciMeanReversionStrategy,spot_long,5m,PASS,policy=1;mode=spot;timeframe=5m;complete=8/8;availability_limited=1;sync_gaps=13;pair_gaps=0;aux_failures=0;duplicates=0,2020-03-01T00:00:00Z,2026-08-21T00:00:00Z,8,8,XMR/USDT,,,,0,13,0,sha256_e8d28cd87065e2c4fddc76d0370ed6ddf67047ffb0a8bbd02f4139488617d93b
ChaikinMoneyFlowStrategy,spot_long,5m,PASS,policy=1;mode=spot;timeframe=5m;complete=8/8;availability_limited=1;sync_gaps=13;pair_gaps=0;aux_failures=0;duplicates=0,2020-03-01T00:00:00Z,2026-08-21T00:00:00Z,8,8,XMR/USDT,,,,0,13,0,sha256_e8d28cd87065e2c4fddc76d0370ed6ddf67047ffb0a8bbd02f4139488617d93b
CompositeScoreStrategy,spot_long,5m,PASS,policy=1;mode=spot;timeframe=5m;complete=8/8;availability_limited=1;sync_gaps=13;pair_gaps=0;aux_failures=0;duplicates=0,2020-03-01T00:00:00Z,2026-08-21T00:00:00Z,8,8,XMR/USDT,,,,0,13,0,sha256_e8d28cd87065e2c4fddc76d0370ed6ddf67047ffb0a8bbd02f4139488617d93b
CoppockCurveStrategy,spot_long,5m,PASS,policy=1;mode=spot;timeframe=5m;complete=8/8;availability_limited=1;sync_gaps=13;pair_gaps=0;aux_failures=0;duplicates=0,2020-03-01T00:00:00Z,2026-08-21T00:00:00Z,8,8,XMR/USDT,,,,0,13,0,sha256_e8d28cd87065e2c4fddc76d0370ed6ddf67047ffb0a8bbd02f4139488617d93b
DemaCrossStrategy,spot_long,5m,PASS,policy=1;mode=spot;timeframe=5m;complete=8/8;availability_limited=1;sync_gaps=13;pair_gaps=0;aux_failures=0;duplicates=0,2020-03-01T00:00:00Z,2026-08-21T00:00:00Z,8,8,XMR/USDT,,,,0,13,0,sha256_e8d28cd87065e2c4fddc76d0370ed6ddf67047ffb0a8bbd02f4139488617d93b
DonchianBreakoutStrategy,spot_long,5m,PASS,policy=1;mode=spot;timeframe=5m;complete=8/8;availability_limited=1;sync_gaps=13;pair_gaps=0;aux_failures=0;duplicates=0,2020-03-01T00:00:00Z,2026-08-21T00:00:00Z,8,8,XMR/USDT,,,,0,13,0,sha256_e8d28cd87065e2c4fddc76d0370ed6ddf67047ffb0a8bbd02f4139488617d93b
EmaCrossStrategy,spot_long,,PENDING,unsupported_or_unknown_profile,2020-03-01T00:00:00Z,2026-08-21T00:00:00Z,0,0,,,,,,,,
EmaRibbonStrategy,spot_long,5m,PASS,policy=1;mode=spot;timeframe=5m;complete=8/8;availability_limited=1;sync_gaps=13;pair_gaps=0;aux_failures=0;duplicates=0,2020-03-01T00:00:00Z,2026-08-21T00:00:00Z,8,8,XMR/USDT,,,,0,13,0,sha256_e8d28cd87065e2c4fddc76d0370ed6ddf67047ffb0a8bbd02f4139488617d93b
FisherTransformStrategy,spot_long,5m,PASS,policy=1;mode=spot;timeframe=5m;complete=8/8;availability_limited=1;sync_gaps=13;pair_gaps=0;aux_failures=0;duplicates=0,2020-03-01T00:00:00Z,2026-08-21T00:00:00Z,8,8,XMR/USDT,,,,0,13,0,sha256_e8d28cd87065e2c4fddc76d0370ed6ddf67047ffb0a8bbd02f4139488617d93b
GoldenCrossStrategy,spot_long,5m,PASS,policy=1;mode=spot;timeframe=5m;complete=8/8;availability_limited=1;sync_gaps=13;pair_gaps=0;aux_failures=0;duplicates=0,2020-03-01T00:00:00Z,2026-08-21T00:00:00Z,8,8,XMR/USDT,,,,0,13,0,sha256_e8d28cd87065e2c4fddc76d0370ed6ddf67047ffb0a8bbd02f4139488617d93b
HeikinAshiStrategy,spot_long,5m,PASS,policy=1;mode=spot;timeframe=5m;complete=8/8;availability_limited=1;sync_gaps=13;pair_gaps=0;aux_failures=0;duplicates=0,2020-03-01T00:00:00Z,2026-08-21T00:00:00Z,8,8,XMR/USDT,,,,0,13,0,sha256_e8d28cd87065e2c4fddc76d0370ed6ddf67047ffb0a8bbd02f4139488617d93b
HigherHighStrategy,spot_long,5m,PASS,policy=1;mode=spot;timeframe=5m;complete=8/8;availability_limited=1;sync_gaps=13;pair_gaps=0;aux_failures=0;duplicates=0,2020-03-01T00:00:00Z,2026-08-21T00:00:00Z,8,8,XMR/USDT,,,,0,13,0,sha256_e8d28cd87065e2c4fddc76d0370ed6ddf67047ffb0a8bbd02f4139488617d93b
IchimokuCloudStrategy,spot_long,4h,PASS,policy=1;mode=spot;timeframe=4h;complete=8/8;availability_limited=1;sync_gaps=0;pair_gaps=0;aux_failures=0;duplicates=0,2020-03-01T00:00:00Z,2026-08-21T00:00:00Z,8,8,XMR/USDT,,,,0,0,0,sha256_3189fb1b70726edcb8094812a734108d82fb90f275749253fb8b98b5ce7d49ab
IchimokuSimpleStrategy,spot_long,5m,PASS,policy=1;mode=spot;timeframe=5m;complete=8/8;availability_limited=1;sync_gaps=13;pair_gaps=0;aux_failures=0;duplicates=0,2020-03-01T00:00:00Z,2026-08-21T00:00:00Z,8,8,XMR/USDT,,,,0,13,0,sha256_e8d28cd87065e2c4fddc76d0370ed6ddf67047ffb0a8bbd02f4139488617d93b
KeltnerChannelStrategy,spot_long,5m,PASS,policy=1;mode=spot;timeframe=5m;complete=8/8;availability_limited=1;sync_gaps=13;pair_gaps=0;aux_failures=0;duplicates=0,2020-03-01T00:00:00Z,2026-08-21T00:00:00Z,8,8,XMR/USDT,,,,0,13,0,sha256_e8d28cd87065e2c4fddc76d0370ed6ddf67047ffb0a8bbd02f4139488617d93b
LinearRegressionStrategy,spot_long,5m,PASS,policy=1;mode=spot;timeframe=5m;complete=8/8;availability_limited=1;sync_gaps=13;pair_gaps=0;aux_failures=0;duplicates=0,2020-03-01T00:00:00Z,2026-08-21T00:00:00Z,8,8,XMR/USDT,,,,0,13,0,sha256_e8d28cd87065e2c4fddc76d0370ed6ddf67047ffb0a8bbd02f4139488617d93b
MacdAdxStrategy,spot_long,5m,PASS,policy=1;mode=spot;timeframe=5m;complete=8/8;availability_limited=1;sync_gaps=13;pair_gaps=0;aux_failures=0;duplicates=0,2020-03-01T00:00:00Z,2026-08-21T00:00:00Z,8,8,XMR/USDT,,,,0,13,0,sha256_e8d28cd87065e2c4fddc76d0370ed6ddf67047ffb0a8bbd02f4139488617d93b
MacdZeroCrossStrategy,spot_long,5m,PASS,policy=1;mode=spot;timeframe=5m;complete=8/8;availability_limited=1;sync_gaps=13;pair_gaps=0;aux_failures=0;duplicates=0,2020-03-01T00:00:00Z,2026-08-21T00:00:00Z,8,8,XMR/USDT,,,,0,13,0,sha256_e8d28cd87065e2c4fddc76d0370ed6ddf67047ffb0a8bbd02f4139488617d93b
MlpSpeculativeStrategy,spot_long,,PENDING,unsupported_or_unknown_profile,2020-03-01T00:00:00Z,2026-08-21T00:00:00Z,0,0,,,,,,,,
MomentumScoreStrategy,spot_long,5m,PASS,policy=1;mode=spot;timeframe=5m;complete=8/8;availability_limited=1;sync_gaps=13;pair_gaps=0;aux_failures=0;duplicates=0,2020-03-01T00:00:00Z,2026-08-21T00:00:00Z,8,8,XMR/USDT,,,,0,13,0,sha256_e8d28cd87065e2c4fddc76d0370ed6ddf67047ffb0a8bbd02f4139488617d93b
MoneyFlowStrategy,spot_long,5m,PASS,policy=1;mode=spot;timeframe=5m;complete=8/8;availability_limited=1;sync_gaps=13;pair_gaps=0;aux_failures=0;duplicates=0,2020-03-01T00:00:00Z,2026-08-21T00:00:00Z,8,8,XMR/USDT,,,,0,13,0,sha256_e8d28cd87065e2c4fddc76d0370ed6ddf67047ffb0a8bbd02f4139488617d93b
MultiFactorConfluenceStrategy,spot_long,4h,PASS,policy=1;mode=spot;timeframe=4h;complete=8/8;availability_limited=1;sync_gaps=0;pair_gaps=0;aux_failures=0;duplicates=0,2020-03-01T00:00:00Z,2026-08-21T00:00:00Z,8,8,XMR/USDT,,,,0,0,0,sha256_3189fb1b70726edcb8094812a734108d82fb90f275749253fb8b98b5ce7d49ab
ObvTrendStrategy,spot_long,5m,PASS,policy=1;mode=spot;timeframe=5m;complete=8/8;availability_limited=1;sync_gaps=13;pair_gaps=0;aux_failures=0;duplicates=0,2020-03-01T00:00:00Z,2026-08-21T00:00:00Z,8,8,XMR/USDT,,,,0,13,0,sha256_e8d28cd87065e2c4fddc76d0370ed6ddf67047ffb0a8bbd02f4139488617d93b
ParabolicSarStrategy,spot_long,5m,PASS,policy=1;mode=spot;timeframe=5m;complete=8/8;availability_limited=1;sync_gaps=13;pair_gaps=0;aux_failures=0;duplicates=0,2020-03-01T00:00:00Z,2026-08-21T00:00:00Z,8,8,XMR/USDT,,,,0,13,0,sha256_e8d28cd87065e2c4fddc76d0370ed6ddf67047ffb0a8bbd02f4139488617d93b
PolymarketLogicalArbStrategy,spot_long,4h,PASS,policy=1;mode=spot;timeframe=4h;complete=8/8;availability_limited=1;sync_gaps=0;pair_gaps=0;aux_failures=0;duplicates=0,2020-03-01T00:00:00Z,2026-08-21T00:00:00Z,8,8,XMR/USDT,,,,0,0,0,sha256_3189fb1b70726edcb8094812a734108d82fb90f275749253fb8b98b5ce7d49ab
PolymarketMeanReversionStrategy,spot_long,,PENDING,unsupported_or_unknown_profile,2020-03-01T00:00:00Z,2026-08-21T00:00:00Z,0,0,,,,,,,,
PolymarketMomentumStrategy,spot_long,,PENDING,unsupported_or_unknown_profile,2020-03-01T00:00:00Z,2026-08-21T00:00:00Z,0,0,,,,,,,,
PpoMomentumStrategy,spot_long,5m,PASS,policy=1;mode=spot;timeframe=5m;complete=8/8;availability_limited=1;sync_gaps=13;pair_gaps=0;aux_failures=0;duplicates=0,2020-03-01T00:00:00Z,2026-08-21T00:00:00Z,8,8,XMR/USDT,,,,0,13,0,sha256_e8d28cd87065e2c4fddc76d0370ed6ddf67047ffb0a8bbd02f4139488617d93b
PriceActionCandleStrategy,spot_long,5m,PASS,policy=1;mode=spot;timeframe=5m;complete=8/8;availability_limited=1;sync_gaps=13;pair_gaps=0;aux_failures=0;duplicates=0,2020-03-01T00:00:00Z,2026-08-21T00:00:00Z,8,8,XMR/USDT,,,,0,13,0,sha256_e8d28cd87065e2c4fddc76d0370ed6ddf67047ffb0a8bbd02f4139488617d93b
PriceChannelStrategy,spot_long,5m,PASS,policy=1;mode=spot;timeframe=5m;complete=8/8;availability_limited=1;sync_gaps=13;pair_gaps=0;aux_failures=0;duplicates=0,2020-03-01T00:00:00Z,2026-08-21T00:00:00Z,8,8,XMR/USDT,,,,0,13,0,sha256_e8d28cd87065e2c4fddc76d0370ed6ddf67047ffb0a8bbd02f4139488617d93b
RSI_EMA_strategy,spot_long,5m,PASS,policy=1;mode=spot;timeframe=5m;complete=8/8;availability_limited=1;sync_gaps=13;pair_gaps=0;aux_failures=0;duplicates=0,2020-03-01T00:00:00Z,2026-08-21T00:00:00Z,8,8,XMR/USDT,,,,0,13,0,sha256_e8d28cd87065e2c4fddc76d0370ed6ddf67047ffb0a8bbd02f4139488617d93b
RocMomentumStrategy,spot_long,5m,PASS,policy=1;mode=spot;timeframe=5m;complete=8/8;availability_limited=1;sync_gaps=13;pair_gaps=0;aux_failures=0;duplicates=0,2020-03-01T00:00:00Z,2026-08-21T00:00:00Z,8,8,XMR/USDT,,,,0,13,0,sha256_e8d28cd87065e2c4fddc76d0370ed6ddf67047ffb0a8bbd02f4139488617d93b
RsiBollingerStrategy,spot_long,1h,PASS,policy=1;mode=spot;timeframe=1h;complete=8/8;availability_limited=1;sync_gaps=13;pair_gaps=0;aux_failures=0;duplicates=0,2020-03-01T00:00:00Z,2026-08-21T00:00:00Z,8,8,XMR/USDT,,,,0,13,0,sha256_ca7ff1931fd6c56a6b8207860a55741af9c20bb55de36000b62730174c4f2937
RsiDivergenceStrategy,spot_long,5m,PASS,policy=1;mode=spot;timeframe=5m;complete=8/8;availability_limited=1;sync_gaps=13;pair_gaps=0;aux_failures=0;duplicates=0,2020-03-01T00:00:00Z,2026-08-21T00:00:00Z,8,8,XMR/USDT,,,,0,13,0,sha256_e8d28cd87065e2c4fddc76d0370ed6ddf67047ffb0a8bbd02f4139488617d93b
SqueezeMomentumStrategy,spot_long,5m,PASS,policy=1;mode=spot;timeframe=5m;complete=8/8;availability_limited=1;sync_gaps=13;pair_gaps=0;aux_failures=0;duplicates=0,2020-03-01T00:00:00Z,2026-08-21T00:00:00Z,8,8,XMR/USDT,,,,0,13,0,sha256_e8d28cd87065e2c4fddc76d0370ed6ddf67047ffb0a8bbd02f4139488617d93b
StochasticCciStrategy,spot_long,1h,PASS,policy=1;mode=spot;timeframe=1h;complete=8/8;availability_limited=1;sync_gaps=13;pair_gaps=0;aux_failures=0;duplicates=0,2020-03-01T00:00:00Z,2026-08-21T00:00:00Z,8,8,XMR/USDT,,,,0,13,0,sha256_ca7ff1931fd6c56a6b8207860a55741af9c20bb55de36000b62730174c4f2937
StochasticOversoldStrategy,spot_long,5m,PASS,policy=1;mode=spot;timeframe=5m;complete=8/8;availability_limited=1;sync_gaps=13;pair_gaps=0;aux_failures=0;duplicates=0,2020-03-01T00:00:00Z,2026-08-21T00:00:00Z,8,8,XMR/USDT,,,,0,13,0,sha256_e8d28cd87065e2c4fddc76d0370ed6ddf67047ffb0a8bbd02f4139488617d93b
StochasticRsiStrategy,spot_long,5m,PASS,policy=1;mode=spot;timeframe=5m;complete=8/8;availability_limited=1;sync_gaps=13;pair_gaps=0;aux_failures=0;duplicates=0,2020-03-01T00:00:00Z,2026-08-21T00:00:00Z,8,8,XMR/USDT,,,,0,13,0,sha256_e8d28cd87065e2c4fddc76d0370ed6ddf67047ffb0a8bbd02f4139488617d93b
TemaStrategy,spot_long,5m,PASS,policy=1;mode=spot;timeframe=5m;complete=8/8;availability_limited=1;sync_gaps=13;pair_gaps=0;aux_failures=0;duplicates=0,2020-03-01T00:00:00Z,2026-08-21T00:00:00Z,8,8,XMR/USDT,,,,0,13,0,sha256_e8d28cd87065e2c4fddc76d0370ed6ddf67047ffb0a8bbd02f4139488617d93b
TrendAtrStrategy,spot_long,4h,PASS,policy=1;mode=spot;timeframe=4h;complete=8/8;availability_limited=1;sync_gaps=0;pair_gaps=0;aux_failures=0;duplicates=0,2020-03-01T00:00:00Z,2026-08-21T00:00:00Z,8,8,XMR/USDT,,,,0,0,0,sha256_3189fb1b70726edcb8094812a734108d82fb90f275749253fb8b98b5ce7d49ab
TripleEmaStrategy,spot_long,5m,PASS,policy=1;mode=spot;timeframe=5m;complete=8/8;availability_limited=1;sync_gaps=13;pair_gaps=0;aux_failures=0;duplicates=0,2020-03-01T00:00:00Z,2026-08-21T00:00:00Z,8,8,XMR/USDT,,,,0,13,0,sha256_e8d28cd87065e2c4fddc76d0370ed6ddf67047ffb0a8bbd02f4139488617d93b
TrixSignalStrategy,spot_long,5m,PASS,policy=1;mode=spot;timeframe=5m;complete=8/8;availability_limited=1;sync_gaps=13;pair_gaps=0;aux_failures=0;duplicates=0,2020-03-01T00:00:00Z,2026-08-21T00:00:00Z,8,8,XMR/USDT,,,,0,13,0,sha256_e8d28cd87065e2c4fddc76d0370ed6ddf67047ffb0a8bbd02f4139488617d93b
VolumeBreakoutStrategy,spot_long,5m,PASS,policy=1;mode=spot;timeframe=5m;complete=8/8;availability_limited=1;sync_gaps=13;pair_gaps=0;aux_failures=0;duplicates=0,2020-03-01T00:00:00Z,2026-08-21T00:00:00Z,8,8,XMR/USDT,,,,0,13,0,sha256_e8d28cd87065e2c4fddc76d0370ed6ddf67047ffb0a8bbd02f4139488617d93b
VortexStrategy,spot_long,5m,PASS,policy=1;mode=spot;timeframe=5m;complete=8/8;availability_limited=1;sync_gaps=13;pair_gaps=0;aux_failures=0;duplicates=0,2020-03-01T00:00:00Z,2026-08-21T00:00:00Z,8,8,XMR/USDT,,,,0,13,0,sha256_e8d28cd87065e2c4fddc76d0370ed6ddf67047ffb0a8bbd02f4139488617d93b
VwapReversionStrategy,spot_long,5m,PASS,policy=1;mode=spot;timeframe=5m;complete=8/8;availability_limited=1;sync_gaps=13;pair_gaps=0;aux_failures=0;duplicates=0,2020-03-01T00:00:00Z,2026-08-21T00:00:00Z,8,8,XMR/USDT,,,,0,13,0,sha256_e8d28cd87065e2c4fddc76d0370ed6ddf67047ffb0a8bbd02f4139488617d93b
WilliamsRStrategy,spot_long,5m,PASS,policy=1;mode=spot;timeframe=5m;complete=8/8;availability_limited=1;sync_gaps=13;pair_gaps=0;aux_failures=0;duplicates=0,2020-03-01T00:00:00Z,2026-08-21T00:00:00Z,8,8,XMR/USDT,,,,0,13,0,sha256_e8d28cd87065e2c4fddc76d0370ed6ddf67047ffb0a8bbd02f4139488617d93b
ZScoreMeanReversionStrategy,spot_long,4h,PASS,policy=1;mode=spot;timeframe=4h;complete=8/8;availability_limited=1;sync_gaps=0;pair_gaps=0;aux_failures=0;duplicates=0,2020-03-01T00:00:00Z,2026-08-21T00:00:00Z,8,8,XMR/USDT,,,,0,0,0,sha256_3189fb1b70726edcb8094812a734108d82fb90f275749253fb8b98b5ce7d49ab
adaptive_trend,spot_long,4h,PASS,policy=1;mode=spot;timeframe=4h;complete=8/8;availability_limited=1;sync_gaps=0;pair_gaps=0;aux_failures=0;duplicates=0,2020-03-01T00:00:00Z,2026-08-21T00:00:00Z,8,8,XMR/USDT,,,,0,0,0,sha256_3189fb1b70726edcb8094812a734108d82fb90f275749253fb8b98b5ce7d49ab
beta_factors_model,spot_long,1w,PENDING,policy=1;mode=spot;timeframe=1w;complete=1/8;availability_limited=1;sync_gaps=8;pair_gaps=0;aux_failures=0;duplicates=0,2020-03-01T00:00:00Z,2026-08-21T00:00:00Z,8,1,XMR/USDT,,BTC/USDT@end;ETH/USDT@end;LTC/USDT@end;XRP/USDT@end;ADA/USDT@end;XLM/USDT@end;DASH/USDT@end,,0,8,0,sha256_c56051afa06a650cf73fb48b61857bcc43041edd191788be068856da78db7a8b
DualModelPolymarketPortfolio,spot_long,1h,PASS,policy=1;mode=spot;timeframe=1h;complete=8/8;availability_limited=1;sync_gaps=13;pair_gaps=0;aux_failures=0;duplicates=0,2020-03-01T00:00:00Z,2026-08-21T00:00:00Z,8,8,XMR/USDT,,,,0,13,0,sha256_ca7ff1931fd6c56a6b8207860a55741af9c20bb55de36000b62730174c4f2937
ONS_Portfolio,spot_long,5m,PASS,policy=1;mode=spot;timeframe=5m;complete=8/8;availability_limited=1;sync_gaps=13;pair_gaps=0;aux_failures=0;duplicates=0,2020-03-01T00:00:00Z,2026-08-21T00:00:00Z,8,8,XMR/USDT,,,,0,13,0,sha256_e8d28cd87065e2c4fddc76d0370ed6ddf67047ffb0a8bbd02f4139488617d93b
BestSingleAssetPortfolio,spot_long,1d,PASS,policy=1;mode=spot;timeframe=1d;complete=8/8;availability_limited=1;sync_gaps=0;pair_gaps=0;aux_failures=0;duplicates=0,2020-03-01T00:00:00Z,2026-08-21T00:00:00Z,8,8,XMR/USDT,,,,0,0,0,sha256_e606ca78497360fc0ec1042bb6ffe7a553818da8fe41f9ff04e1b6ca510a956a
ExponentialGradientPortfolio,spot_long,5m,PASS,policy=1;mode=spot;timeframe=5m;complete=8/8;availability_limited=1;sync_gaps=13;pair_gaps=0;aux_failures=0;duplicates=0,2020-03-01T00:00:00Z,2026-08-21T00:00:00Z,8,8,XMR/USDT,,,,0,13,0,sha256_e8d28cd87065e2c4fddc76d0370ed6ddf67047ffb0a8bbd02f4139488617d93b
InverseVolatilityPortfolio,spot_long,1d,PASS,policy=1;mode=spot;timeframe=1d;complete=8/8;availability_limited=1;sync_gaps=0;pair_gaps=0;aux_failures=0;duplicates=0,2020-03-01T00:00:00Z,2026-08-21T00:00:00Z,8,8,XMR/USDT,,,,0,0,0,sha256_e606ca78497360fc0ec1042bb6ffe7a553818da8fe41f9ff04e1b6ca510a956a
MaxSharpePortfolio,spot_long,1d,PASS,policy=1;mode=spot;timeframe=1d;complete=8/8;availability_limited=1;sync_gaps=0;pair_gaps=0;aux_failures=0;duplicates=0,2020-03-01T00:00:00Z,2026-08-21T00:00:00Z,8,8,XMR/USDT,,,,0,0,0,sha256_e606ca78497360fc0ec1042bb6ffe7a553818da8fe41f9ff04e1b6ca510a956a
MinimumVariancePortfolio,spot_long,1d,PASS,policy=1;mode=spot;timeframe=1d;complete=8/8;availability_limited=1;sync_gaps=0;pair_gaps=0;aux_failures=0;duplicates=0,2020-03-01T00:00:00Z,2026-08-21T00:00:00Z,8,8,XMR/USDT,,,,0,0,0,sha256_e606ca78497360fc0ec1042bb6ffe7a553818da8fe41f9ff04e1b6ca510a956a
PolymarketPortfolio,spot_long,4h,PASS,policy=1;mode=spot;timeframe=4h;complete=8/8;availability_limited=1;sync_gaps=0;pair_gaps=0;aux_failures=0;duplicates=0,2020-03-01T00:00:00Z,2026-08-21T00:00:00Z,8,8,XMR/USDT,,,,0,0,0,sha256_3189fb1b70726edcb8094812a734108d82fb90f275749253fb8b98b5ce7d49ab
RiskParityPortfolio,spot_long,1d,PASS,policy=1;mode=spot;timeframe=1d;complete=8/8;availability_limited=1;sync_gaps=0;pair_gaps=0;aux_failures=0;duplicates=0,2020-03-01T00:00:00Z,2026-08-21T00:00:00Z,8,8,XMR/USDT,,,,0,0,0,sha256_e606ca78497360fc0ec1042bb6ffe7a553818da8fe41f9ff04e1b6ca510a956a
BasketStrategy,spot_long,4h,PASS,policy=1;mode=spot;timeframe=4h;complete=8/8;availability_limited=1;sync_gaps=0;pair_gaps=0;aux_failures=0;duplicates=0,2020-03-01T00:00:00Z,2026-08-21T00:00:00Z,8,8,XMR/USDT,,,,0,0,0,sha256_3189fb1b70726edcb8094812a734108d82fb90f275749253fb8b98b5ce7d49ab
MomentumRegimeBasket,spot_long,1d,PASS,policy=1;mode=spot;timeframe=1d;complete=8/8;availability_limited=1;sync_gaps=0;pair_gaps=0;aux_failures=0;duplicates=0,2020-03-01T00:00:00Z,2026-08-21T00:00:00Z,8,8,XMR/USDT,,,,0,0,0,sha256_e606ca78497360fc0ec1042bb6ffe7a553818da8fe41f9ff04e1b6ca510a956a
MomentumRegimeBasket15m,spot_long,15m,PASS,policy=1;mode=spot;timeframe=15m;complete=8/8;availability_limited=1;sync_gaps=13;pair_gaps=0;aux_failures=0;duplicates=0,2020-03-01T00:00:00Z,2026-08-21T00:00:00Z,8,8,XMR/USDT,,,,0,13,0,sha256_59786b266b1661ca08381b938b2ca9cb3b6f40aac0325e00be1faef371623b6e
BaseStrategy,spot_long,15m,PASS,policy=1;mode=spot;timeframe=15m;complete=8/8;availability_limited=1;sync_gaps=13;pair_gaps=0;aux_failures=0;duplicates=0,2020-03-01T00:00:00Z,2026-08-21T00:00:00Z,8,8,XMR/USDT,,,,0,13,0,sha256_59786b266b1661ca08381b938b2ca9cb3b6f40aac0325e00be1faef371623b6e
FundingCarry,spot_long,1h,PASS,policy=1;mode=spot;timeframe=1h;complete=8/8;availability_limited=1;sync_gaps=13;pair_gaps=0;aux_failures=0;duplicates=0,2020-03-01T00:00:00Z,2026-08-21T00:00:00Z,8,8,XMR/USDT,,,,0,13,0,sha256_ca7ff1931fd6c56a6b8207860a55741af9c20bb55de36000b62730174c4f2937
BuyRegions,spot_long,5m,PASS,policy=1;mode=spot;timeframe=5m;complete=8/8;availability_limited=1;sync_gaps=13;pair_gaps=0;aux_failures=0;duplicates=0,2020-03-01T00:00:00Z,2026-08-21T00:00:00Z,8,8,XMR/USDT,,,,0,13,0,sha256_e8d28cd87065e2c4fddc76d0370ed6ddf67047ffb0a8bbd02f4139488617d93b
Proton,futures_long_short,3m,PASS,policy=1;mode=futures;timeframe=3m;complete=8/8;availability_limited=0;sync_gaps=0;pair_gaps=0;aux_failures=0;duplicates=0,2020-03-01T00:00:00Z,2026-08-21T00:00:00Z,8,8,,,,,0,0,0,sha256_df4b6864dd9a070d84dbe6ecbe7ccd7df32bf85f47012bc1441a81c082f0886c
ClucHAnix_5M_E0V1E,spot_long,5m,PASS,policy=1;mode=spot;timeframe=5m;complete=8/8;availability_limited=1;sync_gaps=13;pair_gaps=0;aux_failures=0;duplicates=0,2020-03-01T00:00:00Z,2026-08-21T00:00:00Z,8,8,XMR/USDT,,,,0,13,0,sha256_e8d28cd87065e2c4fddc76d0370ed6ddf67047ffb0a8bbd02f4139488617d93b
bbandrsi,spot_long,15m,PASS,policy=1;mode=spot;timeframe=15m;complete=8/8;availability_limited=1;sync_gaps=13;pair_gaps=0;aux_failures=0;duplicates=0,2020-03-01T00:00:00Z,2026-08-21T00:00:00Z,8,8,XMR/USDT,,,,0,13,0,sha256_59786b266b1661ca08381b938b2ca9cb3b6f40aac0325e00be1faef371623b6e
FlawlessVictory,spot_long,15m,PASS,policy=1;mode=spot;timeframe=15m;complete=8/8;availability_limited=1;sync_gaps=13;pair_gaps=0;aux_failures=0;duplicates=0,2020-03-01T00:00:00Z,2026-08-21T00:00:00Z,8,8,XMR/USDT,,,,0,13,0,sha256_59786b266b1661ca08381b938b2ca9cb3b6f40aac0325e00be1faef371623b6e
Cluckie,spot_long,5m,PASS,policy=1;mode=spot;timeframe=5m;complete=8/8;availability_limited=1;sync_gaps=13;pair_gaps=0;aux_failures=0;duplicates=0,2020-03-01T00:00:00Z,2026-08-21T00:00:00Z,8,8,XMR/USDT,,,,0,13,0,sha256_e8d28cd87065e2c4fddc76d0370ed6ddf67047ffb0a8bbd02f4139488617d93b
Enchilada,spot_long,5m,PASS,policy=1;mode=spot;timeframe=5m;complete=8/8;availability_limited=1;sync_gaps=13;pair_gaps=0;aux_failures=0;duplicates=0,2020-03-01T00:00:00Z,2026-08-21T00:00:00Z,8,8,XMR/USDT,,,,0,13,0,sha256_e8d28cd87065e2c4fddc76d0370ed6ddf67047ffb0a8bbd02f4139488617d93b
Hacklemore,spot_long,5m,PASS,policy=1;mode=spot;timeframe=5m;complete=8/8;availability_limited=1;sync_gaps=13;pair_gaps=0;aux_failures=0;duplicates=0,2020-03-01T00:00:00Z,2026-08-21T00:00:00Z,8,8,XMR/USDT,,,,0,13,0,sha256_e8d28cd87065e2c4fddc76d0370ed6ddf67047ffb0a8bbd02f4139488617d93b
Hacklemost,spot_long,5m,PASS,policy=1;mode=spot;timeframe=5m;complete=8/8;availability_limited=1;sync_gaps=13;pair_gaps=0;aux_failures=0;duplicates=0,2020-03-01T00:00:00Z,2026-08-21T00:00:00Z,8,8,XMR/USDT,,,,0,13,0,sha256_e8d28cd87065e2c4fddc76d0370ed6ddf67047ffb0a8bbd02f4139488617d93b
ichi,spot_long,1h,PASS,policy=1;mode=spot;timeframe=1h;complete=8/8;availability_limited=1;sync_gaps=13;pair_gaps=0;aux_failures=0;duplicates=0,2020-03-01T00:00:00Z,2026-08-21T00:00:00Z,8,8,XMR/USDT,,,,0,13,0,sha256_ca7ff1931fd6c56a6b8207860a55741af9c20bb55de36000b62730174c4f2937
KAMACCIRSI_new,spot_long,5m,PASS,policy=1;mode=spot;timeframe=5m;complete=8/8;availability_limited=1;sync_gaps=13;pair_gaps=0;aux_failures=0;duplicates=0,2020-03-01T00:00:00Z,2026-08-21T00:00:00Z,8,8,XMR/USDT,,,,0,13,0,sha256_e8d28cd87065e2c4fddc76d0370ed6ddf67047ffb0a8bbd02f4139488617d93b
Lateralus,spot_long,5m,PASS,policy=1;mode=spot;timeframe=5m;complete=8/8;availability_limited=1;sync_gaps=13;pair_gaps=0;aux_failures=0;duplicates=0,2020-03-01T00:00:00Z,2026-08-21T00:00:00Z,8,8,XMR/USDT,,,,0,13,0,sha256_e8d28cd87065e2c4fddc76d0370ed6ddf67047ffb0a8bbd02f4139488617d93b
gettinMoist,spot_long,5m,PASS,policy=1;mode=spot;timeframe=5m;complete=8/8;availability_limited=1;sync_gaps=13;pair_gaps=0;aux_failures=0;duplicates=0,2020-03-01T00:00:00Z,2026-08-21T00:00:00Z,8,8,XMR/USDT,,,,0,13,0,sha256_e8d28cd87065e2c4fddc76d0370ed6ddf67047ffb0a8bbd02f4139488617d93b
