strategy_id,run_profile,implementation_id,canonical_file,canonical_population,repair_class,equivalence_status,artifact_role,canonical_measured,canonical_observed_trades,trade_evidence_source,validated_modes,lookahead,recursive,lookahead_evidence_source,recursive_evidence_source,bias_evidence_mode,recursive_kind,traps_n,coverage_status,coverage_evidence,regime_eligible,eligibility_status,exclusion_reasons,pending_reasons,coverage_policy
RegimeFilterStrategy,futures_long_short,RegimeFilterStrategy:11c48354d533,repos/Bananajoexxc_RegimeFilterStrategy-Freqtrade/strategies/RegimeFilterStrategy.py,original,,not_applicable,strategy,true,65,runtime_smoke,futures,PASS,PASS,canonical_native,canonical_native,futures,,0,PASS,policy=1;mode=futures;timeframe=1h;complete=8/8;availability_limited=0;sync_gaps=0;pair_gaps=0;aux_failures=0;duplicates=0,true,eligible,,,pair_available_history;verify_exact_regime_window_before_run
AdvancedRiskFilterStrategy,spot_long,AdvancedRiskFilterStrategy:bcb660284ad4,repos/DonaldSimpson_remora-freqtrade/examples/advanced_risk_filter_strategy.py,original,,not_applicable,strategy,false,,,,NA,PASS,missing,historical_spot,,,0,PASS,policy=1;mode=spot;timeframe=5m;complete=8/8;availability_limited=1;sync_gaps=13;pair_gaps=0;aux_failures=0;duplicates=0,false,ineligible,canonical_implementation_not_measured,native_mode_not_runtime_validated;lookahead_not_completed,pair_available_history;verify_exact_regime_window_before_run
SimpleRiskFilterStrategy,spot_long,SimpleRiskFilterStrategy:349288612da4,repos/DonaldSimpson_remora-freqtrade/examples/simple_risk_filter_strategy.py,original,,not_applicable,strategy,false,,,,NA,NA,missing,missing,,,0,PASS,policy=1;mode=spot;timeframe=5m;complete=8/8;availability_limited=1;sync_gaps=13;pair_gaps=0;aux_failures=0;duplicates=0,false,ineligible,canonical_implementation_not_measured,native_mode_not_runtime_validated;lookahead_not_completed;recursive_bias_not_completed,pair_available_history;verify_exact_regime_window_before_run
MacdStrategy,spot_long,MacdStrategy:e06777de204f,repos/DutchCryptoDad_FreqtradeBotStrategyDevelopmentForBeginners/MacdStrategy.py,original,,not_applicable,strategy,true,454,historical_ledger,spot,PASS,PASS,canonical_native,historical_spot,spot,,0,PASS,policy=1;mode=spot;timeframe=1d;complete=8/8;availability_limited=1;sync_gaps=0;pair_gaps=0;aux_failures=0;duplicates=0,true,eligible,,,pair_available_history;verify_exact_regime_window_before_run
MyStrategyTemplate,spot_long,MyStrategyTemplate:2a53430c587a,repos/DutchCryptoDad_FreqtradeBotStrategyDevelopmentForBeginners/MyStrategyTemplate.py,original,,not_applicable,strategy,false,,,,NA,PASS,missing,historical_spot,,,0,PASS,policy=1;mode=spot;timeframe=5m;complete=8/8;availability_limited=1;sync_gaps=13;pair_gaps=0;aux_failures=0;duplicates=0,false,ineligible,canonical_implementation_not_measured,native_mode_not_runtime_validated;lookahead_not_completed,pair_available_history;verify_exact_regime_window_before_run
SmaRsiStrategy,spot_long,SmaRsiStrategy:d2d0c1e93cee,repos/DutchCryptoDad_FreqtradeBotStrategyDevelopmentForBeginners/SmaRsiStrategy.py,original,,not_applicable,strategy,true,575,historical_ledger,spot,PASS,FOUND,historical_spot,historical_spot,,drift_measured,0,PASS,policy=1;mode=spot;timeframe=1d;complete=8/8;availability_limited=1;sync_gaps=0;pair_gaps=0;aux_failures=0;duplicates=0,false,ineligible,recursive_bias_found,,pair_available_history;verify_exact_regime_window_before_run
SampleStrategy,spot_long,SampleStrategy:3ec261a86d86,repos/DutchCryptoDad_FreqtradeBotStrategyDevelopmentForBeginners/sample_strategy.py,original,,not_applicable,strategy,true,12724,historical_ledger,spot,PASS,FOUND,historical_spot,historical_spot,,drift_measured,0,PASS,policy=1;mode=spot;timeframe=5m;complete=8/8;availability_limited=1;sync_gaps=13;pair_gaps=0;aux_failures=0;duplicates=0,false,ineligible,recursive_bias_found,,pair_available_history;verify_exact_regime_window_before_run
ASDTSRockwellTrading,spot_long,ASDTSRockwellTrading:a8bfcc43a306,repos/Foxel05_freqtrade-stuff/strategies/ASDTSRockwellTrading.py,original,,not_applicable,strategy,true,29952,historical_ledger,spot,PASS,FOUND,historical_spot,historical_spot,,refused_no_warmup,0,PASS,policy=1;mode=spot;timeframe=5m;complete=8/8;availability_limited=1;sync_gaps=13;pair_gaps=0;aux_failures=0;duplicates=0,false,ineligible,recursive_bias_found,,pair_available_history;verify_exact_regime_window_before_run
BBRSI,spot_long,BBRSI:8a5058ea5a2e,repos/Foxel05_freqtrade-stuff/strategies/BBRSI.py,original,,not_applicable,strategy,false,,,,NA,PASS,missing,historical_spot,,,0,PENDING,unsupported_or_unknown_profile,false,ineligible,canonical_implementation_not_measured,native_mode_not_runtime_validated;lookahead_not_completed;exact_regime_window_coverage_not_verified,pair_available_history;verify_exact_regime_window_before_run
BigZ04_TSL4,spot_long,BigZ04_TSL4:51f93fa45411,repos/Foxel05_freqtrade-stuff/strategies/BigZ04_TSL4.py,original,,not_applicable,strategy,true,1756,historical_ledger,spot,PASS,PASS,historical_spot,historical_spot,,,0,PASS,policy=1;mode=spot;timeframe=5m;complete=8/8;availability_limited=1;sync_gaps=13;pair_gaps=0;aux_failures=0;duplicates=0,true,eligible,,,pair_available_history;verify_exact_regime_window_before_run
BinHV45,spot_long,BinHV45:dad74375f7b6,repos/Foxel05_freqtrade-stuff/strategies/BinHV45.py,original,,not_applicable,strategy,true,749,historical_ledger,spot,PASS,FOUND,historical_spot,historical_spot,,refused_no_warmup,0,PASS,policy=1;mode=spot;timeframe=1m;complete=8/8;availability_limited=1;sync_gaps=13;pair_gaps=0;aux_failures=0;duplicates=0,false,ineligible,recursive_bias_found,,pair_available_history;verify_exact_regime_window_before_run
Combined_NFIv7_SMA,spot_long,Combined_NFIv7_SMA:cc7aa357999a,repos/Foxel05_freqtrade-stuff/strategies/Combined_NFIv7_SMA.py,original,,not_applicable,strategy,true,927,historical_ledger,spot,PASS,FOUND,historical_spot,historical_spot,,drift_measured,0,PASS,policy=1;mode=spot;timeframe=5m;complete=8/8;availability_limited=1;sync_gaps=13;pair_gaps=0;aux_failures=0;duplicates=0,false,ineligible,recursive_bias_found,,pair_available_history;verify_exact_regime_window_before_run
Dimond,spot_long,Dimond:4376ba0fb9f4,repos/Foxel05_freqtrade-stuff/strategies/Dimond.py,repaired,class1,strict_equivalent,strategy,true,3,class1_result_card,spot,NA,FOUND,missing,canonical_native,spot,,0,PASS,policy=1;mode=spot;timeframe=5m;complete=8/8;availability_limited=1;sync_gaps=13;pair_gaps=0;aux_failures=0;duplicates=0,false,ineligible,recursive_bias_found,lookahead_not_completed,pair_available_history;verify_exact_regime_window_before_run
ElliotV7,spot_long,ElliotV7:33e3212d178f,repos/Foxel05_freqtrade-stuff/strategies/ElliotV7.py,original,,not_applicable,strategy,true,554,historical_ledger,spot,NA,FOUND,missing,historical_spot,,drift_measured,0,PASS,policy=1;mode=spot;timeframe=5m;complete=8/8;availability_limited=1;sync_gaps=13;pair_gaps=0;aux_failures=0;duplicates=0,false,ineligible,recursive_bias_found,lookahead_not_completed,pair_available_history;verify_exact_regime_window_before_run
Elliotv8,spot_long,Elliotv8:8881381c69d4,repos/Foxel05_freqtrade-stuff/strategies/ElliotV8.py,original,,not_applicable,strategy,true,620,historical_ledger,spot,NA,FOUND,missing,historical_spot,,drift_measured,1,PASS,policy=1;mode=spot;timeframe=5m;complete=8/8;availability_limited=1;sync_gaps=13;pair_gaps=0;aux_failures=0;duplicates=0,false,ineligible,recursive_bias_found;technical_trap_found,lookahead_not_completed,pair_available_history;verify_exact_regime_window_before_run
ElliotV8_original_ichiv3,spot_long,ElliotV8_original_ichiv3:348d96d3ab08,repos/Foxel05_freqtrade-stuff/strategies/ElliotV8_original_ichiv3.py,original,,not_applicable,strategy,true,1456,historical_ledger,spot,NA,FOUND,missing,historical_spot,,drift_measured,1,PASS,policy=1;mode=spot;timeframe=5m;complete=8/8;availability_limited=1;sync_gaps=13;pair_gaps=0;aux_failures=0;duplicates=0,false,ineligible,recursive_bias_found;technical_trap_found,lookahead_not_completed,pair_available_history;verify_exact_regime_window_before_run
Inverse,spot_long,Inverse:28baa0e82861,repos/Foxel05_freqtrade-stuff/strategies/Inverse.py,original,,not_applicable,strategy,true,2470,historical_ledger,spot,PASS,FOUND,historical_spot,historical_spot,,drift_measured,0,PASS,policy=1;mode=spot;timeframe=1h;complete=8/8;availability_limited=1;sync_gaps=13;pair_gaps=0;aux_failures=0;duplicates=0,false,ineligible,recursive_bias_found,,pair_available_history;verify_exact_regime_window_before_run
InverseV2,spot_long,InverseV2:cff8f7be447a,repos/Foxel05_freqtrade-stuff/strategies/InverseV2.py,original,,not_applicable,strategy,true,989,historical_ledger,spot,PASS,FOUND,historical_spot,historical_spot,,drift_measured,0,PASS,policy=1;mode=spot;timeframe=1h;complete=8/8;availability_limited=1;sync_gaps=13;pair_gaps=0;aux_failures=0;duplicates=0,false,ineligible,recursive_bias_found,,pair_available_history;verify_exact_regime_window_before_run
MacheteV8b,spot_long,MacheteV8b:03e93809d877,repos/Foxel05_freqtrade-stuff/strategies/MacheteV8b.py,original,,not_applicable,strategy,false,,,,NA,FOUND,missing,historical_spot,,drift_measured,0,PASS,policy=1;mode=spot;timeframe=15m;complete=8/8;availability_limited=1;sync_gaps=13;pair_gaps=0;aux_failures=0;duplicates=0,false,ineligible,canonical_implementation_not_measured;recursive_bias_found,native_mode_not_runtime_validated;lookahead_not_completed,pair_available_history;verify_exact_regime_window_before_run
MultiMA_TSL,spot_long,MultiMA_TSL:7e8f8a956c7f,repos/Foxel05_freqtrade-stuff/strategies/MultiMA_TSL.py,original,,not_applicable,strategy,false,,,,NA,FOUND,missing,historical_spot,,drift_measured,0,PASS,policy=1;mode=spot;timeframe=5m;complete=8/8;availability_limited=1;sync_gaps=13;pair_gaps=0;aux_failures=0;duplicates=0,false,ineligible,canonical_implementation_not_measured;recursive_bias_found,native_mode_not_runtime_validated;lookahead_not_completed,pair_available_history;verify_exact_regime_window_before_run
MultiOffsetLamboV0,spot_long,MultiOffsetLamboV0:e23c904ac28e,repos/Foxel05_freqtrade-stuff/strategies/MultiOffsetLamboV0.py,original,,not_applicable,strategy,true,200,historical_ledger,spot,NA,FOUND,missing,historical_spot,,drift_measured,0,PASS,policy=1;mode=spot;timeframe=5m;complete=8/8;availability_limited=1;sync_gaps=13;pair_gaps=0;aux_failures=0;duplicates=0,false,ineligible,recursive_bias_found,lookahead_not_completed,pair_available_history;verify_exact_regime_window_before_run
NASOSv4,spot_long,NASOSv4:95f4a4295729,repos/Foxel05_freqtrade-stuff/strategies/NASOSv4.py,original,,not_applicable,strategy,true,1352,historical_ledger,spot,NA,FOUND,missing,historical_spot,,drift_measured,1,PASS,policy=1;mode=spot;timeframe=5m;complete=8/8;availability_limited=1;sync_gaps=13;pair_gaps=0;aux_failures=0;duplicates=0,false,ineligible,recursive_bias_found;technical_trap_found,lookahead_not_completed,pair_available_history;verify_exact_regime_window_before_run
Nostalgia,spot_long,Nostalgia:e471c36ab08b,repos/Foxel05_freqtrade-stuff/strategies/Nostalgia.py,original,,not_applicable,strategy,true,834,historical_ledger,spot,PASS,FOUND,historical_spot,historical_spot,,drift_measured,0,PASS,policy=1;mode=spot;timeframe=5m;complete=8/8;availability_limited=1;sync_gaps=13;pair_gaps=0;aux_failures=0;duplicates=0,false,ineligible,recursive_bias_found,,pair_available_history;verify_exact_regime_window_before_run
NostalgiaForInfinityNext,spot_long,NostalgiaForInfinityNext:6699a897dded,repair/patched/repos/Foxel05_freqtrade-stuff/strategies/NostalgiaForInfinityNext.py,repaired,class2,strict_equivalent,strategy,false,,freqai_result_card,,NA,NA,missing,missing,,,0,PASS,policy=1;mode=spot;timeframe=5m;complete=8/8;availability_limited=1;sync_gaps=13;pair_gaps=0;aux_failures=0;duplicates=0,false,ineligible,canonical_implementation_not_measured,native_mode_not_runtime_validated;lookahead_not_completed;recursive_bias_not_completed,pair_available_history;verify_exact_regime_window_before_run
NostalgiaForInfinityV5MultiOffsetAndHO,spot_long,NostalgiaForInfinityV5MultiOffsetAndHO:c45e11c692e5,repos/Foxel05_freqtrade-stuff/strategies/NostalgiaForInfinityV5MultiOffsetAndHO.py,original,,not_applicable,strategy,true,1766,historical_ledger,spot,PASS,FOUND,historical_spot,historical_spot,,drift_measured,0,PASS,policy=1;mode=spot;timeframe=5m;complete=8/8;availability_limited=1;sync_gaps=13;pair_gaps=0;aux_failures=0;duplicates=0,false,ineligible,recursive_bias_found,,pair_available_history;verify_exact_regime_window_before_run
NotAnotherSMAOffSetStrategy_V2,spot_long,NotAnotherSMAOffSetStrategy_V2:be38c0ea3f29,repos/Foxel05_freqtrade-stuff/strategies/NotAnotherSMAOffSetStrategy_V2.py,repaired,class1,strict_equivalent,strategy,true,3,class1_result_card,spot,NA,FOUND,missing,historical_spot,,drift_measured,0,PASS,policy=1;mode=spot;timeframe=5m;complete=8/8;availability_limited=1;sync_gaps=13;pair_gaps=0;aux_failures=0;duplicates=0,false,ineligible,recursive_bias_found,lookahead_not_completed,pair_available_history;verify_exact_regime_window_before_run
NotAnotherSMAOffsetStrategyHOv3,spot_long,NotAnotherSMAOffsetStrategyHOv3:b083a1a126cd,repos/Foxel05_freqtrade-stuff/strategies/NotAnotherSMAOffsetStrategyHOv3_b.py,original,,not_applicable,strategy,true,752,historical_ledger,spot,NA,FOUND,missing,historical_spot,,drift_measured,0,PASS,policy=1;mode=spot;timeframe=5m;complete=8/8;availability_limited=1;sync_gaps=13;pair_gaps=0;aux_failures=0;duplicates=0,false,ineligible,recursive_bias_found,lookahead_not_completed,pair_available_history;verify_exact_regime_window_before_run
NotAnotherSMAOffsetStrategyLite,spot_long,NotAnotherSMAOffsetStrategyLite:bd75cf33eb1e,repos/Foxel05_freqtrade-stuff/strategies/NotAnotherSMAOffsetStrategyLite.py,original,,not_applicable,strategy,true,1415,historical_ledger,spot,PASS,FOUND,historical_spot,historical_spot,,drift_measured,0,PASS,policy=1;mode=spot;timeframe=5m;complete=8/8;availability_limited=1;sync_gaps=13;pair_gaps=0;aux_failures=0;duplicates=0,false,ineligible,recursive_bias_found,,pair_available_history;verify_exact_regime_window_before_run
NotAnotherSMAOffsetStrategyModHO,spot_long,NotAnotherSMAOffsetStrategyModHO:7c14f6484461,repos/Foxel05_freqtrade-stuff/strategies/NotAnotherSMAOffsetStrategyModHO.py,original,,not_applicable,strategy,true,1144,historical_ledger,spot,NA,FOUND,missing,historical_spot,,drift_measured,0,PASS,policy=1;mode=spot;timeframe=5m;complete=8/8;availability_limited=1;sync_gaps=13;pair_gaps=0;aux_failures=0;duplicates=0,false,ineligible,recursive_bias_found,lookahead_not_completed,pair_available_history;verify_exact_regime_window_before_run
NotAnotherSMAOffsetStrategy_uzi,spot_long,NotAnotherSMAOffsetStrategy_uzi:0cda61e3ee00,repos/Foxel05_freqtrade-stuff/strategies/NotAnotherSMAOffsetStrategy_uzi.py,original,,not_applicable,strategy,true,651,historical_ledger,spot,NA,FOUND,missing,historical_spot,,drift_measured,0,PASS,policy=1;mode=spot;timeframe=5m;complete=8/8;availability_limited=1;sync_gaps=13;pair_gaps=0;aux_failures=0;duplicates=0,false,ineligible,recursive_bias_found,lookahead_not_completed,pair_available_history;verify_exact_regime_window_before_run
NotAnotherSMAOffsetStrategy_uzi3,spot_long,NotAnotherSMAOffsetStrategy_uzi3:b97d05116399,repos/Foxel05_freqtrade-stuff/strategies/NotAnotherSMAOffsetStrategy_uzi3.py,original,,not_applicable,strategy,true,1171,historical_ledger,spot,NA,FOUND,missing,historical_spot,,drift_measured,0,PASS,policy=1;mode=spot;timeframe=5m;complete=8/8;availability_limited=1;sync_gaps=13;pair_gaps=0;aux_failures=0;duplicates=0,false,ineligible,recursive_bias_found,lookahead_not_completed,pair_available_history;verify_exact_regime_window_before_run
Obelisk_Ichimoku_ZEMA_v1,spot_long,Obelisk_Ichimoku_ZEMA_v1:7a1b81b4df70,repair/patched/repos/Foxel05_freqtrade-stuff/strategies/Obelisk_Ichimoku_ZEMA_v1.py,repaired,class2,strict_equivalent,strategy,false,,freqai_result_card,,NA,NA,missing,missing,,,0,PASS,policy=1;mode=spot;timeframe=5m;complete=8/8;availability_limited=1;sync_gaps=13;pair_gaps=0;aux_failures=0;duplicates=0,false,ineligible,canonical_implementation_not_measured,native_mode_not_runtime_validated;lookahead_not_completed;recursive_bias_not_completed,pair_available_history;verify_exact_regime_window_before_run
RalliV1,spot_long,RalliV1:e3021aa4639b,repos/Foxel05_freqtrade-stuff/strategies/RalliV1.py,original,,not_applicable,strategy,true,657,historical_ledger,spot,NA,FOUND,missing,historical_spot,,drift_measured,0,PASS,policy=1;mode=spot;timeframe=5m;complete=8/8;availability_limited=1;sync_gaps=13;pair_gaps=0;aux_failures=0;duplicates=0,false,ineligible,recursive_bias_found,lookahead_not_completed,pair_available_history;verify_exact_regime_window_before_run
RaposaDivergenceV1,spot_long,RaposaDivergenceV1:ee9a86daf635,repos/Foxel05_freqtrade-stuff/strategies/RaposaDivergenceV1.py,original,,not_applicable,strategy,false,,,,NA,FOUND,missing,historical_spot,,drift_measured,0,PASS,policy=1;mode=spot;timeframe=5m;complete=8/8;availability_limited=1;sync_gaps=13;pair_gaps=0;aux_failures=0;duplicates=0,false,ineligible,canonical_implementation_not_measured;recursive_bias_found,native_mode_not_runtime_validated;lookahead_not_completed,pair_available_history;verify_exact_regime_window_before_run
SMAOG,spot_long,SMAOG:5909c02736a7,repos/Foxel05_freqtrade-stuff/strategies/SMAOG.py,original,,not_applicable,strategy,true,538,historical_ledger,spot,PASS,PASS,canonical_native,canonical_native,spot,,0,PASS,policy=1;mode=spot;timeframe=5m;complete=8/8;availability_limited=1;sync_gaps=13;pair_gaps=0;aux_failures=0;duplicates=0,true,eligible,,,pair_available_history;verify_exact_regime_window_before_run
SMAOffsetProtectOptV1,spot_long,SMAOffsetProtectOptV1:7c32c9693d44,repos/Foxel05_freqtrade-stuff/strategies/SMAOffsetProtectOptV1.py,original,,not_applicable,strategy,true,203,historical_ledger,spot,NA,FOUND,missing,historical_spot,,drift_measured,0,PASS,policy=1;mode=spot;timeframe=5m;complete=8/8;availability_limited=1;sync_gaps=13;pair_gaps=0;aux_failures=0;duplicates=0,false,ineligible,recursive_bias_found,lookahead_not_completed,pair_available_history;verify_exact_regime_window_before_run
Macd,spot_long,Macd:446ed2df0ec1,repos/Foxel05_freqtrade-stuff/strategies/macd.py,original,,not_applicable,strategy,true,1068,historical_ledger,spot,PASS,FOUND,historical_spot,historical_spot,,refused_no_warmup,0,PASS,policy=1;mode=spot;timeframe=1h;complete=8/8;availability_limited=1;sync_gaps=13;pair_gaps=0;aux_failures=0;duplicates=0,false,ineligible,recursive_bias_found,,pair_available_history;verify_exact_regime_window_before_run
MyStratV1,spot_long,MyStratV1:5f95a1cf1609,repos/Foxel05_freqtrade-stuff/strategies/test.py,original,,not_applicable,strategy,true,684,historical_ledger,spot,PASS,FOUND,historical_spot,historical_spot,,drift_measured,0,PASS,policy=1;mode=spot;timeframe=5m;complete=8/8;availability_limited=1;sync_gaps=13;pair_gaps=0;aux_failures=0;duplicates=0,false,ineligible,recursive_bias_found,,pair_available_history;verify_exact_regime_window_before_run
AdaptiveRenkoStrategy,futures_long_short,AdaptiveRenkoStrategy:b1efced546db,repos/HeyMrRobot_Freqtrade-Adaptive-Renko-Strategy/AdaptiveRenkoStrategy.py,original,,not_applicable,strategy,false,,,,NA,NA,missing,historical_spot_not_inherited,,,0,PASS,policy=1;mode=futures;timeframe=3m;complete=8/8;availability_limited=0;sync_gaps=0;pair_gaps=0;aux_failures=0;duplicates=0,false,ineligible,canonical_implementation_not_measured,native_mode_not_runtime_validated;lookahead_not_completed;recursive_bias_not_completed,pair_available_history;verify_exact_regime_window_before_run
NotAnotherSMAOffsetStrategy,spot_long,NotAnotherSMAOffsetStrategy:133148024e56,repos/Juusseli_Trade/NotAnotherSMAOffsetStrategy.py,original,,not_applicable,strategy,true,898,historical_ledger,spot,NA,FOUND,missing,historical_spot,,drift_measured,0,PASS,policy=1;mode=spot;timeframe=5m;complete=8/8;availability_limited=1;sync_gaps=13;pair_gaps=0;aux_failures=0;duplicates=0,false,ineligible,recursive_bias_found,lookahead_not_completed,pair_available_history;verify_exact_regime_window_before_run
FTT_DWT_FBB_FUTURES,futures_long_short,FTT_DWT_FBB_FUTURES:afe6cdaf156b,user_data/profile_repairs/FTT_DWT_FBB_FUTURES.py,repaired,class2,strict_equivalent,strategy,true,941,runtime_smoke,futures,PASS,FOUND,canonical_native,canonical_native,futures,,0,PASS,policy=1;mode=futures;timeframe=5m;complete=8/8;availability_limited=0;sync_gaps=0;pair_gaps=0;aux_failures=0;duplicates=0,false,ineligible,recursive_bias_found,,pair_available_history;verify_exact_regime_window_before_run
BinClucMadSMADevelop,spot_long,BinClucMadSMADevelop:38f0320c8f90,repos/MMR-19_freqtrade-strategies/strategies/BinClucMadSMADevelop.py,original,,not_applicable,strategy,false,,,,NA,FOUND,missing,historical_spot,,drift_measured,0,PASS,policy=1;mode=spot;timeframe=5m;complete=8/8;availability_limited=1;sync_gaps=13;pair_gaps=0;aux_failures=0;duplicates=0,false,ineligible,canonical_implementation_not_measured;recursive_bias_found,native_mode_not_runtime_validated;lookahead_not_completed,pair_available_history;verify_exact_regime_window_before_run
EI3v2_tag_cofi_green,spot_long,EI3v2_tag_cofi_green:347903c0df5c,repos/MMR-19_freqtrade-strategies/strategies/EI3v2_tag_cofi_green.py,original,,not_applicable,strategy,true,3366,historical_ledger,spot,PASS,FOUND,historical_spot,historical_spot,,drift_measured,1,PASS,policy=1;mode=spot;timeframe=5m;complete=8/8;availability_limited=1;sync_gaps=13;pair_gaps=0;aux_failures=0;duplicates=0,false,ineligible,recursive_bias_found;technical_trap_found,,pair_available_history;verify_exact_regime_window_before_run
MultiMA_TSL5,spot_long,MultiMA_TSL5:389505ebb118,repos/MMR-19_freqtrade-strategies/strategies/MultiMA_TSL5.py,original,,not_applicable,strategy,false,,,,NA,NA,missing,missing,,,0,PASS,policy=1;mode=spot;timeframe=5m;complete=8/8;availability_limited=1;sync_gaps=13;pair_gaps=0;aux_failures=0;duplicates=0,false,ineligible,canonical_implementation_not_measured,native_mode_not_runtime_validated;lookahead_not_completed;recursive_bias_not_completed,pair_available_history;verify_exact_regime_window_before_run
NotAnotherSMAOffsetStrategyHO,spot_long,NotAnotherSMAOffsetStrategyHO:163e1320d188,repos/MMR-19_freqtrade-strategies/strategies/NotAnotherSMAOffSetStrategyHO.py,original,,not_applicable,strategy,true,905,historical_ledger,spot,NA,FOUND,missing,historical_spot,,drift_measured,0,PASS,policy=1;mode=spot;timeframe=5m;complete=8/8;availability_limited=1;sync_gaps=13;pair_gaps=0;aux_failures=0;duplicates=0,false,ineligible,recursive_bias_found,lookahead_not_completed,pair_available_history;verify_exact_regime_window_before_run
tesla4,spot_long,tesla4:229cf5faac5f,repos/MMR-19_freqtrade-strategies/strategies/Tesla4.py,repaired,class1,strict_equivalent,strategy,true,3,class1_result_card,spot,NA,FOUND,missing,historical_spot,,drift_measured,1,PASS,policy=1;mode=spot;timeframe=5m;complete=8/8;availability_limited=1;sync_gaps=13;pair_gaps=0;aux_failures=0;duplicates=0,false,ineligible,recursive_bias_found;technical_trap_found,lookahead_not_completed,pair_available_history;verify_exact_regime_window_before_run
tesla7,spot_long,tesla7:00c21c324a08,repos/MMR-19_freqtrade-strategies/strategies/Tesla7.py,repaired,class1,strict_equivalent,strategy,true,4,class1_result_card,spot,NA,FOUND,missing,historical_spot,,drift_measured,1,PASS,policy=1;mode=spot;timeframe=5m;complete=8/8;availability_limited=1;sync_gaps=13;pair_gaps=0;aux_failures=0;duplicates=0,false,ineligible,recursive_bias_found;technical_trap_found,lookahead_not_completed,pair_available_history;verify_exact_regime_window_before_run
AdxSmasS,futures_short,AdxSmasS:c6ec923fd109,repos/MelvynClark_Freqtrade-Strategy/AdxSmas - S.py,original,,not_applicable,strategy,true,74,runtime_smoke,futures,PASS,FOUND,canonical_native,canonical_native,futures,,0,PASS,policy=1;mode=futures;timeframe=1h;complete=8/8;availability_limited=0;sync_gaps=0;pair_gaps=0;aux_failures=0;duplicates=0,false,ineligible,recursive_bias_found,,pair_available_history;verify_exact_regime_window_before_run
AwesomeMacd,spot_long,AwesomeMacd:cd96564fec14,repos/MelvynClark_Freqtrade-Strategy/AwesomeMACD/AwesomeMacd.py,original,,not_applicable,strategy,true,3989,historical_ledger,spot,PASS,FOUND,historical_spot,historical_spot,,refused_no_warmup,0,PASS,policy=1;mode=spot;timeframe=1h;complete=8/8;availability_limited=1;sync_gaps=13;pair_gaps=0;aux_failures=0;duplicates=0,false,ineligible,recursive_bias_found,,pair_available_history;verify_exact_regime_window_before_run
AwesomeMacdS,spot_long,AwesomeMacdS:8ccbb0588a3c,repos/MelvynClark_Freqtrade-Strategy/AwesomeMACD/AwesomeMacdS.py,original,,not_applicable,strategy,false,,,,NA,FOUND,missing,historical_spot,,refused_no_warmup,0,PASS,policy=1;mode=spot;timeframe=1h;complete=8/8;availability_limited=1;sync_gaps=13;pair_gaps=0;aux_failures=0;duplicates=0,false,ineligible,canonical_implementation_not_measured;recursive_bias_found,native_mode_not_runtime_validated;lookahead_not_completed,pair_available_history;verify_exact_regime_window_before_run
FOttStrategy,futures_long_short,FOttStrategy:6825ddc4bb1e,repos/MelvynClark_Freqtrade-Strategy/FOTT.py,original,,not_applicable,strategy,true,0,runtime_smoke,futures,NA,PASS,missing,canonical_native,futures,,0,PASS,policy=1;mode=futures;timeframe=15m;complete=8/8;availability_limited=0;sync_gaps=0;pair_gaps=0;aux_failures=0;duplicates=0,false,pending_diagnostics,,zero_trades_in_smoke_requires_full_window;lookahead_not_completed;futures_mode_bias_diagnostics_not_completed,pair_available_history;verify_exact_regime_window_before_run
FSupertrendStrategyBTC,spot_long,FSupertrendStrategyBTC:166789d38800,repos/MelvynClark_Freqtrade-Strategy/FSupertrendStrategy - BTC.py,original,,not_applicable,strategy,false,,,,NA,PASS,missing,historical_spot,,,0,PASS,policy=1;mode=spot;timeframe=1h;complete=8/8;availability_limited=1;sync_gaps=13;pair_gaps=0;aux_failures=0;duplicates=0,false,ineligible,canonical_implementation_not_measured,native_mode_not_runtime_validated;lookahead_not_completed,pair_available_history;verify_exact_regime_window_before_run
FSupertrendStrategyETH,spot_long,FSupertrendStrategyETH:1431b0900647,repos/MelvynClark_Freqtrade-Strategy/FSupertrendStrategy - ETH.py,original,,not_applicable,strategy,false,,,,NA,PASS,missing,historical_spot,,,0,PASS,policy=1;mode=spot;timeframe=1h;complete=8/8;availability_limited=1;sync_gaps=13;pair_gaps=0;aux_failures=0;duplicates=0,false,ineligible,canonical_implementation_not_measured,native_mode_not_runtime_validated;lookahead_not_completed,pair_available_history;verify_exact_regime_window_before_run
MACDRS,futures_long_short,MACDRS:9bfb781a26cb,repos/MelvynClark_Freqtrade-Strategy/MACDR/Futures MACD Crossover 5 candles ago.py,original,,not_applicable,strategy,true,613,runtime_smoke,futures,PASS,FOUND,canonical_native,canonical_native,futures,,0,PASS,policy=1;mode=futures;timeframe=5m;complete=8/8;availability_limited=0;sync_gaps=0;pair_gaps=0;aux_failures=0;duplicates=0,false,ineligible,recursive_bias_found,,pair_available_history;verify_exact_regime_window_before_run
MACDRL,futures_long,MACDRL:bfe6537cf2a6,repos/MelvynClark_Freqtrade-Strategy/MACDR/MACDStrategy - robert long.py,original,,not_applicable,strategy,true,200,runtime_smoke,futures,PASS,FOUND,canonical_native,canonical_native,futures,,0,PASS,policy=1;mode=futures;timeframe=5m;complete=8/8;availability_limited=0;sync_gaps=0;pair_gaps=0;aux_failures=0;duplicates=0,false,ineligible,recursive_bias_found,,pair_available_history;verify_exact_regime_window_before_run
MACDStrategyADA,spot_long,MACDStrategyADA:10fe039bf4c0,repos/MelvynClark_Freqtrade-Strategy/MACDStrategy - ADA.py,original,,not_applicable,strategy,true,7456,historical_ledger,spot,PASS,FOUND,historical_spot,historical_spot,,refused_no_warmup,0,PASS,policy=1;mode=spot;timeframe=5m;complete=8/8;availability_limited=1;sync_gaps=13;pair_gaps=0;aux_failures=0;duplicates=0,false,ineligible,recursive_bias_found,,pair_available_history;verify_exact_regime_window_before_run
MACDStrategyAVAX,spot_long,MACDStrategyAVAX:99caf98ab9bd,repos/MelvynClark_Freqtrade-Strategy/MACDStrategy - AVAX.py,original,,not_applicable,strategy,true,7456,historical_ledger,spot,PASS,FOUND,historical_spot,historical_spot,,refused_no_warmup,0,PASS,policy=1;mode=spot;timeframe=5m;complete=8/8;availability_limited=1;sync_gaps=13;pair_gaps=0;aux_failures=0;duplicates=0,false,ineligible,recursive_bias_found,,pair_available_history;verify_exact_regime_window_before_run
MACDStrategyBTC,spot_long,MACDStrategyBTC:0f82e3251478,repos/MelvynClark_Freqtrade-Strategy/MACDStrategy - BTC.py,original,,not_applicable,strategy,true,7456,historical_ledger,spot,PASS,FOUND,historical_spot,historical_spot,,refused_no_warmup,0,PASS,policy=1;mode=spot;timeframe=5m;complete=8/8;availability_limited=1;sync_gaps=13;pair_gaps=0;aux_failures=0;duplicates=0,false,ineligible,recursive_bias_found,,pair_available_history;verify_exact_regime_window_before_run
MACDStrategyENJ,spot_long,MACDStrategyENJ:f81a4ca780d7,repos/MelvynClark_Freqtrade-Strategy/MACDStrategy - ENJ.py,original,,not_applicable,strategy,true,7456,historical_ledger,spot,PASS,FOUND,historical_spot,historical_spot,,refused_no_warmup,0,PASS,policy=1;mode=spot;timeframe=5m;complete=8/8;availability_limited=1;sync_gaps=13;pair_gaps=0;aux_failures=0;duplicates=0,false,ineligible,recursive_bias_found,,pair_available_history;verify_exact_regime_window_before_run
MACDStrategyETC,spot_long,MACDStrategyETC:0a33db88c825,repos/MelvynClark_Freqtrade-Strategy/MACDStrategy - ETC.py,original,,not_applicable,strategy,true,7456,historical_ledger,spot,PASS,FOUND,historical_spot,historical_spot,,refused_no_warmup,0,PASS,policy=1;mode=spot;timeframe=5m;complete=8/8;availability_limited=1;sync_gaps=13;pair_gaps=0;aux_failures=0;duplicates=0,false,ineligible,recursive_bias_found,,pair_available_history;verify_exact_regime_window_before_run
MACDStrategySOL,spot_long,MACDStrategySOL:72005a2d344a,repos/MelvynClark_Freqtrade-Strategy/MACDStrategy - SOL.py,original,,not_applicable,strategy,true,7456,historical_ledger,spot,PASS,FOUND,historical_spot,historical_spot,,refused_no_warmup,0,PASS,policy=1;mode=spot;timeframe=5m;complete=8/8;availability_limited=1;sync_gaps=13;pair_gaps=0;aux_failures=0;duplicates=0,false,ineligible,recursive_bias_found,,pair_available_history;verify_exact_regime_window_before_run
MACDStrategyXRP,spot_long,MACDStrategyXRP:1d2e080ab020,repos/MelvynClark_Freqtrade-Strategy/MACDStrategy - XRP.py,original,,not_applicable,strategy,true,7456,historical_ledger,spot,PASS,FOUND,historical_spot,historical_spot,,refused_no_warmup,0,PASS,policy=1;mode=spot;timeframe=5m;complete=8/8;availability_limited=1;sync_gaps=13;pair_gaps=0;aux_failures=0;duplicates=0,false,ineligible,recursive_bias_found,,pair_available_history;verify_exact_regime_window_before_run
NostalgiaForInfinityX,spot_long,NostalgiaForInfinityX:526c611cc04a,repair/patched/repos/PeetCrypto_freqtrade-stuff/NFIXMod1.3_TraNz (3).py,repaired,class2,strict_equivalent,strategy,false,,freqai_result_card,,NA,NA,missing,missing,,,0,PASS,policy=1;mode=spot;timeframe=5m;complete=8/8;availability_limited=1;sync_gaps=13;pair_gaps=0;aux_failures=0;duplicates=0,false,ineligible,canonical_implementation_not_measured,native_mode_not_runtime_validated;lookahead_not_completed;recursive_bias_not_completed,pair_available_history;verify_exact_regime_window_before_run
ReinforcedSmoothScalp,spot_long,ReinforcedSmoothScalp:583e7138ae98,repos/MelvynClark_Freqtrade-Strategy/ReinforcedSmoothScalp.py,original,,not_applicable,strategy,true,663,historical_ledger,spot,PASS,FOUND,historical_spot,historical_spot,,refused_no_warmup,0,PASS,policy=1;mode=spot;timeframe=15m;complete=8/8;availability_limited=1;sync_gaps=13;pair_gaps=0;aux_failures=0;duplicates=0,false,ineligible,recursive_bias_found,,pair_available_history;verify_exact_regime_window_before_run
ReinforcedSmoothScalpS,spot_long,ReinforcedSmoothScalpS:9de7fb8e74a2,repos/MelvynClark_Freqtrade-Strategy/ReinforcedSmoothScalpS.py,original,,not_applicable,strategy,false,,,,NA,FOUND,missing,historical_spot,,refused_no_warmup,0,PASS,policy=1;mode=spot;timeframe=15m;complete=8/8;availability_limited=1;sync_gaps=13;pair_gaps=0;aux_failures=0;duplicates=0,false,ineligible,canonical_implementation_not_measured;recursive_bias_found,native_mode_not_runtime_validated;lookahead_not_completed,pair_available_history;verify_exact_regime_window_before_run
SimpleHopt,spot_long,SimpleHopt:d55cca4892b5,repos/MelvynClark_Freqtrade-Strategy/Simple Strategy/SimpleHopt.py,original,,not_applicable,strategy,true,16675,historical_ledger,spot,PASS,FOUND,historical_spot,historical_spot,,refused_no_warmup,0,PASS,policy=1;mode=spot;timeframe=5m;complete=8/8;availability_limited=1;sync_gaps=13;pair_gaps=0;aux_failures=0;duplicates=0,false,ineligible,recursive_bias_found,,pair_available_history;verify_exact_regime_window_before_run
SimpleHopt1Along,spot_long,SimpleHopt1Along:bdcc718a4b96,repos/MelvynClark_Freqtrade-Strategy/Simple Strategy/SimpleHopt1Along.py,original,,not_applicable,strategy,true,4467,historical_ledger,spot,PASS,FOUND,historical_spot,historical_spot,,refused_no_warmup,1,PASS,policy=1;mode=spot;timeframe=4h;complete=8/8;availability_limited=1;sync_gaps=0;pair_gaps=0;aux_failures=0;duplicates=0,false,ineligible,recursive_bias_found;technical_trap_found,,pair_available_history;verify_exact_regime_window_before_run
SimpleHopt1Ashort,futures_short,SimpleHopt1Ashort:6ac2dafe92e0,repos/MelvynClark_Freqtrade-Strategy/Simple Strategy/SimpleHopt1Ashort.py,original,,not_applicable,strategy,true,0,runtime_smoke,futures,NA,NA,missing,missing,,,1,PASS,policy=1;mode=futures;timeframe=1d;complete=8/8;availability_limited=0;sync_gaps=0;pair_gaps=0;aux_failures=0;duplicates=0,false,ineligible,technical_trap_found,zero_trades_in_smoke_requires_full_window;lookahead_not_completed;recursive_bias_not_completed;futures_mode_bias_diagnostics_not_completed,pair_available_history;verify_exact_regime_window_before_run
SimpleHoptS,futures_short,SimpleHoptS:0885a7330df3,repos/MelvynClark_Freqtrade-Strategy/Simple Strategy/SimpleHoptS.py,original,,not_applicable,strategy,true,0,runtime_smoke,futures,NA,NA,missing,missing,,,1,PASS,policy=1;mode=futures;timeframe=1d;complete=8/8;availability_limited=0;sync_gaps=0;pair_gaps=0;aux_failures=0;duplicates=0,false,ineligible,technical_trap_found,zero_trades_in_smoke_requires_full_window;lookahead_not_completed;recursive_bias_not_completed;futures_mode_bias_diagnostics_not_completed,pair_available_history;verify_exact_regime_window_before_run
RLStrategy,spot_long,RLStrategy:bbe2043d5545,repos/Mohamed-sm_Freqtrade-RLStrategy-IA/RLStrategy.py,original,,not_applicable,strategy,false,,,,NA,NA,missing,missing,,,0,PASS,policy=1;mode=spot;timeframe=1h;complete=8/8;availability_limited=1;sync_gaps=13;pair_gaps=0;aux_failures=0;duplicates=0,false,ineligible,canonical_implementation_not_measured,native_mode_not_runtime_validated;lookahead_not_completed;recursive_bias_not_completed,pair_available_history;verify_exact_regime_window_before_run
ADXMomentum,spot_long,ADXMomentum:bdbfd15a521c,repos/PeetCrypto_freqtrade-stuff/ADXMomentum.py,original,,not_applicable,strategy,true,83,historical_ledger,spot,NA,PASS,missing,historical_spot,,,1,PASS,policy=1;mode=spot;timeframe=1h;complete=8/8;availability_limited=1;sync_gaps=13;pair_gaps=0;aux_failures=0;duplicates=0,false,ineligible,technical_trap_found,lookahead_not_completed,pair_available_history;verify_exact_regime_window_before_run
ADX_15M_USDT,spot_long,ADX_15M_USDT:1cf6c1e674ba,repos/PeetCrypto_freqtrade-stuff/ADX_15M_USDT.py,original,,not_applicable,strategy,false,,,,NA,NA,missing,missing,,,0,PENDING,unsupported_or_unknown_profile,false,ineligible,canonical_implementation_not_measured,native_mode_not_runtime_validated;lookahead_not_completed;recursive_bias_not_completed;exact_regime_window_coverage_not_verified,pair_available_history;verify_exact_regime_window_before_run
ActionZone,spot_long,ActionZone:6f446b83a7a7,repos/PeetCrypto_freqtrade-stuff/ActionZone.py,original,,not_applicable,strategy,true,561,historical_ledger,spot,NA,FOUND,missing,historical_spot,,drift_measured,0,PASS,policy=1;mode=spot;timeframe=1d;complete=8/8;availability_limited=1;sync_gaps=0;pair_gaps=0;aux_failures=0;duplicates=0,false,ineligible,recursive_bias_found,lookahead_not_completed,pair_available_history;verify_exact_regime_window_before_run
AdxSmas,spot_long,AdxSmas:21c5d2067b68,repos/PeetCrypto_freqtrade-stuff/AdxSmas.py,original,,not_applicable,strategy,true,7004,historical_ledger,spot,NA,PASS,missing,historical_spot,,,0,PASS,policy=1;mode=spot;timeframe=1h;complete=8/8;availability_limited=1;sync_gaps=13;pair_gaps=0;aux_failures=0;duplicates=0,false,pending_diagnostics,,lookahead_not_completed,pair_available_history;verify_exact_regime_window_before_run
AlligatorStrat,spot_long,AlligatorStrat:0f9f93fc281f,repos/PeetCrypto_freqtrade-stuff/AlligatorStrat.py,original,,not_applicable,strategy,false,,,,NA,NA,missing,missing,,,0,PENDING,unsupported_or_unknown_profile,false,ineligible,canonical_implementation_not_measured,native_mode_not_runtime_validated;lookahead_not_completed;recursive_bias_not_completed;exact_regime_window_coverage_not_verified,pair_available_history;verify_exact_regime_window_before_run
AlligatorStrategy,spot_long,AlligatorStrategy:f8dd6abec007,repos/PeetCrypto_freqtrade-stuff/AlligatorStrategy.py,original,,not_applicable,strategy,true,1839,historical_ledger,spot,NA,FOUND,missing,historical_spot,,drift_measured,0,PASS,policy=1;mode=spot;timeframe=1h;complete=8/8;availability_limited=1;sync_gaps=13;pair_gaps=0;aux_failures=0;duplicates=0,false,ineligible,recursive_bias_found,lookahead_not_completed,pair_available_history;verify_exact_regime_window_before_run
Apollo11,spot_long,Apollo11:94be9ac12c9e,repos/PeetCrypto_freqtrade-stuff/Apollo11 (1).py,original,,not_applicable,strategy,true,6378,historical_ledger,spot,NA,FOUND,missing,historical_spot,,drift_measured,0,PASS,policy=1;mode=spot;timeframe=15m;complete=8/8;availability_limited=1;sync_gaps=13;pair_gaps=0;aux_failures=0;duplicates=0,false,ineligible,recursive_bias_found,lookahead_not_completed,pair_available_history;verify_exact_regime_window_before_run
AutoArimaTripleV1,spot_long,AutoArimaTripleV1:28658be5735d,repos/PeetCrypto_freqtrade-stuff/AutoArimaTripleV1.py,original,,not_applicable,strategy,false,,,,NA,PASS,missing,historical_spot,,,0,PASS,policy=1;mode=spot;timeframe=5m;complete=8/8;availability_limited=1;sync_gaps=13;pair_gaps=0;aux_failures=0;duplicates=0,false,ineligible,canonical_implementation_not_measured,native_mode_not_runtime_validated;lookahead_not_completed,pair_available_history;verify_exact_regime_window_before_run
AverageStrategy,spot_long,AverageStrategy:de84f5e8ddc6,repos/PeetCrypto_freqtrade-stuff/AverageStrategy.py,original,,not_applicable,strategy,true,2875,historical_ledger,spot,NA,PASS,missing,historical_spot,,,0,PASS,policy=1;mode=spot;timeframe=4h;complete=8/8;availability_limited=1;sync_gaps=0;pair_gaps=0;aux_failures=0;duplicates=0,false,pending_diagnostics,,lookahead_not_completed,pair_available_history;verify_exact_regime_window_before_run
BBRSIOptimizedStrategy,spot_long,BBRSIOptimizedStrategy:6665da53c362,repos/PeetCrypto_freqtrade-stuff/BBRSIOptimizedStrategy.py,original,,not_applicable,strategy,true,33132,historical_ledger,spot,NA,FOUND,missing,historical_spot,,drift_measured,0,PASS,policy=1;mode=spot;timeframe=5m;complete=8/8;availability_limited=1;sync_gaps=13;pair_gaps=0;aux_failures=0;duplicates=0,false,ineligible,recursive_bias_found,lookahead_not_completed,pair_available_history;verify_exact_regime_window_before_run
BBRSITV,spot_long,BBRSITV:c10374dfd4d5,repos/PeetCrypto_freqtrade-stuff/BBRSITV.py,original,,not_applicable,strategy,true,420,historical_ledger,spot,NA,FOUND,missing,historical_spot,,drift_measured,0,PASS,policy=1;mode=spot;timeframe=5m;complete=8/8;availability_limited=1;sync_gaps=13;pair_gaps=0;aux_failures=0;duplicates=0,false,ineligible,recursive_bias_found,lookahead_not_completed,pair_available_history;verify_exact_regime_window_before_run
BB_RPB_3c,spot_long,BB_RPB_3c:9fef5712313e,repos/PeetCrypto_freqtrade-stuff/BB_RPB_3c.py,original,,not_applicable,strategy,false,,,,NA,PASS,missing,historical_spot,,,0,PASS,policy=1;mode=spot;timeframe=5m;complete=8/8;availability_limited=1;sync_gaps=13;pair_gaps=0;aux_failures=0;duplicates=0,false,ineligible,canonical_implementation_not_measured,native_mode_not_runtime_validated;lookahead_not_completed,pair_available_history;verify_exact_regime_window_before_run
BB_RPB_TSL,spot_long,BB_RPB_TSL:875dd8fd2b6f,repair/patched/repos/PeetCrypto_freqtrade-stuff/BB_RPB_TSL.py,repaired,class2,strict_equivalent,strategy,false,,freqai_result_card,,NA,NA,missing,missing,,,0,PASS,policy=1;mode=spot;timeframe=5m;complete=8/8;availability_limited=1;sync_gaps=13;pair_gaps=0;aux_failures=0;duplicates=0,false,ineligible,canonical_implementation_not_measured,native_mode_not_runtime_validated;lookahead_not_completed;recursive_bias_not_completed,pair_available_history;verify_exact_regime_window_before_run
BB_RPB_TSL_BIV1,spot_long,BB_RPB_TSL_BIV1:b5d7bc12de5f,repair/patched/repos/PeetCrypto_freqtrade-stuff/BB_RPB_TSL_BI-v4_EWO2-v3.py,repaired,class2,strict_equivalent,strategy,false,,freqai_result_card,,NA,NA,missing,missing,,,0,PASS,policy=1;mode=spot;timeframe=5m;complete=8/8;availability_limited=1;sync_gaps=13;pair_gaps=0;aux_failures=0;duplicates=0,false,ineligible,canonical_implementation_not_measured,native_mode_not_runtime_validated;lookahead_not_completed;recursive_bias_not_completed,pair_available_history;verify_exact_regime_window_before_run
BB_RPB_TSL_BI,spot_long,BB_RPB_TSL_BI:4af2eaa00931,repair/patched/repos/PeetCrypto_freqtrade-stuff/BB_RPB_TSL_BI.py,repaired,class2,strict_equivalent,strategy,false,,freqai_result_card,,NA,NA,missing,missing,,,0,PASS,policy=1;mode=spot;timeframe=5m;complete=8/8;availability_limited=1;sync_gaps=13;pair_gaps=0;aux_failures=0;duplicates=0,false,ineligible,canonical_implementation_not_measured,native_mode_not_runtime_validated;lookahead_not_completed;recursive_bias_not_completed,pair_available_history;verify_exact_regime_window_before_run
BB_RPB_TSL_RNG,spot_long,BB_RPB_TSL_RNG:841148b7f976,repos/PeetCrypto_freqtrade-stuff/BB_RPB_TSL_RNG.py,original,,not_applicable,strategy,true,778,historical_ledger,spot,NA,PASS,missing,historical_spot,,,0,PASS,policy=1;mode=spot;timeframe=5m;complete=8/8;availability_limited=1;sync_gaps=13;pair_gaps=0;aux_failures=0;duplicates=0,false,pending_diagnostics,,lookahead_not_completed,pair_available_history;verify_exact_regime_window_before_run
BB_RPB_TSL_RNG_TBS,spot_long,BB_RPB_TSL_RNG_TBS:9b4f2bf2615e,repos/PeetCrypto_freqtrade-stuff/BB_RPB_TSL_RNG_TBS.py,original,,not_applicable,strategy,true,778,historical_ledger,spot,NA,PASS,missing,historical_spot,,,0,PASS,policy=1;mode=spot;timeframe=5m;complete=8/8;availability_limited=1;sync_gaps=13;pair_gaps=0;aux_failures=0;duplicates=0,false,pending_diagnostics,,lookahead_not_completed,pair_available_history;verify_exact_regime_window_before_run
BB_RPB_TSL_RNG_TBS_GOLD,spot_long,BB_RPB_TSL_RNG_TBS_GOLD:2618c192ea74,repos/PeetCrypto_freqtrade-stuff/BB_RPB_TSL_RNG_TBS_GOLD (2).py,original,,not_applicable,strategy,true,969,historical_ledger,spot,NA,PASS,missing,historical_spot,,,0,PASS,policy=1;mode=spot;timeframe=5m;complete=8/8;availability_limited=1;sync_gaps=13;pair_gaps=0;aux_failures=0;duplicates=0,false,pending_diagnostics,,lookahead_not_completed,pair_available_history;verify_exact_regime_window_before_run
BB_RPB_TSL_SMA_Tranz,spot_long,BB_RPB_TSL_SMA_Tranz:f0029fe193f5,repair/patched/repos/PeetCrypto_freqtrade-stuff/BB_RPB_TSL_SMA_Tranz_1_5_2_MAIN (10).py,repaired,class2,strict_equivalent,strategy,false,,freqai_result_card,,NA,NA,missing,missing,,,0,PASS,policy=1;mode=spot;timeframe=5m;complete=8/8;availability_limited=1;sync_gaps=13;pair_gaps=0;aux_failures=0;duplicates=0,false,ineligible,canonical_implementation_not_measured,native_mode_not_runtime_validated;lookahead_not_completed;recursive_bias_not_completed,pair_available_history;verify_exact_regime_window_before_run
BB_RSI,spot_long,BB_RSI:8fc62c11510d,repos/PeetCrypto_freqtrade-stuff/BB_RSI.py,original,,not_applicable,strategy,false,,,,NA,NA,missing,missing,,,0,PENDING,unsupported_or_unknown_profile,false,ineligible,canonical_implementation_not_measured,native_mode_not_runtime_validated;lookahead_not_completed;recursive_bias_not_completed;exact_regime_window_coverage_not_verified,pair_available_history;verify_exact_regime_window_before_run
BB_Strategy04,spot_long,BB_Strategy04:2a6015204750,repos/PeetCrypto_freqtrade-stuff/BB_Strategy04.py,original,,not_applicable,strategy,false,,,,NA,NA,missing,missing,,,0,PENDING,unsupported_or_unknown_profile,false,ineligible,canonical_implementation_not_measured,native_mode_not_runtime_validated;lookahead_not_completed;recursive_bias_not_completed;exact_regime_window_coverage_not_verified,pair_available_history;verify_exact_regime_window_before_run
BBands,spot_long,BBands:6cffd3840a23,repos/PeetCrypto_freqtrade-stuff/BBands.py,repaired,class1,strict_equivalent,strategy,true,7063,class1_result_card,spot,NA,FOUND,missing,historical_spot,,drift_measured,0,PASS,policy=1;mode=spot;timeframe=1m;complete=8/8;availability_limited=1;sync_gaps=13;pair_gaps=0;aux_failures=0;duplicates=0,false,ineligible,recursive_bias_found,lookahead_not_completed,pair_available_history;verify_exact_regime_window_before_run
BBandsRSI,spot_long,BBandsRSI:23f70d40e77a,repos/PeetCrypto_freqtrade-stuff/BBandsRSI.py,original,,not_applicable,strategy,true,24684,historical_ledger,spot,NA,FOUND,missing,historical_spot,,drift_measured,0,PASS,policy=1;mode=spot;timeframe=5m;complete=8/8;availability_limited=1;sync_gaps=13;pair_gaps=0;aux_failures=0;duplicates=0,false,ineligible,recursive_bias_found,lookahead_not_completed,pair_available_history;verify_exact_regime_window_before_run
BbRoi,spot_long,BbRoi:220417917186,repos/PeetCrypto_freqtrade-stuff/BbRoi.py,original,,not_applicable,strategy,false,,,,NA,NA,missing,missing,,,0,PENDING,unsupported_or_unknown_profile,false,ineligible,canonical_implementation_not_measured,native_mode_not_runtime_validated;lookahead_not_completed;recursive_bias_not_completed;exact_regime_window_coverage_not_verified,pair_available_history;verify_exact_regime_window_before_run
BbandRsi,spot_long,BbandRsi:90324695a35b,repos/PeetCrypto_freqtrade-stuff/BbandRsi.py,repaired,class1,strict_equivalent,strategy,true,16106,class1_result_card,spot,NA,PASS,missing,historical_spot,,,0,PASS,policy=1;mode=spot;timeframe=1m;complete=8/8;availability_limited=1;sync_gaps=13;pair_gaps=0;aux_failures=0;duplicates=0,false,pending_diagnostics,,lookahead_not_completed,pair_available_history;verify_exact_regime_window_before_run
BbandRsiRolling,spot_long,BbandRsiRolling:5e85e7186701,repos/PeetCrypto_freqtrade-stuff/BbandRsiRolling.py,original,,not_applicable,strategy,true,17916,historical_ledger,spot,NA,PASS,missing,historical_spot,,,0,PASS,policy=1;mode=spot;timeframe=5m;complete=8/8;availability_limited=1;sync_gaps=13;pair_gaps=0;aux_failures=0;duplicates=0,false,pending_diagnostics,,lookahead_not_completed,pair_available_history;verify_exact_regime_window_before_run
BcmbigzDevelop,spot_long,BcmbigzDevelop:b299be1e149d,repos/PeetCrypto_freqtrade-stuff/BcmbigzDevelop (1).py,original,,not_applicable,strategy,false,,,,NA,FOUND,missing,historical_spot,,drift_measured,0,PASS,policy=1;mode=spot;timeframe=5m;complete=8/8;availability_limited=1;sync_gaps=13;pair_gaps=0;aux_failures=0;duplicates=0,false,ineligible,canonical_implementation_not_measured;recursive_bias_found,native_mode_not_runtime_validated;lookahead_not_completed,pair_available_history;verify_exact_regime_window_before_run
BcmbigzV1,spot_long,BcmbigzV1:bdf457464be5,repos/PeetCrypto_freqtrade-stuff/BcmbigzV1 (1).py,original,,not_applicable,strategy,true,1453,historical_ledger,spot,NA,FOUND,missing,historical_spot,,drift_measured,0,PASS,policy=1;mode=spot;timeframe=5m;complete=8/8;availability_limited=1;sync_gaps=13;pair_gaps=0;aux_failures=0;duplicates=0,false,ineligible,recursive_bias_found,lookahead_not_completed,pair_available_history;verify_exact_regime_window_before_run
BeastBotXBLR6,spot_long,BeastBotXBLR6:6d69bee2722b,repos/PeetCrypto_freqtrade-stuff/BeastBotXBLR6.py,original,,not_applicable,strategy,true,635,historical_ledger,spot,NA,FOUND,missing,historical_spot,,drift_measured,0,PASS,policy=1;mode=spot;timeframe=5m;complete=8/8;availability_limited=1;sync_gaps=13;pair_gaps=0;aux_failures=0;duplicates=0,false,ineligible,recursive_bias_found,lookahead_not_completed,pair_available_history;verify_exact_regime_window_before_run
BeastBotXBLR7,spot_long,BeastBotXBLR7:04d791eadbd1,repos/PeetCrypto_freqtrade-stuff/BeastBotXBLR7.py,original,,not_applicable,strategy,true,569,historical_ledger,spot,NA,FOUND,missing,historical_spot,,drift_measured,0,PASS,policy=1;mode=spot;timeframe=5m;complete=8/8;availability_limited=1;sync_gaps=13;pair_gaps=0;aux_failures=0;duplicates=0,false,ineligible,recursive_bias_found,lookahead_not_completed,pair_available_history;verify_exact_regime_window_before_run
BigZ04,spot_long,BigZ04:94482f9f9aca,repos/PeetCrypto_freqtrade-stuff/BigZ04.py,original,,not_applicable,strategy,true,1313,historical_ledger,spot,NA,FOUND,missing,historical_spot,,drift_measured,0,PASS,policy=1;mode=spot;timeframe=5m;complete=8/8;availability_limited=1;sync_gaps=13;pair_gaps=0;aux_failures=0;duplicates=0,false,ineligible,recursive_bias_found,lookahead_not_completed,pair_available_history;verify_exact_regime_window_before_run
BigZ04_TSL3,spot_long,BigZ04_TSL3:49aae7693602,repos/PeetCrypto_freqtrade-stuff/BigZ04_TSL3.py,original,,not_applicable,strategy,true,1643,historical_ledger,spot,NA,PASS,missing,historical_spot,,,0,PASS,policy=1;mode=spot;timeframe=5m;complete=8/8;availability_limited=1;sync_gaps=13;pair_gaps=0;aux_failures=0;duplicates=0,false,pending_diagnostics,,lookahead_not_completed,pair_available_history;verify_exact_regime_window_before_run
BinClucMadDevelop,spot_long,BinClucMadDevelop:89456c771a80,repos/PeetCrypto_freqtrade-stuff/BinClucMadDevelop.py,original,,not_applicable,strategy,false,,,,NA,FOUND,missing,historical_spot,,drift_measured,0,PASS,policy=1;mode=spot;timeframe=5m;complete=8/8;availability_limited=1;sync_gaps=13;pair_gaps=0;aux_failures=0;duplicates=0,false,ineligible,canonical_implementation_not_measured;recursive_bias_found,native_mode_not_runtime_validated;lookahead_not_completed,pair_available_history;verify_exact_regime_window_before_run
CoreStrategy,spot_long,CoreStrategy:12335f6e4b6d,repos/PeetCrypto_freqtrade-stuff/BinClucMadSMACore.py,original,,not_applicable,strategy,false,,,,NA,FOUND,missing,historical_spot,,drift_measured,0,PASS,policy=1;mode=spot;timeframe=5m;complete=8/8;availability_limited=1;sync_gaps=13;pair_gaps=0;aux_failures=0;duplicates=0,false,ineligible,canonical_implementation_not_measured;recursive_bias_found,native_mode_not_runtime_validated;lookahead_not_completed,pair_available_history;verify_exact_regime_window_before_run
BinHV27,spot_long,BinHV27:62b8250f065c,repos/PeetCrypto_freqtrade-stuff/BinHV27.py,original,,not_applicable,strategy,true,11503,historical_ledger,spot,NA,PASS,missing,historical_spot,,,0,PASS,policy=1;mode=spot;timeframe=5m;complete=8/8;availability_limited=1;sync_gaps=13;pair_gaps=0;aux_failures=0;duplicates=0,false,pending_diagnostics,,lookahead_not_completed,pair_available_history;verify_exact_regime_window_before_run
BlueEyes_MPP_v1,spot_long,BlueEyes_MPP_v1:76b7b90abb59,repos/PeetCrypto_freqtrade-stuff/BlueEyes_MPP_v1.py,original,,not_applicable,strategy,false,,,,NA,PASS,missing,historical_spot,,,0,PASS,policy=1;mode=spot;timeframe=5m;complete=8/8;availability_limited=1;sync_gaps=13;pair_gaps=0;aux_failures=0;duplicates=0,false,ineligible,canonical_implementation_not_measured,native_mode_not_runtime_validated;lookahead_not_completed,pair_available_history;verify_exact_regime_window_before_run
BreakEven,spot_long,BreakEven:8ebcd502377e,repos/PeetCrypto_freqtrade-stuff/BreakEven.py,original,,not_applicable,strategy,false,,,,NA,PASS,missing,historical_spot,,,0,PASS,policy=1;mode=spot;timeframe=5m;complete=8/8;availability_limited=1;sync_gaps=13;pair_gaps=0;aux_failures=0;duplicates=0,false,ineligible,canonical_implementation_not_measured,native_mode_not_runtime_validated;lookahead_not_completed,pair_available_history;verify_exact_regime_window_before_run
BuyAllSellAllStrategy,spot_long,BuyAllSellAllStrategy:26ef4042d8ca,repos/PeetCrypto_freqtrade-stuff/BuyAllSellAllStrategy.py,original,,not_applicable,strategy,true,27042,historical_ledger,spot,FOUND,PASS,historical_spot,historical_spot,,,0,PASS,policy=1;mode=spot;timeframe=5m;complete=8/8;availability_limited=1;sync_gaps=13;pair_gaps=0;aux_failures=0;duplicates=0,false,ineligible,lookahead_found,,pair_available_history;verify_exact_regime_window_before_run
CCIStrategy,spot_long,CCIStrategy:b0c297deb321,repos/PeetCrypto_freqtrade-stuff/CCIStrategy.py,original,,not_applicable,strategy,true,12348,historical_ledger,spot,FOUND,PASS,historical_spot,historical_spot,,,0,PASS,policy=1;mode=spot;timeframe=1m;complete=8/8;availability_limited=1;sync_gaps=13;pair_gaps=0;aux_failures=0;duplicates=0,false,ineligible,lookahead_found,,pair_available_history;verify_exact_regime_window_before_run
CMCWinner,spot_long,CMCWinner:3cf873558c07,repos/PeetCrypto_freqtrade-stuff/CMCWinner.py,original,,not_applicable,strategy,true,6632,historical_ledger,spot,NA,PASS,missing,historical_spot,,,0,PASS,policy=1;mode=spot;timeframe=15m;complete=8/8;availability_limited=1;sync_gaps=13;pair_gaps=0;aux_failures=0;duplicates=0,false,pending_diagnostics,,lookahead_not_completed,pair_available_history;verify_exact_regime_window_before_run
Chained,spot_long,Chained:8a12dc00a307,repos/PeetCrypto_freqtrade-stuff/Chained.py,original,,not_applicable,strategy,false,,,,NA,NA,missing,missing,,,0,PENDING,unsupported_or_unknown_profile,false,ineligible,canonical_implementation_not_measured,native_mode_not_runtime_validated;lookahead_not_completed;recursive_bias_not_completed;exact_regime_window_coverage_not_verified,pair_available_history;verify_exact_regime_window_before_run
Chispei,spot_long,Chispei:f16650c34f6c,repos/PeetCrypto_freqtrade-stuff/Chispei.py,original,,not_applicable,strategy,false,,,,NA,NA,missing,missing,,,0,PENDING,unsupported_or_unknown_profile,false,ineligible,canonical_implementation_not_measured,native_mode_not_runtime_validated;lookahead_not_completed;recursive_bias_not_completed;exact_regime_window_coverage_not_verified,pair_available_history;verify_exact_regime_window_before_run
Cluc4werk,spot_long,Cluc4werk:9f4e7aaa4084,repos/PeetCrypto_freqtrade-stuff/Cluc4werk.py,original,,not_applicable,strategy,true,3269,historical_ledger,spot,NA,PASS,missing,historical_spot,,,0,PASS,policy=1;mode=spot;timeframe=1m;complete=8/8;availability_limited=1;sync_gaps=13;pair_gaps=0;aux_failures=0;duplicates=0,false,pending_diagnostics,,lookahead_not_completed,pair_available_history;verify_exact_regime_window_before_run
Cluc5werk,spot_long,Cluc5werk:177d8129f421,repos/PeetCrypto_freqtrade-stuff/Cluc5werk.py,original,,not_applicable,strategy,true,2210,historical_ledger,spot,NA,PASS,missing,historical_spot,,,0,PASS,policy=1;mode=spot;timeframe=1m;complete=8/8;availability_limited=1;sync_gaps=13;pair_gaps=0;aux_failures=0;duplicates=0,false,pending_diagnostics,,lookahead_not_completed,pair_available_history;verify_exact_regime_window_before_run
Cluc7werk,spot_long,Cluc7werk:ab01a4950e79,repos/PeetCrypto_freqtrade-stuff/Cluc7werk.py,repaired,class1,strict_equivalent,strategy,true,1719,class1_result_card,spot,NA,PASS,missing,historical_spot,,,0,PASS,policy=1;mode=spot;timeframe=1m;complete=8/8;availability_limited=1;sync_gaps=13;pair_gaps=0;aux_failures=0;duplicates=0,false,pending_diagnostics,,lookahead_not_completed,pair_available_history;verify_exact_regime_window_before_run
ClucCrypROI,spot_long,ClucCrypROI:34f2adcd1b6c,repos/PeetCrypto_freqtrade-stuff/ClucCrypROI.py,original,,not_applicable,strategy,false,,,,NA,NA,missing,missing,,,0,PENDING,unsupported_or_unknown_profile,false,ineligible,canonical_implementation_not_measured,native_mode_not_runtime_validated;lookahead_not_completed;recursive_bias_not_completed;exact_regime_window_coverage_not_verified,pair_available_history;verify_exact_regime_window_before_run
ClucCrypSlow,spot_long,ClucCrypSlow:2d6888947f19,repos/PeetCrypto_freqtrade-stuff/ClucCrypSlow (1).py,original,,not_applicable,strategy,false,,,,NA,NA,missing,missing,,,0,PENDING,unsupported_or_unknown_profile,false,ineligible,canonical_implementation_not_measured,native_mode_not_runtime_validated;lookahead_not_completed;recursive_bias_not_completed;exact_regime_window_coverage_not_verified,pair_available_history;verify_exact_regime_window_before_run
ClucFiatROI,spot_long,ClucFiatROI:8373aa7b2eb7,repos/PeetCrypto_freqtrade-stuff/ClucFiatROI.py,original,,not_applicable,strategy,true,6026,historical_ledger,spot,NA,FOUND,missing,historical_spot,,drift_measured,0,PASS,policy=1;mode=spot;timeframe=5m;complete=8/8;availability_limited=1;sync_gaps=13;pair_gaps=0;aux_failures=0;duplicates=0,false,ineligible,recursive_bias_found,lookahead_not_completed,pair_available_history;verify_exact_regime_window_before_run
ClucFiatSlow,spot_long,ClucFiatSlow:e4f094baf517,repos/PeetCrypto_freqtrade-stuff/ClucFiatSlow.py,original,,not_applicable,strategy,true,6026,historical_ledger,spot,NA,FOUND,missing,historical_spot,,drift_measured,0,PASS,policy=1;mode=spot;timeframe=5m;complete=8/8;availability_limited=1;sync_gaps=13;pair_gaps=0;aux_failures=0;duplicates=0,false,ineligible,recursive_bias_found,lookahead_not_completed,pair_available_history;verify_exact_regime_window_before_run
ClucHAnix,spot_long,ClucHAnix:acdf6026a23b,repos/PeetCrypto_freqtrade-stuff/ClucHAnix (3).py,repaired,class1,strict_equivalent,strategy,true,480,class1_result_card,spot,NA,PASS,missing,historical_spot,,,0,PASS,policy=1;mode=spot;timeframe=1m;complete=8/8;availability_limited=1;sync_gaps=13;pair_gaps=0;aux_failures=0;duplicates=0,false,pending_diagnostics,,lookahead_not_completed,pair_available_history;verify_exact_regime_window_before_run
ClucHAnix_5m1,spot_long,ClucHAnix_5m1:b360b019fc39,repos/PeetCrypto_freqtrade-stuff/ClucHAnix 5m trailbuy2 + BBRSIV5 offsets.py,original,,not_applicable,strategy,true,3049,historical_ledger,spot,NA,PASS,missing,historical_spot,,,0,PASS,policy=1;mode=spot;timeframe=5m;complete=8/8;availability_limited=1;sync_gaps=13;pair_gaps=0;aux_failures=0;duplicates=0,false,pending_diagnostics,,lookahead_not_completed,pair_available_history;verify_exact_regime_window_before_run
ClucHAnix_5m,spot_long,ClucHAnix_5m:1d891b45265a,repos/PeetCrypto_freqtrade-stuff/ClucHAnix_5m.py,original,,not_applicable,strategy,true,2834,historical_ledger,spot,NA,PASS,missing,historical_spot,,,0,PASS,policy=1;mode=spot;timeframe=5m;complete=8/8;availability_limited=1;sync_gaps=13;pair_gaps=0;aux_failures=0;duplicates=0,false,pending_diagnostics,,lookahead_not_completed,pair_available_history;verify_exact_regime_window_before_run
ClucHAnix_BB_RPB,spot_long,ClucHAnix_BB_RPB:364e1b08627a,repos/PeetCrypto_freqtrade-stuff/ClucHAnix_BB_RPB.py,original,,not_applicable,strategy,false,,,,NA,FOUND,missing,historical_spot,,drift_measured,0,PASS,policy=1;mode=spot;timeframe=1m;complete=8/8;availability_limited=1;sync_gaps=13;pair_gaps=0;aux_failures=0;duplicates=0,false,ineligible,canonical_implementation_not_measured;recursive_bias_found,native_mode_not_runtime_validated;lookahead_not_completed,pair_available_history;verify_exact_regime_window_before_run
ClucHAnix_BB_RPB_HO2,spot_long,ClucHAnix_BB_RPB_HO2:634a4ca04069,repos/PeetCrypto_freqtrade-stuff/ClucHAnix_BB_RPB_HO2.py,original,,not_applicable,strategy,false,,,,NA,FOUND,missing,historical_spot,,drift_measured,0,PASS,policy=1;mode=spot;timeframe=1m;complete=8/8;availability_limited=1;sync_gaps=13;pair_gaps=0;aux_failures=0;duplicates=0,false,ineligible,canonical_implementation_not_measured;recursive_bias_found,native_mode_not_runtime_validated;lookahead_not_completed,pair_available_history;verify_exact_regime_window_before_run
ClucHAnix_BB_RPB_MOD,spot_long,ClucHAnix_BB_RPB_MOD:80a156eb3105,repos/PeetCrypto_freqtrade-stuff/ClucHAnix_BB_RPB_MOD.py,original,,not_applicable,strategy,false,,,,NA,FOUND,missing,historical_spot,,drift_measured,0,PASS,policy=1;mode=spot;timeframe=1m;complete=8/8;availability_limited=1;sync_gaps=13;pair_gaps=0;aux_failures=0;duplicates=0,false,ineligible,canonical_implementation_not_measured;recursive_bias_found,native_mode_not_runtime_validated;lookahead_not_completed,pair_available_history;verify_exact_regime_window_before_run
ClucHAnix5m,spot_long,ClucHAnix5m:c953429441da,repos/PeetCrypto_freqtrade-stuff/ClucHAnix_BB_RPB_MOD_E0V1E_DYNAMIC_TB (1).py,original,,not_applicable,strategy,false,,,,NA,FOUND,missing,historical_spot,,drift_measured,0,PASS,policy=1;mode=spot;timeframe=5m;complete=8/8;availability_limited=1;sync_gaps=13;pair_gaps=0;aux_failures=0;duplicates=0,false,ineligible,canonical_implementation_not_measured;recursive_bias_found,native_mode_not_runtime_validated;lookahead_not_completed,pair_available_history;verify_exact_regime_window_before_run
ClucHAnix_BB_RPB_MOD_trailing_buy,spot_long,ClucHAnix_BB_RPB_MOD_trailing_buy:008305386e9f,repos/PeetCrypto_freqtrade-stuff/ClucHAnix_BB_RPB_MOD_trailing_buy.py,original,,not_applicable,strategy,false,,,,NA,PASS,missing,historical_spot,,,0,PASS,policy=1;mode=spot;timeframe=5m;complete=8/8;availability_limited=1;sync_gaps=13;pair_gaps=0;aux_failures=0;duplicates=0,false,ineligible,canonical_implementation_not_measured,native_mode_not_runtime_validated;lookahead_not_completed,pair_available_history;verify_exact_regime_window_before_run
ClucHAnix_hhll,spot_long,ClucHAnix_hhll:fc4bbf923d0a,repos/PeetCrypto_freqtrade-stuff/ClucHAnix_hhll (1).py,original,,not_applicable,strategy,true,2278,historical_ledger,spot,NA,FOUND,missing,historical_spot,,drift_measured,0,PASS,policy=1;mode=spot;timeframe=5m;complete=8/8;availability_limited=1;sync_gaps=13;pair_gaps=0;aux_failures=0;duplicates=0,false,ineligible,recursive_bias_found,lookahead_not_completed,pair_available_history;verify_exact_regime_window_before_run
ClucHAwerk,spot_long,ClucHAwerk:57f7650eee2e,repos/PeetCrypto_freqtrade-stuff/ClucHAwerk.py,repaired,class1,strict_equivalent,strategy,true,2183,class1_result_card,spot,NA,PASS,missing,historical_spot,,,0,PASS,policy=1;mode=spot;timeframe=1m;complete=8/8;availability_limited=1;sync_gaps=13;pair_gaps=0;aux_failures=0;duplicates=0,false,pending_diagnostics,,lookahead_not_completed,pair_available_history;verify_exact_regime_window_before_run
ClucMay72018,spot_long,ClucMay72018:8318baa109a4,repos/PeetCrypto_freqtrade-stuff/ClucMay72018.py,original,,not_applicable,strategy,true,2507,historical_ledger,spot,NA,PASS,missing,historical_spot,,,0,PASS,policy=1;mode=spot;timeframe=5m;complete=8/8;availability_limited=1;sync_gaps=13;pair_gaps=0;aux_failures=0;duplicates=0,false,pending_diagnostics,,lookahead_not_completed,pair_available_history;verify_exact_regime_window_before_run
CofiBitStrategy,spot_long,CofiBitStrategy:22bda2594f7f,repos/PeetCrypto_freqtrade-stuff/CofiBitStrategy.py,original,,not_applicable,strategy,true,27444,historical_ledger,spot,NA,PASS,missing,historical_spot,,,0,PASS,policy=1;mode=spot;timeframe=5m;complete=8/8;availability_limited=1;sync_gaps=13;pair_gaps=0;aux_failures=0;duplicates=0,false,pending_diagnostics,,lookahead_not_completed,pair_available_history;verify_exact_regime_window_before_run
CombinedBinHAndCluc,spot_long,CombinedBinHAndCluc:ac3ab1a70862,repos/PeetCrypto_freqtrade-stuff/CombinedBinHAndCluc.py,original,,not_applicable,strategy,true,3540,historical_ledger,spot,NA,PASS,missing,historical_spot,,,0,PASS,policy=1;mode=spot;timeframe=5m;complete=8/8;availability_limited=1;sync_gaps=13;pair_gaps=0;aux_failures=0;duplicates=0,false,pending_diagnostics,,lookahead_not_completed,pair_available_history;verify_exact_regime_window_before_run
CombinedBinHAndCluc2021,spot_long,CombinedBinHAndCluc2021:f3fed45418a9,repos/PeetCrypto_freqtrade-stuff/CombinedBinHAndCluc2021.py,original,,not_applicable,strategy,true,3297,historical_ledger,spot,NA,PASS,missing,historical_spot,,,0,PASS,policy=1;mode=spot;timeframe=5m;complete=8/8;availability_limited=1;sync_gaps=13;pair_gaps=0;aux_failures=0;duplicates=0,false,pending_diagnostics,,lookahead_not_completed,pair_available_history;verify_exact_regime_window_before_run
CombinedBinHAndCluc2021Bull,spot_long,CombinedBinHAndCluc2021Bull:1e9664a5c649,repos/PeetCrypto_freqtrade-stuff/CombinedBinHAndCluc2021Bull.py,original,,not_applicable,strategy,true,3876,historical_ledger,spot,NA,PASS,missing,historical_spot,,,0,PASS,policy=1;mode=spot;timeframe=5m;complete=8/8;availability_limited=1;sync_gaps=13;pair_gaps=0;aux_failures=0;duplicates=0,false,pending_diagnostics,,lookahead_not_completed,pair_available_history;verify_exact_regime_window_before_run
CombinedBinHAndClucV2,spot_long,CombinedBinHAndClucV2:df6a01ba2c9a,repos/PeetCrypto_freqtrade-stuff/CombinedBinHAndClucV2.py,original,,not_applicable,strategy,true,728,historical_ledger,spot,NA,FOUND,missing,historical_spot,,drift_measured,0,PASS,policy=1;mode=spot;timeframe=5m;complete=8/8;availability_limited=1;sync_gaps=13;pair_gaps=0;aux_failures=0;duplicates=0,false,ineligible,recursive_bias_found,lookahead_not_completed,pair_available_history;verify_exact_regime_window_before_run
CombinedBinHAndClucV4,spot_long,CombinedBinHAndClucV4:5b63903cd9dc,repos/PeetCrypto_freqtrade-stuff/CombinedBinHAndClucV4.py,original,,not_applicable,strategy,true,2965,historical_ledger,spot,NA,FOUND,missing,historical_spot,,drift_measured,0,PASS,policy=1;mode=spot;timeframe=5m;complete=8/8;availability_limited=1;sync_gaps=13;pair_gaps=0;aux_failures=0;duplicates=0,false,ineligible,recursive_bias_found,lookahead_not_completed,pair_available_history;verify_exact_regime_window_before_run
CombinedBinHAndClucV5,spot_long,CombinedBinHAndClucV5:4b0ae1dd6e31,repos/PeetCrypto_freqtrade-stuff/CombinedBinHAndClucV5.py,original,,not_applicable,strategy,true,2985,historical_ledger,spot,NA,FOUND,missing,historical_spot,,drift_measured,0,PASS,policy=1;mode=spot;timeframe=5m;complete=8/8;availability_limited=1;sync_gaps=13;pair_gaps=0;aux_failures=0;duplicates=0,false,ineligible,recursive_bias_found,lookahead_not_completed,pair_available_history;verify_exact_regime_window_before_run
CombinedBinHAndClucV6,spot_long,CombinedBinHAndClucV6:7ee4bea1ad00,repos/PeetCrypto_freqtrade-stuff/CombinedBinHAndClucV6.py,original,,not_applicable,strategy,true,1724,historical_ledger,spot,NA,PASS,missing,historical_spot,,,0,PASS,policy=1;mode=spot;timeframe=5m;complete=8/8;availability_limited=1;sync_gaps=13;pair_gaps=0;aux_failures=0;duplicates=0,false,pending_diagnostics,,lookahead_not_completed,pair_available_history;verify_exact_regime_window_before_run
CombinedBinHAndClucV6H,spot_long,CombinedBinHAndClucV6H:fe550b05a056,repos/PeetCrypto_freqtrade-stuff/CombinedBinHAndClucV6H.py,original,,not_applicable,strategy,false,,,,NA,PASS,missing,historical_spot,,,0,PASS,policy=1;mode=spot;timeframe=5m;complete=8/8;availability_limited=1;sync_gaps=13;pair_gaps=0;aux_failures=0;duplicates=0,false,ineligible,canonical_implementation_not_measured,native_mode_not_runtime_validated;lookahead_not_completed,pair_available_history;verify_exact_regime_window_before_run
CombinedBinHAndClucV7,spot_long,CombinedBinHAndClucV7:d16ea1c3384e,repos/PeetCrypto_freqtrade-stuff/CombinedBinHAndClucV7.py,original,,not_applicable,strategy,true,889,historical_ledger,spot,NA,PASS,missing,historical_spot,,,0,PASS,policy=1;mode=spot;timeframe=5m;complete=8/8;availability_limited=1;sync_gaps=13;pair_gaps=0;aux_failures=0;duplicates=0,false,pending_diagnostics,,lookahead_not_completed,pair_available_history;verify_exact_regime_window_before_run
CombinedBinHAndClucV8,spot_long,CombinedBinHAndClucV8:43b43b5cfdfe,repos/PeetCrypto_freqtrade-stuff/CombinedBinHAndClucV8.py,original,,not_applicable,strategy,true,884,historical_ledger,spot,NA,FOUND,missing,historical_spot,,drift_measured,0,PASS,policy=1;mode=spot;timeframe=5m;complete=8/8;availability_limited=1;sync_gaps=13;pair_gaps=0;aux_failures=0;duplicates=0,false,ineligible,recursive_bias_found,lookahead_not_completed,pair_available_history;verify_exact_regime_window_before_run
CombinedBinHAndClucV8Hyper,spot_long,CombinedBinHAndClucV8Hyper:83df28a8955a,repos/PeetCrypto_freqtrade-stuff/CombinedBinHAndClucV8Hyper.py,original,,not_applicable,strategy,true,1243,historical_ledger,spot,NA,FOUND,missing,historical_spot,,drift_measured,0,PASS,policy=1;mode=spot;timeframe=5m;complete=8/8;availability_limited=1;sync_gaps=13;pair_gaps=0;aux_failures=0;duplicates=0,false,ineligible,recursive_bias_found,lookahead_not_completed,pair_available_history;verify_exact_regime_window_before_run
CombinedBinHAndClucV8XH,spot_long,CombinedBinHAndClucV8XH:c31f2e1a690f,repos/PeetCrypto_freqtrade-stuff/CombinedBinHAndClucV8XH.py,original,,not_applicable,strategy,true,642,historical_ledger,spot,NA,FOUND,missing,historical_spot,,drift_measured,0,PASS,policy=1;mode=spot;timeframe=5m;complete=8/8;availability_limited=1;sync_gaps=13;pair_gaps=0;aux_failures=0;duplicates=0,false,ineligible,recursive_bias_found,lookahead_not_completed,pair_available_history;verify_exact_regime_window_before_run
CombinedBinHClucAndMADV3,spot_long,CombinedBinHClucAndMADV3:4ca3200a239b,repos/PeetCrypto_freqtrade-stuff/CombinedBinHClucAndMADV3.py,original,,not_applicable,strategy,true,1717,historical_ledger,spot,NA,PASS,missing,historical_spot,,,0,PASS,policy=1;mode=spot;timeframe=5m;complete=8/8;availability_limited=1;sync_gaps=13;pair_gaps=0;aux_failures=0;duplicates=0,false,pending_diagnostics,,lookahead_not_completed,pair_available_history;verify_exact_regime_window_before_run
CombinedBinHClucAndMADV6,spot_long,CombinedBinHClucAndMADV6:5a2e13597c2e,repos/PeetCrypto_freqtrade-stuff/CombinedBinHClucAndMADV6.py,original,,not_applicable,strategy,true,1616,historical_ledger,spot,NA,PASS,missing,historical_spot,,,0,PASS,policy=1;mode=spot;timeframe=5m;complete=8/8;availability_limited=1;sync_gaps=13;pair_gaps=0;aux_failures=0;duplicates=0,false,pending_diagnostics,,lookahead_not_completed,pair_available_history;verify_exact_regime_window_before_run
CombinedBinHClucAndMADV9,spot_long,CombinedBinHClucAndMADV9:3a3c2c36f9c9,repos/PeetCrypto_freqtrade-stuff/CombinedBinHClucAndMADV9.py,original,,not_applicable,strategy,true,2842,historical_ledger,spot,NA,PASS,missing,historical_spot,,,0,PASS,policy=1;mode=spot;timeframe=5m;complete=8/8;availability_limited=1;sync_gaps=13;pair_gaps=0;aux_failures=0;duplicates=0,false,pending_diagnostics,,lookahead_not_completed,pair_available_history;verify_exact_regime_window_before_run
Combined_NFIv6_SMA,spot_long,Combined_NFIv6_SMA:65188d2eb9f2,repos/PeetCrypto_freqtrade-stuff/Combined_NFIv6_SMA.py,original,,not_applicable,strategy,true,951,historical_ledger,spot,NA,FOUND,missing,historical_spot,,drift_measured,0,PASS,policy=1;mode=spot;timeframe=5m;complete=8/8;availability_limited=1;sync_gaps=13;pair_gaps=0;aux_failures=0;duplicates=0,false,ineligible,recursive_bias_found,lookahead_not_completed,pair_available_history;verify_exact_regime_window_before_run
CrossEMAStrategy,spot_long,CrossEMAStrategy:28bc245bdb58,repos/PeetCrypto_freqtrade-stuff/CrossEMAStrategy.py,original,,not_applicable,strategy,true,4063,historical_ledger,spot,NA,FOUND,missing,historical_spot,,drift_measured,0,PASS,policy=1;mode=spot;timeframe=1h;complete=8/8;availability_limited=1;sync_gaps=13;pair_gaps=0;aux_failures=0;duplicates=0,false,ineligible,recursive_bias_found,lookahead_not_completed,pair_available_history;verify_exact_regime_window_before_run
CryptoFrog,spot_long,CryptoFrog:9df6d7dfa478,repos/PeetCrypto_freqtrade-stuff/CryptoFrog.py,original,,not_applicable,strategy,false,,,,NA,PASS,missing,historical_spot,,,0,PASS,policy=1;mode=spot;timeframe=5m;complete=8/8;availability_limited=1;sync_gaps=13;pair_gaps=0;aux_failures=0;duplicates=0,false,ineligible,canonical_implementation_not_measured,native_mode_not_runtime_validated;lookahead_not_completed,pair_available_history;verify_exact_regime_window_before_run
CryptoFrogHO,spot_long,CryptoFrogHO:84156f3c5c36,repos/PeetCrypto_freqtrade-stuff/CryptoFrogHO.py,original,,not_applicable,strategy,false,,,,NA,PASS,missing,historical_spot,,,0,PASS,policy=1;mode=spot;timeframe=5m;complete=8/8;availability_limited=1;sync_gaps=13;pair_gaps=0;aux_failures=0;duplicates=0,false,ineligible,canonical_implementation_not_measured,native_mode_not_runtime_validated;lookahead_not_completed,pair_available_history;verify_exact_regime_window_before_run
CryptoFrogHO2,spot_long,CryptoFrogHO2:1fa719dcd8ce,repos/PeetCrypto_freqtrade-stuff/CryptoFrogHO2.py,original,,not_applicable,strategy,false,,,,NA,PASS,missing,historical_spot,,,0,PASS,policy=1;mode=spot;timeframe=5m;complete=8/8;availability_limited=1;sync_gaps=13;pair_gaps=0;aux_failures=0;duplicates=0,false,ineligible,canonical_implementation_not_measured,native_mode_not_runtime_validated;lookahead_not_completed,pair_available_history;verify_exact_regime_window_before_run
CryptoFrogHO2A,spot_long,CryptoFrogHO2A:847539efa083,repos/PeetCrypto_freqtrade-stuff/CryptoFrogHO2A.py,original,,not_applicable,strategy,false,,,,NA,PASS,missing,historical_spot,,,0,PASS,policy=1;mode=spot;timeframe=5m;complete=8/8;availability_limited=1;sync_gaps=13;pair_gaps=0;aux_failures=0;duplicates=0,false,ineligible,canonical_implementation_not_measured,native_mode_not_runtime_validated;lookahead_not_completed,pair_available_history;verify_exact_regime_window_before_run
CryptoFrogHO3A1,spot_long,CryptoFrogHO3A1:0797316a9dd6,repos/PeetCrypto_freqtrade-stuff/CryptoFrogHO3A1.py,original,,not_applicable,strategy,false,,,,NA,PASS,missing,historical_spot,,,0,PASS,policy=1;mode=spot;timeframe=5m;complete=8/8;availability_limited=1;sync_gaps=13;pair_gaps=0;aux_failures=0;duplicates=0,false,ineligible,canonical_implementation_not_measured,native_mode_not_runtime_validated;lookahead_not_completed,pair_available_history;verify_exact_regime_window_before_run
CryptoFrogHO3A2,spot_long,CryptoFrogHO3A2:534aa9e9bbc1,repos/PeetCrypto_freqtrade-stuff/CryptoFrogHO3A2.py,original,,not_applicable,strategy,false,,,,NA,PASS,missing,historical_spot,,,0,PASS,policy=1;mode=spot;timeframe=5m;complete=8/8;availability_limited=1;sync_gaps=13;pair_gaps=0;aux_failures=0;duplicates=0,false,ineligible,canonical_implementation_not_measured,native_mode_not_runtime_validated;lookahead_not_completed,pair_available_history;verify_exact_regime_window_before_run
CryptoFrogHO3A3,spot_long,CryptoFrogHO3A3:2a4d958d77b8,repos/PeetCrypto_freqtrade-stuff/CryptoFrogHO3A3.py,original,,not_applicable,strategy,false,,,,NA,PASS,missing,historical_spot,,,0,PASS,policy=1;mode=spot;timeframe=5m;complete=8/8;availability_limited=1;sync_gaps=13;pair_gaps=0;aux_failures=0;duplicates=0,false,ineligible,canonical_implementation_not_measured,native_mode_not_runtime_validated;lookahead_not_completed,pair_available_history;verify_exact_regime_window_before_run
CryptoFrogHO3A4,spot_long,CryptoFrogHO3A4:d1ef173efa7d,repos/PeetCrypto_freqtrade-stuff/CryptoFrogHO3A4.py,original,,not_applicable,strategy,false,,,,NA,PASS,missing,historical_spot,,,0,PASS,policy=1;mode=spot;timeframe=5m;complete=8/8;availability_limited=1;sync_gaps=13;pair_gaps=0;aux_failures=0;duplicates=0,false,ineligible,canonical_implementation_not_measured,native_mode_not_runtime_validated;lookahead_not_completed,pair_available_history;verify_exact_regime_window_before_run
CryptoFrogNFI,spot_long,CryptoFrogNFI:2683be32b043,repos/PeetCrypto_freqtrade-stuff/CryptoFrogNFI.py,original,,not_applicable,strategy,false,,,,NA,FOUND,missing,historical_spot,,drift_measured,0,PASS,policy=1;mode=spot;timeframe=5m;complete=8/8;availability_limited=1;sync_gaps=13;pair_gaps=0;aux_failures=0;duplicates=0,false,ineligible,canonical_implementation_not_measured;recursive_bias_found,native_mode_not_runtime_validated;lookahead_not_completed,pair_available_history;verify_exact_regime_window_before_run
CryptoFrogNFI2,spot_long,CryptoFrogNFI2:7382d6068b5e,repos/PeetCrypto_freqtrade-stuff/CryptoFrogNFI2.py,original,,not_applicable,strategy,false,,,,NA,NA,missing,missing,,,0,PASS,policy=1;mode=spot;timeframe=5m;complete=8/8;availability_limited=1;sync_gaps=13;pair_gaps=0;aux_failures=0;duplicates=0,false,ineligible,canonical_implementation_not_measured,native_mode_not_runtime_validated;lookahead_not_completed;recursive_bias_not_completed,pair_available_history;verify_exact_regime_window_before_run
CryptoFrogNFIHO1A,spot_long,CryptoFrogNFIHO1A:5c97e4fad3b8,repos/PeetCrypto_freqtrade-stuff/CryptoFrogNFIHO1A.py,original,,not_applicable,strategy,false,,,,NA,FOUND,missing,historical_spot,,drift_measured,0,PASS,policy=1;mode=spot;timeframe=5m;complete=8/8;availability_limited=1;sync_gaps=13;pair_gaps=0;aux_failures=0;duplicates=0,false,ineligible,canonical_implementation_not_measured;recursive_bias_found,native_mode_not_runtime_validated;lookahead_not_completed,pair_available_history;verify_exact_regime_window_before_run
CryptoFrogOffset,spot_long,CryptoFrogOffset:8c5a7ed49aa3,repos/PeetCrypto_freqtrade-stuff/CryptoFrogOffset.py,original,,not_applicable,strategy,false,,,,NA,FOUND,missing,historical_spot,,drift_measured,0,PASS,policy=1;mode=spot;timeframe=5m;complete=8/8;availability_limited=1;sync_gaps=13;pair_gaps=0;aux_failures=0;duplicates=0,false,ineligible,canonical_implementation_not_measured;recursive_bias_found,native_mode_not_runtime_validated;lookahead_not_completed,pair_available_history;verify_exact_regime_window_before_run
DIV_v1,spot_long,DIV_v1:973c0a6981b9,repair/patched/repos/PeetCrypto_freqtrade-stuff/DIV_v1.py,repaired,class2,strict_equivalent,strategy,false,,freqai_result_card,,NA,NA,missing,missing,,,1,PASS,policy=1;mode=spot;timeframe=5m;complete=8/8;availability_limited=1;sync_gaps=13;pair_gaps=0;aux_failures=0;duplicates=0,false,ineligible,canonical_implementation_not_measured;technical_trap_found,native_mode_not_runtime_validated;lookahead_not_completed;recursive_bias_not_completed,pair_available_history;verify_exact_regime_window_before_run
DevilStra,spot_long,DevilStra:3fd994557200,repos/PeetCrypto_freqtrade-stuff/DevilStra.py,repaired,class1,strict_equivalent,strategy,true,689,class1_result_card,spot,NA,PASS,missing,historical_spot,,,0,PASS,policy=1;mode=spot;timeframe=4h;complete=8/8;availability_limited=1;sync_gaps=0;pair_gaps=0;aux_failures=0;duplicates=0,false,pending_diagnostics,,lookahead_not_completed,pair_available_history;verify_exact_regime_window_before_run
Divergences,spot_long,Divergences:1ac476980fc0,repos/PeetCrypto_freqtrade-stuff/Divergences.py,original,,not_applicable,strategy,true,9981,historical_ledger,spot,NA,FOUND,missing,historical_spot,,drift_measured,0,PASS,policy=1;mode=spot;timeframe=1h;complete=8/8;availability_limited=1;sync_gaps=13;pair_gaps=0;aux_failures=0;duplicates=0,false,ineligible,recursive_bias_found,lookahead_not_completed,pair_available_history;verify_exact_regime_window_before_run
DoesNothingStrategy,spot_long,DoesNothingStrategy:253f1425ab63,repos/PeetCrypto_freqtrade-stuff/DoesNothingStrategy.py,original,,not_applicable,strategy,false,,,,NA,PASS,missing,historical_spot,,,0,PASS,policy=1;mode=spot;timeframe=5m;complete=8/8;availability_limited=1;sync_gaps=13;pair_gaps=0;aux_failures=0;duplicates=0,false,ineligible,canonical_implementation_not_measured,native_mode_not_runtime_validated;lookahead_not_completed,pair_available_history;verify_exact_regime_window_before_run
Dracula,spot_long,Dracula:afbc20276d68,repos/PeetCrypto_freqtrade-stuff/Dracula.py,repaired,class1,strict_equivalent,strategy,true,15,class1_result_card,spot,NA,PASS,missing,historical_spot,,,0,PASS,policy=1;mode=spot;timeframe=1m;complete=8/8;availability_limited=1;sync_gaps=13;pair_gaps=0;aux_failures=0;duplicates=0,false,pending_diagnostics,,lookahead_not_completed,pair_available_history;verify_exact_regime_window_before_run
Dyna_opti,spot_long,Dyna_opti:b04a36f48cec,repos/PeetCrypto_freqtrade-stuff/Dyna_opti.py,original,,not_applicable,strategy,false,,,,NA,PASS,missing,historical_spot,,,0,PASS,policy=1;mode=spot;timeframe=5m;complete=8/8;availability_limited=1;sync_gaps=13;pair_gaps=0;aux_failures=0;duplicates=0,false,ineligible,canonical_implementation_not_measured,native_mode_not_runtime_validated;lookahead_not_completed,pair_available_history;verify_exact_regime_window_before_run
EMASkipPump,spot_long,EMASkipPump:1874b03c9de1,repos/PeetCrypto_freqtrade-stuff/EMASkipPump.py,original,,not_applicable,strategy,true,34322,historical_ledger,spot,NA,PASS,missing,historical_spot,,,0,PASS,policy=1;mode=spot;timeframe=5m;complete=8/8;availability_limited=1;sync_gaps=13;pair_gaps=0;aux_failures=0;duplicates=0,false,pending_diagnostics,,lookahead_not_completed,pair_available_history;verify_exact_regime_window_before_run
EMAVolume,spot_long,EMAVolume:d1e8d261e1fe,repos/PeetCrypto_freqtrade-stuff/EMAVolume.py,original,,not_applicable,strategy,false,,,,NA,NA,missing,missing,,,0,PENDING,unsupported_or_unknown_profile,false,ineligible,canonical_implementation_not_measured,native_mode_not_runtime_validated;lookahead_not_completed;recursive_bias_not_completed;exact_regime_window_coverage_not_verified,pair_available_history;verify_exact_regime_window_before_run
EnsembleStrategy,spot_long,EnsembleStrategy:e7fb1ea9f021,repos/PeetCrypto_freqtrade-stuff/EnsembleStrategy.py,original,,not_applicable,strategy,false,,,,NA,NA,missing,missing,,,0,PENDING,unsupported_or_unknown_profile,false,ineligible,canonical_implementation_not_measured,native_mode_not_runtime_validated;lookahead_not_completed;recursive_bias_not_completed;exact_regime_window_coverage_not_verified,pair_available_history;verify_exact_regime_window_before_run
EnsembleStrategyV1,spot_long,EnsembleStrategyV1:093baefc4abd,repos/PeetCrypto_freqtrade-stuff/EnsembleStrategyV1.py,original,,not_applicable,strategy,false,,,,NA,NA,missing,missing,,,0,PENDING,unsupported_or_unknown_profile,false,ineligible,canonical_implementation_not_measured,native_mode_not_runtime_validated;lookahead_not_completed;recursive_bias_not_completed;exact_regime_window_coverage_not_verified,pair_available_history;verify_exact_regime_window_before_run
EnsembleStrategyV2,spot_long,EnsembleStrategyV2:80f309fb73bd,repos/PeetCrypto_freqtrade-stuff/EnsembleStrategyV2.py,original,,not_applicable,strategy,false,,,,NA,NA,missing,missing,,,0,PENDING,unsupported_or_unknown_profile,false,ineligible,canonical_implementation_not_measured,native_mode_not_runtime_validated;lookahead_not_completed;recursive_bias_not_completed;exact_regime_window_coverage_not_verified,pair_available_history;verify_exact_regime_window_before_run
Ichi,spot_long,Ichi:87916f286b5d,repos/PeetCrypto_freqtrade-stuff/Example_Strat_With_FileLogging.py,original,,not_applicable,strategy,true,14697,historical_ledger,spot,FOUND,PASS,historical_spot,historical_spot,,,0,PASS,policy=1;mode=spot;timeframe=15m;complete=8/8;availability_limited=1;sync_gaps=13;pair_gaps=0;aux_failures=0;duplicates=0,false,ineligible,lookahead_found,,pair_available_history;verify_exact_regime_window_before_run
FRAYSTRAT,spot_long,FRAYSTRAT:d3196d39dc18,repos/PeetCrypto_freqtrade-stuff/FRAYSTRAT (1).py,original,,not_applicable,strategy,true,12446,historical_ledger,spot,NA,FOUND,missing,historical_spot,,drift_measured,0,PASS,policy=1;mode=spot;timeframe=15m;complete=8/8;availability_limited=1;sync_gaps=13;pair_gaps=0;aux_failures=0;duplicates=0,false,ineligible,recursive_bias_found,lookahead_not_completed,pair_available_history;verify_exact_regime_window_before_run
FrayStratBTC,spot_long,FrayStratBTC:16634765d8c5,repos/PeetCrypto_freqtrade-stuff/FRAYSTRAT-BTCUSDT-1H.py,original,,not_applicable,strategy,true,9089,historical_ledger,spot,NA,FOUND,missing,historical_spot,,drift_measured,0,PASS,policy=1;mode=spot;timeframe=15m;complete=8/8;availability_limited=1;sync_gaps=13;pair_gaps=0;aux_failures=0;duplicates=0,false,ineligible,recursive_bias_found,lookahead_not_completed,pair_available_history;verify_exact_regime_window_before_run
FiveMinCrossAbove,spot_long,FiveMinCrossAbove:64f31d591444,repos/PeetCrypto_freqtrade-stuff/FiveMinCrossAbove.py,original,,not_applicable,strategy,true,1851,historical_ledger,spot,NA,PASS,missing,historical_spot,,,0,PASS,policy=1;mode=spot;timeframe=5m;complete=8/8;availability_limited=1;sync_gaps=13;pair_gaps=0;aux_failures=0;duplicates=0,false,pending_diagnostics,,lookahead_not_completed,pair_available_history;verify_exact_regime_window_before_run
FixedRiskRewardLoss,spot_long,FixedRiskRewardLoss:642f5a83d4c1,repos/PeetCrypto_freqtrade-stuff/FixedRiskRewardLoss.py,original,,not_applicable,strategy,false,,,,NA,NA,missing,missing,,,0,PENDING,unsupported_or_unknown_profile,false,ineligible,canonical_implementation_not_measured,native_mode_not_runtime_validated;lookahead_not_completed;recursive_bias_not_completed;exact_regime_window_coverage_not_verified,pair_available_history;verify_exact_regime_window_before_run
FrayLIVEBTC15m,spot_long,FrayLIVEBTC15m:bf5adb1e910d,repos/PeetCrypto_freqtrade-stuff/FrayLIVEBTC15m.py,original,,not_applicable,strategy,true,4747,historical_ledger,spot,FOUND,FOUND,historical_spot,historical_spot,,drift_measured,0,PASS,policy=1;mode=spot;timeframe=15m;complete=8/8;availability_limited=1;sync_gaps=13;pair_gaps=0;aux_failures=0;duplicates=0,false,ineligible,lookahead_found;recursive_bias_found,,pair_available_history;verify_exact_regime_window_before_run
NEWTEST15m,spot_long,NEWTEST15m:073cb8fb26d0,repos/PeetCrypto_freqtrade-stuff/FrayNew-HyperOpt (1).py,original,,not_applicable,strategy,true,2644,historical_ledger,spot,NA,FOUND,missing,historical_spot,,drift_measured,0,PASS,policy=1;mode=spot;timeframe=15m;complete=8/8;availability_limited=1;sync_gaps=13;pair_gaps=0;aux_failures=0;duplicates=0,false,ineligible,recursive_bias_found,lookahead_not_completed,pair_available_history;verify_exact_regime_window_before_run
FrostAuraM115mStrategy,spot_long,FrostAuraM115mStrategy:e9262b2563ac,repos/PeetCrypto_freqtrade-stuff/FrostAuraM115mStrategy.py,original,,not_applicable,strategy,true,30851,historical_ledger,spot,NA,FOUND,missing,historical_spot,,drift_measured,0,PASS,policy=1;mode=spot;timeframe=15m;complete=8/8;availability_limited=1;sync_gaps=13;pair_gaps=0;aux_failures=0;duplicates=0,false,ineligible,recursive_bias_found,lookahead_not_completed,pair_available_history;verify_exact_regime_window_before_run
FrostAuraM11hStrategy,spot_long,FrostAuraM11hStrategy:7efa54048d03,repos/PeetCrypto_freqtrade-stuff/FrostAuraM11hStrategy.py,original,,not_applicable,strategy,true,2636,historical_ledger,spot,NA,FOUND,missing,historical_spot,,drift_measured,0,PASS,policy=1;mode=spot;timeframe=1h;complete=8/8;availability_limited=1;sync_gaps=13;pair_gaps=0;aux_failures=0;duplicates=0,false,ineligible,recursive_bias_found,lookahead_not_completed,pair_available_history;verify_exact_regime_window_before_run
FrostAuraM21hStrategy,spot_long,FrostAuraM21hStrategy:e62e94197d80,repos/PeetCrypto_freqtrade-stuff/FrostAuraM21hStrategy.py,original,,not_applicable,strategy,true,19880,historical_ledger,spot,NA,FOUND,missing,historical_spot,,drift_measured,0,PASS,policy=1;mode=spot;timeframe=15m;complete=8/8;availability_limited=1;sync_gaps=13;pair_gaps=0;aux_failures=0;duplicates=0,false,ineligible,recursive_bias_found,lookahead_not_completed,pair_available_history;verify_exact_regime_window_before_run
FrostAuraM315mStrategy,spot_long,FrostAuraM315mStrategy:10bba7a00490,repos/PeetCrypto_freqtrade-stuff/FrostAuraM315mStrategy.py,original,,not_applicable,strategy,true,9121,historical_ledger,spot,NA,FOUND,missing,historical_spot,,drift_measured,0,PASS,policy=1;mode=spot;timeframe=15m;complete=8/8;availability_limited=1;sync_gaps=13;pair_gaps=0;aux_failures=0;duplicates=0,false,ineligible,recursive_bias_found,lookahead_not_completed,pair_available_history;verify_exact_regime_window_before_run
FrostAuraM31hStrategy,spot_long,FrostAuraM31hStrategy:25602b75c668,repos/PeetCrypto_freqtrade-stuff/FrostAuraM31hStrategy.py,original,,not_applicable,strategy,true,2469,historical_ledger,spot,NA,FOUND,missing,historical_spot,,drift_measured,0,PASS,policy=1;mode=spot;timeframe=1h;complete=8/8;availability_limited=1;sync_gaps=13;pair_gaps=0;aux_failures=0;duplicates=0,false,ineligible,recursive_bias_found,lookahead_not_completed,pair_available_history;verify_exact_regime_window_before_run
GodStraNew,spot_long,GodStraNew:ccd91d678e82,repos/PeetCrypto_freqtrade-stuff/GodStra.py,repaired,class1,strict_equivalent,strategy,true,6,class1_result_card,spot,NA,PASS,missing,historical_spot,,,0,PASS,policy=1;mode=spot;timeframe=4h;complete=8/8;availability_limited=1;sync_gaps=0;pair_gaps=0;aux_failures=0;duplicates=0,false,pending_diagnostics,,lookahead_not_completed,pair_available_history;verify_exact_regime_window_before_run
GodStra,spot_long,GodStra:1ac32a523ed4,repos/PeetCrypto_freqtrade-stuff/GodStraNew.py,original,,not_applicable,strategy,false,,,,NA,PASS,missing,historical_spot,,,0,PASS,policy=1;mode=spot;timeframe=12h;complete=8/8;availability_limited=1;sync_gaps=0;pair_gaps=0;aux_failures=0;duplicates=0,false,ineligible,canonical_implementation_not_measured,native_mode_not_runtime_validated;lookahead_not_completed,pair_available_history;verify_exact_regime_window_before_run
GodStraNew40,spot_long,GodStraNew40:025eaa29d44b,repos/PeetCrypto_freqtrade-stuff/GodStraNew40.py,repaired,class1,strict_equivalent,strategy,true,6,class1_result_card,spot,NA,PASS,missing,historical_spot,,,0,PASS,policy=1;mode=spot;timeframe=4h;complete=8/8;availability_limited=1;sync_gaps=0;pair_gaps=0;aux_failures=0;duplicates=0,false,pending_diagnostics,,lookahead_not_completed,pair_available_history;verify_exact_regime_window_before_run
GodStraNew_SMAonly,spot_long,GodStraNew_SMAonly:9555628b8d3d,repos/PeetCrypto_freqtrade-stuff/GodStraNew_SMAonly.py,repaired,class1,strict_equivalent,strategy,true,14,class1_result_card,spot,NA,PASS,missing,historical_spot,,,0,PASS,policy=1;mode=spot;timeframe=5m;complete=8/8;availability_limited=1;sync_gaps=13;pair_gaps=0;aux_failures=0;duplicates=0,false,pending_diagnostics,,lookahead_not_completed,pair_available_history;verify_exact_regime_window_before_run
GymStrategy,spot_long,GymStrategy:be099be3c57d,repos/PeetCrypto_freqtrade-stuff/GymStrategy.py,original,,not_applicable,strategy,false,,,,NA,PASS,missing,historical_spot,,,0,PENDING,unsupported_or_unknown_profile,false,ineligible,canonical_implementation_not_measured,native_mode_not_runtime_validated;lookahead_not_completed;exact_regime_window_coverage_not_verified,pair_available_history;verify_exact_regime_window_before_run
HLHB,spot_long,HLHB:babdef4aeaa2,repos/PeetCrypto_freqtrade-stuff/HLHB.py,original,,not_applicable,strategy,false,,,,NA,NA,missing,missing,,,0,PASS,policy=1;mode=spot;timeframe=4h;complete=8/8;availability_limited=1;sync_gaps=0;pair_gaps=0;aux_failures=0;duplicates=0,false,ineligible,canonical_implementation_not_measured,native_mode_not_runtime_validated;lookahead_not_completed;recursive_bias_not_completed,pair_available_history;verify_exact_regime_window_before_run
HansenSmaOffsetV1,spot_long,HansenSmaOffsetV1:dd5294ed0e16,repos/PeetCrypto_freqtrade-stuff/HansenSmaOffsetV1.py,original,,not_applicable,strategy,true,119,historical_ledger,spot,NA,PASS,missing,historical_spot,,,0,PASS,policy=1;mode=spot;timeframe=15m;complete=8/8;availability_limited=1;sync_gaps=13;pair_gaps=0;aux_failures=0;duplicates=0,false,pending_diagnostics,,lookahead_not_completed,pair_available_history;verify_exact_regime_window_before_run
Heracles,spot_long,Heracles:8039952f7ce8,repos/PeetCrypto_freqtrade-stuff/Heracles.py,repaired,class1,strict_equivalent,strategy,true,779,class1_result_card,spot,NA,PASS,missing,historical_spot,,,0,PASS,policy=1;mode=spot;timeframe=4h;complete=8/8;availability_limited=1;sync_gaps=0;pair_gaps=0;aux_failures=0;duplicates=0,false,pending_diagnostics,,lookahead_not_completed,pair_available_history;verify_exact_regime_window_before_run
HourBasedStrategy,spot_long,HourBasedStrategy:e5b07aa38e7a,repos/PeetCrypto_freqtrade-stuff/HourBasedStrategy.py,original,,not_applicable,strategy,true,10884,historical_ledger,spot,NA,PASS,missing,historical_spot,,,0,PASS,policy=1;mode=spot;timeframe=1h;complete=8/8;availability_limited=1;sync_gaps=13;pair_gaps=0;aux_failures=0;duplicates=0,false,pending_diagnostics,,lookahead_not_completed,pair_available_history;verify_exact_regime_window_before_run
HyperStra_GSN_SMAOnly,spot_long,HyperStra_GSN_SMAOnly:d9254aa62eb9,repos/PeetCrypto_freqtrade-stuff/HyperStra_GSN_SMAOnly.py,original,,not_applicable,strategy,true,17,historical_ledger,spot,NA,PASS,missing,historical_spot,,,0,PASS,policy=1;mode=spot;timeframe=5m;complete=8/8;availability_limited=1;sync_gaps=13;pair_gaps=0;aux_failures=0;duplicates=0,false,pending_diagnostics,,lookahead_not_completed,pair_available_history;verify_exact_regime_window_before_run
HyperStra_SMAOnly,spot_long,HyperStra_SMAOnly:441c29d71c2f,repos/PeetCrypto_freqtrade-stuff/HyperStra_SMAOnly.py,original,,not_applicable,strategy,true,17,historical_ledger,spot,NA,PASS,missing,historical_spot,,,0,PASS,policy=1;mode=spot;timeframe=5m;complete=8/8;availability_limited=1;sync_gaps=13;pair_gaps=0;aux_failures=0;duplicates=0,false,pending_diagnostics,,lookahead_not_completed,pair_available_history;verify_exact_regime_window_before_run
Ichess,spot_long,Ichess:e132e60059f1,repos/PeetCrypto_freqtrade-stuff/Ichess.py,original,,not_applicable,strategy,true,355,historical_ledger,spot,NA,PASS,missing,historical_spot,,,0,PASS,policy=1;mode=spot;timeframe=1d;complete=8/8;availability_limited=1;sync_gaps=0;pair_gaps=0;aux_failures=0;duplicates=0,false,pending_diagnostics,,lookahead_not_completed,pair_available_history;verify_exact_regime_window_before_run
Ichimoku,spot_long,Ichimoku:377b0bc34d77,repos/PeetCrypto_freqtrade-stuff/Ichimoku.py,original,,not_applicable,strategy,true,8609,historical_ledger,spot,NA,PASS,missing,historical_spot,,,0,PASS,policy=1;mode=spot;timeframe=5m;complete=8/8;availability_limited=1;sync_gaps=13;pair_gaps=0;aux_failures=0;duplicates=0,false,pending_diagnostics,,lookahead_not_completed,pair_available_history;verify_exact_regime_window_before_run
IchimokuStrategy,spot_long,IchimokuStrategy:3aa8e3a1a618,repos/PeetCrypto_freqtrade-stuff/IchimokuStrategy.py,original,,not_applicable,strategy,false,,,,NA,PASS,missing,historical_spot,,,0,PENDING,unsupported_or_unknown_profile,false,ineligible,canonical_implementation_not_measured,native_mode_not_runtime_validated;lookahead_not_completed;exact_regime_window_coverage_not_verified,pair_available_history;verify_exact_regime_window_before_run
Ichimoku_SenkouSpanCross,spot_long,Ichimoku_SenkouSpanCross:0e5b58cf8b15,repos/PeetCrypto_freqtrade-stuff/Ichimoku_SenkouSpanCross.py,original,,not_applicable,strategy,false,,,,NA,PASS,missing,historical_spot,,,0,PENDING,unsupported_or_unknown_profile,false,ineligible,canonical_implementation_not_measured,native_mode_not_runtime_validated;lookahead_not_completed;exact_regime_window_coverage_not_verified,pair_available_history;verify_exact_regime_window_before_run
Ichimoku_v12,spot_long,Ichimoku_v12:239140e7a000,repos/PeetCrypto_freqtrade-stuff/Ichimoku_v12.py,original,,not_applicable,strategy,false,,,,NA,NA,missing,missing,,,0,PENDING,unsupported_or_unknown_profile,false,ineligible,canonical_implementation_not_measured,native_mode_not_runtime_validated;lookahead_not_completed;recursive_bias_not_completed;exact_regime_window_coverage_not_verified,pair_available_history;verify_exact_regime_window_before_run
Ichimoku_v30,spot_long,Ichimoku_v30:cc125c04e31b,repos/PeetCrypto_freqtrade-stuff/Ichimoku_v30_DojiStar.py,original,,not_applicable,strategy,false,,,,NA,NA,missing,missing,,,0,PENDING,unsupported_or_unknown_profile,false,ineligible,canonical_implementation_not_measured,native_mode_not_runtime_validated;lookahead_not_completed;recursive_bias_not_completed;exact_regime_window_coverage_not_verified,pair_available_history;verify_exact_regime_window_before_run
Ichimoku_v31,spot_long,Ichimoku_v31:b8c58ef26055,repos/PeetCrypto_freqtrade-stuff/Ichimoku_v31_Heikin.py,original,,not_applicable,strategy,true,1564,historical_ledger,spot,NA,PASS,missing,historical_spot,,,0,PASS,policy=1;mode=spot;timeframe=1h;complete=8/8;availability_limited=1;sync_gaps=13;pair_gaps=0;aux_failures=0;duplicates=0,false,pending_diagnostics,,lookahead_not_completed,pair_available_history;verify_exact_regime_window_before_run
Ichimoku_v32,spot_long,Ichimoku_v32:e7de6f78d43f,repos/PeetCrypto_freqtrade-stuff/Ichimoku_v32_HeikinAshi.py,original,,not_applicable,strategy,false,,,,NA,NA,missing,missing,,,0,PENDING,unsupported_or_unknown_profile,false,ineligible,canonical_implementation_not_measured,native_mode_not_runtime_validated;lookahead_not_completed;recursive_bias_not_completed;exact_regime_window_coverage_not_verified,pair_available_history;verify_exact_regime_window_before_run
Ichimoku_v33,spot_long,Ichimoku_v33:8e39599c5f08,repos/PeetCrypto_freqtrade-stuff/Ichimoku_v33_SAR.py,original,,not_applicable,strategy,false,,,,NA,NA,missing,missing,,,0,PENDING,unsupported_or_unknown_profile,false,ineligible,canonical_implementation_not_measured,native_mode_not_runtime_validated;lookahead_not_completed;recursive_bias_not_completed;exact_regime_window_coverage_not_verified,pair_available_history;verify_exact_regime_window_before_run
Ichimoku_v35,spot_long,Ichimoku_v35:f640a73dd0d8,repos/PeetCrypto_freqtrade-stuff/Ichimoku_v35_SAR_1d.py,original,,not_applicable,strategy,false,,,,NA,NA,missing,missing,,,0,PENDING,unsupported_or_unknown_profile,false,ineligible,canonical_implementation_not_measured,native_mode_not_runtime_validated;lookahead_not_completed;recursive_bias_not_completed;exact_regime_window_coverage_not_verified,pair_available_history;verify_exact_regime_window_before_run
Ichimoku_v37,spot_long,Ichimoku_v37:ab55a132c009,repos/PeetCrypto_freqtrade-stuff/Ichimoku_v37_HeikinAshi.py,original,,not_applicable,strategy,true,507,historical_ledger,spot,NA,PASS,missing,historical_spot,,,0,PASS,policy=1;mode=spot;timeframe=4h;complete=8/8;availability_limited=1;sync_gaps=0;pair_gaps=0;aux_failures=0;duplicates=0,false,pending_diagnostics,,lookahead_not_completed,pair_available_history;verify_exact_regime_window_before_run
ichiV1,spot_long,ichiV1:c418535cb45a,repos/PeetCrypto_freqtrade-stuff/IchisV1.py,original,,not_applicable,strategy,true,13449,historical_ledger,spot,FOUND,FOUND,historical_spot,historical_spot,,drift_measured,0,PASS,policy=1;mode=spot;timeframe=5m;complete=8/8;availability_limited=1;sync_gaps=13;pair_gaps=0;aux_failures=0;duplicates=0,false,ineligible,lookahead_found;recursive_bias_found,,pair_available_history;verify_exact_regime_window_before_run
InformativeSample,spot_long,InformativeSample:52e59a9eeb8a,repos/PeetCrypto_freqtrade-stuff/InformativeSample (1).py,original,,not_applicable,strategy,true,15553,historical_ledger,spot,NA,PASS,missing,historical_spot,,,0,PASS,policy=1;mode=spot;timeframe=5m;complete=8/8;availability_limited=1;sync_gaps=13;pair_gaps=0;aux_failures=0;duplicates=0,false,pending_diagnostics,,lookahead_not_completed,pair_available_history;verify_exact_regime_window_before_run
JustROCR,spot_long,JustROCR:0c056ac53867,repos/PeetCrypto_freqtrade-stuff/JustROCR.py,original,,not_applicable,strategy,false,,,,NA,NA,missing,missing,,,0,PENDING,unsupported_or_unknown_profile,false,ineligible,canonical_implementation_not_measured,native_mode_not_runtime_validated;lookahead_not_completed;recursive_bias_not_completed;exact_regime_window_coverage_not_verified,pair_available_history;verify_exact_regime_window_before_run
JustROCR2,spot_long,JustROCR2:499f71de285e,repos/PeetCrypto_freqtrade-stuff/JustROCR2.py,original,,not_applicable,strategy,false,,,,NA,NA,missing,missing,,,0,PENDING,unsupported_or_unknown_profile,false,ineligible,canonical_implementation_not_measured,native_mode_not_runtime_validated;lookahead_not_completed;recursive_bias_not_completed;exact_regime_window_coverage_not_verified,pair_available_history;verify_exact_regime_window_before_run
JustROCR3,spot_long,JustROCR3:fb482eb1d59f,repos/PeetCrypto_freqtrade-stuff/JustROCR3.py,original,,not_applicable,strategy,false,,,,NA,NA,missing,missing,,,0,PENDING,unsupported_or_unknown_profile,false,ineligible,canonical_implementation_not_measured,native_mode_not_runtime_validated;lookahead_not_completed;recursive_bias_not_completed;exact_regime_window_coverage_not_verified,pair_available_history;verify_exact_regime_window_before_run
JustROCR4,spot_long,JustROCR4:9b483e0ff6ab,repos/PeetCrypto_freqtrade-stuff/JustROCR4.py,original,,not_applicable,strategy,false,,,,NA,NA,missing,missing,,,0,PENDING,unsupported_or_unknown_profile,false,ineligible,canonical_implementation_not_measured,native_mode_not_runtime_validated;lookahead_not_completed;recursive_bias_not_completed;exact_regime_window_coverage_not_verified,pair_available_history;verify_exact_regime_window_before_run
JustROCR5,spot_long,JustROCR5:39c4be6a37f5,repos/PeetCrypto_freqtrade-stuff/JustROCR5.py,original,,not_applicable,strategy,false,,,,NA,NA,missing,missing,,,0,PENDING,unsupported_or_unknown_profile,false,ineligible,canonical_implementation_not_measured,native_mode_not_runtime_validated;lookahead_not_completed;recursive_bias_not_completed;exact_regime_window_coverage_not_verified,pair_available_history;verify_exact_regime_window_before_run
JustROCR6,spot_long,JustROCR6:3beea9617b4e,repos/PeetCrypto_freqtrade-stuff/JustROCR6.py,original,,not_applicable,strategy,false,,,,NA,NA,missing,missing,,,0,PENDING,unsupported_or_unknown_profile,false,ineligible,canonical_implementation_not_measured,native_mode_not_runtime_validated;lookahead_not_completed;recursive_bias_not_completed;exact_regime_window_coverage_not_verified,pair_available_history;verify_exact_regime_window_before_run
KAMACCIRSI,spot_long,KAMACCIRSI:85f30514549c,repos/PeetCrypto_freqtrade-stuff/KAMACCIRSI.py,original,,not_applicable,strategy,true,10269,historical_ledger,spot,NA,PASS,missing,historical_spot,,,0,PASS,policy=1;mode=spot;timeframe=5m;complete=8/8;availability_limited=1;sync_gaps=13;pair_gaps=0;aux_failures=0;duplicates=0,false,pending_diagnostics,,lookahead_not_completed,pair_available_history;verify_exact_regime_window_before_run
LongShortRangeTradingMachetesV1,spot_long,LongShortRangeTradingMachetesV1:33f0c77297f3,repos/PeetCrypto_freqtrade-stuff/LongShortRangeTradingMachetesV1-1.py,original,,not_applicable,strategy,false,,,,NA,NA,missing,missing,,,0,PASS,policy=1;mode=spot;timeframe=1m;complete=8/8;availability_limited=1;sync_gaps=13;pair_gaps=0;aux_failures=0;duplicates=0,false,ineligible,canonical_implementation_not_measured,native_mode_not_runtime_validated;lookahead_not_completed;recursive_bias_not_completed,pair_available_history;verify_exact_regime_window_before_run
Low_BB,spot_long,Low_BB:fa2c70df8480,repos/PeetCrypto_freqtrade-stuff/Low_BB.py,original,,not_applicable,strategy,true,649,historical_ledger,spot,NA,PASS,missing,historical_spot,,,0,PASS,policy=1;mode=spot;timeframe=1m;complete=8/8;availability_limited=1;sync_gaps=13;pair_gaps=0;aux_failures=0;duplicates=0,false,pending_diagnostics,,lookahead_not_completed,pair_available_history;verify_exact_regime_window_before_run
LuxOSC,spot_long,LuxOSC:4eb4f180d5a0,repos/PeetCrypto_freqtrade-stuff/LuxOSC.py,original,,not_applicable,strategy,true,14577,historical_ledger,spot,NA,FOUND,missing,historical_spot,,drift_measured,0,PASS,policy=1;mode=spot;timeframe=5m;complete=8/8;availability_limited=1;sync_gaps=13;pair_gaps=0;aux_failures=0;duplicates=0,false,ineligible,recursive_bias_found,lookahead_not_completed,pair_available_history;verify_exact_regime_window_before_run
MAC,spot_long,MAC:2af777a511a9,repos/PeetCrypto_freqtrade-stuff/MAC.py,original,,not_applicable,strategy,true,52,historical_ledger,spot,NA,FOUND,missing,historical_spot,,drift_measured,0,PASS,policy=1;mode=spot;timeframe=1d;complete=8/8;availability_limited=1;sync_gaps=0;pair_gaps=0;aux_failures=0;duplicates=0,false,ineligible,recursive_bias_found,lookahead_not_completed,pair_available_history;verify_exact_regime_window_before_run
MACDCCI,spot_long,MACDCCI:13131ed784a7,repos/PeetCrypto_freqtrade-stuff/MACDCCI.py,original,,not_applicable,strategy,false,,,,NA,NA,missing,missing,,,0,PENDING,unsupported_or_unknown_profile,false,ineligible,canonical_implementation_not_measured,native_mode_not_runtime_validated;lookahead_not_completed;recursive_bias_not_completed;exact_regime_window_coverage_not_verified,pair_available_history;verify_exact_regime_window_before_run
MACDRSI200,spot_long,MACDRSI200:2a562c45320c,repos/PeetCrypto_freqtrade-stuff/MACDRSI200.py,original,,not_applicable,strategy,false,,,,NA,NA,missing,missing,,,0,PENDING,unsupported_or_unknown_profile,false,ineligible,canonical_implementation_not_measured,native_mode_not_runtime_validated;lookahead_not_completed;recursive_bias_not_completed;exact_regime_window_coverage_not_verified,pair_available_history;verify_exact_regime_window_before_run
MACDStrategy,spot_long,MACDStrategy:354b4a915253,repos/PeetCrypto_freqtrade-stuff/MACDStrategy.py,original,,not_applicable,strategy,true,20565,historical_ledger,spot,NA,PASS,missing,historical_spot,,,0,PASS,policy=1;mode=spot;timeframe=5m;complete=8/8;availability_limited=1;sync_gaps=13;pair_gaps=0;aux_failures=0;duplicates=0,false,pending_diagnostics,,lookahead_not_completed,pair_available_history;verify_exact_regime_window_before_run
MACDStrategy_crossed,spot_long,MACDStrategy_crossed:105ba624b149,repos/PeetCrypto_freqtrade-stuff/MACDStrategy_crossed.py,original,,not_applicable,strategy,true,5065,historical_ledger,spot,NA,PASS,missing,historical_spot,,,0,PASS,policy=1;mode=spot;timeframe=5m;complete=8/8;availability_limited=1;sync_gaps=13;pair_gaps=0;aux_failures=0;duplicates=0,false,pending_diagnostics,,lookahead_not_completed,pair_available_history;verify_exact_regime_window_before_run
MACD_EMA,spot_long,MACD_EMA:1f6a6896ebba,repos/PeetCrypto_freqtrade-stuff/MACD_EMA.py,original,,not_applicable,strategy,true,25655,historical_ledger,spot,NA,PASS,missing,historical_spot,,,0,PASS,policy=1;mode=spot;timeframe=5m;complete=8/8;availability_limited=1;sync_gaps=13;pair_gaps=0;aux_failures=0;duplicates=0,false,pending_diagnostics,,lookahead_not_completed,pair_available_history;verify_exact_regime_window_before_run
MACD_TRIPLE_MA,spot_long,MACD_TRIPLE_MA:8d5f191c4d92,repos/PeetCrypto_freqtrade-stuff/MACD_TRIPLE_MA.py,original,,not_applicable,strategy,true,14845,historical_ledger,spot,NA,PASS,missing,historical_spot,,,0,PASS,policy=1;mode=spot;timeframe=5m;complete=8/8;availability_limited=1;sync_gaps=13;pair_gaps=0;aux_failures=0;duplicates=0,false,pending_diagnostics,,lookahead_not_completed,pair_available_history;verify_exact_regime_window_before_run
MACD_TRI_EMA,spot_long,MACD_TRI_EMA:4c459d412a21,repos/PeetCrypto_freqtrade-stuff/MACD_TRI_EMA.py,original,,not_applicable,strategy,true,31828,historical_ledger,spot,NA,PASS,missing,historical_spot,,,0,PASS,policy=1;mode=spot;timeframe=5m;complete=8/8;availability_limited=1;sync_gaps=13;pair_gaps=0;aux_failures=0;duplicates=0,false,pending_diagnostics,,lookahead_not_completed,pair_available_history;verify_exact_regime_window_before_run
MADisplaceV3,spot_long,MADisplaceV3:421a02c82cad,repos/PeetCrypto_freqtrade-stuff/MADisplaceV3.py,original,,not_applicable,strategy,true,718,historical_ledger,spot,NA,PASS,missing,historical_spot,,,0,PASS,policy=1;mode=spot;timeframe=5m;complete=8/8;availability_limited=1;sync_gaps=13;pair_gaps=0;aux_failures=0;duplicates=0,false,pending_diagnostics,,lookahead_not_completed,pair_available_history;verify_exact_regime_window_before_run
MFI,spot_long,MFI:77f6179b7131,repos/PeetCrypto_freqtrade-stuff/MFI.py,original,,not_applicable,strategy,true,20266,historical_ledger,spot,NA,PASS,missing,historical_spot,,,0,PASS,policy=1;mode=spot;timeframe=5m;complete=8/8;availability_limited=1;sync_gaps=13;pair_gaps=0;aux_failures=0;duplicates=0,false,pending_diagnostics,,lookahead_not_completed,pair_available_history;verify_exact_regime_window_before_run
mabStra,spot_long,mabStra:a7796af206e8,repos/PeetCrypto_freqtrade-stuff/MabStra.py,repaired,class1,strict_equivalent,strategy,true,1174,class1_result_card,spot,NA,PASS,missing,historical_spot,,,0,PASS,policy=1;mode=spot;timeframe=4h;complete=8/8;availability_limited=1;sync_gaps=0;pair_gaps=0;aux_failures=0;duplicates=0,false,pending_diagnostics,,lookahead_not_completed,pair_available_history;verify_exact_regime_window_before_run
SampleStrategyV2,spot_long,SampleStrategyV2:c0fc5e4af5d3,repos/PeetCrypto_freqtrade-stuff/Machete.py,original,,not_applicable,strategy,true,5882,historical_ledger,spot,NA,PASS,missing,historical_spot,,,0,PASS,policy=1;mode=spot;timeframe=5m;complete=8/8;availability_limited=1;sync_gaps=13;pair_gaps=0;aux_failures=0;duplicates=0,false,pending_diagnostics,,lookahead_not_completed,pair_available_history;verify_exact_regime_window_before_run
MacheteV8bRallimod,spot_long,MacheteV8bRallimod:a32e955e51d2,repos/PeetCrypto_freqtrade-stuff/MacheteV8bRallimod.py,original,,not_applicable,strategy,false,,,,NA,FOUND,missing,historical_spot,,drift_measured,0,PASS,policy=1;mode=spot;timeframe=15m;complete=8/8;availability_limited=1;sync_gaps=13;pair_gaps=0;aux_failures=0;duplicates=0,false,ineligible,canonical_implementation_not_measured;recursive_bias_found,native_mode_not_runtime_validated;lookahead_not_completed,pair_available_history;verify_exact_regime_window_before_run
MacheteV8bRallimod2,spot_long,MacheteV8bRallimod2:1cddafe6cb5c,repos/PeetCrypto_freqtrade-stuff/MacheteV8bRallimod2.py,original,,not_applicable,strategy,false,,,,NA,FOUND,missing,historical_spot,,drift_measured,0,PASS,policy=1;mode=spot;timeframe=5m;complete=8/8;availability_limited=1;sync_gaps=13;pair_gaps=0;aux_failures=0;duplicates=0,false,ineligible,canonical_implementation_not_measured;recursive_bias_found,native_mode_not_runtime_validated;lookahead_not_completed,pair_available_history;verify_exact_regime_window_before_run
MarketChyperHyperStrategy,spot_long,MarketChyperHyperStrategy:29bc8e0e7645,repos/PeetCrypto_freqtrade-stuff/MarketChyperHyperStrategy.py,repaired,class1,strict_equivalent,strategy,true,2406,class1_result_card,spot,NA,PASS,missing,historical_spot,,,0,PASS,policy=1;mode=spot;timeframe=1h;complete=8/8;availability_limited=1;sync_gaps=13;pair_gaps=0;aux_failures=0;duplicates=0,false,pending_diagnostics,,lookahead_not_completed,pair_available_history;verify_exact_regime_window_before_run
Martin,spot_long,Martin:c87f731c8d7e,repos/PeetCrypto_freqtrade-stuff/Martin.py,original,,not_applicable,strategy,true,12724,historical_ledger,spot,NA,FOUND,missing,historical_spot,,drift_measured,0,PASS,policy=1;mode=spot;timeframe=5m;complete=8/8;availability_limited=1;sync_gaps=13;pair_gaps=0;aux_failures=0;duplicates=0,false,ineligible,recursive_bias_found,lookahead_not_completed,pair_available_history;verify_exact_regime_window_before_run
MasterMoniGoManiHyperStrategy,spot_long,MasterMoniGoManiHyperStrategy:c2b2fb772c1d,repos/PeetCrypto_freqtrade-stuff/MasterMoniGoManiHyperStrategy.py,original,,not_applicable,strategy,false,,,,NA,PASS,missing,historical_spot,,,0,PENDING,unsupported_or_unknown_profile,false,ineligible,canonical_implementation_not_measured,native_mode_not_runtime_validated;lookahead_not_completed;exact_regime_window_coverage_not_verified,pair_available_history;verify_exact_regime_window_before_run
Miku_PP_v3,spot_long,Miku_PP_v3:798d69d7631f,repos/PeetCrypto_freqtrade-stuff/Miku_PP_v3.py,original,,not_applicable,strategy,false,,,,NA,PASS,missing,historical_spot,,,0,PASS,policy=1;mode=spot;timeframe=5m;complete=8/8;availability_limited=1;sync_gaps=13;pair_gaps=0;aux_failures=0;duplicates=0,false,ineligible,canonical_implementation_not_measured,native_mode_not_runtime_validated;lookahead_not_completed,pair_available_history;verify_exact_regime_window_before_run
MiniLambo,spot_long,MiniLambo:3201257fa75c,repos/PeetCrypto_freqtrade-stuff/MiniLambo (2).py,original,,not_applicable,strategy,true,1469,historical_ledger,spot,NA,FOUND,missing,historical_spot,,drift_measured,0,PASS,policy=1;mode=spot;timeframe=1m;complete=8/8;availability_limited=1;sync_gaps=13;pair_gaps=0;aux_failures=0;duplicates=0,false,ineligible,recursive_bias_found,lookahead_not_completed,pair_available_history;verify_exact_regime_window_before_run
Minmax,spot_long,Minmax:b69e76191cae,repos/PeetCrypto_freqtrade-stuff/MinmaxF.py,original,,not_applicable,strategy,true,3882,historical_ledger,spot,NA,PASS,missing,historical_spot,,,0,PASS,policy=1;mode=spot;timeframe=1h;complete=8/8;availability_limited=1;sync_gaps=13;pair_gaps=0;aux_failures=0;duplicates=0,false,pending_diagnostics,,lookahead_not_completed,pair_available_history;verify_exact_regime_window_before_run
MontrealStrategy,spot_long,MontrealStrategy:00d7b1be6b3a,repos/PeetCrypto_freqtrade-stuff/MontrealStrategy.py,original,,not_applicable,strategy,true,26411,historical_ledger,spot,NA,FOUND,missing,historical_spot,,drift_measured,0,PASS,policy=1;mode=spot;timeframe=15m;complete=8/8;availability_limited=1;sync_gaps=13;pair_gaps=0;aux_failures=0;duplicates=0,false,ineligible,recursive_bias_found,lookahead_not_completed,pair_available_history;verify_exact_regime_window_before_run
MultiMA_TSL3,spot_long,MultiMA_TSL3:45fabc590c40,repair/patched/repos/PeetCrypto_freqtrade-stuff/MultiMA_TSL.py,repaired,class2,strict_equivalent,strategy,false,,freqai_result_card,,NA,NA,missing,missing,,,0,PASS,policy=1;mode=spot;timeframe=5m;complete=8/8;availability_limited=1;sync_gaps=13;pair_gaps=0;aux_failures=0;duplicates=0,false,ineligible,canonical_implementation_not_measured,native_mode_not_runtime_validated;lookahead_not_completed;recursive_bias_not_completed,pair_available_history;verify_exact_regime_window_before_run
MultiMa,spot_long,MultiMa:9bf075d72896,repos/PeetCrypto_freqtrade-stuff/MultiMa.py,original,,not_applicable,strategy,false,,,,NA,PASS,missing,historical_spot,,,0,PASS,policy=1;mode=spot;timeframe=4h;complete=8/8;availability_limited=1;sync_gaps=0;pair_gaps=0;aux_failures=0;duplicates=0,false,ineligible,canonical_implementation_not_measured,native_mode_not_runtime_validated;lookahead_not_completed,pair_available_history;verify_exact_regime_window_before_run
MultiRSI,spot_long,MultiRSI:1d2302ab0c34,repair/patched/repos/PeetCrypto_freqtrade-stuff/MultiRSI.py,repaired,class2,strict_equivalent,strategy,false,,freqai_result_card,,NA,PASS,missing,historical_spot,,,0,PASS,policy=1;mode=spot;timeframe=5m;complete=8/8;availability_limited=1;sync_gaps=13;pair_gaps=0;aux_failures=0;duplicates=0,false,ineligible,canonical_implementation_not_measured,native_mode_not_runtime_validated;lookahead_not_completed,pair_available_history;verify_exact_regime_window_before_run
MyStrategyNew10,spot_long,MyStrategyNew10:e254339e0b47,repos/PeetCrypto_freqtrade-stuff/MyStrategyNew10.py,original,,not_applicable,strategy,false,,,,NA,FOUND,missing,historical_spot,,drift_measured,0,PENDING,unsupported_or_unknown_profile,false,ineligible,canonical_implementation_not_measured;recursive_bias_found,native_mode_not_runtime_validated;lookahead_not_completed;exact_regime_window_coverage_not_verified,pair_available_history;verify_exact_regime_window_before_run
NASOSv5,spot_long,NASOSv5:f3fa98f6674e,repos/PeetCrypto_freqtrade-stuff/NASOSv5.py,original,,not_applicable,strategy,true,801,historical_ledger,spot,NA,FOUND,missing,historical_spot,,drift_measured,0,PASS,policy=1;mode=spot;timeframe=5m;complete=8/8;availability_limited=1;sync_gaps=13;pair_gaps=0;aux_failures=0;duplicates=0,false,ineligible,recursive_bias_found,lookahead_not_completed,pair_available_history;verify_exact_regime_window_before_run
NASOSv5_mod1,spot_long,NASOSv5_mod1:8bd88a9be50e,repos/PeetCrypto_freqtrade-stuff/NASOSv5_mod1 (1).py,original,,not_applicable,strategy,true,522,historical_ledger,spot,NA,FOUND,missing,historical_spot,,drift_measured,1,PASS,policy=1;mode=spot;timeframe=5m;complete=8/8;availability_limited=1;sync_gaps=13;pair_gaps=0;aux_failures=0;duplicates=0,false,ineligible,recursive_bias_found;technical_trap_found,lookahead_not_completed,pair_available_history;verify_exact_regime_window_before_run
NASOSv5_mod2,spot_long,NASOSv5_mod2:cec5b34de7cb,repos/PeetCrypto_freqtrade-stuff/NASOSv5_mod2 (1).py,original,,not_applicable,strategy,true,319,historical_ledger,spot,NA,FOUND,missing,historical_spot,,drift_measured,1,PASS,policy=1;mode=spot;timeframe=5m;complete=8/8;availability_limited=1;sync_gaps=13;pair_gaps=0;aux_failures=0;duplicates=0,false,ineligible,recursive_bias_found;technical_trap_found,lookahead_not_completed,pair_available_history;verify_exact_regime_window_before_run
NASOSv5_mod3,spot_long,NASOSv5_mod3:c2474a25b494,repos/PeetCrypto_freqtrade-stuff/NASOSv5_mod3 (1).py,original,,not_applicable,strategy,true,603,historical_ledger,spot,NA,FOUND,missing,historical_spot,,drift_measured,1,PASS,policy=1;mode=spot;timeframe=5m;complete=8/8;availability_limited=1;sync_gaps=13;pair_gaps=0;aux_failures=0;duplicates=0,false,ineligible,recursive_bias_found;technical_trap_found,lookahead_not_completed,pair_available_history;verify_exact_regime_window_before_run
NFI46,spot_long,NFI46:3db277f7e4a6,repos/PeetCrypto_freqtrade-stuff/NFI46.py,original,,not_applicable,strategy,true,77,historical_ledger,spot,NA,FOUND,missing,historical_spot,,drift_measured,0,PASS,policy=1;mode=spot;timeframe=5m;complete=8/8;availability_limited=1;sync_gaps=13;pair_gaps=0;aux_failures=0;duplicates=0,false,ineligible,recursive_bias_found,lookahead_not_completed,pair_available_history;verify_exact_regime_window_before_run
NFI46Frog,spot_long,NFI46Frog:bdad559e841d,repos/PeetCrypto_freqtrade-stuff/NFI46Frog.py,original,,not_applicable,strategy,false,,,,NA,FOUND,missing,historical_spot,,drift_measured,0,PASS,policy=1;mode=spot;timeframe=5m;complete=8/8;availability_limited=1;sync_gaps=13;pair_gaps=0;aux_failures=0;duplicates=0,false,ineligible,canonical_implementation_not_measured;recursive_bias_found,native_mode_not_runtime_validated;lookahead_not_completed,pair_available_history;verify_exact_regime_window_before_run
NFI46FrogZ,spot_long,NFI46FrogZ:6f9f3884189e,repos/PeetCrypto_freqtrade-stuff/NFI46FrogZ.py,original,,not_applicable,strategy,true,16273,historical_ledger,spot,NA,FOUND,missing,historical_spot,,drift_measured,0,PASS,policy=1;mode=spot;timeframe=5m;complete=8/8;availability_limited=1;sync_gaps=13;pair_gaps=0;aux_failures=0;duplicates=0,false,ineligible,recursive_bias_found,lookahead_not_completed,pair_available_history;verify_exact_regime_window_before_run
NFI46Offset,spot_long,NFI46Offset:e4ed1aba5f3b,repos/PeetCrypto_freqtrade-stuff/NFI46Offset.py,original,,not_applicable,strategy,true,941,historical_ledger,spot,NA,FOUND,missing,historical_spot,,drift_measured,0,PASS,policy=1;mode=spot;timeframe=5m;complete=8/8;availability_limited=1;sync_gaps=13;pair_gaps=0;aux_failures=0;duplicates=0,false,ineligible,recursive_bias_found,lookahead_not_completed,pair_available_history;verify_exact_regime_window_before_run
NFI46OffsetHOA1,spot_long,NFI46OffsetHOA1:3a919e723fd5,repos/PeetCrypto_freqtrade-stuff/NFI46OffsetHOA1 (1).py,original,,not_applicable,strategy,true,1037,historical_ledger,spot,NA,FOUND,missing,historical_spot,,drift_measured,0,PASS,policy=1;mode=spot;timeframe=5m;complete=8/8;availability_limited=1;sync_gaps=13;pair_gaps=0;aux_failures=0;duplicates=0,false,ineligible,recursive_bias_found,lookahead_not_completed,pair_available_history;verify_exact_regime_window_before_run
NFI46Z,spot_long,NFI46Z:590e7fc9a706,repos/PeetCrypto_freqtrade-stuff/NFI46Z (1).py,original,,not_applicable,strategy,true,699,historical_ledger,spot,NA,FOUND,missing,historical_spot,,drift_measured,0,PASS,policy=1;mode=spot;timeframe=5m;complete=8/8;availability_limited=1;sync_gaps=13;pair_gaps=0;aux_failures=0;duplicates=0,false,ineligible,recursive_bias_found,lookahead_not_completed,pair_available_history;verify_exact_regime_window_before_run
NFI4Frog,spot_long,NFI4Frog:870a99e6d361,repos/PeetCrypto_freqtrade-stuff/NFI4Frog.py,original,,not_applicable,strategy,false,,,,NA,FOUND,missing,historical_spot,,drift_measured,0,PASS,policy=1;mode=spot;timeframe=5m;complete=8/8;availability_limited=1;sync_gaps=13;pair_gaps=0;aux_failures=0;duplicates=0,false,ineligible,canonical_implementation_not_measured;recursive_bias_found,native_mode_not_runtime_validated;lookahead_not_completed,pair_available_history;verify_exact_regime_window_before_run
NFI5MOHO,spot_long,NFI5MOHO:0d413291622d,repos/PeetCrypto_freqtrade-stuff/NFI5MOHO.py,original,,not_applicable,strategy,true,378,historical_ledger,spot,NA,FOUND,missing,historical_spot,,drift_measured,0,PASS,policy=1;mode=spot;timeframe=5m;complete=8/8;availability_limited=1;sync_gaps=13;pair_gaps=0;aux_failures=0;duplicates=0,false,ineligible,recursive_bias_found,lookahead_not_completed,pair_available_history;verify_exact_regime_window_before_run
NFI5MOHO_WIP,spot_long,NFI5MOHO_WIP:245f4ab9c80f,repos/PeetCrypto_freqtrade-stuff/NFI5MOHO_WIP.py,original,,not_applicable,strategy,true,951,historical_ledger,spot,NA,FOUND,missing,historical_spot,,drift_measured,0,PASS,policy=1;mode=spot;timeframe=5m;complete=8/8;availability_limited=1;sync_gaps=13;pair_gaps=0;aux_failures=0;duplicates=0,false,ineligible,recursive_bias_found,lookahead_not_completed,pair_available_history;verify_exact_regime_window_before_run
NFI731_BUSD,spot_long,NFI731_BUSD:331d3650977c,repair/patched/repos/PeetCrypto_freqtrade-stuff/NFI731_BUSD.py,repaired,class2,strict_equivalent,strategy,false,,freqai_result_card,,NA,NA,missing,missing,,,0,PASS,policy=1;mode=spot;timeframe=5m;complete=8/8;availability_limited=1;sync_gaps=13;pair_gaps=0;aux_failures=0;duplicates=0,false,ineligible,canonical_implementation_not_measured,native_mode_not_runtime_validated;lookahead_not_completed;recursive_bias_not_completed,pair_available_history;verify_exact_regime_window_before_run
NFIX_BB_RPB,spot_long,NFIX_BB_RPB:b83b916d9476,repair/patched/repos/PeetCrypto_freqtrade-stuff/NFIX_BB_RPB.py,repaired,class2,strict_equivalent,strategy,false,,freqai_result_card,,NA,NA,missing,missing,,,0,PASS,policy=1;mode=spot;timeframe=5m;complete=8/8;availability_limited=1;sync_gaps=13;pair_gaps=0;aux_failures=0;duplicates=0,false,ineligible,canonical_implementation_not_measured,native_mode_not_runtime_validated;lookahead_not_completed;recursive_bias_not_completed,pair_available_history;verify_exact_regime_window_before_run
NfiNextModded,spot_long,NfiNextModded:100cce435cd4,repair/patched/repos/PeetCrypto_freqtrade-stuff/NfiNextModded.py,repaired,class2,strict_equivalent,strategy,false,,freqai_result_card,,NA,NA,missing,missing,,,0,PASS,policy=1;mode=spot;timeframe=5m;complete=8/8;availability_limited=1;sync_gaps=13;pair_gaps=0;aux_failures=0;duplicates=0,false,ineligible,canonical_implementation_not_measured,native_mode_not_runtime_validated;lookahead_not_completed;recursive_bias_not_completed,pair_available_history;verify_exact_regime_window_before_run
NoLost,spot_long,NoLost:416b181f23fa,repos/PeetCrypto_freqtrade-stuff/NoLost.py,original,,not_applicable,strategy,false,,,,NA,PASS,missing,historical_spot,,,0,PASS,policy=1;mode=spot;timeframe=1h;complete=8/8;availability_limited=1;sync_gaps=13;pair_gaps=0;aux_failures=0;duplicates=0,false,ineligible,canonical_implementation_not_measured,native_mode_not_runtime_validated;lookahead_not_completed,pair_available_history;verify_exact_regime_window_before_run
NormalizerStrategyHO2,spot_long,NormalizerStrategyHO2:267d4725d39c,repos/PeetCrypto_freqtrade-stuff/NormalizerStrategyHO2 (1).py,original,,not_applicable,strategy,true,3149,historical_ledger,spot,NA,FOUND,missing,historical_spot,,drift_measured,0,PASS,policy=1;mode=spot;timeframe=1h;complete=8/8;availability_limited=1;sync_gaps=13;pair_gaps=0;aux_failures=0;duplicates=0,false,ineligible,recursive_bias_found,lookahead_not_completed,pair_available_history;verify_exact_regime_window_before_run
NostalgiaForInfinityNextGen,spot_long,NostalgiaForInfinityNextGen:dacd889a1ab7,repos/PeetCrypto_freqtrade-stuff/NostalgiaForInfinityNextGen.py,original,,not_applicable,strategy,true,158,historical_ledger,spot,NA,FOUND,missing,historical_spot,,drift_measured,0,PASS,policy=1;mode=spot;timeframe=15m;complete=8/8;availability_limited=1;sync_gaps=13;pair_gaps=0;aux_failures=0;duplicates=0,false,ineligible,recursive_bias_found,lookahead_not_completed,pair_available_history;verify_exact_regime_window_before_run
NostalgiaForInfinityNext_ChangeToTower_V5_2,spot_long,NostalgiaForInfinityNext_ChangeToTower_V5_2:58d7bd63db05,repair/patched/repos/PeetCrypto_freqtrade-stuff/NostalgiaForInfinityNext_ChangeToTower_V5_2.py,repaired,class2,strict_equivalent,strategy,false,,freqai_result_card,,NA,NA,missing,missing,,,0,PASS,policy=1;mode=spot;timeframe=5m;complete=8/8;availability_limited=1;sync_gaps=13;pair_gaps=0;aux_failures=0;duplicates=0,false,ineligible,canonical_implementation_not_measured,native_mode_not_runtime_validated;lookahead_not_completed;recursive_bias_not_completed,pair_available_history;verify_exact_regime_window_before_run
NostalgiaForInfinityNext_ChangeToTower_V5_3,spot_long,NostalgiaForInfinityNext_ChangeToTower_V5_3:f37b7071c4e1,repair/patched/repos/PeetCrypto_freqtrade-stuff/NostalgiaForInfinityNext_ChangeToTower_V5_3.py,repaired,class2,strict_equivalent,strategy,false,,freqai_result_card,,NA,NA,missing,missing,,,0,PASS,policy=1;mode=spot;timeframe=5m;complete=8/8;availability_limited=1;sync_gaps=13;pair_gaps=0;aux_failures=0;duplicates=0,false,ineligible,canonical_implementation_not_measured,native_mode_not_runtime_validated;lookahead_not_completed;recursive_bias_not_completed,pair_available_history;verify_exact_regime_window_before_run
NostalgiaForInfinityNext_ChangeToTower_V6,spot_long,NostalgiaForInfinityNext_ChangeToTower_V6:c159920e103d,repair/patched/repos/PeetCrypto_freqtrade-stuff/NostalgiaForInfinityNext_ChangeToTower_V6.py,repaired,class2,strict_equivalent,strategy,false,,freqai_result_card,,NA,NA,missing,missing,,,0,PASS,policy=1;mode=spot;timeframe=5m;complete=8/8;availability_limited=1;sync_gaps=13;pair_gaps=0;aux_failures=0;duplicates=0,false,ineligible,canonical_implementation_not_measured,native_mode_not_runtime_validated;lookahead_not_completed;recursive_bias_not_completed,pair_available_history;verify_exact_regime_window_before_run
NostalgiaForInfinityV1,spot_long,NostalgiaForInfinityV1:73271ad1c5f2,repos/PeetCrypto_freqtrade-stuff/NostalgiaForInfinityV1.py,original,,not_applicable,strategy,true,3457,historical_ledger,spot,NA,PASS,missing,historical_spot,,,0,PASS,policy=1;mode=spot;timeframe=5m;complete=8/8;availability_limited=1;sync_gaps=13;pair_gaps=0;aux_failures=0;duplicates=0,false,pending_diagnostics,,lookahead_not_completed,pair_available_history;verify_exact_regime_window_before_run
NostalgiaForInfinityV2,spot_long,NostalgiaForInfinityV2:7fb7ad41e5da,repos/PeetCrypto_freqtrade-stuff/NostalgiaForInfinityV2.py,original,,not_applicable,strategy,true,825,historical_ledger,spot,NA,PASS,missing,historical_spot,,,0,PASS,policy=1;mode=spot;timeframe=5m;complete=8/8;availability_limited=1;sync_gaps=13;pair_gaps=0;aux_failures=0;duplicates=0,false,pending_diagnostics,,lookahead_not_completed,pair_available_history;verify_exact_regime_window_before_run
NostalgiaForInfinityV3,spot_long,NostalgiaForInfinityV3:46c2fc7f57c8,repos/PeetCrypto_freqtrade-stuff/NostalgiaForInfinityV3.py,original,,not_applicable,strategy,true,1015,historical_ledger,spot,NA,FOUND,missing,historical_spot,,drift_measured,0,PASS,policy=1;mode=spot;timeframe=5m;complete=8/8;availability_limited=1;sync_gaps=13;pair_gaps=0;aux_failures=0;duplicates=0,false,ineligible,recursive_bias_found,lookahead_not_completed,pair_available_history;verify_exact_regime_window_before_run
NostalgiaForInfinityV4,spot_long,NostalgiaForInfinityV4:6382c7057945,repos/PeetCrypto_freqtrade-stuff/NostalgiaForInfinityV4.py,original,,not_applicable,strategy,true,401,historical_ledger,spot,NA,FOUND,missing,historical_spot,,drift_measured,0,PASS,policy=1;mode=spot;timeframe=5m;complete=8/8;availability_limited=1;sync_gaps=13;pair_gaps=0;aux_failures=0;duplicates=0,false,ineligible,recursive_bias_found,lookahead_not_completed,pair_available_history;verify_exact_regime_window_before_run
NostalgiaForInfinityV4HO,spot_long,NostalgiaForInfinityV4HO:60aa09daffcd,repos/PeetCrypto_freqtrade-stuff/NostalgiaForInfinityV4HO (1).py,original,,not_applicable,strategy,true,379,historical_ledger,spot,NA,FOUND,missing,historical_spot,,drift_measured,0,PASS,policy=1;mode=spot;timeframe=5m;complete=8/8;availability_limited=1;sync_gaps=13;pair_gaps=0;aux_failures=0;duplicates=0,false,ineligible,recursive_bias_found,lookahead_not_completed,pair_available_history;verify_exact_regime_window_before_run
NostalgiaForInfinityV5,spot_long,NostalgiaForInfinityV5:4baf0df28b03,repos/PeetCrypto_freqtrade-stuff/NostalgiaForInfinityV5.py,original,,not_applicable,strategy,true,618,historical_ledger,spot,NA,FOUND,missing,historical_spot,,drift_measured,0,PASS,policy=1;mode=spot;timeframe=5m;complete=8/8;availability_limited=1;sync_gaps=13;pair_gaps=0;aux_failures=0;duplicates=0,false,ineligible,recursive_bias_found,lookahead_not_completed,pair_available_history;verify_exact_regime_window_before_run
NostalgiaForInfinityV5MultiOffsetAndHO2,spot_long,NostalgiaForInfinityV5MultiOffsetAndHO2:6b6ec1065ded,repos/PeetCrypto_freqtrade-stuff/NostalgiaForInfinityV5MultiOffsetAndHO2 (1).py,original,,not_applicable,strategy,true,1381,historical_ledger,spot,NA,FOUND,missing,historical_spot,,drift_measured,0,PASS,policy=1;mode=spot;timeframe=5m;complete=8/8;availability_limited=1;sync_gaps=13;pair_gaps=0;aux_failures=0;duplicates=0,false,ineligible,recursive_bias_found,lookahead_not_completed,pair_available_history;verify_exact_regime_window_before_run
NostalgiaForInfinityV6,spot_long,NostalgiaForInfinityV6:d50788f22876,repos/PeetCrypto_freqtrade-stuff/NostalgiaForInfinityV6.py,original,,not_applicable,strategy,true,712,historical_ledger,spot,NA,FOUND,missing,historical_spot,,drift_measured,0,PASS,policy=1;mode=spot;timeframe=5m;complete=8/8;availability_limited=1;sync_gaps=13;pair_gaps=0;aux_failures=0;duplicates=0,false,ineligible,recursive_bias_found,lookahead_not_completed,pair_available_history;verify_exact_regime_window_before_run
NostalgiaForInfinityV7,spot_long,NostalgiaForInfinityV7:70bf498db8f9,repos/PeetCrypto_freqtrade-stuff/NostalgiaForInfinityV7.py,original,,not_applicable,strategy,true,684,historical_ledger,spot,NA,FOUND,missing,historical_spot,,drift_measured,0,PASS,policy=1;mode=spot;timeframe=5m;complete=8/8;availability_limited=1;sync_gaps=13;pair_gaps=0;aux_failures=0;duplicates=0,false,ineligible,recursive_bias_found,lookahead_not_completed,pair_available_history;verify_exact_regime_window_before_run
NostalgiaForInfinityV7_SMA,spot_long,NostalgiaForInfinityV7_SMA:23e102fa7661,repos/PeetCrypto_freqtrade-stuff/NostalgiaForInfinityV7_SMA.py,original,,not_applicable,strategy,true,927,historical_ledger,spot,NA,FOUND,missing,historical_spot,,drift_measured,0,PASS,policy=1;mode=spot;timeframe=5m;complete=8/8;availability_limited=1;sync_gaps=13;pair_gaps=0;aux_failures=0;duplicates=0,false,ineligible,recursive_bias_found,lookahead_not_completed,pair_available_history;verify_exact_regime_window_before_run
NostalgiaForInfinityV7_SMAv2,spot_long,NostalgiaForInfinityV7_SMAv2:b8f2edbf30e4,repos/PeetCrypto_freqtrade-stuff/NostalgiaForInfinityV7_SMAv2 (2).py,original,,not_applicable,strategy,true,927,historical_ledger,spot,NA,FOUND,missing,historical_spot,,drift_measured,0,PASS,policy=1;mode=spot;timeframe=5m;complete=8/8;availability_limited=1;sync_gaps=13;pair_gaps=0;aux_failures=0;duplicates=0,false,ineligible,recursive_bias_found,lookahead_not_completed,pair_available_history;verify_exact_regime_window_before_run
NostalgiaForInfinityV7_SMAv2_1,spot_long,NostalgiaForInfinityV7_SMAv2_1:b3bc724acd6c,repos/PeetCrypto_freqtrade-stuff/NostalgiaForInfinityV7_SMAv2_1 (1).py,original,,not_applicable,strategy,true,545,historical_ledger,spot,NA,FOUND,missing,historical_spot,,drift_measured,0,PASS,policy=1;mode=spot;timeframe=5m;complete=8/8;availability_limited=1;sync_gaps=13;pair_gaps=0;aux_failures=0;duplicates=0,false,ineligible,recursive_bias_found,lookahead_not_completed,pair_available_history;verify_exact_regime_window_before_run
NostalgiaForInfinityXw,spot_long,NostalgiaForInfinityXw:d75bbf31c099,repair/patched/repos/PeetCrypto_freqtrade-stuff/NostalgiaForInfinityXw (1).py,repaired,class2,strict_equivalent,strategy,false,,freqai_result_card,,NA,NA,missing,missing,,,0,PASS,policy=1;mode=spot;timeframe=5m;complete=8/8;availability_limited=1;sync_gaps=13;pair_gaps=0;aux_failures=0;duplicates=0,false,ineligible,canonical_implementation_not_measured,native_mode_not_runtime_validated;lookahead_not_completed;recursive_bias_not_completed,pair_available_history;verify_exact_regime_window_before_run
NotAnotherSMAOffsetStrategyX1,spot_long,NotAnotherSMAOffsetStrategyX1:1337e2ef028a,repos/PeetCrypto_freqtrade-stuff/NotAnotherSMAOffsetStrategyX1.py,original,,not_applicable,strategy,true,597,historical_ledger,spot,NA,FOUND,missing,historical_spot,,drift_measured,0,PASS,policy=1;mode=spot;timeframe=5m;complete=8/8;availability_limited=1;sync_gaps=13;pair_gaps=0;aux_failures=0;duplicates=0,false,ineligible,recursive_bias_found,lookahead_not_completed,pair_available_history;verify_exact_regime_window_before_run
NowoIchimoku1hV1,spot_long,NowoIchimoku1hV1:9f6f9b7f67c2,repos/PeetCrypto_freqtrade-stuff/NowoIchimoku1hV1 (1).py,original,,not_applicable,strategy,false,,,,NA,FOUND,missing,historical_spot,,drift_measured,0,PASS,policy=1;mode=spot;timeframe=1h;complete=8/8;availability_limited=1;sync_gaps=13;pair_gaps=0;aux_failures=0;duplicates=0,false,ineligible,canonical_implementation_not_measured;recursive_bias_found,native_mode_not_runtime_validated;lookahead_not_completed,pair_available_history;verify_exact_regime_window_before_run
NowoIchimoku1hV2,spot_long,NowoIchimoku1hV2:638e72b5ab6a,repos/PeetCrypto_freqtrade-stuff/NowoIchimoku1hV2 (1).py,original,,not_applicable,strategy,true,3695,historical_ledger,spot,NA,FOUND,missing,historical_spot,,drift_measured,0,PASS,policy=1;mode=spot;timeframe=1h;complete=8/8;availability_limited=1;sync_gaps=13;pair_gaps=0;aux_failures=0;duplicates=0,false,ineligible,recursive_bias_found,lookahead_not_completed,pair_available_history;verify_exact_regime_window_before_run
NowoIchimoku5mV2,spot_long,NowoIchimoku5mV2:c116db4ee5a1,repos/PeetCrypto_freqtrade-stuff/NowoIchimoku5mV2 (1).py,original,,not_applicable,strategy,false,,,,NA,PASS,missing,historical_spot,,,0,PASS,policy=1;mode=spot;timeframe=5m;complete=8/8;availability_limited=1;sync_gaps=13;pair_gaps=0;aux_failures=0;duplicates=0,false,ineligible,canonical_implementation_not_measured,native_mode_not_runtime_validated;lookahead_not_completed,pair_available_history;verify_exact_regime_window_before_run
ObeliskIM_v1_1,spot_long,ObeliskIM_v1_1:3465de64a9dc,repair/patched/repos/PeetCrypto_freqtrade-stuff/ObeliskIM_v1_1.py,repaired,class2,strict_equivalent,strategy,false,,freqai_result_card,,NA,NA,missing,missing,,,0,PASS,policy=1;mode=spot;timeframe=5m;complete=8/8;availability_limited=1;sync_gaps=13;pair_gaps=0;aux_failures=0;duplicates=0,false,ineligible,canonical_implementation_not_measured,native_mode_not_runtime_validated;lookahead_not_completed;recursive_bias_not_completed,pair_available_history;verify_exact_regime_window_before_run
ObeliskRSI_v6_1,spot_long,ObeliskRSI_v6_1:a54a6b898501,repair/patched/repos/PeetCrypto_freqtrade-stuff/ObeliskRSI_v6_1.py,repaired,class2,strict_equivalent,strategy,false,,freqai_result_card,,NA,NA,missing,missing,,,0,PASS,policy=1;mode=spot;timeframe=5m;complete=8/8;availability_limited=1;sync_gaps=13;pair_gaps=0;aux_failures=0;duplicates=0,false,ineligible,canonical_implementation_not_measured,native_mode_not_runtime_validated;lookahead_not_completed;recursive_bias_not_completed,pair_available_history;verify_exact_regime_window_before_run
Obelisk_3EMA_StochRSI_ATR,spot_long,Obelisk_3EMA_StochRSI_ATR:b453f6e4194b,repair/patched/repos/PeetCrypto_freqtrade-stuff/Obelisk_3EMA_StochRSI_ATR.py,repaired,class2,strict_equivalent,strategy,false,,freqai_result_card,,NA,NA,missing,missing,,,0,PASS,policy=1;mode=spot;timeframe=5m;complete=8/8;availability_limited=1;sync_gaps=13;pair_gaps=0;aux_failures=0;duplicates=0,false,ineligible,canonical_implementation_not_measured,native_mode_not_runtime_validated;lookahead_not_completed;recursive_bias_not_completed,pair_available_history;verify_exact_regime_window_before_run
Obelisk_Ichimoku_Slow_v1_3,spot_long,Obelisk_Ichimoku_Slow_v1_3:167c8ef5bbb5,repair/patched/repos/PeetCrypto_freqtrade-stuff/Obelisk_Ichimoku_Slow_v1_3.py,repaired,class2,strict_equivalent,strategy,false,,freqai_result_card,,NA,NA,missing,missing,,,0,PASS,policy=1;mode=spot;timeframe=1h;complete=8/8;availability_limited=1;sync_gaps=13;pair_gaps=0;aux_failures=0;duplicates=0,false,ineligible,canonical_implementation_not_measured,native_mode_not_runtime_validated;lookahead_not_completed;recursive_bias_not_completed,pair_available_history;verify_exact_regime_window_before_run
Obelisk_TradePro_Ichi_v1_1,spot_long,Obelisk_TradePro_Ichi_v1_1:2d1dd383bd8e,repos/PeetCrypto_freqtrade-stuff/Obelisk_TradePro_Ichi_v1_1.py,original,,not_applicable,strategy,true,5059,historical_ledger,spot,FOUND,PASS,historical_spot,historical_spot,,,0,PASS,policy=1;mode=spot;timeframe=1h;complete=8/8;availability_limited=1;sync_gaps=13;pair_gaps=0;aux_failures=0;duplicates=0,false,ineligible,lookahead_found,,pair_available_history;verify_exact_regime_window_before_run
Obelisk_TradePro_Ichi_v2_1,spot_long,Obelisk_TradePro_Ichi_v2_1:6b60d2647a28,repos/PeetCrypto_freqtrade-stuff/Obelisk_TradePro_Ichi_v2_1.py,original,,not_applicable,strategy,true,6419,historical_ledger,spot,FOUND,PASS,historical_spot,historical_spot,,,0,PASS,policy=1;mode=spot;timeframe=1h;complete=8/8;availability_limited=1;sync_gaps=13;pair_gaps=0;aux_failures=0;duplicates=0,false,ineligible,lookahead_found,,pair_available_history;verify_exact_regime_window_before_run
PRICEFOLLOWING,spot_long,PRICEFOLLOWING:59c51dfde6be,repos/PeetCrypto_freqtrade-stuff/PRICEFOLLOWING (1).py,original,,not_applicable,strategy,true,272,historical_ledger,spot,NA,FOUND,missing,historical_spot,,drift_measured,0,PASS,policy=1;mode=spot;timeframe=5m;complete=8/8;availability_limited=1;sync_gaps=13;pair_gaps=0;aux_failures=0;duplicates=0,false,ineligible,recursive_bias_found,lookahead_not_completed,pair_available_history;verify_exact_regime_window_before_run
PRICEFOLLOWING2,spot_long,PRICEFOLLOWING2:ba1cbc29cfe5,repos/PeetCrypto_freqtrade-stuff/PRICEFOLLOWING2 (1).py,repaired,class1,strict_equivalent,strategy,true,2,class1_result_card,spot,NA,FOUND,missing,historical_spot,,drift_measured,0,PASS,policy=1;mode=spot;timeframe=15m;complete=8/8;availability_limited=1;sync_gaps=13;pair_gaps=0;aux_failures=0;duplicates=0,false,ineligible,recursive_bias_found,lookahead_not_completed,pair_available_history;verify_exact_regime_window_before_run
PRICEFOLLOWINGX,spot_long,PRICEFOLLOWINGX:7ce6fa9a5c5a,repos/PeetCrypto_freqtrade-stuff/PRICEFOLLOWINGX (1).py,original,,not_applicable,strategy,true,1172,historical_ledger,spot,NA,FOUND,missing,historical_spot,,drift_measured,0,PASS,policy=1;mode=spot;timeframe=15m;complete=8/8;availability_limited=1;sync_gaps=13;pair_gaps=0;aux_failures=0;duplicates=0,false,ineligible,recursive_bias_found,lookahead_not_completed,pair_available_history;verify_exact_regime_window_before_run
Persia,spot_long,Persia:33ccafd6fae4,repos/PeetCrypto_freqtrade-stuff/Persia.py,original,,not_applicable,strategy,false,,,,NA,PASS,missing,historical_spot,,,0,PASS,policy=1;mode=spot;timeframe=5m;complete=8/8;availability_limited=1;sync_gaps=13;pair_gaps=0;aux_failures=0;duplicates=0,false,ineligible,canonical_implementation_not_measured,native_mode_not_runtime_validated;lookahead_not_completed,pair_available_history;verify_exact_regime_window_before_run
Pmax,spot_long,Pmax:0d4334112a7d,repos/PeetCrypto_freqtrade-stuff/Pmax.py,original,,not_applicable,strategy,false,,,,NA,PASS,missing,historical_spot,,,0,PASS,policy=1;mode=spot;timeframe=5m;complete=8/8;availability_limited=1;sync_gaps=13;pair_gaps=0;aux_failures=0;duplicates=0,false,ineligible,canonical_implementation_not_measured,native_mode_not_runtime_validated;lookahead_not_completed,pair_available_history;verify_exact_regime_window_before_run
PrawnstarOBV,spot_long,PrawnstarOBV:3534921aec10,repos/PeetCrypto_freqtrade-stuff/PrawnstarOBV.py,original,,not_applicable,strategy,true,7066,historical_ledger,spot,NA,FOUND,missing,historical_spot,,drift_measured,1,PASS,policy=1;mode=spot;timeframe=1h;complete=8/8;availability_limited=1;sync_gaps=13;pair_gaps=0;aux_failures=0;duplicates=0,false,ineligible,recursive_bias_found;technical_trap_found,lookahead_not_completed,pair_available_history;verify_exact_regime_window_before_run
Prediction_Strategy,spot_long,Prediction_Strategy:cb4c9523b5b3,repos/PeetCrypto_freqtrade-stuff/Prediction_Strategy.py,original,,not_applicable,strategy,false,,,,NA,PASS,missing,historical_spot,,,0,PASS,policy=1;mode=spot;timeframe=1h;complete=8/8;availability_limited=1;sync_gaps=13;pair_gaps=0;aux_failures=0;duplicates=0,false,ineligible,canonical_implementation_not_measured,native_mode_not_runtime_validated;lookahead_not_completed,pair_available_history;verify_exact_regime_window_before_run
QuickBuyStrategy,spot_long,QuickBuyStrategy:7ff610b1bed5,repos/PeetCrypto_freqtrade-stuff/QuickBuyStrategy.py,original,,not_applicable,strategy,false,,,,NA,NA,missing,missing,,,0,PENDING,unsupported_or_unknown_profile,false,ineligible,canonical_implementation_not_measured,native_mode_not_runtime_validated;lookahead_not_completed;recursive_bias_not_completed;exact_regime_window_coverage_not_verified,pair_available_history;verify_exact_regime_window_before_run
Quickie,spot_long,Quickie:79be21c3eea3,repos/PeetCrypto_freqtrade-stuff/Quickie.py,original,,not_applicable,strategy,true,7676,historical_ledger,spot,NA,PASS,missing,historical_spot,,,0,PASS,policy=1;mode=spot;timeframe=5m;complete=8/8;availability_limited=1;sync_gaps=13;pair_gaps=0;aux_failures=0;duplicates=0,false,pending_diagnostics,,lookahead_not_completed,pair_available_history;verify_exact_regime_window_before_run
RSIDivTirail,spot_long,RSIDivTirail:99148c68949e,repos/PeetCrypto_freqtrade-stuff/RSIDivergence.py,original,,not_applicable,strategy,false,,,,NA,PASS,missing,historical_spot,,,1,PASS,policy=1;mode=spot;timeframe=5m;complete=8/8;availability_limited=1;sync_gaps=13;pair_gaps=0;aux_failures=0;duplicates=0,false,ineligible,canonical_implementation_not_measured;technical_trap_found,native_mode_not_runtime_validated;lookahead_not_completed,pair_available_history;verify_exact_regime_window_before_run
RalliV1_disable56,spot_long,RalliV1_disable56:623e39c7d09c,repos/PeetCrypto_freqtrade-stuff/RalliV1_disable56.py,original,,not_applicable,strategy,true,651,historical_ledger,spot,NA,FOUND,missing,historical_spot,,drift_measured,0,PASS,policy=1;mode=spot;timeframe=5m;complete=8/8;availability_limited=1;sync_gaps=13;pair_gaps=0;aux_failures=0;duplicates=0,false,ineligible,recursive_bias_found,lookahead_not_completed,pair_available_history;verify_exact_regime_window_before_run
ReinforcedAverageStrategy,spot_long,ReinforcedAverageStrategy:9fb9bec08a64,repos/PeetCrypto_freqtrade-stuff/ReinforcedAverageStrategy.py,original,,not_applicable,strategy,true,1163,historical_ledger,spot,NA,PASS,missing,historical_spot,,,0,PASS,policy=1;mode=spot;timeframe=4h;complete=8/8;availability_limited=1;sync_gaps=0;pair_gaps=0;aux_failures=0;duplicates=0,false,pending_diagnostics,,lookahead_not_completed,pair_available_history;verify_exact_regime_window_before_run
ReinforcedQuickie,spot_long,ReinforcedQuickie:5d02feda60fc,repos/PeetCrypto_freqtrade-stuff/ReinforcedQuickie.py,original,,not_applicable,strategy,true,24078,historical_ledger,spot,FOUND,PASS,historical_spot,historical_spot,,,0,PASS,policy=1;mode=spot;timeframe=5m;complete=8/8;availability_limited=1;sync_gaps=13;pair_gaps=0;aux_failures=0;duplicates=0,false,ineligible,lookahead_found,,pair_available_history;verify_exact_regime_window_before_run
Renko,spot_long,Renko:7e11ea5041e5,repos/PeetCrypto_freqtrade-stuff/Renko.py,original,,not_applicable,strategy,true,124,historical_ledger,spot,FOUND,PASS,historical_spot,historical_spot,,,0,PASS,policy=1;mode=spot;timeframe=15m;complete=8/8;availability_limited=1;sync_gaps=13;pair_gaps=0;aux_failures=0;duplicates=0,false,ineligible,lookahead_found,,pair_available_history;verify_exact_regime_window_before_run
RenkoYolo,spot_long,RenkoYolo:99cddd5812cd,repos/PeetCrypto_freqtrade-stuff/RenkoYolo (1).py,original,,not_applicable,strategy,false,,,,NA,PASS,missing,historical_spot,,,0,PASS,policy=1;mode=spot;timeframe=15m;complete=8/8;availability_limited=1;sync_gaps=13;pair_gaps=0;aux_failures=0;duplicates=0,false,ineligible,canonical_implementation_not_measured,native_mode_not_runtime_validated;lookahead_not_completed,pair_available_history;verify_exact_regime_window_before_run
SAR,spot_long,SAR:d71a46b22ac3,repos/PeetCrypto_freqtrade-stuff/SAR (1).py,original,,not_applicable,strategy,true,30880,historical_ledger,spot,NA,FOUND,missing,historical_spot,,drift_measured,0,PASS,policy=1;mode=spot;timeframe=5m;complete=8/8;availability_limited=1;sync_gaps=13;pair_gaps=0;aux_failures=0;duplicates=0,false,ineligible,recursive_bias_found,lookahead_not_completed,pair_available_history;verify_exact_regime_window_before_run
SMAIP3v2,spot_long,SMAIP3v2:0817ed90c97b,repos/PeetCrypto_freqtrade-stuff/SMAIP3v2.py,original,,not_applicable,strategy,true,471,historical_ledger,spot,NA,PASS,missing,historical_spot,,,1,PASS,policy=1;mode=spot;timeframe=5m;complete=8/8;availability_limited=1;sync_gaps=13;pair_gaps=0;aux_failures=0;duplicates=0,false,ineligible,technical_trap_found,lookahead_not_completed,pair_available_history;verify_exact_regime_window_before_run
SMAOPv1_TTF,spot_long,SMAOPv1_TTF:b7aefac2ea10,repos/PeetCrypto_freqtrade-stuff/SMAOPv1_TTF.py,original,,not_applicable,strategy,false,,,,NA,NA,missing,missing,,,0,PASS,policy=1;mode=spot;timeframe=5m;complete=8/8;availability_limited=1;sync_gaps=13;pair_gaps=0;aux_failures=0;duplicates=0,false,ineligible,canonical_implementation_not_measured,native_mode_not_runtime_validated;lookahead_not_completed;recursive_bias_not_completed,pair_available_history;verify_exact_regime_window_before_run
SMAOffset,spot_long,SMAOffset:21845e9a1cf6,repos/PeetCrypto_freqtrade-stuff/SMAOffset.py,original,,not_applicable,strategy,true,2108,historical_ledger,spot,NA,FOUND,missing,historical_spot,,drift_measured,0,PASS,policy=1;mode=spot;timeframe=5m;complete=8/8;availability_limited=1;sync_gaps=13;pair_gaps=0;aux_failures=0;duplicates=0,false,ineligible,recursive_bias_found,lookahead_not_completed,pair_available_history;verify_exact_regime_window_before_run
SMAOffsetProtectOptV0,spot_long,SMAOffsetProtectOptV0:ba358abb0b7b,repos/PeetCrypto_freqtrade-stuff/SMAOffsetProtectOptV0.py,original,,not_applicable,strategy,true,253,historical_ledger,spot,NA,FOUND,missing,historical_spot,,drift_measured,0,PASS,policy=1;mode=spot;timeframe=5m;complete=8/8;availability_limited=1;sync_gaps=13;pair_gaps=0;aux_failures=0;duplicates=0,false,ineligible,recursive_bias_found,lookahead_not_completed,pair_available_history;verify_exact_regime_window_before_run
SMAOffsetProtectOptV1HO1,spot_long,SMAOffsetProtectOptV1HO1:6a0ad15e1c2d,repos/PeetCrypto_freqtrade-stuff/SMAOffsetProtectOptV1HO1 (1).py,original,,not_applicable,strategy,true,1233,historical_ledger,spot,NA,FOUND,missing,historical_spot,,drift_measured,0,PASS,policy=1;mode=spot;timeframe=5m;complete=8/8;availability_limited=1;sync_gaps=13;pair_gaps=0;aux_failures=0;duplicates=0,false,ineligible,recursive_bias_found,lookahead_not_completed,pair_available_history;verify_exact_regime_window_before_run
SMAOffsetProtectOptV1Mod2,spot_long,SMAOffsetProtectOptV1Mod2:d6cf62f3753e,repos/PeetCrypto_freqtrade-stuff/SMAOffsetProtectOptV1Mod2_antipump (1).py,original,,not_applicable,strategy,true,206,historical_ledger,spot,NA,FOUND,missing,historical_spot,,drift_measured,0,PASS,policy=1;mode=spot;timeframe=5m;complete=8/8;availability_limited=1;sync_gaps=13;pair_gaps=0;aux_failures=0;duplicates=0,false,ineligible,recursive_bias_found,lookahead_not_completed,pair_available_history;verify_exact_regime_window_before_run
SMAOffsetV2,spot_long,SMAOffsetV2:34e0584ebcfc,repos/PeetCrypto_freqtrade-stuff/SMAOffsetV2 (1).py,original,,not_applicable,strategy,true,794,historical_ledger,spot,NA,PASS,missing,historical_spot,,,0,PASS,policy=1;mode=spot;timeframe=5m;complete=8/8;availability_limited=1;sync_gaps=13;pair_gaps=0;aux_failures=0;duplicates=0,false,pending_diagnostics,,lookahead_not_completed,pair_available_history;verify_exact_regime_window_before_run
Sar,spot_long,Sar:fc709c4daddd,repos/PeetCrypto_freqtrade-stuff/Sar.py,original,,not_applicable,strategy,true,12724,historical_ledger,spot,NA,FOUND,missing,historical_spot,,drift_measured,0,PASS,policy=1;mode=spot;timeframe=5m;complete=8/8;availability_limited=1;sync_gaps=13;pair_gaps=0;aux_failures=0;duplicates=0,false,ineligible,recursive_bias_found,lookahead_not_completed,pair_available_history;verify_exact_regime_window_before_run
Saturn5,spot_long,Saturn5:916824f746d7,repos/PeetCrypto_freqtrade-stuff/Saturn5.py,original,,not_applicable,strategy,true,3356,historical_ledger,spot,NA,FOUND,missing,historical_spot,,drift_measured,0,PASS,policy=1;mode=spot;timeframe=15m;complete=8/8;availability_limited=1;sync_gaps=13;pair_gaps=0;aux_failures=0;duplicates=0,false,ineligible,recursive_bias_found,lookahead_not_completed,pair_available_history;verify_exact_regime_window_before_run
Scalp,spot_long,Scalp:e7dca7c74ce5,repos/PeetCrypto_freqtrade-stuff/Scalp.py,original,,not_applicable,strategy,true,28414,historical_ledger,spot,NA,PASS,missing,historical_spot,,,0,PASS,policy=1;mode=spot;timeframe=1m;complete=8/8;availability_limited=1;sync_gaps=13;pair_gaps=0;aux_failures=0;duplicates=0,false,pending_diagnostics,,lookahead_not_completed,pair_available_history;verify_exact_regime_window_before_run
ScalpingCCI,spot_long,ScalpingCCI:da37b8455217,repair/patched/repos/PeetCrypto_freqtrade-stuff/ScalpingCCI.py,repaired,class2,strict_equivalent,strategy,false,,freqai_result_card,,NA,NA,missing,missing,,,0,PENDING,unsupported_or_unknown_profile,false,ineligible,canonical_implementation_not_measured,native_mode_not_runtime_validated;lookahead_not_completed;recursive_bias_not_completed;exact_regime_window_coverage_not_verified,pair_available_history;verify_exact_regime_window_before_run
Schism,spot_long,Schism:bd361bf697ce,repos/PeetCrypto_freqtrade-stuff/Schism-0318.py,original,,not_applicable,strategy,false,,,,NA,FOUND,missing,historical_spot,,drift_measured,0,PASS,policy=1;mode=spot;timeframe=5m;complete=8/8;availability_limited=1;sync_gaps=13;pair_gaps=0;aux_failures=0;duplicates=0,false,ineligible,canonical_implementation_not_measured;recursive_bias_found,native_mode_not_runtime_validated;lookahead_not_completed,pair_available_history;verify_exact_regime_window_before_run
Schism3,spot_long,Schism3:3e641ed1d3de,repos/PeetCrypto_freqtrade-stuff/Schism-v1.3.py,repaired,class1,strict_equivalent,strategy,true,3631,class1_result_card,spot,NA,FOUND,missing,historical_spot,,drift_measured,0,PASS,policy=1;mode=spot;timeframe=5m;complete=8/8;availability_limited=1;sync_gaps=13;pair_gaps=0;aux_failures=0;duplicates=0,false,ineligible,recursive_bias_found,lookahead_not_completed,pair_available_history;verify_exact_regime_window_before_run
Schism4,spot_long,Schism4:8c70df08eac9,repos/PeetCrypto_freqtrade-stuff/Schism-v1.4.py,repaired,class1,strict_equivalent,strategy,true,993,class1_result_card,spot,NA,FOUND,missing,historical_spot,,drift_measured,0,PASS,policy=1;mode=spot;timeframe=5m;complete=8/8;availability_limited=1;sync_gaps=13;pair_gaps=0;aux_failures=0;duplicates=0,false,ineligible,recursive_bias_found,lookahead_not_completed,pair_available_history;verify_exact_regime_window_before_run
Schism5,spot_long,Schism5:43fa75772630,repos/PeetCrypto_freqtrade-stuff/Schism-v1.5.py,original,,not_applicable,strategy,false,,,,NA,FOUND,missing,historical_spot,,drift_measured,0,PASS,policy=1;mode=spot;timeframe=5m;complete=8/8;availability_limited=1;sync_gaps=13;pair_gaps=0;aux_failures=0;duplicates=0,false,ineligible,canonical_implementation_not_measured;recursive_bias_found,native_mode_not_runtime_validated;lookahead_not_completed,pair_available_history;verify_exact_regime_window_before_run
Schism6,spot_long,Schism6:81e545115b8e,repos/PeetCrypto_freqtrade-stuff/Schism-v1.6.py,original,,not_applicable,strategy,false,,,,NA,FOUND,missing,historical_spot,,drift_measured,0,PASS,policy=1;mode=spot;timeframe=5m;complete=8/8;availability_limited=1;sync_gaps=13;pair_gaps=0;aux_failures=0;duplicates=0,false,ineligible,canonical_implementation_not_measured;recursive_bias_found,native_mode_not_runtime_validated;lookahead_not_completed,pair_available_history;verify_exact_regime_window_before_run
Schism2,spot_long,Schism2:da17435ebbcc,repos/PeetCrypto_freqtrade-stuff/Schism-v2.py,original,,not_applicable,strategy,false,,,,NA,FOUND,missing,historical_spot,,drift_measured,0,PASS,policy=1;mode=spot;timeframe=5m;complete=8/8;availability_limited=1;sync_gaps=13;pair_gaps=0;aux_failures=0;duplicates=0,false,ineligible,canonical_implementation_not_measured;recursive_bias_found,native_mode_not_runtime_validated;lookahead_not_completed,pair_available_history;verify_exact_regime_window_before_run
Schism2MM,spot_long,Schism2MM:3c910a0df075,repos/PeetCrypto_freqtrade-stuff/Schism2MM.py,original,,not_applicable,strategy,true,17,historical_ledger,spot,NA,FOUND,missing,historical_spot,,drift_measured,0,PASS,policy=1;mode=spot;timeframe=5m;complete=8/8;availability_limited=1;sync_gaps=13;pair_gaps=0;aux_failures=0;duplicates=0,false,ineligible,recursive_bias_found,lookahead_not_completed,pair_available_history;verify_exact_regime_window_before_run
Seb,spot_long,Seb:7523b678ca65,repos/PeetCrypto_freqtrade-stuff/Seb.py,original,,not_applicable,strategy,true,13947,historical_ledger,spot,NA,PASS,missing,historical_spot,,,0,PASS,policy=1;mode=spot;timeframe=5m;complete=8/8;availability_limited=1;sync_gaps=13;pair_gaps=0;aux_failures=0;duplicates=0,false,pending_diagnostics,,lookahead_not_completed,pair_available_history;verify_exact_regime_window_before_run
Simple,spot_long,Simple:94180c925365,repos/PeetCrypto_freqtrade-stuff/Simple.py,original,,not_applicable,strategy,true,16675,historical_ledger,spot,NA,PASS,missing,historical_spot,,,0,PASS,policy=1;mode=spot;timeframe=5m;complete=8/8;availability_limited=1;sync_gaps=13;pair_gaps=0;aux_failures=0;duplicates=0,false,pending_diagnostics,,lookahead_not_completed,pair_available_history;verify_exact_regime_window_before_run
Slowbro,spot_long,Slowbro:021729094e3a,repos/PeetCrypto_freqtrade-stuff/Slowbro.py,original,,not_applicable,strategy,true,95,historical_ledger,spot,NA,PASS,missing,historical_spot,,,0,PASS,policy=1;mode=spot;timeframe=1h;complete=8/8;availability_limited=1;sync_gaps=13;pair_gaps=0;aux_failures=0;duplicates=0,false,pending_diagnostics,,lookahead_not_completed,pair_available_history;verify_exact_regime_window_before_run
SmoothOperator,spot_long,SmoothOperator:d87471094a60,repos/PeetCrypto_freqtrade-stuff/SmoothOperator.py,original,,not_applicable,strategy,true,17127,historical_ledger,spot,NA,PASS,missing,historical_spot,,,0,PASS,policy=1;mode=spot;timeframe=5m;complete=8/8;availability_limited=1;sync_gaps=13;pair_gaps=0;aux_failures=0;duplicates=0,false,pending_diagnostics,,lookahead_not_completed,pair_available_history;verify_exact_regime_window_before_run
SmoothScalp,spot_long,SmoothScalp:0364d41573bb,repos/PeetCrypto_freqtrade-stuff/SmoothScalp.py,original,,not_applicable,strategy,true,26236,historical_ledger,spot,NA,PASS,missing,historical_spot,,,0,PASS,policy=1;mode=spot;timeframe=1m;complete=8/8;availability_limited=1;sync_gaps=13;pair_gaps=0;aux_failures=0;duplicates=0,false,pending_diagnostics,,lookahead_not_completed,pair_available_history;verify_exact_regime_window_before_run
SolipsisCon,spot_long,SolipsisCon:4ce1ee4cb639,repos/PeetCrypto_freqtrade-stuff/Solipsis-Con-v1.py,original,,not_applicable,strategy,false,,,,NA,FOUND,missing,historical_spot,,drift_measured,0,PASS,policy=1;mode=spot;timeframe=5m;complete=8/8;availability_limited=1;sync_gaps=13;pair_gaps=0;aux_failures=0;duplicates=0,false,ineligible,canonical_implementation_not_measured;recursive_bias_found,native_mode_not_runtime_validated;lookahead_not_completed,pair_available_history;verify_exact_regime_window_before_run
Solipsis,spot_long,Solipsis:c995fcc9ccee,repos/PeetCrypto_freqtrade-stuff/Solipsis-tradedbexp.py,original,,not_applicable,strategy,false,,,,NA,PASS,missing,historical_spot,,,0,PASS,policy=1;mode=spot;timeframe=5m;complete=8/8;availability_limited=1;sync_gaps=13;pair_gaps=0;aux_failures=0;duplicates=0,false,ineligible,canonical_implementation_not_measured,native_mode_not_runtime_validated;lookahead_not_completed,pair_available_history;verify_exact_regime_window_before_run
Solipsis5,spot_long,Solipsis5:8fa173b9732a,repos/PeetCrypto_freqtrade-stuff/Solipsis-v2.5.py,original,,not_applicable,strategy,false,,,,NA,FOUND,missing,historical_spot,,drift_measured,0,PASS,policy=1;mode=spot;timeframe=5m;complete=8/8;availability_limited=1;sync_gaps=13;pair_gaps=0;aux_failures=0;duplicates=0,false,ineligible,canonical_implementation_not_measured;recursive_bias_found,native_mode_not_runtime_validated;lookahead_not_completed,pair_available_history;verify_exact_regime_window_before_run
Solipsis6,spot_long,Solipsis6:10d3307231ad,repos/PeetCrypto_freqtrade-stuff/Solipsis-v2.6.py,original,,not_applicable,strategy,false,,,,NA,NA,missing,missing,,,0,PASS,policy=1;mode=spot;timeframe=5m;complete=8/8;availability_limited=1;sync_gaps=13;pair_gaps=0;aux_failures=0;duplicates=0,false,ineligible,canonical_implementation_not_measured,native_mode_not_runtime_validated;lookahead_not_completed;recursive_bias_not_completed,pair_available_history;verify_exact_regime_window_before_run
Solipsis3,spot_long,Solipsis3:3cce8566c0e6,repos/PeetCrypto_freqtrade-stuff/Solipsis-v3-fuck (1).py,original,,not_applicable,strategy,false,,,,NA,FOUND,missing,historical_spot,,drift_measured,0,PASS,policy=1;mode=spot;timeframe=5m;complete=8/8;availability_limited=1;sync_gaps=13;pair_gaps=0;aux_failures=0;duplicates=0,false,ineligible,canonical_implementation_not_measured;recursive_bias_found,native_mode_not_runtime_validated;lookahead_not_completed,pair_available_history;verify_exact_regime_window_before_run
SolipsisMM,spot_long,SolipsisMM:32e2d5db21f4,repos/PeetCrypto_freqtrade-stuff/SolipsisMM.py,original,,not_applicable,strategy,false,,,,NA,NA,missing,missing,,,0,PASS,policy=1;mode=spot;timeframe=5m;complete=8/8;availability_limited=1;sync_gaps=13;pair_gaps=0;aux_failures=0;duplicates=0,false,ineligible,canonical_implementation_not_measured,native_mode_not_runtime_validated;lookahead_not_completed;recursive_bias_not_completed,pair_available_history;verify_exact_regime_window_before_run
Solipsis4,spot_long,Solipsis4:f483e328f49a,repos/PeetCrypto_freqtrade-stuff/Solipsis_v4.py,original,,not_applicable,strategy,false,,,,NA,PASS,missing,historical_spot,,,0,PASS,policy=1;mode=spot;timeframe=5m;complete=8/8;availability_limited=1;sync_gaps=13;pair_gaps=0;aux_failures=0;duplicates=0,false,ineligible,canonical_implementation_not_measured,native_mode_not_runtime_validated;lookahead_not_completed,pair_available_history;verify_exact_regime_window_before_run
SqueezeMomentum,spot_long,SqueezeMomentum:6fcb840e9fe1,repos/PeetCrypto_freqtrade-stuff/SqueezeMomentum.py,original,,not_applicable,strategy,false,,,,NA,FOUND,missing,historical_spot,,drift_measured,0,PASS,policy=1;mode=spot;timeframe=5m;complete=8/8;availability_limited=1;sync_gaps=13;pair_gaps=0;aux_failures=0;duplicates=0,false,ineligible,canonical_implementation_not_measured;recursive_bias_found,native_mode_not_runtime_validated;lookahead_not_completed,pair_available_history;verify_exact_regime_window_before_run
Stinkfist,spot_long,Stinkfist:c67001ef6a5f,repair/patched/repos/PeetCrypto_freqtrade-stuff/Stinkfist.py,repaired,class2,strict_equivalent,strategy,false,,freqai_result_card,,NA,NA,missing,missing,,,0,PASS,policy=1;mode=spot;timeframe=5m;complete=8/8;availability_limited=1;sync_gaps=13;pair_gaps=0;aux_failures=0;duplicates=0,false,ineligible,canonical_implementation_not_measured,native_mode_not_runtime_validated;lookahead_not_completed;recursive_bias_not_completed,pair_available_history;verify_exact_regime_window_before_run
StochRSITEMA,spot_long,StochRSITEMA:fe2b7dde3da3,repos/PeetCrypto_freqtrade-stuff/StochRSITEMA.py,original,,not_applicable,strategy,true,4542,historical_ledger,spot,NA,PASS,missing,historical_spot,,,0,PASS,policy=1;mode=spot;timeframe=5m;complete=8/8;availability_limited=1;sync_gaps=13;pair_gaps=0;aux_failures=0;duplicates=0,false,pending_diagnostics,,lookahead_not_completed,pair_available_history;verify_exact_regime_window_before_run
SuperHV27,spot_long,SuperHV27:e46029e72411,repos/PeetCrypto_freqtrade-stuff/SuperHV27.py,original,,not_applicable,strategy,false,,,,NA,PASS,missing,historical_spot,,,0,PASS,policy=1;mode=spot;timeframe=5m;complete=8/8;availability_limited=1;sync_gaps=13;pair_gaps=0;aux_failures=0;duplicates=0,false,ineligible,canonical_implementation_not_measured,native_mode_not_runtime_validated;lookahead_not_completed,pair_available_history;verify_exact_regime_window_before_run
SuperTrend,spot_long,SuperTrend:8906a5d26582,repos/PeetCrypto_freqtrade-stuff/SuperTrend (1).py,repaired,class1,strict_equivalent,strategy,true,2219,class1_result_card,spot,NA,FOUND,missing,historical_spot,,drift_measured,0,PASS,policy=1;mode=spot;timeframe=1m;complete=8/8;availability_limited=1;sync_gaps=13;pair_gaps=0;aux_failures=0;duplicates=0,false,ineligible,recursive_bias_found,lookahead_not_completed,pair_available_history;verify_exact_regime_window_before_run
SuperTrendPure,spot_long,SuperTrendPure:583ab2946233,repos/PeetCrypto_freqtrade-stuff/SuperTrendPure.py,original,,not_applicable,strategy,false,,,,NA,PASS,missing,historical_spot,,,0,PASS,policy=1;mode=spot;timeframe=1h;complete=8/8;availability_limited=1;sync_gaps=13;pair_gaps=0;aux_failures=0;duplicates=0,false,ineligible,canonical_implementation_not_measured,native_mode_not_runtime_validated;lookahead_not_completed,pair_available_history;verify_exact_regime_window_before_run
Supertrend,spot_long,Supertrend:d31eb33fc533,repos/PeetCrypto_freqtrade-stuff/Supertrend.py,original,,not_applicable,strategy,false,,,,NA,PASS,missing,historical_spot,,,0,PASS,policy=1;mode=spot;timeframe=5m;complete=8/8;availability_limited=1;sync_gaps=13;pair_gaps=0;aux_failures=0;duplicates=0,false,ineligible,canonical_implementation_not_measured,native_mode_not_runtime_validated;lookahead_not_completed,pair_available_history;verify_exact_regime_window_before_run
SupertrendStrategy,spot_long,SupertrendStrategy:8b39ab2f2568,repos/PeetCrypto_freqtrade-stuff/SupertrendStrategy.py,original,,not_applicable,strategy,true,3820,historical_ledger,spot,NA,FOUND,missing,historical_spot,,drift_measured,0,PASS,policy=1;mode=spot;timeframe=1h;complete=8/8;availability_limited=1;sync_gaps=13;pair_gaps=0;aux_failures=0;duplicates=0,false,ineligible,recursive_bias_found,lookahead_not_completed,pair_available_history;verify_exact_regime_window_before_run
SwingHigh,spot_long,SwingHigh:7a62b0ee70e7,repos/PeetCrypto_freqtrade-stuff/SwingHigh.py,original,,not_applicable,strategy,false,,,,NA,NA,missing,missing,,,0,PENDING,unsupported_or_unknown_profile,false,ineligible,canonical_implementation_not_measured,native_mode_not_runtime_validated;lookahead_not_completed;recursive_bias_not_completed;exact_regime_window_coverage_not_verified,pair_available_history;verify_exact_regime_window_before_run
SwingHighToSky,spot_long,SwingHighToSky:73facc48a003,repos/PeetCrypto_freqtrade-stuff/SwingHighToSky.py,original,,not_applicable,strategy,true,6105,historical_ledger,spot,NA,PASS,missing,historical_spot,,,0,PASS,policy=1;mode=spot;timeframe=15m;complete=8/8;availability_limited=1;sync_gaps=13;pair_gaps=0;aux_failures=0;duplicates=0,false,pending_diagnostics,,lookahead_not_completed,pair_available_history;verify_exact_regime_window_before_run
TDSequentialStrategy,spot_long,TDSequentialStrategy:18c8e9e537d1,repos/PeetCrypto_freqtrade-stuff/TDSequentialStrategy.py,original,,not_applicable,strategy,true,4587,historical_ledger,spot,NA,PASS,missing,historical_spot,,,0,PASS,policy=1;mode=spot;timeframe=1h;complete=8/8;availability_limited=1;sync_gaps=13;pair_gaps=0;aux_failures=0;duplicates=0,false,pending_diagnostics,,lookahead_not_completed,pair_available_history;verify_exact_regime_window_before_run
TEMA,spot_long,TEMA:59e0f6c50d86,repos/PeetCrypto_freqtrade-stuff/TEMA.py,original,,not_applicable,strategy,true,25158,historical_ledger,spot,NA,FOUND,missing,historical_spot,,drift_measured,0,PASS,policy=1;mode=spot;timeframe=1m;complete=8/8;availability_limited=1;sync_gaps=13;pair_gaps=0;aux_failures=0;duplicates=0,false,ineligible,recursive_bias_found,lookahead_not_completed,pair_available_history;verify_exact_regime_window_before_run
TechnicalExampleStrategy,spot_long,TechnicalExampleStrategy:20911a433b0e,repos/PeetCrypto_freqtrade-stuff/TechnicalExampleStrategy.py,original,,not_applicable,strategy,true,24430,historical_ledger,spot,NA,PASS,missing,historical_spot,,,0,PASS,policy=1;mode=spot;timeframe=5m;complete=8/8;availability_limited=1;sync_gaps=13;pair_gaps=0;aux_failures=0;duplicates=0,false,pending_diagnostics,,lookahead_not_completed,pair_available_history;verify_exact_regime_window_before_run
Test_MAMA4,spot_long,Test_MAMA4:d6e1444c50e3,repos/PeetCrypto_freqtrade-stuff/Test_MAMA4.py,original,,not_applicable,strategy,false,,,,NA,PASS,missing,historical_spot,,,0,PASS,policy=1;mode=spot;timeframe=5m;complete=8/8;availability_limited=1;sync_gaps=13;pair_gaps=0;aux_failures=0;duplicates=0,false,ineligible,canonical_implementation_not_measured,native_mode_not_runtime_validated;lookahead_not_completed,pair_available_history;verify_exact_regime_window_before_run
TheForce,spot_long,TheForce:dc3537c5cbe9,repos/PeetCrypto_freqtrade-stuff/TheForce.py,original,,not_applicable,strategy,true,24088,historical_ledger,spot,NA,FOUND,missing,historical_spot,,drift_measured,0,PASS,policy=1;mode=spot;timeframe=15m;complete=8/8;availability_limited=1;sync_gaps=13;pair_gaps=0;aux_failures=0;duplicates=0,false,ineligible,recursive_bias_found,lookahead_not_completed,pair_available_history;verify_exact_regime_window_before_run
TheRealPullbackV2,spot_long,TheRealPullbackV2:631a50d574af,repos/PeetCrypto_freqtrade-stuff/TheRealPullbackV2.py,original,,not_applicable,strategy,true,918,historical_ledger,spot,NA,PASS,missing,historical_spot,,,0,PASS,policy=1;mode=spot;timeframe=5m;complete=8/8;availability_limited=1;sync_gaps=13;pair_gaps=0;aux_failures=0;duplicates=0,false,pending_diagnostics,,lookahead_not_completed,pair_available_history;verify_exact_regime_window_before_run
ThreeCommasStrategy,spot_long,ThreeCommasStrategy:20ff244beae0,repos/PeetCrypto_freqtrade-stuff/ThreeCommasStrategy.py,original,,not_applicable,template_candidate,false,,,,NA,PASS,missing,historical_spot,,,0,PENDING,unsupported_or_unknown_profile,false,ineligible,canonical_implementation_not_measured,artifact_role_requires_review;native_mode_not_runtime_validated;lookahead_not_completed;exact_regime_window_coverage_not_verified,pair_available_history;verify_exact_regime_window_before_run
YourStrat,spot_long,YourStrat:3290f4d72f91,repos/PeetCrypto_freqtrade-stuff/TrailingBuyStrat.py,original,,not_applicable,template_candidate,false,,,,NA,NA,missing,missing,,,0,PENDING,unsupported_or_unknown_profile,false,ineligible,canonical_implementation_not_measured,artifact_role_requires_review;native_mode_not_runtime_validated;lookahead_not_completed;recursive_bias_not_completed;exact_regime_window_coverage_not_verified,pair_available_history;verify_exact_regime_window_before_run
TrainCatBoostStrategy,spot_long,TrainCatBoostStrategy:5ff5c13b62e3,repos/PeetCrypto_freqtrade-stuff/TrainCatBoostStrategy.py,original,,not_applicable,strategy,false,,,,NA,PASS,missing,historical_spot,,,0,PENDING,unsupported_or_unknown_profile,false,ineligible,canonical_implementation_not_measured,native_mode_not_runtime_validated;lookahead_not_completed;exact_regime_window_coverage_not_verified,pair_available_history;verify_exact_regime_window_before_run
TrixStrategy,spot_long,TrixStrategy:9b74c00f6e2c,repos/PeetCrypto_freqtrade-stuff/TrixStrategy.py,original,,not_applicable,strategy,true,13554,historical_ledger,spot,NA,PASS,missing,historical_spot,,,0,PASS,policy=1;mode=spot;timeframe=1h;complete=8/8;availability_limited=1;sync_gaps=13;pair_gaps=0;aux_failures=0;duplicates=0,false,pending_diagnostics,,lookahead_not_completed,pair_available_history;verify_exact_regime_window_before_run
TrixV15Strategy,spot_long,TrixV15Strategy:ea28010f0a22,repos/PeetCrypto_freqtrade-stuff/TrixV15Strategy.py,original,,not_applicable,strategy,true,1444,historical_ledger,spot,NA,PASS,missing,historical_spot,,,0,PASS,policy=1;mode=spot;timeframe=1h;complete=8/8;availability_limited=1;sync_gaps=13;pair_gaps=0;aux_failures=0;duplicates=0,false,pending_diagnostics,,lookahead_not_completed,pair_available_history;verify_exact_regime_window_before_run
TrixV21Strategy,spot_long,TrixV21Strategy:c8621b3bf9ce,repos/PeetCrypto_freqtrade-stuff/TrixV21Strategy.py,original,,not_applicable,strategy,true,1152,historical_ledger,spot,NA,FOUND,missing,historical_spot,,drift_measured,0,PASS,policy=1;mode=spot;timeframe=1h;complete=8/8;availability_limited=1;sync_gaps=13;pair_gaps=0;aux_failures=0;duplicates=0,false,ineligible,recursive_bias_found,lookahead_not_completed,pair_available_history;verify_exact_regime_window_before_run
TrixV23Strategy,spot_long,TrixV23Strategy:15e1305ea019,repos/PeetCrypto_freqtrade-stuff/TrixV23Strategy (1).py,original,,not_applicable,strategy,true,1305,historical_ledger,spot,NA,FOUND,missing,historical_spot,,drift_measured,0,PASS,policy=1;mode=spot;timeframe=1h;complete=8/8;availability_limited=1;sync_gaps=13;pair_gaps=0;aux_failures=0;duplicates=0,false,ineligible,recursive_bias_found,lookahead_not_completed,pair_available_history;verify_exact_regime_window_before_run
TuplaBollinger,spot_long,TuplaBollinger:14a3ff606c7c,repos/PeetCrypto_freqtrade-stuff/TuplaBollinger.py,original,,not_applicable,strategy,false,,,,NA,PASS,missing,historical_spot,,,0,PENDING,unsupported_or_unknown_profile,false,ineligible,canonical_implementation_not_measured,native_mode_not_runtime_validated;lookahead_not_completed;exact_regime_window_coverage_not_verified,pair_available_history;verify_exact_regime_window_before_run
UltimateMomentumIndicator,spot_long,UltimateMomentumIndicator:9b3eeaf6f377,repos/PeetCrypto_freqtrade-stuff/UltimateMomentumIndicator.py,original,,not_applicable,strategy,true,8147,historical_ledger,spot,NA,PASS,missing,historical_spot,,,0,PASS,policy=1;mode=spot;timeframe=5m;complete=8/8;availability_limited=1;sync_gaps=13;pair_gaps=0;aux_failures=0;duplicates=0,false,pending_diagnostics,,lookahead_not_completed,pair_available_history;verify_exact_regime_window_before_run
UpSliceStrategy,spot_long,UpSliceStrategy:cf3e9ea5f4f0,repos/PeetCrypto_freqtrade-stuff/UpSliceStrategy.py,original,,not_applicable,strategy,false,,,,NA,PASS,missing,historical_spot,,,0,PASS,policy=1;mode=spot;timeframe=5m;complete=8/8;availability_limited=1;sync_gaps=13;pair_gaps=0;aux_failures=0;duplicates=0,false,ineligible,canonical_implementation_not_measured,native_mode_not_runtime_validated;lookahead_not_completed,pair_available_history;verify_exact_regime_window_before_run
Uptrend,spot_long,Uptrend:db33d69c3622,repos/PeetCrypto_freqtrade-stuff/Uptrend.py,original,,not_applicable,strategy,true,471,historical_ledger,spot,NA,FOUND,missing,historical_spot,,drift_measured,0,PASS,policy=1;mode=spot;timeframe=5m;complete=8/8;availability_limited=1;sync_gaps=13;pair_gaps=0;aux_failures=0;duplicates=0,false,ineligible,recursive_bias_found,lookahead_not_completed,pair_available_history;verify_exact_regime_window_before_run
UziChan,spot_long,UziChan:b89805d46990,repos/PeetCrypto_freqtrade-stuff/UziChan.py,original,,not_applicable,strategy,true,25039,historical_ledger,spot,FOUND,PASS,historical_spot,historical_spot,,,0,PASS,policy=1;mode=spot;timeframe=5m;complete=8/8;availability_limited=1;sync_gaps=13;pair_gaps=0;aux_failures=0;duplicates=0,false,ineligible,lookahead_found,,pair_available_history;verify_exact_regime_window_before_run
UziChan2,spot_long,UziChan2:5f1019bffeeb,repos/PeetCrypto_freqtrade-stuff/UziChan2 (1).py,original,,not_applicable,strategy,true,24361,historical_ledger,spot,FOUND,PASS,historical_spot,historical_spot,,,0,PASS,policy=1;mode=spot;timeframe=1m;complete=8/8;availability_limited=1;sync_gaps=13;pair_gaps=0;aux_failures=0;duplicates=0,false,ineligible,lookahead_found,,pair_available_history;verify_exact_regime_window_before_run
VWAP,spot_long,VWAP:22c03a360e06,repos/PeetCrypto_freqtrade-stuff/VWAP.py,original,,not_applicable,strategy,true,986,historical_ledger,spot,NA,PASS,missing,historical_spot,,,0,PASS,policy=1;mode=spot;timeframe=5m;complete=8/8;availability_limited=1;sync_gaps=13;pair_gaps=0;aux_failures=0;duplicates=0,false,pending_diagnostics,,lookahead_not_completed,pair_available_history;verify_exact_regime_window_before_run
WaveTrendStra,spot_long,WaveTrendStra:7167d7a967d9,repos/PeetCrypto_freqtrade-stuff/WaveTrendStra.py,original,,not_applicable,strategy,true,9256,historical_ledger,spot,NA,PASS,missing,historical_spot,,,0,PASS,policy=1;mode=spot;timeframe=4h;complete=8/8;availability_limited=1;sync_gaps=0;pair_gaps=0;aux_failures=0;duplicates=0,false,pending_diagnostics,,lookahead_not_completed,pair_available_history;verify_exact_regime_window_before_run
XebTradeStrat,spot_long,XebTradeStrat:667864719d07,repos/PeetCrypto_freqtrade-stuff/XebTradeStrat.py,original,,not_applicable,strategy,true,25932,historical_ledger,spot,NA,PASS,missing,historical_spot,,,1,PASS,policy=1;mode=spot;timeframe=1m;complete=8/8;availability_limited=1;sync_gaps=13;pair_gaps=0;aux_failures=0;duplicates=0,false,ineligible,technical_trap_found,lookahead_not_completed,pair_available_history;verify_exact_regime_window_before_run
XtraThicc,spot_long,XtraThicc:af99ee5fbb75,repos/PeetCrypto_freqtrade-stuff/XtraThicc.py,original,,not_applicable,strategy,true,9167,historical_ledger,spot,NA,PASS,missing,historical_spot,,,0,PASS,policy=1;mode=spot;timeframe=5m;complete=8/8;availability_limited=1;sync_gaps=13;pair_gaps=0;aux_failures=0;duplicates=0,false,pending_diagnostics,,lookahead_not_completed,pair_available_history;verify_exact_regime_window_before_run
YOLO,spot_long,YOLO:b822711c4fee,repos/PeetCrypto_freqtrade-stuff/YOLO.py,original,,not_applicable,strategy,true,560,historical_ledger,spot,NA,PASS,missing,historical_spot,,,0,PASS,policy=1;mode=spot;timeframe=1m;complete=8/8;availability_limited=1;sync_gaps=13;pair_gaps=0;aux_failures=0;duplicates=0,false,pending_diagnostics,,lookahead_not_completed,pair_available_history;verify_exact_regime_window_before_run
Zeus,spot_long,Zeus:23662b687769,repos/PeetCrypto_freqtrade-stuff/Zeus_HO (1).py,repaired,class1,strict_equivalent,strategy,true,2766,class1_result_card,spot,NA,PASS,missing,historical_spot,,,0,PASS,policy=1;mode=spot;timeframe=4h;complete=8/8;availability_limited=1;sync_gaps=0;pair_gaps=0;aux_failures=0;duplicates=0,false,pending_diagnostics,,lookahead_not_completed,pair_available_history;verify_exact_regime_window_before_run
CustomStoplossWithPSAR,spot_long,CustomStoplossWithPSAR:b36b8c686259,repos/PeetCrypto_freqtrade-stuff/custom_stoploss_with_psar.py,original,,not_applicable,strategy,true,140,historical_ledger,spot,NA,PASS,missing,historical_spot,,,0,PASS,policy=1;mode=spot;timeframe=1h;complete=8/8;availability_limited=1;sync_gaps=13;pair_gaps=0;aux_failures=0;duplicates=0,false,pending_diagnostics,,lookahead_not_completed,pair_available_history;verify_exact_regime_window_before_run
ep3mas2,spot_long,ep3mas2:1c0f3a7f1246,repos/PeetCrypto_freqtrade-stuff/ep3mas2.py,original,,not_applicable,strategy,false,,,,NA,PASS,missing,historical_spot,,,0,PASS,policy=1;mode=spot;timeframe=5m;complete=8/8;availability_limited=1;sync_gaps=13;pair_gaps=0;aux_failures=0;duplicates=0,false,ineligible,canonical_implementation_not_measured,native_mode_not_runtime_validated;lookahead_not_completed,pair_available_history;verify_exact_regime_window_before_run
epretrace,spot_long,epretrace:bfb8ac548394,repos/PeetCrypto_freqtrade-stuff/epretrace.py,original,,not_applicable,strategy,false,,,,NA,PASS,missing,historical_spot,,,0,PASS,policy=1;mode=spot;timeframe=5m;complete=8/8;availability_limited=1;sync_gaps=13;pair_gaps=0;aux_failures=0;duplicates=0,false,ineligible,canonical_implementation_not_measured,native_mode_not_runtime_validated;lookahead_not_completed,pair_available_history;verify_exact_regime_window_before_run
Gumbo1,spot_long,Gumbo1:5e3498b397df,repos/PeetCrypto_freqtrade-stuff/gumbo1.py,original,,not_applicable,strategy,true,23582,historical_ledger,spot,NA,PASS,missing,historical_spot,,,0,PASS,policy=1;mode=spot;timeframe=5m;complete=8/8;availability_limited=1;sync_gaps=13;pair_gaps=0;aux_failures=0;duplicates=0,false,pending_diagnostics,,lookahead_not_completed,pair_available_history;verify_exact_regime_window_before_run
hansencandlepatternV1,spot_long,hansencandlepatternV1:d408e504abc9,repos/PeetCrypto_freqtrade-stuff/hansencandlepatternV1.py,original,,not_applicable,strategy,true,17165,historical_ledger,spot,NA,PASS,missing,historical_spot,,,0,PASS,policy=1;mode=spot;timeframe=1h;complete=8/8;availability_limited=1;sync_gaps=13;pair_gaps=0;aux_failures=0;duplicates=0,false,pending_diagnostics,,lookahead_not_completed,pair_available_history;verify_exact_regime_window_before_run
heikin,spot_long,heikin:07066eafd687,repos/PeetCrypto_freqtrade-stuff/heikin.py,original,,not_applicable,strategy,true,21053,historical_ledger,spot,NA,PASS,missing,historical_spot,,,0,PASS,policy=1;mode=spot;timeframe=1h;complete=8/8;availability_limited=1;sync_gaps=13;pair_gaps=0;aux_failures=0;duplicates=0,false,pending_diagnostics,,lookahead_not_completed,pair_available_history;verify_exact_regime_window_before_run
new_turtle,spot_long,new_turtle:d25bae04bbc9,repos/PeetCrypto_freqtrade-stuff/new_turtle.py,original,,not_applicable,strategy,false,,,,NA,PASS,missing,historical_spot,,,0,PASS,policy=1;mode=spot;timeframe=1d;complete=8/8;availability_limited=1;sync_gaps=0;pair_gaps=0;aux_failures=0;duplicates=0,false,ineligible,canonical_implementation_not_measured,native_mode_not_runtime_validated;lookahead_not_completed,pair_available_history;verify_exact_regime_window_before_run
NostalgiaForInfinityNextV7155,spot_long,NostalgiaForInfinityNextV7155:23093d5ac9ec,repair/patched/repos/PeetCrypto_freqtrade-stuff/nfiv7155.py,repaired,class2,strict_equivalent,strategy,false,,freqai_result_card,,NA,NA,missing,missing,,,0,PASS,policy=1;mode=spot;timeframe=5m;complete=8/8;availability_limited=1;sync_gaps=13;pair_gaps=0;aux_failures=0;duplicates=0,false,ineligible,canonical_implementation_not_measured,native_mode_not_runtime_validated;lookahead_not_completed;recursive_bias_not_completed,pair_available_history;verify_exact_regime_window_before_run
pmaxTest,spot_long,pmaxTest:d9473ef6b6df,repair/patched/repos/PeetCrypto_freqtrade-stuff/pmaxTest.py,repaired,class2,strict_equivalent,strategy,false,,freqai_result_card,,NA,PASS,missing,historical_spot,,,0,PASS,policy=1;mode=spot;timeframe=5m;complete=8/8;availability_limited=1;sync_gaps=13;pair_gaps=0;aux_failures=0;duplicates=0,false,ineligible,canonical_implementation_not_measured,native_mode_not_runtime_validated;lookahead_not_completed,pair_available_history;verify_exact_regime_window_before_run
Precognition,spot_long,Precognition:422eb36baa35,repos/PeetCrypto_freqtrade-stuff/precognition (1).py,repaired,class1,strict_equivalent,strategy,true,5849,class1_result_card,spot,NA,PASS,missing,historical_spot,,,0,PASS,policy=1;mode=spot;timeframe=5m;complete=8/8;availability_limited=1;sync_gaps=13;pair_gaps=0;aux_failures=0;duplicates=0,false,pending_diagnostics,,lookahead_not_completed,pair_available_history;verify_exact_regime_window_before_run
tbtest,spot_long,tbtest:0b7026eaebc4,repos/PeetCrypto_freqtrade-stuff/tbedit (2).py,original,,not_applicable,strategy,true,4884,historical_ledger,spot,NA,PASS,missing,historical_spot,,,0,PASS,policy=1;mode=spot;timeframe=5m;complete=8/8;availability_limited=1;sync_gaps=13;pair_gaps=0;aux_failures=0;duplicates=0,false,pending_diagnostics,,lookahead_not_completed,pair_available_history;verify_exact_regime_window_before_run
true_lambo,spot_long,true_lambo:c8009a5ea73e,repos/PeetCrypto_freqtrade-stuff/true_lambo (1).py,original,,not_applicable,strategy,true,1194,historical_ledger,spot,NA,FOUND,missing,historical_spot,,drift_measured,0,PASS,policy=1;mode=spot;timeframe=5m;complete=8/8;availability_limited=1;sync_gaps=13;pair_gaps=0;aux_failures=0;duplicates=0,false,ineligible,recursive_bias_found,lookahead_not_completed,pair_available_history;verify_exact_regime_window_before_run
ViN,spot_long,ViN:bee88cbc2331,repos/PeetCrypto_freqtrade-stuff/vin.py,original,,not_applicable,strategy,false,,,,NA,PASS,missing,historical_spot,,,0,PASS,policy=1;mode=spot;timeframe=5m;complete=8/8;availability_limited=1;sync_gaps=13;pair_gaps=0;aux_failures=0;duplicates=0,false,ineligible,canonical_implementation_not_measured,native_mode_not_runtime_validated;lookahead_not_completed,pair_available_history;verify_exact_regime_window_before_run
ClucHAnix_BB_RPB_TraNz,spot_long,ClucHAnix_BB_RPB_TraNz:632bce3462b5,repair/patched/repos/ShahAnuj2610_my-freqtrade/user_data/strategies/BB_RPB_TSL_ClucHAnix_BB_RPB_MOD_CTT_Dynamic_Offsets_COMBINED_MOD_TraNz_1.py,repaired,class2,strict_equivalent,strategy,false,,freqai_result_card,,NA,NA,missing,missing,,,0,PASS,policy=1;mode=spot;timeframe=5m;complete=8/8;availability_limited=1;sync_gaps=13;pair_gaps=0;aux_failures=0;duplicates=0,false,ineligible,canonical_implementation_not_measured,native_mode_not_runtime_validated;lookahead_not_completed;recursive_bias_not_completed,pair_available_history;verify_exact_regime_window_before_run
BB_RTR,spot_long,BB_RTR:cb984e5d3d07,repos/ShahAnuj2610_my-freqtrade/user_data/strategies/BB_RTR.py,original,,not_applicable,strategy,true,987,historical_ledger,spot,PASS,FOUND,historical_spot,historical_spot,,drift_measured,0,PASS,policy=1;mode=spot;timeframe=5m;complete=8/8;availability_limited=1;sync_gaps=13;pair_gaps=0;aux_failures=0;duplicates=0,false,ineligible,recursive_bias_found,,pair_available_history;verify_exact_regime_window_before_run
CryptoPredictionTraining,spot_long,CryptoPredictionTraining:629ebdb8dd6c,repos/ShahAnuj2610_my-freqtrade/user_data/strategies/CryptoPrediction.py,original,,not_applicable,strategy,false,,,,NA,PASS,missing,historical_spot,,,0,PENDING,unsupported_or_unknown_profile,false,ineligible,canonical_implementation_not_measured,native_mode_not_runtime_validated;lookahead_not_completed;exact_regime_window_coverage_not_verified,pair_available_history;verify_exact_regime_window_before_run
NASOSRv6_private_Reinuvader_20211121,spot_long,NASOSRv6_private_Reinuvader_20211121:bb5e085de9f9,repair/patched/repos/ShahAnuj2610_my-freqtrade/user_data/strategies/NASOSRv6_private_Reinuvader_20211121.py,repaired,class2,strict_equivalent,strategy,false,,freqai_result_card,,NA,NA,missing,missing,,,0,PASS,policy=1;mode=spot;timeframe=5m;complete=8/8;availability_limited=1;sync_gaps=13;pair_gaps=0;aux_failures=0;duplicates=0,false,ineligible,canonical_implementation_not_measured,native_mode_not_runtime_validated;lookahead_not_completed;recursive_bias_not_completed,pair_available_history;verify_exact_regime_window_before_run
StrategyAnalysis,spot_long,StrategyAnalysis:52981d8467f1,repos/ShahAnuj2610_my-freqtrade/user_data/strategies/StrategyAnalysis.py,original,,not_applicable,template_candidate,false,,,,NA,NA,missing,missing,,,0,PENDING,unsupported_or_unknown_profile,false,ineligible,canonical_implementation_not_measured,artifact_role_requires_review;native_mode_not_runtime_validated;lookahead_not_completed;recursive_bias_not_completed;exact_regime_window_coverage_not_verified,pair_available_history;verify_exact_regime_window_before_run
NostalgiaForInfinityX2,futures_long,NostalgiaForInfinityX2:b2fffffa04e8,repos/ShahAnuj2610_my-freqtrade-nfi-nextgen/user_data/strategies/NostalgiaForInfinityX2.py,repaired,class1,strict_equivalent,strategy,true,0,runtime_smoke,futures,NA,FOUND,missing,historical_spot_not_inherited,,drift_measured,0,PASS,policy=1;mode=futures;timeframe=5m;complete=8/8;availability_limited=0;sync_gaps=0;pair_gaps=0;aux_failures=0;duplicates=0,false,ineligible,recursive_bias_found,zero_trades_in_smoke_requires_full_window;lookahead_not_completed;futures_mode_bias_diagnostics_not_completed,pair_available_history;verify_exact_regime_window_before_run
NostalgiaForInfinityNext772,spot_long,NostalgiaForInfinityNext772:eb7cdb1d0973,repair/patched/repos/TheoBrigitte_freqtrade/sources/nfix/NostalgiaForInfinityNext772.py,repaired,class2,strict_equivalent,strategy,false,,freqai_result_card,,NA,NA,missing,missing,,,0,PASS,policy=1;mode=spot;timeframe=5m;complete=8/8;availability_limited=1;sync_gaps=13;pair_gaps=0;aux_failures=0;duplicates=0,false,ineligible,canonical_implementation_not_measured,native_mode_not_runtime_validated;lookahead_not_completed;recursive_bias_not_completed,pair_available_history;verify_exact_regime_window_before_run
BinMfiBTCv5003,spot_long,BinMfiBTCv5003:f797f682eaae,repos/TheoBrigitte_freqtrade/sources/sponsors/BinMfiBTCv5003.py,original,,not_applicable,strategy,true,171,historical_ledger,spot,NA,FOUND,missing,historical_spot,,drift_measured,0,PASS,policy=1;mode=spot;timeframe=5m;complete=8/8;availability_limited=1;sync_gaps=13;pair_gaps=0;aux_failures=0;duplicates=0,false,ineligible,recursive_bias_found,lookahead_not_completed,pair_available_history;verify_exact_regime_window_before_run
CombinedBinHAndClucHyper,spot_long,CombinedBinHAndClucHyper:bae14e9ad549,repos/TheoBrigitte_freqtrade/sources/sponsors/CombinedBinHAndClucHyper.py,original,,not_applicable,strategy,true,3817,historical_ledger,spot,PASS,PASS,historical_spot,historical_spot,,,1,PASS,policy=1;mode=spot;timeframe=1m;complete=8/8;availability_limited=1;sync_gaps=13;pair_gaps=0;aux_failures=0;duplicates=0,false,ineligible,technical_trap_found,,pair_available_history;verify_exact_regime_window_before_run
Matrix,spot_long,Matrix:fab350681162,repair/patched/repos/TheoBrigitte_freqtrade/sources/sponsors/Matrix.py,repaired,class2,strict_equivalent,strategy,false,,freqai_result_card,,NA,PASS,missing,historical_spot,,,0,PASS,policy=1;mode=spot;timeframe=5m;complete=8/8;availability_limited=1;sync_gaps=13;pair_gaps=0;aux_failures=0;duplicates=0,false,ineligible,canonical_implementation_not_measured,native_mode_not_runtime_validated;lookahead_not_completed,pair_available_history;verify_exact_regime_window_before_run
zorkv7_0_0,spot_long,zorkv7_0_0:175f15c80c9f,repos/TheoBrigitte_freqtrade/sources/sponsors/zorkv7_0_0.py,original,,not_applicable,strategy,false,,,,NA,NA,missing,missing,,,0,PASS,policy=1;mode=spot;timeframe=5m;complete=8/8;availability_limited=1;sync_gaps=13;pair_gaps=0;aux_failures=0;duplicates=0,false,ineligible,canonical_implementation_not_measured,native_mode_not_runtime_validated;lookahead_not_completed;recursive_bias_not_completed,pair_available_history;verify_exact_regime_window_before_run
BinHV27_werkkrew,spot_long,BinHV27_werkkrew:0284ea98351d,repos/TheoBrigitte_freqtrade/strategies/BinHV45/BinHV27_werkkrew.py,original,,not_applicable,strategy,false,,,,NA,FOUND,missing,historical_spot,,refused_no_warmup,0,PASS,policy=1;mode=spot;timeframe=5m;complete=8/8;availability_limited=1;sync_gaps=13;pair_gaps=0;aux_failures=0;duplicates=0,false,ineligible,canonical_implementation_not_measured;recursive_bias_found,native_mode_not_runtime_validated;lookahead_not_completed,pair_available_history;verify_exact_regime_window_before_run
BinHV45HO,spot_long,BinHV45HO:137f88a12a9d,repos/TheoBrigitte_freqtrade/strategies/BinHV45/BinHV45HO.py,original,,not_applicable,strategy,true,389,historical_ledger,spot,NA,FOUND,missing,historical_spot,,refused_no_warmup,0,PASS,policy=1;mode=spot;timeframe=1m;complete=8/8;availability_limited=1;sync_gaps=13;pair_gaps=0;aux_failures=0;duplicates=0,false,ineligible,recursive_bias_found,lookahead_not_completed,pair_available_history;verify_exact_regime_window_before_run
BinHV45_kanaxe,spot_long,BinHV45_kanaxe:3de55f927af3,repos/TheoBrigitte_freqtrade/strategies/BinHV45/BinHV45_kanaxe.py,original,,not_applicable,strategy,true,1798,historical_ledger,spot,PASS,FOUND,historical_spot,historical_spot,,refused_no_warmup,0,PASS,policy=1;mode=spot;timeframe=1m;complete=8/8;availability_limited=1;sync_gaps=13;pair_gaps=0;aux_failures=0;duplicates=0,false,ineligible,recursive_bias_found,,pair_available_history;verify_exact_regime_window_before_run
BinHV45_stash,spot_long,BinHV45_stash:37a6a89a6302,repos/TheoBrigitte_freqtrade/strategies/BinHV45/BinHV45_stash.py,original,,not_applicable,strategy,true,1700,historical_ledger,spot,PASS,FOUND,historical_spot,historical_spot,,refused_no_warmup,0,PASS,policy=1;mode=spot;timeframe=1m;complete=8/8;availability_limited=1;sync_gaps=13;pair_gaps=0;aux_failures=0;duplicates=0,false,ineligible,recursive_bias_found,,pair_available_history;verify_exact_regime_window_before_run
BinHV45_werkkrew,spot_long,BinHV45_werkkrew:379b5bd8faf9,repos/TheoBrigitte_freqtrade/strategies/BinHV45/BinHV45_werkkrew.py,original,,not_applicable,strategy,true,760,historical_ledger,spot,PASS,FOUND,historical_spot,historical_spot,,refused_no_warmup,0,PASS,policy=1;mode=spot;timeframe=1m;complete=8/8;availability_limited=1;sync_gaps=13;pair_gaps=0;aux_failures=0;duplicates=0,false,ineligible,recursive_bias_found,,pair_available_history;verify_exact_regime_window_before_run
ElliotV5_SMA,spot_long,ElliotV5_SMA:95998392fb5d,repos/TheoBrigitte_freqtrade/strategies/ElliotV5_SMA/ElliotV5_SMA.py,original,,not_applicable,strategy,true,723,historical_ledger,spot,NA,PASS,missing,historical_spot,,,0,PASS,policy=1;mode=spot;timeframe=5m;complete=8/8;availability_limited=1;sync_gaps=13;pair_gaps=0;aux_failures=0;duplicates=0,false,pending_diagnostics,,lookahead_not_completed,pair_available_history;verify_exact_regime_window_before_run
FVGAdvancedStrategy_V2,futures_long,FVGAdvancedStrategy_V2:615c1b83fc4f,repos/TheoBrigitte_freqtrade/strategies/FVGAdvancedStrategy_V2/FVGAdvancedStrategy_V2.py,original,,not_applicable,strategy,true,20,runtime_smoke,spot;futures,FOUND,FOUND,historical_spot_not_inherited,historical_spot_not_inherited,,refused_no_warmup,0,PASS,policy=1;mode=futures;timeframe=5m;complete=8/8;availability_limited=0;sync_gaps=0;pair_gaps=0;aux_failures=0;duplicates=0,false,ineligible,lookahead_found;recursive_bias_found,futures_mode_bias_diagnostics_not_completed,pair_available_history;verify_exact_regime_window_before_run
GeneStrategy,spot_long,GeneStrategy:a0085cdc65a7,repair/patched/repos/TheoBrigitte_freqtrade/strategies/GeneTrader/GeneStrategy.py,repaired,class2,strict_equivalent,strategy,false,,freqai_result_card,,NA,NA,missing,missing,,,0,PASS,policy=1;mode=spot;timeframe=5m;complete=8/8;availability_limited=1;sync_gaps=13;pair_gaps=0;aux_failures=0;duplicates=0,false,ineligible,canonical_implementation_not_measured,native_mode_not_runtime_validated;lookahead_not_completed;recursive_bias_not_completed,pair_available_history;verify_exact_regime_window_before_run
GeneStrategy_v2,spot_long,GeneStrategy_v2:a7da113dfe6b,repair/patched/repos/TheoBrigitte_freqtrade/strategies/GeneTrader/GeneStrategy_v2.py,repaired,class2,strict_equivalent,strategy,false,,freqai_result_card,,NA,NA,missing,missing,,,0,PASS,policy=1;mode=spot;timeframe=5m;complete=8/8;availability_limited=1;sync_gaps=13;pair_gaps=0;aux_failures=0;duplicates=0,false,ineligible,canonical_implementation_not_measured,native_mode_not_runtime_validated;lookahead_not_completed;recursive_bias_not_completed,pair_available_history;verify_exact_regime_window_before_run
GeneTrader_gen10_1734895087_6007,spot_long,GeneTrader_gen10_1734895087_6007:370b980a47e9,repair/patched/repos/TheoBrigitte_freqtrade/strategies/GeneTrader/GeneTrader_gen10_1734895087_6007.py,repaired,class2,strict_equivalent,strategy,false,,freqai_result_card,,NA,NA,missing,missing,,,0,PASS,policy=1;mode=spot;timeframe=5m;complete=8/8;availability_limited=1;sync_gaps=13;pair_gaps=0;aux_failures=0;duplicates=0,false,ineligible,canonical_implementation_not_measured,native_mode_not_runtime_validated;lookahead_not_completed;recursive_bias_not_completed,pair_available_history;verify_exact_regime_window_before_run
GeneTrader_gen5_1735014093_4541,spot_long,GeneTrader_gen5_1735014093_4541:a8efe429c99f,repair/patched/repos/TheoBrigitte_freqtrade/strategies/GeneTrader/GeneTrader_gen5_1735014093_4541.py,repaired,class2,strict_equivalent,strategy,false,,freqai_result_card,,NA,NA,missing,missing,,,0,PASS,policy=1;mode=spot;timeframe=5m;complete=8/8;availability_limited=1;sync_gaps=13;pair_gaps=0;aux_failures=0;duplicates=0,false,ineligible,canonical_implementation_not_measured,native_mode_not_runtime_validated;lookahead_not_completed;recursive_bias_not_completed,pair_available_history;verify_exact_regime_window_before_run
newstrategy53_22,spot_long,newstrategy53_22:d3949968a696,repair/patched/repos/TheoBrigitte_freqtrade/strategies/GeneTrader/NewStrategy53_22.py,repaired,class2,strict_equivalent,strategy,false,,freqai_result_card,,NA,NA,missing,missing,,,0,PASS,policy=1;mode=spot;timeframe=5m;complete=8/8;availability_limited=1;sync_gaps=13;pair_gaps=0;aux_failures=0;duplicates=0,false,ineligible,canonical_implementation_not_measured,native_mode_not_runtime_validated;lookahead_not_completed;recursive_bias_not_completed,pair_available_history;verify_exact_regime_window_before_run
newstrategy53,spot_long,newstrategy53:6d738935708d,repair/patched/repos/TheoBrigitte_freqtrade/strategies/GeneTrader/newstrategy53.py,repaired,class2,strict_equivalent,strategy,false,,freqai_result_card,,NA,NA,missing,missing,,,0,PASS,policy=1;mode=spot;timeframe=5m;complete=8/8;availability_limited=1;sync_gaps=13;pair_gaps=0;aux_failures=0;duplicates=0,false,ineligible,canonical_implementation_not_measured,native_mode_not_runtime_validated;lookahead_not_completed;recursive_bias_not_completed,pair_available_history;verify_exact_regime_window_before_run
ZaratustraDCA2_06,futures_long_short,ZaratustraDCA2_06:ad8a574db20a,repos/TheoBrigitte_freqtrade/strategies/Zaratustra/ZaratustraDCA2_06.py,original,,not_applicable,strategy,true,241,runtime_smoke,futures,PASS,FOUND,canonical_native,canonical_native,futures,,0,PASS,policy=1;mode=futures;timeframe=5m;complete=8/8;availability_limited=0;sync_gaps=0;pair_gaps=0;aux_failures=0;duplicates=0,false,ineligible,recursive_bias_found,,pair_available_history;verify_exact_regime_window_before_run
ARIMA_15,spot_long,ARIMA_15:06fadb158781,repos/TheoBrigitte_freqtrade/strategies/arima/ARIMA_15.py,original,,not_applicable,strategy,false,,,,NA,PASS,missing,historical_spot,,,0,PASS,policy=1;mode=spot;timeframe=15m;complete=8/8;availability_limited=1;sync_gaps=13;pair_gaps=0;aux_failures=0;duplicates=0,false,ineligible,canonical_implementation_not_measured,native_mode_not_runtime_validated;lookahead_not_completed,pair_available_history;verify_exact_regime_window_before_run
ARIMASTR,spot_long,ARIMASTR:11e3b33787ec,repos/TheoBrigitte_freqtrade/strategies/arima/ARIMA_5.py,original,,not_applicable,strategy,false,,,,NA,PASS,missing,historical_spot,,,0,PASS,policy=1;mode=spot;timeframe=5m;complete=8/8;availability_limited=1;sync_gaps=13;pair_gaps=0;aux_failures=0;duplicates=0,false,ineligible,canonical_implementation_not_measured,native_mode_not_runtime_validated;lookahead_not_completed,pair_available_history;verify_exact_regime_window_before_run
Freqtrade_backtest_validation_freqtrade1,spot_long,Freqtrade_backtest_validation_freqtrade1:758d3730e57c,repos/TheoBrigitte_freqtrade/strategies/berlinguyinca/1h/Freqtrade_backtest_validation_freqtrade1.py,original,,not_applicable,strategy,true,10164,historical_ledger,spot,PASS,FOUND,historical_spot,historical_spot,,refused_no_warmup,0,PASS,policy=1;mode=spot;timeframe=1h;complete=8/8;availability_limited=1;sync_gaps=13;pair_gaps=0;aux_failures=0;duplicates=0,false,ineligible,recursive_bias_found,,pair_available_history;verify_exact_regime_window_before_run
Cenderawasih_3_kucoin,spot_long,Cenderawasih_3_kucoin:fa5fb7a91a2b,repos/TheoBrigitte_freqtrade/strategies/cenderawasih3/Cenderawasih_3_kucoin.py,original,,not_applicable,strategy,false,,,,NA,NA,missing,missing,,,0,PASS,policy=1;mode=spot;timeframe=5m;complete=8/8;availability_limited=1;sync_gaps=13;pair_gaps=0;aux_failures=0;duplicates=0,false,ineligible,canonical_implementation_not_measured,native_mode_not_runtime_validated;lookahead_not_completed;recursive_bias_not_completed,pair_available_history;verify_exact_regime_window_before_run
Cenderawasih_30m,spot_long,Cenderawasih_30m:f61eab1af02a,repos/TheoBrigitte_freqtrade/strategies/cenderawasih/Cenderawasih_30m.py,original,,not_applicable,strategy,false,,,,NA,NA,missing,missing,,,0,PASS,policy=1;mode=spot;timeframe=30m;complete=8/8;availability_limited=1;sync_gaps=13;pair_gaps=0;aux_failures=0;duplicates=0,false,ineligible,canonical_implementation_not_measured,native_mode_not_runtime_validated;lookahead_not_completed;recursive_bias_not_completed,pair_available_history;verify_exact_regime_window_before_run
ClucHAnix_5m_old,spot_long,ClucHAnix_5m_old:f71d7850cc56,repos/TheoBrigitte_freqtrade/strategies/cluc/ClucHAnix_5m_old.py,original,,not_applicable,strategy,true,2834,historical_ledger,spot,PASS,PASS,historical_spot,historical_spot,,,0,PASS,policy=1;mode=spot;timeframe=5m;complete=8/8;availability_limited=1;sync_gaps=13;pair_gaps=0;aux_failures=0;duplicates=0,true,eligible,,,pair_available_history;verify_exact_regime_window_before_run
CryptoFrog_nateema,spot_long,CryptoFrog_nateema:ba28d48d8d67,repos/TheoBrigitte_freqtrade/strategies/cryptofrog-strategies/CryptoFrog_nateema.py,original,,not_applicable,strategy,false,,,,NA,PASS,missing,historical_spot,,,0,PASS,policy=1;mode=spot;timeframe=5m;complete=8/8;availability_limited=1;sync_gaps=13;pair_gaps=0;aux_failures=0;duplicates=0,false,ineligible,canonical_implementation_not_measured,native_mode_not_runtime_validated;lookahead_not_completed,pair_available_history;verify_exact_regime_window_before_run
Danke,spot_long,Danke:ff2b5c285b8a,repos/TheoBrigitte_freqtrade/strategies/danke/Danke.py,original,,not_applicable,strategy,false,,,,NA,NA,missing,missing,,,0,PASS,policy=1;mode=spot;timeframe=5m;complete=8/8;availability_limited=1;sync_gaps=13;pair_gaps=0;aux_failures=0;duplicates=0,false,ineligible,canonical_implementation_not_measured,native_mode_not_runtime_validated;lookahead_not_completed;recursive_bias_not_completed,pair_available_history;verify_exact_regime_window_before_run
DWT,spot_long,DWT:ac98506b588e,repos/TheoBrigitte_freqtrade/strategies/dwt/DWT.py,original,,not_applicable,strategy,false,,,,NA,PASS,missing,historical_spot,,,0,PASS,policy=1;mode=spot;timeframe=5m;complete=8/8;availability_limited=1;sync_gaps=13;pair_gaps=0;aux_failures=0;duplicates=0,false,ineligible,canonical_implementation_not_measured,native_mode_not_runtime_validated;lookahead_not_completed,pair_available_history;verify_exact_regime_window_before_run
DWT_Leveraged,spot_long,DWT_Leveraged:256b76fadd09,repos/TheoBrigitte_freqtrade/strategies/dwt/DWT_Leveraged.py,original,,not_applicable,strategy,false,,,,NA,PASS,missing,historical_spot,,,0,PASS,policy=1;mode=spot;timeframe=5m;complete=8/8;availability_limited=1;sync_gaps=13;pair_gaps=0;aux_failures=0;duplicates=0,false,ineligible,canonical_implementation_not_measured,native_mode_not_runtime_validated;lookahead_not_completed,pair_available_history;verify_exact_regime_window_before_run
DWT_LongShort,futures_long_short,DWT_LongShort:75fd58b313a0,user_data/profile_repairs/DWT_LongShort.py,repaired,class2,strict_equivalent,strategy,true,859,runtime_smoke,futures,PASS,FOUND,canonical_native,canonical_native,futures,,0,PASS,policy=1;mode=futures;timeframe=5m;complete=8/8;availability_limited=0;sync_gaps=0;pair_gaps=0;aux_failures=0;duplicates=0,false,ineligible,recursive_bias_found,,pair_available_history;verify_exact_regime_window_before_run
DWT_short,futures_long_short,DWT_short:435af7ef0007,user_data/profile_repairs/DWT_short.py,repaired,class2,strict_equivalent,strategy,true,362,runtime_smoke,futures,PASS,FOUND,canonical_native,canonical_native,futures,,0,PASS,policy=1;mode=futures;timeframe=5m;complete=8/8;availability_limited=0;sync_gaps=0;pair_gaps=0;aux_failures=0;duplicates=0,false,ineligible,recursive_bias_found,,pair_available_history;verify_exact_regime_window_before_run
E0V1E,spot_long,E0V1E:e87c7b964773,repos/TheoBrigitte_freqtrade/strategies/e0v1e/E0V1E.py,original,,not_applicable,strategy,true,329,historical_ledger,spot,NA,FOUND,missing,historical_spot,,drift_measured,0,PASS,policy=1;mode=spot;timeframe=5m;complete=8/8;availability_limited=1;sync_gaps=13;pair_gaps=0;aux_failures=0;duplicates=0,false,ineligible,recursive_bias_found,lookahead_not_completed,pair_available_history;verify_exact_regime_window_before_run
E0V1E2,spot_long,E0V1E2:50adb8dbf2a2,repos/TheoBrigitte_freqtrade/strategies/e0v1e/E0V1E2.py,original,,not_applicable,strategy,true,330,historical_ledger,spot,NA,FOUND,missing,historical_spot,,drift_measured,0,PASS,policy=1;mode=spot;timeframe=5m;complete=8/8;availability_limited=1;sync_gaps=13;pair_gaps=0;aux_failures=0;duplicates=0,false,ineligible,recursive_bias_found,lookahead_not_completed,pair_available_history;verify_exact_regime_window_before_run
E0V1E_DCA3,spot_long,E0V1E_DCA3:4f558bf2dd99,repos/TheoBrigitte_freqtrade/strategies/e0v1e/E0V1E_DCA3.py,original,,not_applicable,strategy,true,2152,historical_ledger,spot,PASS,FOUND,historical_spot,historical_spot,,drift_measured,0,PASS,policy=1;mode=spot;timeframe=5m;complete=8/8;availability_limited=1;sync_gaps=13;pair_gaps=0;aux_failures=0;duplicates=0,false,ineligible,recursive_bias_found,,pair_available_history;verify_exact_regime_window_before_run
E0V1E_ewo,spot_long,E0V1E_ewo:e83bd3994023,repos/TheoBrigitte_freqtrade/strategies/e0v1e/E0V1E_ewo.py,original,,not_applicable,strategy,true,309,historical_ledger,spot,NA,FOUND,missing,historical_spot,,drift_measured,0,PASS,policy=1;mode=spot;timeframe=5m;complete=8/8;availability_limited=1;sync_gaps=13;pair_gaps=0;aux_failures=0;duplicates=0,false,ineligible,recursive_bias_found,lookahead_not_completed,pair_available_history;verify_exact_regime_window_before_run
E0V1E_protections,spot_long,E0V1E_protections:fa00c41d8426,repos/TheoBrigitte_freqtrade/strategies/e0v1e/E0V1E_protections.py,original,,not_applicable,strategy,true,329,historical_ledger,spot,NA,FOUND,missing,historical_spot,,drift_measured,0,PASS,policy=1;mode=spot;timeframe=5m;complete=8/8;availability_limited=1;sync_gaps=13;pair_gaps=0;aux_failures=0;duplicates=0,false,ineligible,recursive_bias_found,lookahead_not_completed,pair_available_history;verify_exact_regime_window_before_run
E0V1E_strs,spot_long,E0V1E_strs:44461186067a,repos/TheoBrigitte_freqtrade/strategies/e0v1e/E0V1E_strs.py,original,,not_applicable,strategy,true,134,historical_ledger,spot,NA,FOUND,missing,historical_spot,,drift_measured,0,PASS,policy=1;mode=spot;timeframe=5m;complete=8/8;availability_limited=1;sync_gaps=13;pair_gaps=0;aux_failures=0;duplicates=0,false,ineligible,recursive_bias_found,lookahead_not_completed,pair_available_history;verify_exact_regime_window_before_run
Auto_EI_t4c0s,spot_long,Auto_EI_t4c0s:0a6a7fc6f5cc,repos/TheoBrigitte_freqtrade/strategies/ei/Auto_EI_t4c0s.py,original,,not_applicable,strategy,true,388,historical_ledger,spot,FOUND,FOUND,historical_spot,historical_spot,,drift_measured,0,PASS,policy=1;mode=spot;timeframe=5m;complete=8/8;availability_limited=1;sync_gaps=13;pair_gaps=0;aux_failures=0;duplicates=0,false,ineligible,lookahead_found;recursive_bias_found,,pair_available_history;verify_exact_regime_window_before_run
EI4_t4c0s_V2,spot_long,EI4_t4c0s_V2:60656915cf9c,repos/TheoBrigitte_freqtrade/strategies/ei/EI4_t4c0s_V2.py,original,,not_applicable,strategy,true,4368,historical_ledger,spot,FOUND,FOUND,historical_spot,historical_spot,,drift_measured,0,PASS,policy=1;mode=spot;timeframe=5m;complete=8/8;availability_limited=1;sync_gaps=13;pair_gaps=0;aux_failures=0;duplicates=0,false,ineligible,lookahead_found;recursive_bias_found,,pair_available_history;verify_exact_regime_window_before_run
EI4_t4c0s_V2_2,spot_long,EI4_t4c0s_V2_2:e13163c8acbc,repos/TheoBrigitte_freqtrade/strategies/ei/EI4_t4c0s_V2_2.py,original,,not_applicable,strategy,true,4368,historical_ledger,spot,FOUND,FOUND,historical_spot,historical_spot,,drift_measured,0,PASS,policy=1;mode=spot;timeframe=5m;complete=8/8;availability_limited=1;sync_gaps=13;pair_gaps=0;aux_failures=0;duplicates=0,false,ineligible,lookahead_found;recursive_bias_found,,pair_available_history;verify_exact_regime_window_before_run
EI1_t4c0s_V4,spot_long,EI1_t4c0s_V4:31a5b21d14cf,repos/TheoBrigitte_freqtrade/strategies/eiv4/EI1_t4c0s_V4.py,original,,not_applicable,strategy,true,721,historical_ledger,spot,FOUND,FOUND,historical_spot,historical_spot,,drift_measured,0,PASS,policy=1;mode=spot;timeframe=1h;complete=8/8;availability_limited=1;sync_gaps=13;pair_gaps=0;aux_failures=0;duplicates=0,false,ineligible,lookahead_found;recursive_bias_found,,pair_available_history;verify_exact_regime_window_before_run
ElliotV8_original_ichiv2,spot_long,ElliotV8_original_ichiv2:79d34f02a1ef,repos/TheoBrigitte_freqtrade/strategies/eliot/ElliotV8_original_ichiv2.py,original,,not_applicable,strategy,true,1315,historical_ledger,spot,NA,FOUND,missing,historical_spot,,drift_measured,1,PASS,policy=1;mode=spot;timeframe=5m;complete=8/8;availability_limited=1;sync_gaps=13;pair_gaps=0;aux_failures=0;duplicates=0,false,ineligible,recursive_bias_found;technical_trap_found,lookahead_not_completed,pair_available_history;verify_exact_regime_window_before_run
ElliotV8_original_ichiv2OH,spot_long,ElliotV8_original_ichiv2OH:09d1e4826eb0,repos/TheoBrigitte_freqtrade/strategies/eliot/ElliotV8_original_ichiv2OH.py,original,,not_applicable,strategy,true,515,historical_ledger,spot,NA,FOUND,missing,historical_spot,,drift_measured,1,PASS,policy=1;mode=spot;timeframe=5m;complete=8/8;availability_limited=1;sync_gaps=13;pair_gaps=0;aux_failures=0;duplicates=0,false,ineligible,recursive_bias_found;technical_trap_found,lookahead_not_completed,pair_available_history;verify_exact_regime_window_before_run
falconTrader,spot_long,falconTrader:7591585586da,repair/patched/repos/TheoBrigitte_freqtrade/strategies/falcon/falconTrader.py,repaired,class2,strict_equivalent,strategy,false,,freqai_result_card,,NA,NA,missing,missing,,,0,PASS,policy=1;mode=spot;timeframe=5m;complete=8/8;availability_limited=1;sync_gaps=13;pair_gaps=0;aux_failures=0;duplicates=0,false,ineligible,canonical_implementation_not_measured,native_mode_not_runtime_validated;lookahead_not_completed;recursive_bias_not_completed,pair_available_history;verify_exact_regime_window_before_run
FastSupertrend_optim3,futures_long_short,FastSupertrend_optim3:055138cda63d,user_data/profile_repairs/FastSupertrend_optim3.py,repaired,class2,strict_equivalent,strategy,true,403,runtime_smoke,futures,NA,NA,missing,historical_spot_not_inherited,,,1,PASS,policy=1;mode=futures;timeframe=1h;complete=8/8;availability_limited=0;sync_gaps=0;pair_gaps=0;aux_failures=0;duplicates=0,false,ineligible,technical_trap_found,lookahead_not_completed;recursive_bias_not_completed;futures_mode_bias_diagnostics_not_completed,pair_available_history;verify_exact_regime_window_before_run
FastSupertrend_optim3_rsi_70,futures_long_short,FastSupertrend_optim3_rsi_70:a1ce751bf88a,user_data/profile_repairs/FastSupertrend_optim3_rsi_70.py,repaired,class2,strict_equivalent,strategy,true,297,runtime_smoke,futures,NA,NA,missing,historical_spot_not_inherited,,,1,PASS,policy=1;mode=futures;timeframe=1h;complete=8/8;availability_limited=0;sync_gaps=0;pair_gaps=0;aux_failures=0;duplicates=0,false,ineligible,technical_trap_found,lookahead_not_completed;recursive_bias_not_completed;futures_mode_bias_diagnostics_not_completed,pair_available_history;verify_exact_regime_window_before_run
FastSupertrend_optim3_rsi_75,futures_long_short,FastSupertrend_optim3_rsi_75:87a3756c56dd,user_data/profile_repairs/FastSupertrend_optim3_rsi_75.py,repaired,class2,strict_equivalent,strategy,true,320,runtime_smoke,futures,NA,NA,missing,historical_spot_not_inherited,,,1,PASS,policy=1;mode=futures;timeframe=1h;complete=8/8;availability_limited=0;sync_gaps=0;pair_gaps=0;aux_failures=0;duplicates=0,false,ineligible,technical_trap_found,lookahead_not_completed;recursive_bias_not_completed;futures_mode_bias_diagnostics_not_completed,pair_available_history;verify_exact_regime_window_before_run
FastSupertrend_optim3_rsi_752,futures_long_short,FastSupertrend_optim3_rsi_752:40fe72042040,user_data/profile_repairs/FastSupertrend_optim3_rsi_752.py,repaired,class2,strict_equivalent,strategy,true,383,runtime_smoke,futures,NA,NA,missing,historical_spot_not_inherited,,,1,PASS,policy=1;mode=futures;timeframe=1h;complete=8/8;availability_limited=0;sync_gaps=0;pair_gaps=0;aux_failures=0;duplicates=0,false,ineligible,technical_trap_found,lookahead_not_completed;recursive_bias_not_completed;futures_mode_bias_diagnostics_not_completed,pair_available_history;verify_exact_regime_window_before_run
FastSupertrend_optim3_rsi_75fix,futures_long_short,FastSupertrend_optim3_rsi_75fix:77f53275aa78,user_data/profile_repairs/FastSupertrend_optim3_rsi_75fix.py,repaired,class2,strict_equivalent,strategy,true,320,runtime_smoke,futures,NA,NA,missing,historical_spot_not_inherited,,,1,PASS,policy=1;mode=futures;timeframe=1h;complete=8/8;availability_limited=0;sync_gaps=0;pair_gaps=0;aux_failures=0;duplicates=0,false,ineligible,technical_trap_found,lookahead_not_completed;recursive_bias_not_completed;futures_mode_bias_diagnostics_not_completed,pair_available_history;verify_exact_regime_window_before_run
FastSupertrend_optim3_rsi_75fix_signal,futures_long_short,FastSupertrend_optim3_rsi_75fix_signal:5b72b9724479,user_data/profile_repairs/FastSupertrend_optim3_rsi_75fix_signal.py,repaired,class2,strict_equivalent,strategy,true,215,runtime_smoke,futures,NA,NA,missing,historical_spot_not_inherited,,,1,PASS,policy=1;mode=futures;timeframe=1h;complete=8/8;availability_limited=0;sync_gaps=0;pair_gaps=0;aux_failures=0;duplicates=0,false,ineligible,technical_trap_found,lookahead_not_completed;recursive_bias_not_completed;futures_mode_bias_diagnostics_not_completed,pair_available_history;verify_exact_regime_window_before_run
FastSupertrend_optim3_rsi_75lev,futures_long_short,FastSupertrend_optim3_rsi_75lev:eed1448f07b5,user_data/profile_repairs/FastSupertrend_optim3_rsi_75lev.py,repaired,class2,strict_equivalent,strategy,true,763,runtime_smoke,futures,NA,NA,missing,historical_spot_not_inherited,,,1,PASS,policy=1;mode=futures;timeframe=1h;complete=8/8;availability_limited=0;sync_gaps=0;pair_gaps=0;aux_failures=0;duplicates=0,false,ineligible,technical_trap_found,lookahead_not_completed;recursive_bias_not_completed;futures_mode_bias_diagnostics_not_completed,pair_available_history;verify_exact_regime_window_before_run
FastSupertrend_optim3_rsi_75sell,futures_long_short,FastSupertrend_optim3_rsi_75sell:7a209d8fadb2,user_data/profile_repairs/FastSupertrend_optim3_rsi_75sell.py,repaired,class2,strict_equivalent,strategy,true,319,runtime_smoke,futures,NA,NA,missing,historical_spot_not_inherited,,,1,PASS,policy=1;mode=futures;timeframe=1h;complete=8/8;availability_limited=0;sync_gaps=0;pair_gaps=0;aux_failures=0;duplicates=0,false,ineligible,technical_trap_found,lookahead_not_completed;recursive_bias_not_completed;futures_mode_bias_diagnostics_not_completed,pair_available_history;verify_exact_regime_window_before_run
FastSupertrend_optim3_rsi_80,futures_long_short,FastSupertrend_optim3_rsi_80:40d80d413c4d,user_data/profile_repairs/FastSupertrend_optim3_rsi_80.py,repaired,class2,strict_equivalent,strategy,true,396,runtime_smoke,futures,NA,NA,missing,historical_spot_not_inherited,,,1,PASS,policy=1;mode=futures;timeframe=1h;complete=8/8;availability_limited=0;sync_gaps=0;pair_gaps=0;aux_failures=0;duplicates=0,false,ineligible,technical_trap_found,lookahead_not_completed;recursive_bias_not_completed;futures_mode_bias_diagnostics_not_completed,pair_available_history;verify_exact_regime_window_before_run
FastSupertrend_optim_quick,futures_long_short,FastSupertrend_optim_quick:b065fcff5618,user_data/profile_repairs/FastSupertrend_optim_quick.py,repaired,class2,strict_equivalent,strategy,true,557,runtime_smoke,futures,NA,NA,missing,historical_spot_not_inherited,,,1,PASS,policy=1;mode=futures;timeframe=1h;complete=8/8;availability_limited=0;sync_gaps=0;pair_gaps=0;aux_failures=0;duplicates=0,false,ineligible,technical_trap_found,lookahead_not_completed;recursive_bias_not_completed;futures_mode_bias_diagnostics_not_completed,pair_available_history;verify_exact_regime_window_before_run
FastSupertrend_optim_quick2,futures_long_short,FastSupertrend_optim_quick2:22efdc468b94,user_data/profile_repairs/FastSupertrend_optim_quick2.py,repaired,class2,strict_equivalent,strategy,true,1587,runtime_smoke,futures,NA,NA,missing,historical_spot_not_inherited,,,1,PASS,policy=1;mode=futures;timeframe=1h;complete=8/8;availability_limited=0;sync_gaps=0;pair_gaps=0;aux_failures=0;duplicates=0,false,ineligible,technical_trap_found,lookahead_not_completed;recursive_bias_not_completed;futures_mode_bias_diagnostics_not_completed,pair_available_history;verify_exact_regime_window_before_run
FastSupertrend_optim_quick3,futures_long_short,FastSupertrend_optim_quick3:1248f3bfb29a,user_data/profile_repairs/FastSupertrend_optim_quick3.py,repaired,class2,strict_equivalent,strategy,true,1283,runtime_smoke,futures,NA,NA,missing,historical_spot_not_inherited,,,1,PASS,policy=1;mode=futures;timeframe=1h;complete=8/8;availability_limited=0;sync_gaps=0;pair_gaps=0;aux_failures=0;duplicates=0,false,ineligible,technical_trap_found,lookahead_not_completed;recursive_bias_not_completed;futures_mode_bias_diagnostics_not_completed,pair_available_history;verify_exact_regime_window_before_run
FastSupertrend_optim_quick4,futures_long_short,FastSupertrend_optim_quick4:c9368274a08e,user_data/profile_repairs/FastSupertrend_optim_quick4.py,repaired,class2,strict_equivalent,strategy,true,1245,runtime_smoke,futures,NA,NA,missing,historical_spot_not_inherited,,,1,PASS,policy=1;mode=futures;timeframe=1h;complete=8/8;availability_limited=0;sync_gaps=0;pair_gaps=0;aux_failures=0;duplicates=0,false,ineligible,technical_trap_found,lookahead_not_completed;recursive_bias_not_completed;futures_mode_bias_diagnostics_not_completed,pair_available_history;verify_exact_regime_window_before_run
FastSupertrend_optim_quick5,futures_long_short,FastSupertrend_optim_quick5:6d710d543fe7,user_data/profile_repairs/FastSupertrend_optim_quick5.py,repaired,class2,strict_equivalent,strategy,true,1166,runtime_smoke,futures,NA,NA,missing,historical_spot_not_inherited,,,1,PASS,policy=1;mode=futures;timeframe=1h;complete=8/8;availability_limited=0;sync_gaps=0;pair_gaps=0;aux_failures=0;duplicates=0,false,ineligible,technical_trap_found,lookahead_not_completed;recursive_bias_not_completed;futures_mode_bias_diagnostics_not_completed,pair_available_history;verify_exact_regime_window_before_run
FastSupertrend_ts_origstop_fix,futures_long_short,FastSupertrend_ts_origstop_fix:901ab15cf044,user_data/profile_repairs/FastSupertrend_ts_origstop_fix.py,repaired,class2,strict_equivalent,strategy,true,53,runtime_smoke,futures,PASS,PASS,canonical_native,canonical_native,futures,,0,PASS,policy=1;mode=futures;timeframe=1h;complete=8/8;availability_limited=0;sync_gaps=0;pair_gaps=0;aux_failures=0;duplicates=0,true,eligible,,,pair_available_history;verify_exact_regime_window_before_run
DoubleEMACrossoverWithTrend,spot_long,DoubleEMACrossoverWithTrend:c40d704d175e,repos/TheoBrigitte_freqtrade/strategies/freqtrade-strategies-that-work/DoubleEMACrossoverWithTrend.py,original,,not_applicable,strategy,true,0,historical_ledger,spot,NA,NA,missing,missing,,,0,PASS,policy=1;mode=spot;timeframe=1h;complete=8/8;availability_limited=1;sync_gaps=13;pair_gaps=0;aux_failures=0;duplicates=0,false,ineligible,no_trades_in_full_measurement,lookahead_not_completed;recursive_bias_not_completed,pair_available_history;verify_exact_regime_window_before_run
EMAPriceCrossoverWithThreshold,spot_long,EMAPriceCrossoverWithThreshold:bfd8a7652fde,repos/TheoBrigitte_freqtrade/strategies/freqtrade-strategies-that-work/EMAPriceCrossoverWithThreshold.py,original,,not_applicable,strategy,true,0,historical_ledger,spot,NA,NA,missing,missing,,,0,PASS,policy=1;mode=spot;timeframe=1h;complete=8/8;availability_limited=1;sync_gaps=13;pair_gaps=0;aux_failures=0;duplicates=0,false,ineligible,no_trades_in_full_measurement,lookahead_not_completed;recursive_bias_not_completed,pair_available_history;verify_exact_regime_window_before_run
MACDCrossoverWithTrend,spot_long,MACDCrossoverWithTrend:6d4186fbedb5,repos/TheoBrigitte_freqtrade/strategies/freqtrade-strategies-that-work/MACDCrossoverWithTrend.py,original,,not_applicable,strategy,true,0,historical_ledger,spot,NA,NA,missing,missing,,,0,PASS,policy=1;mode=spot;timeframe=1h;complete=8/8;availability_limited=1;sync_gaps=13;pair_gaps=0;aux_failures=0;duplicates=0,false,ineligible,no_trades_in_full_measurement,lookahead_not_completed;recursive_bias_not_completed,pair_available_history;verify_exact_regime_window_before_run
RSIDirectionalWithTrend,spot_long,RSIDirectionalWithTrend:60cdffabf36f,repos/TheoBrigitte_freqtrade/strategies/freqtrade-strategies-that-work/RSIDirectionalWithTrend.py,original,,not_applicable,strategy,true,0,historical_ledger,spot,NA,NA,missing,missing,,,0,PASS,policy=1;mode=spot;timeframe=1h;complete=8/8;availability_limited=1;sync_gaps=13;pair_gaps=0;aux_failures=0;duplicates=0,false,ineligible,no_trades_in_full_measurement,lookahead_not_completed;recursive_bias_not_completed,pair_available_history;verify_exact_regime_window_before_run
RSIDirectionalWithTrendSlow,spot_long,RSIDirectionalWithTrendSlow:c564d2dbeaf3,repos/TheoBrigitte_freqtrade/strategies/freqtrade-strategies-that-work/RSIDirectionalWithTrendSlow.py,original,,not_applicable,strategy,true,0,historical_ledger,spot,NA,NA,missing,missing,,,0,PASS,policy=1;mode=spot;timeframe=1h;complete=8/8;availability_limited=1;sync_gaps=13;pair_gaps=0;aux_failures=0;duplicates=0,false,ineligible,no_trades_in_full_measurement,lookahead_not_completed;recursive_bias_not_completed,pair_available_history;verify_exact_regime_window_before_run
Bandtastic,spot_long,Bandtastic:a4536c793bf4,repos/TheoBrigitte_freqtrade/strategies/freqtrade-strategies/Bandtastic.py,original,,not_applicable,strategy,true,28745,historical_ledger,spot,PASS,FOUND,historical_spot,historical_spot,,refused_no_warmup,0,PASS,policy=1;mode=spot;timeframe=15m;complete=8/8;availability_limited=1;sync_gaps=13;pair_gaps=0;aux_failures=0;duplicates=0,false,ineligible,recursive_bias_found,,pair_available_history;verify_exact_regime_window_before_run
Diamond,spot_long,Diamond:98f108f9df8f,repos/TheoBrigitte_freqtrade/strategies/freqtrade-strategies/Diamond.py,original,,not_applicable,strategy,true,4603,historical_ledger,spot,PASS,FOUND,historical_spot,historical_spot,,refused_no_warmup,0,PASS,policy=1;mode=spot;timeframe=5m;complete=8/8;availability_limited=1;sync_gaps=13;pair_gaps=0;aux_failures=0;duplicates=0,false,ineligible,recursive_bias_found,,pair_available_history;verify_exact_regime_window_before_run
PatternRecognition,spot_long,PatternRecognition:cce61e4af8ed,repos/TheoBrigitte_freqtrade/strategies/freqtrade-strategies/PatternRecognition.py,original,,not_applicable,strategy,true,654,historical_ledger,spot,NA,FOUND,missing,historical_spot,,refused_no_warmup,0,PASS,policy=1;mode=spot;timeframe=1d;complete=8/8;availability_limited=1;sync_gaps=0;pair_gaps=0;aux_failures=0;duplicates=0,false,ineligible,recursive_bias_found,lookahead_not_completed,pair_available_history;verify_exact_regime_window_before_run
PowerTower,spot_long,PowerTower:ce423a28ea54,repos/TheoBrigitte_freqtrade/strategies/freqtrade-strategies/PowerTower.py,original,,not_applicable,strategy,true,5001,historical_ledger,spot,PASS,PASS,historical_spot,historical_spot,,,0,PASS,policy=1;mode=spot;timeframe=5m;complete=8/8;availability_limited=1;sync_gaps=13;pair_gaps=0;aux_failures=0;duplicates=0,true,eligible,,,pair_available_history;verify_exact_regime_window_before_run
Strategy001,spot_long,Strategy001:2357996e6594,repos/TheoBrigitte_freqtrade/strategies/freqtrade-strategies/Strategy001.py,original,,not_applicable,strategy,true,13947,historical_ledger,spot,PASS,FOUND,historical_spot,historical_spot,,refused_no_warmup,0,PASS,policy=1;mode=spot;timeframe=5m;complete=8/8;availability_limited=1;sync_gaps=13;pair_gaps=0;aux_failures=0;duplicates=0,false,ineligible,recursive_bias_found,,pair_available_history;verify_exact_regime_window_before_run
Strategy001_custom_exit,spot_long,Strategy001_custom_exit:d53ac16d0e81,repos/TheoBrigitte_freqtrade/strategies/freqtrade-strategies/Strategy001_custom_exit.py,repaired,class1,strict_equivalent,strategy,true,2581,class1_result_card,spot,PASS,FOUND,historical_spot,historical_spot,,refused_no_warmup,0,PASS,policy=1;mode=spot;timeframe=5m;complete=8/8;availability_limited=1;sync_gaps=13;pair_gaps=0;aux_failures=0;duplicates=0,false,ineligible,recursive_bias_found,,pair_available_history;verify_exact_regime_window_before_run
Strategy002,spot_long,Strategy002:d1ca86a4ceb6,repos/TheoBrigitte_freqtrade/strategies/freqtrade-strategies/Strategy002.py,original,,not_applicable,strategy,true,1293,historical_ledger,spot,PASS,FOUND,historical_spot,historical_spot,,refused_no_warmup,0,PASS,policy=1;mode=spot;timeframe=5m;complete=8/8;availability_limited=1;sync_gaps=13;pair_gaps=0;aux_failures=0;duplicates=0,false,ineligible,recursive_bias_found,,pair_available_history;verify_exact_regime_window_before_run
Strategy003,spot_long,Strategy003:055984b46727,repos/TheoBrigitte_freqtrade/strategies/freqtrade-strategies/Strategy003.py,original,,not_applicable,strategy,true,3498,historical_ledger,spot,PASS,FOUND,historical_spot,historical_spot,,refused_no_warmup,0,PASS,policy=1;mode=spot;timeframe=5m;complete=8/8;availability_limited=1;sync_gaps=13;pair_gaps=0;aux_failures=0;duplicates=0,false,ineligible,recursive_bias_found,,pair_available_history;verify_exact_regime_window_before_run
Strategy004,spot_long,Strategy004:1b4c001e80b0,repos/TheoBrigitte_freqtrade/strategies/freqtrade-strategies/Strategy004.py,original,,not_applicable,strategy,true,6076,historical_ledger,spot,PASS,FOUND,historical_spot,historical_spot,,refused_no_warmup,0,PASS,policy=1;mode=spot;timeframe=5m;complete=8/8;availability_limited=1;sync_gaps=13;pair_gaps=0;aux_failures=0;duplicates=0,false,ineligible,recursive_bias_found,,pair_available_history;verify_exact_regime_window_before_run
Strategy005,spot_long,Strategy005:797b293f5acd,repos/TheoBrigitte_freqtrade/strategies/freqtrade-strategies/Strategy005.py,original,,not_applicable,strategy,true,5597,historical_ledger,spot,PASS,FOUND,historical_spot,historical_spot,,refused_no_warmup,0,PASS,policy=1;mode=spot;timeframe=5m;complete=8/8;availability_limited=1;sync_gaps=13;pair_gaps=0;aux_failures=0;duplicates=0,false,ineligible,recursive_bias_found,,pair_available_history;verify_exact_regime_window_before_run
UniversalMACD,spot_long,UniversalMACD:b3a62e0d8a26,repos/TheoBrigitte_freqtrade/strategies/freqtrade-strategies/UniversalMACD.py,original,,not_applicable,strategy,true,2090,historical_ledger,spot,PASS,FOUND,historical_spot,historical_spot,,drift_measured,0,PASS,policy=1;mode=spot;timeframe=5m;complete=8/8;availability_limited=1;sync_gaps=13;pair_gaps=0;aux_failures=0;duplicates=0,false,ineligible,recursive_bias_found,,pair_available_history;verify_exact_regime_window_before_run
hlhb,spot_long,hlhb:bd4523d134b6,repos/TheoBrigitte_freqtrade/strategies/freqtrade-strategies/hlhb.py,original,,not_applicable,strategy,true,861,historical_ledger,spot,PASS,FOUND,historical_spot,historical_spot,,drift_measured,0,PASS,policy=1;mode=spot;timeframe=4h;complete=8/8;availability_limited=1;sync_gaps=0;pair_gaps=0;aux_failures=0;duplicates=0,false,ineligible,recursive_bias_found,,pair_available_history;verify_exact_regime_window_before_run
multi_tf,spot_long,multi_tf:eb182eaecb78,repos/TheoBrigitte_freqtrade/strategies/freqtrade-strategies/multi_tf.py,original,,not_applicable,strategy,false,,,,NA,NA,missing,missing,,,0,PASS,policy=1;mode=spot;timeframe=5m;complete=8/8;availability_limited=1;sync_gaps=13;pair_gaps=0;aux_failures=0;duplicates=0,false,ineligible,canonical_implementation_not_measured,native_mode_not_runtime_validated;lookahead_not_completed;recursive_bias_not_completed,pair_available_history;verify_exact_regime_window_before_run
HarmonicDivergence_fix,spot_long,HarmonicDivergence_fix:ddda59c33e74,repos/TheoBrigitte_freqtrade/strategies/harmonic-divergence/HarmonicDivergence-fix.py,original,,not_applicable,strategy,false,,,,NA,NA,missing,missing,,,0,PASS,policy=1;mode=spot;timeframe=15m;complete=8/8;availability_limited=1;sync_gaps=13;pair_gaps=0;aux_failures=0;duplicates=0,false,ineligible,canonical_implementation_not_measured,native_mode_not_runtime_validated;lookahead_not_completed;recursive_bias_not_completed,pair_available_history;verify_exact_regime_window_before_run
HarmonicDivergence,spot_long,HarmonicDivergence:52da87214f7d,repos/TheoBrigitte_freqtrade/strategies/harmonic-divergence/HarmonicDivergence.py,original,,not_applicable,strategy,false,,,,NA,NA,missing,missing,,,0,PASS,policy=1;mode=spot;timeframe=15m;complete=8/8;availability_limited=1;sync_gaps=13;pair_gaps=0;aux_failures=0;duplicates=0,false,ineligible,canonical_implementation_not_measured,native_mode_not_runtime_validated;lookahead_not_completed;recursive_bias_not_completed,pair_available_history;verify_exact_regime_window_before_run
Insomnia_short,futures_long_short,Insomnia_short:7125fe8db9f0,user_data/profile_repairs/Insomnia_short.py,repaired,class2,strict_equivalent,strategy,true,0,runtime_smoke,futures,NA,NA,missing,missing,,,0,PASS,policy=1;mode=futures;timeframe=1h;complete=8/8;availability_limited=0;sync_gaps=0;pair_gaps=0;aux_failures=0;duplicates=0,false,pending_diagnostics,,zero_trades_in_smoke_requires_full_window;lookahead_not_completed;recursive_bias_not_completed;futures_mode_bias_diagnostics_not_completed,pair_available_history;verify_exact_regime_window_before_run
JuicyTrend,spot_long,JuicyTrend:cd665b8c4972,repos/TheoBrigitte_freqtrade/strategies/juicy/JuicyTrend.py,original,,not_applicable,strategy,true,24136,historical_ledger,spot,PASS,FOUND,historical_spot,historical_spot,,refused_no_warmup,0,PASS,policy=1;mode=spot;timeframe=15m;complete=8/8;availability_limited=1;sync_gaps=13;pair_gaps=0;aux_failures=0;duplicates=0,false,ineligible,recursive_bias_found,,pair_available_history;verify_exact_regime_window_before_run
momentum,futures_long_short,momentum:5fc5ee322b43,repos/TheoBrigitte_freqtrade/strategies/momentum/momentum.py,original,,not_applicable,strategy,true,682,runtime_smoke,futures,PASS,PASS,canonical_native,canonical_native,futures,,0,PASS,policy=1;mode=futures;timeframe=5m;complete=8/8;availability_limited=0;sync_gaps=0;pair_gaps=0;aux_failures=0;duplicates=0,true,eligible,,,pair_available_history;verify_exact_regime_window_before_run
momentum_long,spot_long,momentum_long:6dbc4878f4d6,repos/TheoBrigitte_freqtrade/strategies/momentum/momentum_long.py,original,,not_applicable,strategy,true,15967,historical_ledger,spot,PASS,PASS,historical_spot,historical_spot,,,0,PASS,policy=1;mode=spot;timeframe=5m;complete=8/8;availability_limited=1;sync_gaps=13;pair_gaps=0;aux_failures=0;duplicates=0,true,eligible,,,pair_available_history;verify_exact_regime_window_before_run
momentum_rsi,futures_long_short,momentum_rsi:790d6063e148,repos/TheoBrigitte_freqtrade/strategies/momentum/momentum_rsi.py,original,,not_applicable,strategy,true,551,runtime_smoke,futures,PASS,PASS,canonical_native,canonical_native,futures,,0,PASS,policy=1;mode=futures;timeframe=5m;complete=8/8;availability_limited=0;sync_gaps=0;pair_gaps=0;aux_failures=0;duplicates=0,true,eligible,,,pair_available_history;verify_exact_regime_window_before_run
momentum_wick,futures_long_short,momentum_wick:a8e0f2ee2d8d,repos/TheoBrigitte_freqtrade/strategies/momentum/momentum_wick.py,original,,not_applicable,strategy,true,361,runtime_smoke,futures,PASS,PASS,canonical_native,canonical_native,futures,,0,PASS,policy=1;mode=futures;timeframe=5m;complete=8/8;availability_limited=0;sync_gaps=0;pair_gaps=0;aux_failures=0;duplicates=0,true,eligible,,,pair_available_history;verify_exact_regime_window_before_run
ToTheMoon,futures_long_short,ToTheMoon:50166db0362c,repos/TheoBrigitte_freqtrade/strategies/moon/ToTheMoon.py,original,,not_applicable,strategy,true,16,runtime_smoke,futures,PASS,FOUND,canonical_native,canonical_native,futures,,0,PASS,policy=1;mode=futures;timeframe=1h;complete=8/8;availability_limited=0;sync_gaps=0;pair_gaps=0;aux_failures=0;duplicates=0,false,ineligible,recursive_bias_found,,pair_available_history;verify_exact_regime_window_before_run
NostalgiaForInfinity772martinsk3,spot_long,NostalgiaForInfinity772martinsk3:cdde4efa3b84,repair/patched/repos/TheoBrigitte_freqtrade/strategies/nfix/NostalgiaForInfinity772martinsk3.py,repaired,class2,strict_equivalent,strategy,false,,freqai_result_card,,NA,NA,missing,missing,,,0,PASS,policy=1;mode=spot;timeframe=5m;complete=8/8;availability_limited=1;sync_gaps=13;pair_gaps=0;aux_failures=0;duplicates=0,false,ineligible,canonical_implementation_not_measured,native_mode_not_runtime_validated;lookahead_not_completed;recursive_bias_not_completed,pair_available_history;verify_exact_regime_window_before_run
NOTankAi_15,futures_long,NOTankAi_15:93b90bd991a1,repos/TheoBrigitte_freqtrade/strategies/notankai/NOTankAi_15.py,repaired,class1,strict_equivalent,strategy,true,139,runtime_smoke,futures,NA,FOUND,historical_spot_not_inherited,historical_spot_not_inherited,,refused_no_warmup,0,PASS,policy=1;mode=futures;timeframe=15m;complete=8/8;availability_limited=0;sync_gaps=0;pair_gaps=0;aux_failures=0;duplicates=0,false,ineligible,recursive_bias_found,lookahead_not_completed;futures_mode_bias_diagnostics_not_completed,pair_available_history;verify_exact_regime_window_before_run
NOTankAi_15_Cleaned,futures_long,NOTankAi_15_Cleaned:04db46ad4b4f,repos/TheoBrigitte_freqtrade/strategies/notankai/NOTankAi_15_Cleaned.py,original,,not_applicable,strategy,true,139,runtime_smoke,spot;futures,NA,FOUND,historical_spot_not_inherited,historical_spot_not_inherited,,drift_measured,0,PASS,policy=1;mode=futures;timeframe=15m;complete=8/8;availability_limited=0;sync_gaps=0;pair_gaps=0;aux_failures=0;duplicates=0,false,ineligible,recursive_bias_found,lookahead_not_completed;futures_mode_bias_diagnostics_not_completed,pair_available_history;verify_exact_regime_window_before_run
NOTankAi_15_Cleaned_v2,futures_long,NOTankAi_15_Cleaned_v2:c34c93051a13,repos/TheoBrigitte_freqtrade/strategies/notankai/NOTankAi_15_Cleaned_v2.py,original,,not_applicable,strategy,true,207,runtime_smoke,spot;futures,NA,FOUND,historical_spot_not_inherited,historical_spot_not_inherited,,drift_measured,0,PASS,policy=1;mode=futures;timeframe=15m;complete=8/8;availability_limited=0;sync_gaps=0;pair_gaps=0;aux_failures=0;duplicates=0,false,ineligible,recursive_bias_found,lookahead_not_completed;futures_mode_bias_diagnostics_not_completed,pair_available_history;verify_exact_regime_window_before_run
BigTrader,spot_long,BigTrader:7b6f6aae6208,repos/TheoBrigitte_freqtrade/strategies/profiters/BigTrader.py,original,,not_applicable,strategy,true,166,historical_ledger,spot,NA,PASS,missing,historical_spot,,,0,PASS,policy=1;mode=spot;timeframe=5m;complete=8/8;availability_limited=1;sync_gaps=13;pair_gaps=0;aux_failures=0;duplicates=0,false,pending_diagnostics,,lookahead_not_completed,pair_available_history;verify_exact_regime_window_before_run
QuickAdapterV3,spot_long,QuickAdapterV3:da6bc13bd369,repos/TheoBrigitte_freqtrade/strategies/quickadapter/QuickAdapterV3.py,original,,not_applicable,strategy,false,,,,NA,NA,missing,missing,,,0,PENDING,unsupported_or_unknown_profile,false,ineligible,canonical_implementation_not_measured,native_mode_not_runtime_validated;lookahead_not_completed;recursive_bias_not_completed;exact_regime_window_coverage_not_verified,pair_available_history;verify_exact_regime_window_before_run
Rsiqui,spot_long,Rsiqui:e0e432b6e003,repos/TheoBrigitte_freqtrade/strategies/rsiqui/Rsiqui.py,original,,not_applicable,strategy,true,28778,historical_ledger,spot,FOUND,FOUND,historical_spot,historical_spot,,refused_no_warmup,0,PASS,policy=1;mode=spot;timeframe=5m;complete=8/8;availability_limited=1;sync_gaps=13;pair_gaps=0;aux_failures=0;duplicates=0,false,ineligible,lookahead_found;recursive_bias_found,,pair_available_history;verify_exact_regime_window_before_run
RsiquiV2,futures_long_short,RsiquiV2:57911f40d127,repos/TheoBrigitte_freqtrade/strategies/rsiqui/RsiquiV2.py,original,,not_applicable,strategy,true,9326,runtime_smoke,futures,FOUND,FOUND,canonical_native,canonical_native,futures,,0,PASS,policy=1;mode=futures;timeframe=5m;complete=8/8;availability_limited=0;sync_gaps=0;pair_gaps=0;aux_failures=0;duplicates=0,false,ineligible,lookahead_found;recursive_bias_found,,pair_available_history;verify_exact_regime_window_before_run
RsiquiV5,futures_long_short,RsiquiV5:5f030f084dd9,repos/TheoBrigitte_freqtrade/strategies/rsiqui/RsiquiV5.py,original,,not_applicable,strategy,true,583,runtime_smoke,futures,FOUND,FOUND,canonical_native,canonical_native,futures,,0,PASS,policy=1;mode=futures;timeframe=5m;complete=8/8;availability_limited=0;sync_gaps=0;pair_gaps=0;aux_failures=0;duplicates=0,false,ineligible,lookahead_found;recursive_bias_found,,pair_available_history;verify_exact_regime_window_before_run
RsiquiV5_long_only,futures_long,RsiquiV5_long_only:73a71825200a,repos/TheoBrigitte_freqtrade/strategies/rsiqui/RsiquiV5_long_only.py,original,,not_applicable,strategy,true,42,runtime_smoke,spot;futures,FOUND,FOUND,historical_spot_not_inherited,historical_spot_not_inherited,,refused_no_warmup,0,PASS,policy=1;mode=futures;timeframe=5m;complete=8/8;availability_limited=0;sync_gaps=0;pair_gaps=0;aux_failures=0;duplicates=0,false,ineligible,lookahead_found;recursive_bias_found,futures_mode_bias_diagnostics_not_completed,pair_available_history;verify_exact_regime_window_before_run
slownsteady,spot_long,slownsteady:de4315a18cae,repair/patched/repos/TheoBrigitte_freqtrade/strategies/slownsteady/slownsteady_v2.py,repaired,class2,strict_equivalent,strategy,false,,freqai_result_card,,NA,NA,missing,missing,,,0,PASS,policy=1;mode=spot;timeframe=5m;complete=8/8;availability_limited=1;sync_gaps=13;pair_gaps=0;aux_failures=0;duplicates=0,false,ineligible,canonical_implementation_not_measured,native_mode_not_runtime_validated;lookahead_not_completed;recursive_bias_not_completed,pair_available_history;verify_exact_regime_window_before_run
SMAOffset_Hippocritical_dca,spot_long,SMAOffset_Hippocritical_dca:0c723f4afe6d,repos/TheoBrigitte_freqtrade/strategies/smas/SMAOffset_Hippocritical_dca.py,original,,not_applicable,strategy,true,218,historical_ledger,spot,NA,FOUND,missing,historical_spot,,drift_measured,0,PASS,policy=1;mode=spot;timeframe=5m;complete=8/8;availability_limited=1;sync_gaps=13;pair_gaps=0;aux_failures=0;duplicates=0,false,ineligible,recursive_bias_found,lookahead_not_completed,pair_available_history;verify_exact_regime_window_before_run
SMAOffset_Hippocritical_dca_old,spot_long,SMAOffset_Hippocritical_dca_old:2cfd00c566a2,repos/TheoBrigitte_freqtrade/strategies/smas/SMAOffset_Hippocritical_dca_old.py,original,,not_applicable,strategy,true,218,historical_ledger,spot,NA,FOUND,missing,historical_spot,,drift_measured,0,PASS,policy=1;mode=spot;timeframe=5m;complete=8/8;availability_limited=1;sync_gaps=13;pair_gaps=0;aux_failures=0;duplicates=0,false,ineligible,recursive_bias_found,lookahead_not_completed,pair_available_history;verify_exact_regime_window_before_run
SMAOffset_Hippocritical_dca_protections,spot_long,SMAOffset_Hippocritical_dca_protections:931258cfdeb5,repos/TheoBrigitte_freqtrade/strategies/smas/SMAOffset_Hippocritical_dca_protections.py,original,,not_applicable,strategy,true,218,historical_ledger,spot,NA,FOUND,missing,historical_spot,,drift_measured,0,PASS,policy=1;mode=spot;timeframe=5m;complete=8/8;availability_limited=1;sync_gaps=13;pair_gaps=0;aux_failures=0;duplicates=0,false,ineligible,recursive_bias_found,lookahead_not_completed,pair_available_history;verify_exact_regime_window_before_run
SMAOffset_Hippocritical_dca_leverage,futures_long,SMAOffset_Hippocritical_dca_leverage:3e0741aa6ef0,repos/TheoBrigitte_freqtrade/strategies/smas/dry-run/2025-01-29/SMAOffset_Hippocritical_dca_leverage.py,original,,not_applicable,strategy,true,18,runtime_smoke,spot;futures,NA,FOUND,missing,historical_spot_not_inherited,,drift_measured,0,PASS,policy=1;mode=futures;timeframe=5m;complete=8/8;availability_limited=0;sync_gaps=0;pair_gaps=0;aux_failures=0;duplicates=0,false,ineligible,recursive_bias_found,lookahead_not_completed;futures_mode_bias_diagnostics_not_completed,pair_available_history;verify_exact_regime_window_before_run
StarRise,spot_long,StarRise:3318e8714e28,repos/TheoBrigitte_freqtrade/strategies/starrise/StarRise.py,original,,not_applicable,strategy,true,220,historical_ledger,spot,NA,FOUND,missing,historical_spot,,drift_measured,0,PASS,policy=1;mode=spot;timeframe=5m;complete=8/8;availability_limited=1;sync_gaps=13;pair_gaps=0;aux_failures=0;duplicates=0,false,ineligible,recursive_bias_found,lookahead_not_completed,pair_available_history;verify_exact_regime_window_before_run
StarRise_strat,spot_long,StarRise_strat:dcb6b2744fc0,repos/TheoBrigitte_freqtrade/strategies/starrise/StarRise_V2.py,original,,not_applicable,strategy,true,255,historical_ledger,spot,NA,FOUND,missing,historical_spot,,drift_measured,0,PASS,policy=1;mode=spot;timeframe=5m;complete=8/8;availability_limited=1;sync_gaps=13;pair_gaps=0;aux_failures=0;duplicates=0,false,ineligible,recursive_bias_found,lookahead_not_completed,pair_available_history;verify_exact_regime_window_before_run
StarRise_strat3,spot_long,StarRise_strat3:2cad4ff2351c,repos/TheoBrigitte_freqtrade/strategies/starrise/StarRise_V3.py,original,,not_applicable,strategy,true,1261,historical_ledger,spot,FOUND,FOUND,historical_spot,historical_spot,,drift_measured,0,PASS,policy=1;mode=spot;timeframe=5m;complete=8/8;availability_limited=1;sync_gaps=13;pair_gaps=0;aux_failures=0;duplicates=0,false,ineligible,lookahead_found;recursive_bias_found,,pair_available_history;verify_exact_regime_window_before_run
Tank1Modulus,spot_long,Tank1Modulus:a12f5b7e883f,repos/TheoBrigitte_freqtrade/strategies/tank/Tank1Modulus.py,original,,not_applicable,strategy,true,600,historical_ledger,spot,FOUND,FOUND,historical_spot,historical_spot,,drift_measured,0,PASS,policy=1;mode=spot;timeframe=1h;complete=8/8;availability_limited=1;sync_gaps=13;pair_gaps=0;aux_failures=0;duplicates=0,false,ineligible,lookahead_found;recursive_bias_found,,pair_available_history;verify_exact_regime_window_before_run
Tank5ModulusDCA,spot_long,Tank5ModulusDCA:b08e29a5f525,repos/TheoBrigitte_freqtrade/strategies/tank/Tank5ModulusDCA.py,original,,not_applicable,strategy,false,,,,FOUND,FOUND,historical_spot,historical_spot,,drift_measured,0,PASS,policy=1;mode=spot;timeframe=5m;complete=8/8;availability_limited=1;sync_gaps=13;pair_gaps=0;aux_failures=0;duplicates=0,false,ineligible,canonical_implementation_not_measured;lookahead_found;recursive_bias_found,native_mode_not_runtime_validated,pair_available_history;verify_exact_regime_window_before_run
Tank5ModulusDCAV3,spot_long,Tank5ModulusDCAV3:9f8209f6ccd7,repos/TheoBrigitte_freqtrade/strategies/tank/Tank5ModulusDCAV3.py,original,,not_applicable,strategy,false,,,,FOUND,FOUND,historical_spot,historical_spot,,drift_measured,0,PASS,policy=1;mode=spot;timeframe=5m;complete=8/8;availability_limited=1;sync_gaps=13;pair_gaps=0;aux_failures=0;duplicates=0,false,ineligible,canonical_implementation_not_measured;lookahead_found;recursive_bias_found,native_mode_not_runtime_validated,pair_available_history;verify_exact_regime_window_before_run
TrendFollowingStrategy,futures_long_short,TrendFollowingStrategy:5b587371c871,repos/TheoBrigitte_freqtrade/strategies/trendfollowing/TrendFollowingStrategy.py,original,,not_applicable,strategy,true,1029,runtime_smoke,futures,PASS,FOUND,canonical_native,canonical_native,futures,,0,PASS,policy=1;mode=futures;timeframe=5m;complete=8/8;availability_limited=0;sync_gaps=0;pair_gaps=0;aux_failures=0;duplicates=0,false,ineligible,recursive_bias_found,,pair_available_history;verify_exact_regime_window_before_run
new_turtle_roi,spot_long,new_turtle_roi:29ff0b406385,repos/TheoBrigitte_freqtrade/strategies/turtle/new_turtle_roi.py,original,,not_applicable,strategy,false,,,,NA,PASS,missing,historical_spot,,,0,PASS,policy=1;mode=spot;timeframe=1d;complete=8/8;availability_limited=1;sync_gaps=0;pair_gaps=0;aux_failures=0;duplicates=0,false,ineligible,canonical_implementation_not_measured,native_mode_not_runtime_validated;lookahead_not_completed,pair_available_history;verify_exact_regime_window_before_run
twinturboV8,spot_long,twinturboV8:a79e4a960b80,repos/TheoBrigitte_freqtrade/strategies/twinturbov8/twinturboV8.py,original,,not_applicable,strategy,true,131,historical_ledger,spot,NA,FOUND,missing,historical_spot,,drift_measured,0,PASS,policy=1;mode=spot;timeframe=5m;complete=8/8;availability_limited=1;sync_gaps=13;pair_gaps=0;aux_failures=0;duplicates=0,false,ineligible,recursive_bias_found,lookahead_not_completed,pair_available_history;verify_exact_regime_window_before_run
twinturboV8_2,spot_long,twinturboV8_2:5afe4f4cb98c,repos/TheoBrigitte_freqtrade/strategies/twinturbov8/twinturboV8_2.py,original,,not_applicable,strategy,true,119,historical_ledger,spot,NA,FOUND,missing,historical_spot,,drift_measured,0,PASS,policy=1;mode=spot;timeframe=5m;complete=8/8;availability_limited=1;sync_gaps=13;pair_gaps=0;aux_failures=0;duplicates=0,false,ineligible,recursive_bias_found,lookahead_not_completed,pair_available_history;verify_exact_regime_window_before_run
VolatilitySystem,futures_long,VolatilitySystem:d62c96946f4b,repos/TheoBrigitte_freqtrade/strategies/volatility/VolatilitySystem.py,original,,not_applicable,strategy,true,9,runtime_smoke,spot;futures,NA,FOUND,historical_spot_not_inherited,historical_spot_not_inherited,,refused_no_warmup,0,PASS,policy=1;mode=futures;timeframe=1h;complete=8/8;availability_limited=0;sync_gaps=0;pair_gaps=0;aux_failures=0;duplicates=0,false,ineligible,recursive_bias_found,lookahead_not_completed;futures_mode_bias_diagnostics_not_completed,pair_available_history;verify_exact_regime_window_before_run
VolatilitySystemV2,futures_long_short,VolatilitySystemV2:604d9b2fc6e8,repos/TheoBrigitte_freqtrade/strategies/volatility/VolatilitySystemV2.py,original,,not_applicable,strategy,true,24,runtime_smoke,futures,PASS,FOUND,canonical_native,canonical_native,futures,,0,PASS,policy=1;mode=futures;timeframe=1h;complete=8/8;availability_limited=0;sync_gaps=0;pair_gaps=0;aux_failures=0;duplicates=0,false,ineligible,recursive_bias_found,,pair_available_history;verify_exact_regime_window_before_run
TRIWAVE,spot_long,TRIWAVE:3f1564192308,repos/TheoBrigitte_freqtrade/strategies/wave/TRIWAVE.py,original,,not_applicable,strategy,true,3624,historical_ledger,spot,PASS,FOUND,historical_spot,historical_spot,,drift_measured,0,PASS,policy=1;mode=spot;timeframe=15m;complete=8/8;availability_limited=1;sync_gaps=13;pair_gaps=0;aux_failures=0;duplicates=0,false,ineligible,recursive_bias_found,,pair_available_history;verify_exact_regime_window_before_run
dualwave,spot_long,dualwave:21be3f4a214b,repos/TheoBrigitte_freqtrade/strategies/wave/dualwave.py,repaired,class1,strict_equivalent,strategy,true,1767,class1_result_card,spot,NA,NA,missing,missing,,,0,PASS,policy=1;mode=spot;timeframe=15m;complete=8/8;availability_limited=1;sync_gaps=13;pair_gaps=0;aux_failures=0;duplicates=0,false,pending_diagnostics,,lookahead_not_completed;recursive_bias_not_completed,pair_available_history;verify_exact_regime_window_before_run
WTX3,futures_long_short,WTX3:f2b64e9b550c,repos/TheoBrigitte_freqtrade/strategies/wtx3/scalpv3.py,original,,not_applicable,strategy,true,740,runtime_smoke,futures,NA,NA,missing,missing,,,1,PASS,policy=1;mode=futures;timeframe=5m;complete=8/8;availability_limited=0;sync_gaps=0;pair_gaps=0;aux_failures=0;duplicates=0,false,ineligible,technical_trap_found,lookahead_not_completed;recursive_bias_not_completed;futures_mode_bias_diagnostics_not_completed,pair_available_history;verify_exact_regime_window_before_run
simple_patterns,spot_long,simple_patterns:9ee9bae231b2,repos/TheoBrigitte_freqtrade/strategies/yodo/simple_patterns.py,original,,not_applicable,strategy,false,,,,NA,PASS,missing,historical_spot,,,0,PASS,policy=1;mode=spot;timeframe=1m;complete=8/8;availability_limited=1;sync_gaps=13;pair_gaps=0;aux_failures=0;duplicates=0,false,ineligible,canonical_implementation_not_measured,native_mode_not_runtime_validated;lookahead_not_completed,pair_available_history;verify_exact_regime_window_before_run
BinanceStream,spot_long,BinanceStream:d45467113bfd,repos/TomtomEh_freqtrade-websocket/user_data/strategies/BinanceStream.py,original,,not_applicable,strategy,false,,,,NA,PASS,missing,historical_spot,,,0,PENDING,unsupported_or_unknown_profile,false,ineligible,canonical_implementation_not_measured,native_mode_not_runtime_validated;lookahead_not_completed;exact_regime_window_coverage_not_verified,pair_available_history;verify_exact_regime_window_before_run
NWEv6,spot_long,NWEv6:f5a8cb3f37d7,repos/anakein_beastbotXB/working/NWEv6.py,original,,not_applicable,strategy,true,8379,historical_ledger,spot,FOUND,FOUND,historical_spot,historical_spot,,drift_measured,0,PASS,policy=1;mode=spot;timeframe=5m;complete=8/8;availability_limited=1;sync_gaps=13;pair_gaps=0;aux_failures=0;duplicates=0,false,ineligible,lookahead_found;recursive_bias_found,,pair_available_history;verify_exact_regime_window_before_run
NWEv6_new,spot_long,NWEv6_new:643838521ab8,repos/anakein_beastbotXB/working/NWEv6_new.py,original,,not_applicable,strategy,true,8108,historical_ledger,spot,PASS,PASS,historical_spot,historical_spot,,,0,PASS,policy=1;mode=spot;timeframe=3m;complete=8/8;availability_limited=1;sync_gaps=13;pair_gaps=0;aux_failures=0;duplicates=0,true,eligible,,,pair_available_history;verify_exact_regime_window_before_run
chispei,spot_long,chispei:6b4e2cdd6976,repos/botenesp_freqtrade_strategies/chispei.py,original,,not_applicable,strategy,false,,,,NA,NA,missing,missing,,,0,PENDING,unsupported_or_unknown_profile,false,ineligible,canonical_implementation_not_measured,native_mode_not_runtime_validated;lookahead_not_completed;recursive_bias_not_completed;exact_regime_window_coverage_not_verified,pair_available_history;verify_exact_regime_window_before_run
ZaratustraDCA2_07,futures_long_short,ZaratustraDCA2_07:150220a876fd,repos/bustillo_freqtrade-strategies/ZaratustraDCA/ZaratustraDCA2_07.py,original,,not_applicable,strategy,true,219,runtime_smoke,futures,PASS,FOUND,canonical_native,canonical_native,futures,,0,PASS,policy=1;mode=futures;timeframe=5m;complete=8/8;availability_limited=0;sync_gaps=0;pair_gaps=0;aux_failures=0;duplicates=0,false,ineligible,recursive_bias_found,,pair_available_history;verify_exact_regime_window_before_run
ZaratustraDCA5,futures_long_short,ZaratustraDCA5:6dfc2e9a3565,repos/bustillo_freqtrade-strategies/ZaratustraDCA/ZaratustraDCA5.py,original,,not_applicable,strategy,true,233,runtime_smoke,futures,PASS,FOUND,canonical_native,canonical_native,futures,,0,PASS,policy=1;mode=futures;timeframe=5m;complete=8/8;availability_limited=0;sync_gaps=0;pair_gaps=0;aux_failures=0;duplicates=0,false,ineligible,recursive_bias_found,,pair_available_history;verify_exact_regime_window_before_run
NostalgiaForInfinityX4,futures_long,NostalgiaForInfinityX4:1e74882784ff,repos/cyberjunky_freqtrade_strategy/strategies/NostalgiaForInfinityX4.py,original,,not_applicable,strategy,true,0,runtime_smoke,futures,NA,FOUND,missing,historical_spot_not_inherited,,drift_measured,0,PASS,policy=1;mode=futures;timeframe=5m;complete=8/8;availability_limited=0;sync_gaps=0;pair_gaps=0;aux_failures=0;duplicates=0,false,ineligible,recursive_bias_found,zero_trades_in_smoke_requires_full_window;lookahead_not_completed;futures_mode_bias_diagnostics_not_completed,pair_available_history;verify_exact_regime_window_before_run
ADX_15M_USDT2,spot_long,ADX_15M_USDT2:0d171b1a5053,repos/davidzr_freqtrade-strategies/strategies/ADX_15M_USDT2/ADX_15M_USDT2.py,original,,not_applicable,strategy,false,,,,NA,NA,missing,missing,,,0,PENDING,unsupported_or_unknown_profile,false,ineligible,canonical_implementation_not_measured,native_mode_not_runtime_validated;lookahead_not_completed;recursive_bias_not_completed;exact_regime_window_coverage_not_verified,pair_available_history;verify_exact_regime_window_before_run
AlwaysBuy,spot_long,AlwaysBuy:220546dcb09d,repos/davidzr_freqtrade-strategies/strategies/AlwaysBuy/AlwaysBuy.py,original,,not_applicable,strategy,true,32359,historical_ledger,spot,PASS,FOUND,historical_spot,historical_spot,,refused_no_warmup,0,PASS,policy=1;mode=spot;timeframe=5m;complete=8/8;availability_limited=1;sync_gaps=13;pair_gaps=0;aux_failures=0;duplicates=0,false,ineligible,recursive_bias_found,,pair_available_history;verify_exact_regime_window_before_run
BBMod1,spot_long,BBMod1:ff96498aa074,repair/patched/repos/davidzr_freqtrade-strategies/strategies/BBMod1/BBMod1.py,repaired,class2,strict_equivalent,strategy,false,,freqai_result_card,,NA,NA,missing,missing,,,0,PASS,policy=1;mode=spot;timeframe=5m;complete=8/8;availability_limited=1;sync_gaps=13;pair_gaps=0;aux_failures=0;duplicates=0,false,ineligible,canonical_implementation_not_measured,native_mode_not_runtime_validated;lookahead_not_completed;recursive_bias_not_completed,pair_available_history;verify_exact_regime_window_before_run
BBRSI21,spot_long,BBRSI21:906ff2c0fd9a,repos/davidzr_freqtrade-strategies/strategies/BBRSI21/BBRSI21.py,original,,not_applicable,strategy,true,5845,historical_ledger,spot,PASS,FOUND,historical_spot,historical_spot,,refused_no_warmup,0,PASS,policy=1;mode=spot;timeframe=5m;complete=8/8;availability_limited=1;sync_gaps=13;pair_gaps=0;aux_failures=0;duplicates=0,false,ineligible,recursive_bias_found,,pair_available_history;verify_exact_regime_window_before_run
BBRSI2,spot_long,BBRSI2:58f6a2d72a76,repos/davidzr_freqtrade-strategies/strategies/BBRSI2/BBRSI2.py,original,,not_applicable,strategy,true,24422,historical_ledger,spot,PASS,FOUND,historical_spot,historical_spot,,refused_no_warmup,0,PASS,policy=1;mode=spot;timeframe=1m;complete=8/8;availability_limited=1;sync_gaps=13;pair_gaps=0;aux_failures=0;duplicates=0,false,ineligible,recursive_bias_found,,pair_available_history;verify_exact_regime_window_before_run
BBRSI3366,spot_long,BBRSI3366:b03a199248ae,repos/davidzr_freqtrade-strategies/strategies/BBRSI3366/BBRSI3366.py,original,,not_applicable,strategy,true,26873,historical_ledger,spot,PASS,FOUND,historical_spot,historical_spot,,refused_no_warmup,0,PASS,policy=1;mode=spot;timeframe=5m;complete=8/8;availability_limited=1;sync_gaps=13;pair_gaps=0;aux_failures=0;duplicates=0,false,ineligible,recursive_bias_found,,pair_available_history;verify_exact_regime_window_before_run
BBRSI4cust,spot_long,BBRSI4cust:1ad9367b43fb,repos/davidzr_freqtrade-strategies/strategies/BBRSI4cust/BBRSI4cust.py,original,,not_applicable,strategy,true,22886,historical_ledger,spot,PASS,FOUND,historical_spot,historical_spot,,drift_measured,0,PASS,policy=1;mode=spot;timeframe=15m;complete=8/8;availability_limited=1;sync_gaps=13;pair_gaps=0;aux_failures=0;duplicates=0,false,ineligible,recursive_bias_found,,pair_available_history;verify_exact_regime_window_before_run
BBRSINaiveStrategy,spot_long,BBRSINaiveStrategy:8898c71db5cc,repos/davidzr_freqtrade-strategies/strategies/BBRSINaiveStrategy/BBRSINaiveStrategy.py,original,,not_applicable,strategy,true,20022,historical_ledger,spot,PASS,FOUND,historical_spot,historical_spot,,drift_measured,0,PASS,policy=1;mode=spot;timeframe=15m;complete=8/8;availability_limited=1;sync_gaps=13;pair_gaps=0;aux_failures=0;duplicates=0,false,ineligible,recursive_bias_found,,pair_available_history;verify_exact_regime_window_before_run
BBRSIOptim2020Strategy,spot_long,BBRSIOptim2020Strategy:81bc9ab8f74d,repos/davidzr_freqtrade-strategies/strategies/BBRSIOptim2020Strategy/BBRSIOptim2020Strategy.py,original,,not_applicable,strategy,true,34955,historical_ledger,spot,PASS,FOUND,historical_spot,historical_spot,,drift_measured,0,PASS,policy=1;mode=spot;timeframe=5m;complete=8/8;availability_limited=1;sync_gaps=13;pair_gaps=0;aux_failures=0;duplicates=0,false,ineligible,recursive_bias_found,,pair_available_history;verify_exact_regime_window_before_run
BBRSIOptimStrategy,spot_long,BBRSIOptimStrategy:142c7cfcde66,repos/davidzr_freqtrade-strategies/strategies/BBRSIOptimStrategy/BBRSIOptimStrategy.py,original,,not_applicable,strategy,true,10697,historical_ledger,spot,PASS,FOUND,historical_spot,historical_spot,,drift_measured,0,PASS,policy=1;mode=spot;timeframe=5m;complete=8/8;availability_limited=1;sync_gaps=13;pair_gaps=0;aux_failures=0;duplicates=0,false,ineligible,recursive_bias_found,,pair_available_history;verify_exact_regime_window_before_run
BBRSIS,spot_long,BBRSIS:9cbc9ac5b110,repair/patched/repos/davidzr_freqtrade-strategies/strategies/BBRSIS/BBRSIS.py,repaired,class2,strict_equivalent,strategy,false,,freqai_result_card,,NA,NA,missing,missing,,,0,PENDING,unsupported_or_unknown_profile,false,ineligible,canonical_implementation_not_measured,native_mode_not_runtime_validated;lookahead_not_completed;recursive_bias_not_completed;exact_regime_window_coverage_not_verified,pair_available_history;verify_exact_regime_window_before_run
BBRSIStrategy,spot_long,BBRSIStrategy:cea3ffb8eacd,repos/davidzr_freqtrade-strategies/strategies/BBRSIStrategy/BBRSIStrategy.py,original,,not_applicable,strategy,true,12330,historical_ledger,spot,PASS,FOUND,historical_spot,historical_spot,,drift_measured,0,PASS,policy=1;mode=spot;timeframe=15m;complete=8/8;availability_limited=1;sync_gaps=13;pair_gaps=0;aux_failures=0;duplicates=0,false,ineligible,recursive_bias_found,,pair_available_history;verify_exact_regime_window_before_run
bbrsi,spot_long,bbrsi:fc5269c71f80,repos/davidzr_freqtrade-strategies/strategies/BBRSI/BBRSI.py,original,,not_applicable,strategy,true,5507,historical_ledger,spot,PASS,FOUND,historical_spot,historical_spot,,drift_measured,0,PASS,policy=1;mode=spot;timeframe=4h;complete=8/8;availability_limited=1;sync_gaps=0;pair_gaps=0;aux_failures=0;duplicates=0,false,ineligible,recursive_bias_found,,pair_available_history;verify_exact_regime_window_before_run
BBRSIoriginal,spot_long,BBRSIoriginal:0b7f8f86963f,repos/davidzr_freqtrade-strategies/strategies/BBRSIoriginal/BBRSIoriginal.py,original,,not_applicable,strategy,false,,,,NA,NA,missing,missing,,,0,PENDING,unsupported_or_unknown_profile,false,ineligible,canonical_implementation_not_measured,native_mode_not_runtime_validated;lookahead_not_completed;recursive_bias_not_completed;exact_regime_window_coverage_not_verified,pair_available_history;verify_exact_regime_window_before_run
BBRSIv2,spot_long,BBRSIv2:35ae832a0782,repos/davidzr_freqtrade-strategies/strategies/BBRSIv2/BBRSIv2.py,original,,not_applicable,strategy,true,584,historical_ledger,spot,PASS,PASS,historical_spot,historical_spot,,,0,PASS,policy=1;mode=spot;timeframe=15m;complete=8/8;availability_limited=1;sync_gaps=13;pair_gaps=0;aux_failures=0;duplicates=0,true,eligible,,,pair_available_history;verify_exact_regime_window_before_run
BB_RPB_TSL_2,spot_long,BB_RPB_TSL_2:8d6f406ddaab,repair/patched/repos/davidzr_freqtrade-strategies/strategies/BB_RPB_TSL_2/BB_RPB_TSL_2.py,repaired,class2,strict_equivalent,strategy,false,,freqai_result_card,,NA,NA,missing,missing,,,0,PASS,policy=1;mode=spot;timeframe=3m;complete=8/8;availability_limited=1;sync_gaps=13;pair_gaps=0;aux_failures=0;duplicates=0,false,ineligible,canonical_implementation_not_measured,native_mode_not_runtime_validated;lookahead_not_completed;recursive_bias_not_completed,pair_available_history;verify_exact_regime_window_before_run
BB_RPB_TSL_RNG_2,spot_long,BB_RPB_TSL_RNG_2:ca91ce1da4c1,repos/davidzr_freqtrade-strategies/strategies/BB_RPB_TSL_RNG_2/BB_RPB_TSL_RNG_2.py,original,,not_applicable,strategy,true,776,historical_ledger,spot,PASS,FOUND,historical_spot,historical_spot,,refused_no_warmup,0,PASS,policy=1;mode=spot;timeframe=5m;complete=8/8;availability_limited=1;sync_gaps=13;pair_gaps=0;aux_failures=0;duplicates=0,false,ineligible,recursive_bias_found,,pair_available_history;verify_exact_regime_window_before_run
BB_RPB_TSL_RNG_VWAP,spot_long,BB_RPB_TSL_RNG_VWAP:983ffa958fda,repos/davidzr_freqtrade-strategies/strategies/BB_RPB_TSL_RNG_VWAP/BB_RPB_TSL_RNG_VWAP.py,original,,not_applicable,strategy,true,1289,historical_ledger,spot,PASS,FOUND,historical_spot,historical_spot,,drift_measured,0,PASS,policy=1;mode=spot;timeframe=5m;complete=8/8;availability_limited=1;sync_gaps=13;pair_gaps=0;aux_failures=0;duplicates=0,false,ineligible,recursive_bias_found,,pair_available_history;verify_exact_regime_window_before_run
BB_RPB_TSL_SMA_Tranz_TB_1_1_1,spot_long,BB_RPB_TSL_SMA_Tranz_TB_1_1_1:d73a9e81d3fb,repair/patched/repos/davidzr_freqtrade-strategies/strategies/BB_RPB_TSL_SMA_Tranz_TB_1_1_1/BB_RPB_TSL_SMA_Tranz_TB_1_1_1.py,repaired,class2,strict_equivalent,strategy,false,,freqai_result_card,,NA,NA,missing,missing,,,0,PASS,policy=1;mode=spot;timeframe=5m;complete=8/8;availability_limited=1;sync_gaps=13;pair_gaps=0;aux_failures=0;duplicates=0,false,ineligible,canonical_implementation_not_measured,native_mode_not_runtime_validated;lookahead_not_completed;recursive_bias_not_completed,pair_available_history;verify_exact_regime_window_before_run
BB_RPB_TSL_SMA_Tranz_TB_MOD,spot_long,BB_RPB_TSL_SMA_Tranz_TB_MOD:89e772462440,repair/patched/repos/davidzr_freqtrade-strategies/strategies/BB_RPB_TSL_SMA_Tranz_TB_MOD/BB_RPB_TSL_SMA_Tranz_TB_MOD.py,repaired,class2,strict_equivalent,strategy,false,,freqai_result_card,,NA,NA,missing,missing,,,0,PASS,policy=1;mode=spot;timeframe=5m;complete=8/8;availability_limited=1;sync_gaps=13;pair_gaps=0;aux_failures=0;duplicates=0,false,ineligible,canonical_implementation_not_measured,native_mode_not_runtime_validated;lookahead_not_completed;recursive_bias_not_completed,pair_available_history;verify_exact_regime_window_before_run
BB_RPB_TSL_Tranz,spot_long,BB_RPB_TSL_Tranz:f3ab5e0e637d,repair/patched/repos/davidzr_freqtrade-strategies/strategies/BB_RPB_TSL_Tranz/BB_RPB_TSL_Tranz.py,repaired,class2,strict_equivalent,strategy,false,,freqai_result_card,,NA,FOUND,missing,historical_spot,,refused_no_warmup,0,PASS,policy=1;mode=spot;timeframe=5m;complete=8/8;availability_limited=1;sync_gaps=13;pair_gaps=0;aux_failures=0;duplicates=0,false,ineligible,canonical_implementation_not_measured;recursive_bias_found,native_mode_not_runtime_validated;lookahead_not_completed,pair_available_history;verify_exact_regime_window_before_run
BB_RPB_TSL_c7c477d_20211030,spot_long,BB_RPB_TSL_c7c477d_20211030:94144d76df36,repos/davidzr_freqtrade-strategies/strategies/BB_RPB_TSL_c7c477d_20211030/BB_RPB_TSL_c7c477d_20211030.py,original,,not_applicable,strategy,true,494,historical_ledger,spot,FOUND,FOUND,historical_spot,historical_spot,,refused_no_warmup,0,PASS,policy=1;mode=spot;timeframe=5m;complete=8/8;availability_limited=1;sync_gaps=13;pair_gaps=0;aux_failures=0;duplicates=0,false,ineligible,lookahead_found;recursive_bias_found,,pair_available_history;verify_exact_regime_window_before_run
BB_RPB_TSLmeneguzzo,spot_long,BB_RPB_TSLmeneguzzo:316241193acc,repair/patched/repos/davidzr_freqtrade-strategies/strategies/BB_RPB_TSLmeneguzzo/BB_RPB_TSLmeneguzzo.py,repaired,class2,strict_equivalent,strategy,false,,freqai_result_card,,NA,FOUND,missing,historical_spot,,refused_no_warmup,0,PASS,policy=1;mode=spot;timeframe=5m;complete=8/8;availability_limited=1;sync_gaps=13;pair_gaps=0;aux_failures=0;duplicates=0,false,ineligible,canonical_implementation_not_measured;recursive_bias_found,native_mode_not_runtime_validated;lookahead_not_completed,pair_available_history;verify_exact_regime_window_before_run
BBlower,spot_long,BBlower:ef24be71cd83,repos/davidzr_freqtrade-strategies/strategies/BBlower/BBlower.py,original,,not_applicable,strategy,true,1790,historical_ledger,spot,PASS,FOUND,historical_spot,historical_spot,,refused_no_warmup,0,PASS,policy=1;mode=spot;timeframe=5m;complete=8/8;availability_limited=1;sync_gaps=13;pair_gaps=0;aux_failures=0;duplicates=0,false,ineligible,recursive_bias_found,,pair_available_history;verify_exact_regime_window_before_run
Babico_SMA5xBBmid,spot_long,Babico_SMA5xBBmid:64846c265b53,repos/davidzr_freqtrade-strategies/strategies/Babico_SMA5xBBmid/Babico_SMA5xBBmid.py,original,,not_applicable,strategy,true,79,historical_ledger,spot,NA,FOUND,missing,historical_spot,,refused_no_warmup,0,PASS,policy=1;mode=spot;timeframe=1d;complete=8/8;availability_limited=1;sync_gaps=0;pair_gaps=0;aux_failures=0;duplicates=0,false,ineligible,recursive_bias_found,lookahead_not_completed,pair_available_history;verify_exact_regime_window_before_run
BigPete,spot_long,BigPete:d27f97d739e5,repos/davidzr_freqtrade-strategies/strategies/BigPete/BigPete.py,original,,not_applicable,strategy,true,17675,historical_ledger,spot,PASS,PASS,historical_spot,historical_spot,,,1,PASS,policy=1;mode=spot;timeframe=5m;complete=8/8;availability_limited=1;sync_gaps=13;pair_gaps=0;aux_failures=0;duplicates=0,false,ineligible,technical_trap_found,,pair_available_history;verify_exact_regime_window_before_run
BigZ0307HO,spot_long,BigZ0307HO:0a71c6f2bd04,repos/davidzr_freqtrade-strategies/strategies/BigZ0307HO/BigZ0307HO.py,repaired,class1,strict_equivalent,strategy,true,10653,class1_result_card,spot,PASS,FOUND,historical_spot,historical_spot,,drift_measured,0,PASS,policy=1;mode=spot;timeframe=5m;complete=8/8;availability_limited=1;sync_gaps=13;pair_gaps=0;aux_failures=0;duplicates=0,false,ineligible,recursive_bias_found,,pair_available_history;verify_exact_regime_window_before_run
BigZ03HO,spot_long,BigZ03HO:69198df9bcc9,repos/davidzr_freqtrade-strategies/strategies/BigZ03HO/BigZ03HO.py,repaired,class1,strict_equivalent,strategy,true,7275,class1_result_card,spot,PASS,PASS,historical_spot,historical_spot,,,0,PASS,policy=1;mode=spot;timeframe=5m;complete=8/8;availability_limited=1;sync_gaps=13;pair_gaps=0;aux_failures=0;duplicates=0,true,eligible,,,pair_available_history;verify_exact_regime_window_before_run
BigZ03,spot_long,BigZ03:cf4f30a01aa6,repos/davidzr_freqtrade-strategies/strategies/BigZ03/BigZ03.py,original,,not_applicable,strategy,true,925,historical_ledger,spot,PASS,PASS,historical_spot,historical_spot,,,0,PASS,policy=1;mode=spot;timeframe=5m;complete=8/8;availability_limited=1;sync_gaps=13;pair_gaps=0;aux_failures=0;duplicates=0,true,eligible,,,pair_available_history;verify_exact_regime_window_before_run
BigZ0407HO,spot_long,BigZ0407HO:d5d4fc34118e,repos/davidzr_freqtrade-strategies/strategies/BigZ0407HO/BigZ0407HO.py,original,,not_applicable,strategy,true,1122,historical_ledger,spot,PASS,FOUND,historical_spot,historical_spot,,drift_measured,0,PASS,policy=1;mode=spot;timeframe=5m;complete=8/8;availability_limited=1;sync_gaps=13;pair_gaps=0;aux_failures=0;duplicates=0,false,ineligible,recursive_bias_found,,pair_available_history;verify_exact_regime_window_before_run
BigZ0407,spot_long,BigZ0407:2859a48563dc,repos/davidzr_freqtrade-strategies/strategies/BigZ0407/BigZ0407.py,original,,not_applicable,strategy,true,1287,historical_ledger,spot,PASS,FOUND,historical_spot,historical_spot,,drift_measured,0,PASS,policy=1;mode=spot;timeframe=5m;complete=8/8;availability_limited=1;sync_gaps=13;pair_gaps=0;aux_failures=0;duplicates=0,false,ineligible,recursive_bias_found,,pair_available_history;verify_exact_regime_window_before_run
BigZ04HO2,spot_long,BigZ04HO2:00125cd82ead,repos/davidzr_freqtrade-strategies/strategies/BigZ04HO2/BigZ04HO2.py,original,,not_applicable,strategy,true,1715,historical_ledger,spot,PASS,FOUND,historical_spot,historical_spot,,drift_measured,0,PASS,policy=1;mode=spot;timeframe=5m;complete=8/8;availability_limited=1;sync_gaps=13;pair_gaps=0;aux_failures=0;duplicates=0,false,ineligible,recursive_bias_found,,pair_available_history;verify_exact_regime_window_before_run
BigZ04HO,spot_long,BigZ04HO:5bd363078661,repos/davidzr_freqtrade-strategies/strategies/BigZ04HO/BigZ04HO.py,original,,not_applicable,strategy,true,1641,historical_ledger,spot,PASS,FOUND,historical_spot,historical_spot,,drift_measured,0,PASS,policy=1;mode=spot;timeframe=5m;complete=8/8;availability_limited=1;sync_gaps=13;pair_gaps=0;aux_failures=0;duplicates=0,false,ineligible,recursive_bias_found,,pair_available_history;verify_exact_regime_window_before_run
BigZ06,spot_long,BigZ06:ebe5bd7ec890,repos/davidzr_freqtrade-strategies/strategies/BigZ06/BigZ06.py,original,,not_applicable,strategy,true,1614,historical_ledger,spot,PASS,FOUND,historical_spot,historical_spot,,drift_measured,0,PASS,policy=1;mode=spot;timeframe=5m;complete=8/8;availability_limited=1;sync_gaps=13;pair_gaps=0;aux_failures=0;duplicates=0,false,ineligible,recursive_bias_found,,pair_available_history;verify_exact_regime_window_before_run
BigZ07Next2,spot_long,BigZ07Next2:bc3b7327678e,repos/davidzr_freqtrade-strategies/strategies/BigZ07Next2/BigZ07Next2.py,original,,not_applicable,strategy,true,1716,historical_ledger,spot,PASS,FOUND,historical_spot,historical_spot,,drift_measured,0,PASS,policy=1;mode=spot;timeframe=5m;complete=8/8;availability_limited=1;sync_gaps=13;pair_gaps=0;aux_failures=0;duplicates=0,false,ineligible,recursive_bias_found,,pair_available_history;verify_exact_regime_window_before_run
BigZ07Next,spot_long,BigZ07Next:a0cf89b2bf09,repos/davidzr_freqtrade-strategies/strategies/BigZ07Next/BigZ07Next.py,original,,not_applicable,strategy,true,1754,historical_ledger,spot,PASS,FOUND,historical_spot,historical_spot,,drift_measured,0,PASS,policy=1;mode=spot;timeframe=5m;complete=8/8;availability_limited=1;sync_gaps=13;pair_gaps=0;aux_failures=0;duplicates=0,false,ineligible,recursive_bias_found,,pair_available_history;verify_exact_regime_window_before_run
BigZ07,spot_long,BigZ07:bf376b0da2ee,repos/davidzr_freqtrade-strategies/strategies/BigZ07/BigZ07.py,original,,not_applicable,strategy,true,1593,historical_ledger,spot,PASS,FOUND,historical_spot,historical_spot,,drift_measured,0,PASS,policy=1;mode=spot;timeframe=5m;complete=8/8;availability_limited=1;sync_gaps=13;pair_gaps=0;aux_failures=0;duplicates=0,false,ineligible,recursive_bias_found,,pair_available_history;verify_exact_regime_window_before_run
BinClucMadV1,spot_long,BinClucMadV1:ee1af5648bed,repos/davidzr_freqtrade-strategies/strategies/BinClucMadV1/BinClucMadV1.py,original,,not_applicable,strategy,true,1164,historical_ledger,spot,PASS,FOUND,historical_spot,historical_spot,,drift_measured,0,PASS,policy=1;mode=spot;timeframe=5m;complete=8/8;availability_limited=1;sync_gaps=13;pair_gaps=0;aux_failures=0;duplicates=0,false,ineligible,recursive_bias_found,,pair_available_history;verify_exact_regime_window_before_run
BinClucMad,spot_long,BinClucMad:e1b3d4cbe60d,repos/davidzr_freqtrade-strategies/strategies/BinClucMad/BinClucMad.py,original,,not_applicable,strategy,true,2517,historical_ledger,spot,PASS,PASS,historical_spot,historical_spot,,,0,PASS,policy=1;mode=spot;timeframe=5m;complete=8/8;availability_limited=1;sync_gaps=13;pair_gaps=0;aux_failures=0;duplicates=0,true,eligible,,,pair_available_history;verify_exact_regime_window_before_run
BuyOnly,spot_long,BuyOnly:d6c39fd69ca2,repos/davidzr_freqtrade-strategies/strategies/BuyOnly/BuyOnly.py,original,,not_applicable,strategy,true,2779,historical_ledger,spot,PASS,FOUND,historical_spot,historical_spot,,drift_measured,0,PASS,policy=1;mode=spot;timeframe=15m;complete=8/8;availability_limited=1;sync_gaps=13;pair_gaps=0;aux_failures=0;duplicates=0,false,ineligible,recursive_bias_found,,pair_available_history;verify_exact_regime_window_before_run
CBPete9,spot_long,CBPete9:590f9240d3b9,repos/davidzr_freqtrade-strategies/strategies/CBPete9/CBPete9.py,original,,not_applicable,strategy,true,2882,historical_ledger,spot,PASS,PASS,historical_spot,historical_spot,,,1,PASS,policy=1;mode=spot;timeframe=5m;complete=8/8;availability_limited=1;sync_gaps=13;pair_gaps=0;aux_failures=0;duplicates=0,false,ineligible,technical_trap_found,,pair_available_history;verify_exact_regime_window_before_run
Cci,spot_long,Cci:8b67ced31386,repos/davidzr_freqtrade-strategies/strategies/Cci/Cci.py,original,,not_applicable,strategy,true,24831,historical_ledger,spot,FOUND,FOUND,historical_spot,historical_spot,,refused_no_warmup,0,PASS,policy=1;mode=spot;timeframe=1m;complete=8/8;availability_limited=1;sync_gaps=13;pair_gaps=0;aux_failures=0;duplicates=0,false,ineligible,lookahead_found;recursive_bias_found,,pair_available_history;verify_exact_regime_window_before_run
Chandem,spot_long,Chandem:ea3340cf291f,repos/davidzr_freqtrade-strategies/strategies/Chandem/Chandem.py,original,,not_applicable,strategy,true,16308,historical_ledger,spot,PASS,FOUND,historical_spot,historical_spot,,refused_no_warmup,0,PASS,policy=1;mode=spot;timeframe=5m;complete=8/8;availability_limited=1;sync_gaps=13;pair_gaps=0;aux_failures=0;duplicates=0,false,ineligible,recursive_bias_found,,pair_available_history;verify_exact_regime_window_before_run
Chandemtwo,spot_long,Chandemtwo:1db6f2e33e51,repos/davidzr_freqtrade-strategies/strategies/Chandemtwo/Chandemtwo.py,original,,not_applicable,strategy,true,18812,historical_ledger,spot,PASS,FOUND,historical_spot,historical_spot,,refused_no_warmup,0,PASS,policy=1;mode=spot;timeframe=5m;complete=8/8;availability_limited=1;sync_gaps=13;pair_gaps=0;aux_failures=0;duplicates=0,false,ineligible,recursive_bias_found,,pair_available_history;verify_exact_regime_window_before_run
Cluc4,spot_long,Cluc4:b1c9929b686d,repos/davidzr_freqtrade-strategies/strategies/Cluc4/Cluc4.py,original,,not_applicable,strategy,true,4881,historical_ledger,spot,PASS,FOUND,historical_spot,historical_spot,,refused_no_warmup,0,PASS,policy=1;mode=spot;timeframe=1m;complete=8/8;availability_limited=1;sync_gaps=13;pair_gaps=0;aux_failures=0;duplicates=0,false,ineligible,recursive_bias_found,,pair_available_history;verify_exact_regime_window_before_run
ClucHAnix_BB_RPB_MOD2_ROI,spot_long,ClucHAnix_BB_RPB_MOD2_ROI:44861487675f,repos/davidzr_freqtrade-strategies/strategies/ClucHAnix_BB_RPB_MOD2_ROI/ClucHAnix_BB_RPB_MOD2_ROI.py,original,,not_applicable,strategy,true,7292,historical_ledger,spot,PASS,FOUND,historical_spot,historical_spot,,drift_measured,0,PASS,policy=1;mode=spot;timeframe=5m;complete=8/8;availability_limited=1;sync_gaps=13;pair_gaps=0;aux_failures=0;duplicates=0,false,ineligible,recursive_bias_found,,pair_available_history;verify_exact_regime_window_before_run
ClucHAnix_BB_RPB_MOD_CTT,spot_long,ClucHAnix_BB_RPB_MOD_CTT:dcb07a609ecf,repos/davidzr_freqtrade-strategies/strategies/ClucHAnix_BB_RPB_MOD_CTT/ClucHAnix_BB_RPB_MOD_CTT.py,original,,not_applicable,strategy,true,6496,historical_ledger,spot,PASS,FOUND,historical_spot,historical_spot,,drift_measured,0,PASS,policy=1;mode=spot;timeframe=5m;complete=8/8;availability_limited=1;sync_gaps=13;pair_gaps=0;aux_failures=0;duplicates=0,false,ineligible,recursive_bias_found,,pair_available_history;verify_exact_regime_window_before_run
ClucHAnix_BB_RPB_MOD_E0V1E_ROI,spot_long,ClucHAnix_BB_RPB_MOD_E0V1E_ROI:e0cd48da619a,repos/davidzr_freqtrade-strategies/strategies/ClucHAnix_BB_RPB_MOD_E0V1E_ROI/ClucHAnix_BB_RPB_MOD_E0V1E_ROI.py,original,,not_applicable,strategy,true,7336,historical_ledger,spot,PASS,FOUND,historical_spot,historical_spot,,drift_measured,0,PASS,policy=1;mode=spot;timeframe=5m;complete=8/8;availability_limited=1;sync_gaps=13;pair_gaps=0;aux_failures=0;duplicates=0,false,ineligible,recursive_bias_found,,pair_available_history;verify_exact_regime_window_before_run
CombinedBinHAndClucHyperV0,spot_long,CombinedBinHAndClucHyperV0:1f9bfbc3e5ea,repos/davidzr_freqtrade-strategies/strategies/CombinedBinHAndClucHyperV0/CombinedBinHAndClucHyperV0.py,original,,not_applicable,strategy,true,4252,historical_ledger,spot,PASS,FOUND,historical_spot,historical_spot,,refused_no_warmup,0,PASS,policy=1;mode=spot;timeframe=1m;complete=8/8;availability_limited=1;sync_gaps=13;pair_gaps=0;aux_failures=0;duplicates=0,false,ineligible,recursive_bias_found,,pair_available_history;verify_exact_regime_window_before_run
CombinedBinHAndClucHyperV3,spot_long,CombinedBinHAndClucHyperV3:82200df31c45,repos/davidzr_freqtrade-strategies/strategies/CombinedBinHAndClucHyperV3/CombinedBinHAndClucHyperV3.py,original,,not_applicable,strategy,true,1810,historical_ledger,spot,PASS,FOUND,historical_spot,historical_spot,,refused_no_warmup,0,PASS,policy=1;mode=spot;timeframe=1m;complete=8/8;availability_limited=1;sync_gaps=13;pair_gaps=0;aux_failures=0;duplicates=0,false,ineligible,recursive_bias_found,,pair_available_history;verify_exact_regime_window_before_run
CombinedBinHAndClucV3,spot_long,CombinedBinHAndClucV3:6b6967456446,repos/davidzr_freqtrade-strategies/strategies/CombinedBinHAndClucV3/CombinedBinHAndClucV3.py,original,,not_applicable,strategy,true,2589,historical_ledger,spot,PASS,PASS,historical_spot,historical_spot,,,0,PASS,policy=1;mode=spot;timeframe=5m;complete=8/8;availability_limited=1;sync_gaps=13;pair_gaps=0;aux_failures=0;duplicates=0,true,eligible,,,pair_available_history;verify_exact_regime_window_before_run
CombinedBinHAndClucV5Hyperoptable,spot_long,CombinedBinHAndClucV5Hyperoptable:965050028fd9,repos/davidzr_freqtrade-strategies/strategies/CombinedBinHAndClucV5Hyperoptable/CombinedBinHAndClucV5Hyperoptable.py,original,,not_applicable,strategy,true,2705,historical_ledger,spot,PASS,FOUND,historical_spot,historical_spot,,drift_measured,0,PASS,policy=1;mode=spot;timeframe=5m;complete=8/8;availability_limited=1;sync_gaps=13;pair_gaps=0;aux_failures=0;duplicates=0,false,ineligible,recursive_bias_found,,pair_available_history;verify_exact_regime_window_before_run
CombinedBinHAndClucV8XHO,spot_long,CombinedBinHAndClucV8XHO:b8c89de71394,repos/davidzr_freqtrade-strategies/strategies/CombinedBinHAndClucV8XHO/CombinedBinHAndClucV8XHO.py,original,,not_applicable,strategy,true,851,historical_ledger,spot,PASS,FOUND,historical_spot,historical_spot,,drift_measured,0,PASS,policy=1;mode=spot;timeframe=5m;complete=8/8;availability_limited=1;sync_gaps=13;pair_gaps=0;aux_failures=0;duplicates=0,false,ineligible,recursive_bias_found,,pair_available_history;verify_exact_regime_window_before_run
CombinedBinHClucAndMADV5,spot_long,CombinedBinHClucAndMADV5:ec954f77cea1,repos/davidzr_freqtrade-strategies/strategies/CombinedBinHClucAndMADV5/CombinedBinHClucAndMADV5.py,original,,not_applicable,strategy,true,1644,historical_ledger,spot,PASS,PASS,historical_spot,historical_spot,,,0,PASS,policy=1;mode=spot;timeframe=5m;complete=8/8;availability_limited=1;sync_gaps=13;pair_gaps=0;aux_failures=0;duplicates=0,true,eligible,,,pair_available_history;verify_exact_regime_window_before_run
Combined_Indicators,spot_long,Combined_Indicators:39dc56f0be05,repos/davidzr_freqtrade-strategies/strategies/Combined_Indicators/Combined_Indicators.py,original,,not_applicable,strategy,true,2969,historical_ledger,spot,PASS,FOUND,historical_spot,historical_spot,,refused_no_warmup,0,PASS,policy=1;mode=spot;timeframe=1m;complete=8/8;availability_limited=1;sync_gaps=13;pair_gaps=0;aux_failures=0;duplicates=0,false,ineligible,recursive_bias_found,,pair_available_history;verify_exact_regime_window_before_run
Combined_NFIv7_SMA_Rallipanos_20210707,spot_long,Combined_NFIv7_SMA_Rallipanos_20210707:7c418bfb6549,repos/davidzr_freqtrade-strategies/strategies/Combined_NFIv7_SMA_Rallipanos_20210707/Combined_NFIv7_SMA_Rallipanos_20210707.py,original,,not_applicable,strategy,true,927,historical_ledger,spot,PASS,FOUND,historical_spot,historical_spot,,drift_measured,0,PASS,policy=1;mode=spot;timeframe=5m;complete=8/8;availability_limited=1;sync_gaps=13;pair_gaps=0;aux_failures=0;duplicates=0,false,ineligible,recursive_bias_found,,pair_available_history;verify_exact_regime_window_before_run
Combined_NFIv7_SMA_bAdBoY_20211204,spot_long,Combined_NFIv7_SMA_bAdBoY_20211204:c74c33844b8c,repos/davidzr_freqtrade-strategies/strategies/Combined_NFIv7_SMA_bAdBoY_20211204/Combined_NFIv7_SMA_bAdBoY_20211204.py,original,,not_applicable,strategy,true,927,historical_ledger,spot,PASS,FOUND,historical_spot,historical_spot,,drift_measured,0,PASS,policy=1;mode=spot;timeframe=5m;complete=8/8;availability_limited=1;sync_gaps=13;pair_gaps=0;aux_failures=0;duplicates=0,false,ineligible,recursive_bias_found,,pair_available_history;verify_exact_regime_window_before_run
DCBBBounce,spot_long,DCBBBounce:8447c7afc409,repos/davidzr_freqtrade-strategies/strategies/DCBBBounce/DCBBBounce.py,repaired,class1,strict_equivalent,strategy,true,136,class1_result_card,spot,NA,PASS,missing,historical_spot,,,0,PASS,policy=1;mode=spot;timeframe=5m;complete=8/8;availability_limited=1;sync_gaps=13;pair_gaps=0;aux_failures=0;duplicates=0,false,pending_diagnostics,,lookahead_not_completed,pair_available_history;verify_exact_regime_window_before_run
DD,spot_long,DD:e952577e6544,repos/davidzr_freqtrade-strategies/strategies/DD/DD.py,original,,not_applicable,strategy,true,32051,historical_ledger,spot,PASS,FOUND,historical_spot,historical_spot,,refused_no_warmup,0,PASS,policy=1;mode=spot;timeframe=5m;complete=8/8;availability_limited=1;sync_gaps=13;pair_gaps=0;aux_failures=0;duplicates=0,false,ineligible,recursive_bias_found,,pair_available_history;verify_exact_regime_window_before_run
EMA50,spot_long,EMA50:d62465f056d7,repos/davidzr_freqtrade-strategies/strategies/EMA50/EMA50.py,repaired,class1,strict_equivalent,strategy,true,5751,class1_result_card,spot,NA,PASS,missing,historical_spot,,,0,PASS,policy=1;mode=spot;timeframe=5m;complete=8/8;availability_limited=1;sync_gaps=13;pair_gaps=0;aux_failures=0;duplicates=0,false,pending_diagnostics,,lookahead_not_completed,pair_available_history;verify_exact_regime_window_before_run
EMA520015_V17,spot_long,EMA520015_V17:a39c1efc229c,repos/davidzr_freqtrade-strategies/strategies/EMA520015_V17/EMA520015_V17.py,original,,not_applicable,strategy,true,8265,historical_ledger,spot,PASS,FOUND,historical_spot,historical_spot,,refused_no_warmup,0,PASS,policy=1;mode=spot;timeframe=4h;complete=8/8;availability_limited=1;sync_gaps=0;pair_gaps=0;aux_failures=0;duplicates=0,false,ineligible,recursive_bias_found,,pair_available_history;verify_exact_regime_window_before_run
EMABBRSI,spot_long,EMABBRSI:ab6bed3c354e,repos/davidzr_freqtrade-strategies/strategies/EMABBRSI/EMABBRSI.py,original,,not_applicable,strategy,false,,,,NA,NA,missing,missing,,,0,PENDING,unsupported_or_unknown_profile,false,ineligible,canonical_implementation_not_measured,native_mode_not_runtime_validated;lookahead_not_completed;recursive_bias_not_completed;exact_regime_window_coverage_not_verified,pair_available_history;verify_exact_regime_window_before_run
EMABreakout,spot_long,EMABreakout:73e717aa307d,repos/davidzr_freqtrade-strategies/strategies/EMABreakout/EMABreakout.py,repaired,class1,strict_equivalent,strategy,true,5734,class1_result_card,spot,NA,PASS,missing,historical_spot,,,0,PASS,policy=1;mode=spot;timeframe=5m;complete=8/8;availability_limited=1;sync_gaps=13;pair_gaps=0;aux_failures=0;duplicates=0,false,pending_diagnostics,,lookahead_not_completed,pair_available_history;verify_exact_regime_window_before_run
EMA_CROSSOVER_STRATEGY,spot_long,EMA_CROSSOVER_STRATEGY:9bffbbf94144,repos/davidzr_freqtrade-strategies/strategies/EMA_CROSSOVER_STRATEGY/EMA_CROSSOVER_STRATEGY.py,original,,not_applicable,strategy,true,26980,historical_ledger,spot,PASS,PASS,historical_spot,historical_spot,,,0,PASS,policy=1;mode=spot;timeframe=5m;complete=8/8;availability_limited=1;sync_gaps=13;pair_gaps=0;aux_failures=0;duplicates=0,true,eligible,,,pair_available_history;verify_exact_regime_window_before_run
EXPERIMENTAL_STRATEGY,spot_long,EXPERIMENTAL_STRATEGY:7f83965a528d,repos/davidzr_freqtrade-strategies/strategies/EXPERIMENTAL_STRATEGY/EXPERIMENTAL_STRATEGY.py,original,,not_applicable,strategy,false,,,,NA,NA,missing,missing,,,0,PENDING,unsupported_or_unknown_profile,false,ineligible,canonical_implementation_not_measured,native_mode_not_runtime_validated;lookahead_not_completed;recursive_bias_not_completed;exact_regime_window_coverage_not_verified,pair_available_history;verify_exact_regime_window_before_run
ElliotV2,spot_long,ElliotV2:64c0944eecd0,repos/davidzr_freqtrade-strategies/strategies/ElliotV2/ElliotV2.py,original,,not_applicable,strategy,true,402,historical_ledger,spot,NA,PASS,missing,historical_spot,,,0,PASS,policy=1;mode=spot;timeframe=5m;complete=8/8;availability_limited=1;sync_gaps=13;pair_gaps=0;aux_failures=0;duplicates=0,false,pending_diagnostics,,lookahead_not_completed,pair_available_history;verify_exact_regime_window_before_run
ElliotV4,spot_long,ElliotV4:b11af78d4a2b,repos/davidzr_freqtrade-strategies/strategies/ElliotV4/ElliotV4.py,original,,not_applicable,strategy,true,915,historical_ledger,spot,NA,FOUND,missing,historical_spot,,drift_measured,0,PASS,policy=1;mode=spot;timeframe=5m;complete=8/8;availability_limited=1;sync_gaps=13;pair_gaps=0;aux_failures=0;duplicates=0,false,ineligible,recursive_bias_found,lookahead_not_completed,pair_available_history;verify_exact_regime_window_before_run
ElliotV531,spot_long,ElliotV531:7bd856258a14,repos/davidzr_freqtrade-strategies/strategies/ElliotV531/ElliotV531.py,original,,not_applicable,strategy,true,887,historical_ledger,spot,NA,FOUND,missing,historical_spot,,drift_measured,0,PASS,policy=1;mode=spot;timeframe=5m;complete=8/8;availability_limited=1;sync_gaps=13;pair_gaps=0;aux_failures=0;duplicates=0,false,ineligible,recursive_bias_found,lookahead_not_completed,pair_available_history;verify_exact_regime_window_before_run
ElliotV5HOMod2,spot_long,ElliotV5HOMod2:0f6b92bbfdb3,repos/davidzr_freqtrade-strategies/strategies/ElliotV5HOMod2/ElliotV5HOMod2.py,original,,not_applicable,strategy,true,494,historical_ledger,spot,NA,FOUND,missing,historical_spot,,drift_measured,0,PASS,policy=1;mode=spot;timeframe=5m;complete=8/8;availability_limited=1;sync_gaps=13;pair_gaps=0;aux_failures=0;duplicates=0,false,ineligible,recursive_bias_found,lookahead_not_completed,pair_available_history;verify_exact_regime_window_before_run
ElliotV5HOMod3,spot_long,ElliotV5HOMod3:280786077322,repos/davidzr_freqtrade-strategies/strategies/ElliotV5HOMod3/ElliotV5HOMod3.py,original,,not_applicable,strategy,true,547,historical_ledger,spot,NA,FOUND,missing,historical_spot,,drift_measured,0,PASS,policy=1;mode=spot;timeframe=5m;complete=8/8;availability_limited=1;sync_gaps=13;pair_gaps=0;aux_failures=0;duplicates=0,false,ineligible,recursive_bias_found,lookahead_not_completed,pair_available_history;verify_exact_regime_window_before_run
ElliotV5HO,spot_long,ElliotV5HO:a2a43d8c7641,repos/davidzr_freqtrade-strategies/strategies/ElliotV5HO/ElliotV5HO.py,original,,not_applicable,strategy,true,810,historical_ledger,spot,NA,FOUND,missing,historical_spot,,drift_measured,0,PASS,policy=1;mode=spot;timeframe=5m;complete=8/8;availability_limited=1;sync_gaps=13;pair_gaps=0;aux_failures=0;duplicates=0,false,ineligible,recursive_bias_found,lookahead_not_completed,pair_available_history;verify_exact_regime_window_before_run
ElliotV8HO,spot_long,ElliotV8HO:395bf5297e93,repos/davidzr_freqtrade-strategies/strategies/ElliotV8HO/ElliotV8HO.py,original,,not_applicable,strategy,true,386,historical_ledger,spot,NA,FOUND,missing,historical_spot,,drift_measured,0,PASS,policy=1;mode=spot;timeframe=5m;complete=8/8;availability_limited=1;sync_gaps=13;pair_gaps=0;aux_failures=0;duplicates=0,false,ineligible,recursive_bias_found,lookahead_not_completed,pair_available_history;verify_exact_regime_window_before_run
ElliotV8_original,spot_long,ElliotV8_original:28e161faff23,repos/davidzr_freqtrade-strategies/strategies/ElliotV8_original/ElliotV8_original.py,original,,not_applicable,strategy,true,596,historical_ledger,spot,NA,FOUND,missing,historical_spot,,drift_measured,1,PASS,policy=1;mode=spot;timeframe=5m;complete=8/8;availability_limited=1;sync_gaps=13;pair_gaps=0;aux_failures=0;duplicates=0,false,ineligible,recursive_bias_found;technical_trap_found,lookahead_not_completed,pair_available_history;verify_exact_regime_window_before_run
Fakebuy,spot_long,Fakebuy:5e07dd92c40c,repos/davidzr_freqtrade-strategies/strategies/Fakebuy/Fakebuy.py,original,,not_applicable,strategy,true,339,historical_ledger,spot,NA,PASS,missing,historical_spot,,,0,PASS,policy=1;mode=spot;timeframe=5m;complete=8/8;availability_limited=1;sync_gaps=13;pair_gaps=0;aux_failures=0;duplicates=0,false,pending_diagnostics,,lookahead_not_completed,pair_available_history;verify_exact_regime_window_before_run
FastSupertrendOpt,spot_long,FastSupertrendOpt:9ffd3a2a9db5,repos/davidzr_freqtrade-strategies/strategies/FastSupertrendOpt/FastSupertrendOpt.py,original,,not_applicable,strategy,false,,,,NA,PASS,missing,historical_spot,,,0,PASS,policy=1;mode=spot;timeframe=1h;complete=8/8;availability_limited=1;sync_gaps=13;pair_gaps=0;aux_failures=0;duplicates=0,false,ineligible,canonical_implementation_not_measured,native_mode_not_runtime_validated;lookahead_not_completed,pair_available_history;verify_exact_regime_window_before_run
FastSupertrend,spot_long,FastSupertrend:e8d6b99f6efa,repos/davidzr_freqtrade-strategies/strategies/FastSupertrend/FastSupertrend.py,original,,not_applicable,strategy,false,,,,NA,PASS,missing,historical_spot,,,0,PASS,policy=1;mode=spot;timeframe=1h;complete=8/8;availability_limited=1;sync_gaps=13;pair_gaps=0;aux_failures=0;duplicates=0,false,ineligible,canonical_implementation_not_measured,native_mode_not_runtime_validated;lookahead_not_completed,pair_available_history;verify_exact_regime_window_before_run
ForexSignal,spot_long,ForexSignal:9af1e2be0a36,repos/davidzr_freqtrade-strategies/strategies/ForexSignal/ForexSignal.py,original,,not_applicable,strategy,true,26316,historical_ledger,spot,PASS,PASS,historical_spot,historical_spot,,,0,PASS,policy=1;mode=spot;timeframe=5m;complete=8/8;availability_limited=1;sync_gaps=13;pair_gaps=0;aux_failures=0;duplicates=0,true,eligible,,,pair_available_history;verify_exact_regime_window_before_run
FrostAuraRandomStrategy,spot_long,FrostAuraRandomStrategy:648e837f4bd1,repos/davidzr_freqtrade-strategies/strategies/FrostAuraRandomStrategy/FrostAuraRandomStrategy.py,original,,not_applicable,strategy,true,5821,historical_ledger,spot,FOUND,FOUND,historical_spot,historical_spot,,drift_measured,0,PASS,policy=1;mode=spot;timeframe=1h;complete=8/8;availability_limited=1;sync_gaps=13;pair_gaps=0;aux_failures=0;duplicates=0,false,ineligible,lookahead_found;recursive_bias_found,,pair_available_history;verify_exact_regime_window_before_run
GodCard,spot_long,GodCard:e06d7d46985c,repos/davidzr_freqtrade-strategies/strategies/GodCard/GodCard.py,original,,not_applicable,strategy,true,476,historical_ledger,spot,PASS,FOUND,historical_spot,historical_spot,,refused_no_warmup,0,PASS,policy=1;mode=spot;timeframe=5m;complete=8/8;availability_limited=1;sync_gaps=13;pair_gaps=0;aux_failures=0;duplicates=0,false,ineligible,recursive_bias_found,,pair_available_history;verify_exact_regime_window_before_run
Guacamole,spot_long,Guacamole:c81793986db6,repos/davidzr_freqtrade-strategies/strategies/Guacamole/Guacamole.py,original,,not_applicable,strategy,false,,,,NA,FOUND,missing,historical_spot,,drift_measured,0,PASS,policy=1;mode=spot;timeframe=5m;complete=8/8;availability_limited=1;sync_gaps=13;pair_gaps=0;aux_failures=0;duplicates=0,false,ineligible,canonical_implementation_not_measured;recursive_bias_found,native_mode_not_runtime_validated;lookahead_not_completed,pair_available_history;verify_exact_regime_window_before_run
Hacklemore2,spot_long,Hacklemore2:c3c19a00ec0c,repos/davidzr_freqtrade-strategies/strategies/Hacklemore2/Hacklemore2.py,repaired,class1,strict_equivalent,strategy,true,643,class1_result_card,spot,NA,FOUND,missing,historical_spot,,refused_no_warmup,0,PASS,policy=1;mode=spot;timeframe=15m;complete=8/8;availability_limited=1;sync_gaps=13;pair_gaps=0;aux_failures=0;duplicates=0,false,ineligible,recursive_bias_found,lookahead_not_completed,pair_available_history;verify_exact_regime_window_before_run
Hacklemore3,spot_long,Hacklemore3:212cb5019466,repos/davidzr_freqtrade-strategies/strategies/Hacklemore3/Hacklemore3.py,repaired,class1,strict_equivalent,strategy,true,34,class1_result_card,spot,NA,FOUND,missing,historical_spot,,refused_no_warmup,0,PASS,policy=1;mode=spot;timeframe=5m;complete=8/8;availability_limited=1;sync_gaps=13;pair_gaps=0;aux_failures=0;duplicates=0,false,ineligible,recursive_bias_found,lookahead_not_completed,pair_available_history;verify_exact_regime_window_before_run
INSIDEUP,spot_long,INSIDEUP:2dabf714aff9,repos/davidzr_freqtrade-strategies/strategies/INSIDEUP/INSIDEUP.py,original,,not_applicable,strategy,true,554,historical_ledger,spot,NA,FOUND,missing,historical_spot,,refused_no_warmup,0,PASS,policy=1;mode=spot;timeframe=1d;complete=8/8;availability_limited=1;sync_gaps=0;pair_gaps=0;aux_failures=0;duplicates=0,false,ineligible,recursive_bias_found,lookahead_not_completed,pair_available_history;verify_exact_regime_window_before_run
KC_BB,spot_long,KC_BB:0b4818db5d7a,repos/davidzr_freqtrade-strategies/strategies/KC_BB/KC_BB.py,original,,not_applicable,strategy,true,695,historical_ledger,spot,PASS,FOUND,historical_spot,historical_spot,,refused_no_warmup,0,PASS,policy=1;mode=spot;timeframe=5m;complete=8/8;availability_limited=1;sync_gaps=13;pair_gaps=0;aux_failures=0;duplicates=0,false,ineligible,recursive_bias_found,,pair_available_history;verify_exact_regime_window_before_run
Kamaflage,spot_long,Kamaflage:7bbb3db17a36,repos/davidzr_freqtrade-strategies/strategies/Kamaflage/Kamaflage.py,original,,not_applicable,strategy,false,,,,NA,FOUND,missing,historical_spot,,drift_measured,0,PASS,policy=1;mode=spot;timeframe=5m;complete=8/8;availability_limited=1;sync_gaps=13;pair_gaps=0;aux_failures=0;duplicates=0,false,ineligible,canonical_implementation_not_measured;recursive_bias_found,native_mode_not_runtime_validated;lookahead_not_completed,pair_available_history;verify_exact_regime_window_before_run
Leveraged,spot_long,Leveraged:3f9091652d01,repos/davidzr_freqtrade-strategies/strategies/Leveraged/Leveraged.py,original,,not_applicable,strategy,true,29825,historical_ledger,spot,FOUND,FOUND,historical_spot,historical_spot,,refused_no_warmup,0,PASS,policy=1;mode=spot;timeframe=5m;complete=8/8;availability_limited=1;sync_gaps=13;pair_gaps=0;aux_failures=0;duplicates=0,false,ineligible,lookahead_found;recursive_bias_found,,pair_available_history;verify_exact_regime_window_before_run
LookaheadStrategy,spot_long,LookaheadStrategy:a34df9abb5ef,repos/davidzr_freqtrade-strategies/strategies/LookaheadStrategy/LookaheadStrategy.py,original,,not_applicable,strategy,true,3624,historical_ledger,spot,FOUND,FOUND,historical_spot,historical_spot,,refused_no_warmup,0,PASS,policy=1;mode=spot;timeframe=5m;complete=8/8;availability_limited=1;sync_gaps=13;pair_gaps=0;aux_failures=0;duplicates=0,false,ineligible,lookahead_found;recursive_bias_found,,pair_available_history;verify_exact_regime_window_before_run
Maro4hMacdSd,spot_long,Maro4hMacdSd:114c6ed905e4,repos/davidzr_freqtrade-strategies/strategies/Maro4hMacdSd/Maro4hMacdSd.py,original,,not_applicable,strategy,true,30492,historical_ledger,spot,PASS,FOUND,historical_spot,historical_spot,,refused_no_warmup,0,PASS,policy=1;mode=spot;timeframe=5m;complete=8/8;availability_limited=1;sync_gaps=13;pair_gaps=0;aux_failures=0;duplicates=0,false,ineligible,recursive_bias_found,,pair_available_history;verify_exact_regime_window_before_run
MomStrategy,spot_long,MomStrategy:2da571c15eac,repos/davidzr_freqtrade-strategies/strategies/MomStrategy/MomStrategy.py,original,,not_applicable,strategy,true,21607,historical_ledger,spot,PASS,FOUND,historical_spot,historical_spot,,refused_no_warmup,0,PASS,policy=1;mode=spot;timeframe=1h;complete=8/8;availability_limited=1;sync_gaps=13;pair_gaps=0;aux_failures=0;duplicates=0,false,ineligible,recursive_bias_found,,pair_available_history;verify_exact_regime_window_before_run
Momentumv2,spot_long,Momentumv2:4dc364758715,repos/davidzr_freqtrade-strategies/strategies/Momentumv2/Momentumv2.py,original,,not_applicable,strategy,true,2263,historical_ledger,spot,PASS,FOUND,historical_spot,historical_spot,,drift_measured,0,PASS,policy=1;mode=spot;timeframe=4h;complete=8/8;availability_limited=1;sync_gaps=0;pair_gaps=0;aux_failures=0;duplicates=0,false,ineligible,recursive_bias_found,,pair_available_history;verify_exact_regime_window_before_run
MostOfAll,spot_long,MostOfAll:97ce2cc284d8,repos/davidzr_freqtrade-strategies/strategies/MostOfAll/MostOfAll.py,original,,not_applicable,strategy,false,,,,NA,PASS,missing,historical_spot,,,0,PASS,policy=1;mode=spot;timeframe=5m;complete=8/8;availability_limited=1;sync_gaps=13;pair_gaps=0;aux_failures=0;duplicates=0,false,ineligible,canonical_implementation_not_measured,native_mode_not_runtime_validated;lookahead_not_completed,pair_available_history;verify_exact_regime_window_before_run
MultiMA_TSL3_Mod,spot_long,MultiMA_TSL3_Mod:cea14adc1afc,repair/patched/repos/davidzr_freqtrade-strategies/strategies/MultiMA_TSL3_Mod/MultiMA_TSL3_Mod.py,repaired,class2,strict_equivalent,strategy,false,,freqai_result_card,,NA,NA,missing,missing,,,0,PASS,policy=1;mode=spot;timeframe=5m;complete=8/8;availability_limited=1;sync_gaps=13;pair_gaps=0;aux_failures=0;duplicates=0,false,ineligible,canonical_implementation_not_measured,native_mode_not_runtime_validated;lookahead_not_completed;recursive_bias_not_completed,pair_available_history;verify_exact_regime_window_before_run
NASOSv5_mod1_DanMod,spot_long,NASOSv5_mod1_DanMod:152ff41e17f9,repos/davidzr_freqtrade-strategies/strategies/NASOSv5_mod1_DanMod/NASOSv5_mod1_DanMod.py,original,,not_applicable,strategy,true,396,historical_ledger,spot,NA,FOUND,missing,historical_spot,,drift_measured,1,PASS,policy=1;mode=spot;timeframe=5m;complete=8/8;availability_limited=1;sync_gaps=13;pair_gaps=0;aux_failures=0;duplicates=0,false,ineligible,recursive_bias_found;technical_trap_found,lookahead_not_completed,pair_available_history;verify_exact_regime_window_before_run
NFI47V2,spot_long,NFI47V2:cdc5771d7460,repos/davidzr_freqtrade-strategies/strategies/NFI47V2/NFI47V2.py,original,,not_applicable,strategy,true,524,historical_ledger,spot,PASS,FOUND,historical_spot,historical_spot,,drift_measured,0,PASS,policy=1;mode=spot;timeframe=5m;complete=8/8;availability_limited=1;sync_gaps=13;pair_gaps=0;aux_failures=0;duplicates=0,false,ineligible,recursive_bias_found,,pair_available_history;verify_exact_regime_window_before_run
NFI5MOHO2,spot_long,NFI5MOHO2:977cb72948c8,repos/davidzr_freqtrade-strategies/strategies/NFI5MOHO2/NFI5MOHO2.py,original,,not_applicable,strategy,true,1436,historical_ledger,spot,PASS,FOUND,historical_spot,historical_spot,,drift_measured,0,PASS,policy=1;mode=spot;timeframe=5m;complete=8/8;availability_limited=1;sync_gaps=13;pair_gaps=0;aux_failures=0;duplicates=0,false,ineligible,recursive_bias_found,,pair_available_history;verify_exact_regime_window_before_run
NFI5MOHO_WIP_1,spot_long,NFI5MOHO_WIP_1:6244afe97ccb,repos/davidzr_freqtrade-strategies/strategies/NFI5MOHO_WIP_1/NFI5MOHO_WIP_1.py,original,,not_applicable,strategy,true,976,historical_ledger,spot,PASS,FOUND,historical_spot,historical_spot,,drift_measured,0,PASS,policy=1;mode=spot;timeframe=5m;complete=8/8;availability_limited=1;sync_gaps=13;pair_gaps=0;aux_failures=0;duplicates=0,false,ineligible,recursive_bias_found,,pair_available_history;verify_exact_regime_window_before_run
NFI5MOHO_WIP_2,spot_long,NFI5MOHO_WIP_2:002b036116e7,repos/davidzr_freqtrade-strategies/strategies/NFI5MOHO_WIP_2/NFI5MOHO_WIP_2.py,original,,not_applicable,strategy,true,988,historical_ledger,spot,PASS,FOUND,historical_spot,historical_spot,,drift_measured,0,PASS,policy=1;mode=spot;timeframe=5m;complete=8/8;availability_limited=1;sync_gaps=13;pair_gaps=0;aux_failures=0;duplicates=0,false,ineligible,recursive_bias_found,,pair_available_history;verify_exact_regime_window_before_run
NFI7MOHO,spot_long,NFI7MOHO:fd4b8fbca942,repos/davidzr_freqtrade-strategies/strategies/NFI7MOHO/NFI7MOHO.py,original,,not_applicable,strategy,true,1966,historical_ledger,spot,PASS,FOUND,historical_spot,historical_spot,,drift_measured,0,PASS,policy=1;mode=spot;timeframe=5m;complete=8/8;availability_limited=1;sync_gaps=13;pair_gaps=0;aux_failures=0;duplicates=0,false,ineligible,recursive_bias_found,,pair_available_history;verify_exact_regime_window_before_run
NFINextMOHO2,spot_long,NFINextMOHO2:7aef4cd632c1,repos/davidzr_freqtrade-strategies/strategies/NFINextMOHO2/NFINextMOHO2.py,original,,not_applicable,strategy,true,1784,historical_ledger,spot,PASS,FOUND,historical_spot,historical_spot,,drift_measured,0,PASS,policy=1;mode=spot;timeframe=5m;complete=8/8;availability_limited=1;sync_gaps=13;pair_gaps=0;aux_failures=0;duplicates=0,false,ineligible,recursive_bias_found,,pair_available_history;verify_exact_regime_window_before_run
NFINextMOHO,spot_long,NFINextMOHO:27d42963533f,repos/davidzr_freqtrade-strategies/strategies/NFINextMOHO/NFINextMOHO.py,original,,not_applicable,strategy,true,1442,historical_ledger,spot,PASS,FOUND,historical_spot,historical_spot,,drift_measured,0,PASS,policy=1;mode=spot;timeframe=5m;complete=8/8;availability_limited=1;sync_gaps=13;pair_gaps=0;aux_failures=0;duplicates=0,false,ineligible,recursive_bias_found,,pair_available_history;verify_exact_regime_window_before_run
NFINextMultiOffsetAndHO2,spot_long,NFINextMultiOffsetAndHO2:dad3ad3a80f1,repos/davidzr_freqtrade-strategies/strategies/NFINextMultiOffsetAndHO2/NFINextMultiOffsetAndHO2.py,original,,not_applicable,strategy,true,705,historical_ledger,spot,PASS,FOUND,historical_spot,historical_spot,,drift_measured,0,PASS,policy=1;mode=spot;timeframe=5m;complete=8/8;availability_limited=1;sync_gaps=13;pair_gaps=0;aux_failures=0;duplicates=0,false,ineligible,recursive_bias_found,,pair_available_history;verify_exact_regime_window_before_run
NFINextMultiOffsetAndHO,spot_long,NFINextMultiOffsetAndHO:269d71651c46,repos/davidzr_freqtrade-strategies/strategies/NFINextMultiOffsetAndHO/NFINextMultiOffsetAndHO.py,original,,not_applicable,strategy,true,1094,historical_ledger,spot,PASS,FOUND,historical_spot,historical_spot,,drift_measured,0,PASS,policy=1;mode=spot;timeframe=5m;complete=8/8;availability_limited=1;sync_gaps=13;pair_gaps=0;aux_failures=0;duplicates=0,false,ineligible,recursive_bias_found,,pair_available_history;verify_exact_regime_window_before_run
NFIX_BB_RPB_c7c477d_20211030,spot_long,NFIX_BB_RPB_c7c477d_20211030:c2abd82c15f6,repair/patched/repos/davidzr_freqtrade-strategies/strategies/NFIX_BB_RPB_c7c477d_20211030/NFIX_BB_RPB_c7c477d_20211030.py,repaired,class2,strict_equivalent,strategy,false,,freqai_result_card,,NA,NA,missing,missing,,,0,PASS,policy=1;mode=spot;timeframe=5m;complete=8/8;availability_limited=1;sync_gaps=13;pair_gaps=0;aux_failures=0;duplicates=0,false,ineligible,canonical_implementation_not_measured,native_mode_not_runtime_validated;lookahead_not_completed;recursive_bias_not_completed,pair_available_history;verify_exact_regime_window_before_run
NormalizerStrategy,spot_long,NormalizerStrategy:e5a31fd028be,repos/davidzr_freqtrade-strategies/strategies/NormalizerStrategy/NormalizerStrategy.py,original,,not_applicable,strategy,true,3747,historical_ledger,spot,PASS,FOUND,historical_spot,historical_spot,,drift_measured,0,PASS,policy=1;mode=spot;timeframe=1h;complete=8/8;availability_limited=1;sync_gaps=13;pair_gaps=0;aux_failures=0;duplicates=0,false,ineligible,recursive_bias_found,,pair_available_history;verify_exact_regime_window_before_run
NostalgiaForInfinityNextGen_TSL,spot_long,NostalgiaForInfinityNextGen_TSL:1bcc3ea2ffe9,repos/davidzr_freqtrade-strategies/strategies/NostalgiaForInfinityNextGen_TSL/NostalgiaForInfinityNextGen_TSL.py,original,,not_applicable,strategy,true,138,historical_ledger,spot,NA,FOUND,missing,historical_spot,,drift_measured,0,PASS,policy=1;mode=spot;timeframe=15m;complete=8/8;availability_limited=1;sync_gaps=13;pair_gaps=0;aux_failures=0;duplicates=0,false,ineligible,recursive_bias_found,lookahead_not_completed,pair_available_history;verify_exact_regime_window_before_run
NostalgiaForInfinityNext_maximizer,spot_long,NostalgiaForInfinityNext_maximizer:2180a9341573,repair/patched/repos/davidzr_freqtrade-strategies/strategies/NostalgiaForInfinityNext_maximizer/NostalgiaForInfinityNext_maximizer.py,repaired,class2,strict_equivalent,strategy,false,,freqai_result_card,,NA,NA,missing,missing,,,0,PASS,policy=1;mode=spot;timeframe=5m;complete=8/8;availability_limited=1;sync_gaps=13;pair_gaps=0;aux_failures=0;duplicates=0,false,ineligible,canonical_implementation_not_measured,native_mode_not_runtime_validated;lookahead_not_completed;recursive_bias_not_completed,pair_available_history;verify_exact_regime_window_before_run
NostalgiaForInfinityV6HO,spot_long,NostalgiaForInfinityV6HO:3d156f518f82,repos/davidzr_freqtrade-strategies/strategies/NostalgiaForInfinityV6HO/NostalgiaForInfinityV6HO.py,original,,not_applicable,strategy,true,712,historical_ledger,spot,PASS,FOUND,historical_spot,historical_spot,,drift_measured,0,PASS,policy=1;mode=spot;timeframe=5m;complete=8/8;availability_limited=1;sync_gaps=13;pair_gaps=0;aux_failures=0;duplicates=0,false,ineligible,recursive_bias_found,,pair_available_history;verify_exact_regime_window_before_run
NostalgiaForInfinityV7_7_2,spot_long,NostalgiaForInfinityV7_7_2:781282e40e4f,repair/patched/repos/davidzr_freqtrade-strategies/strategies/NostalgiaForInfinityV7_7_2/NostalgiaForInfinityV7_7_2.py,repaired,class2,strict_equivalent,strategy,false,,freqai_result_card,,NA,NA,missing,missing,,,0,PASS,policy=1;mode=spot;timeframe=5m;complete=8/8;availability_limited=1;sync_gaps=13;pair_gaps=0;aux_failures=0;duplicates=0,false,ineligible,canonical_implementation_not_measured,native_mode_not_runtime_validated;lookahead_not_completed;recursive_bias_not_completed,pair_available_history;verify_exact_regime_window_before_run
NotAnotherSMAOffsetStrategyModHO_LamineDz_20210901,spot_long,NotAnotherSMAOffsetStrategyModHO_LamineDz_20210901:f2afff904645,repos/davidzr_freqtrade-strategies/strategies/NotAnotherSMAOffsetStrategyModHO_LamineDz_20210901/NotAnotherSMAOffsetStrategyModHO_LamineDz_20210901.py,original,,not_applicable,strategy,true,1143,historical_ledger,spot,NA,FOUND,missing,historical_spot,,drift_measured,0,PASS,policy=1;mode=spot;timeframe=5m;complete=8/8;availability_limited=1;sync_gaps=13;pair_gaps=0;aux_failures=0;duplicates=0,false,ineligible,recursive_bias_found,lookahead_not_completed,pair_available_history;verify_exact_regime_window_before_run
ONUR,spot_long,ONUR:9f8513da455c,repos/davidzr_freqtrade-strategies/strategies/ONUR/ONUR.py,original,,not_applicable,strategy,true,534,historical_ledger,spot,PASS,FOUND,historical_spot,historical_spot,,refused_no_warmup,0,PASS,policy=1;mode=spot;timeframe=15m;complete=8/8;availability_limited=1;sync_gaps=13;pair_gaps=0;aux_failures=0;duplicates=0,false,ineligible,recursive_bias_found,,pair_available_history;verify_exact_regime_window_before_run
PumpDetector,spot_long,PumpDetector:ff86bb0709fa,repos/davidzr_freqtrade-strategies/strategies/PumpDetector/PumpDetector.py,original,,not_applicable,strategy,true,32258,historical_ledger,spot,PASS,FOUND,historical_spot,historical_spot,,drift_measured,0,PASS,policy=1;mode=spot;timeframe=5m;complete=8/8;availability_limited=1;sync_gaps=13;pair_gaps=0;aux_failures=0;duplicates=0,false,ineligible,recursive_bias_found,,pair_available_history;verify_exact_regime_window_before_run
RSIBB02,spot_long,RSIBB02:e5b7372b0519,repos/davidzr_freqtrade-strategies/strategies/RSIBB02/RSIBB02.py,original,,not_applicable,strategy,false,,,,NA,NA,missing,missing,,,0,PENDING,unsupported_or_unknown_profile,false,ineligible,canonical_implementation_not_measured,native_mode_not_runtime_validated;lookahead_not_completed;recursive_bias_not_completed;exact_regime_window_coverage_not_verified,pair_available_history;verify_exact_regime_window_before_run
RSI,spot_long,RSI:acb5e51ca698,repos/davidzr_freqtrade-strategies/strategies/RSI/RSI.py,original,,not_applicable,strategy,true,400,historical_ledger,spot,PASS,FOUND,historical_spot,historical_spot,,refused_no_warmup,0,PASS,policy=1;mode=spot;timeframe=15m;complete=8/8;availability_limited=1;sync_gaps=13;pair_gaps=0;aux_failures=0;duplicates=0,false,ineligible,recursive_bias_found,,pair_available_history;verify_exact_regime_window_before_run
RSIv2,spot_long,RSIv2:8a08859d9d70,repos/davidzr_freqtrade-strategies/strategies/RSIv2/RSIv2.py,original,,not_applicable,strategy,true,5908,historical_ledger,spot,PASS,FOUND,historical_spot,historical_spot,,drift_measured,0,PASS,policy=1;mode=spot;timeframe=15m;complete=8/8;availability_limited=1;sync_gaps=13;pair_gaps=0;aux_failures=0;duplicates=0,false,ineligible,recursive_bias_found,,pair_available_history;verify_exact_regime_window_before_run
RobotradingBody,spot_long,RobotradingBody:57f764a2dd25,repos/davidzr_freqtrade-strategies/strategies/RobotradingBody/RobotradingBody.py,original,,not_applicable,strategy,true,2895,historical_ledger,spot,PASS,PASS,historical_spot,historical_spot,,,0,PASS,policy=1;mode=spot;timeframe=4h;complete=8/8;availability_limited=1;sync_gaps=0;pair_gaps=0;aux_failures=0;duplicates=0,true,eligible,,,pair_available_history;verify_exact_regime_window_before_run
Roth01,spot_long,Roth01:b1564ed8157d,repos/davidzr_freqtrade-strategies/strategies/Roth01/Roth01.py,original,,not_applicable,strategy,true,12346,historical_ledger,spot,PASS,FOUND,historical_spot,historical_spot,,refused_no_warmup,0,PASS,policy=1;mode=spot;timeframe=5m;complete=8/8;availability_limited=1;sync_gaps=13;pair_gaps=0;aux_failures=0;duplicates=0,false,ineligible,recursive_bias_found,,pair_available_history;verify_exact_regime_window_before_run
Roth03,spot_long,Roth03:8b36f446c9d8,repos/davidzr_freqtrade-strategies/strategies/Roth03/Roth03.py,original,,not_applicable,strategy,true,3509,historical_ledger,spot,PASS,FOUND,historical_spot,historical_spot,,refused_no_warmup,0,PASS,policy=1;mode=spot;timeframe=5m;complete=8/8;availability_limited=1;sync_gaps=13;pair_gaps=0;aux_failures=0;duplicates=0,false,ineligible,recursive_bias_found,,pair_available_history;verify_exact_regime_window_before_run
SMAIP3,spot_long,SMAIP3:34e0c7bf0672,repos/davidzr_freqtrade-strategies/strategies/SMAIP3/SMAIP3.py,original,,not_applicable,strategy,true,364,historical_ledger,spot,NA,PASS,missing,historical_spot,,,0,PASS,policy=1;mode=spot;timeframe=5m;complete=8/8;availability_limited=1;sync_gaps=13;pair_gaps=0;aux_failures=0;duplicates=0,false,pending_diagnostics,,lookahead_not_completed,pair_available_history;verify_exact_regime_window_before_run
SMAOffsetProtectOptV1Mod,spot_long,SMAOffsetProtectOptV1Mod:f874a4f36d92,repos/davidzr_freqtrade-strategies/strategies/SMAOffsetProtectOptV1Mod/SMAOffsetProtectOptV1Mod.py,original,,not_applicable,strategy,true,202,historical_ledger,spot,NA,FOUND,missing,historical_spot,,drift_measured,0,PASS,policy=1;mode=spot;timeframe=5m;complete=8/8;availability_limited=1;sync_gaps=13;pair_gaps=0;aux_failures=0;duplicates=0,false,ineligible,recursive_bias_found,lookahead_not_completed,pair_available_history;verify_exact_regime_window_before_run
SMAOffsetProtectOptV1_kkeue_20210619,spot_long,SMAOffsetProtectOptV1_kkeue_20210619:c249346c21dc,repos/davidzr_freqtrade-strategies/strategies/SMAOffsetProtectOptV1_kkeue_20210619/SMAOffsetProtectOptV1_kkeue_20210619.py,original,,not_applicable,strategy,true,206,historical_ledger,spot,NA,FOUND,missing,historical_spot,,drift_measured,0,PASS,policy=1;mode=spot;timeframe=5m;complete=8/8;availability_limited=1;sync_gaps=13;pair_gaps=0;aux_failures=0;duplicates=0,false,ineligible,recursive_bias_found,lookahead_not_completed,pair_available_history;verify_exact_regime_window_before_run
SMAOffsetProtectOpt,spot_long,SMAOffsetProtectOpt:39e47477b078,repos/davidzr_freqtrade-strategies/strategies/SMAOffsetProtectOpt/SMAOffsetProtectOpt.py,original,,not_applicable,strategy,true,181,historical_ledger,spot,NA,FOUND,missing,historical_spot,,drift_measured,0,PASS,policy=1;mode=spot;timeframe=5m;complete=8/8;availability_limited=1;sync_gaps=13;pair_gaps=0;aux_failures=0;duplicates=0,false,ineligible,recursive_bias_found,lookahead_not_completed,pair_available_history;verify_exact_regime_window_before_run
SMA_BBRSI,spot_long,SMA_BBRSI:2672e5c4c247,repos/davidzr_freqtrade-strategies/strategies/SMA_BBRSI/SMA_BBRSI.py,original,,not_applicable,strategy,true,706,historical_ledger,spot,NA,FOUND,missing,historical_spot,,drift_measured,0,PASS,policy=1;mode=spot;timeframe=5m;complete=8/8;availability_limited=1;sync_gaps=13;pair_gaps=0;aux_failures=0;duplicates=0,false,ineligible,recursive_bias_found,lookahead_not_completed,pair_available_history;verify_exact_regime_window_before_run
SRsi,spot_long,SRsi:adafe4db147a,repos/davidzr_freqtrade-strategies/strategies/SRsi/SRsi.py,original,,not_applicable,strategy,true,23768,historical_ledger,spot,PASS,FOUND,historical_spot,historical_spot,,drift_measured,0,PASS,policy=1;mode=spot;timeframe=1m;complete=8/8;availability_limited=1;sync_gaps=13;pair_gaps=0;aux_failures=0;duplicates=0,false,ineligible,recursive_bias_found,,pair_available_history;verify_exact_regime_window_before_run
STRATEGY_RSI_BB_BOUNDS_CROSS,spot_long,STRATEGY_RSI_BB_BOUNDS_CROSS:a0e27aab4db9,repos/davidzr_freqtrade-strategies/strategies/STRATEGY_RSI_BB_BOUNDS_CROSS/STRATEGY_RSI_BB_BOUNDS_CROSS.py,original,,not_applicable,strategy,true,7197,historical_ledger,spot,PASS,FOUND,historical_spot,historical_spot,,drift_measured,0,PASS,policy=1;mode=spot;timeframe=5m;complete=8/8;availability_limited=1;sync_gaps=13;pair_gaps=0;aux_failures=0;duplicates=0,false,ineligible,recursive_bias_found,,pair_available_history;verify_exact_regime_window_before_run
STRATEGY_RSI_BB_CROSS,spot_long,STRATEGY_RSI_BB_CROSS:cdde6f565854,repos/davidzr_freqtrade-strategies/strategies/STRATEGY_RSI_BB_CROSS/STRATEGY_RSI_BB_CROSS.py,original,,not_applicable,strategy,true,16827,historical_ledger,spot,PASS,FOUND,historical_spot,historical_spot,,drift_measured,0,PASS,policy=1;mode=spot;timeframe=5m;complete=8/8;availability_limited=1;sync_gaps=13;pair_gaps=0;aux_failures=0;duplicates=0,false,ineligible,recursive_bias_found,,pair_available_history;verify_exact_regime_window_before_run
SlowPotato,spot_long,SlowPotato:fc15e7ac4e79,repos/davidzr_freqtrade-strategies/strategies/SlowPotato/SlowPotato.py,repaired,class1,strict_equivalent,strategy,true,638,class1_result_card,spot,PASS,FOUND,historical_spot,historical_spot,,refused_no_warmup,0,PASS,policy=1;mode=spot;timeframe=5m;complete=8/8;availability_limited=1;sync_gaps=13;pair_gaps=0;aux_failures=0;duplicates=0,false,ineligible,recursive_bias_found,,pair_available_history;verify_exact_regime_window_before_run
Stavix2,spot_long,Stavix2:64547b0d8bbb,repos/davidzr_freqtrade-strategies/strategies/Stavix2/Stavix2.py,original,,not_applicable,strategy,false,,,,NA,NA,missing,missing,,,0,PENDING,unsupported_or_unknown_profile,false,ineligible,canonical_implementation_not_measured,native_mode_not_runtime_validated;lookahead_not_completed;recursive_bias_not_completed;exact_regime_window_coverage_not_verified,pair_available_history;verify_exact_regime_window_before_run
Strategy001_custom_sell,spot_long,Strategy001_custom_sell:a826f21cc567,repos/davidzr_freqtrade-strategies/strategies/Strategy001_custom_sell/Strategy001_custom_sell.py,original,,not_applicable,strategy,true,17710,historical_ledger,spot,PASS,FOUND,historical_spot,historical_spot,,refused_no_warmup,0,PASS,policy=1;mode=spot;timeframe=5m;complete=8/8;availability_limited=1;sync_gaps=13;pair_gaps=0;aux_failures=0;duplicates=0,false,ineligible,recursive_bias_found,,pair_available_history;verify_exact_regime_window_before_run
StrategyScalpingFast2,spot_long,StrategyScalpingFast2:2db927e231f9,repos/davidzr_freqtrade-strategies/strategies/StrategyScalpingFast2/StrategyScalpingFast2.py,repaired,class1,strict_equivalent,strategy,true,1468,class1_result_card,spot,PASS,FOUND,historical_spot,historical_spot,,refused_no_warmup,0,PASS,policy=1;mode=spot;timeframe=1m;complete=8/8;availability_limited=1;sync_gaps=13;pair_gaps=0;aux_failures=0;duplicates=0,false,ineligible,recursive_bias_found,,pair_available_history;verify_exact_regime_window_before_run
StrategyScalpingFast,spot_long,StrategyScalpingFast:9cedf6bf96ca,repos/davidzr_freqtrade-strategies/strategies/StrategyScalpingFast/StrategyScalpingFast.py,original,,not_applicable,strategy,true,4830,historical_ledger,spot,PASS,FOUND,historical_spot,historical_spot,,drift_measured,0,PASS,policy=1;mode=spot;timeframe=1m;complete=8/8;availability_limited=1;sync_gaps=13;pair_gaps=0;aux_failures=0;duplicates=0,false,ineligible,recursive_bias_found,,pair_available_history;verify_exact_regime_window_before_run
TemaMaster3,spot_long,TemaMaster3:1381bf162ddf,repos/davidzr_freqtrade-strategies/strategies/TemaMaster3/TemaMaster3.py,original,,not_applicable,strategy,true,6058,historical_ledger,spot,PASS,FOUND,historical_spot,historical_spot,,refused_no_warmup,0,PASS,policy=1;mode=spot;timeframe=1m;complete=8/8;availability_limited=1;sync_gaps=13;pair_gaps=0;aux_failures=0;duplicates=0,false,ineligible,recursive_bias_found,,pair_available_history;verify_exact_regime_window_before_run
TemaMaster,spot_long,TemaMaster:14b43e368f1f,repos/davidzr_freqtrade-strategies/strategies/TemaMaster/TemaMaster.py,original,,not_applicable,strategy,true,6494,historical_ledger,spot,PASS,FOUND,historical_spot,historical_spot,,refused_no_warmup,0,PASS,policy=1;mode=spot;timeframe=5m;complete=8/8;availability_limited=1;sync_gaps=13;pair_gaps=0;aux_failures=0;duplicates=0,false,ineligible,recursive_bias_found,,pair_available_history;verify_exact_regime_window_before_run
TemaPureNeat,spot_long,TemaPureNeat:c76e6d10166b,repos/davidzr_freqtrade-strategies/strategies/TemaPureNeat/TemaPureNeat.py,original,,not_applicable,strategy,true,12402,historical_ledger,spot,PASS,FOUND,historical_spot,historical_spot,,refused_no_warmup,0,PASS,policy=1;mode=spot;timeframe=5m;complete=8/8;availability_limited=1;sync_gaps=13;pair_gaps=0;aux_failures=0;duplicates=0,false,ineligible,recursive_bias_found,,pair_available_history;verify_exact_regime_window_before_run
TemaPureTwo,spot_long,TemaPureTwo:ba20c955f30b,repos/davidzr_freqtrade-strategies/strategies/TemaPureTwo/TemaPureTwo.py,original,,not_applicable,strategy,true,12383,historical_ledger,spot,PASS,FOUND,historical_spot,historical_spot,,refused_no_warmup,0,PASS,policy=1;mode=spot;timeframe=5m;complete=8/8;availability_limited=1;sync_gaps=13;pair_gaps=0;aux_failures=0;duplicates=0,false,ineligible,recursive_bias_found,,pair_available_history;verify_exact_regime_window_before_run
TemaPure,spot_long,TemaPure:266bf1f3434c,repos/davidzr_freqtrade-strategies/strategies/TemaPure/TemaPure.py,original,,not_applicable,strategy,true,9651,historical_ledger,spot,PASS,FOUND,historical_spot,historical_spot,,refused_no_warmup,0,PASS,policy=1;mode=spot;timeframe=5m;complete=8/8;availability_limited=1;sync_gaps=13;pair_gaps=0;aux_failures=0;duplicates=0,false,ineligible,recursive_bias_found,,pair_available_history;verify_exact_regime_window_before_run
TenderEnter,spot_long,TenderEnter:bca514ac405a,repos/davidzr_freqtrade-strategies/strategies/TenderEnter/TenderEnter.py,original,,not_applicable,strategy,true,4027,historical_ledger,spot,PASS,PASS,historical_spot,historical_spot,,,0,PASS,policy=1;mode=spot;timeframe=15m;complete=8/8;availability_limited=1;sync_gaps=13;pair_gaps=0;aux_failures=0;duplicates=0,true,eligible,,,pair_available_history;verify_exact_regime_window_before_run
Trend_Strength_Directional,spot_long,Trend_Strength_Directional:cc01382c7410,repos/davidzr_freqtrade-strategies/strategies/Trend_Strength_Directional/Trend_Strength_Directional.py,original,,not_applicable,strategy,true,7684,historical_ledger,spot,PASS,FOUND,historical_spot,historical_spot,,refused_no_warmup,0,PASS,policy=1;mode=spot;timeframe=15m;complete=8/8;availability_limited=1;sync_gaps=13;pair_gaps=0;aux_failures=0;duplicates=0,false,ineligible,recursive_bias_found,,pair_available_history;verify_exact_regime_window_before_run
adaptive,spot_long,adaptive:1ca98646e843,repos/davidzr_freqtrade-strategies/strategies/adaptive/adaptive.py,original,,not_applicable,strategy,true,647,historical_ledger,spot,NA,FOUND,missing,historical_spot,,refused_no_warmup,0,PASS,policy=1;mode=spot;timeframe=5m;complete=8/8;availability_limited=1;sync_gaps=13;pair_gaps=0;aux_failures=0;duplicates=0,false,ineligible,recursive_bias_found,lookahead_not_completed,pair_available_history;verify_exact_regime_window_before_run
adx_opt_strat,spot_long,adx_opt_strat:d6314b2a21f2,repos/davidzr_freqtrade-strategies/strategies/adx_opt_strat/adx_opt_strat.py,original,,not_applicable,strategy,false,,,,NA,NA,missing,missing,,,0,PENDING,unsupported_or_unknown_profile,false,ineligible,canonical_implementation_not_measured,native_mode_not_runtime_validated;lookahead_not_completed;recursive_bias_not_completed;exact_regime_window_coverage_not_verified,pair_available_history;verify_exact_regime_window_before_run
adxbbrsi2,spot_long,adxbbrsi2:6b17c4265c1d,repos/davidzr_freqtrade-strategies/strategies/adxbbrsi2/adxbbrsi2.py,original,,not_applicable,strategy,true,741,historical_ledger,spot,PASS,FOUND,historical_spot,historical_spot,,drift_measured,0,PASS,policy=1;mode=spot;timeframe=1h;complete=8/8;availability_limited=1;sync_gaps=13;pair_gaps=0;aux_failures=0;duplicates=0,false,ineligible,recursive_bias_found,,pair_available_history;verify_exact_regime_window_before_run
bb_rsi_opt_new,spot_long,bb_rsi_opt_new:852bf38b0b9b,repos/davidzr_freqtrade-strategies/strategies/bb_rsi_opt_new/bb_rsi_opt_new.py,original,,not_applicable,strategy,false,,,,NA,NA,missing,missing,,,0,PENDING,unsupported_or_unknown_profile,false,ineligible,canonical_implementation_not_measured,native_mode_not_runtime_validated;lookahead_not_completed;recursive_bias_not_completed;exact_regime_window_coverage_not_verified,pair_available_history;verify_exact_regime_window_before_run
bbema,spot_long,bbema:c9544b955ad0,repos/davidzr_freqtrade-strategies/strategies/bbema/bbema.py,original,,not_applicable,strategy,false,,,,NA,NA,missing,missing,,,0,PENDING,unsupported_or_unknown_profile,false,ineligible,canonical_implementation_not_measured,native_mode_not_runtime_validated;lookahead_not_completed;recursive_bias_not_completed;exact_regime_window_coverage_not_verified,pair_available_history;verify_exact_regime_window_before_run
bbrsi1_strategy,spot_long,bbrsi1_strategy:f3811f9c3f5f,repos/davidzr_freqtrade-strategies/strategies/bbrsi1_strategy/bbrsi1_strategy.py,original,,not_applicable,strategy,false,,,,NA,NA,missing,missing,,,0,PASS,policy=1;mode=spot;timeframe=5m;complete=8/8;availability_limited=1;sync_gaps=13;pair_gaps=0;aux_failures=0;duplicates=0,false,ineligible,canonical_implementation_not_measured,native_mode_not_runtime_validated;lookahead_not_completed;recursive_bias_not_completed,pair_available_history;verify_exact_regime_window_before_run
bbrsi4Freq,spot_long,bbrsi4Freq:1e06a3973825,repos/davidzr_freqtrade-strategies/strategies/bbrsi4Freq/bbrsi4Freq.py,original,,not_applicable,strategy,true,4791,historical_ledger,spot,PASS,FOUND,historical_spot,historical_spot,,drift_measured,0,PASS,policy=1;mode=spot;timeframe=1h;complete=8/8;availability_limited=1;sync_gaps=13;pair_gaps=0;aux_failures=0;duplicates=0,false,ineligible,recursive_bias_found,,pair_available_history;verify_exact_regime_window_before_run
bestV2,spot_long,bestV2:3ae96b72ac7a,repos/davidzr_freqtrade-strategies/strategies/bestV2/bestV2.py,original,,not_applicable,strategy,true,345,historical_ledger,spot,NA,PASS,missing,historical_spot,,,0,PASS,policy=1;mode=spot;timeframe=5m;complete=8/8;availability_limited=1;sync_gaps=13;pair_gaps=0;aux_failures=0;duplicates=0,false,pending_diagnostics,,lookahead_not_completed,pair_available_history;verify_exact_regime_window_before_run
botbaby,spot_long,botbaby:bbcb0677274e,repos/davidzr_freqtrade-strategies/strategies/botbaby/botbaby.py,original,,not_applicable,strategy,true,12338,historical_ledger,spot,PASS,PASS,historical_spot,historical_spot,,,0,PASS,policy=1;mode=spot;timeframe=30m;complete=8/8;availability_limited=1;sync_gaps=13;pair_gaps=0;aux_failures=0;duplicates=0,true,eligible,,,pair_available_history;verify_exact_regime_window_before_run
conny,spot_long,conny:a9c7ea0fbb6c,repos/davidzr_freqtrade-strategies/strategies/conny/conny.py,original,,not_applicable,strategy,true,5825,historical_ledger,spot,PASS,FOUND,historical_spot,historical_spot,,drift_measured,0,PASS,policy=1;mode=spot;timeframe=15m;complete=8/8;availability_limited=1;sync_gaps=13;pair_gaps=0;aux_failures=0;duplicates=0,false,ineligible,recursive_bias_found,,pair_available_history;verify_exact_regime_window_before_run
cryptohassle,spot_long,cryptohassle:217abd28aa5b,repos/davidzr_freqtrade-strategies/strategies/cryptohassle/cryptohassle.py,original,,not_applicable,strategy,false,,,,NA,NA,missing,missing,,,0,PENDING,unsupported_or_unknown_profile,false,ineligible,canonical_implementation_not_measured,native_mode_not_runtime_validated;lookahead_not_completed;recursive_bias_not_completed;exact_regime_window_coverage_not_verified,pair_available_history;verify_exact_regime_window_before_run
custom,spot_long,custom:3db98103885d,repos/davidzr_freqtrade-strategies/strategies/custom/custom.py,original,,not_applicable,strategy,true,20,historical_ledger,spot,NA,FOUND,missing,historical_spot,,drift_measured,0,PASS,policy=1;mode=spot;timeframe=5m;complete=8/8;availability_limited=1;sync_gaps=13;pair_gaps=0;aux_failures=0;duplicates=0,false,ineligible,recursive_bias_found,lookahead_not_completed,pair_available_history;verify_exact_regime_window_before_run
custom_sell,spot_long,custom_sell:67aec064c2a1,repos/davidzr_freqtrade-strategies/strategies/custom_sell/custom_sell.py,original,,not_applicable,strategy,false,,,,NA,PASS,missing,historical_spot,,,0,PASS,policy=1;mode=spot;timeframe=5m;complete=8/8;availability_limited=1;sync_gaps=13;pair_gaps=0;aux_failures=0;duplicates=0,false,ineligible,canonical_implementation_not_measured,native_mode_not_runtime_validated;lookahead_not_completed,pair_available_history;verify_exact_regime_window_before_run
e6v34,spot_long,e6v34:d5a9c0ddb19c,repos/davidzr_freqtrade-strategies/strategies/e6v34/e6v34.py,original,,not_applicable,strategy,true,19447,historical_ledger,spot,PASS,FOUND,historical_spot,historical_spot,,refused_no_warmup,0,PASS,policy=1;mode=spot;timeframe=15m;complete=8/8;availability_limited=1;sync_gaps=13;pair_gaps=0;aux_failures=0;duplicates=0,false,ineligible,recursive_bias_found,,pair_available_history;verify_exact_regime_window_before_run
ema,spot_long,ema:3b862241b944,repos/davidzr_freqtrade-strategies/strategies/ema/ema.py,original,,not_applicable,strategy,true,30806,historical_ledger,spot,PASS,FOUND,historical_spot,historical_spot,,refused_no_warmup,0,PASS,policy=1;mode=spot;timeframe=5m;complete=8/8;availability_limited=1;sync_gaps=13;pair_gaps=0;aux_failures=0;duplicates=0,false,ineligible,recursive_bias_found,,pair_available_history;verify_exact_regime_window_before_run
fahmibah,spot_long,fahmibah:bf0142ffd632,repos/davidzr_freqtrade-strategies/strategies/fahmibah/fahmibah.py,original,,not_applicable,strategy,true,20943,historical_ledger,spot,PASS,PASS,historical_spot,historical_spot,,,0,PASS,policy=1;mode=spot;timeframe=5m;complete=8/8;availability_limited=1;sync_gaps=13;pair_gaps=0;aux_failures=0;duplicates=0,true,eligible,,,pair_available_history;verify_exact_regime_window_before_run
flawless_lambo,spot_long,flawless_lambo:15ce26791269,repos/davidzr_freqtrade-strategies/strategies/flawless_lambo/flawless_lambo.py,original,,not_applicable,strategy,true,4489,historical_ledger,spot,PASS,FOUND,historical_spot,historical_spot,,drift_measured,0,PASS,policy=1;mode=spot;timeframe=15m;complete=8/8;availability_limited=1;sync_gaps=13;pair_gaps=0;aux_failures=0;duplicates=0,false,ineligible,recursive_bias_found,,pair_available_history;verify_exact_regime_window_before_run
ichiV1_Marius,spot_long,ichiV1_Marius:848dd39e115f,repair/patched/repos/davidzr_freqtrade-strategies/strategies/ichiV1_Marius/ichiV1_Marius.py,repaired,class2,strict_equivalent,strategy,false,,freqai_result_card,,NA,NA,missing,missing,,,0,PASS,policy=1;mode=spot;timeframe=5m;complete=8/8;availability_limited=1;sync_gaps=13;pair_gaps=0;aux_failures=0;duplicates=0,false,ineligible,canonical_implementation_not_measured,native_mode_not_runtime_validated;lookahead_not_completed;recursive_bias_not_completed,pair_available_history;verify_exact_regime_window_before_run
keltnerchannel,spot_long,keltnerchannel:75b790e9e1de,repos/davidzr_freqtrade-strategies/strategies/keltnerchannel/keltnerchannel.py,repaired,class1,strict_equivalent,strategy,true,1131,class1_result_card,spot,NA,FOUND,missing,historical_spot,,refused_no_warmup,0,PASS,policy=1;mode=spot;timeframe=6h;complete=8/8;availability_limited=1;sync_gaps=0;pair_gaps=0;aux_failures=0;duplicates=0,false,ineligible,recursive_bias_found,lookahead_not_completed,pair_available_history;verify_exact_regime_window_before_run
MabStra,spot_long,MabStra:63fcdd4567ba,repos/davidzr_freqtrade-strategies/strategies/mabStra/mabStra.py,original,,not_applicable,strategy,true,4303,historical_ledger,spot,PASS,FOUND,historical_spot,historical_spot,,refused_no_warmup,0,PASS,policy=1;mode=spot;timeframe=4h;complete=8/8;availability_limited=1;sync_gaps=0;pair_gaps=0;aux_failures=0;duplicates=0,false,ineligible,recursive_bias_found,,pair_available_history;verify_exact_regime_window_before_run
macd_recovery,spot_long,macd_recovery:54b38b6f58f1,repos/davidzr_freqtrade-strategies/strategies/macd_recovery/macd_recovery.py,original,,not_applicable,strategy,false,,,,NA,NA,missing,missing,,,0,PENDING,unsupported_or_unknown_profile,false,ineligible,canonical_implementation_not_measured,native_mode_not_runtime_validated;lookahead_not_completed;recursive_bias_not_completed;exact_regime_window_coverage_not_verified,pair_available_history;verify_exact_regime_window_before_run
mark_strat,spot_long,mark_strat:d6c7af041c6d,repos/davidzr_freqtrade-strategies/strategies/mark_strat/mark_strat.py,original,,not_applicable,strategy,false,,,,NA,NA,missing,missing,,,0,PENDING,unsupported_or_unknown_profile,false,ineligible,canonical_implementation_not_measured,native_mode_not_runtime_validated;lookahead_not_completed;recursive_bias_not_completed;exact_regime_window_coverage_not_verified,pair_available_history;verify_exact_regime_window_before_run
mark_strat_opt,spot_long,mark_strat_opt:d5eaebf770b8,repos/davidzr_freqtrade-strategies/strategies/mark_strat_opt/mark_strat_opt.py,original,,not_applicable,strategy,false,,,,NA,NA,missing,missing,,,0,PENDING,unsupported_or_unknown_profile,false,ineligible,canonical_implementation_not_measured,native_mode_not_runtime_validated;lookahead_not_completed;recursive_bias_not_completed;exact_regime_window_coverage_not_verified,pair_available_history;verify_exact_regime_window_before_run
quantumfirst,spot_long,quantumfirst:94dedeffe4cf,repos/davidzr_freqtrade-strategies/strategies/quantumfirst/quantumfirst.py,original,,not_applicable,strategy,false,,,,NA,NA,missing,missing,,,0,PENDING,unsupported_or_unknown_profile,false,ineligible,canonical_implementation_not_measured,native_mode_not_runtime_validated;lookahead_not_completed;recursive_bias_not_completed;exact_regime_window_coverage_not_verified,pair_available_history;verify_exact_regime_window_before_run
redditMA,spot_long,redditMA:44ccdf271d56,repos/davidzr_freqtrade-strategies/strategies/redditMA/redditMA.py,original,,not_applicable,strategy,false,,,,NA,NA,missing,missing,,,0,PENDING,unsupported_or_unknown_profile,false,ineligible,canonical_implementation_not_measured,native_mode_not_runtime_validated;lookahead_not_completed;recursive_bias_not_completed;exact_regime_window_coverage_not_verified,pair_available_history;verify_exact_regime_window_before_run
stoploss,spot_long,stoploss:3a2a57482fe4,repos/davidzr_freqtrade-strategies/strategies/stoploss/stoploss.py,original,,not_applicable,strategy,true,12724,historical_ledger,spot,PASS,FOUND,historical_spot,historical_spot,,drift_measured,0,PASS,policy=1;mode=spot;timeframe=5m;complete=8/8;availability_limited=1;sync_gaps=13;pair_gaps=0;aux_failures=0;duplicates=0,false,ineligible,recursive_bias_found,,pair_available_history;verify_exact_regime_window_before_run
stratfib,spot_long,stratfib:c64a1da0ba1a,repos/davidzr_freqtrade-strategies/strategies/stratfib/stratfib.py,original,,not_applicable,strategy,true,10,historical_ledger,spot,NA,FOUND,missing,historical_spot,,drift_measured,0,PASS,policy=1;mode=spot;timeframe=1h;complete=8/8;availability_limited=1;sync_gaps=13;pair_gaps=0;aux_failures=0;duplicates=0,false,ineligible,recursive_bias_found,lookahead_not_completed,pair_available_history;verify_exact_regime_window_before_run
strato,spot_long,strato:f08080997132,repos/davidzr_freqtrade-strategies/strategies/strato/strato.py,original,,not_applicable,strategy,true,24409,historical_ledger,spot,PASS,FOUND,historical_spot,historical_spot,,drift_measured,0,PASS,policy=1;mode=spot;timeframe=1m;complete=8/8;availability_limited=1;sync_gaps=13;pair_gaps=0;aux_failures=0;duplicates=0,false,ineligible,recursive_bias_found,,pair_available_history;verify_exact_regime_window_before_run
wtc,spot_long,wtc:2c6eb18b23dd,repos/davidzr_freqtrade-strategies/strategies/wtc/wtc.py,original,,not_applicable,strategy,true,2240,historical_ledger,spot,FOUND,FOUND,historical_spot,historical_spot,,refused_no_warmup,0,PASS,policy=1;mode=spot;timeframe=30m;complete=8/8;availability_limited=1;sync_gaps=13;pair_gaps=0;aux_failures=0;duplicates=0,false,ineligible,lookahead_found;recursive_bias_found,,pair_available_history;verify_exact_regime_window_before_run
COPY_HL,futures_long,COPY_HL:d0bd7e88717f,repos/djienne_COPY_WALLET_HYPERLIQUID/user_data/strategies/COPY_HL.py,original,,not_applicable,strategy,true,0,runtime_smoke,futures,NA,FOUND,missing,historical_spot_not_inherited,,refused_no_warmup,0,PASS,policy=1;mode=futures;timeframe=1h;complete=8/8;availability_limited=0;sync_gaps=0;pair_gaps=0;aux_failures=0;duplicates=0,false,ineligible,recursive_bias_found,zero_trades_in_smoke_requires_full_window;lookahead_not_completed;futures_mode_bias_diagnostics_not_completed,pair_available_history;verify_exact_regime_window_before_run
BBMod,spot_long,BBMod:20884e322030,repos/eovie_freqtrade_strs/binance/Archive/BBMod.py,original,,not_applicable,strategy,false,,,,NA,FOUND,missing,historical_spot,,drift_measured,0,PASS,policy=1;mode=spot;timeframe=5m;complete=8/8;availability_limited=1;sync_gaps=13;pair_gaps=0;aux_failures=0;duplicates=0,false,ineligible,canonical_implementation_not_measured;recursive_bias_found,native_mode_not_runtime_validated;lookahead_not_completed,pair_available_history;verify_exact_regime_window_before_run
BinHV27F,futures_long,BinHV27F:74d705e71d44,repos/eovie_freqtrade_strs/binance/Archive/BinHV27F.py,original,,not_applicable,strategy,true,154,runtime_smoke,spot;futures,NA,FOUND,historical_spot_not_inherited,historical_spot_not_inherited,,drift_measured,0,PASS,policy=1;mode=futures;timeframe=5m;complete=8/8;availability_limited=0;sync_gaps=0;pair_gaps=0;aux_failures=0;duplicates=0,false,ineligible,recursive_bias_found,lookahead_not_completed;futures_mode_bias_diagnostics_not_completed,pair_available_history;verify_exact_regime_window_before_run
BinHV27_short,futures_long_short,BinHV27_short:123093f3a1ce,user_data/profile_repairs/BinHV27_short.py,repaired,class2,output_equivalent,strategy,true,5,runtime_smoke,futures,NA,FOUND,missing,canonical_native,futures,,0,PASS,policy=1;mode=futures;timeframe=5m;complete=8/8;availability_limited=0;sync_gaps=0;pair_gaps=0;aux_failures=0;duplicates=0,false,ineligible,recursive_bias_found,output_equivalent_requires_canonical_bias_rerun;lookahead_not_completed;futures_mode_bias_diagnostics_not_completed,pair_available_history;verify_exact_regime_window_before_run
ConsensusShort,futures_long_short,ConsensusShort:4e8ceeaec14c,repos/eovie_freqtrade_strs/binance/Archive/ConsensusShort.py,original,,not_applicable,strategy,true,414,runtime_smoke,futures,PASS,FOUND,canonical_native,canonical_native,futures,,0,PASS,policy=1;mode=futures;timeframe=5m;complete=8/8;availability_limited=0;sync_gaps=0;pair_gaps=0;aux_failures=0;duplicates=0,false,ineligible,recursive_bias_found,,pair_available_history;verify_exact_regime_window_before_run
HourBasedStrategy_5m,spot_long,HourBasedStrategy_5m:20e040454b10,repos/eovie_freqtrade_strs/binance/Archive/HourBasedStrategy.py,original,,not_applicable,strategy,true,11784,historical_ledger,spot,PASS,FOUND,historical_spot,historical_spot,,refused_no_warmup,0,PASS,policy=1;mode=spot;timeframe=5m;complete=8/8;availability_limited=1;sync_gaps=13;pair_gaps=0;aux_failures=0;duplicates=0,false,ineligible,recursive_bias_found,,pair_available_history;verify_exact_regime_window_before_run
E0V1EN,spot_long,E0V1EN:dacbbf183f09,repos/eovie_freqtrade_strs/binance/dry_run/E0V1EN.py,original,,not_applicable,strategy,true,509,historical_ledger,spot,NA,FOUND,missing,historical_spot,,drift_measured,1,PASS,policy=1;mode=spot;timeframe=5m;complete=8/8;availability_limited=1;sync_gaps=13;pair_gaps=0;aux_failures=0;duplicates=0,false,ineligible,recursive_bias_found;technical_trap_found,lookahead_not_completed,pair_available_history;verify_exact_regime_window_before_run
BBBreakoutStrategy,spot_long,BBBreakoutStrategy:5027a97c92f2,repos/flaviosiotto_freqtrade-strategy/user_data/strategies/bb-breakout-strategy.py,original,,not_applicable,strategy,true,33005,historical_ledger,spot,FOUND,FOUND,historical_spot,historical_spot,,refused_no_warmup,0,PASS,policy=1;mode=spot;timeframe=3m;complete=8/8;availability_limited=1;sync_gaps=13;pair_gaps=0;aux_failures=0;duplicates=0,false,ineligible,lookahead_found;recursive_bias_found,,pair_available_history;verify_exact_regime_window_before_run
BollingerBandStrategy,spot_long,BollingerBandStrategy:3e8442e9e3ec,repos/flaviosiotto_freqtrade-strategy/user_data/strategies/bollingerbands-strategy.py,original,,not_applicable,strategy,true,16302,historical_ledger,spot,PASS,FOUND,historical_spot,historical_spot,,refused_no_warmup,0,PASS,policy=1;mode=spot;timeframe=3m;complete=8/8;availability_limited=1;sync_gaps=13;pair_gaps=0;aux_failures=0;duplicates=0,false,ineligible,recursive_bias_found,,pair_available_history;verify_exact_regime_window_before_run
BreakoutStrategy,futures_long_short,BreakoutStrategy:0a6a334c883b,repair/patched/repos/flaviosiotto_freqtrade-strategy/user_data/strategies/breakout-strategy.py,repaired,class2,strict_equivalent,strategy,true,0,runtime_smoke,futures,NA,NA,missing,missing,,,0,PASS,policy=1;mode=futures;timeframe=1m;complete=8/8;availability_limited=0;sync_gaps=0;pair_gaps=0;aux_failures=0;duplicates=0,false,pending_diagnostics,,zero_trades_in_smoke_requires_full_window;lookahead_not_completed;recursive_bias_not_completed;futures_mode_bias_diagnostics_not_completed,pair_available_history;verify_exact_regime_window_before_run
FreqaiExampleStrategy,spot_long,FreqaiExampleStrategy:5de52c94bd40,repos/flaviosiotto_freqtrade-strategy/user_data/strategies/exemple-ai-strategy.py,original,,not_applicable,strategy,false,,,,NA,NA,missing,missing,,,0,PENDING,unsupported_or_unknown_profile,false,ineligible,canonical_implementation_not_measured,native_mode_not_runtime_validated;lookahead_not_completed;recursive_bias_not_completed;exact_regime_window_coverage_not_verified,pair_available_history;verify_exact_regime_window_before_run
FakeoutStrategy,futures_long_short,FakeoutStrategy:8c6212935a05,repair/patched/repos/flaviosiotto_freqtrade-strategy/user_data/strategies/fakeout-strategy.py,repaired,class2,strict_equivalent,strategy,true,187,runtime_smoke,futures,FOUND,FOUND,canonical_native,canonical_native,futures,,0,PASS,policy=1;mode=futures;timeframe=1m;complete=8/8;availability_limited=0;sync_gaps=0;pair_gaps=0;aux_failures=0;duplicates=0,false,ineligible,lookahead_found;recursive_bias_found,,pair_available_history;verify_exact_regime_window_before_run
TouchEmaStrategy,spot_long,TouchEmaStrategy:92446d7b27c0,repos/flaviosiotto_freqtrade-strategy/user_data/strategies/touchema-strategy.py,original,,not_applicable,strategy,true,5193,historical_ledger,spot,PASS,FOUND,historical_spot,historical_spot,,refused_no_warmup,0,PASS,policy=1;mode=spot;timeframe=5m;complete=8/8;availability_limited=1;sync_gaps=13;pair_gaps=0;aux_failures=0;duplicates=0,false,ineligible,recursive_bias_found,,pair_available_history;verify_exact_regime_window_before_run
TouchEmaDelayStrategy,spot_long,TouchEmaDelayStrategy:0aced2ab9432,repos/flaviosiotto_freqtrade-strategy/user_data/strategies/touchemadelay-strategy.py,original,,not_applicable,strategy,true,2331,historical_ledger,spot,PASS,FOUND,historical_spot,historical_spot,,refused_no_warmup,0,PASS,policy=1;mode=spot;timeframe=3m;complete=8/8;availability_limited=1;sync_gaps=13;pair_gaps=0;aux_failures=0;duplicates=0,false,ineligible,recursive_bias_found,,pair_available_history;verify_exact_regime_window_before_run
AlmgrenChrissStrategy,futures_long_short,AlmgrenChrissStrategy:29383b6d6a9d,repos/freqtrade_freqtrade-strategies/user_data/strategies/AlmgrenChrissStrategy.py,original,,not_applicable,strategy,true,818,runtime_smoke,futures,PASS,FOUND,canonical_native,canonical_native,futures,,0,PASS,policy=1;mode=futures;timeframe=15m;complete=8/8;availability_limited=0;sync_gaps=0;pair_gaps=0;aux_failures=0;duplicates=0,false,ineligible,recursive_bias_found,,pair_available_history;verify_exact_regime_window_before_run
TWAPStrategy,futures_long_short,TWAPStrategy:fa97ab1802e2,repos/freqtrade_freqtrade-strategies/user_data/strategies/TWAPStrategy.py,original,,not_applicable,strategy,true,671,runtime_smoke,futures,PASS,FOUND,canonical_native,canonical_native,futures,,0,PASS,policy=1;mode=futures;timeframe=15m;complete=8/8;availability_limited=0;sync_gaps=0;pair_gaps=0;aux_failures=0;duplicates=0,false,ineligible,recursive_bias_found,,pair_available_history;verify_exact_regime_window_before_run
TrendRiderStrategy,futures_long,TrendRiderStrategy:de48abc95f83,repos/freqtrade_freqtrade-strategies/user_data/strategies/TrendRiderStrategy.py,original,,not_applicable,strategy,true,37,runtime_smoke,spot;futures,NA,FOUND,historical_spot_not_inherited,historical_spot_not_inherited,,drift_measured,0,PASS,policy=1;mode=futures;timeframe=1h;complete=8/8;availability_limited=0;sync_gaps=0;pair_gaps=0;aux_failures=0;duplicates=0,false,ineligible,recursive_bias_found,lookahead_not_completed;futures_mode_bias_diagnostics_not_completed,pair_available_history;verify_exact_regime_window_before_run
FAdxSmaStrategy,futures_long_short,FAdxSmaStrategy:450ed20d7fee,repos/freqtrade_freqtrade-strategies/user_data/strategies/futures/FAdxSmaStrategy.py,original,,not_applicable,strategy,true,15,runtime_smoke,futures,PASS,PASS,canonical_native,canonical_native,futures,,0,PASS,policy=1;mode=futures;timeframe=1h;complete=8/8;availability_limited=0;sync_gaps=0;pair_gaps=0;aux_failures=0;duplicates=0,true,eligible,,,pair_available_history;verify_exact_regime_window_before_run
FReinforcedStrategy,futures_long_short,FReinforcedStrategy:915eb861e6b1,user_data/profile_repairs/FReinforcedStrategy.py,repaired,class2,strict_equivalent,strategy,true,80,runtime_smoke,futures,PASS,FOUND,canonical_native,canonical_native,futures,,0,PASS,policy=1;mode=futures;timeframe=5m;complete=8/8;availability_limited=0;sync_gaps=0;pair_gaps=0;aux_failures=0;duplicates=0,false,ineligible,recursive_bias_found,,pair_available_history;verify_exact_regime_window_before_run
FSampleStrategy,futures_long_short,FSampleStrategy:faf8a6df56f2,repos/freqtrade_freqtrade-strategies/user_data/strategies/futures/FSampleStrategy.py,original,,not_applicable,strategy,true,40,runtime_smoke,futures,PASS,FOUND,canonical_native,canonical_native,futures,,0,PASS,policy=1;mode=futures;timeframe=1h;complete=8/8;availability_limited=0;sync_gaps=0;pair_gaps=0;aux_failures=0;duplicates=0,false,ineligible,recursive_bias_found,,pair_available_history;verify_exact_regime_window_before_run
FSupertrendStrategy,futures_long,FSupertrendStrategy:6d4760637514,repos/freqtrade_freqtrade-strategies/user_data/strategies/futures/FSupertrendStrategy.py,original,,not_applicable,strategy,true,83,runtime_smoke,spot;futures,PASS,PASS,canonical_native,canonical_native,futures,,0,PASS,policy=1;mode=futures;timeframe=1h;complete=8/8;availability_limited=0;sync_gaps=0;pair_gaps=0;aux_failures=0;duplicates=0,true,eligible,,,pair_available_history;verify_exact_regime_window_before_run
GoldHedgeZeroMACD,futures_long,GoldHedgeZeroMACD:08b26e66c1fb,repos/ingpawat_freqtrade-strategy-with-backtest/strategy/GoldHedgeZeroMACD/GoldHedgeZeroMACD.py,original,,not_applicable,strategy,true,0,runtime_smoke,spot;futures,NA,FOUND,missing,historical_spot_not_inherited,,drift_measured,0,PASS,policy=1;mode=futures;timeframe=1d;complete=8/8;availability_limited=0;sync_gaps=0;pair_gaps=0;aux_failures=0;duplicates=0,false,ineligible,recursive_bias_found,zero_trades_in_smoke_requires_full_window;lookahead_not_completed;futures_mode_bias_diagnostics_not_completed,pair_available_history;verify_exact_regime_window_before_run
MACDZeroCrossStrategy,spot_long,MACDZeroCrossStrategy:6fe1bca7b1b3,repos/ingpawat_freqtrade-strategy-with-backtest/strategy/MACDZeroCrossStrategy/MACDZeroCrossStrategy.py,original,,not_applicable,strategy,true,339,historical_ledger,spot,NA,FOUND,missing,historical_spot,,refused_no_warmup,0,PASS,policy=1;mode=spot;timeframe=1d;complete=8/8;availability_limited=1;sync_gaps=0;pair_gaps=0;aux_failures=0;duplicates=0,false,ineligible,recursive_bias_found,lookahead_not_completed,pair_available_history;verify_exact_regime_window_before_run
NostalgiaForInfinityX3,futures_long,NostalgiaForInfinityX3:4be2585f15ea,repos/iterativv_NostalgiaForInfinity/NostalgiaForInfinityX3.py,original,,not_applicable,strategy,true,4,runtime_smoke,futures,NA,FOUND,missing,historical_spot_not_inherited,,drift_measured,0,PASS,policy=1;mode=futures;timeframe=5m;complete=8/8;availability_limited=0;sync_gaps=0;pair_gaps=0;aux_failures=0;duplicates=0,false,ineligible,recursive_bias_found,lookahead_not_completed;futures_mode_bias_diagnostics_not_completed,pair_available_history;verify_exact_regime_window_before_run
NostalgiaForInfinityX5,futures_long,NostalgiaForInfinityX5:7b845f469b09,user_data/profile_repairs/NostalgiaForInfinityX5.py,repaired,class2,output_equivalent,strategy,true,23,runtime_smoke,futures,NA,FOUND,missing,historical_spot_not_inherited,,drift_measured,0,PASS,policy=1;mode=futures;timeframe=5m;complete=8/8;availability_limited=0;sync_gaps=0;pair_gaps=0;aux_failures=0;duplicates=0,false,ineligible,recursive_bias_found,output_equivalent_requires_canonical_bias_rerun;lookahead_not_completed;futures_mode_bias_diagnostics_not_completed,pair_available_history;verify_exact_regime_window_before_run
NostalgiaForInfinityX6,futures_long,NostalgiaForInfinityX6:838603039f96,repos/iterativv_NostalgiaForInfinity/NostalgiaForInfinityX6.py,original,,not_applicable,strategy,true,30,runtime_smoke,futures,NA,FOUND,missing,historical_spot_not_inherited,,drift_measured,0,PASS,policy=1;mode=futures;timeframe=5m;complete=8/8;availability_limited=0;sync_gaps=0;pair_gaps=0;aux_failures=0;duplicates=0,false,ineligible,recursive_bias_found,lookahead_not_completed;futures_mode_bias_diagnostics_not_completed,pair_available_history;verify_exact_regime_window_before_run
NostalgiaForInfinityX7,futures_long,NostalgiaForInfinityX7:12aeca2f8c57,repos/iterativv_NostalgiaForInfinity/NostalgiaForInfinityX7.py,original,,not_applicable,strategy,true,18,runtime_smoke,futures,NA,FOUND,missing,historical_spot_not_inherited,,drift_measured,0,PASS,policy=1;mode=futures;timeframe=5m;complete=8/8;availability_limited=0;sync_gaps=0;pair_gaps=0;aux_failures=0;duplicates=0,false,ineligible,recursive_bias_found,lookahead_not_completed;futures_mode_bias_diagnostics_not_completed,pair_available_history;verify_exact_regime_window_before_run
Strategy,spot_long,Strategy:5fdecf48d2e7,repos/iterativv_NostalgiaForInfinity/tests/unit/test_data/input/Strategy.py,original,,not_applicable,test_candidate,false,,,,NA,NA,missing,missing,,,0,PENDING,unsupported_or_unknown_profile,false,ineligible,canonical_implementation_not_measured,artifact_role_requires_review;native_mode_not_runtime_validated;lookahead_not_completed;recursive_bias_not_completed;exact_regime_window_coverage_not_verified,pair_available_history;verify_exact_regime_window_before_run
Candle2,spot_long,Candle2:34ea4c0954a2,repos/jaredrsommer_freqtradestrategies/2Candle (3).py,original,,not_applicable,strategy,true,7626,historical_ledger,spot,PASS,FOUND,historical_spot,historical_spot,,refused_no_warmup,0,PASS,policy=1;mode=spot;timeframe=1h;complete=8/8;availability_limited=1;sync_gaps=13;pair_gaps=0;aux_failures=0;duplicates=0,false,ineligible,recursive_bias_found,,pair_available_history;verify_exact_regime_window_before_run
A9AV,spot_long,A9AV:1cd374d74902,repair/patched/repos/jaredrsommer_freqtradestrategies/A9AV.py,repaired,class2,output_equivalent,strategy,false,,freqai_result_card,,NA,FOUND,missing,historical_spot,,refused_no_warmup,0,PASS,policy=1;mode=spot;timeframe=5m;complete=8/8;availability_limited=1;sync_gaps=13;pair_gaps=0;aux_failures=0;duplicates=0,false,ineligible,canonical_implementation_not_measured;recursive_bias_found,native_mode_not_runtime_validated;output_equivalent_requires_canonical_bias_rerun;lookahead_not_completed,pair_available_history;verify_exact_regime_window_before_run
AlexBTK_CT,futures_long,AlexBTK_CT:fcbe0a920af7,repos/jaredrsommer_freqtradestrategies/AlexBTK_CT.py,original,,not_applicable,strategy,true,48,runtime_smoke,futures,FOUND,FOUND,historical_spot_not_inherited,historical_spot_not_inherited,,drift_measured,0,PASS,policy=1;mode=futures;timeframe=15m;complete=8/8;availability_limited=0;sync_gaps=0;pair_gaps=0;aux_failures=0;duplicates=0,false,ineligible,lookahead_found;recursive_bias_found,futures_mode_bias_diagnostics_not_completed,pair_available_history;verify_exact_regime_window_before_run
AlexBattleTankKiller,futures_long,AlexBattleTankKiller:cb7bcf7bc825,repos/jaredrsommer_freqtradestrategies/AlexBattleTankKiller.py,repaired,class1,strict_equivalent,strategy,true,48,runtime_smoke,futures,FOUND,FOUND,historical_spot_not_inherited,historical_spot_not_inherited,,drift_measured,0,PASS,policy=1;mode=futures;timeframe=15m;complete=8/8;availability_limited=0;sync_gaps=0;pair_gaps=0;aux_failures=0;duplicates=0,false,ineligible,lookahead_found;recursive_bias_found,futures_mode_bias_diagnostics_not_completed,pair_available_history;verify_exact_regime_window_before_run
AlexBattleTankKillerV3,futures_long,AlexBattleTankKillerV3:500f45285b3b,repos/jaredrsommer_freqtradestrategies/AlexBattleTankKillerV3.py,original,,not_applicable,strategy,true,169,runtime_smoke,futures,FOUND,FOUND,historical_spot_not_inherited,historical_spot_not_inherited,,drift_measured,0,PASS,policy=1;mode=futures;timeframe=15m;complete=8/8;availability_limited=0;sync_gaps=0;pair_gaps=0;aux_failures=0;duplicates=0,false,ineligible,lookahead_found;recursive_bias_found,futures_mode_bias_diagnostics_not_completed,pair_available_history;verify_exact_regime_window_before_run
AlexBattleTankKillerV40H,futures_long,AlexBattleTankKillerV40H:d79aa03fad76,repos/jaredrsommer_freqtradestrategies/AlexBattleTankKillerV4H.py,original,,not_applicable,strategy,true,0,runtime_smoke,spot;futures,FOUND,NA,historical_spot_not_inherited,historical_spot_not_inherited,,,0,PASS,policy=1;mode=futures;timeframe=1h;complete=8/8;availability_limited=0;sync_gaps=0;pair_gaps=0;aux_failures=0;duplicates=0,false,ineligible,lookahead_found,zero_trades_in_smoke_requires_full_window;recursive_bias_not_completed;futures_mode_bias_diagnostics_not_completed,pair_available_history;verify_exact_regime_window_before_run
Astro,spot_long,Astro:dbf7de1182d4,repos/jaredrsommer_freqtradestrategies/Astro.py,original,,not_applicable,strategy,false,,,,NA,NA,missing,missing,,,0,PASS,policy=1;mode=spot;timeframe=1d;complete=8/8;availability_limited=1;sync_gaps=0;pair_gaps=0;aux_failures=0;duplicates=0,false,ineligible,canonical_implementation_not_measured,native_mode_not_runtime_validated;lookahead_not_completed;recursive_bias_not_completed,pair_available_history;verify_exact_regime_window_before_run
AstroQAV4,spot_long,AstroQAV4:ae2a77273135,repair/patched/repos/jaredrsommer_freqtradestrategies/AstroQAV4.py,repaired,class2,behavior_changed,strategy,false,,freqai_result_card,,NA,NA,missing,missing,,,0,PASS,policy=1;mode=spot;timeframe=30m;complete=8/8;availability_limited=1;sync_gaps=13;pair_gaps=0;aux_failures=0;duplicates=0,false,ineligible,canonical_implementation_not_measured;behavior_changed_primary_exclusion,native_mode_not_runtime_validated;lookahead_not_completed;recursive_bias_not_completed,pair_available_history;verify_exact_regime_window_before_run
CTIBS,spot_long,CTIBS:0fa7c969f384,repos/jaredrsommer_freqtradestrategies/CTIBS.py,original,,not_applicable,strategy,true,5553,historical_ledger,spot,PASS,FOUND,historical_spot,historical_spot,,drift_measured,0,PASS,policy=1;mode=spot;timeframe=15m;complete=8/8;availability_limited=1;sync_gaps=13;pair_gaps=0;aux_failures=0;duplicates=0,false,ineligible,recursive_bias_found,,pair_available_history;verify_exact_regime_window_before_run
ElliotWave,futures_long,ElliotWave:bb8a5f6b7cac,repos/jaredrsommer_freqtradestrategies/ElliotWave.py,repaired,class1,strict_equivalent,strategy,true,41,runtime_smoke,futures,FOUND,NA,historical_spot_not_inherited,historical_spot_not_inherited,,,0,PASS,policy=1;mode=futures;timeframe=4h;complete=8/8;availability_limited=0;sync_gaps=0;pair_gaps=0;aux_failures=0;duplicates=0,false,ineligible,lookahead_found,recursive_bias_not_completed;futures_mode_bias_diagnostics_not_completed,pair_available_history;verify_exact_regime_window_before_run
FVGChannel,spot_long,FVGChannel:379d24ac1c43,repos/jaredrsommer_freqtradestrategies/FVGChannel.py,original,,not_applicable,strategy,true,16599,historical_ledger,spot,PASS,FOUND,historical_spot,historical_spot,,refused_no_warmup,0,PASS,policy=1;mode=spot;timeframe=1h;complete=8/8;availability_limited=1;sync_gaps=13;pair_gaps=0;aux_failures=0;duplicates=0,false,ineligible,recursive_bias_found,,pair_available_history;verify_exact_regime_window_before_run
ForexRobootSuperScalper,spot_long,ForexRobootSuperScalper:5c101cb77592,repos/jaredrsommer_freqtradestrategies/ForexRobootSuperScalper (2).py,original,,not_applicable,strategy,true,26623,historical_ledger,spot,PASS,FOUND,historical_spot,historical_spot,,refused_no_warmup,0,PASS,policy=1;mode=spot;timeframe=5m;complete=8/8;availability_limited=1;sync_gaps=13;pair_gaps=0;aux_failures=0;duplicates=0,false,ineligible,recursive_bias_found,,pair_available_history;verify_exact_regime_window_before_run
GKD_Baseline,spot_long,GKD_Baseline:b2941c228640,repos/jaredrsommer_freqtradestrategies/GKD_Baseline.py,original,,not_applicable,strategy,true,18338,historical_ledger,spot,PASS,FOUND,historical_spot,historical_spot,,refused_no_warmup,0,PASS,policy=1;mode=spot;timeframe=1h;complete=8/8;availability_limited=1;sync_gaps=13;pair_gaps=0;aux_failures=0;duplicates=0,false,ineligible,recursive_bias_found,,pair_available_history;verify_exact_regime_window_before_run
GKD_BaselineAllMAs,spot_long,GKD_BaselineAllMAs:dff087dc468b,repos/jaredrsommer_freqtradestrategies/GKD_BaselineAllMAs (1).py,original,,not_applicable,strategy,true,18338,historical_ledger,spot,PASS,FOUND,historical_spot,historical_spot,,refused_no_warmup,0,PASS,policy=1;mode=spot;timeframe=1h;complete=8/8;availability_limited=1;sync_gaps=13;pair_gaps=0;aux_failures=0;duplicates=0,false,ineligible,recursive_bias_found,,pair_available_history;verify_exact_regime_window_before_run
GKD_C,spot_long,GKD_C:ea05773d3428,repos/jaredrsommer_freqtradestrategies/GKD_C.py,original,,not_applicable,strategy,true,4,original_result_card,spot,NA,FOUND,missing,historical_spot,,refused_no_warmup,0,PASS,policy=1;mode=spot;timeframe=1h;complete=8/8;availability_limited=1;sync_gaps=13;pair_gaps=0;aux_failures=0;duplicates=0,false,ineligible,recursive_bias_found,lookahead_not_completed,pair_available_history;verify_exact_regime_window_before_run
GKD_CT,spot_long,GKD_CT:8bad756c3a24,repos/jaredrsommer_freqtradestrategies/GKD_CT.py,original,,not_applicable,strategy,true,757,original_result_card,spot,NA,FOUND,missing,historical_spot,,refused_no_warmup,0,PASS,policy=1;mode=spot;timeframe=1h;complete=8/8;availability_limited=1;sync_gaps=13;pair_gaps=0;aux_failures=0;duplicates=0,false,ineligible,recursive_bias_found,lookahead_not_completed,pair_available_history;verify_exact_regime_window_before_run
GKD_FisherTransform,spot_long,GKD_FisherTransform:b2e8dca74271,repos/jaredrsommer_freqtradestrategies/GKD_FisherTransform (2).py,repaired,class1,strict_equivalent,strategy,true,1630,class1_result_card,spot,NA,FOUND,missing,historical_spot,,refused_no_warmup,0,PASS,policy=1;mode=spot;timeframe=1h;complete=8/8;availability_limited=1;sync_gaps=13;pair_gaps=0;aux_failures=0;duplicates=0,false,ineligible,recursive_bias_found,lookahead_not_completed,pair_available_history;verify_exact_regime_window_before_run
GKD_FisherTransformMTF,spot_long,GKD_FisherTransformMTF:f0e506446029,repos/jaredrsommer_freqtradestrategies/GKD_FisherTransformMTF.py,original,,not_applicable,strategy,true,4750,historical_ledger,spot,NA,FOUND,missing,historical_spot,,refused_no_warmup,0,PASS,policy=1;mode=spot;timeframe=1h;complete=8/8;availability_limited=1;sync_gaps=13;pair_gaps=0;aux_failures=0;duplicates=0,false,ineligible,recursive_bias_found,lookahead_not_completed,pair_available_history;verify_exact_regime_window_before_run
GKD_HurstExponent,spot_long,GKD_HurstExponent:c169beca3ea5,repos/jaredrsommer_freqtradestrategies/GKD_HurstExponent.py,original,,not_applicable,strategy,true,5896,historical_ledger,spot,PASS,FOUND,historical_spot,historical_spot,,refused_no_warmup,0,PASS,policy=1;mode=spot;timeframe=1h;complete=8/8;availability_limited=1;sync_gaps=13;pair_gaps=0;aux_failures=0;duplicates=0,false,ineligible,recursive_bias_found,,pair_available_history;verify_exact_regime_window_before_run
GKD_PFE,spot_long,GKD_PFE:74b9df4754e9,repos/jaredrsommer_freqtradestrategies/GKD_PFE.py,original,,not_applicable,strategy,true,17113,historical_ledger,spot,PASS,FOUND,historical_spot,historical_spot,,refused_no_warmup,0,PASS,policy=1;mode=spot;timeframe=1h;complete=8/8;availability_limited=1;sync_gaps=13;pair_gaps=0;aux_failures=0;duplicates=0,false,ineligible,recursive_bias_found,,pair_available_history;verify_exact_regime_window_before_run
GPR,spot_long,GPR:63f9f398c835,repos/jaredrsommer_freqtradestrategies/GPR.py,original,,not_applicable,strategy,false,,,,NA,NA,missing,missing,,,0,PASS,policy=1;mode=spot;timeframe=1h;complete=8/8;availability_limited=1;sync_gaps=13;pair_gaps=0;aux_failures=0;duplicates=0,false,ineligible,canonical_implementation_not_measured,native_mode_not_runtime_validated;lookahead_not_completed;recursive_bias_not_completed,pair_available_history;verify_exact_regime_window_before_run
GPTREV,spot_long,GPTREV:b99d3c1c8215,repos/jaredrsommer_freqtradestrategies/GPTREV.py,repaired,class1,strict_equivalent,strategy,true,600,class1_result_card,spot,NA,PASS,missing,historical_spot,,,0,PASS,policy=1;mode=spot;timeframe=1m;complete=8/8;availability_limited=1;sync_gaps=13;pair_gaps=0;aux_failures=0;duplicates=0,false,pending_diagnostics,,lookahead_not_completed,pair_available_history;verify_exact_regime_window_before_run
HEW,futures_long,HEW:c47920daf337,user_data/profile_repairs/HEW.py,repaired,class2,output_equivalent,strategy,true,4,runtime_smoke,futures,NA,FOUND,missing,historical_spot_not_inherited,,refused_no_warmup,0,PASS,policy=1;mode=futures;timeframe=1h;complete=8/8;availability_limited=0;sync_gaps=0;pair_gaps=0;aux_failures=0;duplicates=0,false,ineligible,recursive_bias_found,output_equivalent_requires_canonical_bias_rerun;lookahead_not_completed;futures_mode_bias_diagnostics_not_completed,pair_available_history;verify_exact_regime_window_before_run
HSI,spot_long,HSI:968bdb813025,repos/jaredrsommer_freqtradestrategies/HSI (2).py,repaired,class1,strict_equivalent,strategy,true,5591,class1_result_card,spot,PASS,FOUND,historical_spot,historical_spot,,refused_no_warmup,0,PASS,policy=1;mode=spot;timeframe=5m;complete=8/8;availability_limited=1;sync_gaps=13;pair_gaps=0;aux_failures=0;duplicates=0,false,ineligible,recursive_bias_found,,pair_available_history;verify_exact_regime_window_before_run
HilbertSineWave,spot_long,HilbertSineWave:7580e8750833,repos/jaredrsommer_freqtradestrategies/HilbertSineWave.py,original,,not_applicable,strategy,true,4447,historical_ledger,spot,PASS,FOUND,historical_spot,historical_spot,,refused_no_warmup,0,PASS,policy=1;mode=spot;timeframe=1h;complete=8/8;availability_limited=1;sync_gaps=13;pair_gaps=0;aux_failures=0;duplicates=0,false,ineligible,recursive_bias_found,,pair_available_history;verify_exact_regime_window_before_run
HurstCycle3,futures_long,HurstCycle3:c9d3caf5ce10,repos/jaredrsommer_freqtradestrategies/HurstCycle3 (2).py,original,,not_applicable,strategy,true,559,runtime_smoke,spot;futures,NA,FOUND,missing,historical_spot_not_inherited,,refused_no_warmup,0,PASS,policy=1;mode=futures;timeframe=15m;complete=8/8;availability_limited=0;sync_gaps=0;pair_gaps=0;aux_failures=0;duplicates=0,false,ineligible,recursive_bias_found,lookahead_not_completed;futures_mode_bias_diagnostics_not_completed,pair_available_history;verify_exact_regime_window_before_run
HurstCycle7,futures_long,HurstCycle7:d97e2bb096fb,repos/jaredrsommer_freqtradestrategies/HurstCycle7 (2).py,repaired,class1,strict_equivalent,strategy,true,547,runtime_smoke,futures,NA,FOUND,missing,historical_spot_not_inherited,,refused_no_warmup,0,PASS,policy=1;mode=futures;timeframe=15m;complete=8/8;availability_limited=0;sync_gaps=0;pair_gaps=0;aux_failures=0;duplicates=0,false,ineligible,recursive_bias_found,lookahead_not_completed;futures_mode_bias_diagnostics_not_completed,pair_available_history;verify_exact_regime_window_before_run
HurstCycleV4,futures_long,HurstCycleV4:9cb81c6de88b,repair/patched/repos/jaredrsommer_freqtradestrategies/HurstCycleV4.py,repaired,class2,strict_equivalent,strategy,true,0,runtime_smoke,futures,NA,FOUND,missing,historical_spot_not_inherited,,refused_no_warmup,0,PASS,policy=1;mode=futures;timeframe=4h;complete=8/8;availability_limited=0;sync_gaps=0;pair_gaps=0;aux_failures=0;duplicates=0,false,ineligible,recursive_bias_found,zero_trades_in_smoke_requires_full_window;lookahead_not_completed;futures_mode_bias_diagnostics_not_completed,pair_available_history;verify_exact_regime_window_before_run
HurstCycleV5,futures_long_short,HurstCycleV5:07b26bff1c85,repos/jaredrsommer_freqtradestrategies/HurstCycleV5 (2).py,original,,not_applicable,strategy,true,18,runtime_smoke,futures,NA,NA,missing,missing,,,0,PASS,policy=1;mode=futures;timeframe=1h;complete=8/8;availability_limited=0;sync_gaps=0;pair_gaps=0;aux_failures=0;duplicates=0,false,pending_diagnostics,,lookahead_not_completed;recursive_bias_not_completed;futures_mode_bias_diagnostics_not_completed,pair_available_history;verify_exact_regime_window_before_run
HurstCycleV5RSI,futures_long,HurstCycleV5RSI:af49ef254bf6,repair/patched/repos/jaredrsommer_freqtradestrategies/HurstCycleV5RSI (2).py,repaired,class2,strict_equivalent,strategy,true,120,runtime_smoke,futures,NA,FOUND,missing,historical_spot_not_inherited,,refused_no_warmup,0,PASS,policy=1;mode=futures;timeframe=1h;complete=8/8;availability_limited=0;sync_gaps=0;pair_gaps=0;aux_failures=0;duplicates=0,false,ineligible,recursive_bias_found,lookahead_not_completed;futures_mode_bias_diagnostics_not_completed,pair_available_history;verify_exact_regime_window_before_run
HurstCycleV6,futures_long,HurstCycleV6:fb2f5cd4c8be,repos/jaredrsommer_freqtradestrategies/HurstCycleV6.py,repaired,class1,strict_equivalent,strategy,true,155,runtime_smoke,futures,NA,FOUND,missing,historical_spot_not_inherited,,refused_no_warmup,0,PASS,policy=1;mode=futures;timeframe=15m;complete=8/8;availability_limited=0;sync_gaps=0;pair_gaps=0;aux_failures=0;duplicates=0,false,ineligible,recursive_bias_found,lookahead_not_completed;futures_mode_bias_diagnostics_not_completed,pair_available_history;verify_exact_regime_window_before_run
IchiVwapAdx,futures_long_short,IchiVwapAdx:fa6a8a7ff342,repos/jaredrsommer_freqtradestrategies/IchiVwapAdx (2).py,original,,not_applicable,strategy,true,257,runtime_smoke,futures,NA,NA,missing,missing,,,0,PASS,policy=1;mode=futures;timeframe=15m;complete=8/8;availability_limited=0;sync_gaps=0;pair_gaps=0;aux_failures=0;duplicates=0,false,pending_diagnostics,,lookahead_not_completed;recursive_bias_not_completed;futures_mode_bias_diagnostics_not_completed,pair_available_history;verify_exact_regime_window_before_run
ImpulseV1,spot_long,ImpulseV1:c7b4ad70988b,repos/jaredrsommer_freqtradestrategies/ImpulseV1.py,repaired,class1,strict_equivalent,strategy,true,1097,class1_result_card,spot,PASS,FOUND,historical_spot,historical_spot,,drift_measured,0,PASS,policy=1;mode=spot;timeframe=5m;complete=8/8;availability_limited=1;sync_gaps=13;pair_gaps=0;aux_failures=0;duplicates=0,false,ineligible,recursive_bias_found,,pair_available_history;verify_exact_regime_window_before_run
KMM,futures_long,KMM:5509695b33e7,repos/jaredrsommer_freqtradestrategies/KMM.py,original,,not_applicable,strategy,false,,,,NA,NA,missing,historical_spot_not_inherited,,,0,PASS,policy=1;mode=futures;timeframe=15m;complete=8/8;availability_limited=0;sync_gaps=0;pair_gaps=0;aux_failures=0;duplicates=0,false,ineligible,canonical_implementation_not_measured,native_mode_not_runtime_validated;lookahead_not_completed;recursive_bias_not_completed,pair_available_history;verify_exact_regime_window_before_run
KitchenSink,spot_long,KitchenSink:1330e86714d2,repair/patched/repos/jaredrsommer_freqtradestrategies/KitchenSink (2).py,repaired,class2,strict_equivalent,strategy,false,,freqai_result_card,,NA,NA,missing,missing,,,0,PASS,policy=1;mode=spot;timeframe=1h;complete=8/8;availability_limited=1;sync_gaps=13;pair_gaps=0;aux_failures=0;duplicates=0,false,ineligible,canonical_implementation_not_measured,native_mode_not_runtime_validated;lookahead_not_completed;recursive_bias_not_completed,pair_available_history;verify_exact_regime_window_before_run
LorentzianClassification,spot_long,LorentzianClassification:c6cb24ea2f79,repos/jaredrsommer_freqtradestrategies/LorentzianClassification (2).py,original,,not_applicable,strategy,true,10619,historical_ledger,spot,FOUND,FOUND,historical_spot,historical_spot,,refused_no_warmup,0,PASS,policy=1;mode=spot;timeframe=1h;complete=8/8;availability_limited=1;sync_gaps=13;pair_gaps=0;aux_failures=0;duplicates=0,false,ineligible,lookahead_found;recursive_bias_found,,pair_available_history;verify_exact_regime_window_before_run
MKR,spot_long,MKR:49ae85f6d6ec,repos/jaredrsommer_freqtradestrategies/MKR (3).py,original,,not_applicable,strategy,false,,,,NA,PASS,missing,historical_spot,,,0,PASS,policy=1;mode=spot;timeframe=1h;complete=8/8;availability_limited=1;sync_gaps=13;pair_gaps=0;aux_failures=0;duplicates=0,false,ineligible,canonical_implementation_not_measured,native_mode_not_runtime_validated;lookahead_not_completed,pair_available_history;verify_exact_regime_window_before_run
MSO,spot_long,MSO:c8762f3799a2,repos/jaredrsommer_freqtradestrategies/MSO.py,original,,not_applicable,strategy,true,11653,historical_ledger,spot,FOUND,FOUND,historical_spot,historical_spot,,refused_no_warmup,0,PASS,policy=1;mode=spot;timeframe=1h;complete=8/8;availability_limited=1;sync_gaps=13;pair_gaps=0;aux_failures=0;duplicates=0,false,ineligible,lookahead_found;recursive_bias_found,,pair_available_history;verify_exact_regime_window_before_run
NeuroV1,spot_long,NeuroV1:f97bb1f155fd,repos/jaredrsommer_freqtradestrategies/NeuroV1.py,original,,not_applicable,strategy,true,9371,historical_ledger,spot,FOUND,PASS,historical_spot,historical_spot,,,0,PASS,policy=1;mode=spot;timeframe=1h;complete=8/8;availability_limited=1;sync_gaps=13;pair_gaps=0;aux_failures=0;duplicates=0,false,ineligible,lookahead_found,,pair_available_history;verify_exact_regime_window_before_run
NOTankAi_17,futures_long_short,NOTankAi_17:d1d72095cae0,repos/jaredrsommer_freqtradestrategies/NoTankAi_17.py,original,,not_applicable,strategy,true,51,runtime_smoke,futures,NA,NA,missing,missing,,,0,PASS,policy=1;mode=futures;timeframe=15m;complete=8/8;availability_limited=0;sync_gaps=0;pair_gaps=0;aux_failures=0;duplicates=0,false,pending_diagnostics,,lookahead_not_completed;recursive_bias_not_completed;futures_mode_bias_diagnostics_not_completed,pair_available_history;verify_exact_regime_window_before_run
NOTankAi_19,futures_long_short,NOTankAi_19:09c6d6c3812b,repos/jaredrsommer_freqtradestrategies/NoTankAi_19_1.py,original,,not_applicable,strategy,true,149,runtime_smoke,futures,NA,NA,missing,missing,,,0,PASS,policy=1;mode=futures;timeframe=15m;complete=8/8;availability_limited=0;sync_gaps=0;pair_gaps=0;aux_failures=0;duplicates=0,false,pending_diagnostics,,lookahead_not_completed;recursive_bias_not_completed;futures_mode_bias_diagnostics_not_completed,pair_available_history;verify_exact_regime_window_before_run
OmaGann,spot_long,OmaGann:aaffac4314de,repos/jaredrsommer_freqtradestrategies/OmaGann (2).py,original,,not_applicable,strategy,true,11035,historical_ledger,spot,PASS,FOUND,historical_spot,historical_spot,,refused_no_warmup,0,PASS,policy=1;mode=spot;timeframe=1h;complete=8/8;availability_limited=1;sync_gaps=13;pair_gaps=0;aux_failures=0;duplicates=0,false,ineligible,recursive_bias_found,,pair_available_history;verify_exact_regime_window_before_run
PnF,spot_long,PnF:e1ac0106dae9,repos/jaredrsommer_freqtradestrategies/PnF (copy).py,original,,not_applicable,strategy,false,,,,NA,NA,missing,missing,,,0,PASS,policy=1;mode=spot;timeframe=15m;complete=8/8;availability_limited=1;sync_gaps=13;pair_gaps=0;aux_failures=0;duplicates=0,false,ineligible,canonical_implementation_not_measured,native_mode_not_runtime_validated;lookahead_not_completed;recursive_bias_not_completed,pair_available_history;verify_exact_regime_window_before_run
TD,spot_long,TD:aa5f353feb76,repos/jaredrsommer_freqtradestrategies/TD.py,repaired,class1,strict_equivalent,strategy,true,6164,class1_result_card,spot,NA,FOUND,missing,historical_spot,,refused_no_warmup,0,PASS,policy=1;mode=spot;timeframe=2h;complete=8/8;availability_limited=1;sync_gaps=6;pair_gaps=0;aux_failures=0;duplicates=0,false,ineligible,recursive_bias_found,lookahead_not_completed,pair_available_history;verify_exact_regime_window_before_run
TGMA,spot_long,TGMA:b16afc1c9ecd,repos/jaredrsommer_freqtradestrategies/TGMA.py,original,,not_applicable,strategy,true,8673,historical_ledger,spot,NA,NA,missing,missing,,,0,PASS,policy=1;mode=spot;timeframe=1h;complete=8/8;availability_limited=1;sync_gaps=13;pair_gaps=0;aux_failures=0;duplicates=0,false,pending_diagnostics,,lookahead_not_completed;recursive_bias_not_completed,pair_available_history;verify_exact_regime_window_before_run
TSPredict,futures_long,TSPredict:c4169a4567fe,user_data/profile_repairs/TSPredict.py,repaired,class2,strict_equivalent,strategy,true,0,runtime_smoke,futures,NA,NA,missing,historical_spot_not_inherited,,,0,PASS,policy=1;mode=futures;timeframe=1m;complete=8/8;availability_limited=0;sync_gaps=0;pair_gaps=0;aux_failures=0;duplicates=0,false,pending_diagnostics,,zero_trades_in_smoke_requires_full_window;lookahead_not_completed;recursive_bias_not_completed;futures_mode_bias_diagnostics_not_completed,pair_available_history;verify_exact_regime_window_before_run
TankAi,spot_long,TankAi:1b3f87e3240a,repos/jaredrsommer_freqtradestrategies/TankAi.py,original,,not_applicable,strategy,false,,,,NA,NA,missing,missing,,,0,PASS,policy=1;mode=spot;timeframe=30m;complete=8/8;availability_limited=1;sync_gaps=13;pair_gaps=0;aux_failures=0;duplicates=0,false,ineligible,canonical_implementation_not_measured,native_mode_not_runtime_validated;lookahead_not_completed;recursive_bias_not_completed,pair_available_history;verify_exact_regime_window_before_run
TankAiRevival,spot_long,TankAiRevival:17c10a7b15de,repos/jaredrsommer_freqtradestrategies/TankAiRevival.py,original,,not_applicable,strategy,false,,,,NA,NA,missing,missing,,,0,PASS,policy=1;mode=spot;timeframe=30m;complete=8/8;availability_limited=1;sync_gaps=13;pair_gaps=0;aux_failures=0;duplicates=0,false,ineligible,canonical_implementation_not_measured,native_mode_not_runtime_validated;lookahead_not_completed;recursive_bias_not_completed,pair_available_history;verify_exact_regime_window_before_run
TwoCandle,spot_long,TwoCandle:461de9e30dbf,repos/jaredrsommer_freqtradestrategies/TwoCandle.py,original,,not_applicable,strategy,true,18935,historical_ledger,spot,PASS,FOUND,historical_spot,historical_spot,,refused_no_warmup,0,PASS,policy=1;mode=spot;timeframe=1h;complete=8/8;availability_limited=1;sync_gaps=13;pair_gaps=0;aux_failures=0;duplicates=0,false,ineligible,recursive_bias_found,,pair_available_history;verify_exact_regime_window_before_run
TwoCandleTheory,spot_long,TwoCandleTheory:6986bca4e8c7,repos/jaredrsommer_freqtradestrategies/TwoCandleTheory (2).py,original,,not_applicable,strategy,false,,,,NA,PASS,missing,historical_spot,,,0,PASS,policy=1;mode=spot;timeframe=5m;complete=8/8;availability_limited=1;sync_gaps=13;pair_gaps=0;aux_failures=0;duplicates=0,false,ineligible,canonical_implementation_not_measured,native_mode_not_runtime_validated;lookahead_not_completed,pair_available_history;verify_exact_regime_window_before_run
WTAI,spot_long,WTAI:6d04438de623,repos/jaredrsommer_freqtradestrategies/WTAI.py,original,,not_applicable,strategy,false,,,,NA,NA,missing,missing,,,0,PASS,policy=1;mode=spot;timeframe=15m;complete=8/8;availability_limited=1;sync_gaps=13;pair_gaps=0;aux_failures=0;duplicates=0,false,ineligible,canonical_implementation_not_measured,native_mode_not_runtime_validated;lookahead_not_completed;recursive_bias_not_completed,pair_available_history;verify_exact_regime_window_before_run
WTHO,spot_long,WTHO:7af6a1aa9c15,repos/jaredrsommer_freqtradestrategies/WTHO.py,original,,not_applicable,strategy,false,,,,NA,NA,missing,missing,,,0,PASS,policy=1;mode=spot;timeframe=2h;complete=8/8;availability_limited=1;sync_gaps=6;pair_gaps=0;aux_failures=0;duplicates=0,false,ineligible,canonical_implementation_not_measured,native_mode_not_runtime_validated;lookahead_not_completed;recursive_bias_not_completed,pair_available_history;verify_exact_regime_window_before_run
WTRSIAI,spot_long,WTRSIAI:071d8b0b26eb,repos/jaredrsommer_freqtradestrategies/WTRSIAI.py,original,,not_applicable,strategy,false,,,,NA,NA,missing,missing,,,0,PASS,policy=1;mode=spot;timeframe=1h;complete=8/8;availability_limited=1;sync_gaps=13;pair_gaps=0;aux_failures=0;duplicates=0,false,ineligible,canonical_implementation_not_measured,native_mode_not_runtime_validated;lookahead_not_completed;recursive_bias_not_completed,pair_available_history;verify_exact_regime_window_before_run
thetank2,spot_long,thetank2:21a65f749e60,repos/jaredrsommer_freqtradestrategies/battletank.py,original,,not_applicable,strategy,false,,,,NA,NA,missing,missing,,,0,PASS,policy=1;mode=spot;timeframe=15m;complete=8/8;availability_limited=1;sync_gaps=13;pair_gaps=0;aux_failures=0;duplicates=0,false,ineligible,canonical_implementation_not_measured,native_mode_not_runtime_validated;lookahead_not_completed;recursive_bias_not_completed,pair_available_history;verify_exact_regime_window_before_run
cryptotank,spot_long,cryptotank:41383d412b01,repos/jaredrsommer_freqtradestrategies/cryptotank.py,original,,not_applicable,strategy,true,2312,historical_ledger,spot,PASS,PASS,historical_spot,historical_spot,,,0,PASS,policy=1;mode=spot;timeframe=1h;complete=8/8;availability_limited=1;sync_gaps=13;pair_gaps=0;aux_failures=0;duplicates=0,true,eligible,,,pair_available_history;verify_exact_regime_window_before_run
cryptotankV2,spot_long,cryptotankV2:03462ce6dd61,repos/jaredrsommer_freqtradestrategies/cryptotankV2.py,repaired,class1,strict_equivalent,strategy,true,770,class1_result_card,spot,PASS,FOUND,historical_spot,historical_spot,,drift_measured,0,PASS,policy=1;mode=spot;timeframe=5m;complete=8/8;availability_limited=1;sync_gaps=13;pair_gaps=0;aux_failures=0;duplicates=0,false,ineligible,recursive_bias_found,,pair_available_history;verify_exact_regime_window_before_run
cryptotankV5,spot_long,cryptotankV5:4b4c5a0ba78c,repos/jaredrsommer_freqtradestrategies/cryptotankV5.py,original,,not_applicable,strategy,true,4782,historical_ledger,spot,PASS,PASS,historical_spot,historical_spot,,,0,PASS,policy=1;mode=spot;timeframe=15m;complete=8/8;availability_limited=1;sync_gaps=13;pair_gaps=0;aux_failures=0;duplicates=0,true,eligible,,,pair_available_history;verify_exact_regime_window_before_run
eltoro,spot_long,eltoro:b5c100d910d9,repos/jaredrsommer_freqtradestrategies/eltoro.py,original,,not_applicable,strategy,true,3704,historical_ledger,spot,PASS,FOUND,historical_spot,historical_spot,,drift_measured,0,PASS,policy=1;mode=spot;timeframe=15m;complete=8/8;availability_limited=1;sync_gaps=13;pair_gaps=0;aux_failures=0;duplicates=0,false,ineligible,recursive_bias_found,,pair_available_history;verify_exact_regime_window_before_run
eltoro1_4,spot_long,eltoro1_4:d0c12172db1a,repos/jaredrsommer_freqtradestrategies/eltoro1_4 (copy).py,original,,not_applicable,strategy,true,2393,historical_ledger,spot,PASS,FOUND,historical_spot,historical_spot,,drift_measured,0,PASS,policy=1;mode=spot;timeframe=1h;complete=8/8;availability_limited=1;sync_gaps=13;pair_gaps=0;aux_failures=0;duplicates=0,false,ineligible,recursive_bias_found,,pair_available_history;verify_exact_regime_window_before_run
eltoro1_4_simple,spot_long,eltoro1_4_simple:cbce3878912e,repos/jaredrsommer_freqtradestrategies/eltoro1_4_simple.py,original,,not_applicable,strategy,true,2417,historical_ledger,spot,PASS,FOUND,historical_spot,historical_spot,,drift_measured,0,PASS,policy=1;mode=spot;timeframe=15m;complete=8/8;availability_limited=1;sync_gaps=13;pair_gaps=0;aux_failures=0;duplicates=0,false,ineligible,recursive_bias_found,,pair_available_history;verify_exact_regime_window_before_run
grad,spot_long,grad:39dd0c89ec99,repos/jaredrsommer_freqtradestrategies/grad (copy).py,original,,not_applicable,strategy,true,27088,historical_ledger,spot,FOUND,PASS,historical_spot,historical_spot,,,0,PASS,policy=1;mode=spot;timeframe=1h;complete=8/8;availability_limited=1;sync_gaps=13;pair_gaps=0;aux_failures=0;duplicates=0,false,ineligible,lookahead_found,,pair_available_history;verify_exact_regime_window_before_run
haGradient,futures_long,haGradient:ebeacb1830a6,repos/jaredrsommer_freqtradestrategies/haGradient (copy).py,original,,not_applicable,strategy,true,38,runtime_smoke,futures,NA,NA,missing,missing,,,0,PASS,policy=1;mode=futures;timeframe=15m;complete=8/8;availability_limited=0;sync_gaps=0;pair_gaps=0;aux_failures=0;duplicates=0,false,pending_diagnostics,,lookahead_not_completed;recursive_bias_not_completed;futures_mode_bias_diagnostics_not_completed,pair_available_history;verify_exact_regime_window_before_run
kalthetank,spot_long,kalthetank:07482022a935,repos/jaredrsommer_freqtradestrategies/kalthetank (2).py,original,,not_applicable,strategy,true,172,original_result_card,spot,NA,NA,missing,missing,,,0,PASS,policy=1;mode=spot;timeframe=1h;complete=8/8;availability_limited=1;sync_gaps=13;pair_gaps=0;aux_failures=0;duplicates=0,false,pending_diagnostics,,lookahead_not_completed;recursive_bias_not_completed,pair_available_history;verify_exact_regime_window_before_run
lambotest,spot_long,lambotest:2a23b45656c7,repos/jaredrsommer_freqtradestrategies/lambo_testing.py,original,,not_applicable,strategy,true,20114,historical_ledger,spot,PASS,FOUND,historical_spot,historical_spot,,drift_measured,0,PASS,policy=1;mode=spot;timeframe=5m;complete=8/8;availability_limited=1;sync_gaps=13;pair_gaps=0;aux_failures=0;duplicates=0,false,ineligible,recursive_bias_found,,pair_available_history;verify_exact_regime_window_before_run
moonhouse,spot_long,moonhouse:92e3da7800ab,repos/jaredrsommer_freqtradestrategies/moonhouse.py,original,,not_applicable,strategy,true,96,historical_ledger,spot,NA,FOUND,missing,historical_spot,,refused_no_warmup,0,PASS,policy=1;mode=spot;timeframe=1d;complete=8/8;availability_limited=1;sync_gaps=0;pair_gaps=0;aux_failures=0;duplicates=0,false,ineligible,recursive_bias_found,lookahead_not_completed,pair_available_history;verify_exact_regime_window_before_run
pcb20,spot_long,pcb20:3e410200fd86,repos/jaredrsommer_freqtradestrategies/pcb20.py,repaired,class1,strict_equivalent,strategy,true,2698,class1_result_card,spot,NA,NA,missing,missing,,,0,PASS,policy=1;mode=spot;timeframe=6h;complete=8/8;availability_limited=1;sync_gaps=0;pair_gaps=0;aux_failures=0;duplicates=0,false,pending_diagnostics,,lookahead_not_completed;recursive_bias_not_completed,pair_available_history;verify_exact_regime_window_before_run
qrsi,spot_long,qrsi:12f29e1936ac,repos/jaredrsommer_freqtradestrategies/qrsi.py,original,,not_applicable,strategy,false,,,,NA,FOUND,missing,historical_spot,,refused_no_warmup,0,PASS,policy=1;mode=spot;timeframe=15m;complete=8/8;availability_limited=1;sync_gaps=13;pair_gaps=0;aux_failures=0;duplicates=0,false,ineligible,canonical_implementation_not_measured;recursive_bias_found,native_mode_not_runtime_validated;lookahead_not_completed,pair_available_history;verify_exact_regime_window_before_run
slope_is_dopeCT,spot_long,slope_is_dopeCT:515c459225a6,repos/jaredrsommer_freqtradestrategies/slope_is_dopeCT.py,original,,not_applicable,strategy,true,821,historical_ledger,spot,PASS,FOUND,historical_spot,historical_spot,,drift_measured,0,PASS,policy=1;mode=spot;timeframe=15m;complete=8/8;availability_limited=1;sync_gaps=13;pair_gaps=0;aux_failures=0;duplicates=0,false,ineligible,recursive_bias_found,,pair_available_history;verify_exact_regime_window_before_run
tacos,spot_long,tacos:ae8314bb1591,repos/jaredrsommer_freqtradestrategies/tacos.py,original,,not_applicable,strategy,true,881,historical_ledger,spot,PASS,FOUND,historical_spot,historical_spot,,drift_measured,0,PASS,policy=1;mode=spot;timeframe=1d;complete=8/8;availability_limited=1;sync_gaps=0;pair_gaps=0;aux_failures=0;duplicates=0,false,ineligible,recursive_bias_found,,pair_available_history;verify_exact_regime_window_before_run
tacos1,spot_long,tacos1:5b2302553b14,repos/jaredrsommer_freqtradestrategies/tacos1.py,original,,not_applicable,strategy,false,,,,NA,FOUND,missing,historical_spot,,refused_no_warmup,0,PASS,policy=1;mode=spot;timeframe=6h;complete=8/8;availability_limited=1;sync_gaps=0;pair_gaps=0;aux_failures=0;duplicates=0,false,ineligible,canonical_implementation_not_measured;recursive_bias_found,native_mode_not_runtime_validated;lookahead_not_completed,pair_available_history;verify_exact_regime_window_before_run
thetank3,spot_long,thetank3:2466965f729d,repos/jaredrsommer_freqtradestrategies/thetank3.py,original,,not_applicable,strategy,true,8620,historical_ledger,spot,PASS,FOUND,historical_spot,historical_spot,,drift_measured,0,PASS,policy=1;mode=spot;timeframe=15m;complete=8/8;availability_limited=1;sync_gaps=13;pair_gaps=0;aux_failures=0;duplicates=0,false,ineligible,recursive_bias_found,,pair_available_history;verify_exact_regime_window_before_run
thetank4TV,spot_long,thetank4TV:9fe5ddb64e11,repos/jaredrsommer_freqtradestrategies/thetank4TV.py,original,,not_applicable,strategy,true,3023,historical_ledger,spot,PASS,FOUND,historical_spot,historical_spot,,drift_measured,0,PASS,policy=1;mode=spot;timeframe=15m;complete=8/8;availability_limited=1;sync_gaps=13;pair_gaps=0;aux_failures=0;duplicates=0,false,ineligible,recursive_bias_found,,pair_available_history;verify_exact_regime_window_before_run
tsp0chicken,futures_long,tsp0chicken:9a34b8c85979,user_data/profile_repairs/tsp0chicken.py,repaired,class2,strict_equivalent,strategy,true,0,runtime_smoke,futures,NA,NA,missing,historical_spot_not_inherited,,,0,PASS,policy=1;mode=futures;timeframe=5m;complete=8/8;availability_limited=0;sync_gaps=0;pair_gaps=0;aux_failures=0;duplicates=0,false,pending_diagnostics,,zero_trades_in_smoke_requires_full_window;lookahead_not_completed;recursive_bias_not_completed;futures_mode_bias_diagnostics_not_completed,pair_available_history;verify_exact_regime_window_before_run
turbov8,spot_long,turbov8:aa8407aa2b70,repos/jaredrsommer_freqtradestrategies/turbov8.py,original,,not_applicable,strategy,false,,,,NA,FOUND,missing,historical_spot,,drift_measured,0,PASS,policy=1;mode=spot;timeframe=5m;complete=8/8;availability_limited=1;sync_gaps=13;pair_gaps=0;aux_failures=0;duplicates=0,false,ineligible,canonical_implementation_not_measured;recursive_bias_found,native_mode_not_runtime_validated;lookahead_not_completed,pair_available_history;verify_exact_regime_window_before_run
ultratank,spot_long,ultratank:2f0bd946b72a,repos/jaredrsommer_freqtradestrategies/ultratank (copy).py,original,,not_applicable,strategy,true,3076,historical_ledger,spot,PASS,FOUND,historical_spot,historical_spot,,drift_measured,0,PASS,policy=1;mode=spot;timeframe=1h;complete=8/8;availability_limited=1;sync_gaps=13;pair_gaps=0;aux_failures=0;duplicates=0,false,ineligible,recursive_bias_found,,pair_available_history;verify_exact_regime_window_before_run
wavetrend,spot_long,wavetrend:ae86c4964e9d,repos/jaredrsommer_freqtradestrategies/wavetrend.py,original,,not_applicable,strategy,true,4691,historical_ledger,spot,PASS,FOUND,historical_spot,historical_spot,,drift_measured,0,PASS,policy=1;mode=spot;timeframe=1h;complete=8/8;availability_limited=1;sync_gaps=13;pair_gaps=0;aux_failures=0;duplicates=0,false,ineligible,recursive_bias_found,,pair_available_history;verify_exact_regime_window_before_run
wavetrend_rsi,spot_long,wavetrend_rsi:580f3de9c8ed,repos/jaredrsommer_freqtradestrategies/wavetrend_rsi.py,original,,not_applicable,strategy,true,5240,historical_ledger,spot,PASS,FOUND,historical_spot,historical_spot,,drift_measured,0,PASS,policy=1;mode=spot;timeframe=1h;complete=8/8;availability_limited=1;sync_gaps=13;pair_gaps=0;aux_failures=0;duplicates=0,false,ineligible,recursive_bias_found,,pair_available_history;verify_exact_regime_window_before_run
RLAgentStrategy,futures_long,RLAgentStrategy:174aea157e75,repos/jerome-benoit_freqai-strategies/ReforceXY/user_data/strategies/RLAgentStrategy.py,original,,not_applicable,strategy,false,,,,NA,NA,missing,missing,,,0,PASS,policy=1;mode=futures;timeframe=5m;complete=8/8;availability_limited=0;sync_gaps=0;pair_gaps=0;aux_failures=0;duplicates=0,false,ineligible,canonical_implementation_not_measured,native_mode_not_runtime_validated;lookahead_not_completed;recursive_bias_not_completed,pair_available_history;verify_exact_regime_window_before_run
FileLoadingStrategy,spot_long,FileLoadingStrategy:b284635634ec,repos/keithorange_FreqTradeCustomOrders/file_loading_strategy.py,original,,not_applicable,strategy,false,,,,NA,PASS,missing,historical_spot,,,0,PENDING,unsupported_or_unknown_profile,false,ineligible,canonical_implementation_not_measured,native_mode_not_runtime_validated;lookahead_not_completed;exact_regime_window_coverage_not_verified,pair_available_history;verify_exact_regime_window_before_run
FreqaiExampleHybridStrategy,futures_long_short,FreqaiExampleHybridStrategy:d73c506d5d96,repos/markdregan_FreqAI-Marcos-Lopez-De-Prado/freqtrade/templates/FreqaiExampleHybridStrategy.py,original,,not_applicable,strategy,false,,,,NA,NA,missing,missing,,,0,PASS,policy=1;mode=futures;timeframe=3m;complete=8/8;availability_limited=0;sync_gaps=0;pair_gaps=0;aux_failures=0;duplicates=0,false,ineligible,canonical_implementation_not_measured,native_mode_not_runtime_validated;lookahead_not_completed;recursive_bias_not_completed,pair_available_history;verify_exact_regime_window_before_run
TestStrategyNoImplements,unknown,TestStrategyNoImplements:51fa5dd7dbd2,repos/markdregan_FreqAI-Marcos-Lopez-De-Prado/tests/strategy/strats/broken_strats/broken_futures_strategies.py,original,,not_applicable,test_candidate,false,,,,NA,NA,missing,missing,,,0,PENDING,unsupported_or_unknown_profile,false,ineligible,canonical_implementation_not_measured,execution_profile_unresolved;artifact_role_requires_review;native_mode_not_runtime_validated;lookahead_not_completed;recursive_bias_not_completed;exact_regime_window_coverage_not_verified,pair_available_history;verify_exact_regime_window_before_run
TestStrategyLegacyV1,spot_long,TestStrategyLegacyV1:758711885d2b,repos/markdregan_FreqAI-Marcos-Lopez-De-Prado/tests/strategy/strats/broken_strats/legacy_strategy_v1.py,original,,not_applicable,test_candidate,false,,,,NA,NA,missing,missing,,,0,PASS,policy=1;mode=spot;timeframe=5m;complete=8/8;availability_limited=1;sync_gaps=13;pair_gaps=0;aux_failures=0;duplicates=0,false,ineligible,canonical_implementation_not_measured,artifact_role_requires_review;native_mode_not_runtime_validated;lookahead_not_completed;recursive_bias_not_completed,pair_available_history;verify_exact_regime_window_before_run
freqai_rl_test_strat,spot_long,freqai_rl_test_strat:f3d475b41060,repos/markdregan_FreqAI-Marcos-Lopez-De-Prado/tests/strategy/strats/freqai_rl_test_strat.py,original,,not_applicable,test_candidate,false,,,,NA,NA,missing,missing,,,0,PENDING,unsupported_or_unknown_profile,false,ineligible,canonical_implementation_not_measured,artifact_role_requires_review;native_mode_not_runtime_validated;lookahead_not_completed;recursive_bias_not_completed;exact_regime_window_coverage_not_verified,pair_available_history;verify_exact_regime_window_before_run
freqai_test_classifier,spot_long,freqai_test_classifier:1b839f881104,repos/markdregan_FreqAI-Marcos-Lopez-De-Prado/tests/strategy/strats/freqai_test_classifier.py,original,,not_applicable,test_candidate,false,,,,NA,NA,missing,missing,,,0,PENDING,unsupported_or_unknown_profile,false,ineligible,canonical_implementation_not_measured,artifact_role_requires_review;native_mode_not_runtime_validated;lookahead_not_completed;recursive_bias_not_completed;exact_regime_window_coverage_not_verified,pair_available_history;verify_exact_regime_window_before_run
freqai_test_multimodel_classifier_strat,spot_long,freqai_test_multimodel_classifier_strat:564e531102df,repos/markdregan_FreqAI-Marcos-Lopez-De-Prado/tests/strategy/strats/freqai_test_multimodel_classifier_strat.py,original,,not_applicable,test_candidate,false,,,,NA,NA,missing,missing,,,0,PENDING,unsupported_or_unknown_profile,false,ineligible,canonical_implementation_not_measured,artifact_role_requires_review;native_mode_not_runtime_validated;lookahead_not_completed;recursive_bias_not_completed;exact_regime_window_coverage_not_verified,pair_available_history;verify_exact_regime_window_before_run
freqai_test_multimodel_strat,spot_long,freqai_test_multimodel_strat:72c7222befb3,repos/markdregan_FreqAI-Marcos-Lopez-De-Prado/tests/strategy/strats/freqai_test_multimodel_strat.py,original,,not_applicable,test_candidate,false,,,,NA,NA,missing,missing,,,0,PENDING,unsupported_or_unknown_profile,false,ineligible,canonical_implementation_not_measured,artifact_role_requires_review;native_mode_not_runtime_validated;lookahead_not_completed;recursive_bias_not_completed;exact_regime_window_coverage_not_verified,pair_available_history;verify_exact_regime_window_before_run
freqai_test_strat,spot_long,freqai_test_strat:c13382d01f88,repos/markdregan_FreqAI-Marcos-Lopez-De-Prado/tests/strategy/strats/freqai_test_strat.py,original,,not_applicable,test_candidate,false,,,,NA,NA,missing,missing,,,0,PENDING,unsupported_or_unknown_profile,false,ineligible,canonical_implementation_not_measured,artifact_role_requires_review;native_mode_not_runtime_validated;lookahead_not_completed;recursive_bias_not_completed;exact_regime_window_coverage_not_verified,pair_available_history;verify_exact_regime_window_before_run
InformativeDecoratorTest,spot_long,InformativeDecoratorTest:223161d6b0e1,repos/markdregan_FreqAI-Marcos-Lopez-De-Prado/tests/strategy/strats/informative_decorator_strategy.py,original,,not_applicable,test_candidate,false,,,,NA,NA,missing,missing,,,0,PASS,policy=1;mode=spot;timeframe=5m;complete=8/8;availability_limited=1;sync_gaps=13;pair_gaps=0;aux_failures=0;duplicates=0,false,ineligible,canonical_implementation_not_measured,artifact_role_requires_review;native_mode_not_runtime_validated;lookahead_not_completed;recursive_bias_not_completed,pair_available_history;verify_exact_regime_window_before_run
StrategyTestV2,spot_long,StrategyTestV2:af19a0888d23,repos/markdregan_FreqAI-Marcos-Lopez-De-Prado/tests/strategy/strats/strategy_test_v2.py,original,,not_applicable,test_candidate,true,26070,historical_ledger,spot,PASS,FOUND,historical_spot,historical_spot,,drift_measured,0,PASS,policy=1;mode=spot;timeframe=5m;complete=8/8;availability_limited=1;sync_gaps=13;pair_gaps=0;aux_failures=0;duplicates=0,false,ineligible,recursive_bias_found,artifact_role_requires_review,pair_available_history;verify_exact_regime_window_before_run
StrategyTestV3,futures_long,StrategyTestV3:94fc2208a342,repos/markdregan_FreqAI-Marcos-Lopez-De-Prado/tests/strategy/strats/strategy_test_v3.py,original,,not_applicable,test_candidate,true,818,runtime_smoke,spot;futures,NA,FOUND,historical_spot_not_inherited,historical_spot_not_inherited,,drift_measured,0,PASS,policy=1;mode=futures;timeframe=5m;complete=8/8;availability_limited=0;sync_gaps=0;pair_gaps=0;aux_failures=0;duplicates=0,false,ineligible,recursive_bias_found,artifact_role_requires_review;lookahead_not_completed;futures_mode_bias_diagnostics_not_completed,pair_available_history;verify_exact_regime_window_before_run
LitmusMLDPStrategy,futures_long_short,LitmusMLDPStrategy:53e3331fc06d,repos/markdregan_FreqAI-Marcos-Lopez-De-Prado/user_data/strategies/LitmusMLDPStrategy.py,original,,not_applicable,strategy,false,,,,NA,NA,missing,historical_spot_not_inherited,,,0,PASS,policy=1;mode=futures;timeframe=5m;complete=8/8;availability_limited=0;sync_gaps=0;pair_gaps=0;aux_failures=0;duplicates=0,false,ineligible,canonical_implementation_not_measured,native_mode_not_runtime_validated;lookahead_not_completed;recursive_bias_not_completed,pair_available_history;verify_exact_regime_window_before_run
LitmusMinMaxBroadClassificationStrategy,futures_long_short,LitmusMinMaxBroadClassificationStrategy:5f4d906d5e5a,repos/markdregan_FreqAI-Marcos-Lopez-De-Prado/user_data/strategies/LitmusMinMaxBroadClassificationStrategy.py,original,,not_applicable,strategy,false,,,,NA,NA,missing,historical_spot_not_inherited,,,0,PASS,policy=1;mode=futures;timeframe=3m;complete=8/8;availability_limited=0;sync_gaps=0;pair_gaps=0;aux_failures=0;duplicates=0,false,ineligible,canonical_implementation_not_measured,native_mode_not_runtime_validated;lookahead_not_completed;recursive_bias_not_completed,pair_available_history;verify_exact_regime_window_before_run
LitmusMinMaxStrategy,futures_long_short,LitmusMinMaxStrategy:5033252dca2f,repos/markdregan_FreqAI-Marcos-Lopez-De-Prado/user_data/strategies/LitmusMinMaxStrategy.py,original,,not_applicable,strategy,false,,,,NA,NA,missing,historical_spot_not_inherited,,,0,PASS,policy=1;mode=futures;timeframe=3m;complete=8/8;availability_limited=0;sync_gaps=0;pair_gaps=0;aux_failures=0;duplicates=0,false,ineligible,canonical_implementation_not_measured,native_mode_not_runtime_validated;lookahead_not_completed;recursive_bias_not_completed,pair_available_history;verify_exact_regime_window_before_run
LitmusMinMaxTrendStrategy,futures_long_short,LitmusMinMaxTrendStrategy:a1af3a42de96,repos/markdregan_FreqAI-Marcos-Lopez-De-Prado/user_data/strategies/LitmusMinMaxTrendStrategy.py,original,,not_applicable,strategy,false,,,,NA,NA,missing,historical_spot_not_inherited,,,0,PENDING,unsupported_or_unknown_profile,false,ineligible,canonical_implementation_not_measured,native_mode_not_runtime_validated;lookahead_not_completed;recursive_bias_not_completed;exact_regime_window_coverage_not_verified,pair_available_history;verify_exact_regime_window_before_run
LitmusSimpleStrategy,futures_long_short,LitmusSimpleStrategy:6f8027fe2f0d,repair/patched/repos/markdregan_FreqAI-Marcos-Lopez-De-Prado/user_data/strategies/LitmusSimpleStrategy.py,repaired,class2,strict_equivalent,strategy,false,,freqai_result_card,,NA,NA,missing,historical_spot_not_inherited,,,0,PENDING,unsupported_or_unknown_profile,false,ineligible,canonical_implementation_not_measured,native_mode_not_runtime_validated;lookahead_not_completed;recursive_bias_not_completed;exact_regime_window_coverage_not_verified,pair_available_history;verify_exact_regime_window_before_run
CopyLitmusMinMaxBroadClassificationStrategy,futures_long_short,CopyLitmusMinMaxBroadClassificationStrategy:871c27882e0c,repos/markdregan_FreqAI-Marcos-Lopez-De-Prado/user_data/strategies/deprecated/CopyLitmusMinMaxBroadClassificationStrategy.py,original,,not_applicable,strategy,false,,,,NA,NA,missing,historical_spot_not_inherited,,,0,PASS,policy=1;mode=futures;timeframe=3m;complete=8/8;availability_limited=0;sync_gaps=0;pair_gaps=0;aux_failures=0;duplicates=0,false,ineligible,canonical_implementation_not_measured,native_mode_not_runtime_validated;lookahead_not_completed;recursive_bias_not_completed,pair_available_history;verify_exact_regime_window_before_run
LitmusEntryRollClassificationStrategy,futures_long_short,LitmusEntryRollClassificationStrategy:eed405eff84b,repos/markdregan_FreqAI-Marcos-Lopez-De-Prado/user_data/strategies/deprecated/LitmusEntryRollClassificationStrategy.py,original,,not_applicable,strategy,false,,,,NA,NA,missing,historical_spot_not_inherited,,,0,PASS,policy=1;mode=futures;timeframe=3m;complete=8/8;availability_limited=0;sync_gaps=0;pair_gaps=0;aux_failures=0;duplicates=0,false,ineligible,canonical_implementation_not_measured,native_mode_not_runtime_validated;lookahead_not_completed;recursive_bias_not_completed,pair_available_history;verify_exact_regime_window_before_run
LitmusGoodMinMaxClassificationStrategy,futures_long_short,LitmusGoodMinMaxClassificationStrategy:18be38360de5,repos/markdregan_FreqAI-Marcos-Lopez-De-Prado/user_data/strategies/deprecated/LitmusGoodMinMaxClassificationStrategy.py,original,,not_applicable,strategy,false,,,,NA,NA,missing,missing,,,0,PENDING,unsupported_or_unknown_profile,false,ineligible,canonical_implementation_not_measured,native_mode_not_runtime_validated;lookahead_not_completed;recursive_bias_not_completed;exact_regime_window_coverage_not_verified,pair_available_history;verify_exact_regime_window_before_run
LitmusMetaStrategy,futures_long_short,LitmusMetaStrategy:0358c58a4bd8,repos/markdregan_FreqAI-Marcos-Lopez-De-Prado/user_data/strategies/deprecated/LitmusMetaStrategy.py,original,,not_applicable,strategy,false,,,,NA,NA,missing,historical_spot_not_inherited,,,0,PASS,policy=1;mode=futures;timeframe=3m;complete=8/8;availability_limited=0;sync_gaps=0;pair_gaps=0;aux_failures=0;duplicates=0,false,ineligible,canonical_implementation_not_measured,native_mode_not_runtime_validated;lookahead_not_completed;recursive_bias_not_completed,pair_available_history;verify_exact_regime_window_before_run
LitmusMinMaxClassificationStrategy,futures_long_short,LitmusMinMaxClassificationStrategy:2021ac520463,repos/markdregan_FreqAI-Marcos-Lopez-De-Prado/user_data/strategies/deprecated/LitmusMinMaxClassificationStrategy.py,original,,not_applicable,strategy,false,,,,NA,NA,missing,historical_spot_not_inherited,,,0,PASS,policy=1;mode=futures;timeframe=3m;complete=8/8;availability_limited=0;sync_gaps=0;pair_gaps=0;aux_failures=0;duplicates=0,false,ineligible,canonical_implementation_not_measured,native_mode_not_runtime_validated;lookahead_not_completed;recursive_bias_not_completed,pair_available_history;verify_exact_regime_window_before_run
LitmusMinMaxRegretClassificationStrategy,futures_long,LitmusMinMaxRegretClassificationStrategy:cfcc3b322ee4,repos/markdregan_FreqAI-Marcos-Lopez-De-Prado/user_data/strategies/deprecated/LitmusMinMaxRegretClassificationStrategy.py,original,,not_applicable,strategy,false,,,,NA,NA,missing,historical_spot_not_inherited,,,0,PASS,policy=1;mode=futures;timeframe=3m;complete=8/8;availability_limited=0;sync_gaps=0;pair_gaps=0;aux_failures=0;duplicates=0,false,ineligible,canonical_implementation_not_measured,native_mode_not_runtime_validated;lookahead_not_completed;recursive_bias_not_completed,pair_available_history;verify_exact_regime_window_before_run
LitmusMinMaxSegmentClassificationStrategy,futures_long_short,LitmusMinMaxSegmentClassificationStrategy:cf5f25e09bb1,repos/markdregan_FreqAI-Marcos-Lopez-De-Prado/user_data/strategies/deprecated/LitmusMinMaxSegmentClassificationStrategy.py,original,,not_applicable,strategy,false,,,,NA,NA,missing,historical_spot_not_inherited,,,0,PASS,policy=1;mode=futures;timeframe=3m;complete=8/8;availability_limited=0;sync_gaps=0;pair_gaps=0;aux_failures=0;duplicates=0,false,ineligible,canonical_implementation_not_measured,native_mode_not_runtime_validated;lookahead_not_completed;recursive_bias_not_completed,pair_available_history;verify_exact_regime_window_before_run
MultiTargetClassifierTestStrategy,spot_long,MultiTargetClassifierTestStrategy:670ae0a67d4e,repos/markdregan_FreqAI-Marcos-Lopez-De-Prado/user_data/strategies/deprecated/MultiTargetClassifierTestStrategy.py,original,,not_applicable,strategy,false,,,,NA,NA,missing,missing,,,0,PENDING,unsupported_or_unknown_profile,false,ineligible,canonical_implementation_not_measured,native_mode_not_runtime_validated;lookahead_not_completed;recursive_bias_not_completed;exact_regime_window_coverage_not_verified,pair_available_history;verify_exact_regime_window_before_run
MultiTargetRegressorTestStrategy,spot_long,MultiTargetRegressorTestStrategy:90b21673d7e0,repos/markdregan_FreqAI-Marcos-Lopez-De-Prado/user_data/strategies/deprecated/MultiTargetRegressorTestStrategy.py,original,,not_applicable,strategy,false,,,,NA,NA,missing,missing,,,0,PENDING,unsupported_or_unknown_profile,false,ineligible,canonical_implementation_not_measured,native_mode_not_runtime_validated;lookahead_not_completed;recursive_bias_not_completed;exact_regime_window_coverage_not_verified,pair_available_history;verify_exact_regime_window_before_run
BuyOrDie,spot_long,BuyOrDie:aa771c3bd658,repos/mikedigriz_freqtrade-strategy-mikedigriz/strategies/BuyOrDie.py,original,,not_applicable,strategy,true,3247,historical_ledger,spot,PASS,FOUND,historical_spot,historical_spot,,refused_no_warmup,0,PASS,policy=1;mode=spot;timeframe=5m;complete=8/8;availability_limited=1;sync_gaps=13;pair_gaps=0;aux_failures=0;duplicates=0,false,ineligible,recursive_bias_found,,pair_available_history;verify_exact_regime_window_before_run
CCI_BB,spot_long,CCI_BB:6368aeed4ade,repos/mikedigriz_freqtrade-strategy-mikedigriz/strategies/CCI_BB.py,original,,not_applicable,strategy,true,926,historical_ledger,spot,PASS,FOUND,historical_spot,historical_spot,,refused_no_warmup,0,PASS,policy=1;mode=spot;timeframe=5m;complete=8/8;availability_limited=1;sync_gaps=13;pair_gaps=0;aux_failures=0;duplicates=0,false,ineligible,recursive_bias_found,,pair_available_history;verify_exact_regime_window_before_run
EasyInEasyOut,spot_long,EasyInEasyOut:07e228cc77ef,repos/mikedigriz_freqtrade-strategy-mikedigriz/strategies/EasyInEasyOut.py,repaired,class1,strict_equivalent,strategy,true,17,class1_result_card,spot,PASS,FOUND,historical_spot,historical_spot,,refused_no_warmup,0,PASS,policy=1;mode=spot;timeframe=1m;complete=8/8;availability_limited=1;sync_gaps=13;pair_gaps=0;aux_failures=0;duplicates=0,false,ineligible,recursive_bias_found,,pair_available_history;verify_exact_regime_window_before_run
FisherHull,spot_long,FisherHull:39caa9bd4f6d,repos/mikedigriz_freqtrade-strategy-mikedigriz/strategies/FisherHull.py,repaired,class1,strict_equivalent,strategy,true,34,class1_result_card,spot,NA,FOUND,missing,historical_spot,,refused_no_warmup,0,PASS,policy=1;mode=spot;timeframe=1m;complete=8/8;availability_limited=1;sync_gaps=13;pair_gaps=0;aux_failures=0;duplicates=0,false,ineligible,recursive_bias_found,lookahead_not_completed,pair_available_history;verify_exact_regime_window_before_run
RSI_BB,spot_long,RSI_BB:a6b9af248ea0,repos/mikedigriz_freqtrade-strategy-mikedigriz/strategies/RSI_BB.py,original,,not_applicable,strategy,true,14931,historical_ledger,spot,PASS,FOUND,historical_spot,historical_spot,,refused_no_warmup,0,PASS,policy=1;mode=spot;timeframe=15m;complete=8/8;availability_limited=1;sync_gaps=13;pair_gaps=0;aux_failures=0;duplicates=0,false,ineligible,recursive_bias_found,,pair_available_history;verify_exact_regime_window_before_run
SmartMoneyStrategy,spot_long,SmartMoneyStrategy:f89d1e0ec3dd,repos/mikedigriz_freqtrade-strategy-mikedigriz/strategies/smart_money_strategy.py,original,,not_applicable,strategy,true,285,historical_ledger,spot,PASS,FOUND,historical_spot,historical_spot,,refused_no_warmup,0,PASS,policy=1;mode=spot;timeframe=30m;complete=8/8;availability_limited=1;sync_gaps=13;pair_gaps=0;aux_failures=0;duplicates=0,false,ineligible,recursive_bias_found,,pair_available_history;verify_exact_regime_window_before_run
SmartMoneyStrategyHyperopt,spot_long,SmartMoneyStrategyHyperopt:f89d1e0ec3dd,repos/mikedigriz_freqtrade-strategy-mikedigriz/strategies/smart_money_strategy.py,original,,not_applicable,strategy,false,,,,PASS,FOUND,historical_spot,historical_spot,,refused_no_warmup,0,PASS,policy=1;mode=spot;timeframe=1h;complete=8/8;availability_limited=1;sync_gaps=13;pair_gaps=0;aux_failures=0;duplicates=0,false,ineligible,canonical_implementation_not_measured;recursive_bias_found,native_mode_not_runtime_validated,pair_available_history;verify_exact_regime_window_before_run
AdaptiveMAStrategy,spot_long,AdaptiveMAStrategy:e433e47eecf9,repos/mlsys-io_PortfolioBench/strategy/AdaptiveMAStrategy.py,repaired,class1,strict_equivalent,strategy,true,3195,class1_result_card,spot,PASS,FOUND,historical_spot,historical_spot,,drift_measured,0,PASS,policy=1;mode=spot;timeframe=5m;complete=8/8;availability_limited=1;sync_gaps=13;pair_gaps=0;aux_failures=0;duplicates=0,false,ineligible,recursive_bias_found,,pair_available_history;verify_exact_regime_window_before_run
AdxStrengthStrategy,spot_long,AdxStrengthStrategy:05dcdcd84ce3,repos/mlsys-io_PortfolioBench/strategy/AdxStrengthStrategy.py,original,,not_applicable,strategy,true,16952,historical_ledger,spot,PASS,FOUND,historical_spot,historical_spot,,drift_measured,0,PASS,policy=1;mode=spot;timeframe=5m;complete=8/8;availability_limited=1;sync_gaps=13;pair_gaps=0;aux_failures=0;duplicates=0,false,ineligible,recursive_bias_found,,pair_available_history;verify_exact_regime_window_before_run
AroonTrendStrategy,spot_long,AroonTrendStrategy:bd7f1648080c,repos/mlsys-io_PortfolioBench/strategy/AroonTrendStrategy.py,original,,not_applicable,strategy,true,24271,historical_ledger,spot,PASS,FOUND,historical_spot,historical_spot,,drift_measured,0,PASS,policy=1;mode=spot;timeframe=5m;complete=8/8;availability_limited=1;sync_gaps=13;pair_gaps=0;aux_failures=0;duplicates=0,false,ineligible,recursive_bias_found,,pair_available_history;verify_exact_regime_window_before_run
AtrTrailingStopStrategy,spot_long,AtrTrailingStopStrategy:06dbc5df260c,repos/mlsys-io_PortfolioBench/strategy/AtrTrailingStopStrategy.py,original,,not_applicable,strategy,true,24938,historical_ledger,spot,PASS,FOUND,historical_spot,historical_spot,,drift_measured,0,PASS,policy=1;mode=spot;timeframe=5m;complete=8/8;availability_limited=1;sync_gaps=13;pair_gaps=0;aux_failures=0;duplicates=0,false,ineligible,recursive_bias_found,,pair_available_history;verify_exact_regime_window_before_run
BbWidthExpansionStrategy,spot_long,BbWidthExpansionStrategy:3b178d72d6f4,repos/mlsys-io_PortfolioBench/strategy/BbWidthExpansionStrategy.py,original,,not_applicable,strategy,true,21692,historical_ledger,spot,PASS,FOUND,historical_spot,historical_spot,,drift_measured,0,PASS,policy=1;mode=spot;timeframe=5m;complete=8/8;availability_limited=1;sync_gaps=13;pair_gaps=0;aux_failures=0;duplicates=0,false,ineligible,recursive_bias_found,,pair_available_history;verify_exact_regime_window_before_run
BollingerBounceStrategy,spot_long,BollingerBounceStrategy:b3c5772fc44e,repos/mlsys-io_PortfolioBench/strategy/BollingerBounceStrategy.py,original,,not_applicable,strategy,true,11490,historical_ledger,spot,PASS,FOUND,historical_spot,historical_spot,,drift_measured,0,PASS,policy=1;mode=spot;timeframe=5m;complete=8/8;availability_limited=1;sync_gaps=13;pair_gaps=0;aux_failures=0;duplicates=0,false,ineligible,recursive_bias_found,,pair_available_history;verify_exact_regime_window_before_run
BopTrendStrategy,spot_long,BopTrendStrategy:626c709bc693,repos/mlsys-io_PortfolioBench/strategy/BopTrendStrategy.py,original,,not_applicable,strategy,true,24576,historical_ledger,spot,PASS,FOUND,historical_spot,historical_spot,,drift_measured,0,PASS,policy=1;mode=spot;timeframe=5m;complete=8/8;availability_limited=1;sync_gaps=13;pair_gaps=0;aux_failures=0;duplicates=0,false,ineligible,recursive_bias_found,,pair_available_history;verify_exact_regime_window_before_run
BullishEngulfingStrategy,spot_long,BullishEngulfingStrategy:38b92699708a,repos/mlsys-io_PortfolioBench/strategy/BullishEngulfingStrategy.py,original,,not_applicable,strategy,true,24227,historical_ledger,spot,PASS,FOUND,historical_spot,historical_spot,,drift_measured,0,PASS,policy=1;mode=spot;timeframe=5m;complete=8/8;availability_limited=1;sync_gaps=13;pair_gaps=0;aux_failures=0;duplicates=0,false,ineligible,recursive_bias_found,,pair_available_history;verify_exact_regime_window_before_run
CciMeanReversionStrategy,spot_long,CciMeanReversionStrategy:34fb3f3169da,repos/mlsys-io_PortfolioBench/strategy/CciMeanReversionStrategy.py,original,,not_applicable,strategy,true,26207,historical_ledger,spot,PASS,FOUND,historical_spot,historical_spot,,drift_measured,0,PASS,policy=1;mode=spot;timeframe=5m;complete=8/8;availability_limited=1;sync_gaps=13;pair_gaps=0;aux_failures=0;duplicates=0,false,ineligible,recursive_bias_found,,pair_available_history;verify_exact_regime_window_before_run
ChaikinMoneyFlowStrategy,spot_long,ChaikinMoneyFlowStrategy:963f862a2764,repos/mlsys-io_PortfolioBench/strategy/ChaikinMoneyFlowStrategy.py,original,,not_applicable,strategy,true,29264,historical_ledger,spot,PASS,FOUND,historical_spot,historical_spot,,drift_measured,0,PASS,policy=1;mode=spot;timeframe=5m;complete=8/8;availability_limited=1;sync_gaps=13;pair_gaps=0;aux_failures=0;duplicates=0,false,ineligible,recursive_bias_found,,pair_available_history;verify_exact_regime_window_before_run
CompositeScoreStrategy,spot_long,CompositeScoreStrategy:aaac0d704cb0,repos/mlsys-io_PortfolioBench/strategy/CompositeScoreStrategy.py,original,,not_applicable,strategy,true,28771,historical_ledger,spot,PASS,FOUND,historical_spot,historical_spot,,drift_measured,0,PASS,policy=1;mode=spot;timeframe=5m;complete=8/8;availability_limited=1;sync_gaps=13;pair_gaps=0;aux_failures=0;duplicates=0,false,ineligible,recursive_bias_found,,pair_available_history;verify_exact_regime_window_before_run
CoppockCurveStrategy,spot_long,CoppockCurveStrategy:1ed0624f28c5,repos/mlsys-io_PortfolioBench/strategy/CoppockCurveStrategy.py,original,,not_applicable,strategy,true,22332,historical_ledger,spot,PASS,FOUND,historical_spot,historical_spot,,drift_measured,0,PASS,policy=1;mode=spot;timeframe=5m;complete=8/8;availability_limited=1;sync_gaps=13;pair_gaps=0;aux_failures=0;duplicates=0,false,ineligible,recursive_bias_found,,pair_available_history;verify_exact_regime_window_before_run
DemaCrossStrategy,spot_long,DemaCrossStrategy:fc7d71098d70,repos/mlsys-io_PortfolioBench/strategy/DemaCrossStrategy.py,original,,not_applicable,strategy,true,21528,historical_ledger,spot,PASS,FOUND,historical_spot,historical_spot,,drift_measured,0,PASS,policy=1;mode=spot;timeframe=5m;complete=8/8;availability_limited=1;sync_gaps=13;pair_gaps=0;aux_failures=0;duplicates=0,false,ineligible,recursive_bias_found,,pair_available_history;verify_exact_regime_window_before_run
DonchianBreakoutStrategy,spot_long,DonchianBreakoutStrategy:dc7b4020e61f,repos/mlsys-io_PortfolioBench/strategy/DonchianBreakoutStrategy.py,original,,not_applicable,strategy,true,21512,historical_ledger,spot,PASS,FOUND,historical_spot,historical_spot,,drift_measured,0,PASS,policy=1;mode=spot;timeframe=5m;complete=8/8;availability_limited=1;sync_gaps=13;pair_gaps=0;aux_failures=0;duplicates=0,false,ineligible,recursive_bias_found,,pair_available_history;verify_exact_regime_window_before_run
EmaCrossStrategy,spot_long,EmaCrossStrategy:d0fbe1247f19,repos/mlsys-io_PortfolioBench/strategy/EmaCrossStrategy.py,original,,not_applicable,strategy,false,,,,NA,PASS,missing,historical_spot,,,0,PENDING,unsupported_or_unknown_profile,false,ineligible,canonical_implementation_not_measured,native_mode_not_runtime_validated;lookahead_not_completed;exact_regime_window_coverage_not_verified,pair_available_history;verify_exact_regime_window_before_run
EmaRibbonStrategy,spot_long,EmaRibbonStrategy:fda28f1a1f9a,repos/mlsys-io_PortfolioBench/strategy/EmaRibbonStrategy.py,original,,not_applicable,strategy,true,22752,historical_ledger,spot,PASS,FOUND,historical_spot,historical_spot,,drift_measured,0,PASS,policy=1;mode=spot;timeframe=5m;complete=8/8;availability_limited=1;sync_gaps=13;pair_gaps=0;aux_failures=0;duplicates=0,false,ineligible,recursive_bias_found,,pair_available_history;verify_exact_regime_window_before_run
FisherTransformStrategy,spot_long,FisherTransformStrategy:0d6f65831da8,repos/mlsys-io_PortfolioBench/strategy/FisherTransformStrategy.py,original,,not_applicable,strategy,true,22576,historical_ledger,spot,PASS,FOUND,historical_spot,historical_spot,,drift_measured,0,PASS,policy=1;mode=spot;timeframe=5m;complete=8/8;availability_limited=1;sync_gaps=13;pair_gaps=0;aux_failures=0;duplicates=0,false,ineligible,recursive_bias_found,,pair_available_history;verify_exact_regime_window_before_run
GoldenCrossStrategy,spot_long,GoldenCrossStrategy:a4766e43da6c,repos/mlsys-io_PortfolioBench/strategy/GoldenCrossStrategy.py,original,,not_applicable,strategy,true,5920,historical_ledger,spot,PASS,FOUND,historical_spot,historical_spot,,drift_measured,0,PASS,policy=1;mode=spot;timeframe=5m;complete=8/8;availability_limited=1;sync_gaps=13;pair_gaps=0;aux_failures=0;duplicates=0,false,ineligible,recursive_bias_found,,pair_available_history;verify_exact_regime_window_before_run
HeikinAshiStrategy,spot_long,HeikinAshiStrategy:8eedba9514fa,repos/mlsys-io_PortfolioBench/strategy/HeikinAshiStrategy.py,original,,not_applicable,strategy,true,26155,historical_ledger,spot,PASS,FOUND,historical_spot,historical_spot,,drift_measured,0,PASS,policy=1;mode=spot;timeframe=5m;complete=8/8;availability_limited=1;sync_gaps=13;pair_gaps=0;aux_failures=0;duplicates=0,false,ineligible,recursive_bias_found,,pair_available_history;verify_exact_regime_window_before_run
HigherHighStrategy,spot_long,HigherHighStrategy:9105005ff090,repos/mlsys-io_PortfolioBench/strategy/HigherHighStrategy.py,original,,not_applicable,strategy,true,26360,historical_ledger,spot,PASS,FOUND,historical_spot,historical_spot,,drift_measured,0,PASS,policy=1;mode=spot;timeframe=5m;complete=8/8;availability_limited=1;sync_gaps=13;pair_gaps=0;aux_failures=0;duplicates=0,false,ineligible,recursive_bias_found,,pair_available_history;verify_exact_regime_window_before_run
IchimokuCloudStrategy,spot_long,IchimokuCloudStrategy:89fe46d5a673,repos/mlsys-io_PortfolioBench/strategy/IchimokuCloudStrategy.py,original,,not_applicable,strategy,true,796,historical_ledger,spot,FOUND,FOUND,historical_spot,historical_spot,,drift_measured,0,PASS,policy=1;mode=spot;timeframe=4h;complete=8/8;availability_limited=1;sync_gaps=0;pair_gaps=0;aux_failures=0;duplicates=0,false,ineligible,lookahead_found;recursive_bias_found,,pair_available_history;verify_exact_regime_window_before_run
IchimokuSimpleStrategy,spot_long,IchimokuSimpleStrategy:b3c90b912066,repos/mlsys-io_PortfolioBench/strategy/IchimokuSimpleStrategy.py,original,,not_applicable,strategy,true,19831,historical_ledger,spot,PASS,FOUND,historical_spot,historical_spot,,drift_measured,0,PASS,policy=1;mode=spot;timeframe=5m;complete=8/8;availability_limited=1;sync_gaps=13;pair_gaps=0;aux_failures=0;duplicates=0,false,ineligible,recursive_bias_found,,pair_available_history;verify_exact_regime_window_before_run
KeltnerChannelStrategy,spot_long,KeltnerChannelStrategy:6570c306ac3e,repos/mlsys-io_PortfolioBench/strategy/KeltnerChannelStrategy.py,original,,not_applicable,strategy,true,16720,historical_ledger,spot,PASS,FOUND,historical_spot,historical_spot,,drift_measured,0,PASS,policy=1;mode=spot;timeframe=5m;complete=8/8;availability_limited=1;sync_gaps=13;pair_gaps=0;aux_failures=0;duplicates=0,false,ineligible,recursive_bias_found,,pair_available_history;verify_exact_regime_window_before_run
LinearRegressionStrategy,spot_long,LinearRegressionStrategy:98800ab5f934,repos/mlsys-io_PortfolioBench/strategy/LinearRegressionStrategy.py,original,,not_applicable,strategy,true,24570,historical_ledger,spot,PASS,FOUND,historical_spot,historical_spot,,drift_measured,0,PASS,policy=1;mode=spot;timeframe=5m;complete=8/8;availability_limited=1;sync_gaps=13;pair_gaps=0;aux_failures=0;duplicates=0,false,ineligible,recursive_bias_found,,pair_available_history;verify_exact_regime_window_before_run
MacdAdxStrategy,spot_long,MacdAdxStrategy:46b384f18d8c,repos/mlsys-io_PortfolioBench/strategy/MacdAdxStrategy.py,original,,not_applicable,strategy,true,27220,historical_ledger,spot,PASS,FOUND,historical_spot,historical_spot,,drift_measured,0,PASS,policy=1;mode=spot;timeframe=5m;complete=8/8;availability_limited=1;sync_gaps=13;pair_gaps=0;aux_failures=0;duplicates=0,false,ineligible,recursive_bias_found,,pair_available_history;verify_exact_regime_window_before_run
MacdZeroCrossStrategy,spot_long,MacdZeroCrossStrategy:b590a3add24b,repos/mlsys-io_PortfolioBench/strategy/MacdZeroCrossStrategy.py,original,,not_applicable,strategy,true,29909,historical_ledger,spot,PASS,FOUND,historical_spot,historical_spot,,drift_measured,0,PASS,policy=1;mode=spot;timeframe=5m;complete=8/8;availability_limited=1;sync_gaps=13;pair_gaps=0;aux_failures=0;duplicates=0,false,ineligible,recursive_bias_found,,pair_available_history;verify_exact_regime_window_before_run
MlpSpeculativeStrategy,spot_long,MlpSpeculativeStrategy:95cb34966fc9,repos/mlsys-io_PortfolioBench/strategy/MlpSpeculativeStrategy.py,original,,not_applicable,strategy,false,,,,NA,PASS,missing,historical_spot,,,0,PENDING,unsupported_or_unknown_profile,false,ineligible,canonical_implementation_not_measured,native_mode_not_runtime_validated;lookahead_not_completed;exact_regime_window_coverage_not_verified,pair_available_history;verify_exact_regime_window_before_run
MomentumScoreStrategy,spot_long,MomentumScoreStrategy:d21460ba0e97,repos/mlsys-io_PortfolioBench/strategy/MomentumScoreStrategy.py,original,,not_applicable,strategy,true,27460,historical_ledger,spot,PASS,FOUND,historical_spot,historical_spot,,drift_measured,0,PASS,policy=1;mode=spot;timeframe=5m;complete=8/8;availability_limited=1;sync_gaps=13;pair_gaps=0;aux_failures=0;duplicates=0,false,ineligible,recursive_bias_found,,pair_available_history;verify_exact_regime_window_before_run
MoneyFlowStrategy,spot_long,MoneyFlowStrategy:d38048d3a85c,repos/mlsys-io_PortfolioBench/strategy/MoneyFlowStrategy.py,original,,not_applicable,strategy,true,19490,historical_ledger,spot,PASS,FOUND,historical_spot,historical_spot,,drift_measured,0,PASS,policy=1;mode=spot;timeframe=5m;complete=8/8;availability_limited=1;sync_gaps=13;pair_gaps=0;aux_failures=0;duplicates=0,false,ineligible,recursive_bias_found,,pair_available_history;verify_exact_regime_window_before_run
MultiFactorConfluenceStrategy,spot_long,MultiFactorConfluenceStrategy:676380749bed,repos/mlsys-io_PortfolioBench/strategy/MultiFactorConfluenceStrategy.py,original,,not_applicable,strategy,true,5224,historical_ledger,spot,PASS,FOUND,historical_spot,historical_spot,,drift_measured,0,PASS,policy=1;mode=spot;timeframe=4h;complete=8/8;availability_limited=1;sync_gaps=0;pair_gaps=0;aux_failures=0;duplicates=0,false,ineligible,recursive_bias_found,,pair_available_history;verify_exact_regime_window_before_run
ObvTrendStrategy,spot_long,ObvTrendStrategy:ff64402b7f36,repos/mlsys-io_PortfolioBench/strategy/ObvTrendStrategy.py,original,,not_applicable,strategy,true,26508,historical_ledger,spot,PASS,FOUND,historical_spot,historical_spot,,drift_measured,0,PASS,policy=1;mode=spot;timeframe=5m;complete=8/8;availability_limited=1;sync_gaps=13;pair_gaps=0;aux_failures=0;duplicates=0,false,ineligible,recursive_bias_found,,pair_available_history;verify_exact_regime_window_before_run
ParabolicSarStrategy,spot_long,ParabolicSarStrategy:4479f5253d31,repos/mlsys-io_PortfolioBench/strategy/ParabolicSarStrategy.py,original,,not_applicable,strategy,true,24042,historical_ledger,spot,PASS,FOUND,historical_spot,historical_spot,,drift_measured,0,PASS,policy=1;mode=spot;timeframe=5m;complete=8/8;availability_limited=1;sync_gaps=13;pair_gaps=0;aux_failures=0;duplicates=0,false,ineligible,recursive_bias_found,,pair_available_history;verify_exact_regime_window_before_run
PolymarketLogicalArbStrategy,spot_long,PolymarketLogicalArbStrategy:83ee08e69ba4,repos/mlsys-io_PortfolioBench/strategy/PolymarketLogicalArb/PolymarketLogicalArbStrategy.py,original,,not_applicable,strategy,false,,,,NA,NA,missing,missing,,,0,PASS,policy=1;mode=spot;timeframe=4h;complete=8/8;availability_limited=1;sync_gaps=0;pair_gaps=0;aux_failures=0;duplicates=0,false,ineligible,canonical_implementation_not_measured,native_mode_not_runtime_validated;lookahead_not_completed;recursive_bias_not_completed,pair_available_history;verify_exact_regime_window_before_run
PolymarketMeanReversionStrategy,spot_long,PolymarketMeanReversionStrategy:6d6e2dbac397,repos/mlsys-io_PortfolioBench/strategy/PolymarketMeanReversionStrategy.py,original,,not_applicable,strategy,false,,,,NA,PASS,missing,historical_spot,,,0,PENDING,unsupported_or_unknown_profile,false,ineligible,canonical_implementation_not_measured,native_mode_not_runtime_validated;lookahead_not_completed;exact_regime_window_coverage_not_verified,pair_available_history;verify_exact_regime_window_before_run
PolymarketMomentumStrategy,spot_long,PolymarketMomentumStrategy:2575d1935f95,repos/mlsys-io_PortfolioBench/strategy/PolymarketMomentumStrategy.py,original,,not_applicable,strategy,false,,,,NA,PASS,missing,historical_spot,,,0,PENDING,unsupported_or_unknown_profile,false,ineligible,canonical_implementation_not_measured,native_mode_not_runtime_validated;lookahead_not_completed;exact_regime_window_coverage_not_verified,pair_available_history;verify_exact_regime_window_before_run
PpoMomentumStrategy,spot_long,PpoMomentumStrategy:fce3a828dd18,repos/mlsys-io_PortfolioBench/strategy/PpoMomentumStrategy.py,original,,not_applicable,strategy,true,20537,historical_ledger,spot,PASS,FOUND,historical_spot,historical_spot,,drift_measured,0,PASS,policy=1;mode=spot;timeframe=5m;complete=8/8;availability_limited=1;sync_gaps=13;pair_gaps=0;aux_failures=0;duplicates=0,false,ineligible,recursive_bias_found,,pair_available_history;verify_exact_regime_window_before_run
PriceActionCandleStrategy,spot_long,PriceActionCandleStrategy:51d404e31d59,repos/mlsys-io_PortfolioBench/strategy/PriceActionCandleStrategy.py,original,,not_applicable,strategy,true,24545,historical_ledger,spot,PASS,FOUND,historical_spot,historical_spot,,drift_measured,0,PASS,policy=1;mode=spot;timeframe=5m;complete=8/8;availability_limited=1;sync_gaps=13;pair_gaps=0;aux_failures=0;duplicates=0,false,ineligible,recursive_bias_found,,pair_available_history;verify_exact_regime_window_before_run
PriceChannelStrategy,spot_long,PriceChannelStrategy:4e6971429fb5,repos/mlsys-io_PortfolioBench/strategy/PriceChannelStrategy.py,original,,not_applicable,strategy,true,17105,historical_ledger,spot,PASS,FOUND,historical_spot,historical_spot,,drift_measured,0,PASS,policy=1;mode=spot;timeframe=5m;complete=8/8;availability_limited=1;sync_gaps=13;pair_gaps=0;aux_failures=0;duplicates=0,false,ineligible,recursive_bias_found,,pair_available_history;verify_exact_regime_window_before_run
RSI_EMA_strategy,spot_long,RSI_EMA_strategy:14bbc9a9afab,repos/mlsys-io_PortfolioBench/strategy/RSI_EMA_strategy.py,original,,not_applicable,strategy,true,5240,historical_ledger,spot,PASS,FOUND,historical_spot,historical_spot,,refused_no_warmup,0,PASS,policy=1;mode=spot;timeframe=5m;complete=8/8;availability_limited=1;sync_gaps=13;pair_gaps=0;aux_failures=0;duplicates=0,false,ineligible,recursive_bias_found,,pair_available_history;verify_exact_regime_window_before_run
RocMomentumStrategy,spot_long,RocMomentumStrategy:166e223f73c4,repos/mlsys-io_PortfolioBench/strategy/RocMomentumStrategy.py,original,,not_applicable,strategy,true,26606,historical_ledger,spot,PASS,FOUND,historical_spot,historical_spot,,drift_measured,0,PASS,policy=1;mode=spot;timeframe=5m;complete=8/8;availability_limited=1;sync_gaps=13;pair_gaps=0;aux_failures=0;duplicates=0,false,ineligible,recursive_bias_found,,pair_available_history;verify_exact_regime_window_before_run
RsiBollingerStrategy,spot_long,RsiBollingerStrategy:6a305d53819a,repos/mlsys-io_PortfolioBench/strategy/RsiBollingerStrategy.py,original,,not_applicable,strategy,true,2885,historical_ledger,spot,PASS,FOUND,historical_spot,historical_spot,,drift_measured,0,PASS,policy=1;mode=spot;timeframe=1h;complete=8/8;availability_limited=1;sync_gaps=13;pair_gaps=0;aux_failures=0;duplicates=0,false,ineligible,recursive_bias_found,,pair_available_history;verify_exact_regime_window_before_run
RsiDivergenceStrategy,spot_long,RsiDivergenceStrategy:3a81b44a0d47,repos/mlsys-io_PortfolioBench/strategy/RsiDivergenceStrategy.py,original,,not_applicable,strategy,true,474,historical_ledger,spot,NA,FOUND,missing,historical_spot,,drift_measured,0,PASS,policy=1;mode=spot;timeframe=5m;complete=8/8;availability_limited=1;sync_gaps=13;pair_gaps=0;aux_failures=0;duplicates=0,false,ineligible,recursive_bias_found,lookahead_not_completed,pair_available_history;verify_exact_regime_window_before_run
SqueezeMomentumStrategy,spot_long,SqueezeMomentumStrategy:d646adb5969c,repos/mlsys-io_PortfolioBench/strategy/SqueezeMomentumStrategy.py,original,,not_applicable,strategy,true,23183,historical_ledger,spot,PASS,FOUND,historical_spot,historical_spot,,drift_measured,0,PASS,policy=1;mode=spot;timeframe=5m;complete=8/8;availability_limited=1;sync_gaps=13;pair_gaps=0;aux_failures=0;duplicates=0,false,ineligible,recursive_bias_found,,pair_available_history;verify_exact_regime_window_before_run
StochasticCciStrategy,spot_long,StochasticCciStrategy:d6babf5edab9,repos/mlsys-io_PortfolioBench/strategy/StochasticCciStrategy.py,original,,not_applicable,strategy,true,1325,historical_ledger,spot,PASS,PASS,historical_spot,historical_spot,,,0,PASS,policy=1;mode=spot;timeframe=1h;complete=8/8;availability_limited=1;sync_gaps=13;pair_gaps=0;aux_failures=0;duplicates=0,true,eligible,,,pair_available_history;verify_exact_regime_window_before_run
StochasticOversoldStrategy,spot_long,StochasticOversoldStrategy:68599ded4c36,repos/mlsys-io_PortfolioBench/strategy/StochasticOversoldStrategy.py,original,,not_applicable,strategy,true,23710,historical_ledger,spot,PASS,FOUND,historical_spot,historical_spot,,drift_measured,0,PASS,policy=1;mode=spot;timeframe=5m;complete=8/8;availability_limited=1;sync_gaps=13;pair_gaps=0;aux_failures=0;duplicates=0,false,ineligible,recursive_bias_found,,pair_available_history;verify_exact_regime_window_before_run
StochasticRsiStrategy,spot_long,StochasticRsiStrategy:f4292b3f521c,repos/mlsys-io_PortfolioBench/strategy/StochasticRsiStrategy.py,original,,not_applicable,strategy,true,24673,historical_ledger,spot,PASS,FOUND,historical_spot,historical_spot,,drift_measured,0,PASS,policy=1;mode=spot;timeframe=5m;complete=8/8;availability_limited=1;sync_gaps=13;pair_gaps=0;aux_failures=0;duplicates=0,false,ineligible,recursive_bias_found,,pair_available_history;verify_exact_regime_window_before_run
TemaStrategy,spot_long,TemaStrategy:5e34ef95ca12,repos/mlsys-io_PortfolioBench/strategy/TemaStrategy.py,original,,not_applicable,strategy,true,18093,historical_ledger,spot,PASS,FOUND,historical_spot,historical_spot,,drift_measured,0,PASS,policy=1;mode=spot;timeframe=5m;complete=8/8;availability_limited=1;sync_gaps=13;pair_gaps=0;aux_failures=0;duplicates=0,false,ineligible,recursive_bias_found,,pair_available_history;verify_exact_regime_window_before_run
TrendAtrStrategy,spot_long,TrendAtrStrategy:951bd002344d,repos/mlsys-io_PortfolioBench/strategy/TrendAtrStrategy.py,original,,not_applicable,strategy,true,3067,historical_ledger,spot,PASS,FOUND,historical_spot,historical_spot,,drift_measured,0,PASS,policy=1;mode=spot;timeframe=4h;complete=8/8;availability_limited=1;sync_gaps=0;pair_gaps=0;aux_failures=0;duplicates=0,false,ineligible,recursive_bias_found,,pair_available_history;verify_exact_regime_window_before_run
TripleEmaStrategy,spot_long,TripleEmaStrategy:9e11c65ddcfb,repos/mlsys-io_PortfolioBench/strategy/TripleEmaStrategy.py,original,,not_applicable,strategy,true,17670,historical_ledger,spot,PASS,FOUND,historical_spot,historical_spot,,drift_measured,0,PASS,policy=1;mode=spot;timeframe=5m;complete=8/8;availability_limited=1;sync_gaps=13;pair_gaps=0;aux_failures=0;duplicates=0,false,ineligible,recursive_bias_found,,pair_available_history;verify_exact_regime_window_before_run
TrixSignalStrategy,spot_long,TrixSignalStrategy:9eae9669c0a2,repos/mlsys-io_PortfolioBench/strategy/TrixSignalStrategy.py,original,,not_applicable,strategy,true,17885,historical_ledger,spot,PASS,FOUND,historical_spot,historical_spot,,drift_measured,0,PASS,policy=1;mode=spot;timeframe=5m;complete=8/8;availability_limited=1;sync_gaps=13;pair_gaps=0;aux_failures=0;duplicates=0,false,ineligible,recursive_bias_found,,pair_available_history;verify_exact_regime_window_before_run
VolumeBreakoutStrategy,spot_long,VolumeBreakoutStrategy:67136cbb6998,repos/mlsys-io_PortfolioBench/strategy/VolumeBreakoutStrategy.py,original,,not_applicable,strategy,true,16564,historical_ledger,spot,PASS,FOUND,historical_spot,historical_spot,,drift_measured,0,PASS,policy=1;mode=spot;timeframe=5m;complete=8/8;availability_limited=1;sync_gaps=13;pair_gaps=0;aux_failures=0;duplicates=0,false,ineligible,recursive_bias_found,,pair_available_history;verify_exact_regime_window_before_run
VortexStrategy,spot_long,VortexStrategy:2c4e17d1a332,repos/mlsys-io_PortfolioBench/strategy/VortexStrategy.py,original,,not_applicable,strategy,true,29787,historical_ledger,spot,PASS,FOUND,historical_spot,historical_spot,,drift_measured,0,PASS,policy=1;mode=spot;timeframe=5m;complete=8/8;availability_limited=1;sync_gaps=13;pair_gaps=0;aux_failures=0;duplicates=0,false,ineligible,recursive_bias_found,,pair_available_history;verify_exact_regime_window_before_run
VwapReversionStrategy,spot_long,VwapReversionStrategy:f19eb369d53f,repos/mlsys-io_PortfolioBench/strategy/VwapReversionStrategy.py,original,,not_applicable,strategy,true,22316,historical_ledger,spot,PASS,FOUND,historical_spot,historical_spot,,drift_measured,0,PASS,policy=1;mode=spot;timeframe=5m;complete=8/8;availability_limited=1;sync_gaps=13;pair_gaps=0;aux_failures=0;duplicates=0,false,ineligible,recursive_bias_found,,pair_available_history;verify_exact_regime_window_before_run
WilliamsRStrategy,spot_long,WilliamsRStrategy:29ca8d32961c,repos/mlsys-io_PortfolioBench/strategy/WilliamsRStrategy.py,original,,not_applicable,strategy,true,26924,historical_ledger,spot,PASS,FOUND,historical_spot,historical_spot,,drift_measured,0,PASS,policy=1;mode=spot;timeframe=5m;complete=8/8;availability_limited=1;sync_gaps=13;pair_gaps=0;aux_failures=0;duplicates=0,false,ineligible,recursive_bias_found,,pair_available_history;verify_exact_regime_window_before_run
ZScoreMeanReversionStrategy,spot_long,ZScoreMeanReversionStrategy:c7920975d8dd,repos/mlsys-io_PortfolioBench/strategy/ZScoreMeanReversionStrategy.py,original,,not_applicable,strategy,true,37,historical_ledger,spot,NA,FOUND,missing,historical_spot,,drift_measured,0,PASS,policy=1;mode=spot;timeframe=4h;complete=8/8;availability_limited=1;sync_gaps=0;pair_gaps=0;aux_failures=0;duplicates=0,false,ineligible,recursive_bias_found,lookahead_not_completed,pair_available_history;verify_exact_regime_window_before_run
adaptive_trend,spot_long,adaptive_trend:61efb0b6ba37,repos/mlsys-io_PortfolioBench/strategy/adaptive_trend/adaptive_trend.py,original,,not_applicable,strategy,true,322,historical_ledger,spot,NA,PASS,missing,historical_spot,,,0,PASS,policy=1;mode=spot;timeframe=4h;complete=8/8;availability_limited=1;sync_gaps=0;pair_gaps=0;aux_failures=0;duplicates=0,false,pending_diagnostics,,lookahead_not_completed,pair_available_history;verify_exact_regime_window_before_run
beta_factors_model,spot_long,beta_factors_model:08ea4ba32ec4,repos/mlsys-io_PortfolioBench/strategy/crypto_factors_regression/beta_factors_model.py,original,,not_applicable,strategy,false,,,,NA,NA,missing,missing,,,0,PENDING,policy=1;mode=spot;timeframe=1w;complete=1/8;availability_limited=1;sync_gaps=8;pair_gaps=0;aux_failures=0;duplicates=0,false,ineligible,canonical_implementation_not_measured,native_mode_not_runtime_validated;lookahead_not_completed;recursive_bias_not_completed;exact_regime_window_coverage_not_verified,pair_available_history;verify_exact_regime_window_before_run
DualModelPolymarketPortfolio,spot_long,DualModelPolymarketPortfolio:b5657298b51b,repos/mlsys-io_PortfolioBench/user_data/strategies/DualModelPolymarketPortfolio.py,original,,not_applicable,strategy,false,,,,NA,PASS,missing,historical_spot,,,0,PASS,policy=1;mode=spot;timeframe=1h;complete=8/8;availability_limited=1;sync_gaps=13;pair_gaps=0;aux_failures=0;duplicates=0,false,ineligible,canonical_implementation_not_measured,native_mode_not_runtime_validated;lookahead_not_completed,pair_available_history;verify_exact_regime_window_before_run
ONS_Portfolio,spot_long,ONS_Portfolio:3cba87a36373,repos/mlsys-io_PortfolioBench/user_data/strategies/ONS.py,original,,not_applicable,strategy,false,,,,NA,FOUND,missing,historical_spot,,refused_no_warmup,0,PASS,policy=1;mode=spot;timeframe=5m;complete=8/8;availability_limited=1;sync_gaps=13;pair_gaps=0;aux_failures=0;duplicates=0,false,ineligible,canonical_implementation_not_measured;recursive_bias_found,native_mode_not_runtime_validated;lookahead_not_completed,pair_available_history;verify_exact_regime_window_before_run
BestSingleAssetPortfolio,spot_long,BestSingleAssetPortfolio:4bed0c1f754c,repos/mlsys-io_PortfolioBench/user_data/strategies/best_single_asset.py,original,,not_applicable,strategy,false,,,,NA,NA,missing,missing,,,0,PASS,policy=1;mode=spot;timeframe=1d;complete=8/8;availability_limited=1;sync_gaps=0;pair_gaps=0;aux_failures=0;duplicates=0,false,ineligible,canonical_implementation_not_measured,native_mode_not_runtime_validated;lookahead_not_completed;recursive_bias_not_completed,pair_available_history;verify_exact_regime_window_before_run
ExponentialGradientPortfolio,spot_long,ExponentialGradientPortfolio:7b02d9f23469,repos/mlsys-io_PortfolioBench/user_data/strategies/exp_gradient.py,original,,not_applicable,strategy,false,,,,NA,PASS,missing,historical_spot,,,0,PASS,policy=1;mode=spot;timeframe=5m;complete=8/8;availability_limited=1;sync_gaps=13;pair_gaps=0;aux_failures=0;duplicates=0,false,ineligible,canonical_implementation_not_measured,native_mode_not_runtime_validated;lookahead_not_completed,pair_available_history;verify_exact_regime_window_before_run
InverseVolatilityPortfolio,spot_long,InverseVolatilityPortfolio:72b09bfee3e1,repos/mlsys-io_PortfolioBench/user_data/strategies/inv_vol.py,original,,not_applicable,strategy,true,24,historical_ledger,spot,NA,PASS,missing,historical_spot,,,0,PASS,policy=1;mode=spot;timeframe=1d;complete=8/8;availability_limited=1;sync_gaps=0;pair_gaps=0;aux_failures=0;duplicates=0,false,pending_diagnostics,,lookahead_not_completed,pair_available_history;verify_exact_regime_window_before_run
MaxSharpePortfolio,spot_long,MaxSharpePortfolio:84faf7b45c84,repos/mlsys-io_PortfolioBench/user_data/strategies/max_sharpe.py,original,,not_applicable,strategy,true,72,historical_ledger,spot,NA,PASS,missing,historical_spot,,,0,PASS,policy=1;mode=spot;timeframe=1d;complete=8/8;availability_limited=1;sync_gaps=0;pair_gaps=0;aux_failures=0;duplicates=0,false,pending_diagnostics,,lookahead_not_completed,pair_available_history;verify_exact_regime_window_before_run
MinimumVariancePortfolio,spot_long,MinimumVariancePortfolio:b4245dfd2479,repos/mlsys-io_PortfolioBench/user_data/strategies/min_var.py,original,,not_applicable,strategy,true,116,historical_ledger,spot,NA,PASS,missing,historical_spot,,,0,PASS,policy=1;mode=spot;timeframe=1d;complete=8/8;availability_limited=1;sync_gaps=0;pair_gaps=0;aux_failures=0;duplicates=0,false,pending_diagnostics,,lookahead_not_completed,pair_available_history;verify_exact_regime_window_before_run
PolymarketPortfolio,spot_long,PolymarketPortfolio:e2e94d910e9b,repos/mlsys-io_PortfolioBench/user_data/strategies/polymarket_portfolio.py,original,,not_applicable,strategy,true,405,historical_ledger,spot,NA,FOUND,missing,historical_spot,,refused_no_warmup,0,PASS,policy=1;mode=spot;timeframe=4h;complete=8/8;availability_limited=1;sync_gaps=0;pair_gaps=0;aux_failures=0;duplicates=0,false,ineligible,recursive_bias_found,lookahead_not_completed,pair_available_history;verify_exact_regime_window_before_run
RiskParityPortfolio,spot_long,RiskParityPortfolio:50273073b255,repos/mlsys-io_PortfolioBench/user_data/strategies/risk_parity.py,original,,not_applicable,strategy,true,23,historical_ledger,spot,NA,PASS,missing,historical_spot,,,0,PASS,policy=1;mode=spot;timeframe=1d;complete=8/8;availability_limited=1;sync_gaps=0;pair_gaps=0;aux_failures=0;duplicates=0,false,pending_diagnostics,,lookahead_not_completed,pair_available_history;verify_exact_regime_window_before_run
BasketStrategy,spot_long,BasketStrategy:62db440f4ec0,repos/nateemma_strategies/Basket/BasketStrategy.py,original,,not_applicable,strategy,false,,,,NA,PASS,missing,historical_spot,,,0,PASS,policy=1;mode=spot;timeframe=4h;complete=8/8;availability_limited=1;sync_gaps=0;pair_gaps=0;aux_failures=0;duplicates=0,false,ineligible,canonical_implementation_not_measured,native_mode_not_runtime_validated;lookahead_not_completed,pair_available_history;verify_exact_regime_window_before_run
MomentumRegimeBasket,spot_long,MomentumRegimeBasket:6992337acd7a,repos/nateemma_strategies/Basket/MomentumRegimeBasket.py,original,,not_applicable,strategy,true,345,historical_ledger,spot,NA,PASS,missing,historical_spot,,,0,PASS,policy=1;mode=spot;timeframe=1d;complete=8/8;availability_limited=1;sync_gaps=0;pair_gaps=0;aux_failures=0;duplicates=0,false,pending_diagnostics,,lookahead_not_completed,pair_available_history;verify_exact_regime_window_before_run
MomentumRegimeBasket15m,spot_long,MomentumRegimeBasket15m:829b82907c19,repos/nateemma_strategies/Basket/MomentumRegimeBasket15m.py,original,,not_applicable,strategy,false,,,,NA,NA,missing,missing,,,0,PASS,policy=1;mode=spot;timeframe=15m;complete=8/8;availability_limited=1;sync_gaps=13;pair_gaps=0;aux_failures=0;duplicates=0,false,ineligible,canonical_implementation_not_measured,native_mode_not_runtime_validated;lookahead_not_completed;recursive_bias_not_completed,pair_available_history;verify_exact_regime_window_before_run
BaseStrategy,spot_long,BaseStrategy:95853455a615,repos/nateemma_strategies/Framework/BaseStrategy.py,original,,not_applicable,strategy,false,,,,NA,PASS,missing,historical_spot,,,0,PASS,policy=1;mode=spot;timeframe=15m;complete=8/8;availability_limited=1;sync_gaps=13;pair_gaps=0;aux_failures=0;duplicates=0,false,ineligible,canonical_implementation_not_measured,native_mode_not_runtime_validated;lookahead_not_completed,pair_available_history;verify_exact_regime_window_before_run
FundingCarry,spot_long,FundingCarry:8be37d5f04e7,repos/nateemma_strategies/Funding/FundingCarry.py,original,,not_applicable,strategy,false,,,,NA,PASS,missing,historical_spot,,,0,PASS,policy=1;mode=spot;timeframe=1h;complete=8/8;availability_limited=1;sync_gaps=13;pair_gaps=0;aux_failures=0;duplicates=0,false,ineligible,canonical_implementation_not_measured,native_mode_not_runtime_validated;lookahead_not_completed,pair_available_history;verify_exact_regime_window_before_run
BuyRegions,spot_long,BuyRegions:837173d07b03,repos/nateemma_strategies/TSPredict/BuyRegions.py,repaired,class1,strict_equivalent,strategy,true,4672,class1_result_card,spot,NA,PASS,missing,historical_spot,,,0,PASS,policy=1;mode=spot;timeframe=5m;complete=8/8;availability_limited=1;sync_gaps=13;pair_gaps=0;aux_failures=0;duplicates=0,false,pending_diagnostics,,lookahead_not_completed,pair_available_history;verify_exact_regime_window_before_run
Proton,futures_long_short,Proton:8e806ac9c4f6,repos/obseries_freqtrade-strategy-ichiv1/user_data/strategies/proton.py,original,,not_applicable,strategy,false,,,,NA,NA,missing,missing,,,0,PASS,policy=1;mode=futures;timeframe=3m;complete=8/8;availability_limited=0;sync_gaps=0;pair_gaps=0;aux_failures=0;duplicates=0,false,ineligible,canonical_implementation_not_measured,native_mode_not_runtime_validated;lookahead_not_completed;recursive_bias_not_completed,pair_available_history;verify_exact_regime_window_before_run
ClucHAnix_5M_E0V1E,spot_long,ClucHAnix_5M_E0V1E:5ff6ead9232e,repos/phuchust_freqtrade_strategy/ClucHAnix_5M_E0V1E_DYNAMIC_TB.py,original,,not_applicable,strategy,true,5459,historical_ledger,spot,PASS,PASS,historical_spot,historical_spot,,,0,PASS,policy=1;mode=spot;timeframe=5m;complete=8/8;availability_limited=1;sync_gaps=13;pair_gaps=0;aux_failures=0;duplicates=0,true,eligible,,,pair_available_history;verify_exact_regime_window_before_run
bbandrsi,spot_long,bbandrsi:da1704cb344a,repos/phuchust_freqtrade_strategy/bbandrsi.py,original,,not_applicable,strategy,true,6758,historical_ledger,spot,PASS,FOUND,historical_spot,historical_spot,,refused_no_warmup,0,PASS,policy=1;mode=spot;timeframe=15m;complete=8/8;availability_limited=1;sync_gaps=13;pair_gaps=0;aux_failures=0;duplicates=0,false,ineligible,recursive_bias_found,,pair_available_history;verify_exact_regime_window_before_run
FlawlessVictory,spot_long,FlawlessVictory:39a22333a9a7,repos/seannowotny_FlawlessVictoryPort/user_data/strategies/flawless_victory_v1.py,original,,not_applicable,strategy,true,12240,historical_ledger,spot,PASS,PASS,historical_spot,historical_spot,,,0,PASS,policy=1;mode=spot;timeframe=15m;complete=8/8;availability_limited=1;sync_gaps=13;pair_gaps=0;aux_failures=0;duplicates=0,true,eligible,,,pair_available_history;verify_exact_regime_window_before_run
Cluckie,spot_long,Cluckie:6b9bfe8cf7b7,repos/werkkrew_freqtrade-strategies/strategies/archived/Cluckie.py,original,,not_applicable,strategy,false,,,,NA,FOUND,missing,historical_spot,,refused_no_warmup,0,PASS,policy=1;mode=spot;timeframe=5m;complete=8/8;availability_limited=1;sync_gaps=13;pair_gaps=0;aux_failures=0;duplicates=0,false,ineligible,canonical_implementation_not_measured;recursive_bias_found,native_mode_not_runtime_validated;lookahead_not_completed,pair_available_history;verify_exact_regime_window_before_run
Enchilada,spot_long,Enchilada:454091165d54,repos/werkkrew_freqtrade-strategies/strategies/archived/Enchilada.py,original,,not_applicable,strategy,false,,,,NA,PASS,missing,historical_spot,,,0,PASS,policy=1;mode=spot;timeframe=5m;complete=8/8;availability_limited=1;sync_gaps=13;pair_gaps=0;aux_failures=0;duplicates=0,false,ineligible,canonical_implementation_not_measured,native_mode_not_runtime_validated;lookahead_not_completed,pair_available_history;verify_exact_regime_window_before_run
Hacklemore,spot_long,Hacklemore:59d29a14de56,repos/werkkrew_freqtrade-strategies/strategies/archived/Hacklemore.py,original,,not_applicable,strategy,false,,,,NA,PASS,missing,historical_spot,,,0,PASS,policy=1;mode=spot;timeframe=5m;complete=8/8;availability_limited=1;sync_gaps=13;pair_gaps=0;aux_failures=0;duplicates=0,false,ineligible,canonical_implementation_not_measured,native_mode_not_runtime_validated;lookahead_not_completed,pair_available_history;verify_exact_regime_window_before_run
Hacklemost,spot_long,Hacklemost:fd83de8715e6,repos/werkkrew_freqtrade-strategies/strategies/archived/Hacklemost.py,original,,not_applicable,strategy,true,168,historical_ledger,spot,NA,FOUND,missing,historical_spot,,refused_no_warmup,0,PASS,policy=1;mode=spot;timeframe=5m;complete=8/8;availability_limited=1;sync_gaps=13;pair_gaps=0;aux_failures=0;duplicates=0,false,ineligible,recursive_bias_found,lookahead_not_completed,pair_available_history;verify_exact_regime_window_before_run
ichi,spot_long,ichi:0b9e9bb15a26,repos/werkkrew_freqtrade-strategies/strategies/archived/Ichis.py,original,,not_applicable,strategy,true,5925,historical_ledger,spot,PASS,FOUND,historical_spot,historical_spot,,refused_no_warmup,1,PASS,policy=1;mode=spot;timeframe=1h;complete=8/8;availability_limited=1;sync_gaps=13;pair_gaps=0;aux_failures=0;duplicates=0,false,ineligible,recursive_bias_found;technical_trap_found,,pair_available_history;verify_exact_regime_window_before_run
KAMACCIRSI_new,spot_long,KAMACCIRSI_new:24fc7b159912,repos/werkkrew_freqtrade-strategies/strategies/archived/KAMACCIRSI.py,original,,not_applicable,strategy,true,189,historical_ledger,spot,PASS,FOUND,historical_spot,historical_spot,,drift_measured,0,PASS,policy=1;mode=spot;timeframe=5m;complete=8/8;availability_limited=1;sync_gaps=13;pair_gaps=0;aux_failures=0;duplicates=0,false,ineligible,recursive_bias_found,,pair_available_history;verify_exact_regime_window_before_run
Lateralus,spot_long,Lateralus:0b5ca6b45113,repos/werkkrew_freqtrade-strategies/strategies/archived/Lateralus.py,repaired,class1,strict_equivalent,strategy,true,3077,class1_result_card,spot,NA,FOUND,missing,historical_spot,,refused_no_warmup,0,PASS,policy=1;mode=spot;timeframe=5m;complete=8/8;availability_limited=1;sync_gaps=13;pair_gaps=0;aux_failures=0;duplicates=0,false,ineligible,recursive_bias_found,lookahead_not_completed,pair_available_history;verify_exact_regime_window_before_run
gettinMoist,spot_long,gettinMoist:ae9eaec73a13,repos/werkkrew_freqtrade-strategies/strategies/archived/gettinMoist.py,original,,not_applicable,strategy,true,20036,historical_ledger,spot,PASS,FOUND,historical_spot,historical_spot,,drift_measured,0,PASS,policy=1;mode=spot;timeframe=5m;complete=8/8;availability_limited=1;sync_gaps=13;pair_gaps=0;aux_failures=0;duplicates=0,false,ineligible,recursive_bias_found,,pair_available_history;verify_exact_regime_window_before_run
