strategy_id,run_profile,expansion_wave,cohort,measured,observed_trades,trade_evidence,lookahead,recursive,recursive_evidence,coverage_status,traps_n,artifact_role,baseline_status,baseline_exclusion_reasons,open_work
A9AV,spot_long,not_scheduled,excluded,false,,,NA,FOUND,baseline,PASS,0,strategy,ineligible,canonical_implementation_not_measured;recursive_bias_found,not_yet_revisited
ADXMomentum,spot_long,not_scheduled,excluded,true,83,baseline,NA,PASS,baseline,PASS,1,strategy,ineligible,technical_trap_found,not_yet_revisited
ADX_15M_USDT,spot_long,C_measurement_recovery,excluded,false,,,NA,NA,baseline,PASS,0,strategy,ineligible,canonical_implementation_not_measured,not_yet_revisited
ADX_15M_USDT2,spot_long,C_measurement_recovery,excluded,false,,,NA,NA,baseline,PASS,0,strategy,ineligible,canonical_implementation_not_measured,not_yet_revisited
ARIMASTR,spot_long,C_measurement_recovery,excluded,true,38,smoke,NA,NA,native,PASS,0,strategy,ineligible,canonical_implementation_not_measured,
ARIMA_15,spot_long,C_measurement_recovery,excluded,true,12,smoke,FOUND,FOUND,native,PASS,0,strategy,ineligible,canonical_implementation_not_measured,
ASDTSRockwellTrading,spot_long,B_warmup_refusal,excluded,true,29952,baseline,PASS,FOUND,baseline,PASS,0,strategy,ineligible,recursive_bias_found,not_yet_revisited
ActionZone,spot_long,not_scheduled,excluded,true,561,baseline,NA,FOUND,baseline,PASS,0,strategy,ineligible,recursive_bias_found,not_yet_revisited
AdaptiveMAStrategy,spot_long,D_recursive_drift,convergence_candidate,true,3195,baseline,PASS,FOUND,convergence:288,PASS,0,strategy,ineligible,recursive_bias_found,paired_full_window_equivalence
AdaptiveRenkoStrategy,futures_long_short,C_measurement_recovery,excluded,false,,,NA,NA,baseline,PASS,0,strategy,ineligible,canonical_implementation_not_measured,not_yet_revisited
AdvancedRiskFilterStrategy,spot_long,C_measurement_recovery,excluded,false,,,NA,PASS,baseline,PASS,0,strategy,ineligible,canonical_implementation_not_measured,not_yet_revisited
AdxSmas,spot_long,not_scheduled,excluded,true,7004,baseline,PASS,FOUND,native,PASS,0,strategy,ineligible,recursive_bias_found,
AdxSmasS,futures_short,not_scheduled,excluded,true,74,smoke,PASS,FOUND,native,PASS,0,strategy,ineligible,recursive_bias_found,
AdxStrengthStrategy,spot_long,D_recursive_drift,convergence_candidate,true,16952,baseline,PASS,FOUND,convergence:288,PASS,0,strategy,ineligible,recursive_bias_found,paired_full_window_equivalence
AlexBTK_CT,futures_long,not_scheduled,excluded,true,48,smoke,FOUND,FOUND,baseline,PASS,0,strategy,ineligible,lookahead_found;recursive_bias_found,not_yet_revisited
AlexBattleTankKiller,futures_long,not_scheduled,excluded,true,48,smoke,FOUND,FOUND,baseline,PASS,0,strategy,ineligible,lookahead_found;recursive_bias_found,not_yet_revisited
AlexBattleTankKillerV3,futures_long,not_scheduled,excluded,true,169,smoke,FOUND,FOUND,baseline,PASS,0,strategy,ineligible,lookahead_found;recursive_bias_found,not_yet_revisited
AlexBattleTankKillerV40H,futures_long,not_scheduled,excluded,true,0,smoke,FOUND,NA,baseline,PASS,0,strategy,ineligible,lookahead_found,not_yet_revisited
AlligatorStrat,spot_long,C_measurement_recovery,excluded,false,,,NA,NA,baseline,PASS,0,strategy,ineligible,canonical_implementation_not_measured,not_yet_revisited
AlligatorStrategy,spot_long,not_scheduled,excluded,true,1839,baseline,NA,FOUND,baseline,PASS,0,strategy,ineligible,recursive_bias_found,not_yet_revisited
AlmgrenChrissStrategy,futures_long_short,not_scheduled,excluded,true,818,smoke,PASS,FOUND,native,PASS,0,strategy,ineligible,recursive_bias_found,
AlwaysBuy,spot_long,B_warmup_refusal,E1_expanded,true,32359,baseline,PASS,FOUND,baseline,PASS,0,strategy,ineligible,recursive_bias_found,
Apollo11,spot_long,not_scheduled,excluded,true,6378,baseline,NA,FOUND,baseline,PASS,0,strategy,ineligible,recursive_bias_found,not_yet_revisited
AroonTrendStrategy,spot_long,D_recursive_drift,convergence_candidate,true,24271,baseline,PASS,FOUND,convergence:288,PASS,0,strategy,ineligible,recursive_bias_found,paired_full_window_equivalence
Astro,spot_long,C_measurement_recovery,excluded,false,,,NA,NA,baseline,PASS,0,strategy,ineligible,canonical_implementation_not_measured,not_yet_revisited
AstroQAV4,spot_long,not_scheduled,excluded,false,,,NA,NA,baseline,PASS,0,strategy,ineligible,canonical_implementation_not_measured;behavior_changed_primary_exclusion,not_yet_revisited
AtrTrailingStopStrategy,spot_long,D_recursive_drift,convergence_candidate,true,24938,baseline,PASS,FOUND,convergence:288,PASS,0,strategy,ineligible,recursive_bias_found,paired_full_window_equivalence
AutoArimaTripleV1,spot_long,C_measurement_recovery,excluded,false,,,NA,PASS,baseline,PASS,0,strategy,ineligible,canonical_implementation_not_measured,not_yet_revisited
Auto_EI_t4c0s,spot_long,not_scheduled,excluded,true,388,baseline,FOUND,FOUND,baseline,PASS,0,strategy,ineligible,lookahead_found;recursive_bias_found,not_yet_revisited
AverageStrategy,spot_long,not_scheduled,excluded,true,2875,baseline,PASS,FOUND,native,PASS,0,strategy,ineligible,recursive_bias_found,
AwesomeMacd,spot_long,B_warmup_refusal,excluded,true,3989,baseline,PASS,FOUND,baseline,PASS,0,strategy,ineligible,recursive_bias_found,not_yet_revisited
AwesomeMacdS,spot_long,not_scheduled,excluded,false,,,NA,FOUND,baseline,PASS,0,strategy,ineligible,canonical_implementation_not_measured;recursive_bias_found,not_yet_revisited
BBBreakoutStrategy,spot_long,not_scheduled,excluded,true,33005,baseline,FOUND,FOUND,baseline,PASS,0,strategy,ineligible,lookahead_found;recursive_bias_found,not_yet_revisited
BBMod,spot_long,not_scheduled,excluded,false,,,NA,FOUND,baseline,PASS,0,strategy,ineligible,canonical_implementation_not_measured;recursive_bias_found,not_yet_revisited
BBMod1,spot_long,C_measurement_recovery,excluded,true,164,smoke,PASS,FOUND,native,PASS,0,strategy,ineligible,canonical_implementation_not_measured,
BBRSI,spot_long,C_measurement_recovery,excluded,false,,,NA,PASS,baseline,PASS,0,strategy,ineligible,canonical_implementation_not_measured,not_yet_revisited
BBRSI2,spot_long,B_warmup_refusal,excluded,true,24422,baseline,PASS,FOUND,baseline,PASS,0,strategy,ineligible,recursive_bias_found,not_yet_revisited
BBRSI21,spot_long,B_warmup_refusal,excluded,true,5845,baseline,PASS,FOUND,baseline,PASS,0,strategy,ineligible,recursive_bias_found,not_yet_revisited
BBRSI3366,spot_long,B_warmup_refusal,excluded,true,26873,baseline,PASS,FOUND,baseline,PASS,0,strategy,ineligible,recursive_bias_found,not_yet_revisited
BBRSI4cust,spot_long,D_recursive_drift,convergence_candidate,true,22886,baseline,PASS,FOUND,convergence:192,PASS,0,strategy,ineligible,recursive_bias_found,paired_full_window_equivalence
BBRSINaiveStrategy,spot_long,D_recursive_drift,convergence_candidate,true,20022,baseline,PASS,FOUND,convergence:192,PASS,0,strategy,ineligible,recursive_bias_found,paired_full_window_equivalence
BBRSIOptim2020Strategy,spot_long,D_recursive_drift,convergence_candidate,true,34955,baseline,PASS,FOUND,convergence:288,PASS,0,strategy,ineligible,recursive_bias_found,paired_full_window_equivalence
BBRSIOptimStrategy,spot_long,D_recursive_drift,convergence_candidate,true,10697,baseline,PASS,FOUND,convergence:288,PASS,0,strategy,ineligible,recursive_bias_found,paired_full_window_equivalence
BBRSIOptimizedStrategy,spot_long,not_scheduled,excluded,true,33132,baseline,NA,FOUND,baseline,PASS,0,strategy,ineligible,recursive_bias_found,not_yet_revisited
BBRSIS,spot_long,C_measurement_recovery,excluded,false,,,NA,NA,baseline,PASS,0,strategy,ineligible,canonical_implementation_not_measured,not_yet_revisited
BBRSIStrategy,spot_long,D_recursive_drift,convergence_candidate,true,12330,baseline,PASS,FOUND,convergence:192,PASS,0,strategy,ineligible,recursive_bias_found,paired_full_window_equivalence
BBRSITV,spot_long,not_scheduled,excluded,true,420,baseline,NA,FOUND,baseline,PASS,0,strategy,ineligible,recursive_bias_found,not_yet_revisited
BBRSIoriginal,spot_long,C_measurement_recovery,excluded,false,,,NA,NA,baseline,PASS,0,strategy,ineligible,canonical_implementation_not_measured,not_yet_revisited
BBRSIv2,spot_long,E0_strict67,E0_strict67,true,584,baseline,PASS,PASS,baseline,PASS,0,strategy,eligible,,
BB_RPB_3c,spot_long,C_measurement_recovery,excluded,false,,,NA,PASS,baseline,PASS,0,strategy,ineligible,canonical_implementation_not_measured,not_yet_revisited
BB_RPB_TSL,spot_long,C_measurement_recovery,excluded,true,80,smoke,PASS,FOUND,native,PASS,0,strategy,ineligible,canonical_implementation_not_measured,
BB_RPB_TSL_2,spot_long,C_measurement_recovery,excluded,true,92,smoke,PASS,FOUND,native,PASS,0,strategy,ineligible,canonical_implementation_not_measured,
BB_RPB_TSL_BI,spot_long,C_measurement_recovery,excluded,true,77,smoke,PASS,FOUND,native,PASS,0,strategy,ineligible,canonical_implementation_not_measured,
BB_RPB_TSL_BIV1,spot_long,C_measurement_recovery,excluded,true,95,smoke,PASS,FOUND,native,PASS,0,strategy,ineligible,canonical_implementation_not_measured,
BB_RPB_TSL_RNG,spot_long,not_scheduled,excluded,true,778,baseline,PASS,FOUND,native,PASS,0,strategy,ineligible,recursive_bias_found,
BB_RPB_TSL_RNG_2,spot_long,B_warmup_refusal,excluded,true,776,baseline,PASS,FOUND,baseline,PASS,0,strategy,ineligible,recursive_bias_found,not_yet_revisited
BB_RPB_TSL_RNG_TBS,spot_long,not_scheduled,excluded,true,778,baseline,PASS,FOUND,native,PASS,0,strategy,ineligible,recursive_bias_found,
BB_RPB_TSL_RNG_TBS_GOLD,spot_long,not_scheduled,excluded,true,969,baseline,PASS,FOUND,native,PASS,0,strategy,ineligible,recursive_bias_found,
BB_RPB_TSL_RNG_VWAP,spot_long,D_recursive_drift,convergence_candidate,true,1289,baseline,PASS,FOUND,convergence:2016,PASS,0,strategy,ineligible,recursive_bias_found,paired_full_window_equivalence
BB_RPB_TSL_SMA_Tranz,spot_long,C_measurement_recovery,excluded,true,105,smoke,NA,FOUND,native,PASS,0,strategy,ineligible,canonical_implementation_not_measured,
BB_RPB_TSL_SMA_Tranz_TB_1_1_1,spot_long,C_measurement_recovery,excluded,true,630,smoke,PASS,FOUND,native,PASS,0,strategy,ineligible,canonical_implementation_not_measured,
BB_RPB_TSL_SMA_Tranz_TB_MOD,spot_long,C_measurement_recovery,excluded,true,181,smoke,PASS,FOUND,native,PASS,0,strategy,ineligible,canonical_implementation_not_measured,
BB_RPB_TSL_Tranz,spot_long,not_scheduled,excluded,false,,,NA,FOUND,baseline,PASS,0,strategy,ineligible,canonical_implementation_not_measured;recursive_bias_found,not_yet_revisited
BB_RPB_TSL_c7c477d_20211030,spot_long,not_scheduled,excluded,true,494,baseline,FOUND,FOUND,baseline,PASS,0,strategy,ineligible,lookahead_found;recursive_bias_found,not_yet_revisited
BB_RPB_TSLmeneguzzo,spot_long,not_scheduled,excluded,false,,,NA,FOUND,baseline,PASS,0,strategy,ineligible,canonical_implementation_not_measured;recursive_bias_found,not_yet_revisited
BB_RSI,spot_long,C_measurement_recovery,excluded,false,,,NA,NA,baseline,PASS,0,strategy,ineligible,canonical_implementation_not_measured,not_yet_revisited
BB_RTR,spot_long,D_recursive_drift,convergence_candidate,true,987,baseline,PASS,FOUND,convergence:2016,PASS,0,strategy,ineligible,recursive_bias_found,paired_full_window_equivalence
BB_Strategy04,spot_long,C_measurement_recovery,excluded,false,,,NA,NA,baseline,PASS,0,strategy,ineligible,canonical_implementation_not_measured,not_yet_revisited
BBands,spot_long,not_scheduled,excluded,true,7063,baseline,NA,FOUND,baseline,PASS,0,strategy,ineligible,recursive_bias_found,not_yet_revisited
BBandsRSI,spot_long,not_scheduled,excluded,true,24684,baseline,NA,FOUND,baseline,PASS,0,strategy,ineligible,recursive_bias_found,not_yet_revisited
BBlower,spot_long,B_warmup_refusal,excluded,true,1790,baseline,PASS,FOUND,baseline,PASS,0,strategy,ineligible,recursive_bias_found,not_yet_revisited
Babico_SMA5xBBmid,spot_long,not_scheduled,excluded,true,79,baseline,NA,FOUND,baseline,PASS,0,strategy,ineligible,recursive_bias_found,not_yet_revisited
Bandtastic,spot_long,B_warmup_refusal,excluded,true,28745,baseline,PASS,FOUND,baseline,PASS,0,strategy,ineligible,recursive_bias_found,not_yet_revisited
BaseStrategy,spot_long,C_measurement_recovery,excluded,false,,,NA,PASS,baseline,PASS,0,strategy,ineligible,canonical_implementation_not_measured,not_yet_revisited
BasketStrategy,spot_long,C_measurement_recovery,excluded,true,0,full_window,NA,PASS,baseline,PASS,0,strategy,ineligible,canonical_implementation_not_measured,not_yet_revisited
BbRoi,spot_long,C_measurement_recovery,excluded,false,,,NA,NA,baseline,PASS,0,strategy,ineligible,canonical_implementation_not_measured,not_yet_revisited
BbWidthExpansionStrategy,spot_long,D_recursive_drift,convergence_candidate,true,21692,baseline,PASS,FOUND,convergence:288,PASS,0,strategy,ineligible,recursive_bias_found,paired_full_window_equivalence
BbandRsi,spot_long,not_scheduled,excluded,true,16106,baseline,PASS,FOUND,native,PASS,0,strategy,ineligible,recursive_bias_found,
BbandRsiRolling,spot_long,not_scheduled,excluded,true,17916,baseline,PASS,FOUND,native,PASS,0,strategy,ineligible,recursive_bias_found,
BcmbigzDevelop,spot_long,not_scheduled,excluded,false,,,NA,FOUND,baseline,PASS,0,strategy,ineligible,canonical_implementation_not_measured;recursive_bias_found,not_yet_revisited
BcmbigzV1,spot_long,not_scheduled,excluded,true,1453,baseline,NA,FOUND,baseline,PASS,0,strategy,ineligible,recursive_bias_found,not_yet_revisited
BeastBotXBLR6,spot_long,not_scheduled,excluded,true,635,baseline,NA,FOUND,baseline,PASS,0,strategy,ineligible,recursive_bias_found,not_yet_revisited
BeastBotXBLR7,spot_long,not_scheduled,excluded,true,569,baseline,NA,FOUND,baseline,PASS,0,strategy,ineligible,recursive_bias_found,not_yet_revisited
BestSingleAssetPortfolio,spot_long,C_measurement_recovery,excluded,false,,,NA,NA,baseline,PASS,0,strategy,ineligible,canonical_implementation_not_measured,not_yet_revisited
BigPete,spot_long,not_scheduled,excluded,true,17675,baseline,PASS,PASS,baseline,PASS,1,strategy,ineligible,technical_trap_found,not_yet_revisited
BigTrader,spot_long,E0_strict67,E0_strict67,true,166,baseline,PASS,PASS,native,PASS,0,strategy,eligible,,
BigZ03,spot_long,E0_strict67,E0_strict67,true,925,baseline,PASS,PASS,baseline,PASS,0,strategy,eligible,,
BigZ0307HO,spot_long,D_recursive_drift,excluded,true,10653,baseline,PASS,FOUND,baseline,PASS,0,strategy,ineligible,recursive_bias_found,convergence_not_converged_within_ladder
BigZ03HO,spot_long,E0_strict67,E0_strict67,true,7275,baseline,PASS,PASS,baseline,PASS,0,strategy,eligible,,
BigZ04,spot_long,not_scheduled,excluded,true,1313,baseline,NA,FOUND,baseline,PASS,0,strategy,ineligible,recursive_bias_found,not_yet_revisited
BigZ0407,spot_long,D_recursive_drift,excluded,true,1287,baseline,PASS,FOUND,baseline,PASS,0,strategy,ineligible,recursive_bias_found,convergence_not_converged_within_ladder
BigZ0407HO,spot_long,D_recursive_drift,excluded,true,1122,baseline,PASS,FOUND,baseline,PASS,0,strategy,ineligible,recursive_bias_found,convergence_not_converged_within_ladder
BigZ04HO,spot_long,D_recursive_drift,excluded,true,1641,baseline,PASS,FOUND,baseline,PASS,0,strategy,ineligible,recursive_bias_found,convergence_not_converged_within_ladder
BigZ04HO2,spot_long,D_recursive_drift,excluded,true,1715,baseline,PASS,FOUND,baseline,PASS,0,strategy,ineligible,recursive_bias_found,convergence_not_converged_within_ladder
BigZ04_TSL3,spot_long,E0_strict67,E0_strict67,true,1643,baseline,PASS,PASS,native,PASS,0,strategy,eligible,,
BigZ04_TSL4,spot_long,E0_strict67,E0_strict67,true,1756,baseline,PASS,PASS,baseline,PASS,0,strategy,eligible,,
BigZ06,spot_long,D_recursive_drift,excluded,true,1614,baseline,PASS,FOUND,baseline,PASS,0,strategy,ineligible,recursive_bias_found,convergence_not_converged_within_ladder
BigZ07,spot_long,D_recursive_drift,excluded,true,1593,baseline,PASS,FOUND,baseline,PASS,0,strategy,ineligible,recursive_bias_found,convergence_not_converged_within_ladder
BigZ07Next,spot_long,D_recursive_drift,convergence_candidate,true,1754,baseline,PASS,FOUND,convergence:2016,PASS,0,strategy,ineligible,recursive_bias_found,paired_full_window_equivalence
BigZ07Next2,spot_long,D_recursive_drift,convergence_candidate,true,1716,baseline,PASS,FOUND,convergence:2016,PASS,0,strategy,ineligible,recursive_bias_found,paired_full_window_equivalence
BinClucMad,spot_long,E0_strict67,E0_strict67,true,2517,baseline,PASS,PASS,baseline,PASS,0,strategy,eligible,,
BinClucMadDevelop,spot_long,not_scheduled,excluded,false,,,NA,FOUND,baseline,PASS,0,strategy,ineligible,canonical_implementation_not_measured;recursive_bias_found,not_yet_revisited
BinClucMadSMADevelop,spot_long,not_scheduled,excluded,false,,,NA,FOUND,baseline,PASS,0,strategy,ineligible,canonical_implementation_not_measured;recursive_bias_found,not_yet_revisited
BinClucMadV1,spot_long,D_recursive_drift,convergence_candidate,true,1164,baseline,PASS,FOUND,convergence:2016,PASS,0,strategy,ineligible,recursive_bias_found,paired_full_window_equivalence
BinHV27,spot_long,not_scheduled,excluded,true,11503,baseline,PASS,FOUND,native,PASS,0,strategy,ineligible,recursive_bias_found,
BinHV27F,futures_long,not_scheduled,excluded,true,154,smoke,NA,FOUND,baseline,PASS,0,strategy,ineligible,recursive_bias_found,not_yet_revisited
BinHV27_short,futures_long_short,not_scheduled,excluded,true,5,smoke,NA,FOUND,native,PASS,0,strategy,ineligible,recursive_bias_found,
BinHV27_werkkrew,spot_long,not_scheduled,excluded,false,,,NA,FOUND,baseline,PASS,0,strategy,ineligible,canonical_implementation_not_measured;recursive_bias_found,not_yet_revisited
BinHV45,spot_long,B_warmup_refusal,E1_expanded,true,749,baseline,PASS,FOUND,baseline,PASS,0,strategy,ineligible,recursive_bias_found,
BinHV45HO,spot_long,not_scheduled,excluded,true,389,baseline,NA,FOUND,baseline,PASS,0,strategy,ineligible,recursive_bias_found,not_yet_revisited
BinHV45_kanaxe,spot_long,B_warmup_refusal,E1_expanded,true,1798,baseline,PASS,FOUND,baseline,PASS,0,strategy,ineligible,recursive_bias_found,
BinHV45_stash,spot_long,B_warmup_refusal,E1_expanded,true,1700,baseline,PASS,FOUND,baseline,PASS,0,strategy,ineligible,recursive_bias_found,
BinHV45_werkkrew,spot_long,B_warmup_refusal,E1_expanded,true,760,baseline,PASS,FOUND,baseline,PASS,0,strategy,ineligible,recursive_bias_found,
BinMfiBTCv5003,spot_long,not_scheduled,excluded,true,171,baseline,NA,FOUND,baseline,PASS,0,strategy,ineligible,recursive_bias_found,not_yet_revisited
BinanceStream,spot_long,C_measurement_recovery,excluded,false,,,NA,PASS,baseline,PENDING,0,strategy,ineligible,canonical_implementation_not_measured,not_yet_revisited
BlueEyes_MPP_v1,spot_long,C_measurement_recovery,excluded,false,,,NA,PASS,baseline,PASS,0,strategy,ineligible,canonical_implementation_not_measured,not_yet_revisited
BollingerBandStrategy,spot_long,B_warmup_refusal,E1_expanded,true,16302,baseline,PASS,FOUND,baseline,PASS,0,strategy,ineligible,recursive_bias_found,
BollingerBounceStrategy,spot_long,D_recursive_drift,convergence_candidate,true,11490,baseline,PASS,FOUND,convergence:576,PASS,0,strategy,ineligible,recursive_bias_found,paired_full_window_equivalence
BopTrendStrategy,spot_long,D_recursive_drift,convergence_candidate,true,24576,baseline,PASS,FOUND,convergence:288,PASS,0,strategy,ineligible,recursive_bias_found,paired_full_window_equivalence
BreakEven,spot_long,C_measurement_recovery,excluded,true,0,full_window,NA,PASS,baseline,PASS,0,strategy,ineligible,canonical_implementation_not_measured,not_yet_revisited
BreakoutStrategy,futures_long_short,not_scheduled,excluded,true,447,smoke,FOUND,FOUND,native,PASS,0,strategy,ineligible,lookahead_found;recursive_bias_found,
BullishEngulfingStrategy,spot_long,D_recursive_drift,convergence_candidate,true,24227,baseline,PASS,FOUND,convergence:576,PASS,0,strategy,ineligible,recursive_bias_found,paired_full_window_equivalence
BuyAllSellAllStrategy,spot_long,not_scheduled,excluded,true,27042,baseline,FOUND,PASS,baseline,PASS,0,strategy,ineligible,lookahead_found,not_yet_revisited
BuyOnly,spot_long,D_recursive_drift,convergence_candidate,true,2779,baseline,PASS,FOUND,convergence:672,PASS,0,strategy,ineligible,recursive_bias_found,paired_full_window_equivalence
BuyOrDie,spot_long,B_warmup_refusal,excluded,true,3247,baseline,PASS,FOUND,baseline,PASS,0,strategy,ineligible,recursive_bias_found,not_yet_revisited
BuyRegions,spot_long,E0_strict67,E0_strict67,true,4672,baseline,PASS,PASS,baseline,PASS,0,strategy,eligible,,
CBPete9,spot_long,not_scheduled,excluded,true,2882,baseline,PASS,PASS,baseline,PASS,1,strategy,ineligible,technical_trap_found,not_yet_revisited
CCIStrategy,spot_long,not_scheduled,excluded,true,12348,baseline,FOUND,PASS,baseline,PASS,0,strategy,ineligible,lookahead_found,not_yet_revisited
CCI_BB,spot_long,B_warmup_refusal,E1_expanded,true,926,baseline,PASS,FOUND,baseline,PASS,0,strategy,ineligible,recursive_bias_found,
CMCWinner,spot_long,not_scheduled,excluded,true,6632,baseline,PASS,FOUND,native,PASS,0,strategy,ineligible,recursive_bias_found,
COPY_HL,futures_long,not_scheduled,excluded,true,0,smoke,NA,FOUND,baseline,PASS,0,strategy,ineligible,recursive_bias_found,not_yet_revisited
CTIBS,spot_long,D_recursive_drift,convergence_candidate,true,5553,baseline,PASS,FOUND,convergence:672,PASS,0,strategy,ineligible,recursive_bias_found,paired_full_window_equivalence
Candle2,spot_long,B_warmup_refusal,excluded,true,7626,baseline,PASS,FOUND,baseline,PASS,0,strategy,ineligible,recursive_bias_found,not_yet_revisited
Cci,spot_long,not_scheduled,excluded,true,24831,baseline,FOUND,FOUND,baseline,PASS,0,strategy,ineligible,lookahead_found;recursive_bias_found,not_yet_revisited
CciMeanReversionStrategy,spot_long,D_recursive_drift,convergence_candidate,true,26207,baseline,PASS,FOUND,convergence:576,PASS,0,strategy,ineligible,recursive_bias_found,paired_full_window_equivalence
Cenderawasih_30m,spot_long,C_measurement_recovery,excluded,false,,,NA,NA,baseline,PASS,0,strategy,ineligible,canonical_implementation_not_measured,not_yet_revisited
Cenderawasih_3_kucoin,spot_long,C_measurement_recovery,excluded,false,,,NA,NA,baseline,PASS,0,strategy,ineligible,canonical_implementation_not_measured,not_yet_revisited
ChaikinMoneyFlowStrategy,spot_long,D_recursive_drift,excluded,true,29264,baseline,PASS,FOUND,baseline,PASS,0,strategy,ineligible,recursive_bias_found,not_yet_revisited
Chained,spot_long,C_measurement_recovery,excluded,false,,,NA,NA,baseline,PENDING,0,strategy,ineligible,canonical_implementation_not_measured,not_yet_revisited
Chandem,spot_long,B_warmup_refusal,excluded,true,16308,baseline,PASS,FOUND,baseline,PASS,0,strategy,ineligible,recursive_bias_found,not_yet_revisited
Chandemtwo,spot_long,B_warmup_refusal,excluded,true,18812,baseline,PASS,FOUND,baseline,PASS,0,strategy,ineligible,recursive_bias_found,not_yet_revisited
Chispei,spot_long,C_measurement_recovery,excluded,false,,,NA,NA,baseline,PASS,0,strategy,ineligible,canonical_implementation_not_measured,not_yet_revisited
Cluc4,spot_long,B_warmup_refusal,excluded,true,4881,baseline,PASS,FOUND,baseline,PASS,0,strategy,ineligible,recursive_bias_found,not_yet_revisited
Cluc4werk,spot_long,not_scheduled,excluded,true,3269,baseline,PASS,FOUND,native,PASS,0,strategy,ineligible,recursive_bias_found,
Cluc5werk,spot_long,not_scheduled,excluded,true,2210,baseline,PASS,FOUND,native,PASS,0,strategy,ineligible,recursive_bias_found,
Cluc7werk,spot_long,E0_strict67,E0_strict67,true,1719,baseline,PASS,PASS,native,PASS,0,strategy,eligible,,
ClucCrypROI,spot_long,C_measurement_recovery,excluded,false,,,NA,NA,baseline,PENDING,0,strategy,ineligible,canonical_implementation_not_measured,not_yet_revisited
ClucCrypSlow,spot_long,C_measurement_recovery,excluded,false,,,NA,NA,baseline,PENDING,0,strategy,ineligible,canonical_implementation_not_measured,not_yet_revisited
ClucFiatROI,spot_long,not_scheduled,excluded,true,6026,baseline,NA,FOUND,baseline,PASS,0,strategy,ineligible,recursive_bias_found,not_yet_revisited
ClucFiatSlow,spot_long,not_scheduled,excluded,true,6026,baseline,NA,FOUND,baseline,PASS,0,strategy,ineligible,recursive_bias_found,not_yet_revisited
ClucHAnix,spot_long,not_scheduled,excluded,true,480,baseline,NA,FOUND,native,PASS,0,strategy,ineligible,recursive_bias_found,
ClucHAnix5m,spot_long,not_scheduled,excluded,false,,,NA,FOUND,baseline,PASS,0,strategy,ineligible,canonical_implementation_not_measured;recursive_bias_found,not_yet_revisited
ClucHAnix_5M_E0V1E,spot_long,E0_strict67,E0_strict67,true,5459,baseline,PASS,PASS,baseline,PASS,0,strategy,eligible,,
ClucHAnix_5m,spot_long,E0_strict67,E0_strict67,true,2834,baseline,PASS,PASS,native,PASS,0,strategy,eligible,,
ClucHAnix_5m1,spot_long,E0_strict67,E0_strict67,true,3049,baseline,PASS,PASS,native,PASS,0,strategy,eligible,,
ClucHAnix_5m_old,spot_long,E0_strict67,E0_strict67,true,2834,baseline,PASS,PASS,baseline,PASS,0,strategy,eligible,,
ClucHAnix_BB_RPB,spot_long,not_scheduled,excluded,false,,,NA,FOUND,baseline,PASS,0,strategy,ineligible,canonical_implementation_not_measured;recursive_bias_found,not_yet_revisited
ClucHAnix_BB_RPB_HO2,spot_long,not_scheduled,excluded,false,,,NA,FOUND,baseline,PASS,0,strategy,ineligible,canonical_implementation_not_measured;recursive_bias_found,not_yet_revisited
ClucHAnix_BB_RPB_MOD,spot_long,not_scheduled,excluded,false,,,NA,FOUND,baseline,PASS,0,strategy,ineligible,canonical_implementation_not_measured;recursive_bias_found,not_yet_revisited
ClucHAnix_BB_RPB_MOD2_ROI,spot_long,D_recursive_drift,excluded,true,7292,baseline,PASS,FOUND,baseline,PASS,0,strategy,ineligible,recursive_bias_found,not_yet_revisited
ClucHAnix_BB_RPB_MOD_CTT,spot_long,D_recursive_drift,excluded,true,6496,baseline,PASS,FOUND,baseline,PASS,0,strategy,ineligible,recursive_bias_found,not_yet_revisited
ClucHAnix_BB_RPB_MOD_E0V1E_ROI,spot_long,D_recursive_drift,excluded,true,7336,baseline,PASS,FOUND,baseline,PASS,0,strategy,ineligible,recursive_bias_found,not_yet_revisited
ClucHAnix_BB_RPB_MOD_trailing_buy,spot_long,C_measurement_recovery,excluded,false,,,NA,PASS,baseline,PASS,0,strategy,ineligible,canonical_implementation_not_measured,not_yet_revisited
ClucHAnix_BB_RPB_TraNz,spot_long,C_measurement_recovery,excluded,false,,,NA,NA,baseline,PASS,0,strategy,ineligible,canonical_implementation_not_measured,not_yet_revisited
ClucHAnix_hhll,spot_long,not_scheduled,excluded,true,2278,baseline,NA,FOUND,baseline,PASS,0,strategy,ineligible,recursive_bias_found,not_yet_revisited
ClucHAwerk,spot_long,E0_strict67,E0_strict67,true,2183,baseline,PASS,PASS,native,PASS,0,strategy,eligible,,
ClucMay72018,spot_long,not_scheduled,excluded,true,2507,baseline,PASS,FOUND,native,PASS,0,strategy,ineligible,recursive_bias_found,
Cluckie,spot_long,not_scheduled,excluded,false,,,NA,FOUND,baseline,PASS,0,strategy,ineligible,canonical_implementation_not_measured;recursive_bias_found,not_yet_revisited
CofiBitStrategy,spot_long,not_scheduled,excluded,true,27444,baseline,PASS,FOUND,native,PASS,0,strategy,ineligible,recursive_bias_found,
CombinedBinHAndCluc,spot_long,not_scheduled,excluded,true,3540,baseline,PASS,FOUND,native,PASS,0,strategy,ineligible,recursive_bias_found,
CombinedBinHAndCluc2021,spot_long,not_scheduled,excluded,true,3297,baseline,PASS,FOUND,native,PASS,0,strategy,ineligible,recursive_bias_found,
CombinedBinHAndCluc2021Bull,spot_long,not_scheduled,excluded,true,3876,baseline,PASS,FOUND,native,PASS,0,strategy,ineligible,recursive_bias_found,
CombinedBinHAndClucHyper,spot_long,not_scheduled,excluded,true,3817,baseline,PASS,PASS,baseline,PASS,1,strategy,ineligible,technical_trap_found,not_yet_revisited
CombinedBinHAndClucHyperV0,spot_long,B_warmup_refusal,excluded,true,4252,baseline,PASS,FOUND,baseline,PASS,0,strategy,ineligible,recursive_bias_found,not_yet_revisited
CombinedBinHAndClucHyperV3,spot_long,B_warmup_refusal,excluded,true,1810,baseline,PASS,FOUND,baseline,PASS,0,strategy,ineligible,recursive_bias_found,not_yet_revisited
CombinedBinHAndClucV2,spot_long,not_scheduled,excluded,true,728,baseline,NA,FOUND,baseline,PASS,0,strategy,ineligible,recursive_bias_found,not_yet_revisited
CombinedBinHAndClucV3,spot_long,E0_strict67,E0_strict67,true,2589,baseline,PASS,PASS,baseline,PASS,0,strategy,eligible,,
CombinedBinHAndClucV4,spot_long,not_scheduled,excluded,true,2965,baseline,NA,FOUND,baseline,PASS,0,strategy,ineligible,recursive_bias_found,not_yet_revisited
CombinedBinHAndClucV5,spot_long,not_scheduled,excluded,true,2985,baseline,NA,FOUND,baseline,PASS,0,strategy,ineligible,recursive_bias_found,not_yet_revisited
CombinedBinHAndClucV5Hyperoptable,spot_long,D_recursive_drift,excluded,true,2705,baseline,PASS,FOUND,baseline,PASS,0,strategy,ineligible,recursive_bias_found,not_yet_revisited
CombinedBinHAndClucV6,spot_long,E0_strict67,E0_strict67,true,1724,baseline,PASS,PASS,native,PASS,0,strategy,eligible,,
CombinedBinHAndClucV6H,spot_long,C_measurement_recovery,excluded,false,,,NA,PASS,baseline,PASS,0,strategy,ineligible,canonical_implementation_not_measured,not_yet_revisited
CombinedBinHAndClucV7,spot_long,E0_strict67,E0_strict67,true,889,baseline,PASS,PASS,native,PASS,0,strategy,eligible,,
CombinedBinHAndClucV8,spot_long,not_scheduled,excluded,true,884,baseline,NA,FOUND,baseline,PASS,0,strategy,ineligible,recursive_bias_found,not_yet_revisited
CombinedBinHAndClucV8Hyper,spot_long,not_scheduled,excluded,true,1243,baseline,NA,FOUND,baseline,PASS,0,strategy,ineligible,recursive_bias_found,not_yet_revisited
CombinedBinHAndClucV8XH,spot_long,not_scheduled,excluded,true,642,baseline,NA,FOUND,baseline,PASS,0,strategy,ineligible,recursive_bias_found,not_yet_revisited
CombinedBinHAndClucV8XHO,spot_long,D_recursive_drift,excluded,true,851,baseline,PASS,FOUND,baseline,PASS,0,strategy,ineligible,recursive_bias_found,not_yet_revisited
CombinedBinHClucAndMADV3,spot_long,E0_strict67,E0_strict67,true,1717,baseline,PASS,PASS,native,PASS,0,strategy,eligible,,
CombinedBinHClucAndMADV5,spot_long,E0_strict67,E0_strict67,true,1644,baseline,PASS,PASS,baseline,PASS,0,strategy,eligible,,
CombinedBinHClucAndMADV6,spot_long,E0_strict67,E0_strict67,true,1616,baseline,PASS,PASS,native,PASS,0,strategy,eligible,,
CombinedBinHClucAndMADV9,spot_long,E0_strict67,E0_strict67,true,2842,baseline,PASS,PASS,native,PASS,0,strategy,eligible,,
Combined_Indicators,spot_long,B_warmup_refusal,excluded,true,2969,baseline,PASS,FOUND,baseline,PASS,0,strategy,ineligible,recursive_bias_found,not_yet_revisited
Combined_NFIv6_SMA,spot_long,not_scheduled,excluded,true,951,baseline,NA,FOUND,baseline,PASS,0,strategy,ineligible,recursive_bias_found,not_yet_revisited
Combined_NFIv7_SMA,spot_long,D_recursive_drift,excluded,true,927,baseline,PASS,FOUND,baseline,PASS,0,strategy,ineligible,recursive_bias_found,not_yet_revisited
Combined_NFIv7_SMA_Rallipanos_20210707,spot_long,D_recursive_drift,excluded,true,927,baseline,PASS,FOUND,baseline,PASS,0,strategy,ineligible,recursive_bias_found,not_yet_revisited
Combined_NFIv7_SMA_bAdBoY_20211204,spot_long,D_recursive_drift,excluded,true,927,baseline,PASS,FOUND,baseline,PASS,0,strategy,ineligible,recursive_bias_found,not_yet_revisited
CompositeScoreStrategy,spot_long,D_recursive_drift,excluded,true,28771,baseline,PASS,FOUND,baseline,PASS,0,strategy,ineligible,recursive_bias_found,not_yet_revisited
ConsensusShort,futures_long_short,not_scheduled,excluded,true,414,smoke,PASS,FOUND,native,PASS,0,strategy,ineligible,recursive_bias_found,
CoppockCurveStrategy,spot_long,D_recursive_drift,excluded,true,22332,baseline,PASS,FOUND,baseline,PASS,0,strategy,ineligible,recursive_bias_found,not_yet_revisited
CopyLitmusMinMaxBroadClassificationStrategy,futures_long_short,C_measurement_recovery,excluded,false,,,NA,NA,baseline,PASS,0,strategy,ineligible,canonical_implementation_not_measured,not_yet_revisited
CoreStrategy,spot_long,not_scheduled,excluded,false,,,NA,FOUND,baseline,PASS,0,strategy,ineligible,canonical_implementation_not_measured;recursive_bias_found,not_yet_revisited
CrossEMAStrategy,spot_long,not_scheduled,excluded,true,4063,baseline,NA,FOUND,baseline,PASS,0,strategy,ineligible,recursive_bias_found,not_yet_revisited
CryptoFrog,spot_long,C_measurement_recovery,excluded,false,,,NA,PASS,baseline,PASS,0,strategy,ineligible,canonical_implementation_not_measured,not_yet_revisited
CryptoFrogHO,spot_long,C_measurement_recovery,excluded,false,,,NA,PASS,baseline,PASS,0,strategy,ineligible,canonical_implementation_not_measured,not_yet_revisited
CryptoFrogHO2,spot_long,C_measurement_recovery,excluded,false,,,NA,PASS,baseline,PASS,0,strategy,ineligible,canonical_implementation_not_measured,not_yet_revisited
CryptoFrogHO2A,spot_long,C_measurement_recovery,excluded,false,,,NA,PASS,baseline,PASS,0,strategy,ineligible,canonical_implementation_not_measured,not_yet_revisited
CryptoFrogHO3A1,spot_long,C_measurement_recovery,excluded,false,,,NA,PASS,baseline,PASS,0,strategy,ineligible,canonical_implementation_not_measured,not_yet_revisited
CryptoFrogHO3A2,spot_long,C_measurement_recovery,excluded,false,,,NA,PASS,baseline,PASS,0,strategy,ineligible,canonical_implementation_not_measured,not_yet_revisited
CryptoFrogHO3A3,spot_long,C_measurement_recovery,excluded,false,,,NA,PASS,baseline,PASS,0,strategy,ineligible,canonical_implementation_not_measured,not_yet_revisited
CryptoFrogHO3A4,spot_long,C_measurement_recovery,excluded,false,,,NA,PASS,baseline,PASS,0,strategy,ineligible,canonical_implementation_not_measured,not_yet_revisited
CryptoFrogNFI,spot_long,not_scheduled,excluded,false,,,NA,FOUND,baseline,PASS,0,strategy,ineligible,canonical_implementation_not_measured;recursive_bias_found,not_yet_revisited
CryptoFrogNFI2,spot_long,C_measurement_recovery,excluded,false,,,NA,NA,baseline,PASS,0,strategy,ineligible,canonical_implementation_not_measured,not_yet_revisited
CryptoFrogNFIHO1A,spot_long,not_scheduled,excluded,false,,,NA,FOUND,baseline,PASS,0,strategy,ineligible,canonical_implementation_not_measured;recursive_bias_found,not_yet_revisited
CryptoFrogOffset,spot_long,not_scheduled,excluded,false,,,NA,FOUND,baseline,PASS,0,strategy,ineligible,canonical_implementation_not_measured;recursive_bias_found,not_yet_revisited
CryptoFrog_nateema,spot_long,C_measurement_recovery,excluded,false,,,NA,PASS,baseline,PASS,0,strategy,ineligible,canonical_implementation_not_measured,not_yet_revisited
CryptoPredictionTraining,spot_long,C_measurement_recovery,excluded,false,,,NA,PASS,baseline,PENDING,0,strategy,ineligible,canonical_implementation_not_measured,not_yet_revisited
CustomStoplossWithPSAR,spot_long,not_scheduled,excluded,true,140,baseline,PASS,FOUND,native,PASS,0,strategy,ineligible,recursive_bias_found,
DCBBBounce,spot_long,not_scheduled,excluded,true,136,baseline,NA,FOUND,native,PASS,0,strategy,ineligible,recursive_bias_found,
DD,spot_long,B_warmup_refusal,excluded,true,32051,baseline,PASS,FOUND,baseline,PASS,0,strategy,ineligible,recursive_bias_found,not_yet_revisited
DIV_v1,spot_long,not_scheduled,excluded,false,,,NA,NA,baseline,PASS,1,strategy,ineligible,canonical_implementation_not_measured;technical_trap_found,not_yet_revisited
DWT,spot_long,C_measurement_recovery,excluded,false,,,NA,PASS,baseline,PASS,0,strategy,ineligible,canonical_implementation_not_measured,not_yet_revisited
DWT_Leveraged,spot_long,C_measurement_recovery,excluded,false,,,NA,PASS,baseline,PASS,0,strategy,ineligible,canonical_implementation_not_measured,not_yet_revisited
DWT_LongShort,futures_long_short,not_scheduled,excluded,true,859,smoke,PASS,FOUND,native,PASS,0,strategy,ineligible,recursive_bias_found,
DWT_short,futures_long_short,not_scheduled,excluded,true,362,smoke,PASS,FOUND,native,PASS,0,strategy,ineligible,recursive_bias_found,
Danke,spot_long,C_measurement_recovery,excluded,false,,,NA,NA,baseline,PASS,0,strategy,ineligible,canonical_implementation_not_measured,not_yet_revisited
DemaCrossStrategy,spot_long,D_recursive_drift,excluded,true,21528,baseline,PASS,FOUND,baseline,PASS,0,strategy,ineligible,recursive_bias_found,not_yet_revisited
DevilStra,spot_long,not_scheduled,excluded,true,689,baseline,NA,FOUND,native,PASS,0,strategy,ineligible,recursive_bias_found,
Diamond,spot_long,B_warmup_refusal,excluded,true,4603,baseline,PASS,FOUND,baseline,PASS,0,strategy,ineligible,recursive_bias_found,not_yet_revisited
Dimond,spot_long,not_scheduled,excluded,true,3,baseline,NA,FOUND,native,PASS,0,strategy,ineligible,recursive_bias_found,
Divergences,spot_long,not_scheduled,excluded,true,9981,baseline,NA,FOUND,baseline,PASS,0,strategy,ineligible,recursive_bias_found,not_yet_revisited
DoesNothingStrategy,spot_long,C_measurement_recovery,excluded,true,0,full_window,NA,PASS,baseline,PASS,0,strategy,ineligible,canonical_implementation_not_measured,not_yet_revisited
DonchianBreakoutStrategy,spot_long,D_recursive_drift,excluded,true,21512,baseline,PASS,FOUND,baseline,PASS,0,strategy,ineligible,recursive_bias_found,not_yet_revisited
DoubleEMACrossoverWithTrend,spot_long,not_scheduled,excluded,true,0,baseline,NA,NA,baseline,PASS,0,strategy,ineligible,no_trades_in_full_measurement,not_yet_revisited
Dracula,spot_long,not_scheduled,excluded,true,15,baseline,NA,FOUND,native,PASS,0,strategy,ineligible,recursive_bias_found,
DualModelPolymarketPortfolio,spot_long,C_measurement_recovery,excluded,false,,,NA,PASS,baseline,PASS,0,strategy,ineligible,canonical_implementation_not_measured,not_yet_revisited
Dyna_opti,spot_long,C_measurement_recovery,excluded,false,,,NA,PASS,baseline,PASS,0,strategy,ineligible,canonical_implementation_not_measured,not_yet_revisited
E0V1E,spot_long,not_scheduled,excluded,true,329,baseline,NA,FOUND,baseline,PASS,0,strategy,ineligible,recursive_bias_found,not_yet_revisited
E0V1E2,spot_long,not_scheduled,excluded,true,330,baseline,NA,FOUND,baseline,PASS,0,strategy,ineligible,recursive_bias_found,not_yet_revisited
E0V1EN,spot_long,not_scheduled,excluded,true,509,baseline,NA,FOUND,baseline,PASS,1,strategy,ineligible,recursive_bias_found;technical_trap_found,not_yet_revisited
E0V1E_DCA3,spot_long,D_recursive_drift,excluded,true,2152,baseline,PASS,FOUND,baseline,PASS,0,strategy,ineligible,recursive_bias_found,not_yet_revisited
E0V1E_ewo,spot_long,not_scheduled,excluded,true,309,baseline,NA,FOUND,baseline,PASS,0,strategy,ineligible,recursive_bias_found,not_yet_revisited
E0V1E_protections,spot_long,not_scheduled,excluded,true,329,baseline,NA,FOUND,baseline,PASS,0,strategy,ineligible,recursive_bias_found,not_yet_revisited
E0V1E_strs,spot_long,not_scheduled,excluded,true,134,baseline,NA,FOUND,baseline,PASS,0,strategy,ineligible,recursive_bias_found,not_yet_revisited
EI1_t4c0s_V4,spot_long,not_scheduled,excluded,true,721,baseline,FOUND,FOUND,baseline,PASS,0,strategy,ineligible,lookahead_found;recursive_bias_found,not_yet_revisited
EI3v2_tag_cofi_green,spot_long,not_scheduled,excluded,true,3366,baseline,PASS,FOUND,baseline,PASS,1,strategy,ineligible,recursive_bias_found;technical_trap_found,not_yet_revisited
EI4_t4c0s_V2,spot_long,not_scheduled,excluded,true,4368,baseline,FOUND,FOUND,baseline,PASS,0,strategy,ineligible,lookahead_found;recursive_bias_found,not_yet_revisited
EI4_t4c0s_V2_2,spot_long,not_scheduled,excluded,true,4368,baseline,FOUND,FOUND,baseline,PASS,0,strategy,ineligible,lookahead_found;recursive_bias_found,not_yet_revisited
EMA50,spot_long,not_scheduled,excluded,true,5751,baseline,PASS,FOUND,native,PASS,0,strategy,ineligible,recursive_bias_found,
EMA520015_V17,spot_long,B_warmup_refusal,excluded,true,8265,baseline,PASS,FOUND,baseline,PASS,0,strategy,ineligible,recursive_bias_found,not_yet_revisited
EMABBRSI,spot_long,C_measurement_recovery,excluded,false,,,NA,NA,baseline,PASS,0,strategy,ineligible,canonical_implementation_not_measured,not_yet_revisited
EMABreakout,spot_long,not_scheduled,excluded,true,5734,baseline,PASS,FOUND,native,PASS,0,strategy,ineligible,recursive_bias_found,
EMAPriceCrossoverWithThreshold,spot_long,not_scheduled,excluded,true,0,baseline,NA,NA,baseline,PASS,0,strategy,ineligible,no_trades_in_full_measurement,not_yet_revisited
EMASkipPump,spot_long,not_scheduled,excluded,true,34322,baseline,PASS,FOUND,native,PASS,0,strategy,ineligible,recursive_bias_found,
EMAVolume,spot_long,C_measurement_recovery,excluded,false,,,NA,NA,baseline,PASS,0,strategy,ineligible,canonical_implementation_not_measured,not_yet_revisited
EMA_CROSSOVER_STRATEGY,spot_long,E0_strict67,E0_strict67,true,26980,baseline,PASS,PASS,baseline,PASS,0,strategy,eligible,,
EXPERIMENTAL_STRATEGY,spot_long,C_measurement_recovery,excluded,false,,,NA,NA,baseline,PASS,0,strategy,ineligible,canonical_implementation_not_measured,not_yet_revisited
EasyInEasyOut,spot_long,B_warmup_refusal,excluded,true,17,baseline,PASS,FOUND,baseline,PASS,0,strategy,ineligible,recursive_bias_found,not_yet_revisited
ElliotV2,spot_long,E0_strict67,E0_strict67,true,402,baseline,PASS,PASS,native,PASS,0,strategy,eligible,,
ElliotV4,spot_long,not_scheduled,excluded,true,915,baseline,NA,FOUND,baseline,PASS,0,strategy,ineligible,recursive_bias_found,not_yet_revisited
ElliotV531,spot_long,not_scheduled,excluded,true,887,baseline,NA,FOUND,baseline,PASS,0,strategy,ineligible,recursive_bias_found,not_yet_revisited
ElliotV5HO,spot_long,not_scheduled,excluded,true,810,baseline,NA,FOUND,baseline,PASS,0,strategy,ineligible,recursive_bias_found,not_yet_revisited
ElliotV5HOMod2,spot_long,not_scheduled,excluded,true,494,baseline,NA,FOUND,baseline,PASS,0,strategy,ineligible,recursive_bias_found,not_yet_revisited
ElliotV5HOMod3,spot_long,not_scheduled,excluded,true,547,baseline,NA,FOUND,baseline,PASS,0,strategy,ineligible,recursive_bias_found,not_yet_revisited
ElliotV5_SMA,spot_long,E0_strict67,E0_strict67,true,723,baseline,PASS,PASS,native,PASS,0,strategy,eligible,,
ElliotV7,spot_long,not_scheduled,excluded,true,554,baseline,NA,FOUND,baseline,PASS,0,strategy,ineligible,recursive_bias_found,not_yet_revisited
ElliotV8HO,spot_long,not_scheduled,excluded,true,386,baseline,NA,FOUND,baseline,PASS,0,strategy,ineligible,recursive_bias_found,not_yet_revisited
ElliotV8_original,spot_long,not_scheduled,excluded,true,596,baseline,NA,FOUND,baseline,PASS,1,strategy,ineligible,recursive_bias_found;technical_trap_found,not_yet_revisited
ElliotV8_original_ichiv2,spot_long,not_scheduled,excluded,true,1315,baseline,NA,FOUND,baseline,PASS,1,strategy,ineligible,recursive_bias_found;technical_trap_found,not_yet_revisited
ElliotV8_original_ichiv2OH,spot_long,not_scheduled,excluded,true,515,baseline,NA,FOUND,baseline,PASS,1,strategy,ineligible,recursive_bias_found;technical_trap_found,not_yet_revisited
ElliotV8_original_ichiv3,spot_long,not_scheduled,excluded,true,1456,baseline,NA,FOUND,baseline,PASS,1,strategy,ineligible,recursive_bias_found;technical_trap_found,not_yet_revisited
ElliotWave,futures_long,not_scheduled,excluded,true,41,smoke,FOUND,NA,baseline,PASS,0,strategy,ineligible,lookahead_found,not_yet_revisited
Elliotv8,spot_long,not_scheduled,excluded,true,620,baseline,NA,FOUND,baseline,PASS,1,strategy,ineligible,recursive_bias_found;technical_trap_found,not_yet_revisited
EmaCrossStrategy,spot_long,C_measurement_recovery,excluded,false,,,NA,PASS,baseline,PENDING,0,strategy,ineligible,canonical_implementation_not_measured,not_yet_revisited
EmaRibbonStrategy,spot_long,D_recursive_drift,excluded,true,22752,baseline,PASS,FOUND,baseline,PASS,0,strategy,ineligible,recursive_bias_found,not_yet_revisited
Enchilada,spot_long,C_measurement_recovery,excluded,false,,,NA,PASS,baseline,PASS,0,strategy,ineligible,canonical_implementation_not_measured,not_yet_revisited
EnsembleStrategy,spot_long,C_measurement_recovery,excluded,false,,,NA,NA,baseline,PENDING,0,strategy,ineligible,canonical_implementation_not_measured,not_yet_revisited
EnsembleStrategyV1,spot_long,C_measurement_recovery,excluded,false,,,NA,NA,baseline,PENDING,0,strategy,ineligible,canonical_implementation_not_measured,not_yet_revisited
EnsembleStrategyV2,spot_long,C_measurement_recovery,excluded,false,,,NA,NA,baseline,PENDING,0,strategy,ineligible,canonical_implementation_not_measured,not_yet_revisited
ExponentialGradientPortfolio,spot_long,C_measurement_recovery,excluded,true,8,smoke,NA,PASS,native,PASS,0,strategy,ineligible,canonical_implementation_not_measured,
FAdxSmaStrategy,futures_long_short,E0_strict67,E0_strict67,true,15,smoke,PASS,PASS,native,PASS,0,strategy,eligible,,
FOttStrategy,futures_long_short,not_scheduled,excluded,true,6447,full_window,PASS,FOUND,native,PASS,0,strategy,ineligible,recursive_bias_found,
FRAYSTRAT,spot_long,not_scheduled,excluded,true,12446,baseline,NA,FOUND,baseline,PASS,0,strategy,ineligible,recursive_bias_found,not_yet_revisited
FReinforcedStrategy,futures_long_short,not_scheduled,excluded,true,80,smoke,PASS,FOUND,native,PASS,0,strategy,ineligible,recursive_bias_found,
FSampleStrategy,futures_long_short,not_scheduled,excluded,true,40,smoke,PASS,FOUND,native,PASS,0,strategy,ineligible,recursive_bias_found,
FSupertrendStrategy,futures_long,E0_strict67,E0_strict67,true,83,smoke,PASS,PASS,native,PASS,0,strategy,eligible,,
FSupertrendStrategyBTC,spot_long,C_measurement_recovery,excluded,false,,,NA,PASS,baseline,PASS,0,strategy,ineligible,canonical_implementation_not_measured,not_yet_revisited
FSupertrendStrategyETH,spot_long,C_measurement_recovery,excluded,false,,,NA,PASS,baseline,PASS,0,strategy,ineligible,canonical_implementation_not_measured,not_yet_revisited
FTT_DWT_FBB_FUTURES,futures_long_short,not_scheduled,excluded,true,941,smoke,PASS,FOUND,native,PASS,0,strategy,ineligible,recursive_bias_found,
FVGAdvancedStrategy_V2,futures_long,not_scheduled,excluded,true,20,smoke,FOUND,FOUND,baseline,PASS,0,strategy,ineligible,lookahead_found;recursive_bias_found,not_yet_revisited
FVGChannel,spot_long,B_warmup_refusal,excluded,true,16599,baseline,PASS,FOUND,baseline,PASS,0,strategy,ineligible,recursive_bias_found,not_yet_revisited
Fakebuy,spot_long,A_pending_diagnostics,pending,true,339,baseline,PASS,PASS,native,PASS,0,strategy,pending_diagnostics,,
FakeoutStrategy,futures_long_short,not_scheduled,excluded,true,187,smoke,FOUND,FOUND,native,PASS,0,strategy,ineligible,lookahead_found;recursive_bias_found,
FastSupertrend,spot_long,C_measurement_recovery,excluded,false,,,NA,PASS,baseline,PASS,0,strategy,ineligible,canonical_implementation_not_measured,not_yet_revisited
FastSupertrendOpt,spot_long,C_measurement_recovery,excluded,false,,,NA,PASS,baseline,PASS,0,strategy,ineligible,canonical_implementation_not_measured,not_yet_revisited
FastSupertrend_optim3,futures_long_short,not_scheduled,excluded,true,403,smoke,NA,NA,baseline,PASS,1,strategy,ineligible,technical_trap_found,not_yet_revisited
FastSupertrend_optim3_rsi_70,futures_long_short,not_scheduled,excluded,true,297,smoke,NA,NA,baseline,PASS,1,strategy,ineligible,technical_trap_found,not_yet_revisited
FastSupertrend_optim3_rsi_75,futures_long_short,not_scheduled,excluded,true,320,smoke,NA,NA,baseline,PASS,1,strategy,ineligible,technical_trap_found,not_yet_revisited
FastSupertrend_optim3_rsi_752,futures_long_short,not_scheduled,excluded,true,383,smoke,NA,NA,baseline,PASS,1,strategy,ineligible,technical_trap_found,not_yet_revisited
FastSupertrend_optim3_rsi_75fix,futures_long_short,not_scheduled,excluded,true,320,smoke,NA,NA,baseline,PASS,1,strategy,ineligible,technical_trap_found,not_yet_revisited
FastSupertrend_optim3_rsi_75fix_signal,futures_long_short,not_scheduled,excluded,true,215,smoke,NA,NA,baseline,PASS,1,strategy,ineligible,technical_trap_found,not_yet_revisited
FastSupertrend_optim3_rsi_75lev,futures_long_short,not_scheduled,excluded,true,763,smoke,NA,NA,baseline,PASS,1,strategy,ineligible,technical_trap_found,not_yet_revisited
FastSupertrend_optim3_rsi_75sell,futures_long_short,not_scheduled,excluded,true,319,smoke,NA,NA,baseline,PASS,1,strategy,ineligible,technical_trap_found,not_yet_revisited
FastSupertrend_optim3_rsi_80,futures_long_short,not_scheduled,excluded,true,396,smoke,NA,NA,baseline,PASS,1,strategy,ineligible,technical_trap_found,not_yet_revisited
FastSupertrend_optim_quick,futures_long_short,not_scheduled,excluded,true,557,smoke,NA,NA,baseline,PASS,1,strategy,ineligible,technical_trap_found,not_yet_revisited
FastSupertrend_optim_quick2,futures_long_short,not_scheduled,excluded,true,1587,smoke,NA,NA,baseline,PASS,1,strategy,ineligible,technical_trap_found,not_yet_revisited
FastSupertrend_optim_quick3,futures_long_short,not_scheduled,excluded,true,1283,smoke,NA,NA,baseline,PASS,1,strategy,ineligible,technical_trap_found,not_yet_revisited
FastSupertrend_optim_quick4,futures_long_short,not_scheduled,excluded,true,1245,smoke,NA,NA,baseline,PASS,1,strategy,ineligible,technical_trap_found,not_yet_revisited
FastSupertrend_optim_quick5,futures_long_short,not_scheduled,excluded,true,1166,smoke,NA,NA,baseline,PASS,1,strategy,ineligible,technical_trap_found,not_yet_revisited
FastSupertrend_ts_origstop_fix,futures_long_short,E0_strict67,E0_strict67,true,53,smoke,PASS,PASS,native,PASS,0,strategy,eligible,,
FileLoadingStrategy,spot_long,C_measurement_recovery,excluded,false,,,NA,PASS,baseline,PENDING,0,strategy,ineligible,canonical_implementation_not_measured,not_yet_revisited
FisherHull,spot_long,not_scheduled,excluded,true,34,baseline,NA,FOUND,baseline,PASS,0,strategy,ineligible,recursive_bias_found,not_yet_revisited
FisherTransformStrategy,spot_long,D_recursive_drift,excluded,true,22576,baseline,PASS,FOUND,baseline,PASS,0,strategy,ineligible,recursive_bias_found,not_yet_revisited
FiveMinCrossAbove,spot_long,not_scheduled,excluded,true,1851,baseline,PASS,FOUND,native,PASS,0,strategy,ineligible,recursive_bias_found,
FixedRiskRewardLoss,spot_long,C_measurement_recovery,excluded,false,,,NA,NA,baseline,PENDING,0,strategy,ineligible,canonical_implementation_not_measured,not_yet_revisited
FlawlessVictory,spot_long,E0_strict67,E0_strict67,true,12240,baseline,PASS,PASS,baseline,PASS,0,strategy,eligible,,
ForexRobootSuperScalper,spot_long,B_warmup_refusal,excluded,true,26623,baseline,PASS,FOUND,baseline,PASS,0,strategy,ineligible,recursive_bias_found,not_yet_revisited
ForexSignal,spot_long,E0_strict67,E0_strict67,true,26316,baseline,PASS,PASS,baseline,PASS,0,strategy,eligible,,
FrayLIVEBTC15m,spot_long,not_scheduled,excluded,true,4747,baseline,FOUND,FOUND,baseline,PASS,0,strategy,ineligible,lookahead_found;recursive_bias_found,not_yet_revisited
FrayStratBTC,spot_long,not_scheduled,excluded,true,9089,baseline,NA,FOUND,baseline,PASS,0,strategy,ineligible,recursive_bias_found,not_yet_revisited
FreqaiExampleHybridStrategy,futures_long_short,C_measurement_recovery,excluded,false,,,NA,NA,baseline,PASS,0,strategy,ineligible,canonical_implementation_not_measured,not_yet_revisited
FreqaiExampleStrategy,spot_long,C_measurement_recovery,excluded,false,,,NA,NA,baseline,PENDING,0,strategy,ineligible,canonical_implementation_not_measured,not_yet_revisited
Freqtrade_backtest_validation_freqtrade1,spot_long,B_warmup_refusal,excluded,true,10164,baseline,PASS,FOUND,baseline,PASS,0,strategy,ineligible,recursive_bias_found,not_yet_revisited
FrostAuraM115mStrategy,spot_long,not_scheduled,excluded,true,30851,baseline,NA,FOUND,baseline,PASS,0,strategy,ineligible,recursive_bias_found,not_yet_revisited
FrostAuraM11hStrategy,spot_long,not_scheduled,excluded,true,2636,baseline,NA,FOUND,baseline,PASS,0,strategy,ineligible,recursive_bias_found,not_yet_revisited
FrostAuraM21hStrategy,spot_long,not_scheduled,excluded,true,19880,baseline,NA,FOUND,baseline,PASS,0,strategy,ineligible,recursive_bias_found,not_yet_revisited
FrostAuraM315mStrategy,spot_long,not_scheduled,excluded,true,9121,baseline,NA,FOUND,baseline,PASS,0,strategy,ineligible,recursive_bias_found,not_yet_revisited
FrostAuraM31hStrategy,spot_long,not_scheduled,excluded,true,2469,baseline,NA,FOUND,baseline,PASS,0,strategy,ineligible,recursive_bias_found,not_yet_revisited
FrostAuraRandomStrategy,spot_long,not_scheduled,excluded,true,5821,baseline,FOUND,FOUND,baseline,PASS,0,strategy,ineligible,lookahead_found;recursive_bias_found,not_yet_revisited
FundingCarry,spot_long,C_measurement_recovery,excluded,true,0,full_window,NA,PASS,baseline,PASS,0,strategy,ineligible,canonical_implementation_not_measured,not_yet_revisited
GKD_Baseline,spot_long,B_warmup_refusal,excluded,true,18338,baseline,PASS,FOUND,baseline,PASS,0,strategy,ineligible,recursive_bias_found,not_yet_revisited
GKD_BaselineAllMAs,spot_long,B_warmup_refusal,excluded,true,18338,baseline,PASS,FOUND,baseline,PASS,0,strategy,ineligible,recursive_bias_found,not_yet_revisited
GKD_C,spot_long,not_scheduled,excluded,true,4,baseline,NA,FOUND,baseline,PASS,0,strategy,ineligible,recursive_bias_found,not_yet_revisited
GKD_CT,spot_long,not_scheduled,excluded,true,757,baseline,NA,FOUND,baseline,PASS,0,strategy,ineligible,recursive_bias_found,not_yet_revisited
GKD_FisherTransform,spot_long,not_scheduled,excluded,true,1630,baseline,NA,FOUND,baseline,PASS,0,strategy,ineligible,recursive_bias_found,not_yet_revisited
GKD_FisherTransformMTF,spot_long,not_scheduled,excluded,true,4750,baseline,NA,FOUND,baseline,PASS,0,strategy,ineligible,recursive_bias_found,not_yet_revisited
GKD_HurstExponent,spot_long,B_warmup_refusal,excluded,true,5896,baseline,PASS,FOUND,baseline,PASS,0,strategy,ineligible,recursive_bias_found,not_yet_revisited
GKD_PFE,spot_long,B_warmup_refusal,excluded,true,17113,baseline,PASS,FOUND,baseline,PASS,0,strategy,ineligible,recursive_bias_found,not_yet_revisited
GPR,spot_long,C_measurement_recovery,excluded,false,,,NA,NA,baseline,PASS,0,strategy,ineligible,canonical_implementation_not_measured,not_yet_revisited
GPTREV,spot_long,not_scheduled,excluded,true,600,baseline,PASS,FOUND,native,PASS,0,strategy,ineligible,recursive_bias_found,
GeneStrategy,spot_long,C_measurement_recovery,excluded,true,6,smoke,PASS,FOUND,native,PASS,0,strategy,ineligible,canonical_implementation_not_measured,
GeneStrategy_v2,spot_long,C_measurement_recovery,excluded,true,54,smoke,PASS,FOUND,native,PASS,0,strategy,ineligible,canonical_implementation_not_measured,
GeneTrader_gen10_1734895087_6007,spot_long,C_measurement_recovery,excluded,true,143,smoke,PASS,FOUND,native,PASS,0,strategy,ineligible,canonical_implementation_not_measured,
GeneTrader_gen5_1735014093_4541,spot_long,C_measurement_recovery,excluded,true,33,smoke,PASS,FOUND,native,PASS,0,strategy,ineligible,canonical_implementation_not_measured,
GodCard,spot_long,B_warmup_refusal,excluded,true,476,baseline,PASS,FOUND,baseline,PASS,0,strategy,ineligible,recursive_bias_found,not_yet_revisited
GodStra,spot_long,C_measurement_recovery,excluded,false,,,NA,PASS,baseline,PASS,0,strategy,ineligible,canonical_implementation_not_measured,not_yet_revisited
GodStraNew,spot_long,not_scheduled,excluded,true,6,baseline,NA,FOUND,native,PASS,0,strategy,ineligible,recursive_bias_found,
GodStraNew40,spot_long,not_scheduled,excluded,true,6,baseline,NA,FOUND,native,PASS,0,strategy,ineligible,recursive_bias_found,
GodStraNew_SMAonly,spot_long,not_scheduled,excluded,true,14,baseline,NA,FOUND,native,PASS,0,strategy,ineligible,recursive_bias_found,
GoldHedgeZeroMACD,futures_long,not_scheduled,excluded,true,0,smoke,NA,FOUND,baseline,PASS,0,strategy,ineligible,recursive_bias_found,not_yet_revisited
GoldenCrossStrategy,spot_long,D_recursive_drift,excluded,true,5920,baseline,PASS,FOUND,baseline,PASS,0,strategy,ineligible,recursive_bias_found,not_yet_revisited
Guacamole,spot_long,not_scheduled,excluded,false,,,NA,FOUND,baseline,PASS,0,strategy,ineligible,canonical_implementation_not_measured;recursive_bias_found,not_yet_revisited
Gumbo1,spot_long,E0_strict67,E0_strict67,true,23582,baseline,PASS,PASS,native,PASS,0,strategy,eligible,,
GymStrategy,spot_long,C_measurement_recovery,excluded,false,,,NA,PASS,baseline,PASS,0,strategy,ineligible,canonical_implementation_not_measured,not_yet_revisited
HEW,futures_long,not_scheduled,excluded,true,4,smoke,NA,FOUND,baseline,PASS,0,strategy,ineligible,recursive_bias_found,not_yet_revisited
HLHB,spot_long,C_measurement_recovery,excluded,false,,,NA,NA,baseline,PASS,0,strategy,ineligible,canonical_implementation_not_measured,not_yet_revisited
HSI,spot_long,B_warmup_refusal,excluded,true,5591,baseline,PASS,FOUND,baseline,PASS,0,strategy,ineligible,recursive_bias_found,not_yet_revisited
Hacklemore,spot_long,C_measurement_recovery,excluded,true,135,smoke,NA,PASS,native,PASS,0,strategy,ineligible,canonical_implementation_not_measured,
Hacklemore2,spot_long,not_scheduled,excluded,true,643,baseline,NA,FOUND,baseline,PASS,0,strategy,ineligible,recursive_bias_found,not_yet_revisited
Hacklemore3,spot_long,not_scheduled,excluded,true,34,baseline,NA,FOUND,baseline,PASS,0,strategy,ineligible,recursive_bias_found,not_yet_revisited
Hacklemost,spot_long,not_scheduled,excluded,true,168,baseline,NA,FOUND,baseline,PASS,0,strategy,ineligible,recursive_bias_found,not_yet_revisited
HansenSmaOffsetV1,spot_long,not_scheduled,excluded,true,119,baseline,PASS,FOUND,native,PASS,0,strategy,ineligible,recursive_bias_found,
HarmonicDivergence,spot_long,C_measurement_recovery,excluded,true,0,smoke,NA,NA,baseline,PASS,0,strategy,ineligible,canonical_implementation_not_measured,not_yet_revisited
HarmonicDivergence_fix,spot_long,C_measurement_recovery,excluded,true,850,smoke,NA,NA,native,PASS,0,strategy,ineligible,canonical_implementation_not_measured,
HeikinAshiStrategy,spot_long,D_recursive_drift,excluded,true,26155,baseline,PASS,FOUND,baseline,PASS,0,strategy,ineligible,recursive_bias_found,not_yet_revisited
Heracles,spot_long,not_scheduled,excluded,true,779,baseline,FOUND,FOUND,native,PASS,0,strategy,ineligible,lookahead_found;recursive_bias_found,
HigherHighStrategy,spot_long,D_recursive_drift,excluded,true,26360,baseline,PASS,FOUND,baseline,PASS,0,strategy,ineligible,recursive_bias_found,not_yet_revisited
HilbertSineWave,spot_long,B_warmup_refusal,excluded,true,4447,baseline,PASS,FOUND,baseline,PASS,0,strategy,ineligible,recursive_bias_found,not_yet_revisited
HourBasedStrategy,spot_long,not_scheduled,excluded,true,10884,baseline,PASS,FOUND,native,PASS,0,strategy,ineligible,recursive_bias_found,
HourBasedStrategy_5m,spot_long,B_warmup_refusal,E1_expanded,true,11784,baseline,PASS,FOUND,baseline,PASS,0,strategy,ineligible,recursive_bias_found,
HurstCycle3,futures_long,not_scheduled,excluded,true,559,smoke,NA,FOUND,baseline,PASS,0,strategy,ineligible,recursive_bias_found,not_yet_revisited
HurstCycle7,futures_long,not_scheduled,excluded,true,547,smoke,NA,FOUND,baseline,PASS,0,strategy,ineligible,recursive_bias_found,not_yet_revisited
HurstCycleV4,futures_long,not_scheduled,excluded,true,0,smoke,NA,FOUND,baseline,PASS,0,strategy,ineligible,recursive_bias_found,not_yet_revisited
HurstCycleV5,futures_long_short,not_scheduled,excluded,true,18,smoke,NA,FOUND,native,PASS,0,strategy,ineligible,recursive_bias_found,
HurstCycleV5RSI,futures_long,not_scheduled,excluded,true,120,smoke,NA,FOUND,baseline,PASS,0,strategy,ineligible,recursive_bias_found,not_yet_revisited
HurstCycleV6,futures_long,not_scheduled,excluded,true,155,smoke,NA,FOUND,baseline,PASS,0,strategy,ineligible,recursive_bias_found,not_yet_revisited
HyperStra_GSN_SMAOnly,spot_long,A_pending_diagnostics,pending,true,17,baseline,FOUND,PASS,native,PASS,0,strategy,pending_diagnostics,,
HyperStra_SMAOnly,spot_long,not_scheduled,excluded,true,17,baseline,FOUND,PASS,native,PASS,0,strategy,ineligible,lookahead_found,
INSIDEUP,spot_long,not_scheduled,excluded,true,554,baseline,NA,FOUND,baseline,PASS,0,strategy,ineligible,recursive_bias_found,not_yet_revisited
Ichess,spot_long,not_scheduled,excluded,true,355,baseline,PASS,FOUND,native,PASS,0,strategy,ineligible,recursive_bias_found,
Ichi,spot_long,not_scheduled,excluded,true,14697,baseline,FOUND,PASS,baseline,PASS,0,strategy,ineligible,lookahead_found,not_yet_revisited
IchiVwapAdx,futures_long_short,not_scheduled,excluded,true,257,smoke,FOUND,FOUND,native,PASS,0,strategy,ineligible,lookahead_found;recursive_bias_found,
Ichimoku,spot_long,not_scheduled,excluded,true,8609,baseline,PASS,FOUND,native,PASS,0,strategy,ineligible,recursive_bias_found,
IchimokuCloudStrategy,spot_long,not_scheduled,excluded,true,796,baseline,FOUND,FOUND,baseline,PASS,0,strategy,ineligible,lookahead_found;recursive_bias_found,not_yet_revisited
IchimokuSimpleStrategy,spot_long,D_recursive_drift,excluded,true,19831,baseline,PASS,FOUND,baseline,PASS,0,strategy,ineligible,recursive_bias_found,not_yet_revisited
IchimokuStrategy,spot_long,C_measurement_recovery,excluded,false,,,NA,PASS,baseline,PASS,0,strategy,ineligible,canonical_implementation_not_measured,not_yet_revisited
Ichimoku_SenkouSpanCross,spot_long,C_measurement_recovery,excluded,false,,,NA,PASS,baseline,PASS,0,strategy,ineligible,canonical_implementation_not_measured,not_yet_revisited
Ichimoku_v12,spot_long,C_measurement_recovery,excluded,false,,,NA,NA,baseline,PASS,0,strategy,ineligible,canonical_implementation_not_measured,not_yet_revisited
Ichimoku_v30,spot_long,C_measurement_recovery,excluded,false,,,NA,NA,baseline,PASS,0,strategy,ineligible,canonical_implementation_not_measured,not_yet_revisited
Ichimoku_v31,spot_long,E0_strict67,E0_strict67,true,1564,baseline,PASS,PASS,native,PASS,0,strategy,eligible,,
Ichimoku_v32,spot_long,C_measurement_recovery,excluded,false,,,NA,NA,baseline,PASS,0,strategy,ineligible,canonical_implementation_not_measured,not_yet_revisited
Ichimoku_v33,spot_long,C_measurement_recovery,excluded,false,,,NA,NA,baseline,PASS,0,strategy,ineligible,canonical_implementation_not_measured,not_yet_revisited
Ichimoku_v35,spot_long,C_measurement_recovery,excluded,false,,,NA,NA,baseline,PASS,0,strategy,ineligible,canonical_implementation_not_measured,not_yet_revisited
Ichimoku_v37,spot_long,E0_strict67,E0_strict67,true,507,baseline,PASS,PASS,native,PASS,0,strategy,eligible,,
ImpulseV1,spot_long,D_recursive_drift,excluded,true,1097,baseline,PASS,FOUND,baseline,PASS,0,strategy,ineligible,recursive_bias_found,not_yet_revisited
InformativeDecoratorTest,spot_long,C_measurement_recovery,excluded,false,,,NA,NA,baseline,PASS,0,test_candidate,ineligible,canonical_implementation_not_measured,not_yet_revisited
InformativeSample,spot_long,not_scheduled,excluded,true,15553,baseline,PASS,FOUND,native,PASS,0,strategy,ineligible,recursive_bias_found,
Insomnia_short,futures_long_short,not_scheduled,excluded,true,0,full_window,NA,NA,baseline,PASS,0,strategy,ineligible,no_trades_in_full_measurement,not_yet_revisited
Inverse,spot_long,D_recursive_drift,excluded,true,2470,baseline,PASS,FOUND,baseline,PASS,0,strategy,ineligible,recursive_bias_found,not_yet_revisited
InverseV2,spot_long,D_recursive_drift,excluded,true,989,baseline,PASS,FOUND,baseline,PASS,0,strategy,ineligible,recursive_bias_found,not_yet_revisited
InverseVolatilityPortfolio,spot_long,A_pending_diagnostics,pending,true,24,baseline,NA,PASS,native,PASS,0,strategy,pending_diagnostics,,
JuicyTrend,spot_long,B_warmup_refusal,excluded,true,24136,baseline,PASS,FOUND,baseline,PASS,0,strategy,ineligible,recursive_bias_found,not_yet_revisited
JustROCR,spot_long,C_measurement_recovery,excluded,false,,,NA,NA,baseline,PASS,0,strategy,ineligible,canonical_implementation_not_measured,not_yet_revisited
JustROCR2,spot_long,C_measurement_recovery,excluded,false,,,NA,NA,baseline,PASS,0,strategy,ineligible,canonical_implementation_not_measured,not_yet_revisited
JustROCR3,spot_long,C_measurement_recovery,excluded,false,,,NA,NA,baseline,PASS,0,strategy,ineligible,canonical_implementation_not_measured,not_yet_revisited
JustROCR4,spot_long,C_measurement_recovery,excluded,false,,,NA,NA,baseline,PASS,0,strategy,ineligible,canonical_implementation_not_measured,not_yet_revisited
JustROCR5,spot_long,C_measurement_recovery,excluded,false,,,NA,NA,baseline,PASS,0,strategy,ineligible,canonical_implementation_not_measured,not_yet_revisited
JustROCR6,spot_long,C_measurement_recovery,excluded,false,,,NA,NA,baseline,PASS,0,strategy,ineligible,canonical_implementation_not_measured,not_yet_revisited
KAMACCIRSI,spot_long,E0_strict67,E0_strict67,true,10269,baseline,PASS,PASS,native,PASS,0,strategy,eligible,,
KAMACCIRSI_new,spot_long,D_recursive_drift,excluded,true,189,baseline,PASS,FOUND,baseline,PASS,0,strategy,ineligible,recursive_bias_found,not_yet_revisited
KC_BB,spot_long,B_warmup_refusal,excluded,true,695,baseline,PASS,FOUND,baseline,PASS,0,strategy,ineligible,recursive_bias_found,not_yet_revisited
KMM,futures_long,C_measurement_recovery,excluded,false,,,NA,NA,baseline,PASS,0,strategy,ineligible,canonical_implementation_not_measured,not_yet_revisited
Kamaflage,spot_long,not_scheduled,excluded,false,,,NA,FOUND,baseline,PASS,0,strategy,ineligible,canonical_implementation_not_measured;recursive_bias_found,not_yet_revisited
KeltnerChannelStrategy,spot_long,D_recursive_drift,excluded,true,16720,baseline,PASS,FOUND,baseline,PASS,0,strategy,ineligible,recursive_bias_found,not_yet_revisited
KitchenSink,spot_long,C_measurement_recovery,excluded,true,86,smoke,NA,FOUND,native,PASS,0,strategy,ineligible,canonical_implementation_not_measured,
Lateralus,spot_long,not_scheduled,excluded,true,3077,baseline,NA,FOUND,baseline,PASS,0,strategy,ineligible,recursive_bias_found,not_yet_revisited
Leveraged,spot_long,not_scheduled,excluded,true,29825,baseline,FOUND,FOUND,baseline,PASS,0,strategy,ineligible,lookahead_found;recursive_bias_found,not_yet_revisited
LinearRegressionStrategy,spot_long,D_recursive_drift,excluded,true,24570,baseline,PASS,FOUND,baseline,PASS,0,strategy,ineligible,recursive_bias_found,not_yet_revisited
LitmusEntryRollClassificationStrategy,futures_long_short,C_measurement_recovery,excluded,false,,,NA,NA,baseline,PASS,0,strategy,ineligible,canonical_implementation_not_measured,not_yet_revisited
LitmusGoodMinMaxClassificationStrategy,futures_long_short,C_measurement_recovery,excluded,false,,,NA,NA,baseline,PENDING,0,strategy,ineligible,canonical_implementation_not_measured,not_yet_revisited
LitmusMLDPStrategy,futures_long_short,C_measurement_recovery,excluded,false,,,NA,NA,baseline,PASS,0,strategy,ineligible,canonical_implementation_not_measured,not_yet_revisited
LitmusMetaStrategy,futures_long_short,C_measurement_recovery,excluded,false,,,NA,NA,baseline,PASS,0,strategy,ineligible,canonical_implementation_not_measured,not_yet_revisited
LitmusMinMaxBroadClassificationStrategy,futures_long_short,C_measurement_recovery,excluded,false,,,NA,NA,baseline,PASS,0,strategy,ineligible,canonical_implementation_not_measured,not_yet_revisited
LitmusMinMaxClassificationStrategy,futures_long_short,C_measurement_recovery,excluded,false,,,NA,NA,baseline,PASS,0,strategy,ineligible,canonical_implementation_not_measured,not_yet_revisited
LitmusMinMaxRegretClassificationStrategy,futures_long,C_measurement_recovery,excluded,false,,,NA,NA,baseline,PASS,0,strategy,ineligible,canonical_implementation_not_measured,not_yet_revisited
LitmusMinMaxSegmentClassificationStrategy,futures_long_short,C_measurement_recovery,excluded,false,,,NA,NA,baseline,PASS,0,strategy,ineligible,canonical_implementation_not_measured,not_yet_revisited
LitmusMinMaxStrategy,futures_long_short,C_measurement_recovery,excluded,false,,,NA,NA,baseline,PASS,0,strategy,ineligible,canonical_implementation_not_measured,not_yet_revisited
LitmusMinMaxTrendStrategy,futures_long_short,C_measurement_recovery,excluded,false,,,NA,NA,baseline,PENDING,0,strategy,ineligible,canonical_implementation_not_measured,not_yet_revisited
LitmusSimpleStrategy,futures_long_short,C_measurement_recovery,excluded,false,,,NA,NA,baseline,PENDING,0,strategy,ineligible,canonical_implementation_not_measured,not_yet_revisited
LongShortRangeTradingMachetesV1,spot_long,C_measurement_recovery,excluded,false,,,NA,NA,baseline,PASS,0,strategy,ineligible,canonical_implementation_not_measured,not_yet_revisited
LookaheadStrategy,spot_long,not_scheduled,excluded,true,3624,baseline,FOUND,FOUND,baseline,PASS,0,strategy,ineligible,lookahead_found;recursive_bias_found,not_yet_revisited
LorentzianClassification,spot_long,not_scheduled,excluded,true,10619,baseline,FOUND,FOUND,baseline,PASS,0,strategy,ineligible,lookahead_found;recursive_bias_found,not_yet_revisited
Low_BB,spot_long,not_scheduled,excluded,true,649,baseline,NA,FOUND,native,PASS,0,strategy,ineligible,recursive_bias_found,
LuxOSC,spot_long,not_scheduled,excluded,true,14577,baseline,NA,FOUND,baseline,PASS,0,strategy,ineligible,recursive_bias_found,not_yet_revisited
MAC,spot_long,not_scheduled,excluded,true,52,baseline,NA,FOUND,baseline,PASS,0,strategy,ineligible,recursive_bias_found,not_yet_revisited
MACDCCI,spot_long,C_measurement_recovery,excluded,false,,,NA,NA,baseline,PASS,0,strategy,ineligible,canonical_implementation_not_measured,not_yet_revisited
MACDCrossoverWithTrend,spot_long,not_scheduled,excluded,true,0,baseline,NA,NA,baseline,PASS,0,strategy,ineligible,no_trades_in_full_measurement,not_yet_revisited
MACDRL,futures_long,not_scheduled,excluded,true,200,smoke,PASS,FOUND,native,PASS,0,strategy,ineligible,recursive_bias_found,
MACDRS,futures_long_short,not_scheduled,excluded,true,613,smoke,PASS,FOUND,native,PASS,0,strategy,ineligible,recursive_bias_found,
MACDRSI200,spot_long,C_measurement_recovery,excluded,false,,,NA,NA,baseline,PASS,0,strategy,ineligible,canonical_implementation_not_measured,not_yet_revisited
MACDStrategy,spot_long,not_scheduled,excluded,true,20565,baseline,PASS,FOUND,native,PASS,0,strategy,ineligible,recursive_bias_found,
MACDStrategyADA,spot_long,B_warmup_refusal,excluded,true,7456,baseline,PASS,FOUND,baseline,PASS,0,strategy,ineligible,recursive_bias_found,not_yet_revisited
MACDStrategyAVAX,spot_long,B_warmup_refusal,excluded,true,7456,baseline,PASS,FOUND,baseline,PASS,0,strategy,ineligible,recursive_bias_found,not_yet_revisited
MACDStrategyBTC,spot_long,B_warmup_refusal,excluded,true,7456,baseline,PASS,FOUND,baseline,PASS,0,strategy,ineligible,recursive_bias_found,not_yet_revisited
MACDStrategyENJ,spot_long,B_warmup_refusal,excluded,true,7456,baseline,PASS,FOUND,baseline,PASS,0,strategy,ineligible,recursive_bias_found,not_yet_revisited
MACDStrategyETC,spot_long,B_warmup_refusal,excluded,true,7456,baseline,PASS,FOUND,baseline,PASS,0,strategy,ineligible,recursive_bias_found,not_yet_revisited
MACDStrategySOL,spot_long,B_warmup_refusal,excluded,true,7456,baseline,PASS,FOUND,baseline,PASS,0,strategy,ineligible,recursive_bias_found,not_yet_revisited
MACDStrategyXRP,spot_long,B_warmup_refusal,excluded,true,7456,baseline,PASS,FOUND,baseline,PASS,0,strategy,ineligible,recursive_bias_found,not_yet_revisited
MACDStrategy_crossed,spot_long,not_scheduled,excluded,true,5065,baseline,PASS,FOUND,native,PASS,0,strategy,ineligible,recursive_bias_found,
MACDZeroCrossStrategy,spot_long,not_scheduled,excluded,true,339,baseline,NA,FOUND,baseline,PASS,0,strategy,ineligible,recursive_bias_found,not_yet_revisited
MACD_EMA,spot_long,not_scheduled,excluded,true,25655,baseline,PASS,FOUND,native,PASS,0,strategy,ineligible,recursive_bias_found,
MACD_TRIPLE_MA,spot_long,E0_strict67,E0_strict67,true,14845,baseline,PASS,PASS,native,PASS,0,strategy,eligible,,
MACD_TRI_EMA,spot_long,not_scheduled,excluded,true,31828,baseline,PASS,FOUND,native,PASS,0,strategy,ineligible,recursive_bias_found,
MADisplaceV3,spot_long,E0_strict67,E0_strict67,true,718,baseline,PASS,PASS,native,PASS,0,strategy,eligible,,
MFI,spot_long,not_scheduled,excluded,true,20266,baseline,PASS,FOUND,native,PASS,0,strategy,ineligible,recursive_bias_found,
MKR,spot_long,C_measurement_recovery,excluded,false,,,NA,PASS,baseline,PASS,0,strategy,ineligible,canonical_implementation_not_measured,not_yet_revisited
MSO,spot_long,not_scheduled,excluded,true,11653,baseline,FOUND,FOUND,baseline,PASS,0,strategy,ineligible,lookahead_found;recursive_bias_found,not_yet_revisited
MabStra,spot_long,B_warmup_refusal,excluded,true,4303,baseline,PASS,FOUND,baseline,PASS,0,strategy,ineligible,recursive_bias_found,not_yet_revisited
Macd,spot_long,B_warmup_refusal,excluded,true,1068,baseline,PASS,FOUND,baseline,PASS,0,strategy,ineligible,recursive_bias_found,not_yet_revisited
MacdAdxStrategy,spot_long,D_recursive_drift,excluded,true,27220,baseline,PASS,FOUND,baseline,PASS,0,strategy,ineligible,recursive_bias_found,not_yet_revisited
MacdStrategy,spot_long,E0_strict67,E0_strict67,true,454,baseline,PASS,PASS,native,PASS,0,strategy,eligible,,
MacdZeroCrossStrategy,spot_long,D_recursive_drift,excluded,true,29909,baseline,PASS,FOUND,baseline,PASS,0,strategy,ineligible,recursive_bias_found,not_yet_revisited
MacheteV8b,spot_long,not_scheduled,excluded,false,,,NA,FOUND,baseline,PASS,0,strategy,ineligible,canonical_implementation_not_measured;recursive_bias_found,not_yet_revisited
MacheteV8bRallimod,spot_long,not_scheduled,excluded,false,,,NA,FOUND,baseline,PASS,0,strategy,ineligible,canonical_implementation_not_measured;recursive_bias_found,not_yet_revisited
MacheteV8bRallimod2,spot_long,not_scheduled,excluded,false,,,NA,FOUND,baseline,PASS,0,strategy,ineligible,canonical_implementation_not_measured;recursive_bias_found,not_yet_revisited
MarketChyperHyperStrategy,spot_long,E0_strict67,E0_strict67,true,2406,baseline,PASS,PASS,native,PASS,0,strategy,eligible,,
Maro4hMacdSd,spot_long,B_warmup_refusal,excluded,true,30492,baseline,PASS,FOUND,baseline,PASS,0,strategy,ineligible,recursive_bias_found,not_yet_revisited
Martin,spot_long,not_scheduled,excluded,true,12724,baseline,NA,FOUND,baseline,PASS,0,strategy,ineligible,recursive_bias_found,not_yet_revisited
MasterMoniGoManiHyperStrategy,spot_long,C_measurement_recovery,excluded,false,,,NA,PASS,baseline,PENDING,0,strategy,ineligible,canonical_implementation_not_measured,not_yet_revisited
Matrix,spot_long,C_measurement_recovery,excluded,true,0,smoke,NA,PASS,baseline,PASS,0,strategy,ineligible,canonical_implementation_not_measured,not_yet_revisited
MaxSharpePortfolio,spot_long,not_scheduled,excluded,true,72,baseline,FOUND,PASS,native,PASS,0,strategy,ineligible,lookahead_found,
Miku_PP_v3,spot_long,C_measurement_recovery,excluded,true,0,full_window,NA,PASS,baseline,PASS,0,strategy,ineligible,canonical_implementation_not_measured,not_yet_revisited
MiniLambo,spot_long,not_scheduled,excluded,true,1469,baseline,NA,FOUND,baseline,PASS,0,strategy,ineligible,recursive_bias_found,not_yet_revisited
MinimumVariancePortfolio,spot_long,not_scheduled,excluded,true,116,baseline,FOUND,PASS,native,PASS,0,strategy,ineligible,lookahead_found,
Minmax,spot_long,not_scheduled,excluded,true,3882,baseline,PASS,FOUND,native,PASS,0,strategy,ineligible,recursive_bias_found,
MlpSpeculativeStrategy,spot_long,C_measurement_recovery,excluded,false,,,NA,PASS,baseline,PENDING,0,strategy,ineligible,canonical_implementation_not_measured,not_yet_revisited
MomStrategy,spot_long,B_warmup_refusal,excluded,true,21607,baseline,PASS,FOUND,baseline,PASS,0,strategy,ineligible,recursive_bias_found,not_yet_revisited
MomentumRegimeBasket,spot_long,not_scheduled,excluded,true,345,baseline,FOUND,PASS,native,PASS,0,strategy,ineligible,lookahead_found,
MomentumRegimeBasket15m,spot_long,C_measurement_recovery,excluded,false,,,NA,NA,baseline,PASS,0,strategy,ineligible,canonical_implementation_not_measured,not_yet_revisited
MomentumScoreStrategy,spot_long,D_recursive_drift,excluded,true,27460,baseline,PASS,FOUND,baseline,PASS,0,strategy,ineligible,recursive_bias_found,not_yet_revisited
Momentumv2,spot_long,D_recursive_drift,excluded,true,2263,baseline,PASS,FOUND,baseline,PASS,0,strategy,ineligible,recursive_bias_found,not_yet_revisited
MoneyFlowStrategy,spot_long,D_recursive_drift,excluded,true,19490,baseline,PASS,FOUND,baseline,PASS,0,strategy,ineligible,recursive_bias_found,not_yet_revisited
MontrealStrategy,spot_long,not_scheduled,excluded,true,26411,baseline,NA,FOUND,baseline,PASS,0,strategy,ineligible,recursive_bias_found,not_yet_revisited
MostOfAll,spot_long,C_measurement_recovery,excluded,true,0,full_window,NA,PASS,baseline,PASS,0,strategy,ineligible,canonical_implementation_not_measured,not_yet_revisited
MultiFactorConfluenceStrategy,spot_long,D_recursive_drift,excluded,true,5224,baseline,PASS,FOUND,baseline,PASS,0,strategy,ineligible,recursive_bias_found,not_yet_revisited
MultiMA_TSL,spot_long,not_scheduled,excluded,false,,,NA,FOUND,baseline,PASS,0,strategy,ineligible,canonical_implementation_not_measured;recursive_bias_found,not_yet_revisited
MultiMA_TSL3,spot_long,C_measurement_recovery,excluded,true,15,smoke,PASS,FOUND,native,PASS,0,strategy,ineligible,canonical_implementation_not_measured,
MultiMA_TSL3_Mod,spot_long,C_measurement_recovery,excluded,true,13,smoke,PASS,FOUND,native,PASS,0,strategy,ineligible,canonical_implementation_not_measured,
MultiMA_TSL5,spot_long,C_measurement_recovery,excluded,false,,,NA,NA,baseline,PASS,0,strategy,ineligible,canonical_implementation_not_measured,not_yet_revisited
MultiMa,spot_long,C_measurement_recovery,excluded,false,,,NA,PASS,baseline,PASS,0,strategy,ineligible,canonical_implementation_not_measured,not_yet_revisited
MultiOffsetLamboV0,spot_long,not_scheduled,excluded,true,200,baseline,NA,FOUND,baseline,PASS,0,strategy,ineligible,recursive_bias_found,not_yet_revisited
MultiRSI,spot_long,C_measurement_recovery,excluded,true,442,smoke,PASS,FOUND,native,PASS,0,strategy,ineligible,canonical_implementation_not_measured,
MultiTargetClassifierTestStrategy,spot_long,C_measurement_recovery,excluded,false,,,NA,NA,baseline,PENDING,0,strategy,ineligible,canonical_implementation_not_measured,not_yet_revisited
MultiTargetRegressorTestStrategy,spot_long,C_measurement_recovery,excluded,false,,,NA,NA,baseline,PENDING,0,strategy,ineligible,canonical_implementation_not_measured,not_yet_revisited
MyStratV1,spot_long,D_recursive_drift,excluded,true,684,baseline,PASS,FOUND,baseline,PASS,0,strategy,ineligible,recursive_bias_found,not_yet_revisited
MyStrategyNew10,spot_long,not_scheduled,excluded,false,,,NA,FOUND,baseline,PENDING,0,strategy,ineligible,canonical_implementation_not_measured;recursive_bias_found,not_yet_revisited
MyStrategyTemplate,spot_long,C_measurement_recovery,excluded,true,0,full_window,NA,PASS,baseline,PASS,0,strategy,ineligible,canonical_implementation_not_measured,not_yet_revisited
NASOSRv6_private_Reinuvader_20211121,spot_long,C_measurement_recovery,excluded,true,452,smoke,NA,FOUND,native,PASS,0,strategy,ineligible,canonical_implementation_not_measured,
NASOSv4,spot_long,not_scheduled,excluded,true,1352,baseline,NA,FOUND,baseline,PASS,1,strategy,ineligible,recursive_bias_found;technical_trap_found,not_yet_revisited
NASOSv5,spot_long,not_scheduled,excluded,true,801,baseline,NA,FOUND,baseline,PASS,0,strategy,ineligible,recursive_bias_found,not_yet_revisited
NASOSv5_mod1,spot_long,not_scheduled,excluded,true,522,baseline,NA,FOUND,baseline,PASS,1,strategy,ineligible,recursive_bias_found;technical_trap_found,not_yet_revisited
NASOSv5_mod1_DanMod,spot_long,not_scheduled,excluded,true,396,baseline,NA,FOUND,baseline,PASS,1,strategy,ineligible,recursive_bias_found;technical_trap_found,not_yet_revisited
NASOSv5_mod2,spot_long,not_scheduled,excluded,true,319,baseline,NA,FOUND,baseline,PASS,1,strategy,ineligible,recursive_bias_found;technical_trap_found,not_yet_revisited
NASOSv5_mod3,spot_long,not_scheduled,excluded,true,603,baseline,NA,FOUND,baseline,PASS,1,strategy,ineligible,recursive_bias_found;technical_trap_found,not_yet_revisited
NEWTEST15m,spot_long,not_scheduled,excluded,true,2644,baseline,NA,FOUND,baseline,PASS,0,strategy,ineligible,recursive_bias_found,not_yet_revisited
NFI46,spot_long,not_scheduled,excluded,true,77,baseline,NA,FOUND,baseline,PASS,0,strategy,ineligible,recursive_bias_found,not_yet_revisited
NFI46Frog,spot_long,not_scheduled,excluded,false,,,NA,FOUND,baseline,PASS,0,strategy,ineligible,canonical_implementation_not_measured;recursive_bias_found,not_yet_revisited
NFI46FrogZ,spot_long,not_scheduled,excluded,true,16273,baseline,NA,FOUND,baseline,PASS,0,strategy,ineligible,recursive_bias_found,not_yet_revisited
NFI46Offset,spot_long,not_scheduled,excluded,true,941,baseline,NA,FOUND,baseline,PASS,0,strategy,ineligible,recursive_bias_found,not_yet_revisited
NFI46OffsetHOA1,spot_long,not_scheduled,excluded,true,1037,baseline,NA,FOUND,baseline,PASS,0,strategy,ineligible,recursive_bias_found,not_yet_revisited
NFI46Z,spot_long,not_scheduled,excluded,true,699,baseline,NA,FOUND,baseline,PASS,0,strategy,ineligible,recursive_bias_found,not_yet_revisited
NFI47V2,spot_long,D_recursive_drift,excluded,true,524,baseline,PASS,FOUND,baseline,PASS,0,strategy,ineligible,recursive_bias_found,not_yet_revisited
NFI4Frog,spot_long,not_scheduled,excluded,false,,,NA,FOUND,baseline,PASS,0,strategy,ineligible,canonical_implementation_not_measured;recursive_bias_found,not_yet_revisited
NFI5MOHO,spot_long,not_scheduled,excluded,true,378,baseline,NA,FOUND,baseline,PASS,0,strategy,ineligible,recursive_bias_found,not_yet_revisited
NFI5MOHO2,spot_long,D_recursive_drift,excluded,true,1436,baseline,PASS,FOUND,baseline,PASS,0,strategy,ineligible,recursive_bias_found,not_yet_revisited
NFI5MOHO_WIP,spot_long,not_scheduled,excluded,true,951,baseline,NA,FOUND,baseline,PASS,0,strategy,ineligible,recursive_bias_found,not_yet_revisited
NFI5MOHO_WIP_1,spot_long,D_recursive_drift,excluded,true,976,baseline,PASS,FOUND,baseline,PASS,0,strategy,ineligible,recursive_bias_found,not_yet_revisited
NFI5MOHO_WIP_2,spot_long,D_recursive_drift,excluded,true,988,baseline,PASS,FOUND,baseline,PASS,0,strategy,ineligible,recursive_bias_found,not_yet_revisited
NFI731_BUSD,spot_long,C_measurement_recovery,excluded,true,19,smoke,PASS,FOUND,native,PASS,0,strategy,ineligible,canonical_implementation_not_measured,
NFI7MOHO,spot_long,D_recursive_drift,excluded,true,1966,baseline,PASS,FOUND,baseline,PASS,0,strategy,ineligible,recursive_bias_found,not_yet_revisited
NFINextMOHO,spot_long,D_recursive_drift,excluded,true,1442,baseline,PASS,FOUND,baseline,PASS,0,strategy,ineligible,recursive_bias_found,not_yet_revisited
NFINextMOHO2,spot_long,D_recursive_drift,excluded,true,1784,baseline,PASS,FOUND,baseline,PASS,0,strategy,ineligible,recursive_bias_found,not_yet_revisited
NFINextMultiOffsetAndHO,spot_long,D_recursive_drift,excluded,true,1094,baseline,PASS,FOUND,baseline,PASS,0,strategy,ineligible,recursive_bias_found,not_yet_revisited
NFINextMultiOffsetAndHO2,spot_long,D_recursive_drift,excluded,true,705,baseline,PASS,FOUND,baseline,PASS,0,strategy,ineligible,recursive_bias_found,not_yet_revisited
NFIX_BB_RPB,spot_long,C_measurement_recovery,excluded,true,34,smoke,NA,FOUND,native,PASS,0,strategy,ineligible,canonical_implementation_not_measured,
NFIX_BB_RPB_c7c477d_20211030,spot_long,C_measurement_recovery,excluded,true,16,smoke,NA,FOUND,native,PASS,0,strategy,ineligible,canonical_implementation_not_measured,
NOTankAi_15,futures_long,not_scheduled,excluded,true,139,smoke,NA,FOUND,baseline,PASS,0,strategy,ineligible,recursive_bias_found,not_yet_revisited
NOTankAi_15_Cleaned,futures_long,not_scheduled,excluded,true,139,smoke,NA,FOUND,baseline,PASS,0,strategy,ineligible,recursive_bias_found,not_yet_revisited
NOTankAi_15_Cleaned_v2,futures_long,not_scheduled,excluded,true,207,smoke,NA,FOUND,baseline,PASS,0,strategy,ineligible,recursive_bias_found,not_yet_revisited
NOTankAi_17,futures_long_short,not_scheduled,excluded,true,51,smoke,FOUND,FOUND,native,PASS,0,strategy,ineligible,lookahead_found;recursive_bias_found,
NOTankAi_19,futures_long_short,not_scheduled,excluded,true,149,smoke,FOUND,FOUND,native,PASS,0,strategy,ineligible,lookahead_found;recursive_bias_found,
NWEv6,spot_long,not_scheduled,excluded,true,8379,baseline,FOUND,FOUND,baseline,PASS,0,strategy,ineligible,lookahead_found;recursive_bias_found,not_yet_revisited
NWEv6_new,spot_long,E0_strict67,E0_strict67,true,8108,baseline,PASS,PASS,baseline,PASS,0,strategy,eligible,,
NeuroV1,spot_long,not_scheduled,excluded,true,9371,baseline,FOUND,PASS,baseline,PASS,0,strategy,ineligible,lookahead_found,not_yet_revisited
NfiNextModded,spot_long,C_measurement_recovery,excluded,true,106,smoke,FOUND,FOUND,native,PASS,0,strategy,ineligible,canonical_implementation_not_measured,
NoLost,spot_long,C_measurement_recovery,excluded,false,,,NA,PASS,baseline,PASS,0,strategy,ineligible,canonical_implementation_not_measured,not_yet_revisited
NormalizerStrategy,spot_long,D_recursive_drift,excluded,true,3747,baseline,PASS,FOUND,baseline,PASS,0,strategy,ineligible,recursive_bias_found,not_yet_revisited
NormalizerStrategyHO2,spot_long,not_scheduled,excluded,true,3149,baseline,NA,FOUND,baseline,PASS,0,strategy,ineligible,recursive_bias_found,not_yet_revisited
Nostalgia,spot_long,D_recursive_drift,excluded,true,834,baseline,PASS,FOUND,baseline,PASS,0,strategy,ineligible,recursive_bias_found,not_yet_revisited
NostalgiaForInfinity772martinsk3,spot_long,C_measurement_recovery,excluded,true,21,smoke,NA,FOUND,native,PASS,0,strategy,ineligible,canonical_implementation_not_measured,
NostalgiaForInfinityNext,spot_long,C_measurement_recovery,excluded,true,24,smoke,FOUND,FOUND,native,PASS,0,strategy,ineligible,canonical_implementation_not_measured,
NostalgiaForInfinityNext772,spot_long,C_measurement_recovery,excluded,true,38,smoke,FOUND,FOUND,native,PASS,0,strategy,ineligible,canonical_implementation_not_measured,
NostalgiaForInfinityNextGen,spot_long,not_scheduled,excluded,true,158,baseline,NA,FOUND,baseline,PASS,0,strategy,ineligible,recursive_bias_found,not_yet_revisited
NostalgiaForInfinityNextGen_TSL,spot_long,not_scheduled,excluded,true,138,baseline,NA,FOUND,baseline,PASS,0,strategy,ineligible,recursive_bias_found,not_yet_revisited
NostalgiaForInfinityNextV7155,spot_long,C_measurement_recovery,excluded,true,9,smoke,FOUND,FOUND,native,PASS,0,strategy,ineligible,canonical_implementation_not_measured,
NostalgiaForInfinityNext_ChangeToTower_V5_2,spot_long,C_measurement_recovery,excluded,true,37,smoke,FOUND,FOUND,native,PASS,0,strategy,ineligible,canonical_implementation_not_measured,
NostalgiaForInfinityNext_ChangeToTower_V5_3,spot_long,C_measurement_recovery,excluded,true,37,smoke,FOUND,FOUND,native,PASS,0,strategy,ineligible,canonical_implementation_not_measured,
NostalgiaForInfinityNext_ChangeToTower_V6,spot_long,C_measurement_recovery,excluded,true,28,smoke,FOUND,FOUND,native,PASS,0,strategy,ineligible,canonical_implementation_not_measured,
NostalgiaForInfinityNext_maximizer,spot_long,C_measurement_recovery,excluded,true,25,smoke,FOUND,FOUND,native,PASS,0,strategy,ineligible,canonical_implementation_not_measured,
NostalgiaForInfinityV1,spot_long,E0_strict67,E0_strict67,true,3457,baseline,PASS,PASS,native,PASS,0,strategy,eligible,,
NostalgiaForInfinityV2,spot_long,E0_strict67,E0_strict67,true,825,baseline,PASS,PASS,native,PASS,0,strategy,eligible,,
NostalgiaForInfinityV3,spot_long,not_scheduled,excluded,true,1015,baseline,NA,FOUND,baseline,PASS,0,strategy,ineligible,recursive_bias_found,not_yet_revisited
NostalgiaForInfinityV4,spot_long,not_scheduled,excluded,true,401,baseline,NA,FOUND,baseline,PASS,0,strategy,ineligible,recursive_bias_found,not_yet_revisited
NostalgiaForInfinityV4HO,spot_long,not_scheduled,excluded,true,379,baseline,NA,FOUND,baseline,PASS,0,strategy,ineligible,recursive_bias_found,not_yet_revisited
NostalgiaForInfinityV5,spot_long,not_scheduled,excluded,true,618,baseline,NA,FOUND,baseline,PASS,0,strategy,ineligible,recursive_bias_found,not_yet_revisited
NostalgiaForInfinityV5MultiOffsetAndHO,spot_long,D_recursive_drift,excluded,true,1766,baseline,PASS,FOUND,baseline,PASS,0,strategy,ineligible,recursive_bias_found,not_yet_revisited
NostalgiaForInfinityV5MultiOffsetAndHO2,spot_long,not_scheduled,excluded,true,1381,baseline,NA,FOUND,baseline,PASS,0,strategy,ineligible,recursive_bias_found,not_yet_revisited
NostalgiaForInfinityV6,spot_long,not_scheduled,excluded,true,712,baseline,NA,FOUND,baseline,PASS,0,strategy,ineligible,recursive_bias_found,not_yet_revisited
NostalgiaForInfinityV6HO,spot_long,D_recursive_drift,excluded,true,712,baseline,PASS,FOUND,baseline,PASS,0,strategy,ineligible,recursive_bias_found,not_yet_revisited
NostalgiaForInfinityV7,spot_long,not_scheduled,excluded,true,684,baseline,NA,FOUND,baseline,PASS,0,strategy,ineligible,recursive_bias_found,not_yet_revisited
NostalgiaForInfinityV7_7_2,spot_long,C_measurement_recovery,excluded,true,40,smoke,FOUND,FOUND,native,PASS,0,strategy,ineligible,canonical_implementation_not_measured,
NostalgiaForInfinityV7_SMA,spot_long,not_scheduled,excluded,true,927,baseline,NA,FOUND,baseline,PASS,0,strategy,ineligible,recursive_bias_found,not_yet_revisited
NostalgiaForInfinityV7_SMAv2,spot_long,not_scheduled,excluded,true,927,baseline,NA,FOUND,baseline,PASS,0,strategy,ineligible,recursive_bias_found,not_yet_revisited
NostalgiaForInfinityV7_SMAv2_1,spot_long,not_scheduled,excluded,true,545,baseline,NA,FOUND,baseline,PASS,0,strategy,ineligible,recursive_bias_found,not_yet_revisited
NostalgiaForInfinityX,spot_long,C_measurement_recovery,excluded,true,28,smoke,NA,FOUND,native,PASS,0,strategy,ineligible,canonical_implementation_not_measured,
NostalgiaForInfinityX2,futures_long,not_scheduled,excluded,true,0,smoke,NA,FOUND,baseline,PASS,0,strategy,ineligible,recursive_bias_found,not_yet_revisited
NostalgiaForInfinityX3,futures_long,not_scheduled,excluded,true,4,smoke,NA,FOUND,baseline,PASS,0,strategy,ineligible,recursive_bias_found,not_yet_revisited
NostalgiaForInfinityX4,futures_long,not_scheduled,excluded,true,0,smoke,NA,FOUND,baseline,PASS,0,strategy,ineligible,recursive_bias_found,not_yet_revisited
NostalgiaForInfinityX5,futures_long,not_scheduled,excluded,true,23,smoke,NA,FOUND,baseline,PASS,0,strategy,ineligible,recursive_bias_found,not_yet_revisited
NostalgiaForInfinityX6,futures_long,not_scheduled,excluded,true,30,smoke,NA,FOUND,baseline,PASS,0,strategy,ineligible,recursive_bias_found,not_yet_revisited
NostalgiaForInfinityX7,futures_long,not_scheduled,excluded,true,18,smoke,NA,FOUND,baseline,PASS,0,strategy,ineligible,recursive_bias_found,not_yet_revisited
NostalgiaForInfinityXw,spot_long,C_measurement_recovery,excluded,true,24,smoke,FOUND,FOUND,native,PASS,0,strategy,ineligible,canonical_implementation_not_measured,
NotAnotherSMAOffSetStrategy_V2,spot_long,not_scheduled,excluded,true,3,baseline,NA,FOUND,baseline,PASS,0,strategy,ineligible,recursive_bias_found,not_yet_revisited
NotAnotherSMAOffsetStrategy,spot_long,not_scheduled,excluded,true,898,baseline,NA,FOUND,baseline,PASS,0,strategy,ineligible,recursive_bias_found,not_yet_revisited
NotAnotherSMAOffsetStrategyHO,spot_long,not_scheduled,excluded,true,905,baseline,NA,FOUND,baseline,PASS,0,strategy,ineligible,recursive_bias_found,not_yet_revisited
NotAnotherSMAOffsetStrategyHOv3,spot_long,not_scheduled,excluded,true,752,baseline,NA,FOUND,baseline,PASS,0,strategy,ineligible,recursive_bias_found,not_yet_revisited
NotAnotherSMAOffsetStrategyLite,spot_long,D_recursive_drift,excluded,true,1415,baseline,PASS,FOUND,baseline,PASS,0,strategy,ineligible,recursive_bias_found,not_yet_revisited
NotAnotherSMAOffsetStrategyModHO,spot_long,not_scheduled,excluded,true,1144,baseline,NA,FOUND,baseline,PASS,0,strategy,ineligible,recursive_bias_found,not_yet_revisited
NotAnotherSMAOffsetStrategyModHO_LamineDz_20210901,spot_long,not_scheduled,excluded,true,1143,baseline,NA,FOUND,baseline,PASS,0,strategy,ineligible,recursive_bias_found,not_yet_revisited
NotAnotherSMAOffsetStrategyX1,spot_long,not_scheduled,excluded,true,597,baseline,NA,FOUND,baseline,PASS,0,strategy,ineligible,recursive_bias_found,not_yet_revisited
NotAnotherSMAOffsetStrategy_uzi,spot_long,not_scheduled,excluded,true,651,baseline,NA,FOUND,baseline,PASS,0,strategy,ineligible,recursive_bias_found,not_yet_revisited
NotAnotherSMAOffsetStrategy_uzi3,spot_long,not_scheduled,excluded,true,1171,baseline,NA,FOUND,baseline,PASS,0,strategy,ineligible,recursive_bias_found,not_yet_revisited
NowoIchimoku1hV1,spot_long,not_scheduled,excluded,false,,,NA,FOUND,baseline,PASS,0,strategy,ineligible,canonical_implementation_not_measured;recursive_bias_found,not_yet_revisited
NowoIchimoku1hV2,spot_long,not_scheduled,excluded,true,3695,baseline,NA,FOUND,baseline,PASS,0,strategy,ineligible,recursive_bias_found,not_yet_revisited
NowoIchimoku5mV2,spot_long,C_measurement_recovery,E1_expanded,true,49,smoke,PASS,PASS,native,PASS,0,strategy,ineligible,canonical_implementation_not_measured,
ONS_Portfolio,spot_long,not_scheduled,excluded,false,,,NA,FOUND,baseline,PASS,0,strategy,ineligible,canonical_implementation_not_measured;recursive_bias_found,not_yet_revisited
ONUR,spot_long,B_warmup_refusal,excluded,true,534,baseline,PASS,FOUND,baseline,PASS,0,strategy,ineligible,recursive_bias_found,not_yet_revisited
ObeliskIM_v1_1,spot_long,C_measurement_recovery,E1_expanded,true,64,smoke,PASS,PASS,native,PASS,0,strategy,ineligible,canonical_implementation_not_measured,
ObeliskRSI_v6_1,spot_long,C_measurement_recovery,excluded,true,269,smoke,PASS,FOUND,native,PASS,0,strategy,ineligible,canonical_implementation_not_measured,
Obelisk_3EMA_StochRSI_ATR,spot_long,C_measurement_recovery,excluded,true,0,full_window,NA,NA,baseline,PASS,0,strategy,ineligible,canonical_implementation_not_measured,not_yet_revisited
Obelisk_Ichimoku_Slow_v1_3,spot_long,C_measurement_recovery,excluded,true,57,smoke,FOUND,PASS,native,PASS,0,strategy,ineligible,canonical_implementation_not_measured,
Obelisk_Ichimoku_ZEMA_v1,spot_long,C_measurement_recovery,excluded,true,38,smoke,FOUND,PASS,native,PASS,0,strategy,ineligible,canonical_implementation_not_measured,
Obelisk_TradePro_Ichi_v1_1,spot_long,not_scheduled,excluded,true,5059,baseline,FOUND,PASS,baseline,PASS,0,strategy,ineligible,lookahead_found,not_yet_revisited
Obelisk_TradePro_Ichi_v2_1,spot_long,not_scheduled,excluded,true,6419,baseline,FOUND,PASS,baseline,PASS,0,strategy,ineligible,lookahead_found,not_yet_revisited
ObvTrendStrategy,spot_long,D_recursive_drift,excluded,true,26508,baseline,PASS,FOUND,baseline,PASS,0,strategy,ineligible,recursive_bias_found,not_yet_revisited
OmaGann,spot_long,B_warmup_refusal,excluded,true,11035,baseline,PASS,FOUND,baseline,PASS,0,strategy,ineligible,recursive_bias_found,not_yet_revisited
PRICEFOLLOWING,spot_long,not_scheduled,excluded,true,272,baseline,NA,FOUND,baseline,PASS,0,strategy,ineligible,recursive_bias_found,not_yet_revisited
PRICEFOLLOWING2,spot_long,not_scheduled,excluded,true,2,baseline,NA,FOUND,baseline,PASS,0,strategy,ineligible,recursive_bias_found,not_yet_revisited
PRICEFOLLOWINGX,spot_long,not_scheduled,excluded,true,1172,baseline,NA,FOUND,baseline,PASS,0,strategy,ineligible,recursive_bias_found,not_yet_revisited
ParabolicSarStrategy,spot_long,D_recursive_drift,excluded,true,24042,baseline,PASS,FOUND,baseline,PASS,0,strategy,ineligible,recursive_bias_found,not_yet_revisited
PatternRecognition,spot_long,not_scheduled,excluded,true,654,baseline,NA,FOUND,baseline,PASS,0,strategy,ineligible,recursive_bias_found,not_yet_revisited
Persia,spot_long,C_measurement_recovery,excluded,false,,,NA,PASS,baseline,PASS,0,strategy,ineligible,canonical_implementation_not_measured,not_yet_revisited
Pmax,spot_long,C_measurement_recovery,excluded,false,,,NA,PASS,baseline,PASS,0,strategy,ineligible,canonical_implementation_not_measured,not_yet_revisited
PnF,spot_long,C_measurement_recovery,excluded,false,,,NA,NA,baseline,PASS,0,strategy,ineligible,canonical_implementation_not_measured,not_yet_revisited
PolymarketLogicalArbStrategy,spot_long,C_measurement_recovery,excluded,false,,,NA,NA,baseline,PASS,0,strategy,ineligible,canonical_implementation_not_measured,not_yet_revisited
PolymarketMeanReversionStrategy,spot_long,C_measurement_recovery,excluded,false,,,NA,PASS,baseline,PENDING,0,strategy,ineligible,canonical_implementation_not_measured,not_yet_revisited
PolymarketMomentumStrategy,spot_long,C_measurement_recovery,excluded,false,,,NA,PASS,baseline,PENDING,0,strategy,ineligible,canonical_implementation_not_measured,not_yet_revisited
PolymarketPortfolio,spot_long,not_scheduled,excluded,true,405,baseline,NA,FOUND,baseline,PASS,0,strategy,ineligible,recursive_bias_found,not_yet_revisited
PowerTower,spot_long,E0_strict67,E0_strict67,true,5001,baseline,PASS,PASS,baseline,PASS,0,strategy,eligible,,
PpoMomentumStrategy,spot_long,D_recursive_drift,excluded,true,20537,baseline,PASS,FOUND,baseline,PASS,0,strategy,ineligible,recursive_bias_found,not_yet_revisited
PrawnstarOBV,spot_long,not_scheduled,excluded,true,7066,baseline,NA,FOUND,baseline,PASS,1,strategy,ineligible,recursive_bias_found;technical_trap_found,not_yet_revisited
Precognition,spot_long,not_scheduled,excluded,true,5849,baseline,FOUND,FOUND,native,PASS,0,strategy,ineligible,lookahead_found;recursive_bias_found,
Prediction_Strategy,spot_long,C_measurement_recovery,excluded,false,,,NA,PASS,baseline,PASS,0,strategy,ineligible,canonical_implementation_not_measured,not_yet_revisited
PriceActionCandleStrategy,spot_long,D_recursive_drift,excluded,true,24545,baseline,PASS,FOUND,baseline,PASS,0,strategy,ineligible,recursive_bias_found,not_yet_revisited
PriceChannelStrategy,spot_long,D_recursive_drift,excluded,true,17105,baseline,PASS,FOUND,baseline,PASS,0,strategy,ineligible,recursive_bias_found,not_yet_revisited
Proton,futures_long_short,C_measurement_recovery,excluded,false,,,NA,NA,baseline,PASS,0,strategy,ineligible,canonical_implementation_not_measured,not_yet_revisited
PumpDetector,spot_long,D_recursive_drift,excluded,true,32258,baseline,PASS,FOUND,baseline,PASS,0,strategy,ineligible,recursive_bias_found,not_yet_revisited
QuickAdapterV3,spot_long,C_measurement_recovery,excluded,false,,,NA,NA,baseline,PENDING,0,strategy,ineligible,canonical_implementation_not_measured,not_yet_revisited
QuickBuyStrategy,spot_long,C_measurement_recovery,excluded,false,,,NA,NA,baseline,PASS,0,strategy,ineligible,canonical_implementation_not_measured,not_yet_revisited
Quickie,spot_long,not_scheduled,excluded,true,7676,baseline,PASS,FOUND,native,PASS,0,strategy,ineligible,recursive_bias_found,
RLAgentStrategy,futures_long,C_measurement_recovery,excluded,false,,,NA,NA,baseline,PASS,0,strategy,ineligible,canonical_implementation_not_measured,not_yet_revisited
RLStrategy,spot_long,C_measurement_recovery,excluded,false,,,NA,NA,baseline,PASS,0,strategy,ineligible,canonical_implementation_not_measured,not_yet_revisited
RSI,spot_long,B_warmup_refusal,excluded,true,400,baseline,PASS,FOUND,baseline,PASS,0,strategy,ineligible,recursive_bias_found,not_yet_revisited
RSIBB02,spot_long,C_measurement_recovery,excluded,false,,,NA,NA,baseline,PASS,0,strategy,ineligible,canonical_implementation_not_measured,not_yet_revisited
RSIDirectionalWithTrend,spot_long,not_scheduled,excluded,true,0,baseline,NA,NA,baseline,PASS,0,strategy,ineligible,no_trades_in_full_measurement,not_yet_revisited
RSIDirectionalWithTrendSlow,spot_long,not_scheduled,excluded,true,0,baseline,NA,NA,baseline,PASS,0,strategy,ineligible,no_trades_in_full_measurement,not_yet_revisited
RSIDivTirail,spot_long,not_scheduled,excluded,false,,,NA,PASS,baseline,PASS,1,strategy,ineligible,canonical_implementation_not_measured;technical_trap_found,not_yet_revisited
RSI_BB,spot_long,B_warmup_refusal,excluded,true,14931,baseline,PASS,FOUND,baseline,PASS,0,strategy,ineligible,recursive_bias_found,not_yet_revisited
RSI_EMA_strategy,spot_long,B_warmup_refusal,excluded,true,5240,baseline,PASS,FOUND,baseline,PASS,0,strategy,ineligible,recursive_bias_found,not_yet_revisited
RSIv2,spot_long,D_recursive_drift,excluded,true,5908,baseline,PASS,FOUND,baseline,PASS,0,strategy,ineligible,recursive_bias_found,not_yet_revisited
RalliV1,spot_long,not_scheduled,excluded,true,657,baseline,NA,FOUND,baseline,PASS,0,strategy,ineligible,recursive_bias_found,not_yet_revisited
RalliV1_disable56,spot_long,not_scheduled,excluded,true,651,baseline,NA,FOUND,baseline,PASS,0,strategy,ineligible,recursive_bias_found,not_yet_revisited
RaposaDivergenceV1,spot_long,not_scheduled,excluded,false,,,NA,FOUND,baseline,PASS,0,strategy,ineligible,canonical_implementation_not_measured;recursive_bias_found,not_yet_revisited
RegimeFilterStrategy,futures_long_short,E0_strict67,E0_strict67,true,65,smoke,PASS,PASS,native,PASS,0,strategy,eligible,,
ReinforcedAverageStrategy,spot_long,not_scheduled,excluded,true,1163,baseline,PASS,FOUND,native,PASS,0,strategy,ineligible,recursive_bias_found,
ReinforcedQuickie,spot_long,not_scheduled,excluded,true,24078,baseline,FOUND,PASS,baseline,PASS,0,strategy,ineligible,lookahead_found,not_yet_revisited
ReinforcedSmoothScalp,spot_long,B_warmup_refusal,excluded,true,663,baseline,PASS,FOUND,baseline,PASS,0,strategy,ineligible,recursive_bias_found,not_yet_revisited
ReinforcedSmoothScalpS,spot_long,not_scheduled,excluded,false,,,NA,FOUND,baseline,PASS,0,strategy,ineligible,canonical_implementation_not_measured;recursive_bias_found,not_yet_revisited
Renko,spot_long,not_scheduled,excluded,true,124,baseline,FOUND,PASS,baseline,PASS,0,strategy,ineligible,lookahead_found,not_yet_revisited
RenkoYolo,spot_long,C_measurement_recovery,excluded,false,,,NA,PASS,baseline,PASS,0,strategy,ineligible,canonical_implementation_not_measured,not_yet_revisited
RiskParityPortfolio,spot_long,A_pending_diagnostics,pending,true,23,baseline,NA,PASS,native,PASS,0,strategy,pending_diagnostics,,
RobotradingBody,spot_long,E0_strict67,E0_strict67,true,2895,baseline,PASS,PASS,baseline,PASS,0,strategy,eligible,,
RocMomentumStrategy,spot_long,D_recursive_drift,excluded,true,26606,baseline,PASS,FOUND,baseline,PASS,0,strategy,ineligible,recursive_bias_found,not_yet_revisited
Roth01,spot_long,B_warmup_refusal,excluded,true,12346,baseline,PASS,FOUND,baseline,PASS,0,strategy,ineligible,recursive_bias_found,not_yet_revisited
Roth03,spot_long,B_warmup_refusal,excluded,true,3509,baseline,PASS,FOUND,baseline,PASS,0,strategy,ineligible,recursive_bias_found,not_yet_revisited
RsiBollingerStrategy,spot_long,D_recursive_drift,excluded,true,2885,baseline,PASS,FOUND,baseline,PASS,0,strategy,ineligible,recursive_bias_found,not_yet_revisited
RsiDivergenceStrategy,spot_long,not_scheduled,excluded,true,474,baseline,NA,FOUND,baseline,PASS,0,strategy,ineligible,recursive_bias_found,not_yet_revisited
Rsiqui,spot_long,not_scheduled,excluded,true,28778,baseline,FOUND,FOUND,baseline,PASS,0,strategy,ineligible,lookahead_found;recursive_bias_found,not_yet_revisited
RsiquiV2,futures_long_short,not_scheduled,excluded,true,9326,smoke,FOUND,FOUND,native,PASS,0,strategy,ineligible,lookahead_found;recursive_bias_found,
RsiquiV5,futures_long_short,not_scheduled,excluded,true,583,smoke,FOUND,FOUND,native,PASS,0,strategy,ineligible,lookahead_found;recursive_bias_found,
RsiquiV5_long_only,futures_long,not_scheduled,excluded,true,42,smoke,FOUND,FOUND,baseline,PASS,0,strategy,ineligible,lookahead_found;recursive_bias_found,not_yet_revisited
SAR,spot_long,not_scheduled,excluded,true,30880,baseline,NA,FOUND,baseline,PASS,0,strategy,ineligible,recursive_bias_found,not_yet_revisited
SMAIP3,spot_long,E0_strict67,E0_strict67,true,364,baseline,PASS,PASS,native,PASS,0,strategy,eligible,,
SMAIP3v2,spot_long,not_scheduled,excluded,true,471,baseline,NA,PASS,baseline,PASS,1,strategy,ineligible,technical_trap_found,not_yet_revisited
SMAOG,spot_long,E0_strict67,E0_strict67,true,538,baseline,PASS,PASS,native,PASS,0,strategy,eligible,,
SMAOPv1_TTF,spot_long,C_measurement_recovery,excluded,false,,,NA,NA,baseline,PASS,0,strategy,ineligible,canonical_implementation_not_measured,not_yet_revisited
SMAOffset,spot_long,not_scheduled,excluded,true,2108,baseline,NA,FOUND,baseline,PASS,0,strategy,ineligible,recursive_bias_found,not_yet_revisited
SMAOffsetProtectOpt,spot_long,not_scheduled,excluded,true,181,baseline,NA,FOUND,baseline,PASS,0,strategy,ineligible,recursive_bias_found,not_yet_revisited
SMAOffsetProtectOptV0,spot_long,not_scheduled,excluded,true,253,baseline,NA,FOUND,baseline,PASS,0,strategy,ineligible,recursive_bias_found,not_yet_revisited
SMAOffsetProtectOptV1,spot_long,not_scheduled,excluded,true,203,baseline,NA,FOUND,baseline,PASS,0,strategy,ineligible,recursive_bias_found,not_yet_revisited
SMAOffsetProtectOptV1HO1,spot_long,not_scheduled,excluded,true,1233,baseline,NA,FOUND,baseline,PASS,0,strategy,ineligible,recursive_bias_found,not_yet_revisited
SMAOffsetProtectOptV1Mod,spot_long,not_scheduled,excluded,true,202,baseline,NA,FOUND,baseline,PASS,0,strategy,ineligible,recursive_bias_found,not_yet_revisited
SMAOffsetProtectOptV1Mod2,spot_long,not_scheduled,excluded,true,206,baseline,NA,FOUND,baseline,PASS,0,strategy,ineligible,recursive_bias_found,not_yet_revisited
SMAOffsetProtectOptV1_kkeue_20210619,spot_long,not_scheduled,excluded,true,206,baseline,NA,FOUND,baseline,PASS,0,strategy,ineligible,recursive_bias_found,not_yet_revisited
SMAOffsetV2,spot_long,E0_strict67,E0_strict67,true,794,baseline,PASS,PASS,native,PASS,0,strategy,eligible,,
SMAOffset_Hippocritical_dca,spot_long,not_scheduled,excluded,true,218,baseline,NA,FOUND,baseline,PASS,0,strategy,ineligible,recursive_bias_found,not_yet_revisited
SMAOffset_Hippocritical_dca_leverage,futures_long,not_scheduled,excluded,true,18,smoke,NA,FOUND,baseline,PASS,0,strategy,ineligible,recursive_bias_found,not_yet_revisited
SMAOffset_Hippocritical_dca_old,spot_long,not_scheduled,excluded,true,218,baseline,NA,FOUND,baseline,PASS,0,strategy,ineligible,recursive_bias_found,not_yet_revisited
SMAOffset_Hippocritical_dca_protections,spot_long,not_scheduled,excluded,true,218,baseline,NA,FOUND,baseline,PASS,0,strategy,ineligible,recursive_bias_found,not_yet_revisited
SMA_BBRSI,spot_long,not_scheduled,excluded,true,706,baseline,NA,FOUND,baseline,PASS,0,strategy,ineligible,recursive_bias_found,not_yet_revisited
SRsi,spot_long,D_recursive_drift,excluded,true,23768,baseline,PASS,FOUND,baseline,PASS,0,strategy,ineligible,recursive_bias_found,not_yet_revisited
STRATEGY_RSI_BB_BOUNDS_CROSS,spot_long,D_recursive_drift,excluded,true,7197,baseline,PASS,FOUND,baseline,PASS,0,strategy,ineligible,recursive_bias_found,not_yet_revisited
STRATEGY_RSI_BB_CROSS,spot_long,D_recursive_drift,excluded,true,16827,baseline,PASS,FOUND,baseline,PASS,0,strategy,ineligible,recursive_bias_found,not_yet_revisited
SampleStrategy,spot_long,D_recursive_drift,excluded,true,12724,baseline,PASS,FOUND,baseline,PASS,0,strategy,ineligible,recursive_bias_found,not_yet_revisited
SampleStrategyV2,spot_long,E0_strict67,E0_strict67,true,5882,baseline,PASS,PASS,native,PASS,0,strategy,eligible,,
Sar,spot_long,not_scheduled,excluded,true,12724,baseline,NA,FOUND,baseline,PASS,0,strategy,ineligible,recursive_bias_found,not_yet_revisited
Saturn5,spot_long,not_scheduled,excluded,true,3356,baseline,NA,FOUND,baseline,PASS,0,strategy,ineligible,recursive_bias_found,not_yet_revisited
Scalp,spot_long,not_scheduled,excluded,true,28414,baseline,PASS,FOUND,native,PASS,0,strategy,ineligible,recursive_bias_found,
ScalpingCCI,spot_long,C_measurement_recovery,excluded,false,,,NA,NA,baseline,PASS,0,strategy,ineligible,canonical_implementation_not_measured,not_yet_revisited
Schism,spot_long,not_scheduled,excluded,false,,,NA,FOUND,baseline,PASS,0,strategy,ineligible,canonical_implementation_not_measured;recursive_bias_found,not_yet_revisited
Schism2,spot_long,not_scheduled,excluded,false,,,NA,FOUND,baseline,PASS,0,strategy,ineligible,canonical_implementation_not_measured;recursive_bias_found,not_yet_revisited
Schism2MM,spot_long,not_scheduled,excluded,true,17,baseline,NA,FOUND,baseline,PASS,0,strategy,ineligible,recursive_bias_found,not_yet_revisited
Schism3,spot_long,not_scheduled,excluded,true,3631,baseline,NA,FOUND,baseline,PASS,0,strategy,ineligible,recursive_bias_found,not_yet_revisited
Schism4,spot_long,not_scheduled,excluded,true,993,baseline,NA,FOUND,baseline,PASS,0,strategy,ineligible,recursive_bias_found,not_yet_revisited
Schism5,spot_long,not_scheduled,excluded,false,,,NA,FOUND,baseline,PASS,0,strategy,ineligible,canonical_implementation_not_measured;recursive_bias_found,not_yet_revisited
Schism6,spot_long,not_scheduled,excluded,false,,,NA,FOUND,baseline,PASS,0,strategy,ineligible,canonical_implementation_not_measured;recursive_bias_found,not_yet_revisited
Seb,spot_long,not_scheduled,excluded,true,13947,baseline,PASS,FOUND,native,PASS,0,strategy,ineligible,recursive_bias_found,
Simple,spot_long,not_scheduled,excluded,true,16675,baseline,PASS,FOUND,native,PASS,0,strategy,ineligible,recursive_bias_found,
SimpleHopt,spot_long,B_warmup_refusal,excluded,true,16675,baseline,PASS,FOUND,baseline,PASS,0,strategy,ineligible,recursive_bias_found,not_yet_revisited
SimpleHopt1Along,spot_long,not_scheduled,excluded,true,4467,baseline,PASS,FOUND,baseline,PASS,1,strategy,ineligible,recursive_bias_found;technical_trap_found,not_yet_revisited
SimpleHopt1Ashort,futures_short,not_scheduled,excluded,true,0,smoke,NA,NA,baseline,PASS,1,strategy,ineligible,technical_trap_found,not_yet_revisited
SimpleHoptS,futures_short,not_scheduled,excluded,true,0,smoke,NA,NA,baseline,PASS,1,strategy,ineligible,technical_trap_found,not_yet_revisited
SimpleRiskFilterStrategy,spot_long,C_measurement_recovery,excluded,false,,,NA,NA,baseline,PASS,0,strategy,ineligible,canonical_implementation_not_measured,not_yet_revisited
SlowPotato,spot_long,B_warmup_refusal,excluded,true,638,baseline,PASS,FOUND,baseline,PASS,0,strategy,ineligible,recursive_bias_found,not_yet_revisited
Slowbro,spot_long,E0_strict67,E0_strict67,true,95,baseline,PASS,PASS,native,PASS,0,strategy,eligible,,
SmaRsiStrategy,spot_long,D_recursive_drift,excluded,true,575,baseline,PASS,FOUND,baseline,PASS,0,strategy,ineligible,recursive_bias_found,not_yet_revisited
SmartMoneyStrategy,spot_long,B_warmup_refusal,excluded,true,285,baseline,PASS,FOUND,baseline,PASS,0,strategy,ineligible,recursive_bias_found,not_yet_revisited
SmartMoneyStrategyHyperopt,spot_long,not_scheduled,excluded,false,,,PASS,FOUND,baseline,PASS,0,strategy,ineligible,canonical_implementation_not_measured;recursive_bias_found,not_yet_revisited
SmoothOperator,spot_long,not_scheduled,excluded,true,17127,baseline,PASS,FOUND,native,PASS,0,strategy,ineligible,recursive_bias_found,
SmoothScalp,spot_long,not_scheduled,excluded,true,26236,baseline,PASS,FOUND,native,PASS,0,strategy,ineligible,recursive_bias_found,
Solipsis,spot_long,C_measurement_recovery,excluded,false,,,NA,PASS,baseline,PASS,0,strategy,ineligible,canonical_implementation_not_measured,not_yet_revisited
Solipsis3,spot_long,not_scheduled,excluded,false,,,NA,FOUND,baseline,PASS,0,strategy,ineligible,canonical_implementation_not_measured;recursive_bias_found,not_yet_revisited
Solipsis4,spot_long,C_measurement_recovery,excluded,false,,,NA,PASS,baseline,PASS,0,strategy,ineligible,canonical_implementation_not_measured,not_yet_revisited
Solipsis5,spot_long,not_scheduled,excluded,false,,,NA,FOUND,baseline,PASS,0,strategy,ineligible,canonical_implementation_not_measured;recursive_bias_found,not_yet_revisited
Solipsis6,spot_long,C_measurement_recovery,excluded,false,,,NA,NA,baseline,PASS,0,strategy,ineligible,canonical_implementation_not_measured,not_yet_revisited
SolipsisCon,spot_long,not_scheduled,excluded,false,,,NA,FOUND,baseline,PASS,0,strategy,ineligible,canonical_implementation_not_measured;recursive_bias_found,not_yet_revisited
SolipsisMM,spot_long,C_measurement_recovery,excluded,false,,,NA,NA,baseline,PASS,0,strategy,ineligible,canonical_implementation_not_measured,not_yet_revisited
SqueezeMomentum,spot_long,not_scheduled,excluded,false,,,NA,FOUND,baseline,PASS,0,strategy,ineligible,canonical_implementation_not_measured;recursive_bias_found,not_yet_revisited
SqueezeMomentumStrategy,spot_long,D_recursive_drift,excluded,true,23183,baseline,PASS,FOUND,baseline,PASS,0,strategy,ineligible,recursive_bias_found,not_yet_revisited
StarRise,spot_long,not_scheduled,excluded,true,220,baseline,NA,FOUND,baseline,PASS,0,strategy,ineligible,recursive_bias_found,not_yet_revisited
StarRise_strat,spot_long,not_scheduled,excluded,true,255,baseline,NA,FOUND,baseline,PASS,0,strategy,ineligible,recursive_bias_found,not_yet_revisited
StarRise_strat3,spot_long,not_scheduled,excluded,true,1261,baseline,FOUND,FOUND,baseline,PASS,0,strategy,ineligible,lookahead_found;recursive_bias_found,not_yet_revisited
Stavix2,spot_long,C_measurement_recovery,excluded,false,,,NA,NA,baseline,PASS,0,strategy,ineligible,canonical_implementation_not_measured,not_yet_revisited
Stinkfist,spot_long,C_measurement_recovery,excluded,true,203,smoke,FOUND,PASS,native,PASS,0,strategy,ineligible,canonical_implementation_not_measured,
StochRSITEMA,spot_long,E0_strict67,E0_strict67,true,4542,baseline,PASS,PASS,native,PASS,0,strategy,eligible,,
StochasticCciStrategy,spot_long,E0_strict67,E0_strict67,true,1325,baseline,PASS,PASS,baseline,PASS,0,strategy,eligible,,
StochasticOversoldStrategy,spot_long,D_recursive_drift,excluded,true,23710,baseline,PASS,FOUND,baseline,PASS,0,strategy,ineligible,recursive_bias_found,not_yet_revisited
StochasticRsiStrategy,spot_long,D_recursive_drift,excluded,true,24673,baseline,PASS,FOUND,baseline,PASS,0,strategy,ineligible,recursive_bias_found,not_yet_revisited
Strategy,spot_long,C_measurement_recovery,excluded,false,,,NA,NA,baseline,PENDING,0,test_candidate,ineligible,canonical_implementation_not_measured,not_yet_revisited
Strategy001,spot_long,B_warmup_refusal,excluded,true,13947,baseline,PASS,FOUND,baseline,PASS,0,strategy,ineligible,recursive_bias_found,not_yet_revisited
Strategy001_custom_exit,spot_long,B_warmup_refusal,excluded,true,2581,baseline,PASS,FOUND,baseline,PASS,0,strategy,ineligible,recursive_bias_found,not_yet_revisited
Strategy001_custom_sell,spot_long,B_warmup_refusal,excluded,true,17710,baseline,PASS,FOUND,baseline,PASS,0,strategy,ineligible,recursive_bias_found,not_yet_revisited
Strategy002,spot_long,B_warmup_refusal,excluded,true,1293,baseline,PASS,FOUND,baseline,PASS,0,strategy,ineligible,recursive_bias_found,not_yet_revisited
Strategy003,spot_long,B_warmup_refusal,excluded,true,3498,baseline,PASS,FOUND,baseline,PASS,0,strategy,ineligible,recursive_bias_found,not_yet_revisited
Strategy004,spot_long,B_warmup_refusal,excluded,true,6076,baseline,PASS,FOUND,baseline,PASS,0,strategy,ineligible,recursive_bias_found,not_yet_revisited
Strategy005,spot_long,B_warmup_refusal,excluded,true,5597,baseline,PASS,FOUND,baseline,PASS,0,strategy,ineligible,recursive_bias_found,not_yet_revisited
StrategyAnalysis,spot_long,C_measurement_recovery,excluded,false,,,NA,NA,baseline,PENDING,0,template_candidate,ineligible,canonical_implementation_not_measured,not_yet_revisited
StrategyScalpingFast,spot_long,D_recursive_drift,excluded,true,4830,baseline,PASS,FOUND,baseline,PASS,0,strategy,ineligible,recursive_bias_found,not_yet_revisited
StrategyScalpingFast2,spot_long,B_warmup_refusal,excluded,true,1468,baseline,PASS,FOUND,baseline,PASS,0,strategy,ineligible,recursive_bias_found,not_yet_revisited
StrategyTestV2,spot_long,not_scheduled,excluded,true,26070,baseline,PASS,FOUND,baseline,PASS,0,test_candidate,ineligible,recursive_bias_found,not_yet_revisited
StrategyTestV3,futures_long,not_scheduled,excluded,true,818,smoke,NA,FOUND,baseline,PASS,0,test_candidate,ineligible,recursive_bias_found,not_yet_revisited
SuperHV27,spot_long,C_measurement_recovery,excluded,false,,,NA,PASS,baseline,PASS,0,strategy,ineligible,canonical_implementation_not_measured,not_yet_revisited
SuperTrend,spot_long,not_scheduled,excluded,true,2219,baseline,NA,FOUND,baseline,PASS,0,strategy,ineligible,recursive_bias_found,not_yet_revisited
SuperTrendPure,spot_long,C_measurement_recovery,excluded,false,,,NA,PASS,baseline,PASS,0,strategy,ineligible,canonical_implementation_not_measured,not_yet_revisited
Supertrend,spot_long,C_measurement_recovery,excluded,false,,,NA,PASS,baseline,PASS,0,strategy,ineligible,canonical_implementation_not_measured,not_yet_revisited
SupertrendStrategy,spot_long,not_scheduled,excluded,true,3820,baseline,NA,FOUND,baseline,PASS,0,strategy,ineligible,recursive_bias_found,not_yet_revisited
SwingHigh,spot_long,C_measurement_recovery,excluded,false,,,NA,NA,baseline,PASS,0,strategy,ineligible,canonical_implementation_not_measured,not_yet_revisited
SwingHighToSky,spot_long,not_scheduled,excluded,true,6105,baseline,PASS,FOUND,native,PASS,0,strategy,ineligible,recursive_bias_found,
TD,spot_long,not_scheduled,excluded,true,6164,baseline,NA,FOUND,baseline,PASS,0,strategy,ineligible,recursive_bias_found,not_yet_revisited
TDSequentialStrategy,spot_long,E0_strict67,E0_strict67,true,4587,baseline,PASS,PASS,native,PASS,0,strategy,eligible,,
TEMA,spot_long,not_scheduled,excluded,true,25158,baseline,NA,FOUND,baseline,PASS,0,strategy,ineligible,recursive_bias_found,not_yet_revisited
TGMA,spot_long,A_pending_diagnostics,pending,true,8673,baseline,NA,PASS,native,PASS,0,strategy,pending_diagnostics,,
TRIWAVE,spot_long,D_recursive_drift,excluded,true,3624,baseline,PASS,FOUND,baseline,PASS,0,strategy,ineligible,recursive_bias_found,not_yet_revisited
TSPredict,futures_long,not_scheduled,excluded,true,17958,full_window,FOUND,PASS,native,PASS,0,strategy,ineligible,lookahead_found,
TWAPStrategy,futures_long_short,not_scheduled,excluded,true,671,smoke,PASS,FOUND,native,PASS,0,strategy,ineligible,recursive_bias_found,
Tank1Modulus,spot_long,not_scheduled,excluded,true,600,baseline,FOUND,FOUND,baseline,PASS,0,strategy,ineligible,lookahead_found;recursive_bias_found,not_yet_revisited
Tank5ModulusDCA,spot_long,not_scheduled,excluded,false,,,FOUND,FOUND,baseline,PASS,0,strategy,ineligible,canonical_implementation_not_measured;lookahead_found;recursive_bias_found,not_yet_revisited
Tank5ModulusDCAV3,spot_long,not_scheduled,excluded,false,,,FOUND,FOUND,baseline,PASS,0,strategy,ineligible,canonical_implementation_not_measured;lookahead_found;recursive_bias_found,not_yet_revisited
TankAi,spot_long,C_measurement_recovery,excluded,false,,,NA,NA,baseline,PASS,0,strategy,ineligible,canonical_implementation_not_measured,not_yet_revisited
TankAiRevival,spot_long,C_measurement_recovery,excluded,false,,,NA,NA,baseline,PASS,0,strategy,ineligible,canonical_implementation_not_measured,not_yet_revisited
TechnicalExampleStrategy,spot_long,not_scheduled,excluded,true,24430,baseline,PASS,FOUND,native,PASS,0,strategy,ineligible,recursive_bias_found,
TemaMaster,spot_long,B_warmup_refusal,excluded,true,6494,baseline,PASS,FOUND,baseline,PASS,0,strategy,ineligible,recursive_bias_found,not_yet_revisited
TemaMaster3,spot_long,B_warmup_refusal,excluded,true,6058,baseline,PASS,FOUND,baseline,PASS,0,strategy,ineligible,recursive_bias_found,not_yet_revisited
TemaPure,spot_long,B_warmup_refusal,excluded,true,9651,baseline,PASS,FOUND,baseline,PASS,0,strategy,ineligible,recursive_bias_found,not_yet_revisited
TemaPureNeat,spot_long,B_warmup_refusal,excluded,true,12402,baseline,PASS,FOUND,baseline,PASS,0,strategy,ineligible,recursive_bias_found,not_yet_revisited
TemaPureTwo,spot_long,B_warmup_refusal,excluded,true,12383,baseline,PASS,FOUND,baseline,PASS,0,strategy,ineligible,recursive_bias_found,not_yet_revisited
TemaStrategy,spot_long,D_recursive_drift,excluded,true,18093,baseline,PASS,FOUND,baseline,PASS,0,strategy,ineligible,recursive_bias_found,not_yet_revisited
TenderEnter,spot_long,E0_strict67,E0_strict67,true,4027,baseline,PASS,PASS,baseline,PASS,0,strategy,eligible,,
TestStrategyLegacyV1,spot_long,C_measurement_recovery,excluded,false,,,NA,NA,baseline,PASS,0,test_candidate,ineligible,canonical_implementation_not_measured,not_yet_revisited
TestStrategyNoImplements,unknown,C_measurement_recovery,excluded,false,,,NA,NA,baseline,PENDING,0,test_candidate,ineligible,canonical_implementation_not_measured,not_yet_revisited
Test_MAMA4,spot_long,C_measurement_recovery,excluded,false,,,NA,PASS,baseline,PASS,0,strategy,ineligible,canonical_implementation_not_measured,not_yet_revisited
TheForce,spot_long,not_scheduled,excluded,true,24088,baseline,NA,FOUND,baseline,PASS,0,strategy,ineligible,recursive_bias_found,not_yet_revisited
TheRealPullbackV2,spot_long,E0_strict67,E0_strict67,true,918,baseline,PASS,PASS,native,PASS,0,strategy,eligible,,
ThreeCommasStrategy,spot_long,C_measurement_recovery,excluded,false,,,NA,PASS,baseline,PENDING,0,template_candidate,ineligible,canonical_implementation_not_measured,not_yet_revisited
ToTheMoon,futures_long_short,not_scheduled,excluded,true,16,smoke,PASS,FOUND,native,PASS,0,strategy,ineligible,recursive_bias_found,
TouchEmaDelayStrategy,spot_long,B_warmup_refusal,excluded,true,2331,baseline,PASS,FOUND,baseline,PASS,0,strategy,ineligible,recursive_bias_found,not_yet_revisited
TouchEmaStrategy,spot_long,B_warmup_refusal,excluded,true,5193,baseline,PASS,FOUND,baseline,PASS,0,strategy,ineligible,recursive_bias_found,not_yet_revisited
TrainCatBoostStrategy,spot_long,C_measurement_recovery,excluded,false,,,NA,PASS,baseline,PENDING,0,strategy,ineligible,canonical_implementation_not_measured,not_yet_revisited
TrendAtrStrategy,spot_long,D_recursive_drift,excluded,true,3067,baseline,PASS,FOUND,baseline,PASS,0,strategy,ineligible,recursive_bias_found,not_yet_revisited
TrendFollowingStrategy,futures_long_short,not_scheduled,excluded,true,1029,smoke,PASS,FOUND,native,PASS,0,strategy,ineligible,recursive_bias_found,
TrendRiderStrategy,futures_long,not_scheduled,excluded,true,37,smoke,NA,FOUND,baseline,PASS,0,strategy,ineligible,recursive_bias_found,not_yet_revisited
Trend_Strength_Directional,spot_long,B_warmup_refusal,excluded,true,7684,baseline,PASS,FOUND,baseline,PASS,0,strategy,ineligible,recursive_bias_found,not_yet_revisited
TripleEmaStrategy,spot_long,D_recursive_drift,excluded,true,17670,baseline,PASS,FOUND,baseline,PASS,0,strategy,ineligible,recursive_bias_found,not_yet_revisited
TrixSignalStrategy,spot_long,D_recursive_drift,excluded,true,17885,baseline,PASS,FOUND,baseline,PASS,0,strategy,ineligible,recursive_bias_found,not_yet_revisited
TrixStrategy,spot_long,E0_strict67,E0_strict67,true,13554,baseline,PASS,PASS,native,PASS,0,strategy,eligible,,
TrixV15Strategy,spot_long,E0_strict67,E0_strict67,true,1444,baseline,PASS,PASS,native,PASS,0,strategy,eligible,,
TrixV21Strategy,spot_long,not_scheduled,excluded,true,1152,baseline,NA,FOUND,baseline,PASS,0,strategy,ineligible,recursive_bias_found,not_yet_revisited
TrixV23Strategy,spot_long,not_scheduled,excluded,true,1305,baseline,NA,FOUND,baseline,PASS,0,strategy,ineligible,recursive_bias_found,not_yet_revisited
TuplaBollinger,spot_long,C_measurement_recovery,excluded,false,,,NA,PASS,baseline,PENDING,0,strategy,ineligible,canonical_implementation_not_measured,not_yet_revisited
TwoCandle,spot_long,B_warmup_refusal,excluded,true,18935,baseline,PASS,FOUND,baseline,PASS,0,strategy,ineligible,recursive_bias_found,not_yet_revisited
TwoCandleTheory,spot_long,C_measurement_recovery,excluded,false,,,NA,PASS,baseline,PASS,0,strategy,ineligible,canonical_implementation_not_measured,not_yet_revisited
UltimateMomentumIndicator,spot_long,E0_strict67,E0_strict67,true,8147,baseline,PASS,PASS,native,PASS,0,strategy,eligible,,
UniversalMACD,spot_long,D_recursive_drift,excluded,true,2090,baseline,PASS,FOUND,baseline,PASS,0,strategy,ineligible,recursive_bias_found,not_yet_revisited
UpSliceStrategy,spot_long,C_measurement_recovery,excluded,false,,,NA,PASS,baseline,PASS,0,strategy,ineligible,canonical_implementation_not_measured,not_yet_revisited
Uptrend,spot_long,not_scheduled,excluded,true,471,baseline,NA,FOUND,baseline,PASS,0,strategy,ineligible,recursive_bias_found,not_yet_revisited
UziChan,spot_long,not_scheduled,excluded,true,25039,baseline,FOUND,PASS,baseline,PASS,0,strategy,ineligible,lookahead_found,not_yet_revisited
UziChan2,spot_long,not_scheduled,excluded,true,24361,baseline,FOUND,PASS,baseline,PASS,0,strategy,ineligible,lookahead_found,not_yet_revisited
VWAP,spot_long,not_scheduled,excluded,true,986,baseline,PASS,FOUND,native,PASS,0,strategy,ineligible,recursive_bias_found,
ViN,spot_long,C_measurement_recovery,excluded,true,0,full_window,NA,PASS,baseline,PASS,0,strategy,ineligible,canonical_implementation_not_measured,not_yet_revisited
VolatilitySystem,futures_long,not_scheduled,excluded,true,9,smoke,NA,FOUND,baseline,PASS,0,strategy,ineligible,recursive_bias_found,not_yet_revisited
VolatilitySystemV2,futures_long_short,not_scheduled,excluded,true,24,smoke,PASS,FOUND,native,PASS,0,strategy,ineligible,recursive_bias_found,
VolumeBreakoutStrategy,spot_long,D_recursive_drift,excluded,true,16564,baseline,PASS,FOUND,baseline,PASS,0,strategy,ineligible,recursive_bias_found,not_yet_revisited
VortexStrategy,spot_long,D_recursive_drift,excluded,true,29787,baseline,PASS,FOUND,baseline,PASS,0,strategy,ineligible,recursive_bias_found,not_yet_revisited
VwapReversionStrategy,spot_long,D_recursive_drift,excluded,true,22316,baseline,PASS,FOUND,baseline,PASS,0,strategy,ineligible,recursive_bias_found,not_yet_revisited
WTAI,spot_long,C_measurement_recovery,excluded,false,,,NA,NA,baseline,PASS,0,strategy,ineligible,canonical_implementation_not_measured,not_yet_revisited
WTHO,spot_long,C_measurement_recovery,excluded,false,,,NA,NA,baseline,PASS,0,strategy,ineligible,canonical_implementation_not_measured,not_yet_revisited
WTRSIAI,spot_long,C_measurement_recovery,excluded,false,,,NA,NA,baseline,PASS,0,strategy,ineligible,canonical_implementation_not_measured,not_yet_revisited
WTX3,futures_long_short,not_scheduled,excluded,true,740,smoke,NA,NA,baseline,PASS,1,strategy,ineligible,technical_trap_found,not_yet_revisited
WaveTrendStra,spot_long,not_scheduled,excluded,true,9256,baseline,PASS,FOUND,native,PASS,0,strategy,ineligible,recursive_bias_found,
WilliamsRStrategy,spot_long,D_recursive_drift,excluded,true,26924,baseline,PASS,FOUND,baseline,PASS,0,strategy,ineligible,recursive_bias_found,not_yet_revisited
XebTradeStrat,spot_long,not_scheduled,excluded,true,25932,baseline,NA,PASS,baseline,PASS,1,strategy,ineligible,technical_trap_found,not_yet_revisited
XtraThicc,spot_long,E0_strict67,E0_strict67,true,9167,baseline,PASS,PASS,native,PASS,0,strategy,eligible,,
YOLO,spot_long,not_scheduled,excluded,true,560,baseline,PASS,FOUND,native,PASS,0,strategy,ineligible,recursive_bias_found,
YourStrat,spot_long,C_measurement_recovery,excluded,false,,,NA,NA,baseline,PENDING,0,template_candidate,ineligible,canonical_implementation_not_measured,not_yet_revisited
ZScoreMeanReversionStrategy,spot_long,not_scheduled,excluded,true,37,baseline,NA,FOUND,baseline,PASS,0,strategy,ineligible,recursive_bias_found,not_yet_revisited
ZaratustraDCA2_06,futures_long_short,not_scheduled,excluded,true,241,smoke,PASS,FOUND,native,PASS,0,strategy,ineligible,recursive_bias_found,
ZaratustraDCA2_07,futures_long_short,not_scheduled,excluded,true,219,smoke,PASS,FOUND,native,PASS,0,strategy,ineligible,recursive_bias_found,
ZaratustraDCA5,futures_long_short,not_scheduled,excluded,true,233,smoke,PASS,FOUND,native,PASS,0,strategy,ineligible,recursive_bias_found,
Zeus,spot_long,not_scheduled,excluded,true,2766,baseline,FOUND,FOUND,native,PASS,0,strategy,ineligible,lookahead_found;recursive_bias_found,
adaptive,spot_long,not_scheduled,excluded,true,647,baseline,NA,FOUND,baseline,PASS,0,strategy,ineligible,recursive_bias_found,not_yet_revisited
adaptive_trend,spot_long,E0_strict67,E0_strict67,true,322,baseline,PASS,PASS,native,PASS,0,strategy,eligible,,
adx_opt_strat,spot_long,C_measurement_recovery,excluded,false,,,NA,NA,baseline,PASS,0,strategy,ineligible,canonical_implementation_not_measured,not_yet_revisited
adxbbrsi2,spot_long,D_recursive_drift,excluded,true,741,baseline,PASS,FOUND,baseline,PASS,0,strategy,ineligible,recursive_bias_found,not_yet_revisited
bb_rsi_opt_new,spot_long,C_measurement_recovery,excluded,false,,,NA,NA,baseline,PASS,0,strategy,ineligible,canonical_implementation_not_measured,not_yet_revisited
bbandrsi,spot_long,B_warmup_refusal,excluded,true,6758,baseline,PASS,FOUND,baseline,PASS,0,strategy,ineligible,recursive_bias_found,not_yet_revisited
bbema,spot_long,C_measurement_recovery,excluded,false,,,NA,NA,baseline,PASS,0,strategy,ineligible,canonical_implementation_not_measured,not_yet_revisited
bbrsi,spot_long,D_recursive_drift,excluded,true,5507,baseline,PASS,FOUND,baseline,PASS,0,strategy,ineligible,recursive_bias_found,not_yet_revisited
bbrsi1_strategy,spot_long,C_measurement_recovery,excluded,false,,,NA,NA,baseline,PASS,0,strategy,ineligible,canonical_implementation_not_measured,not_yet_revisited
bbrsi4Freq,spot_long,D_recursive_drift,excluded,true,4791,baseline,PASS,FOUND,baseline,PASS,0,strategy,ineligible,recursive_bias_found,not_yet_revisited
bestV2,spot_long,E0_strict67,E0_strict67,true,345,baseline,PASS,PASS,native,PASS,0,strategy,eligible,,
beta_factors_model,spot_long,C_measurement_recovery,excluded,true,3,smoke,NA,NA,native,PENDING,0,strategy,ineligible,canonical_implementation_not_measured,
botbaby,spot_long,E0_strict67,E0_strict67,true,12338,baseline,PASS,PASS,baseline,PASS,0,strategy,eligible,,
chispei,spot_long,C_measurement_recovery,excluded,false,,,NA,NA,baseline,PASS,0,strategy,ineligible,canonical_implementation_not_measured,not_yet_revisited
conny,spot_long,D_recursive_drift,excluded,true,5825,baseline,PASS,FOUND,baseline,PASS,0,strategy,ineligible,recursive_bias_found,not_yet_revisited
cryptohassle,spot_long,C_measurement_recovery,excluded,false,,,NA,NA,baseline,PASS,0,strategy,ineligible,canonical_implementation_not_measured,not_yet_revisited
cryptotank,spot_long,E0_strict67,E0_strict67,true,2312,baseline,PASS,PASS,baseline,PASS,0,strategy,eligible,,
cryptotankV2,spot_long,D_recursive_drift,excluded,true,770,baseline,PASS,FOUND,baseline,PASS,0,strategy,ineligible,recursive_bias_found,not_yet_revisited
cryptotankV5,spot_long,E0_strict67,E0_strict67,true,4782,baseline,PASS,PASS,baseline,PASS,0,strategy,eligible,,
custom,spot_long,not_scheduled,excluded,true,20,baseline,NA,FOUND,baseline,PASS,0,strategy,ineligible,recursive_bias_found,not_yet_revisited
custom_sell,spot_long,C_measurement_recovery,excluded,true,327,smoke,NA,PASS,native,PASS,0,strategy,ineligible,canonical_implementation_not_measured,
dualwave,spot_long,not_scheduled,excluded,true,1767,baseline,PASS,FOUND,native,PASS,0,strategy,ineligible,recursive_bias_found,
e6v34,spot_long,B_warmup_refusal,excluded,true,19447,baseline,PASS,FOUND,baseline,PASS,0,strategy,ineligible,recursive_bias_found,not_yet_revisited
eltoro,spot_long,D_recursive_drift,excluded,true,3704,baseline,PASS,FOUND,baseline,PASS,0,strategy,ineligible,recursive_bias_found,not_yet_revisited
eltoro1_4,spot_long,D_recursive_drift,excluded,true,2393,baseline,PASS,FOUND,baseline,PASS,0,strategy,ineligible,recursive_bias_found,not_yet_revisited
eltoro1_4_simple,spot_long,D_recursive_drift,excluded,true,2417,baseline,PASS,FOUND,baseline,PASS,0,strategy,ineligible,recursive_bias_found,not_yet_revisited
ema,spot_long,B_warmup_refusal,excluded,true,30806,baseline,PASS,FOUND,baseline,PASS,0,strategy,ineligible,recursive_bias_found,not_yet_revisited
ep3mas2,spot_long,C_measurement_recovery,excluded,true,0,full_window,NA,PASS,baseline,PASS,0,strategy,ineligible,canonical_implementation_not_measured,not_yet_revisited
epretrace,spot_long,C_measurement_recovery,excluded,true,14,smoke,NA,FOUND,native,PASS,0,strategy,ineligible,canonical_implementation_not_measured,
fahmibah,spot_long,E0_strict67,E0_strict67,true,20943,baseline,PASS,PASS,baseline,PASS,0,strategy,eligible,,
falconTrader,spot_long,C_measurement_recovery,excluded,true,43,smoke,NA,FOUND,native,PASS,0,strategy,ineligible,canonical_implementation_not_measured,
flawless_lambo,spot_long,D_recursive_drift,excluded,true,4489,baseline,PASS,FOUND,baseline,PASS,0,strategy,ineligible,recursive_bias_found,not_yet_revisited
freqai_rl_test_strat,spot_long,C_measurement_recovery,excluded,false,,,NA,NA,baseline,PENDING,0,test_candidate,ineligible,canonical_implementation_not_measured,not_yet_revisited
freqai_test_classifier,spot_long,C_measurement_recovery,excluded,false,,,NA,NA,baseline,PENDING,0,test_candidate,ineligible,canonical_implementation_not_measured,not_yet_revisited
freqai_test_multimodel_classifier_strat,spot_long,C_measurement_recovery,excluded,false,,,NA,NA,baseline,PENDING,0,test_candidate,ineligible,canonical_implementation_not_measured,not_yet_revisited
freqai_test_multimodel_strat,spot_long,C_measurement_recovery,excluded,false,,,NA,NA,baseline,PENDING,0,test_candidate,ineligible,canonical_implementation_not_measured,not_yet_revisited
freqai_test_strat,spot_long,C_measurement_recovery,excluded,false,,,NA,NA,baseline,PENDING,0,test_candidate,ineligible,canonical_implementation_not_measured,not_yet_revisited
gettinMoist,spot_long,D_recursive_drift,excluded,true,20036,baseline,PASS,FOUND,baseline,PASS,0,strategy,ineligible,recursive_bias_found,not_yet_revisited
grad,spot_long,not_scheduled,excluded,true,27088,baseline,FOUND,PASS,baseline,PASS,0,strategy,ineligible,lookahead_found,not_yet_revisited
haGradient,futures_long,A_pending_diagnostics,pending,true,38,smoke,NA,NA,native,PASS,0,strategy,pending_diagnostics,,
hansencandlepatternV1,spot_long,not_scheduled,excluded,true,17165,baseline,PASS,FOUND,native,PASS,0,strategy,ineligible,recursive_bias_found,
heikin,spot_long,not_scheduled,excluded,true,21053,baseline,PASS,FOUND,native,PASS,0,strategy,ineligible,recursive_bias_found,
hlhb,spot_long,D_recursive_drift,excluded,true,861,baseline,PASS,FOUND,baseline,PASS,0,strategy,ineligible,recursive_bias_found,not_yet_revisited
ichi,spot_long,not_scheduled,excluded,true,5925,baseline,PASS,FOUND,baseline,PASS,1,strategy,ineligible,recursive_bias_found;technical_trap_found,not_yet_revisited
ichiV1,spot_long,not_scheduled,excluded,true,13449,baseline,FOUND,FOUND,baseline,PASS,0,strategy,ineligible,lookahead_found;recursive_bias_found,not_yet_revisited
ichiV1_Marius,spot_long,C_measurement_recovery,excluded,true,63,smoke,FOUND,FOUND,native,PASS,0,strategy,ineligible,canonical_implementation_not_measured,
kalthetank,spot_long,A_pending_diagnostics,pending,true,172,baseline,FOUND,NA,native,PASS,0,strategy,pending_diagnostics,,
keltnerchannel,spot_long,not_scheduled,excluded,true,1131,baseline,NA,FOUND,baseline,PASS,0,strategy,ineligible,recursive_bias_found,not_yet_revisited
lambotest,spot_long,D_recursive_drift,excluded,true,20114,baseline,PASS,FOUND,baseline,PASS,0,strategy,ineligible,recursive_bias_found,not_yet_revisited
mabStra,spot_long,not_scheduled,excluded,true,1174,baseline,PASS,FOUND,native,PASS,0,strategy,ineligible,recursive_bias_found,
macd_recovery,spot_long,C_measurement_recovery,excluded,false,,,NA,NA,baseline,PASS,0,strategy,ineligible,canonical_implementation_not_measured,not_yet_revisited
mark_strat,spot_long,C_measurement_recovery,excluded,false,,,NA,NA,baseline,PASS,0,strategy,ineligible,canonical_implementation_not_measured,not_yet_revisited
mark_strat_opt,spot_long,C_measurement_recovery,excluded,false,,,NA,NA,baseline,PASS,0,strategy,ineligible,canonical_implementation_not_measured,not_yet_revisited
momentum,futures_long_short,E0_strict67,E0_strict67,true,682,smoke,PASS,PASS,native,PASS,0,strategy,eligible,,
momentum_long,spot_long,E0_strict67,E0_strict67,true,15967,baseline,PASS,PASS,baseline,PASS,0,strategy,eligible,,
momentum_rsi,futures_long_short,E0_strict67,E0_strict67,true,551,smoke,PASS,PASS,native,PASS,0,strategy,eligible,,
momentum_wick,futures_long_short,E0_strict67,E0_strict67,true,361,smoke,PASS,PASS,native,PASS,0,strategy,eligible,,
moonhouse,spot_long,not_scheduled,excluded,true,96,baseline,NA,FOUND,baseline,PASS,0,strategy,ineligible,recursive_bias_found,not_yet_revisited
multi_tf,spot_long,C_measurement_recovery,excluded,false,,,NA,NA,baseline,PASS,0,strategy,ineligible,canonical_implementation_not_measured,not_yet_revisited
new_turtle,spot_long,C_measurement_recovery,excluded,false,,,NA,PASS,baseline,PASS,0,strategy,ineligible,canonical_implementation_not_measured,not_yet_revisited
new_turtle_roi,spot_long,C_measurement_recovery,excluded,false,,,NA,PASS,baseline,PASS,0,strategy,ineligible,canonical_implementation_not_measured,not_yet_revisited
newstrategy53,spot_long,C_measurement_recovery,excluded,true,43,smoke,NA,FOUND,native,PASS,0,strategy,ineligible,canonical_implementation_not_measured,
newstrategy53_22,spot_long,C_measurement_recovery,excluded,true,15,smoke,NA,FOUND,native,PASS,0,strategy,ineligible,canonical_implementation_not_measured,
pcb20,spot_long,not_scheduled,excluded,true,2698,baseline,PASS,FOUND,native,PASS,0,strategy,ineligible,recursive_bias_found,
pmaxTest,spot_long,C_measurement_recovery,excluded,true,23,smoke,PASS,FOUND,native,PASS,0,strategy,ineligible,canonical_implementation_not_measured,
qrsi,spot_long,not_scheduled,excluded,false,,,NA,FOUND,baseline,PASS,0,strategy,ineligible,canonical_implementation_not_measured;recursive_bias_found,not_yet_revisited
quantumfirst,spot_long,C_measurement_recovery,excluded,false,,,NA,NA,baseline,PASS,0,strategy,ineligible,canonical_implementation_not_measured,not_yet_revisited
redditMA,spot_long,C_measurement_recovery,excluded,false,,,NA,NA,baseline,PASS,0,strategy,ineligible,canonical_implementation_not_measured,not_yet_revisited
simple_patterns,spot_long,C_measurement_recovery,E1_expanded,true,1845,smoke,PASS,PASS,native,PASS,0,strategy,ineligible,canonical_implementation_not_measured,
slope_is_dopeCT,spot_long,D_recursive_drift,excluded,true,821,baseline,PASS,FOUND,baseline,PASS,0,strategy,ineligible,recursive_bias_found,not_yet_revisited
slownsteady,spot_long,C_measurement_recovery,excluded,true,35,smoke,PASS,FOUND,native,PASS,0,strategy,ineligible,canonical_implementation_not_measured,
stoploss,spot_long,D_recursive_drift,excluded,true,12724,baseline,PASS,FOUND,baseline,PASS,0,strategy,ineligible,recursive_bias_found,not_yet_revisited
stratfib,spot_long,not_scheduled,excluded,true,10,baseline,NA,FOUND,baseline,PASS,0,strategy,ineligible,recursive_bias_found,not_yet_revisited
strato,spot_long,D_recursive_drift,excluded,true,24409,baseline,PASS,FOUND,baseline,PASS,0,strategy,ineligible,recursive_bias_found,not_yet_revisited
tacos,spot_long,D_recursive_drift,excluded,true,881,baseline,PASS,FOUND,baseline,PASS,0,strategy,ineligible,recursive_bias_found,not_yet_revisited
tacos1,spot_long,not_scheduled,excluded,false,,,NA,FOUND,baseline,PASS,0,strategy,ineligible,canonical_implementation_not_measured;recursive_bias_found,not_yet_revisited
tbtest,spot_long,not_scheduled,excluded,true,4884,baseline,NA,FOUND,native,PASS,0,strategy,ineligible,recursive_bias_found,
tesla4,spot_long,not_scheduled,excluded,true,3,baseline,NA,FOUND,baseline,PASS,1,strategy,ineligible,recursive_bias_found;technical_trap_found,not_yet_revisited
tesla7,spot_long,not_scheduled,excluded,true,4,baseline,NA,FOUND,baseline,PASS,1,strategy,ineligible,recursive_bias_found;technical_trap_found,not_yet_revisited
thetank2,spot_long,C_measurement_recovery,excluded,false,,,NA,NA,baseline,PASS,0,strategy,ineligible,canonical_implementation_not_measured,not_yet_revisited
thetank3,spot_long,D_recursive_drift,excluded,true,8620,baseline,PASS,FOUND,baseline,PASS,0,strategy,ineligible,recursive_bias_found,not_yet_revisited
thetank4TV,spot_long,D_recursive_drift,excluded,true,3023,baseline,PASS,FOUND,baseline,PASS,0,strategy,ineligible,recursive_bias_found,not_yet_revisited
true_lambo,spot_long,not_scheduled,excluded,true,1194,baseline,NA,FOUND,baseline,PASS,0,strategy,ineligible,recursive_bias_found,not_yet_revisited
tsp0chicken,futures_long,not_scheduled,excluded,true,3675,full_window,FOUND,NA,native,PASS,0,strategy,ineligible,lookahead_found,
turbov8,spot_long,not_scheduled,excluded,false,,,NA,FOUND,baseline,PASS,0,strategy,ineligible,canonical_implementation_not_measured;recursive_bias_found,not_yet_revisited
twinturboV8,spot_long,not_scheduled,excluded,true,131,baseline,NA,FOUND,baseline,PASS,0,strategy,ineligible,recursive_bias_found,not_yet_revisited
twinturboV8_2,spot_long,not_scheduled,excluded,true,119,baseline,NA,FOUND,baseline,PASS,0,strategy,ineligible,recursive_bias_found,not_yet_revisited
ultratank,spot_long,D_recursive_drift,excluded,true,3076,baseline,PASS,FOUND,baseline,PASS,0,strategy,ineligible,recursive_bias_found,not_yet_revisited
wavetrend,spot_long,D_recursive_drift,excluded,true,4691,baseline,PASS,FOUND,baseline,PASS,0,strategy,ineligible,recursive_bias_found,not_yet_revisited
wavetrend_rsi,spot_long,D_recursive_drift,excluded,true,5240,baseline,PASS,FOUND,baseline,PASS,0,strategy,ineligible,recursive_bias_found,not_yet_revisited
wtc,spot_long,not_scheduled,excluded,true,2240,baseline,FOUND,FOUND,baseline,PASS,0,strategy,ineligible,lookahead_found;recursive_bias_found,not_yet_revisited
zorkv7_0_0,spot_long,C_measurement_recovery,excluded,true,0,smoke,NA,NA,baseline,PASS,0,strategy,ineligible,canonical_implementation_not_measured,not_yet_revisited
