pair,episode_id,regime,start,end,days
ADA/USDT,1,BEAR,2020-03-01T00:00:00Z,2020-03-06T00:00:00Z,6
ADA/USDT,2,TRANSITION,2020-03-07T00:00:00Z,2020-03-09T00:00:00Z,3
ADA/USDT,3,BEAR,2020-03-10T00:00:00Z,2020-04-06T00:00:00Z,28
ADA/USDT,4,BULL,2020-04-07T00:00:00Z,2020-04-10T00:00:00Z,4
ADA/USDT,5,BEAR,2020-04-11T00:00:00Z,2020-04-12T00:00:00Z,2
ADA/USDT,6,TRANSITION,2020-04-13T00:00:00Z,2020-04-17T00:00:00Z,5
ADA/USDT,7,SIDEWAYS,2020-04-18T00:00:00Z,2020-04-25T00:00:00Z,8
ADA/USDT,8,TRANSITION,2020-04-26T00:00:00Z,2020-04-27T00:00:00Z,2
ADA/USDT,9,BULL,2020-04-28T00:00:00Z,2020-05-10T00:00:00Z,13
ADA/USDT,10,BEAR,2020-05-11T00:00:00Z,2020-05-12T00:00:00Z,2
ADA/USDT,11,BULL,2020-05-13T00:00:00Z,2020-05-21T00:00:00Z,9
ADA/USDT,12,TRANSITION,2020-05-22T00:00:00Z,2020-05-26T00:00:00Z,5
ADA/USDT,13,SIDEWAYS,2020-05-27T00:00:00Z,2020-05-28T00:00:00Z,2
ADA/USDT,14,TRANSITION,2020-05-29T00:00:00Z,2020-05-31T00:00:00Z,3
ADA/USDT,15,BULL,2020-06-01T00:00:00Z,2020-06-15T00:00:00Z,15
ADA/USDT,16,BEAR,2020-06-16T00:00:00Z,2020-06-18T00:00:00Z,3
ADA/USDT,17,BULL,2020-06-19T00:00:00Z,2020-06-19T00:00:00Z,1
ADA/USDT,18,TRANSITION,2020-06-20T00:00:00Z,2020-06-24T00:00:00Z,5
ADA/USDT,19,SIDEWAYS,2020-06-25T00:00:00Z,2020-07-03T00:00:00Z,9
ADA/USDT,20,TRANSITION,2020-07-04T00:00:00Z,2020-07-06T00:00:00Z,3
ADA/USDT,21,BULL,2020-07-07T00:00:00Z,2020-08-07T00:00:00Z,32
ADA/USDT,22,TRANSITION,2020-08-08T00:00:00Z,2020-08-12T00:00:00Z,5
ADA/USDT,23,SIDEWAYS,2020-08-13T00:00:00Z,2020-08-23T00:00:00Z,11
ADA/USDT,24,TRANSITION,2020-08-24T00:00:00Z,2020-08-27T00:00:00Z,4
ADA/USDT,25,BEAR,2020-08-28T00:00:00Z,2020-09-28T00:00:00Z,32
ADA/USDT,26,BULL,2020-09-29T00:00:00Z,2020-10-02T00:00:00Z,4
ADA/USDT,27,TRANSITION,2020-10-03T00:00:00Z,2020-10-06T00:00:00Z,4
ADA/USDT,28,SIDEWAYS,2020-10-07T00:00:00Z,2020-10-13T00:00:00Z,7
ADA/USDT,29,TRANSITION,2020-10-14T00:00:00Z,2020-10-21T00:00:00Z,8
ADA/USDT,30,SIDEWAYS,2020-10-22T00:00:00Z,2020-10-31T00:00:00Z,10
ADA/USDT,31,TRANSITION,2020-11-01T00:00:00Z,2020-11-15T00:00:00Z,15
ADA/USDT,32,SIDEWAYS,2020-11-16T00:00:00Z,2020-11-21T00:00:00Z,6
ADA/USDT,33,TRANSITION,2020-11-22T00:00:00Z,2020-11-23T00:00:00Z,2
ADA/USDT,34,BULL,2020-11-24T00:00:00Z,2020-12-08T00:00:00Z,15
ADA/USDT,35,TRANSITION,2020-12-09T00:00:00Z,2020-12-13T00:00:00Z,5
ADA/USDT,36,SIDEWAYS,2020-12-14T00:00:00Z,2021-01-04T00:00:00Z,22
ADA/USDT,37,TRANSITION,2021-01-05T00:00:00Z,2021-01-06T00:00:00Z,2
ADA/USDT,38,BULL,2021-01-07T00:00:00Z,2021-01-22T00:00:00Z,16
ADA/USDT,39,BEAR,2021-01-23T00:00:00Z,2021-01-24T00:00:00Z,2
ADA/USDT,40,TRANSITION,2021-01-25T00:00:00Z,2021-01-29T00:00:00Z,5
ADA/USDT,41,SIDEWAYS,2021-01-30T00:00:00Z,2021-02-05T00:00:00Z,7
ADA/USDT,42,TRANSITION,2021-02-06T00:00:00Z,2021-02-06T00:00:00Z,1
ADA/USDT,43,BULL,2021-02-07T00:00:00Z,2021-03-10T00:00:00Z,32
ADA/USDT,44,TRANSITION,2021-03-11T00:00:00Z,2021-03-14T00:00:00Z,4
ADA/USDT,45,SIDEWAYS,2021-03-15T00:00:00Z,2021-03-17T00:00:00Z,3
ADA/USDT,46,TRANSITION,2021-03-18T00:00:00Z,2021-03-25T00:00:00Z,8
ADA/USDT,47,SIDEWAYS,2021-03-26T00:00:00Z,2021-03-28T00:00:00Z,3
ADA/USDT,48,TRANSITION,2021-03-29T00:00:00Z,2021-04-01T00:00:00Z,4
ADA/USDT,49,SIDEWAYS,2021-04-02T00:00:00Z,2021-04-02T00:00:00Z,1
ADA/USDT,50,TRANSITION,2021-04-03T00:00:00Z,2021-04-03T00:00:00Z,1
ADA/USDT,51,SIDEWAYS,2021-04-04T00:00:00Z,2021-04-06T00:00:00Z,3
ADA/USDT,52,TRANSITION,2021-04-07T00:00:00Z,2021-04-12T00:00:00Z,6
ADA/USDT,53,BULL,2021-04-13T00:00:00Z,2021-04-18T00:00:00Z,6
ADA/USDT,54,BEAR,2021-04-19T00:00:00Z,2021-04-29T00:00:00Z,11
ADA/USDT,55,TRANSITION,2021-04-30T00:00:00Z,2021-05-03T00:00:00Z,4
ADA/USDT,56,SIDEWAYS,2021-05-04T00:00:00Z,2021-05-08T00:00:00Z,5
ADA/USDT,57,TRANSITION,2021-05-09T00:00:00Z,2021-05-13T00:00:00Z,5
ADA/USDT,58,BULL,2021-05-14T00:00:00Z,2021-05-19T00:00:00Z,6
ADA/USDT,59,BEAR,2021-05-20T00:00:00Z,2021-06-01T00:00:00Z,13
ADA/USDT,60,TRANSITION,2021-06-02T00:00:00Z,2021-06-06T00:00:00Z,5
ADA/USDT,61,SIDEWAYS,2021-06-07T00:00:00Z,2021-06-10T00:00:00Z,4
ADA/USDT,62,TRANSITION,2021-06-11T00:00:00Z,2021-06-21T00:00:00Z,11
ADA/USDT,63,BEAR,2021-06-22T00:00:00Z,2021-07-06T00:00:00Z,15
ADA/USDT,64,TRANSITION,2021-07-07T00:00:00Z,2021-07-14T00:00:00Z,8
ADA/USDT,65,BEAR,2021-07-15T00:00:00Z,2021-07-26T00:00:00Z,12
ADA/USDT,66,BULL,2021-07-27T00:00:00Z,2021-07-30T00:00:00Z,4
ADA/USDT,67,TRANSITION,2021-07-31T00:00:00Z,2021-08-07T00:00:00Z,8
ADA/USDT,68,BULL,2021-08-08T00:00:00Z,2021-09-07T00:00:00Z,31
ADA/USDT,69,BEAR,2021-09-08T00:00:00Z,2021-10-07T00:00:00Z,30
ADA/USDT,70,TRANSITION,2021-10-08T00:00:00Z,2021-10-22T00:00:00Z,15
ADA/USDT,71,SIDEWAYS,2021-10-23T00:00:00Z,2021-10-29T00:00:00Z,7
ADA/USDT,72,TRANSITION,2021-10-30T00:00:00Z,2021-11-02T00:00:00Z,4
ADA/USDT,73,BEAR,2021-11-03T00:00:00Z,2021-11-04T00:00:00Z,2
ADA/USDT,74,TRANSITION,2021-11-05T00:00:00Z,2021-11-12T00:00:00Z,8
ADA/USDT,75,SIDEWAYS,2021-11-13T00:00:00Z,2021-11-22T00:00:00Z,10
ADA/USDT,76,TRANSITION,2021-11-23T00:00:00Z,2021-11-26T00:00:00Z,4
ADA/USDT,77,BEAR,2021-11-27T00:00:00Z,2021-12-23T00:00:00Z,27
ADA/USDT,78,BULL,2021-12-24T00:00:00Z,2021-12-30T00:00:00Z,7
ADA/USDT,79,TRANSITION,2021-12-31T00:00:00Z,2022-01-03T00:00:00Z,4
ADA/USDT,80,SIDEWAYS,2022-01-04T00:00:00Z,2022-01-07T00:00:00Z,4
ADA/USDT,81,TRANSITION,2022-01-08T00:00:00Z,2022-01-11T00:00:00Z,4
ADA/USDT,82,BEAR,2022-01-12T00:00:00Z,2022-01-12T00:00:00Z,1
ADA/USDT,83,TRANSITION,2022-01-13T00:00:00Z,2022-02-04T00:00:00Z,23
ADA/USDT,84,SIDEWAYS,2022-02-05T00:00:00Z,2022-02-27T00:00:00Z,23
ADA/USDT,85,TRANSITION,2022-02-28T00:00:00Z,2022-03-01T00:00:00Z,2
ADA/USDT,86,SIDEWAYS,2022-03-02T00:00:00Z,2022-03-04T00:00:00Z,3
ADA/USDT,87,TRANSITION,2022-03-05T00:00:00Z,2022-03-20T00:00:00Z,16
ADA/USDT,88,SIDEWAYS,2022-03-21T00:00:00Z,2022-03-23T00:00:00Z,3
ADA/USDT,89,TRANSITION,2022-03-24T00:00:00Z,2022-03-25T00:00:00Z,2
ADA/USDT,90,BULL,2022-03-26T00:00:00Z,2022-04-11T00:00:00Z,17
ADA/USDT,91,BEAR,2022-04-12T00:00:00Z,2022-04-16T00:00:00Z,5
ADA/USDT,92,TRANSITION,2022-04-17T00:00:00Z,2022-04-18T00:00:00Z,2
ADA/USDT,93,BEAR,2022-04-19T00:00:00Z,2022-04-20T00:00:00Z,2
ADA/USDT,94,TRANSITION,2022-04-21T00:00:00Z,2022-04-21T00:00:00Z,1
ADA/USDT,95,BEAR,2022-04-22T00:00:00Z,2022-05-31T00:00:00Z,40
ADA/USDT,96,BULL,2022-06-01T00:00:00Z,2022-06-12T00:00:00Z,12
ADA/USDT,97,TRANSITION,2022-06-13T00:00:00Z,2022-06-21T00:00:00Z,9
ADA/USDT,98,SIDEWAYS,2022-06-22T00:00:00Z,2022-07-31T00:00:00Z,40
ADA/USDT,99,TRANSITION,2022-08-01T00:00:00Z,2022-09-06T00:00:00Z,37
ADA/USDT,100,SIDEWAYS,2022-09-07T00:00:00Z,2022-10-13T00:00:00Z,37
ADA/USDT,101,TRANSITION,2022-10-14T00:00:00Z,2022-10-15T00:00:00Z,2
ADA/USDT,102,BEAR,2022-10-16T00:00:00Z,2022-10-25T00:00:00Z,10
ADA/USDT,103,BULL,2022-10-26T00:00:00Z,2022-10-28T00:00:00Z,3
ADA/USDT,104,BEAR,2022-10-29T00:00:00Z,2022-10-29T00:00:00Z,1
ADA/USDT,105,BULL,2022-10-30T00:00:00Z,2022-11-02T00:00:00Z,4
ADA/USDT,106,TRANSITION,2022-11-03T00:00:00Z,2022-11-07T00:00:00Z,5
ADA/USDT,107,SIDEWAYS,2022-11-08T00:00:00Z,2022-11-08T00:00:00Z,1
ADA/USDT,108,TRANSITION,2022-11-09T00:00:00Z,2022-11-13T00:00:00Z,5
ADA/USDT,109,BEAR,2022-11-14T00:00:00Z,2023-01-06T00:00:00Z,54
ADA/USDT,110,BULL,2023-01-07T00:00:00Z,2023-02-09T00:00:00Z,34
ADA/USDT,111,BEAR,2023-02-10T00:00:00Z,2023-02-14T00:00:00Z,5
ADA/USDT,112,BULL,2023-02-15T00:00:00Z,2023-02-22T00:00:00Z,8
ADA/USDT,113,TRANSITION,2023-02-23T00:00:00Z,2023-03-06T00:00:00Z,12
ADA/USDT,114,BEAR,2023-03-07T00:00:00Z,2023-03-14T00:00:00Z,8
ADA/USDT,115,BULL,2023-03-15T00:00:00Z,2023-03-15T00:00:00Z,1
ADA/USDT,116,BEAR,2023-03-16T00:00:00Z,2023-03-17T00:00:00Z,2
ADA/USDT,117,BULL,2023-03-18T00:00:00Z,2023-03-19T00:00:00Z,2
ADA/USDT,118,TRANSITION,2023-03-20T00:00:00Z,2023-03-31T00:00:00Z,12
ADA/USDT,119,BULL,2023-04-01T00:00:00Z,2023-04-21T00:00:00Z,21
ADA/USDT,120,BEAR,2023-04-22T00:00:00Z,2023-04-25T00:00:00Z,4
ADA/USDT,121,TRANSITION,2023-04-26T00:00:00Z,2023-05-01T00:00:00Z,6
ADA/USDT,122,SIDEWAYS,2023-05-02T00:00:00Z,2023-05-11T00:00:00Z,10
ADA/USDT,123,TRANSITION,2023-05-12T00:00:00Z,2023-05-29T00:00:00Z,18
ADA/USDT,124,SIDEWAYS,2023-05-30T00:00:00Z,2023-06-07T00:00:00Z,9
ADA/USDT,125,TRANSITION,2023-06-08T00:00:00Z,2023-06-09T00:00:00Z,2
ADA/USDT,126,BEAR,2023-06-10T00:00:00Z,2023-07-05T00:00:00Z,26
ADA/USDT,127,TRANSITION,2023-07-06T00:00:00Z,2023-07-10T00:00:00Z,5
ADA/USDT,128,SIDEWAYS,2023-07-11T00:00:00Z,2023-07-14T00:00:00Z,4
ADA/USDT,129,TRANSITION,2023-07-15T00:00:00Z,2023-07-17T00:00:00Z,3
ADA/USDT,130,BULL,2023-07-18T00:00:00Z,2023-07-18T00:00:00Z,1
ADA/USDT,131,TRANSITION,2023-07-19T00:00:00Z,2023-07-19T00:00:00Z,1
ADA/USDT,132,BULL,2023-07-20T00:00:00Z,2023-08-02T00:00:00Z,14
ADA/USDT,133,TRANSITION,2023-08-03T00:00:00Z,2023-08-06T00:00:00Z,4
ADA/USDT,134,SIDEWAYS,2023-08-07T00:00:00Z,2023-08-18T00:00:00Z,12
ADA/USDT,135,TRANSITION,2023-08-19T00:00:00Z,2023-08-20T00:00:00Z,2
ADA/USDT,136,BEAR,2023-08-21T00:00:00Z,2023-09-08T00:00:00Z,19
ADA/USDT,137,TRANSITION,2023-09-09T00:00:00Z,2023-09-11T00:00:00Z,3
ADA/USDT,138,BEAR,2023-09-12T00:00:00Z,2023-09-16T00:00:00Z,5
ADA/USDT,139,TRANSITION,2023-09-17T00:00:00Z,2023-09-30T00:00:00Z,14
ADA/USDT,140,SIDEWAYS,2023-10-01T00:00:00Z,2023-10-02T00:00:00Z,2
ADA/USDT,141,TRANSITION,2023-10-03T00:00:00Z,2023-10-09T00:00:00Z,7
ADA/USDT,142,SIDEWAYS,2023-10-10T00:00:00Z,2023-10-24T00:00:00Z,15
ADA/USDT,143,TRANSITION,2023-10-25T00:00:00Z,2023-10-26T00:00:00Z,2
ADA/USDT,144,BULL,2023-10-27T00:00:00Z,2024-01-03T00:00:00Z,69
ADA/USDT,145,BEAR,2024-01-04T00:00:00Z,2024-01-15T00:00:00Z,12
ADA/USDT,146,TRANSITION,2024-01-16T00:00:00Z,2024-01-23T00:00:00Z,8
ADA/USDT,147,BEAR,2024-01-24T00:00:00Z,2024-02-02T00:00:00Z,10
ADA/USDT,148,TRANSITION,2024-02-03T00:00:00Z,2024-02-10T00:00:00Z,8
ADA/USDT,149,SIDEWAYS,2024-02-11T00:00:00Z,2024-02-19T00:00:00Z,9
ADA/USDT,150,TRANSITION,2024-02-20T00:00:00Z,2024-02-21T00:00:00Z,2
ADA/USDT,151,SIDEWAYS,2024-02-22T00:00:00Z,2024-03-01T00:00:00Z,9
ADA/USDT,152,TRANSITION,2024-03-02T00:00:00Z,2024-03-04T00:00:00Z,3
ADA/USDT,153,BULL,2024-03-05T00:00:00Z,2024-03-05T00:00:00Z,1
ADA/USDT,154,TRANSITION,2024-03-06T00:00:00Z,2024-03-09T00:00:00Z,4
ADA/USDT,155,SIDEWAYS,2024-03-10T00:00:00Z,2024-04-03T00:00:00Z,25
ADA/USDT,156,TRANSITION,2024-04-04T00:00:00Z,2024-04-12T00:00:00Z,9
ADA/USDT,157,BEAR,2024-04-13T00:00:00Z,2024-05-16T00:00:00Z,34
ADA/USDT,158,BULL,2024-05-17T00:00:00Z,2024-05-18T00:00:00Z,2
ADA/USDT,159,TRANSITION,2024-05-19T00:00:00Z,2024-05-25T00:00:00Z,7
ADA/USDT,160,SIDEWAYS,2024-05-26T00:00:00Z,2024-06-21T00:00:00Z,27
ADA/USDT,161,TRANSITION,2024-06-22T00:00:00Z,2024-06-24T00:00:00Z,3
ADA/USDT,162,BEAR,2024-06-25T00:00:00Z,2024-07-02T00:00:00Z,8
ADA/USDT,163,BULL,2024-07-03T00:00:00Z,2024-07-03T00:00:00Z,1
ADA/USDT,164,TRANSITION,2024-07-04T00:00:00Z,2024-07-05T00:00:00Z,2
ADA/USDT,165,BEAR,2024-07-06T00:00:00Z,2024-07-13T00:00:00Z,8
ADA/USDT,166,BULL,2024-07-14T00:00:00Z,2024-07-14T00:00:00Z,1
ADA/USDT,167,TRANSITION,2024-07-15T00:00:00Z,2024-07-19T00:00:00Z,5
ADA/USDT,168,SIDEWAYS,2024-07-20T00:00:00Z,2024-08-02T00:00:00Z,14
ADA/USDT,169,TRANSITION,2024-08-03T00:00:00Z,2024-08-05T00:00:00Z,3
ADA/USDT,170,BEAR,2024-08-06T00:00:00Z,2024-08-23T00:00:00Z,18
ADA/USDT,171,BULL,2024-08-24T00:00:00Z,2024-08-26T00:00:00Z,3
ADA/USDT,172,BEAR,2024-08-27T00:00:00Z,2024-09-13T00:00:00Z,18
ADA/USDT,173,TRANSITION,2024-09-14T00:00:00Z,2024-09-19T00:00:00Z,6
ADA/USDT,174,SIDEWAYS,2024-09-20T00:00:00Z,2024-09-29T00:00:00Z,10
ADA/USDT,175,TRANSITION,2024-09-30T00:00:00Z,2024-09-30T00:00:00Z,1
ADA/USDT,176,SIDEWAYS,2024-10-01T00:00:00Z,2024-11-10T00:00:00Z,41
ADA/USDT,177,TRANSITION,2024-11-11T00:00:00Z,2024-11-11T00:00:00Z,1
ADA/USDT,178,BULL,2024-11-12T00:00:00Z,2024-12-18T00:00:00Z,37
ADA/USDT,179,BEAR,2024-12-19T00:00:00Z,2025-01-03T00:00:00Z,16
ADA/USDT,180,BULL,2025-01-04T00:00:00Z,2025-01-07T00:00:00Z,4
ADA/USDT,181,TRANSITION,2025-01-08T00:00:00Z,2025-01-12T00:00:00Z,5
ADA/USDT,182,SIDEWAYS,2025-01-13T00:00:00Z,2025-02-02T00:00:00Z,21
ADA/USDT,183,TRANSITION,2025-02-03T00:00:00Z,2025-02-04T00:00:00Z,2
ADA/USDT,184,BEAR,2025-02-05T00:00:00Z,2025-03-02T00:00:00Z,26
ADA/USDT,185,BULL,2025-03-03T00:00:00Z,2025-03-10T00:00:00Z,8
ADA/USDT,186,BEAR,2025-03-11T00:00:00Z,2025-03-13T00:00:00Z,3
ADA/USDT,187,TRANSITION,2025-03-14T00:00:00Z,2025-03-17T00:00:00Z,4
ADA/USDT,188,SIDEWAYS,2025-03-18T00:00:00Z,2025-05-11T00:00:00Z,55
ADA/USDT,189,TRANSITION,2025-05-12T00:00:00Z,2025-05-14T00:00:00Z,3
ADA/USDT,190,BULL,2025-05-15T00:00:00Z,2025-05-17T00:00:00Z,3
ADA/USDT,191,TRANSITION,2025-05-18T00:00:00Z,2025-05-21T00:00:00Z,4
ADA/USDT,192,SIDEWAYS,2025-05-22T00:00:00Z,2025-05-22T00:00:00Z,1
ADA/USDT,193,TRANSITION,2025-05-23T00:00:00Z,2025-06-01T00:00:00Z,10
ADA/USDT,194,SIDEWAYS,2025-06-02T00:00:00Z,2025-06-20T00:00:00Z,19
ADA/USDT,195,TRANSITION,2025-06-21T00:00:00Z,2025-06-25T00:00:00Z,5
ADA/USDT,196,BEAR,2025-06-26T00:00:00Z,2025-07-05T00:00:00Z,10
ADA/USDT,197,TRANSITION,2025-07-06T00:00:00Z,2025-07-12T00:00:00Z,7
ADA/USDT,198,BULL,2025-07-13T00:00:00Z,2025-08-01T00:00:00Z,20
ADA/USDT,199,BEAR,2025-08-02T00:00:00Z,2025-08-04T00:00:00Z,3
ADA/USDT,200,BULL,2025-08-05T00:00:00Z,2025-08-05T00:00:00Z,1
ADA/USDT,201,BEAR,2025-08-06T00:00:00Z,2025-08-07T00:00:00Z,2
ADA/USDT,202,TRANSITION,2025-08-08T00:00:00Z,2025-08-14T00:00:00Z,7
ADA/USDT,203,BULL,2025-08-15T00:00:00Z,2025-09-01T00:00:00Z,18
ADA/USDT,204,TRANSITION,2025-09-02T00:00:00Z,2025-09-05T00:00:00Z,4
ADA/USDT,205,SIDEWAYS,2025-09-06T00:00:00Z,2025-09-26T00:00:00Z,21
ADA/USDT,206,TRANSITION,2025-09-27T00:00:00Z,2025-10-02T00:00:00Z,6
ADA/USDT,207,SIDEWAYS,2025-10-03T00:00:00Z,2025-10-11T00:00:00Z,9
ADA/USDT,208,TRANSITION,2025-10-12T00:00:00Z,2025-10-12T00:00:00Z,1
ADA/USDT,209,BEAR,2025-10-13T00:00:00Z,2025-12-09T00:00:00Z,58
ADA/USDT,210,BULL,2025-12-10T00:00:00Z,2025-12-11T00:00:00Z,2
ADA/USDT,211,BEAR,2025-12-12T00:00:00Z,2026-01-05T00:00:00Z,25
ADA/USDT,212,BULL,2026-01-06T00:00:00Z,2026-01-09T00:00:00Z,4
ADA/USDT,213,TRANSITION,2026-01-10T00:00:00Z,2026-01-16T00:00:00Z,7
ADA/USDT,214,SIDEWAYS,2026-01-17T00:00:00Z,2026-01-24T00:00:00Z,8
ADA/USDT,215,TRANSITION,2026-01-25T00:00:00Z,2026-01-29T00:00:00Z,5
ADA/USDT,216,BEAR,2026-01-30T00:00:00Z,2026-02-25T00:00:00Z,27
ADA/USDT,217,BULL,2026-02-26T00:00:00Z,2026-02-28T00:00:00Z,3
ADA/USDT,218,BEAR,2026-03-01T00:00:00Z,2026-03-04T00:00:00Z,4
ADA/USDT,219,TRANSITION,2026-03-05T00:00:00Z,2026-03-10T00:00:00Z,6
ADA/USDT,220,SIDEWAYS,2026-03-11T00:00:00Z,2026-05-11T00:00:00Z,62
ADA/USDT,221,TRANSITION,2026-05-12T00:00:00Z,2026-05-17T00:00:00Z,6
ADA/USDT,222,SIDEWAYS,2026-05-18T00:00:00Z,2026-05-29T00:00:00Z,12
ADA/USDT,223,TRANSITION,2026-05-30T00:00:00Z,2026-06-02T00:00:00Z,4
ADA/USDT,224,BEAR,2026-06-03T00:00:00Z,2026-07-03T00:00:00Z,31
ADA/USDT,225,BULL,2026-07-04T00:00:00Z,2026-07-13T00:00:00Z,10
ADA/USDT,226,BEAR,2026-07-14T00:00:00Z,2026-07-14T00:00:00Z,1
ADA/USDT,227,TRANSITION,2026-07-15T00:00:00Z,2026-07-17T00:00:00Z,3
ADA/USDT,228,SIDEWAYS,2026-07-18T00:00:00Z,2026-08-06T00:00:00Z,20
ADA/USDT,229,TRANSITION,2026-08-07T00:00:00Z,2026-08-09T00:00:00Z,3
ADA/USDT,230,BULL,2026-08-10T00:00:00Z,2026-08-11T00:00:00Z,2
ADA/USDT,231,TRANSITION,2026-08-12T00:00:00Z,2026-08-15T00:00:00Z,4
ADA/USDT,232,SIDEWAYS,2026-08-16T00:00:00Z,2026-08-20T00:00:00Z,5
BTC/USDT,1,TRANSITION,2020-03-01T00:00:00Z,2020-03-01T00:00:00Z,1
BTC/USDT,2,BEAR,2020-03-02T00:00:00Z,2020-03-02T00:00:00Z,1
BTC/USDT,3,TRANSITION,2020-03-03T00:00:00Z,2020-03-10T00:00:00Z,8
BTC/USDT,4,BEAR,2020-03-11T00:00:00Z,2020-04-05T00:00:00Z,26
BTC/USDT,5,TRANSITION,2020-04-06T00:00:00Z,2020-04-10T00:00:00Z,5
BTC/USDT,6,SIDEWAYS,2020-04-11T00:00:00Z,2020-04-29T00:00:00Z,19
BTC/USDT,7,TRANSITION,2020-04-30T00:00:00Z,2020-05-01T00:00:00Z,2
BTC/USDT,8,BULL,2020-05-02T00:00:00Z,2020-05-24T00:00:00Z,23
BTC/USDT,9,BEAR,2020-05-25T00:00:00Z,2020-05-25T00:00:00Z,1
BTC/USDT,10,TRANSITION,2020-05-26T00:00:00Z,2020-06-06T00:00:00Z,12
BTC/USDT,11,BULL,2020-06-07T00:00:00Z,2020-06-11T00:00:00Z,5
BTC/USDT,12,TRANSITION,2020-06-12T00:00:00Z,2020-06-14T00:00:00Z,3
BTC/USDT,13,SIDEWAYS,2020-06-15T00:00:00Z,2020-06-29T00:00:00Z,15
BTC/USDT,14,TRANSITION,2020-06-30T00:00:00Z,2020-07-09T00:00:00Z,10
BTC/USDT,15,SIDEWAYS,2020-07-10T00:00:00Z,2020-07-26T00:00:00Z,17
BTC/USDT,16,TRANSITION,2020-07-27T00:00:00Z,2020-07-28T00:00:00Z,2
BTC/USDT,17,BULL,2020-07-29T00:00:00Z,2020-08-25T00:00:00Z,28
BTC/USDT,18,BEAR,2020-08-26T00:00:00Z,2020-08-30T00:00:00Z,5
BTC/USDT,19,TRANSITION,2020-08-31T00:00:00Z,2020-09-06T00:00:00Z,7
BTC/USDT,20,BEAR,2020-09-07T00:00:00Z,2020-09-16T00:00:00Z,10
BTC/USDT,21,TRANSITION,2020-09-17T00:00:00Z,2020-09-20T00:00:00Z,4
BTC/USDT,22,SIDEWAYS,2020-09-21T00:00:00Z,2020-10-14T00:00:00Z,24
BTC/USDT,23,TRANSITION,2020-10-15T00:00:00Z,2020-10-17T00:00:00Z,3
BTC/USDT,24,BULL,2020-10-18T00:00:00Z,2020-12-11T00:00:00Z,55
BTC/USDT,25,BEAR,2020-12-12T00:00:00Z,2020-12-12T00:00:00Z,1
BTC/USDT,26,BULL,2020-12-13T00:00:00Z,2021-01-20T00:00:00Z,39
BTC/USDT,27,BEAR,2021-01-21T00:00:00Z,2021-01-29T00:00:00Z,9
BTC/USDT,28,TRANSITION,2021-01-30T00:00:00Z,2021-02-02T00:00:00Z,4
BTC/USDT,29,SIDEWAYS,2021-02-03T00:00:00Z,2021-02-05T00:00:00Z,3
BTC/USDT,30,TRANSITION,2021-02-06T00:00:00Z,2021-02-09T00:00:00Z,4
BTC/USDT,31,BULL,2021-02-10T00:00:00Z,2021-02-26T00:00:00Z,17
BTC/USDT,32,BEAR,2021-02-27T00:00:00Z,2021-03-01T00:00:00Z,3
BTC/USDT,33,BULL,2021-03-02T00:00:00Z,2021-03-02T00:00:00Z,1
BTC/USDT,34,TRANSITION,2021-03-03T00:00:00Z,2021-03-06T00:00:00Z,4
BTC/USDT,35,SIDEWAYS,2021-03-07T00:00:00Z,2021-03-09T00:00:00Z,3
BTC/USDT,36,TRANSITION,2021-03-10T00:00:00Z,2021-03-13T00:00:00Z,4
BTC/USDT,37,BULL,2021-03-14T00:00:00Z,2021-03-19T00:00:00Z,6
BTC/USDT,38,TRANSITION,2021-03-20T00:00:00Z,2021-03-24T00:00:00Z,5
BTC/USDT,39,SIDEWAYS,2021-03-25T00:00:00Z,2021-04-13T00:00:00Z,20
BTC/USDT,40,TRANSITION,2021-04-14T00:00:00Z,2021-04-22T00:00:00Z,9
BTC/USDT,41,BEAR,2021-04-23T00:00:00Z,2021-05-01T00:00:00Z,9
BTC/USDT,42,TRANSITION,2021-05-02T00:00:00Z,2021-05-07T00:00:00Z,6
BTC/USDT,43,SIDEWAYS,2021-05-08T00:00:00Z,2021-05-13T00:00:00Z,6
BTC/USDT,44,TRANSITION,2021-05-14T00:00:00Z,2021-05-15T00:00:00Z,2
BTC/USDT,45,BEAR,2021-05-16T00:00:00Z,2021-07-23T00:00:00Z,69
BTC/USDT,46,TRANSITION,2021-07-24T00:00:00Z,2021-07-27T00:00:00Z,4
BTC/USDT,47,BULL,2021-07-28T00:00:00Z,2021-09-07T00:00:00Z,42
BTC/USDT,48,BEAR,2021-09-08T00:00:00Z,2021-09-18T00:00:00Z,11
BTC/USDT,49,TRANSITION,2021-09-19T00:00:00Z,2021-09-21T00:00:00Z,3
BTC/USDT,50,BEAR,2021-09-22T00:00:00Z,2021-10-01T00:00:00Z,10
BTC/USDT,51,BULL,2021-10-02T00:00:00Z,2021-11-16T00:00:00Z,46
BTC/USDT,52,BEAR,2021-11-17T00:00:00Z,2021-11-17T00:00:00Z,1
BTC/USDT,53,TRANSITION,2021-11-18T00:00:00Z,2021-12-05T00:00:00Z,18
BTC/USDT,54,BEAR,2021-12-06T00:00:00Z,2022-02-05T00:00:00Z,62
BTC/USDT,55,BULL,2022-02-06T00:00:00Z,2022-02-17T00:00:00Z,12
BTC/USDT,56,TRANSITION,2022-02-18T00:00:00Z,2022-02-27T00:00:00Z,10
BTC/USDT,57,BEAR,2022-02-28T00:00:00Z,2022-02-28T00:00:00Z,1
BTC/USDT,58,TRANSITION,2022-03-01T00:00:00Z,2022-03-03T00:00:00Z,3
BTC/USDT,59,SIDEWAYS,2022-03-04T00:00:00Z,2022-03-06T00:00:00Z,3
BTC/USDT,60,TRANSITION,2022-03-07T00:00:00Z,2022-03-09T00:00:00Z,3
BTC/USDT,61,SIDEWAYS,2022-03-10T00:00:00Z,2022-03-28T00:00:00Z,19
BTC/USDT,62,TRANSITION,2022-03-29T00:00:00Z,2022-04-08T00:00:00Z,11
BTC/USDT,63,SIDEWAYS,2022-04-09T00:00:00Z,2022-04-22T00:00:00Z,14
BTC/USDT,64,TRANSITION,2022-04-23T00:00:00Z,2022-04-27T00:00:00Z,5
BTC/USDT,65,BEAR,2022-04-28T00:00:00Z,2022-05-30T00:00:00Z,33
BTC/USDT,66,BULL,2022-05-31T00:00:00Z,2022-06-01T00:00:00Z,2
BTC/USDT,67,BEAR,2022-06-02T00:00:00Z,2022-06-06T00:00:00Z,5
BTC/USDT,68,BULL,2022-06-07T00:00:00Z,2022-06-07T00:00:00Z,1
BTC/USDT,69,BEAR,2022-06-08T00:00:00Z,2022-06-08T00:00:00Z,1
BTC/USDT,70,TRANSITION,2022-06-09T00:00:00Z,2022-06-13T00:00:00Z,5
BTC/USDT,71,BEAR,2022-06-14T00:00:00Z,2022-07-08T00:00:00Z,25
BTC/USDT,72,BULL,2022-07-09T00:00:00Z,2022-07-10T00:00:00Z,2
BTC/USDT,73,BEAR,2022-07-11T00:00:00Z,2022-07-18T00:00:00Z,8
BTC/USDT,74,TRANSITION,2022-07-19T00:00:00Z,2022-07-26T00:00:00Z,8
BTC/USDT,75,SIDEWAYS,2022-07-27T00:00:00Z,2022-07-30T00:00:00Z,4
BTC/USDT,76,TRANSITION,2022-07-31T00:00:00Z,2022-08-02T00:00:00Z,3
BTC/USDT,77,SIDEWAYS,2022-08-03T00:00:00Z,2022-08-13T00:00:00Z,11
BTC/USDT,78,TRANSITION,2022-08-14T00:00:00Z,2022-08-25T00:00:00Z,12
BTC/USDT,79,SIDEWAYS,2022-08-26T00:00:00Z,2022-08-26T00:00:00Z,1
BTC/USDT,80,TRANSITION,2022-08-27T00:00:00Z,2022-09-06T00:00:00Z,11
BTC/USDT,81,BEAR,2022-09-07T00:00:00Z,2022-09-09T00:00:00Z,3
BTC/USDT,82,BULL,2022-09-10T00:00:00Z,2022-09-11T00:00:00Z,2
BTC/USDT,83,TRANSITION,2022-09-12T00:00:00Z,2022-09-24T00:00:00Z,13
BTC/USDT,84,BEAR,2022-09-25T00:00:00Z,2022-09-28T00:00:00Z,4
BTC/USDT,85,TRANSITION,2022-09-29T00:00:00Z,2022-10-02T00:00:00Z,4
BTC/USDT,86,SIDEWAYS,2022-10-03T00:00:00Z,2022-11-08T00:00:00Z,37
BTC/USDT,87,TRANSITION,2022-11-09T00:00:00Z,2022-11-10T00:00:00Z,2
BTC/USDT,88,BEAR,2022-11-11T00:00:00Z,2022-12-13T00:00:00Z,33
BTC/USDT,89,TRANSITION,2022-12-14T00:00:00Z,2022-12-21T00:00:00Z,8
BTC/USDT,90,SIDEWAYS,2022-12-22T00:00:00Z,2023-01-12T00:00:00Z,22
BTC/USDT,91,TRANSITION,2023-01-13T00:00:00Z,2023-01-13T00:00:00Z,1
BTC/USDT,92,BULL,2023-01-14T00:00:00Z,2023-03-03T00:00:00Z,49
BTC/USDT,93,BEAR,2023-03-04T00:00:00Z,2023-03-05T00:00:00Z,2
BTC/USDT,94,TRANSITION,2023-03-06T00:00:00Z,2023-03-16T00:00:00Z,11
BTC/USDT,95,BULL,2023-03-17T00:00:00Z,2023-04-21T00:00:00Z,36
BTC/USDT,96,BEAR,2023-04-22T00:00:00Z,2023-04-26T00:00:00Z,5
BTC/USDT,97,BULL,2023-04-27T00:00:00Z,2023-04-29T00:00:00Z,3
BTC/USDT,98,TRANSITION,2023-04-30T00:00:00Z,2023-04-30T00:00:00Z,1
BTC/USDT,99,BULL,2023-05-01T00:00:00Z,2023-05-01T00:00:00Z,1
BTC/USDT,100,TRANSITION,2023-05-02T00:00:00Z,2023-05-04T00:00:00Z,3
BTC/USDT,101,SIDEWAYS,2023-05-05T00:00:00Z,2023-05-13T00:00:00Z,9
BTC/USDT,102,TRANSITION,2023-05-14T00:00:00Z,2023-05-24T00:00:00Z,11
BTC/USDT,103,BEAR,2023-05-25T00:00:00Z,2023-05-28T00:00:00Z,4
BTC/USDT,104,BULL,2023-05-29T00:00:00Z,2023-05-29T00:00:00Z,1
BTC/USDT,105,TRANSITION,2023-05-30T00:00:00Z,2023-06-03T00:00:00Z,5
BTC/USDT,106,SIDEWAYS,2023-06-04T00:00:00Z,2023-06-06T00:00:00Z,3
BTC/USDT,107,TRANSITION,2023-06-07T00:00:00Z,2023-06-12T00:00:00Z,6
BTC/USDT,108,BEAR,2023-06-13T00:00:00Z,2023-06-19T00:00:00Z,7
BTC/USDT,109,TRANSITION,2023-06-20T00:00:00Z,2023-06-21T00:00:00Z,2
BTC/USDT,110,BULL,2023-06-22T00:00:00Z,2023-07-26T00:00:00Z,35
BTC/USDT,111,TRANSITION,2023-07-27T00:00:00Z,2023-07-30T00:00:00Z,4
BTC/USDT,112,SIDEWAYS,2023-07-31T00:00:00Z,2023-08-19T00:00:00Z,20
BTC/USDT,113,TRANSITION,2023-08-20T00:00:00Z,2023-08-21T00:00:00Z,2
BTC/USDT,114,BEAR,2023-08-22T00:00:00Z,2023-08-29T00:00:00Z,8
BTC/USDT,115,BULL,2023-08-30T00:00:00Z,2023-08-31T00:00:00Z,2
BTC/USDT,116,BEAR,2023-09-01T00:00:00Z,2023-09-09T00:00:00Z,9
BTC/USDT,117,TRANSITION,2023-09-10T00:00:00Z,2023-09-16T00:00:00Z,7
BTC/USDT,118,SIDEWAYS,2023-09-17T00:00:00Z,2023-10-04T00:00:00Z,18
BTC/USDT,119,TRANSITION,2023-10-05T00:00:00Z,2023-10-07T00:00:00Z,3
BTC/USDT,120,BULL,2023-10-08T00:00:00Z,2023-10-11T00:00:00Z,4
BTC/USDT,121,TRANSITION,2023-10-12T00:00:00Z,2023-10-14T00:00:00Z,3
BTC/USDT,122,SIDEWAYS,2023-10-15T00:00:00Z,2023-10-16T00:00:00Z,2
BTC/USDT,123,TRANSITION,2023-10-17T00:00:00Z,2023-10-18T00:00:00Z,2
BTC/USDT,124,BULL,2023-10-19T00:00:00Z,2023-12-26T00:00:00Z,69
BTC/USDT,125,BEAR,2023-12-27T00:00:00Z,2023-12-28T00:00:00Z,2
BTC/USDT,126,TRANSITION,2023-12-29T00:00:00Z,2024-01-05T00:00:00Z,8
BTC/USDT,127,SIDEWAYS,2024-01-06T00:00:00Z,2024-01-23T00:00:00Z,18
BTC/USDT,128,TRANSITION,2024-01-24T00:00:00Z,2024-01-29T00:00:00Z,6
BTC/USDT,129,SIDEWAYS,2024-01-30T00:00:00Z,2024-02-12T00:00:00Z,14
BTC/USDT,130,TRANSITION,2024-02-13T00:00:00Z,2024-02-14T00:00:00Z,2
BTC/USDT,131,BULL,2024-02-15T00:00:00Z,2024-03-19T00:00:00Z,34
BTC/USDT,132,BEAR,2024-03-20T00:00:00Z,2024-03-25T00:00:00Z,6
BTC/USDT,133,BULL,2024-03-26T00:00:00Z,2024-03-30T00:00:00Z,5
BTC/USDT,134,TRANSITION,2024-03-31T00:00:00Z,2024-04-05T00:00:00Z,6
BTC/USDT,135,SIDEWAYS,2024-04-06T00:00:00Z,2024-04-17T00:00:00Z,12
BTC/USDT,136,TRANSITION,2024-04-18T00:00:00Z,2024-04-30T00:00:00Z,13
BTC/USDT,137,BEAR,2024-05-01T00:00:00Z,2024-05-07T00:00:00Z,7
BTC/USDT,138,TRANSITION,2024-05-08T00:00:00Z,2024-05-14T00:00:00Z,7
BTC/USDT,139,SIDEWAYS,2024-05-15T00:00:00Z,2024-05-18T00:00:00Z,4
BTC/USDT,140,TRANSITION,2024-05-19T00:00:00Z,2024-05-31T00:00:00Z,13
BTC/USDT,141,SIDEWAYS,2024-06-01T00:00:00Z,2024-06-04T00:00:00Z,4
BTC/USDT,142,TRANSITION,2024-06-05T00:00:00Z,2024-06-12T00:00:00Z,8
BTC/USDT,143,SIDEWAYS,2024-06-13T00:00:00Z,2024-06-21T00:00:00Z,9
BTC/USDT,144,TRANSITION,2024-06-22T00:00:00Z,2024-06-25T00:00:00Z,4
BTC/USDT,145,BEAR,2024-06-26T00:00:00Z,2024-07-15T00:00:00Z,20
BTC/USDT,146,BULL,2024-07-16T00:00:00Z,2024-07-27T00:00:00Z,12
BTC/USDT,147,TRANSITION,2024-07-28T00:00:00Z,2024-07-29T00:00:00Z,2
BTC/USDT,148,BULL,2024-07-30T00:00:00Z,2024-07-30T00:00:00Z,1
BTC/USDT,149,TRANSITION,2024-07-31T00:00:00Z,2024-08-06T00:00:00Z,7
BTC/USDT,150,BEAR,2024-08-07T00:00:00Z,2024-08-21T00:00:00Z,15
BTC/USDT,151,TRANSITION,2024-08-22T00:00:00Z,2024-08-29T00:00:00Z,8
BTC/USDT,152,SIDEWAYS,2024-08-30T00:00:00Z,2024-09-01T00:00:00Z,3
BTC/USDT,153,TRANSITION,2024-09-02T00:00:00Z,2024-09-08T00:00:00Z,7
BTC/USDT,154,BEAR,2024-09-09T00:00:00Z,2024-09-10T00:00:00Z,2
BTC/USDT,155,TRANSITION,2024-09-11T00:00:00Z,2024-09-15T00:00:00Z,5
BTC/USDT,156,SIDEWAYS,2024-09-16T00:00:00Z,2024-09-26T00:00:00Z,11
BTC/USDT,157,TRANSITION,2024-09-27T00:00:00Z,2024-10-05T00:00:00Z,9
BTC/USDT,158,SIDEWAYS,2024-10-06T00:00:00Z,2024-10-20T00:00:00Z,15
BTC/USDT,159,TRANSITION,2024-10-21T00:00:00Z,2024-10-25T00:00:00Z,5
BTC/USDT,160,SIDEWAYS,2024-10-26T00:00:00Z,2024-10-29T00:00:00Z,4
BTC/USDT,161,TRANSITION,2024-10-30T00:00:00Z,2024-11-09T00:00:00Z,11
BTC/USDT,162,BULL,2024-11-10T00:00:00Z,2024-12-20T00:00:00Z,41
BTC/USDT,163,BEAR,2024-12-21T00:00:00Z,2025-01-02T00:00:00Z,13
BTC/USDT,164,TRANSITION,2025-01-03T00:00:00Z,2025-01-05T00:00:00Z,3
BTC/USDT,165,SIDEWAYS,2025-01-06T00:00:00Z,2025-02-05T00:00:00Z,31
BTC/USDT,166,TRANSITION,2025-02-06T00:00:00Z,2025-02-09T00:00:00Z,4
BTC/USDT,167,BEAR,2025-02-10T00:00:00Z,2025-03-24T00:00:00Z,43
BTC/USDT,168,BULL,2025-03-25T00:00:00Z,2025-03-26T00:00:00Z,2
BTC/USDT,169,BEAR,2025-03-27T00:00:00Z,2025-03-27T00:00:00Z,1
BTC/USDT,170,TRANSITION,2025-03-28T00:00:00Z,2025-04-03T00:00:00Z,7
BTC/USDT,171,SIDEWAYS,2025-04-04T00:00:00Z,2025-04-25T00:00:00Z,22
BTC/USDT,172,TRANSITION,2025-04-26T00:00:00Z,2025-04-27T00:00:00Z,2
BTC/USDT,173,BULL,2025-04-28T00:00:00Z,2025-05-30T00:00:00Z,33
BTC/USDT,174,BEAR,2025-05-31T00:00:00Z,2025-06-01T00:00:00Z,2
BTC/USDT,175,TRANSITION,2025-06-02T00:00:00Z,2025-06-04T00:00:00Z,3
BTC/USDT,176,SIDEWAYS,2025-06-05T00:00:00Z,2025-07-13T00:00:00Z,39
BTC/USDT,177,TRANSITION,2025-07-14T00:00:00Z,2025-07-16T00:00:00Z,3
BTC/USDT,178,BULL,2025-07-17T00:00:00Z,2025-07-30T00:00:00Z,14
BTC/USDT,179,TRANSITION,2025-07-31T00:00:00Z,2025-08-06T00:00:00Z,7
BTC/USDT,180,SIDEWAYS,2025-08-07T00:00:00Z,2025-08-13T00:00:00Z,7
BTC/USDT,181,TRANSITION,2025-08-14T00:00:00Z,2025-08-20T00:00:00Z,7
BTC/USDT,182,SIDEWAYS,2025-08-21T00:00:00Z,2025-09-01T00:00:00Z,12
BTC/USDT,183,TRANSITION,2025-09-02T00:00:00Z,2025-09-02T00:00:00Z,1
BTC/USDT,184,SIDEWAYS,2025-09-03T00:00:00Z,2025-10-02T00:00:00Z,30
BTC/USDT,185,TRANSITION,2025-10-03T00:00:00Z,2025-10-05T00:00:00Z,3
BTC/USDT,186,BULL,2025-10-06T00:00:00Z,2025-10-10T00:00:00Z,5
BTC/USDT,187,BEAR,2025-10-11T00:00:00Z,2025-10-26T00:00:00Z,16
BTC/USDT,188,BULL,2025-10-27T00:00:00Z,2025-10-27T00:00:00Z,1
BTC/USDT,189,TRANSITION,2025-10-28T00:00:00Z,2025-11-06T00:00:00Z,10
BTC/USDT,190,BEAR,2025-11-07T00:00:00Z,2025-12-22T00:00:00Z,46
BTC/USDT,191,TRANSITION,2025-12-23T00:00:00Z,2025-12-28T00:00:00Z,6
BTC/USDT,192,SIDEWAYS,2025-12-29T00:00:00Z,2026-01-05T00:00:00Z,8
BTC/USDT,193,TRANSITION,2026-01-06T00:00:00Z,2026-01-12T00:00:00Z,7
BTC/USDT,194,BULL,2026-01-13T00:00:00Z,2026-01-20T00:00:00Z,8
BTC/USDT,195,BEAR,2026-01-21T00:00:00Z,2026-01-28T00:00:00Z,8
BTC/USDT,196,TRANSITION,2026-01-29T00:00:00Z,2026-01-30T00:00:00Z,2
BTC/USDT,197,BEAR,2026-01-31T00:00:00Z,2026-03-04T00:00:00Z,33
BTC/USDT,198,BULL,2026-03-05T00:00:00Z,2026-03-06T00:00:00Z,2
BTC/USDT,199,BEAR,2026-03-07T00:00:00Z,2026-03-10T00:00:00Z,4
BTC/USDT,200,BULL,2026-03-11T00:00:00Z,2026-03-19T00:00:00Z,9
BTC/USDT,201,TRANSITION,2026-03-20T00:00:00Z,2026-03-23T00:00:00Z,4
BTC/USDT,202,SIDEWAYS,2026-03-24T00:00:00Z,2026-04-22T00:00:00Z,30
BTC/USDT,203,TRANSITION,2026-04-23T00:00:00Z,2026-04-27T00:00:00Z,5
BTC/USDT,204,BULL,2026-04-28T00:00:00Z,2026-04-29T00:00:00Z,2
BTC/USDT,205,TRANSITION,2026-04-30T00:00:00Z,2026-05-03T00:00:00Z,4
BTC/USDT,206,BULL,2026-05-04T00:00:00Z,2026-05-18T00:00:00Z,15
BTC/USDT,207,BEAR,2026-05-19T00:00:00Z,2026-05-19T00:00:00Z,1
BTC/USDT,208,TRANSITION,2026-05-20T00:00:00Z,2026-05-24T00:00:00Z,5
BTC/USDT,209,SIDEWAYS,2026-05-25T00:00:00Z,2026-05-27T00:00:00Z,3
BTC/USDT,210,TRANSITION,2026-05-28T00:00:00Z,2026-05-31T00:00:00Z,4
BTC/USDT,211,BEAR,2026-06-01T00:00:00Z,2026-07-12T00:00:00Z,42
BTC/USDT,212,TRANSITION,2026-07-13T00:00:00Z,2026-08-07T00:00:00Z,26
BTC/USDT,213,SIDEWAYS,2026-08-08T00:00:00Z,2026-08-20T00:00:00Z,13
DASH/USDT,1,BEAR,2020-03-01T00:00:00Z,2020-04-06T00:00:00Z,37
DASH/USDT,2,TRANSITION,2020-04-07T00:00:00Z,2020-04-13T00:00:00Z,7
DASH/USDT,3,SIDEWAYS,2020-04-14T00:00:00Z,2020-04-25T00:00:00Z,12
DASH/USDT,4,TRANSITION,2020-04-26T00:00:00Z,2020-04-30T00:00:00Z,5
DASH/USDT,5,BULL,2020-05-01T00:00:00Z,2020-05-07T00:00:00Z,7
DASH/USDT,6,TRANSITION,2020-05-08T00:00:00Z,2020-05-18T00:00:00Z,11
DASH/USDT,7,SIDEWAYS,2020-05-19T00:00:00Z,2020-06-15T00:00:00Z,28
DASH/USDT,8,TRANSITION,2020-06-16T00:00:00Z,2020-06-20T00:00:00Z,5
DASH/USDT,9,BEAR,2020-06-21T00:00:00Z,2020-06-24T00:00:00Z,4
DASH/USDT,10,TRANSITION,2020-06-25T00:00:00Z,2020-07-02T00:00:00Z,8
DASH/USDT,11,BEAR,2020-07-03T00:00:00Z,2020-07-07T00:00:00Z,5
DASH/USDT,12,TRANSITION,2020-07-08T00:00:00Z,2020-07-16T00:00:00Z,9
DASH/USDT,13,SIDEWAYS,2020-07-17T00:00:00Z,2020-07-27T00:00:00Z,11
DASH/USDT,14,TRANSITION,2020-07-28T00:00:00Z,2020-07-29T00:00:00Z,2
DASH/USDT,15,BULL,2020-07-30T00:00:00Z,2020-08-27T00:00:00Z,29
DASH/USDT,16,BEAR,2020-08-28T00:00:00Z,2020-08-29T00:00:00Z,2
DASH/USDT,17,BULL,2020-08-30T00:00:00Z,2020-08-31T00:00:00Z,2
DASH/USDT,18,TRANSITION,2020-09-01T00:00:00Z,2020-09-04T00:00:00Z,4
DASH/USDT,19,BEAR,2020-09-05T00:00:00Z,2020-09-11T00:00:00Z,7
DASH/USDT,20,TRANSITION,2020-09-12T00:00:00Z,2020-09-22T00:00:00Z,11
DASH/USDT,21,BEAR,2020-09-23T00:00:00Z,2020-10-11T00:00:00Z,19
DASH/USDT,22,BULL,2020-10-12T00:00:00Z,2020-10-15T00:00:00Z,4
DASH/USDT,23,TRANSITION,2020-10-16T00:00:00Z,2020-10-22T00:00:00Z,7
DASH/USDT,24,BULL,2020-10-23T00:00:00Z,2020-10-24T00:00:00Z,2
DASH/USDT,25,TRANSITION,2020-10-25T00:00:00Z,2020-10-29T00:00:00Z,5
DASH/USDT,26,SIDEWAYS,2020-10-30T00:00:00Z,2020-11-18T00:00:00Z,20
DASH/USDT,27,TRANSITION,2020-11-19T00:00:00Z,2020-11-23T00:00:00Z,5
DASH/USDT,28,BULL,2020-11-24T00:00:00Z,2020-12-09T00:00:00Z,16
DASH/USDT,29,BEAR,2020-12-10T00:00:00Z,2020-12-11T00:00:00Z,2
DASH/USDT,30,TRANSITION,2020-12-12T00:00:00Z,2020-12-15T00:00:00Z,4
DASH/USDT,31,SIDEWAYS,2020-12-16T00:00:00Z,2020-12-18T00:00:00Z,3
DASH/USDT,32,TRANSITION,2020-12-19T00:00:00Z,2020-12-31T00:00:00Z,13
DASH/USDT,33,SIDEWAYS,2021-01-01T00:00:00Z,2021-01-10T00:00:00Z,10
DASH/USDT,34,TRANSITION,2021-01-11T00:00:00Z,2021-01-11T00:00:00Z,1
DASH/USDT,35,BULL,2021-01-12T00:00:00Z,2021-01-22T00:00:00Z,11
DASH/USDT,36,BEAR,2021-01-23T00:00:00Z,2021-01-23T00:00:00Z,1
DASH/USDT,37,BULL,2021-01-24T00:00:00Z,2021-01-25T00:00:00Z,2
DASH/USDT,38,TRANSITION,2021-01-26T00:00:00Z,2021-01-29T00:00:00Z,4
DASH/USDT,39,SIDEWAYS,2021-01-30T00:00:00Z,2021-02-10T00:00:00Z,12
DASH/USDT,40,TRANSITION,2021-02-11T00:00:00Z,2021-02-12T00:00:00Z,2
DASH/USDT,41,BULL,2021-02-13T00:00:00Z,2021-02-28T00:00:00Z,16
DASH/USDT,42,BEAR,2021-03-01T00:00:00Z,2021-03-03T00:00:00Z,3
DASH/USDT,43,BULL,2021-03-04T00:00:00Z,2021-03-04T00:00:00Z,1
DASH/USDT,44,TRANSITION,2021-03-05T00:00:00Z,2021-03-08T00:00:00Z,4
DASH/USDT,45,SIDEWAYS,2021-03-09T00:00:00Z,2021-04-10T00:00:00Z,33
DASH/USDT,46,TRANSITION,2021-04-11T00:00:00Z,2021-04-14T00:00:00Z,4
DASH/USDT,47,BULL,2021-04-15T00:00:00Z,2021-04-22T00:00:00Z,8
DASH/USDT,48,TRANSITION,2021-04-23T00:00:00Z,2021-04-28T00:00:00Z,6
DASH/USDT,49,SIDEWAYS,2021-04-29T00:00:00Z,2021-05-05T00:00:00Z,7
DASH/USDT,50,TRANSITION,2021-05-06T00:00:00Z,2021-05-07T00:00:00Z,2
DASH/USDT,51,BULL,2021-05-08T00:00:00Z,2021-05-17T00:00:00Z,10
DASH/USDT,52,BEAR,2021-05-18T00:00:00Z,2021-07-19T00:00:00Z,63
DASH/USDT,53,BULL,2021-07-20T00:00:00Z,2021-09-07T00:00:00Z,50
DASH/USDT,54,BEAR,2021-09-08T00:00:00Z,2021-09-17T00:00:00Z,10
DASH/USDT,55,TRANSITION,2021-09-18T00:00:00Z,2021-09-22T00:00:00Z,5
DASH/USDT,56,BEAR,2021-09-23T00:00:00Z,2021-10-05T00:00:00Z,13
DASH/USDT,57,TRANSITION,2021-10-06T00:00:00Z,2021-10-09T00:00:00Z,4
DASH/USDT,58,SIDEWAYS,2021-10-10T00:00:00Z,2021-11-12T00:00:00Z,34
DASH/USDT,59,TRANSITION,2021-11-13T00:00:00Z,2021-11-15T00:00:00Z,3
DASH/USDT,60,BULL,2021-11-16T00:00:00Z,2021-11-17T00:00:00Z,2
DASH/USDT,61,TRANSITION,2021-11-18T00:00:00Z,2021-11-21T00:00:00Z,4
DASH/USDT,62,SIDEWAYS,2021-11-22T00:00:00Z,2021-12-04T00:00:00Z,13
DASH/USDT,63,TRANSITION,2021-12-05T00:00:00Z,2021-12-06T00:00:00Z,2
DASH/USDT,64,BEAR,2021-12-07T00:00:00Z,2022-01-02T00:00:00Z,27
DASH/USDT,65,TRANSITION,2022-01-03T00:00:00Z,2022-01-11T00:00:00Z,9
DASH/USDT,66,SIDEWAYS,2022-01-12T00:00:00Z,2022-01-23T00:00:00Z,12
DASH/USDT,67,TRANSITION,2022-01-24T00:00:00Z,2022-01-25T00:00:00Z,2
DASH/USDT,68,BEAR,2022-01-26T00:00:00Z,2022-02-07T00:00:00Z,13
DASH/USDT,69,BULL,2022-02-08T00:00:00Z,2022-02-09T00:00:00Z,2
DASH/USDT,70,TRANSITION,2022-02-10T00:00:00Z,2022-02-14T00:00:00Z,5
DASH/USDT,71,SIDEWAYS,2022-02-15T00:00:00Z,2022-02-26T00:00:00Z,12
DASH/USDT,72,TRANSITION,2022-02-27T00:00:00Z,2022-03-03T00:00:00Z,5
DASH/USDT,73,SIDEWAYS,2022-03-04T00:00:00Z,2022-03-04T00:00:00Z,1
DASH/USDT,74,TRANSITION,2022-03-05T00:00:00Z,2022-03-10T00:00:00Z,6
DASH/USDT,75,SIDEWAYS,2022-03-11T00:00:00Z,2022-03-23T00:00:00Z,13
DASH/USDT,76,TRANSITION,2022-03-24T00:00:00Z,2022-03-26T00:00:00Z,3
DASH/USDT,77,BULL,2022-03-27T00:00:00Z,2022-04-07T00:00:00Z,12
DASH/USDT,78,BEAR,2022-04-08T00:00:00Z,2022-04-14T00:00:00Z,7
DASH/USDT,79,TRANSITION,2022-04-15T00:00:00Z,2022-04-18T00:00:00Z,4
DASH/USDT,80,SIDEWAYS,2022-04-19T00:00:00Z,2022-04-24T00:00:00Z,6
DASH/USDT,81,TRANSITION,2022-04-25T00:00:00Z,2022-04-28T00:00:00Z,4
DASH/USDT,82,BEAR,2022-04-29T00:00:00Z,2022-06-26T00:00:00Z,59
DASH/USDT,83,BULL,2022-06-27T00:00:00Z,2022-06-27T00:00:00Z,1
DASH/USDT,84,BEAR,2022-06-28T00:00:00Z,2022-06-28T00:00:00Z,1
DASH/USDT,85,TRANSITION,2022-06-29T00:00:00Z,2022-07-02T00:00:00Z,4
DASH/USDT,86,BEAR,2022-07-03T00:00:00Z,2022-07-06T00:00:00Z,4
DASH/USDT,87,TRANSITION,2022-07-07T00:00:00Z,2022-07-17T00:00:00Z,11
DASH/USDT,88,SIDEWAYS,2022-07-18T00:00:00Z,2022-08-11T00:00:00Z,25
DASH/USDT,89,TRANSITION,2022-08-12T00:00:00Z,2022-08-21T00:00:00Z,10
DASH/USDT,90,SIDEWAYS,2022-08-22T00:00:00Z,2022-10-21T00:00:00Z,61
DASH/USDT,91,TRANSITION,2022-10-22T00:00:00Z,2022-10-28T00:00:00Z,7
DASH/USDT,92,SIDEWAYS,2022-10-29T00:00:00Z,2022-11-10T00:00:00Z,13
DASH/USDT,93,TRANSITION,2022-11-11T00:00:00Z,2022-11-13T00:00:00Z,3
DASH/USDT,94,BEAR,2022-11-14T00:00:00Z,2022-11-23T00:00:00Z,10
DASH/USDT,95,BULL,2022-11-24T00:00:00Z,2022-11-28T00:00:00Z,5
DASH/USDT,96,TRANSITION,2022-11-29T00:00:00Z,2022-12-03T00:00:00Z,5
DASH/USDT,97,BULL,2022-12-04T00:00:00Z,2022-12-16T00:00:00Z,13
DASH/USDT,98,BEAR,2022-12-17T00:00:00Z,2022-12-19T00:00:00Z,3
DASH/USDT,99,TRANSITION,2022-12-20T00:00:00Z,2022-12-25T00:00:00Z,6
DASH/USDT,100,SIDEWAYS,2022-12-26T00:00:00Z,2023-01-12T00:00:00Z,18
DASH/USDT,101,TRANSITION,2023-01-13T00:00:00Z,2023-01-15T00:00:00Z,3
DASH/USDT,102,BULL,2023-01-16T00:00:00Z,2023-01-19T00:00:00Z,4
DASH/USDT,103,TRANSITION,2023-01-20T00:00:00Z,2023-01-21T00:00:00Z,2
DASH/USDT,104,BULL,2023-01-22T00:00:00Z,2023-01-25T00:00:00Z,4
DASH/USDT,105,TRANSITION,2023-01-26T00:00:00Z,2023-01-30T00:00:00Z,5
DASH/USDT,106,BULL,2023-01-31T00:00:00Z,2023-03-04T00:00:00Z,33
DASH/USDT,107,BEAR,2023-03-05T00:00:00Z,2023-03-20T00:00:00Z,16
DASH/USDT,108,TRANSITION,2023-03-21T00:00:00Z,2023-03-25T00:00:00Z,5
DASH/USDT,109,SIDEWAYS,2023-03-26T00:00:00Z,2023-04-28T00:00:00Z,34
DASH/USDT,110,TRANSITION,2023-04-29T00:00:00Z,2023-05-05T00:00:00Z,7
DASH/USDT,111,BEAR,2023-05-06T00:00:00Z,2023-05-30T00:00:00Z,25
DASH/USDT,112,TRANSITION,2023-05-31T00:00:00Z,2023-06-08T00:00:00Z,9
DASH/USDT,113,BEAR,2023-06-09T00:00:00Z,2023-06-30T00:00:00Z,22
DASH/USDT,114,BULL,2023-07-01T00:00:00Z,2023-07-03T00:00:00Z,3
DASH/USDT,115,TRANSITION,2023-07-04T00:00:00Z,2023-07-15T00:00:00Z,12
DASH/USDT,116,SIDEWAYS,2023-07-16T00:00:00Z,2023-08-05T00:00:00Z,21
DASH/USDT,117,TRANSITION,2023-08-06T00:00:00Z,2023-08-06T00:00:00Z,1
DASH/USDT,118,SIDEWAYS,2023-08-07T00:00:00Z,2023-08-17T00:00:00Z,11
DASH/USDT,119,TRANSITION,2023-08-18T00:00:00Z,2023-08-19T00:00:00Z,2
DASH/USDT,120,BEAR,2023-08-20T00:00:00Z,2023-09-28T00:00:00Z,40
DASH/USDT,121,TRANSITION,2023-09-29T00:00:00Z,2023-10-04T00:00:00Z,6
DASH/USDT,122,SIDEWAYS,2023-10-05T00:00:00Z,2023-10-13T00:00:00Z,9
DASH/USDT,123,TRANSITION,2023-10-14T00:00:00Z,2023-10-18T00:00:00Z,5
DASH/USDT,124,SIDEWAYS,2023-10-19T00:00:00Z,2023-10-24T00:00:00Z,6
DASH/USDT,125,TRANSITION,2023-10-25T00:00:00Z,2023-10-27T00:00:00Z,3
DASH/USDT,126,BULL,2023-10-28T00:00:00Z,2023-11-16T00:00:00Z,20
DASH/USDT,127,BEAR,2023-11-17T00:00:00Z,2023-11-25T00:00:00Z,9
DASH/USDT,128,TRANSITION,2023-11-26T00:00:00Z,2023-12-03T00:00:00Z,8
DASH/USDT,129,SIDEWAYS,2023-12-04T00:00:00Z,2023-12-08T00:00:00Z,5
DASH/USDT,130,TRANSITION,2023-12-09T00:00:00Z,2023-12-10T00:00:00Z,2
DASH/USDT,131,BULL,2023-12-11T00:00:00Z,2023-12-11T00:00:00Z,1
DASH/USDT,132,TRANSITION,2023-12-12T00:00:00Z,2023-12-15T00:00:00Z,4
DASH/USDT,133,SIDEWAYS,2023-12-16T00:00:00Z,2023-12-28T00:00:00Z,13
DASH/USDT,134,TRANSITION,2023-12-29T00:00:00Z,2023-12-29T00:00:00Z,1
DASH/USDT,135,SIDEWAYS,2023-12-30T00:00:00Z,2024-01-05T00:00:00Z,7
DASH/USDT,136,TRANSITION,2024-01-06T00:00:00Z,2024-01-08T00:00:00Z,3
DASH/USDT,137,BEAR,2024-01-09T00:00:00Z,2024-02-11T00:00:00Z,34
DASH/USDT,138,TRANSITION,2024-02-12T00:00:00Z,2024-02-15T00:00:00Z,4
DASH/USDT,139,SIDEWAYS,2024-02-16T00:00:00Z,2024-02-19T00:00:00Z,4
DASH/USDT,140,TRANSITION,2024-02-20T00:00:00Z,2024-02-20T00:00:00Z,1
DASH/USDT,141,SIDEWAYS,2024-02-21T00:00:00Z,2024-02-26T00:00:00Z,6
DASH/USDT,142,TRANSITION,2024-02-27T00:00:00Z,2024-02-29T00:00:00Z,3
DASH/USDT,143,SIDEWAYS,2024-03-01T00:00:00Z,2024-03-02T00:00:00Z,2
DASH/USDT,144,TRANSITION,2024-03-03T00:00:00Z,2024-03-08T00:00:00Z,6
DASH/USDT,145,SIDEWAYS,2024-03-09T00:00:00Z,2024-03-19T00:00:00Z,11
DASH/USDT,146,TRANSITION,2024-03-20T00:00:00Z,2024-03-30T00:00:00Z,11
DASH/USDT,147,SIDEWAYS,2024-03-31T00:00:00Z,2024-04-04T00:00:00Z,5
DASH/USDT,148,TRANSITION,2024-04-05T00:00:00Z,2024-04-08T00:00:00Z,4
DASH/USDT,149,SIDEWAYS,2024-04-09T00:00:00Z,2024-04-13T00:00:00Z,5
DASH/USDT,150,TRANSITION,2024-04-14T00:00:00Z,2024-04-15T00:00:00Z,2
DASH/USDT,151,BEAR,2024-04-16T00:00:00Z,2024-05-17T00:00:00Z,32
DASH/USDT,152,TRANSITION,2024-05-18T00:00:00Z,2024-05-22T00:00:00Z,5
DASH/USDT,153,SIDEWAYS,2024-05-23T00:00:00Z,2024-06-10T00:00:00Z,19
DASH/USDT,154,TRANSITION,2024-06-11T00:00:00Z,2024-06-13T00:00:00Z,3
DASH/USDT,155,BEAR,2024-06-14T00:00:00Z,2024-07-14T00:00:00Z,31
DASH/USDT,156,BULL,2024-07-15T00:00:00Z,2024-07-19T00:00:00Z,5
DASH/USDT,157,BEAR,2024-07-20T00:00:00Z,2024-07-20T00:00:00Z,1
DASH/USDT,158,BULL,2024-07-21T00:00:00Z,2024-07-23T00:00:00Z,3
DASH/USDT,159,BEAR,2024-07-24T00:00:00Z,2024-07-24T00:00:00Z,1
DASH/USDT,160,TRANSITION,2024-07-25T00:00:00Z,2024-07-31T00:00:00Z,7
DASH/USDT,161,SIDEWAYS,2024-08-01T00:00:00Z,2024-08-02T00:00:00Z,2
DASH/USDT,162,TRANSITION,2024-08-03T00:00:00Z,2024-08-05T00:00:00Z,3
DASH/USDT,163,BEAR,2024-08-06T00:00:00Z,2024-08-18T00:00:00Z,13
DASH/USDT,164,TRANSITION,2024-08-19T00:00:00Z,2024-08-23T00:00:00Z,5
DASH/USDT,165,SIDEWAYS,2024-08-24T00:00:00Z,2024-08-29T00:00:00Z,6
DASH/USDT,166,TRANSITION,2024-08-30T00:00:00Z,2024-09-09T00:00:00Z,11
DASH/USDT,167,SIDEWAYS,2024-09-10T00:00:00Z,2024-10-10T00:00:00Z,31
DASH/USDT,168,TRANSITION,2024-10-11T00:00:00Z,2024-10-12T00:00:00Z,2
DASH/USDT,169,SIDEWAYS,2024-10-13T00:00:00Z,2024-10-26T00:00:00Z,14
DASH/USDT,170,TRANSITION,2024-10-27T00:00:00Z,2024-11-02T00:00:00Z,7
DASH/USDT,171,BEAR,2024-11-03T00:00:00Z,2024-11-09T00:00:00Z,7
DASH/USDT,172,TRANSITION,2024-11-10T00:00:00Z,2024-11-10T00:00:00Z,1
DASH/USDT,173,BULL,2024-11-11T00:00:00Z,2024-12-18T00:00:00Z,38
DASH/USDT,174,BEAR,2024-12-19T00:00:00Z,2024-12-24T00:00:00Z,6
DASH/USDT,175,BULL,2024-12-25T00:00:00Z,2024-12-28T00:00:00Z,4
DASH/USDT,176,TRANSITION,2024-12-29T00:00:00Z,2024-12-31T00:00:00Z,3
DASH/USDT,177,SIDEWAYS,2025-01-01T00:00:00Z,2025-02-01T00:00:00Z,32
DASH/USDT,178,TRANSITION,2025-02-02T00:00:00Z,2025-02-03T00:00:00Z,2
DASH/USDT,179,BEAR,2025-02-04T00:00:00Z,2025-03-25T00:00:00Z,50
DASH/USDT,180,BULL,2025-03-26T00:00:00Z,2025-03-26T00:00:00Z,1
DASH/USDT,181,TRANSITION,2025-03-27T00:00:00Z,2025-04-07T00:00:00Z,12
DASH/USDT,182,BEAR,2025-04-08T00:00:00Z,2025-04-22T00:00:00Z,15
DASH/USDT,183,TRANSITION,2025-04-23T00:00:00Z,2025-04-26T00:00:00Z,4
DASH/USDT,184,SIDEWAYS,2025-04-27T00:00:00Z,2025-04-30T00:00:00Z,4
DASH/USDT,185,TRANSITION,2025-05-01T00:00:00Z,2025-05-05T00:00:00Z,5
DASH/USDT,186,SIDEWAYS,2025-05-06T00:00:00Z,2025-05-11T00:00:00Z,6
DASH/USDT,187,TRANSITION,2025-05-12T00:00:00Z,2025-05-17T00:00:00Z,6
DASH/USDT,188,SIDEWAYS,2025-05-18T00:00:00Z,2025-06-14T00:00:00Z,28
DASH/USDT,189,TRANSITION,2025-06-15T00:00:00Z,2025-06-20T00:00:00Z,6
DASH/USDT,190,BEAR,2025-06-21T00:00:00Z,2025-07-04T00:00:00Z,14
DASH/USDT,191,TRANSITION,2025-07-05T00:00:00Z,2025-07-10T00:00:00Z,6
DASH/USDT,192,SIDEWAYS,2025-07-11T00:00:00Z,2025-07-11T00:00:00Z,1
DASH/USDT,193,TRANSITION,2025-07-12T00:00:00Z,2025-07-18T00:00:00Z,7
DASH/USDT,194,BULL,2025-07-19T00:00:00Z,2025-07-28T00:00:00Z,10
DASH/USDT,195,TRANSITION,2025-07-29T00:00:00Z,2025-08-03T00:00:00Z,6
DASH/USDT,196,SIDEWAYS,2025-08-04T00:00:00Z,2025-08-13T00:00:00Z,10
DASH/USDT,197,TRANSITION,2025-08-14T00:00:00Z,2025-08-14T00:00:00Z,1
DASH/USDT,198,SIDEWAYS,2025-08-15T00:00:00Z,2025-09-27T00:00:00Z,44
DASH/USDT,199,TRANSITION,2025-09-28T00:00:00Z,2025-09-29T00:00:00Z,2
DASH/USDT,200,SIDEWAYS,2025-09-30T00:00:00Z,2025-10-01T00:00:00Z,2
DASH/USDT,201,TRANSITION,2025-10-02T00:00:00Z,2025-10-03T00:00:00Z,2
DASH/USDT,202,BULL,2025-10-04T00:00:00Z,2025-11-30T00:00:00Z,58
DASH/USDT,203,TRANSITION,2025-12-01T00:00:00Z,2025-12-03T00:00:00Z,3
DASH/USDT,204,SIDEWAYS,2025-12-04T00:00:00Z,2026-01-15T00:00:00Z,43
DASH/USDT,205,TRANSITION,2026-01-16T00:00:00Z,2026-01-16T00:00:00Z,1
DASH/USDT,206,BULL,2026-01-17T00:00:00Z,2026-01-31T00:00:00Z,15
DASH/USDT,207,BEAR,2026-02-01T00:00:00Z,2026-02-03T00:00:00Z,3
DASH/USDT,208,TRANSITION,2026-02-04T00:00:00Z,2026-02-10T00:00:00Z,7
DASH/USDT,209,BEAR,2026-02-11T00:00:00Z,2026-02-14T00:00:00Z,4
DASH/USDT,210,TRANSITION,2026-02-15T00:00:00Z,2026-03-04T00:00:00Z,18
DASH/USDT,211,SIDEWAYS,2026-03-05T00:00:00Z,2026-04-11T00:00:00Z,38
DASH/USDT,212,TRANSITION,2026-04-12T00:00:00Z,2026-04-20T00:00:00Z,9
DASH/USDT,213,SIDEWAYS,2026-04-21T00:00:00Z,2026-05-05T00:00:00Z,15
DASH/USDT,214,TRANSITION,2026-05-06T00:00:00Z,2026-05-06T00:00:00Z,1
DASH/USDT,215,BULL,2026-05-07T00:00:00Z,2026-05-26T00:00:00Z,20
DASH/USDT,216,TRANSITION,2026-05-27T00:00:00Z,2026-05-31T00:00:00Z,5
DASH/USDT,217,SIDEWAYS,2026-06-01T00:00:00Z,2026-06-06T00:00:00Z,6
DASH/USDT,218,TRANSITION,2026-06-07T00:00:00Z,2026-06-07T00:00:00Z,1
DASH/USDT,219,SIDEWAYS,2026-06-08T00:00:00Z,2026-08-15T00:00:00Z,69
DASH/USDT,220,TRANSITION,2026-08-16T00:00:00Z,2026-08-19T00:00:00Z,4
DASH/USDT,221,SIDEWAYS,2026-08-20T00:00:00Z,2026-08-20T00:00:00Z,1
ETH/USDT,1,BEAR,2020-03-01T00:00:00Z,2020-03-06T00:00:00Z,6
ETH/USDT,2,BULL,2020-03-07T00:00:00Z,2020-03-08T00:00:00Z,2
ETH/USDT,3,BEAR,2020-03-09T00:00:00Z,2020-04-06T00:00:00Z,29
ETH/USDT,4,BULL,2020-04-07T00:00:00Z,2020-04-12T00:00:00Z,6
ETH/USDT,5,TRANSITION,2020-04-13T00:00:00Z,2020-04-15T00:00:00Z,3
ETH/USDT,6,SIDEWAYS,2020-04-16T00:00:00Z,2020-04-18T00:00:00Z,3
ETH/USDT,7,TRANSITION,2020-04-19T00:00:00Z,2020-04-26T00:00:00Z,8
ETH/USDT,8,BULL,2020-04-27T00:00:00Z,2020-05-10T00:00:00Z,14
ETH/USDT,9,BEAR,2020-05-11T00:00:00Z,2020-05-14T00:00:00Z,4
ETH/USDT,10,BULL,2020-05-15T00:00:00Z,2020-05-15T00:00:00Z,1
ETH/USDT,11,TRANSITION,2020-05-16T00:00:00Z,2020-05-20T00:00:00Z,5
ETH/USDT,12,SIDEWAYS,2020-05-21T00:00:00Z,2020-06-01T00:00:00Z,12
ETH/USDT,13,TRANSITION,2020-06-02T00:00:00Z,2020-06-14T00:00:00Z,13
ETH/USDT,14,SIDEWAYS,2020-06-15T00:00:00Z,2020-06-15T00:00:00Z,1
ETH/USDT,15,TRANSITION,2020-06-16T00:00:00Z,2020-06-24T00:00:00Z,9
ETH/USDT,16,SIDEWAYS,2020-06-25T00:00:00Z,2020-06-28T00:00:00Z,4
ETH/USDT,17,TRANSITION,2020-06-29T00:00:00Z,2020-07-04T00:00:00Z,6
ETH/USDT,18,SIDEWAYS,2020-07-05T00:00:00Z,2020-07-22T00:00:00Z,18
ETH/USDT,19,TRANSITION,2020-07-23T00:00:00Z,2020-07-24T00:00:00Z,2
ETH/USDT,20,BULL,2020-07-25T00:00:00Z,2020-08-22T00:00:00Z,29
ETH/USDT,21,BEAR,2020-08-23T00:00:00Z,2020-08-24T00:00:00Z,2
ETH/USDT,22,BULL,2020-08-25T00:00:00Z,2020-08-25T00:00:00Z,1
ETH/USDT,23,BEAR,2020-08-26T00:00:00Z,2020-08-30T00:00:00Z,5
ETH/USDT,24,BULL,2020-08-31T00:00:00Z,2020-09-04T00:00:00Z,5
ETH/USDT,25,TRANSITION,2020-09-05T00:00:00Z,2020-09-12T00:00:00Z,8
ETH/USDT,26,SIDEWAYS,2020-09-13T00:00:00Z,2020-10-23T00:00:00Z,41
ETH/USDT,27,TRANSITION,2020-10-24T00:00:00Z,2020-10-28T00:00:00Z,5
ETH/USDT,28,SIDEWAYS,2020-10-29T00:00:00Z,2020-11-09T00:00:00Z,12
ETH/USDT,29,TRANSITION,2020-11-10T00:00:00Z,2020-11-11T00:00:00Z,2
ETH/USDT,30,BULL,2020-11-12T00:00:00Z,2020-12-23T00:00:00Z,42
ETH/USDT,31,BEAR,2020-12-24T00:00:00Z,2020-12-24T00:00:00Z,1
ETH/USDT,32,TRANSITION,2020-12-25T00:00:00Z,2020-12-29T00:00:00Z,5
ETH/USDT,33,BULL,2020-12-30T00:00:00Z,2021-02-22T00:00:00Z,55
ETH/USDT,34,BEAR,2021-02-23T00:00:00Z,2021-03-08T00:00:00Z,14
ETH/USDT,35,BULL,2021-03-09T00:00:00Z,2021-03-10T00:00:00Z,2
ETH/USDT,36,TRANSITION,2021-03-11T00:00:00Z,2021-03-14T00:00:00Z,4
ETH/USDT,37,SIDEWAYS,2021-03-15T00:00:00Z,2021-04-05T00:00:00Z,22
ETH/USDT,38,TRANSITION,2021-04-06T00:00:00Z,2021-04-13T00:00:00Z,8
ETH/USDT,39,BULL,2021-04-14T00:00:00Z,2021-04-18T00:00:00Z,5
ETH/USDT,40,BEAR,2021-04-19T00:00:00Z,2021-04-20T00:00:00Z,2
ETH/USDT,41,BULL,2021-04-21T00:00:00Z,2021-04-21T00:00:00Z,1
ETH/USDT,42,TRANSITION,2021-04-22T00:00:00Z,2021-05-01T00:00:00Z,10
ETH/USDT,43,BULL,2021-05-02T00:00:00Z,2021-05-19T00:00:00Z,18
ETH/USDT,44,BEAR,2021-05-20T00:00:00Z,2021-07-04T00:00:00Z,46
ETH/USDT,45,BULL,2021-07-05T00:00:00Z,2021-07-05T00:00:00Z,1
ETH/USDT,46,TRANSITION,2021-07-06T00:00:00Z,2021-07-10T00:00:00Z,5
ETH/USDT,47,SIDEWAYS,2021-07-11T00:00:00Z,2021-07-14T00:00:00Z,4
ETH/USDT,48,TRANSITION,2021-07-15T00:00:00Z,2021-07-23T00:00:00Z,9
ETH/USDT,49,SIDEWAYS,2021-07-24T00:00:00Z,2021-07-29T00:00:00Z,6
ETH/USDT,50,TRANSITION,2021-07-30T00:00:00Z,2021-08-02T00:00:00Z,4
ETH/USDT,51,BULL,2021-08-03T00:00:00Z,2021-08-28T00:00:00Z,26
ETH/USDT,52,TRANSITION,2021-08-29T00:00:00Z,2021-09-03T00:00:00Z,6
ETH/USDT,53,BULL,2021-09-04T00:00:00Z,2021-09-07T00:00:00Z,4
ETH/USDT,54,BEAR,2021-09-08T00:00:00Z,2021-09-18T00:00:00Z,11
ETH/USDT,55,TRANSITION,2021-09-19T00:00:00Z,2021-09-20T00:00:00Z,2
ETH/USDT,56,BEAR,2021-09-21T00:00:00Z,2021-10-02T00:00:00Z,12
ETH/USDT,57,BULL,2021-10-03T00:00:00Z,2021-10-04T00:00:00Z,2
ETH/USDT,58,TRANSITION,2021-10-05T00:00:00Z,2021-10-10T00:00:00Z,6
ETH/USDT,59,SIDEWAYS,2021-10-11T00:00:00Z,2021-10-22T00:00:00Z,12
ETH/USDT,60,TRANSITION,2021-10-23T00:00:00Z,2021-11-14T00:00:00Z,23
ETH/USDT,61,SIDEWAYS,2021-11-15T00:00:00Z,2021-11-18T00:00:00Z,4
ETH/USDT,62,TRANSITION,2021-11-19T00:00:00Z,2021-12-01T00:00:00Z,13
ETH/USDT,63,SIDEWAYS,2021-12-02T00:00:00Z,2021-12-05T00:00:00Z,4
ETH/USDT,64,TRANSITION,2021-12-06T00:00:00Z,2021-12-12T00:00:00Z,7
ETH/USDT,65,BEAR,2021-12-13T00:00:00Z,2022-02-05T00:00:00Z,55
ETH/USDT,66,BULL,2022-02-06T00:00:00Z,2022-02-12T00:00:00Z,7
ETH/USDT,67,TRANSITION,2022-02-13T00:00:00Z,2022-02-17T00:00:00Z,5
ETH/USDT,68,SIDEWAYS,2022-02-18T00:00:00Z,2022-02-25T00:00:00Z,8
ETH/USDT,69,TRANSITION,2022-02-26T00:00:00Z,2022-03-02T00:00:00Z,5
ETH/USDT,70,SIDEWAYS,2022-03-03T00:00:00Z,2022-03-04T00:00:00Z,2
ETH/USDT,71,TRANSITION,2022-03-05T00:00:00Z,2022-03-20T00:00:00Z,16
ETH/USDT,72,SIDEWAYS,2022-03-21T00:00:00Z,2022-03-27T00:00:00Z,7
ETH/USDT,73,TRANSITION,2022-03-28T00:00:00Z,2022-03-30T00:00:00Z,3
ETH/USDT,74,BULL,2022-03-31T00:00:00Z,2022-04-08T00:00:00Z,9
ETH/USDT,75,TRANSITION,2022-04-09T00:00:00Z,2022-04-15T00:00:00Z,7
ETH/USDT,76,SIDEWAYS,2022-04-16T00:00:00Z,2022-04-25T00:00:00Z,10
ETH/USDT,77,TRANSITION,2022-04-26T00:00:00Z,2022-05-01T00:00:00Z,6
ETH/USDT,78,BEAR,2022-05-02T00:00:00Z,2022-07-16T00:00:00Z,76
ETH/USDT,79,BULL,2022-07-17T00:00:00Z,2022-08-19T00:00:00Z,34
ETH/USDT,80,BEAR,2022-08-20T00:00:00Z,2022-08-24T00:00:00Z,5
ETH/USDT,81,TRANSITION,2022-08-25T00:00:00Z,2022-09-02T00:00:00Z,9
ETH/USDT,82,SIDEWAYS,2022-09-03T00:00:00Z,2022-09-20T00:00:00Z,18
ETH/USDT,83,TRANSITION,2022-09-21T00:00:00Z,2022-09-22T00:00:00Z,2
ETH/USDT,84,BEAR,2022-09-23T00:00:00Z,2022-10-25T00:00:00Z,33
ETH/USDT,85,BULL,2022-10-26T00:00:00Z,2022-11-08T00:00:00Z,14
ETH/USDT,86,BEAR,2022-11-09T00:00:00Z,2022-12-10T00:00:00Z,32
ETH/USDT,87,TRANSITION,2022-12-11T00:00:00Z,2022-12-31T00:00:00Z,21
ETH/USDT,88,BEAR,2023-01-01T00:00:00Z,2023-01-03T00:00:00Z,3
ETH/USDT,89,TRANSITION,2023-01-04T00:00:00Z,2023-01-11T00:00:00Z,8
ETH/USDT,90,BULL,2023-01-12T00:00:00Z,2023-02-10T00:00:00Z,30
ETH/USDT,91,BEAR,2023-02-11T00:00:00Z,2023-02-15T00:00:00Z,5
ETH/USDT,92,BULL,2023-02-16T00:00:00Z,2023-02-22T00:00:00Z,7
ETH/USDT,93,TRANSITION,2023-02-23T00:00:00Z,2023-02-26T00:00:00Z,4
ETH/USDT,94,SIDEWAYS,2023-02-27T00:00:00Z,2023-03-18T00:00:00Z,20
ETH/USDT,95,TRANSITION,2023-03-19T00:00:00Z,2023-03-25T00:00:00Z,7
ETH/USDT,96,BULL,2023-03-26T00:00:00Z,2023-04-21T00:00:00Z,27
ETH/USDT,97,BEAR,2023-04-22T00:00:00Z,2023-04-26T00:00:00Z,5
ETH/USDT,98,TRANSITION,2023-04-27T00:00:00Z,2023-04-30T00:00:00Z,4
ETH/USDT,99,SIDEWAYS,2023-05-01T00:00:00Z,2023-06-12T00:00:00Z,43
ETH/USDT,100,TRANSITION,2023-06-13T00:00:00Z,2023-06-15T00:00:00Z,3
ETH/USDT,101,BEAR,2023-06-16T00:00:00Z,2023-06-21T00:00:00Z,6
ETH/USDT,102,BULL,2023-06-22T00:00:00Z,2023-06-22T00:00:00Z,1
ETH/USDT,103,TRANSITION,2023-06-23T00:00:00Z,2023-06-29T00:00:00Z,7
ETH/USDT,104,SIDEWAYS,2023-06-30T00:00:00Z,2023-08-16T00:00:00Z,48
ETH/USDT,105,TRANSITION,2023-08-17T00:00:00Z,2023-08-18T00:00:00Z,2
ETH/USDT,106,BEAR,2023-08-19T00:00:00Z,2023-09-29T00:00:00Z,42
ETH/USDT,107,BULL,2023-09-30T00:00:00Z,2023-10-05T00:00:00Z,6
ETH/USDT,108,BEAR,2023-10-06T00:00:00Z,2023-10-06T00:00:00Z,1
ETH/USDT,109,TRANSITION,2023-10-07T00:00:00Z,2023-10-14T00:00:00Z,8
ETH/USDT,110,BEAR,2023-10-15T00:00:00Z,2023-10-16T00:00:00Z,2
ETH/USDT,111,TRANSITION,2023-10-17T00:00:00Z,2023-10-19T00:00:00Z,3
ETH/USDT,112,SIDEWAYS,2023-10-20T00:00:00Z,2023-10-22T00:00:00Z,3
ETH/USDT,113,TRANSITION,2023-10-23T00:00:00Z,2023-10-24T00:00:00Z,2
ETH/USDT,114,BULL,2023-10-25T00:00:00Z,2023-12-18T00:00:00Z,55
ETH/USDT,115,BEAR,2023-12-19T00:00:00Z,2023-12-19T00:00:00Z,1
ETH/USDT,116,BULL,2023-12-20T00:00:00Z,2023-12-25T00:00:00Z,6
ETH/USDT,117,TRANSITION,2023-12-26T00:00:00Z,2024-01-04T00:00:00Z,10
ETH/USDT,118,SIDEWAYS,2024-01-05T00:00:00Z,2024-01-17T00:00:00Z,13
ETH/USDT,119,TRANSITION,2024-01-18T00:00:00Z,2024-01-18T00:00:00Z,1
ETH/USDT,120,SIDEWAYS,2024-01-19T00:00:00Z,2024-01-26T00:00:00Z,8
ETH/USDT,121,TRANSITION,2024-01-27T00:00:00Z,2024-01-30T00:00:00Z,4
ETH/USDT,122,SIDEWAYS,2024-01-31T00:00:00Z,2024-02-13T00:00:00Z,14
ETH/USDT,123,TRANSITION,2024-02-14T00:00:00Z,2024-02-15T00:00:00Z,2
ETH/USDT,124,BULL,2024-02-16T00:00:00Z,2024-03-15T00:00:00Z,29
ETH/USDT,125,BEAR,2024-03-16T00:00:00Z,2024-04-08T00:00:00Z,24
ETH/USDT,126,BULL,2024-04-09T00:00:00Z,2024-04-11T00:00:00Z,3
ETH/USDT,127,TRANSITION,2024-04-12T00:00:00Z,2024-04-14T00:00:00Z,3
ETH/USDT,128,BEAR,2024-04-15T00:00:00Z,2024-04-27T00:00:00Z,13
ETH/USDT,129,TRANSITION,2024-04-28T00:00:00Z,2024-05-16T00:00:00Z,19
ETH/USDT,130,SIDEWAYS,2024-05-17T00:00:00Z,2024-05-21T00:00:00Z,5
ETH/USDT,131,TRANSITION,2024-05-22T00:00:00Z,2024-05-24T00:00:00Z,3
ETH/USDT,132,BULL,2024-05-25T00:00:00Z,2024-06-10T00:00:00Z,17
ETH/USDT,133,TRANSITION,2024-06-11T00:00:00Z,2024-06-26T00:00:00Z,16
ETH/USDT,134,BEAR,2024-06-27T00:00:00Z,2024-07-02T00:00:00Z,6
ETH/USDT,135,TRANSITION,2024-07-03T00:00:00Z,2024-07-04T00:00:00Z,2
ETH/USDT,136,BEAR,2024-07-05T00:00:00Z,2024-07-15T00:00:00Z,11
ETH/USDT,137,BULL,2024-07-16T00:00:00Z,2024-07-21T00:00:00Z,6
ETH/USDT,138,TRANSITION,2024-07-22T00:00:00Z,2024-08-04T00:00:00Z,14
ETH/USDT,139,BEAR,2024-08-05T00:00:00Z,2024-09-20T00:00:00Z,47
ETH/USDT,140,BULL,2024-09-21T00:00:00Z,2024-09-28T00:00:00Z,8
ETH/USDT,141,TRANSITION,2024-09-29T00:00:00Z,2024-10-09T00:00:00Z,11
ETH/USDT,142,SIDEWAYS,2024-10-10T00:00:00Z,2024-10-19T00:00:00Z,10
ETH/USDT,143,TRANSITION,2024-10-20T00:00:00Z,2024-10-27T00:00:00Z,8
ETH/USDT,144,SIDEWAYS,2024-10-28T00:00:00Z,2024-11-09T00:00:00Z,13
ETH/USDT,145,TRANSITION,2024-11-10T00:00:00Z,2024-11-11T00:00:00Z,2
ETH/USDT,146,BULL,2024-11-12T00:00:00Z,2024-12-19T00:00:00Z,38
ETH/USDT,147,BEAR,2024-12-20T00:00:00Z,2025-01-02T00:00:00Z,14
ETH/USDT,148,TRANSITION,2025-01-03T00:00:00Z,2025-02-03T00:00:00Z,32
ETH/USDT,149,BEAR,2025-02-04T00:00:00Z,2025-04-22T00:00:00Z,78
ETH/USDT,150,BULL,2025-04-23T00:00:00Z,2025-04-28T00:00:00Z,6
ETH/USDT,151,TRANSITION,2025-04-29T00:00:00Z,2025-05-05T00:00:00Z,7
ETH/USDT,152,SIDEWAYS,2025-05-06T00:00:00Z,2025-05-09T00:00:00Z,4
ETH/USDT,153,TRANSITION,2025-05-10T00:00:00Z,2025-05-10T00:00:00Z,1
ETH/USDT,154,BULL,2025-05-11T00:00:00Z,2025-06-07T00:00:00Z,28
ETH/USDT,155,TRANSITION,2025-06-08T00:00:00Z,2025-06-15T00:00:00Z,8
ETH/USDT,156,SIDEWAYS,2025-06-16T00:00:00Z,2025-07-13T00:00:00Z,28
ETH/USDT,157,TRANSITION,2025-07-14T00:00:00Z,2025-07-15T00:00:00Z,2
ETH/USDT,158,BULL,2025-07-16T00:00:00Z,2025-09-01T00:00:00Z,48
ETH/USDT,159,BEAR,2025-09-02T00:00:00Z,2025-09-03T00:00:00Z,2
ETH/USDT,160,TRANSITION,2025-09-04T00:00:00Z,2025-09-06T00:00:00Z,3
ETH/USDT,161,SIDEWAYS,2025-09-07T00:00:00Z,2025-09-25T00:00:00Z,19
ETH/USDT,162,TRANSITION,2025-09-26T00:00:00Z,2025-10-04T00:00:00Z,9
ETH/USDT,163,SIDEWAYS,2025-10-05T00:00:00Z,2025-10-05T00:00:00Z,1
ETH/USDT,164,TRANSITION,2025-10-06T00:00:00Z,2025-10-09T00:00:00Z,4
ETH/USDT,165,SIDEWAYS,2025-10-10T00:00:00Z,2025-10-10T00:00:00Z,1
ETH/USDT,166,TRANSITION,2025-10-11T00:00:00Z,2025-10-27T00:00:00Z,17
ETH/USDT,167,SIDEWAYS,2025-10-28T00:00:00Z,2025-11-04T00:00:00Z,8
ETH/USDT,168,TRANSITION,2025-11-05T00:00:00Z,2025-11-06T00:00:00Z,2
ETH/USDT,169,BEAR,2025-11-07T00:00:00Z,2025-12-10T00:00:00Z,34
ETH/USDT,170,BULL,2025-12-11T00:00:00Z,2025-12-11T00:00:00Z,1
ETH/USDT,171,BEAR,2025-12-12T00:00:00Z,2026-01-01T00:00:00Z,21
ETH/USDT,172,TRANSITION,2026-01-02T00:00:00Z,2026-01-14T00:00:00Z,13
ETH/USDT,173,BULL,2026-01-15T00:00:00Z,2026-01-20T00:00:00Z,6
ETH/USDT,174,BEAR,2026-01-21T00:00:00Z,2026-03-04T00:00:00Z,43
ETH/USDT,175,BULL,2026-03-05T00:00:00Z,2026-03-06T00:00:00Z,2
ETH/USDT,176,BEAR,2026-03-07T00:00:00Z,2026-03-09T00:00:00Z,3
ETH/USDT,177,BULL,2026-03-10T00:00:00Z,2026-03-11T00:00:00Z,2
ETH/USDT,178,TRANSITION,2026-03-12T00:00:00Z,2026-03-17T00:00:00Z,6
ETH/USDT,179,BULL,2026-03-18T00:00:00Z,2026-03-20T00:00:00Z,3
ETH/USDT,180,TRANSITION,2026-03-21T00:00:00Z,2026-03-25T00:00:00Z,5
ETH/USDT,181,SIDEWAYS,2026-03-26T00:00:00Z,2026-04-17T00:00:00Z,23
ETH/USDT,182,TRANSITION,2026-04-18T00:00:00Z,2026-05-15T00:00:00Z,28
ETH/USDT,183,SIDEWAYS,2026-05-16T00:00:00Z,2026-05-18T00:00:00Z,3
ETH/USDT,184,TRANSITION,2026-05-19T00:00:00Z,2026-05-24T00:00:00Z,6
ETH/USDT,185,BEAR,2026-05-25T00:00:00Z,2026-07-02T00:00:00Z,39
ETH/USDT,186,BULL,2026-07-03T00:00:00Z,2026-07-08T00:00:00Z,6
ETH/USDT,187,TRANSITION,2026-07-09T00:00:00Z,2026-08-03T00:00:00Z,26
ETH/USDT,188,SIDEWAYS,2026-08-04T00:00:00Z,2026-08-20T00:00:00Z,17
LTC/USDT,1,BEAR,2020-03-01T00:00:00Z,2020-04-06T00:00:00Z,37
LTC/USDT,2,BULL,2020-04-07T00:00:00Z,2020-04-10T00:00:00Z,4
LTC/USDT,3,BEAR,2020-04-11T00:00:00Z,2020-04-11T00:00:00Z,1
LTC/USDT,4,TRANSITION,2020-04-12T00:00:00Z,2020-04-17T00:00:00Z,6
LTC/USDT,5,SIDEWAYS,2020-04-18T00:00:00Z,2020-05-03T00:00:00Z,16
LTC/USDT,6,TRANSITION,2020-05-04T00:00:00Z,2020-05-16T00:00:00Z,13
LTC/USDT,7,SIDEWAYS,2020-05-17T00:00:00Z,2020-06-16T00:00:00Z,31
LTC/USDT,8,TRANSITION,2020-06-17T00:00:00Z,2020-06-24T00:00:00Z,8
LTC/USDT,9,BEAR,2020-06-25T00:00:00Z,2020-07-08T00:00:00Z,14
LTC/USDT,10,BULL,2020-07-09T00:00:00Z,2020-07-12T00:00:00Z,4
LTC/USDT,11,TRANSITION,2020-07-13T00:00:00Z,2020-07-21T00:00:00Z,9
LTC/USDT,12,SIDEWAYS,2020-07-22T00:00:00Z,2020-07-26T00:00:00Z,5
LTC/USDT,13,TRANSITION,2020-07-27T00:00:00Z,2020-07-28T00:00:00Z,2
LTC/USDT,14,BULL,2020-07-29T00:00:00Z,2020-08-11T00:00:00Z,14
LTC/USDT,15,BEAR,2020-08-12T00:00:00Z,2020-08-14T00:00:00Z,3
LTC/USDT,16,TRANSITION,2020-08-15T00:00:00Z,2020-08-17T00:00:00Z,3
LTC/USDT,17,BULL,2020-08-18T00:00:00Z,2020-08-21T00:00:00Z,4
LTC/USDT,18,TRANSITION,2020-08-22T00:00:00Z,2020-08-25T00:00:00Z,4
LTC/USDT,19,SIDEWAYS,2020-08-26T00:00:00Z,2020-09-06T00:00:00Z,12
LTC/USDT,20,TRANSITION,2020-09-07T00:00:00Z,2020-09-09T00:00:00Z,3
LTC/USDT,21,BEAR,2020-09-10T00:00:00Z,2020-10-08T00:00:00Z,29
LTC/USDT,22,TRANSITION,2020-10-09T00:00:00Z,2020-10-18T00:00:00Z,10
LTC/USDT,23,SIDEWAYS,2020-10-19T00:00:00Z,2020-10-23T00:00:00Z,5
LTC/USDT,24,TRANSITION,2020-10-24T00:00:00Z,2020-10-25T00:00:00Z,2
LTC/USDT,25,BULL,2020-10-26T00:00:00Z,2020-10-30T00:00:00Z,5
LTC/USDT,26,TRANSITION,2020-10-31T00:00:00Z,2020-11-04T00:00:00Z,5
LTC/USDT,27,SIDEWAYS,2020-11-05T00:00:00Z,2020-11-06T00:00:00Z,2
LTC/USDT,28,TRANSITION,2020-11-07T00:00:00Z,2020-11-16T00:00:00Z,10
LTC/USDT,29,BULL,2020-11-17T00:00:00Z,2020-11-26T00:00:00Z,10
LTC/USDT,30,BEAR,2020-11-27T00:00:00Z,2020-11-29T00:00:00Z,3
LTC/USDT,31,BULL,2020-11-30T00:00:00Z,2020-12-08T00:00:00Z,9
LTC/USDT,32,TRANSITION,2020-12-09T00:00:00Z,2020-12-12T00:00:00Z,4
LTC/USDT,33,SIDEWAYS,2020-12-13T00:00:00Z,2020-12-17T00:00:00Z,5
LTC/USDT,34,TRANSITION,2020-12-18T00:00:00Z,2020-12-19T00:00:00Z,2
LTC/USDT,35,BULL,2020-12-20T00:00:00Z,2021-01-11T00:00:00Z,23
LTC/USDT,36,BEAR,2021-01-12T00:00:00Z,2021-01-14T00:00:00Z,3
LTC/USDT,37,BULL,2021-01-15T00:00:00Z,2021-01-15T00:00:00Z,1
LTC/USDT,38,BEAR,2021-01-16T00:00:00Z,2021-01-19T00:00:00Z,4
LTC/USDT,39,BULL,2021-01-20T00:00:00Z,2021-01-20T00:00:00Z,1
LTC/USDT,40,BEAR,2021-01-21T00:00:00Z,2021-01-22T00:00:00Z,2
LTC/USDT,41,TRANSITION,2021-01-23T00:00:00Z,2021-02-02T00:00:00Z,11
LTC/USDT,42,SIDEWAYS,2021-02-03T00:00:00Z,2021-02-10T00:00:00Z,8
LTC/USDT,43,TRANSITION,2021-02-11T00:00:00Z,2021-02-13T00:00:00Z,3
LTC/USDT,44,BULL,2021-02-14T00:00:00Z,2021-02-22T00:00:00Z,9
LTC/USDT,45,BEAR,2021-02-23T00:00:00Z,2021-03-01T00:00:00Z,7
LTC/USDT,46,TRANSITION,2021-03-02T00:00:00Z,2021-03-06T00:00:00Z,5
LTC/USDT,47,SIDEWAYS,2021-03-07T00:00:00Z,2021-04-10T00:00:00Z,35
LTC/USDT,48,TRANSITION,2021-04-11T00:00:00Z,2021-04-12T00:00:00Z,2
LTC/USDT,49,BULL,2021-04-13T00:00:00Z,2021-04-23T00:00:00Z,11
LTC/USDT,50,BEAR,2021-04-24T00:00:00Z,2021-04-25T00:00:00Z,2
LTC/USDT,51,TRANSITION,2021-04-26T00:00:00Z,2021-04-30T00:00:00Z,5
LTC/USDT,52,SIDEWAYS,2021-05-01T00:00:00Z,2021-05-03T00:00:00Z,3
LTC/USDT,53,TRANSITION,2021-05-04T00:00:00Z,2021-05-06T00:00:00Z,3
LTC/USDT,54,BULL,2021-05-07T00:00:00Z,2021-05-19T00:00:00Z,13
LTC/USDT,55,BEAR,2021-05-20T00:00:00Z,2021-07-26T00:00:00Z,68
LTC/USDT,56,BULL,2021-07-27T00:00:00Z,2021-08-02T00:00:00Z,7
LTC/USDT,57,TRANSITION,2021-08-03T00:00:00Z,2021-08-10T00:00:00Z,8
LTC/USDT,58,BULL,2021-08-11T00:00:00Z,2021-09-01T00:00:00Z,22
LTC/USDT,59,TRANSITION,2021-09-02T00:00:00Z,2021-09-03T00:00:00Z,2
LTC/USDT,60,BULL,2021-09-04T00:00:00Z,2021-09-07T00:00:00Z,4
LTC/USDT,61,BEAR,2021-09-08T00:00:00Z,2021-09-12T00:00:00Z,5
LTC/USDT,62,TRANSITION,2021-09-13T00:00:00Z,2021-09-14T00:00:00Z,2
LTC/USDT,63,BULL,2021-09-15T00:00:00Z,2021-09-20T00:00:00Z,6
LTC/USDT,64,TRANSITION,2021-09-21T00:00:00Z,2021-09-25T00:00:00Z,5
LTC/USDT,65,SIDEWAYS,2021-09-26T00:00:00Z,2021-09-26T00:00:00Z,1
LTC/USDT,66,TRANSITION,2021-09-27T00:00:00Z,2021-10-01T00:00:00Z,5
LTC/USDT,67,SIDEWAYS,2021-10-02T00:00:00Z,2021-10-23T00:00:00Z,22
LTC/USDT,68,TRANSITION,2021-10-24T00:00:00Z,2021-10-27T00:00:00Z,4
LTC/USDT,69,SIDEWAYS,2021-10-28T00:00:00Z,2021-11-10T00:00:00Z,14
LTC/USDT,70,TRANSITION,2021-11-11T00:00:00Z,2021-11-11T00:00:00Z,1
LTC/USDT,71,BULL,2021-11-12T00:00:00Z,2021-11-24T00:00:00Z,13
LTC/USDT,72,TRANSITION,2021-11-25T00:00:00Z,2021-11-29T00:00:00Z,5
LTC/USDT,73,SIDEWAYS,2021-11-30T00:00:00Z,2021-12-06T00:00:00Z,7
LTC/USDT,74,TRANSITION,2021-12-07T00:00:00Z,2021-12-09T00:00:00Z,3
LTC/USDT,75,BEAR,2021-12-10T00:00:00Z,2022-02-06T00:00:00Z,59
LTC/USDT,76,BULL,2022-02-07T00:00:00Z,2022-02-13T00:00:00Z,7
LTC/USDT,77,TRANSITION,2022-02-14T00:00:00Z,2022-02-17T00:00:00Z,4
LTC/USDT,78,SIDEWAYS,2022-02-18T00:00:00Z,2022-02-22T00:00:00Z,5
LTC/USDT,79,TRANSITION,2022-02-23T00:00:00Z,2022-03-04T00:00:00Z,10
LTC/USDT,80,BEAR,2022-03-05T00:00:00Z,2022-03-17T00:00:00Z,13
LTC/USDT,81,TRANSITION,2022-03-18T00:00:00Z,2022-03-28T00:00:00Z,11
LTC/USDT,82,BULL,2022-03-29T00:00:00Z,2022-04-06T00:00:00Z,9
LTC/USDT,83,BEAR,2022-04-07T00:00:00Z,2022-04-10T00:00:00Z,4
LTC/USDT,84,TRANSITION,2022-04-11T00:00:00Z,2022-04-12T00:00:00Z,2
LTC/USDT,85,BEAR,2022-04-13T00:00:00Z,2022-04-13T00:00:00Z,1
LTC/USDT,86,TRANSITION,2022-04-14T00:00:00Z,2022-04-17T00:00:00Z,4
LTC/USDT,87,SIDEWAYS,2022-04-18T00:00:00Z,2022-04-25T00:00:00Z,8
LTC/USDT,88,TRANSITION,2022-04-26T00:00:00Z,2022-05-01T00:00:00Z,6
LTC/USDT,89,BEAR,2022-05-02T00:00:00Z,2022-05-05T00:00:00Z,4
LTC/USDT,90,TRANSITION,2022-05-06T00:00:00Z,2022-05-09T00:00:00Z,4
LTC/USDT,91,BEAR,2022-05-10T00:00:00Z,2022-06-25T00:00:00Z,47
LTC/USDT,92,BULL,2022-06-26T00:00:00Z,2022-06-27T00:00:00Z,2
LTC/USDT,93,BEAR,2022-06-28T00:00:00Z,2022-06-28T00:00:00Z,1
LTC/USDT,94,TRANSITION,2022-06-29T00:00:00Z,2022-07-04T00:00:00Z,6
LTC/USDT,95,SIDEWAYS,2022-07-05T00:00:00Z,2022-07-29T00:00:00Z,25
LTC/USDT,96,TRANSITION,2022-07-30T00:00:00Z,2022-08-08T00:00:00Z,10
LTC/USDT,97,BULL,2022-08-09T00:00:00Z,2022-08-09T00:00:00Z,1
LTC/USDT,98,TRANSITION,2022-08-10T00:00:00Z,2022-08-17T00:00:00Z,8
LTC/USDT,99,SIDEWAYS,2022-08-18T00:00:00Z,2022-08-27T00:00:00Z,10
LTC/USDT,100,TRANSITION,2022-08-28T00:00:00Z,2022-08-29T00:00:00Z,2
LTC/USDT,101,SIDEWAYS,2022-08-30T00:00:00Z,2022-11-04T00:00:00Z,67
LTC/USDT,102,TRANSITION,2022-11-05T00:00:00Z,2022-11-05T00:00:00Z,1
LTC/USDT,103,BULL,2022-11-06T00:00:00Z,2022-11-09T00:00:00Z,4
LTC/USDT,104,BEAR,2022-11-10T00:00:00Z,2022-11-11T00:00:00Z,2
LTC/USDT,105,TRANSITION,2022-11-12T00:00:00Z,2022-11-16T00:00:00Z,5
LTC/USDT,106,SIDEWAYS,2022-11-17T00:00:00Z,2022-11-25T00:00:00Z,9
LTC/USDT,107,TRANSITION,2022-11-26T00:00:00Z,2022-12-03T00:00:00Z,8
LTC/USDT,108,BULL,2022-12-04T00:00:00Z,2022-12-16T00:00:00Z,13
LTC/USDT,109,BEAR,2022-12-17T00:00:00Z,2022-12-20T00:00:00Z,4
LTC/USDT,110,TRANSITION,2022-12-21T00:00:00Z,2022-12-27T00:00:00Z,7
LTC/USDT,111,SIDEWAYS,2022-12-28T00:00:00Z,2023-01-04T00:00:00Z,8
LTC/USDT,112,TRANSITION,2023-01-05T00:00:00Z,2023-01-09T00:00:00Z,5
LTC/USDT,113,BULL,2023-01-10T00:00:00Z,2023-02-13T00:00:00Z,35
LTC/USDT,114,BEAR,2023-02-14T00:00:00Z,2023-02-14T00:00:00Z,1
LTC/USDT,115,BULL,2023-02-15T00:00:00Z,2023-02-21T00:00:00Z,7
LTC/USDT,116,BEAR,2023-02-22T00:00:00Z,2023-02-22T00:00:00Z,1
LTC/USDT,117,TRANSITION,2023-02-23T00:00:00Z,2023-02-26T00:00:00Z,4
LTC/USDT,118,SIDEWAYS,2023-02-27T00:00:00Z,2023-03-08T00:00:00Z,10
LTC/USDT,119,TRANSITION,2023-03-09T00:00:00Z,2023-03-10T00:00:00Z,2
LTC/USDT,120,BEAR,2023-03-11T00:00:00Z,2023-03-18T00:00:00Z,8
LTC/USDT,121,TRANSITION,2023-03-19T00:00:00Z,2023-03-22T00:00:00Z,4
LTC/USDT,122,SIDEWAYS,2023-03-23T00:00:00Z,2023-04-15T00:00:00Z,24
LTC/USDT,123,TRANSITION,2023-04-16T00:00:00Z,2023-04-18T00:00:00Z,3
LTC/USDT,124,BULL,2023-04-19T00:00:00Z,2023-04-19T00:00:00Z,1
LTC/USDT,125,TRANSITION,2023-04-20T00:00:00Z,2023-04-23T00:00:00Z,4
LTC/USDT,126,SIDEWAYS,2023-04-24T00:00:00Z,2023-05-11T00:00:00Z,18
LTC/USDT,127,TRANSITION,2023-05-12T00:00:00Z,2023-05-20T00:00:00Z,9
LTC/USDT,128,SIDEWAYS,2023-05-21T00:00:00Z,2023-06-11T00:00:00Z,22
LTC/USDT,129,TRANSITION,2023-06-12T00:00:00Z,2023-06-13T00:00:00Z,2
LTC/USDT,130,BEAR,2023-06-14T00:00:00Z,2023-06-21T00:00:00Z,8
LTC/USDT,131,BULL,2023-06-22T00:00:00Z,2023-06-27T00:00:00Z,6
LTC/USDT,132,TRANSITION,2023-06-28T00:00:00Z,2023-07-01T00:00:00Z,4
LTC/USDT,133,BULL,2023-07-02T00:00:00Z,2023-07-10T00:00:00Z,9
LTC/USDT,134,TRANSITION,2023-07-11T00:00:00Z,2023-07-14T00:00:00Z,4
LTC/USDT,135,SIDEWAYS,2023-07-15T00:00:00Z,2023-08-15T00:00:00Z,32
LTC/USDT,136,TRANSITION,2023-08-16T00:00:00Z,2023-08-17T00:00:00Z,2
LTC/USDT,137,BEAR,2023-08-18T00:00:00Z,2023-09-30T00:00:00Z,44
LTC/USDT,138,TRANSITION,2023-10-01T00:00:00Z,2023-10-04T00:00:00Z,4
LTC/USDT,139,SIDEWAYS,2023-10-05T00:00:00Z,2023-10-12T00:00:00Z,8
LTC/USDT,140,TRANSITION,2023-10-13T00:00:00Z,2023-10-18T00:00:00Z,6
LTC/USDT,141,SIDEWAYS,2023-10-19T00:00:00Z,2023-10-24T00:00:00Z,6
LTC/USDT,142,TRANSITION,2023-10-25T00:00:00Z,2023-10-28T00:00:00Z,4
LTC/USDT,143,BULL,2023-10-29T00:00:00Z,2023-11-14T00:00:00Z,17
LTC/USDT,144,BEAR,2023-11-15T00:00:00Z,2023-11-15T00:00:00Z,1
LTC/USDT,145,TRANSITION,2023-11-16T00:00:00Z,2023-11-24T00:00:00Z,9
LTC/USDT,146,SIDEWAYS,2023-11-25T00:00:00Z,2024-01-06T00:00:00Z,43
LTC/USDT,147,TRANSITION,2024-01-07T00:00:00Z,2024-01-09T00:00:00Z,3
LTC/USDT,148,BEAR,2024-01-10T00:00:00Z,2024-01-12T00:00:00Z,3
LTC/USDT,149,TRANSITION,2024-01-13T00:00:00Z,2024-01-16T00:00:00Z,4
LTC/USDT,150,SIDEWAYS,2024-01-17T00:00:00Z,2024-01-24T00:00:00Z,8
LTC/USDT,151,TRANSITION,2024-01-25T00:00:00Z,2024-02-03T00:00:00Z,10
LTC/USDT,152,SIDEWAYS,2024-02-04T00:00:00Z,2024-03-02T00:00:00Z,28
LTC/USDT,153,TRANSITION,2024-03-03T00:00:00Z,2024-03-04T00:00:00Z,2
LTC/USDT,154,BULL,2024-03-05T00:00:00Z,2024-03-05T00:00:00Z,1
LTC/USDT,155,BEAR,2024-03-06T00:00:00Z,2024-03-06T00:00:00Z,1
LTC/USDT,156,TRANSITION,2024-03-07T00:00:00Z,2024-03-10T00:00:00Z,4
LTC/USDT,157,SIDEWAYS,2024-03-11T00:00:00Z,2024-03-11T00:00:00Z,1
LTC/USDT,158,TRANSITION,2024-03-12T00:00:00Z,2024-03-16T00:00:00Z,5
LTC/USDT,159,SIDEWAYS,2024-03-17T00:00:00Z,2024-03-31T00:00:00Z,15
LTC/USDT,160,TRANSITION,2024-04-01T00:00:00Z,2024-04-03T00:00:00Z,3
LTC/USDT,161,BULL,2024-04-04T00:00:00Z,2024-04-12T00:00:00Z,9
LTC/USDT,162,BEAR,2024-04-13T00:00:00Z,2024-04-21T00:00:00Z,9
LTC/USDT,163,TRANSITION,2024-04-22T00:00:00Z,2024-04-27T00:00:00Z,6
LTC/USDT,164,SIDEWAYS,2024-04-28T00:00:00Z,2024-06-10T00:00:00Z,44
LTC/USDT,165,TRANSITION,2024-06-11T00:00:00Z,2024-06-13T00:00:00Z,3
LTC/USDT,166,BEAR,2024-06-14T00:00:00Z,2024-07-29T00:00:00Z,46
LTC/USDT,167,BULL,2024-07-30T00:00:00Z,2024-07-31T00:00:00Z,2
LTC/USDT,168,BEAR,2024-08-01T00:00:00Z,2024-08-26T00:00:00Z,26
LTC/USDT,169,TRANSITION,2024-08-27T00:00:00Z,2024-08-27T00:00:00Z,1
LTC/USDT,170,BEAR,2024-08-28T00:00:00Z,2024-08-30T00:00:00Z,3
LTC/USDT,171,TRANSITION,2024-08-31T00:00:00Z,2024-09-05T00:00:00Z,6
LTC/USDT,172,SIDEWAYS,2024-09-06T00:00:00Z,2024-09-08T00:00:00Z,3
LTC/USDT,173,TRANSITION,2024-09-09T00:00:00Z,2024-09-13T00:00:00Z,5
LTC/USDT,174,SIDEWAYS,2024-09-14T00:00:00Z,2024-10-20T00:00:00Z,37
LTC/USDT,175,TRANSITION,2024-10-21T00:00:00Z,2024-10-23T00:00:00Z,3
LTC/USDT,176,SIDEWAYS,2024-10-24T00:00:00Z,2024-11-17T00:00:00Z,25
LTC/USDT,177,TRANSITION,2024-11-18T00:00:00Z,2024-11-20T00:00:00Z,3
LTC/USDT,178,BULL,2024-11-21T00:00:00Z,2024-12-19T00:00:00Z,29
LTC/USDT,179,BEAR,2024-12-20T00:00:00Z,2024-12-25T00:00:00Z,6
LTC/USDT,180,TRANSITION,2024-12-26T00:00:00Z,2025-01-01T00:00:00Z,7
LTC/USDT,181,SIDEWAYS,2025-01-02T00:00:00Z,2025-02-08T00:00:00Z,38
LTC/USDT,182,TRANSITION,2025-02-09T00:00:00Z,2025-02-10T00:00:00Z,2
LTC/USDT,183,SIDEWAYS,2025-02-11T00:00:00Z,2025-03-11T00:00:00Z,29
LTC/USDT,184,TRANSITION,2025-03-12T00:00:00Z,2025-03-16T00:00:00Z,5
LTC/USDT,185,BEAR,2025-03-17T00:00:00Z,2025-03-27T00:00:00Z,11
LTC/USDT,186,TRANSITION,2025-03-28T00:00:00Z,2025-03-28T00:00:00Z,1
LTC/USDT,187,BEAR,2025-03-29T00:00:00Z,2025-04-22T00:00:00Z,25
LTC/USDT,188,BULL,2025-04-23T00:00:00Z,2025-04-24T00:00:00Z,2
LTC/USDT,189,TRANSITION,2025-04-25T00:00:00Z,2025-04-29T00:00:00Z,5
LTC/USDT,190,SIDEWAYS,2025-04-30T00:00:00Z,2025-05-10T00:00:00Z,11
LTC/USDT,191,TRANSITION,2025-05-11T00:00:00Z,2025-05-12T00:00:00Z,2
LTC/USDT,192,BULL,2025-05-13T00:00:00Z,2025-05-20T00:00:00Z,8
LTC/USDT,193,TRANSITION,2025-05-21T00:00:00Z,2025-05-25T00:00:00Z,5
LTC/USDT,194,SIDEWAYS,2025-05-26T00:00:00Z,2025-06-07T00:00:00Z,13
LTC/USDT,195,TRANSITION,2025-06-08T00:00:00Z,2025-06-10T00:00:00Z,3
LTC/USDT,196,SIDEWAYS,2025-06-11T00:00:00Z,2025-06-17T00:00:00Z,7
LTC/USDT,197,TRANSITION,2025-06-18T00:00:00Z,2025-06-25T00:00:00Z,8
LTC/USDT,198,BEAR,2025-06-26T00:00:00Z,2025-06-28T00:00:00Z,3
LTC/USDT,199,TRANSITION,2025-06-29T00:00:00Z,2025-07-04T00:00:00Z,6
LTC/USDT,200,SIDEWAYS,2025-07-05T00:00:00Z,2025-07-17T00:00:00Z,13
LTC/USDT,201,TRANSITION,2025-07-18T00:00:00Z,2025-07-19T00:00:00Z,2
LTC/USDT,202,BULL,2025-07-20T00:00:00Z,2025-08-01T00:00:00Z,13
LTC/USDT,203,TRANSITION,2025-08-02T00:00:00Z,2025-08-06T00:00:00Z,5
LTC/USDT,204,BULL,2025-08-07T00:00:00Z,2025-08-18T00:00:00Z,12
LTC/USDT,205,TRANSITION,2025-08-19T00:00:00Z,2025-08-22T00:00:00Z,4
LTC/USDT,206,SIDEWAYS,2025-08-23T00:00:00Z,2025-09-04T00:00:00Z,13
LTC/USDT,207,TRANSITION,2025-09-05T00:00:00Z,2025-09-05T00:00:00Z,1
LTC/USDT,208,SIDEWAYS,2025-09-06T00:00:00Z,2025-09-28T00:00:00Z,23
LTC/USDT,209,TRANSITION,2025-09-29T00:00:00Z,2025-10-01T00:00:00Z,3
LTC/USDT,210,SIDEWAYS,2025-10-02T00:00:00Z,2025-10-02T00:00:00Z,1
LTC/USDT,211,TRANSITION,2025-10-03T00:00:00Z,2025-10-10T00:00:00Z,8
LTC/USDT,212,BEAR,2025-10-11T00:00:00Z,2025-11-07T00:00:00Z,28
LTC/USDT,213,BULL,2025-11-08T00:00:00Z,2025-11-11T00:00:00Z,4
LTC/USDT,214,TRANSITION,2025-11-12T00:00:00Z,2025-11-14T00:00:00Z,3
LTC/USDT,215,SIDEWAYS,2025-11-15T00:00:00Z,2025-12-17T00:00:00Z,33
LTC/USDT,216,TRANSITION,2025-12-18T00:00:00Z,2025-12-21T00:00:00Z,4
LTC/USDT,217,BEAR,2025-12-22T00:00:00Z,2025-12-28T00:00:00Z,7
LTC/USDT,218,TRANSITION,2025-12-29T00:00:00Z,2026-01-03T00:00:00Z,6
LTC/USDT,219,SIDEWAYS,2026-01-04T00:00:00Z,2026-01-17T00:00:00Z,14
LTC/USDT,220,TRANSITION,2026-01-18T00:00:00Z,2026-01-20T00:00:00Z,3
LTC/USDT,221,BEAR,2026-01-21T00:00:00Z,2026-03-13T00:00:00Z,52
LTC/USDT,222,BULL,2026-03-14T00:00:00Z,2026-03-14T00:00:00Z,1
LTC/USDT,223,TRANSITION,2026-03-15T00:00:00Z,2026-03-20T00:00:00Z,6
LTC/USDT,224,SIDEWAYS,2026-03-21T00:00:00Z,2026-04-05T00:00:00Z,16
LTC/USDT,225,TRANSITION,2026-04-06T00:00:00Z,2026-04-08T00:00:00Z,3
LTC/USDT,226,SIDEWAYS,2026-04-09T00:00:00Z,2026-05-10T00:00:00Z,32
LTC/USDT,227,TRANSITION,2026-05-11T00:00:00Z,2026-05-12T00:00:00Z,2
LTC/USDT,228,BULL,2026-05-13T00:00:00Z,2026-05-17T00:00:00Z,5
LTC/USDT,229,TRANSITION,2026-05-18T00:00:00Z,2026-05-27T00:00:00Z,10
LTC/USDT,230,BEAR,2026-05-28T00:00:00Z,2026-07-05T00:00:00Z,39
LTC/USDT,231,BULL,2026-07-06T00:00:00Z,2026-07-06T00:00:00Z,1
LTC/USDT,232,BEAR,2026-07-07T00:00:00Z,2026-07-10T00:00:00Z,4
LTC/USDT,233,TRANSITION,2026-07-11T00:00:00Z,2026-07-14T00:00:00Z,4
LTC/USDT,234,SIDEWAYS,2026-07-15T00:00:00Z,2026-08-20T00:00:00Z,37
XLM/USDT,1,BEAR,2020-03-01T00:00:00Z,2020-03-06T00:00:00Z,6
XLM/USDT,2,TRANSITION,2020-03-07T00:00:00Z,2020-03-08T00:00:00Z,2
XLM/USDT,3,BEAR,2020-03-09T00:00:00Z,2020-04-06T00:00:00Z,29
XLM/USDT,4,BULL,2020-04-07T00:00:00Z,2020-04-14T00:00:00Z,8
XLM/USDT,5,TRANSITION,2020-04-15T00:00:00Z,2020-04-18T00:00:00Z,4
XLM/USDT,6,SIDEWAYS,2020-04-19T00:00:00Z,2020-04-23T00:00:00Z,5
XLM/USDT,7,TRANSITION,2020-04-24T00:00:00Z,2020-04-26T00:00:00Z,3
XLM/USDT,8,BULL,2020-04-27T00:00:00Z,2020-05-10T00:00:00Z,14
XLM/USDT,9,BEAR,2020-05-11T00:00:00Z,2020-05-13T00:00:00Z,3
XLM/USDT,10,BULL,2020-05-14T00:00:00Z,2020-05-15T00:00:00Z,2
XLM/USDT,11,BEAR,2020-05-16T00:00:00Z,2020-05-16T00:00:00Z,1
XLM/USDT,12,TRANSITION,2020-05-17T00:00:00Z,2020-05-21T00:00:00Z,5
XLM/USDT,13,SIDEWAYS,2020-05-22T00:00:00Z,2020-06-03T00:00:00Z,13
XLM/USDT,14,TRANSITION,2020-06-04T00:00:00Z,2020-06-05T00:00:00Z,2
XLM/USDT,15,BULL,2020-06-06T00:00:00Z,2020-06-11T00:00:00Z,6
XLM/USDT,16,BEAR,2020-06-12T00:00:00Z,2020-06-14T00:00:00Z,3
XLM/USDT,17,TRANSITION,2020-06-15T00:00:00Z,2020-06-15T00:00:00Z,1
XLM/USDT,18,BEAR,2020-06-16T00:00:00Z,2020-06-18T00:00:00Z,3
XLM/USDT,19,TRANSITION,2020-06-19T00:00:00Z,2020-06-27T00:00:00Z,9
XLM/USDT,20,BEAR,2020-06-28T00:00:00Z,2020-07-06T00:00:00Z,9
XLM/USDT,21,TRANSITION,2020-07-07T00:00:00Z,2020-07-09T00:00:00Z,3
XLM/USDT,22,BULL,2020-07-10T00:00:00Z,2020-08-07T00:00:00Z,29
XLM/USDT,23,BEAR,2020-08-08T00:00:00Z,2020-08-15T00:00:00Z,8
XLM/USDT,24,TRANSITION,2020-08-16T00:00:00Z,2020-08-20T00:00:00Z,5
XLM/USDT,25,SIDEWAYS,2020-08-21T00:00:00Z,2020-09-04T00:00:00Z,15
XLM/USDT,26,TRANSITION,2020-09-05T00:00:00Z,2020-09-06T00:00:00Z,2
XLM/USDT,27,BEAR,2020-09-07T00:00:00Z,2020-10-10T00:00:00Z,34
XLM/USDT,28,BULL,2020-10-11T00:00:00Z,2020-10-11T00:00:00Z,1
XLM/USDT,29,TRANSITION,2020-10-12T00:00:00Z,2020-10-16T00:00:00Z,5
XLM/USDT,30,SIDEWAYS,2020-10-17T00:00:00Z,2020-10-17T00:00:00Z,1
XLM/USDT,31,TRANSITION,2020-10-18T00:00:00Z,2020-10-22T00:00:00Z,5
XLM/USDT,32,BULL,2020-10-23T00:00:00Z,2020-10-28T00:00:00Z,6
XLM/USDT,33,TRANSITION,2020-10-29T00:00:00Z,2020-11-05T00:00:00Z,8
XLM/USDT,34,SIDEWAYS,2020-11-06T00:00:00Z,2020-11-21T00:00:00Z,16
XLM/USDT,35,TRANSITION,2020-11-22T00:00:00Z,2020-11-22T00:00:00Z,1
XLM/USDT,36,BULL,2020-11-23T00:00:00Z,2020-12-09T00:00:00Z,17
XLM/USDT,37,BEAR,2020-12-10T00:00:00Z,2020-12-13T00:00:00Z,4
XLM/USDT,38,TRANSITION,2020-12-14T00:00:00Z,2020-12-21T00:00:00Z,8
XLM/USDT,39,SIDEWAYS,2020-12-22T00:00:00Z,2020-12-24T00:00:00Z,3
XLM/USDT,40,TRANSITION,2020-12-25T00:00:00Z,2020-12-30T00:00:00Z,6
XLM/USDT,41,BEAR,2020-12-31T00:00:00Z,2021-01-04T00:00:00Z,5
XLM/USDT,42,BULL,2021-01-05T00:00:00Z,2021-01-22T00:00:00Z,18
XLM/USDT,43,BEAR,2021-01-23T00:00:00Z,2021-01-23T00:00:00Z,1
XLM/USDT,44,TRANSITION,2021-01-24T00:00:00Z,2021-01-27T00:00:00Z,4
XLM/USDT,45,SIDEWAYS,2021-01-28T00:00:00Z,2021-01-30T00:00:00Z,3
XLM/USDT,46,TRANSITION,2021-01-31T00:00:00Z,2021-02-06T00:00:00Z,7
XLM/USDT,47,BULL,2021-02-07T00:00:00Z,2021-02-22T00:00:00Z,16
XLM/USDT,48,BEAR,2021-02-23T00:00:00Z,2021-03-04T00:00:00Z,10
XLM/USDT,49,TRANSITION,2021-03-05T00:00:00Z,2021-03-10T00:00:00Z,6
XLM/USDT,50,SIDEWAYS,2021-03-11T00:00:00Z,2021-04-09T00:00:00Z,30
XLM/USDT,51,TRANSITION,2021-04-10T00:00:00Z,2021-04-11T00:00:00Z,2
XLM/USDT,52,BULL,2021-04-12T00:00:00Z,2021-04-20T00:00:00Z,9
XLM/USDT,53,BEAR,2021-04-21T00:00:00Z,2021-04-28T00:00:00Z,8
XLM/USDT,54,TRANSITION,2021-04-29T00:00:00Z,2021-05-01T00:00:00Z,3
XLM/USDT,55,SIDEWAYS,2021-05-02T00:00:00Z,2021-05-10T00:00:00Z,9
XLM/USDT,56,TRANSITION,2021-05-11T00:00:00Z,2021-05-19T00:00:00Z,9
XLM/USDT,57,BEAR,2021-05-20T00:00:00Z,2021-07-22T00:00:00Z,64
XLM/USDT,58,BULL,2021-07-23T00:00:00Z,2021-08-30T00:00:00Z,39
XLM/USDT,59,BEAR,2021-08-31T00:00:00Z,2021-08-31T00:00:00Z,1
XLM/USDT,60,TRANSITION,2021-09-01T00:00:00Z,2021-09-13T00:00:00Z,13
XLM/USDT,61,SIDEWAYS,2021-09-14T00:00:00Z,2021-09-23T00:00:00Z,10
XLM/USDT,62,TRANSITION,2021-09-24T00:00:00Z,2021-09-28T00:00:00Z,5
XLM/USDT,63,BEAR,2021-09-29T00:00:00Z,2021-10-02T00:00:00Z,4
XLM/USDT,64,TRANSITION,2021-10-03T00:00:00Z,2021-10-05T00:00:00Z,3
XLM/USDT,65,SIDEWAYS,2021-10-06T00:00:00Z,2021-10-06T00:00:00Z,1
XLM/USDT,66,TRANSITION,2021-10-07T00:00:00Z,2021-10-17T00:00:00Z,11
XLM/USDT,67,BULL,2021-10-18T00:00:00Z,2021-10-27T00:00:00Z,10
XLM/USDT,68,BEAR,2021-10-28T00:00:00Z,2021-10-30T00:00:00Z,3
XLM/USDT,69,TRANSITION,2021-10-31T00:00:00Z,2021-11-11T00:00:00Z,12
XLM/USDT,70,BULL,2021-11-12T00:00:00Z,2021-11-17T00:00:00Z,6
XLM/USDT,71,TRANSITION,2021-11-18T00:00:00Z,2021-11-21T00:00:00Z,4
XLM/USDT,72,SIDEWAYS,2021-11-22T00:00:00Z,2021-12-07T00:00:00Z,16
XLM/USDT,73,TRANSITION,2021-12-08T00:00:00Z,2021-12-11T00:00:00Z,4
XLM/USDT,74,BEAR,2021-12-12T00:00:00Z,2021-12-27T00:00:00Z,16
XLM/USDT,75,BULL,2021-12-28T00:00:00Z,2021-12-28T00:00:00Z,1
XLM/USDT,76,TRANSITION,2021-12-29T00:00:00Z,2022-01-04T00:00:00Z,7
XLM/USDT,77,SIDEWAYS,2022-01-05T00:00:00Z,2022-01-07T00:00:00Z,3
XLM/USDT,78,TRANSITION,2022-01-08T00:00:00Z,2022-01-21T00:00:00Z,14
XLM/USDT,79,BEAR,2022-01-22T00:00:00Z,2022-02-07T00:00:00Z,17
XLM/USDT,80,BULL,2022-02-08T00:00:00Z,2022-02-11T00:00:00Z,4
XLM/USDT,81,BEAR,2022-02-12T00:00:00Z,2022-02-15T00:00:00Z,4
XLM/USDT,82,TRANSITION,2022-02-16T00:00:00Z,2022-02-25T00:00:00Z,10
XLM/USDT,83,BEAR,2022-02-26T00:00:00Z,2022-02-26T00:00:00Z,1
XLM/USDT,84,TRANSITION,2022-02-27T00:00:00Z,2022-03-07T00:00:00Z,9
XLM/USDT,85,BEAR,2022-03-08T00:00:00Z,2022-03-10T00:00:00Z,3
XLM/USDT,86,TRANSITION,2022-03-11T00:00:00Z,2022-03-16T00:00:00Z,6
XLM/USDT,87,SIDEWAYS,2022-03-17T00:00:00Z,2022-03-25T00:00:00Z,9
XLM/USDT,88,TRANSITION,2022-03-26T00:00:00Z,2022-03-28T00:00:00Z,3
XLM/USDT,89,BULL,2022-03-29T00:00:00Z,2022-04-06T00:00:00Z,9
XLM/USDT,90,BEAR,2022-04-07T00:00:00Z,2022-04-08T00:00:00Z,2
XLM/USDT,91,BULL,2022-04-09T00:00:00Z,2022-04-11T00:00:00Z,3
XLM/USDT,92,TRANSITION,2022-04-12T00:00:00Z,2022-04-16T00:00:00Z,5
XLM/USDT,93,SIDEWAYS,2022-04-17T00:00:00Z,2022-05-01T00:00:00Z,15
XLM/USDT,94,TRANSITION,2022-05-02T00:00:00Z,2022-05-09T00:00:00Z,8
XLM/USDT,95,BEAR,2022-05-10T00:00:00Z,2022-05-31T00:00:00Z,22
XLM/USDT,96,BULL,2022-06-01T00:00:00Z,2022-06-01T00:00:00Z,1
XLM/USDT,97,BEAR,2022-06-02T00:00:00Z,2022-06-03T00:00:00Z,2
XLM/USDT,98,BULL,2022-06-04T00:00:00Z,2022-06-07T00:00:00Z,4
XLM/USDT,99,BEAR,2022-06-08T00:00:00Z,2022-06-08T00:00:00Z,1
XLM/USDT,100,TRANSITION,2022-06-09T00:00:00Z,2022-06-14T00:00:00Z,6
XLM/USDT,101,BEAR,2022-06-15T00:00:00Z,2022-06-24T00:00:00Z,10
XLM/USDT,102,BULL,2022-06-25T00:00:00Z,2022-06-25T00:00:00Z,1
XLM/USDT,103,TRANSITION,2022-06-26T00:00:00Z,2022-07-17T00:00:00Z,22
XLM/USDT,104,SIDEWAYS,2022-07-18T00:00:00Z,2022-08-06T00:00:00Z,20
XLM/USDT,105,TRANSITION,2022-08-07T00:00:00Z,2022-08-09T00:00:00Z,3
XLM/USDT,106,BULL,2022-08-10T00:00:00Z,2022-08-19T00:00:00Z,10
XLM/USDT,107,BEAR,2022-08-20T00:00:00Z,2022-08-21T00:00:00Z,2
XLM/USDT,108,TRANSITION,2022-08-22T00:00:00Z,2022-08-25T00:00:00Z,4
XLM/USDT,109,SIDEWAYS,2022-08-26T00:00:00Z,2022-09-25T00:00:00Z,31
XLM/USDT,110,TRANSITION,2022-09-26T00:00:00Z,2022-09-28T00:00:00Z,3
XLM/USDT,111,SIDEWAYS,2022-09-29T00:00:00Z,2022-09-29T00:00:00Z,1
XLM/USDT,112,TRANSITION,2022-09-30T00:00:00Z,2022-10-08T00:00:00Z,9
XLM/USDT,113,BULL,2022-10-09T00:00:00Z,2022-10-12T00:00:00Z,4
XLM/USDT,114,TRANSITION,2022-10-13T00:00:00Z,2022-10-17T00:00:00Z,5
XLM/USDT,115,SIDEWAYS,2022-10-18T00:00:00Z,2022-11-10T00:00:00Z,24
XLM/USDT,116,TRANSITION,2022-11-11T00:00:00Z,2022-11-12T00:00:00Z,2
XLM/USDT,117,BEAR,2022-11-13T00:00:00Z,2023-01-09T00:00:00Z,58
XLM/USDT,118,BULL,2023-01-10T00:00:00Z,2023-02-06T00:00:00Z,28
XLM/USDT,119,BEAR,2023-02-07T00:00:00Z,2023-02-07T00:00:00Z,1
XLM/USDT,120,BULL,2023-02-08T00:00:00Z,2023-02-09T00:00:00Z,2
XLM/USDT,121,BEAR,2023-02-10T00:00:00Z,2023-02-10T00:00:00Z,1
XLM/USDT,122,TRANSITION,2023-02-11T00:00:00Z,2023-02-14T00:00:00Z,4
XLM/USDT,123,BEAR,2023-02-15T00:00:00Z,2023-02-15T00:00:00Z,1
XLM/USDT,124,TRANSITION,2023-02-16T00:00:00Z,2023-02-18T00:00:00Z,3
XLM/USDT,125,SIDEWAYS,2023-02-19T00:00:00Z,2023-03-08T00:00:00Z,18
XLM/USDT,126,TRANSITION,2023-03-09T00:00:00Z,2023-03-11T00:00:00Z,3
XLM/USDT,127,BEAR,2023-03-12T00:00:00Z,2023-03-13T00:00:00Z,2
XLM/USDT,128,TRANSITION,2023-03-14T00:00:00Z,2023-03-22T00:00:00Z,9
XLM/USDT,129,BULL,2023-03-23T00:00:00Z,2023-04-19T00:00:00Z,28
XLM/USDT,130,BEAR,2023-04-20T00:00:00Z,2023-05-31T00:00:00Z,42
XLM/USDT,131,BULL,2023-06-01T00:00:00Z,2023-06-05T00:00:00Z,5
XLM/USDT,132,BEAR,2023-06-06T00:00:00Z,2023-06-21T00:00:00Z,16
XLM/USDT,133,BULL,2023-06-22T00:00:00Z,2023-08-15T00:00:00Z,55
XLM/USDT,134,BEAR,2023-08-16T00:00:00Z,2023-08-25T00:00:00Z,10
XLM/USDT,135,TRANSITION,2023-08-26T00:00:00Z,2023-08-29T00:00:00Z,4
XLM/USDT,136,SIDEWAYS,2023-08-30T00:00:00Z,2023-10-25T00:00:00Z,57
XLM/USDT,137,TRANSITION,2023-10-26T00:00:00Z,2023-10-30T00:00:00Z,5
XLM/USDT,138,BULL,2023-10-31T00:00:00Z,2023-11-09T00:00:00Z,10
XLM/USDT,139,BEAR,2023-11-10T00:00:00Z,2023-11-11T00:00:00Z,2
XLM/USDT,140,BULL,2023-11-12T00:00:00Z,2023-11-19T00:00:00Z,8
XLM/USDT,141,TRANSITION,2023-11-20T00:00:00Z,2023-11-23T00:00:00Z,4
XLM/USDT,142,SIDEWAYS,2023-11-24T00:00:00Z,2024-01-09T00:00:00Z,47
XLM/USDT,143,TRANSITION,2024-01-10T00:00:00Z,2024-01-18T00:00:00Z,9
XLM/USDT,144,BEAR,2024-01-19T00:00:00Z,2024-02-15T00:00:00Z,28
XLM/USDT,145,BULL,2024-02-16T00:00:00Z,2024-02-17T00:00:00Z,2
XLM/USDT,146,BEAR,2024-02-18T00:00:00Z,2024-02-18T00:00:00Z,1
XLM/USDT,147,TRANSITION,2024-02-19T00:00:00Z,2024-03-03T00:00:00Z,14
XLM/USDT,148,BULL,2024-03-04T00:00:00Z,2024-03-17T00:00:00Z,14
XLM/USDT,149,BEAR,2024-03-18T00:00:00Z,2024-03-18T00:00:00Z,1
XLM/USDT,150,BULL,2024-03-19T00:00:00Z,2024-03-19T00:00:00Z,1
XLM/USDT,151,TRANSITION,2024-03-20T00:00:00Z,2024-03-23T00:00:00Z,4
XLM/USDT,152,SIDEWAYS,2024-03-24T00:00:00Z,2024-04-15T00:00:00Z,23
XLM/USDT,153,TRANSITION,2024-04-16T00:00:00Z,2024-04-17T00:00:00Z,2
XLM/USDT,154,BEAR,2024-04-18T00:00:00Z,2024-05-21T00:00:00Z,34
XLM/USDT,155,BULL,2024-05-22T00:00:00Z,2024-05-22T00:00:00Z,1
XLM/USDT,156,TRANSITION,2024-05-23T00:00:00Z,2024-06-01T00:00:00Z,10
XLM/USDT,157,BEAR,2024-06-02T00:00:00Z,2024-07-13T00:00:00Z,42
XLM/USDT,158,BULL,2024-07-14T00:00:00Z,2024-07-26T00:00:00Z,13
XLM/USDT,159,TRANSITION,2024-07-27T00:00:00Z,2024-07-30T00:00:00Z,4
XLM/USDT,160,SIDEWAYS,2024-07-31T00:00:00Z,2024-08-05T00:00:00Z,6
XLM/USDT,161,TRANSITION,2024-08-06T00:00:00Z,2024-08-08T00:00:00Z,3
XLM/USDT,162,SIDEWAYS,2024-08-09T00:00:00Z,2024-09-01T00:00:00Z,24
XLM/USDT,163,TRANSITION,2024-09-02T00:00:00Z,2024-09-06T00:00:00Z,5
XLM/USDT,164,BEAR,2024-09-07T00:00:00Z,2024-09-13T00:00:00Z,7
XLM/USDT,165,TRANSITION,2024-09-14T00:00:00Z,2024-09-20T00:00:00Z,7
XLM/USDT,166,SIDEWAYS,2024-09-21T00:00:00Z,2024-11-10T00:00:00Z,51
XLM/USDT,167,TRANSITION,2024-11-11T00:00:00Z,2024-11-12T00:00:00Z,2
XLM/USDT,168,BULL,2024-11-13T00:00:00Z,2024-12-19T00:00:00Z,37
XLM/USDT,169,BEAR,2024-12-20T00:00:00Z,2024-12-25T00:00:00Z,6
XLM/USDT,170,TRANSITION,2024-12-26T00:00:00Z,2025-01-09T00:00:00Z,15
XLM/USDT,171,SIDEWAYS,2025-01-10T00:00:00Z,2025-02-06T00:00:00Z,28
XLM/USDT,172,TRANSITION,2025-02-07T00:00:00Z,2025-02-09T00:00:00Z,3
XLM/USDT,173,BEAR,2025-02-10T00:00:00Z,2025-03-15T00:00:00Z,34
XLM/USDT,174,TRANSITION,2025-03-16T00:00:00Z,2025-03-21T00:00:00Z,6
XLM/USDT,175,SIDEWAYS,2025-03-22T00:00:00Z,2025-04-09T00:00:00Z,19
XLM/USDT,176,TRANSITION,2025-04-10T00:00:00Z,2025-04-12T00:00:00Z,3
XLM/USDT,177,BEAR,2025-04-13T00:00:00Z,2025-04-21T00:00:00Z,9
XLM/USDT,178,TRANSITION,2025-04-22T00:00:00Z,2025-05-04T00:00:00Z,13
XLM/USDT,179,SIDEWAYS,2025-05-05T00:00:00Z,2025-05-10T00:00:00Z,6
XLM/USDT,180,TRANSITION,2025-05-11T00:00:00Z,2025-05-13T00:00:00Z,3
XLM/USDT,181,BULL,2025-05-14T00:00:00Z,2025-05-17T00:00:00Z,4
XLM/USDT,182,TRANSITION,2025-05-18T00:00:00Z,2025-05-24T00:00:00Z,7
XLM/USDT,183,SIDEWAYS,2025-05-25T00:00:00Z,2025-06-22T00:00:00Z,29
XLM/USDT,184,TRANSITION,2025-06-23T00:00:00Z,2025-06-28T00:00:00Z,6
XLM/USDT,185,BEAR,2025-06-29T00:00:00Z,2025-07-07T00:00:00Z,9
XLM/USDT,186,TRANSITION,2025-07-08T00:00:00Z,2025-07-10T00:00:00Z,3
XLM/USDT,187,BULL,2025-07-11T00:00:00Z,2025-08-18T00:00:00Z,39
XLM/USDT,188,TRANSITION,2025-08-19T00:00:00Z,2025-08-23T00:00:00Z,5
XLM/USDT,189,SIDEWAYS,2025-08-24T00:00:00Z,2025-08-29T00:00:00Z,6
XLM/USDT,190,TRANSITION,2025-08-30T00:00:00Z,2025-09-04T00:00:00Z,6
XLM/USDT,191,BEAR,2025-09-05T00:00:00Z,2025-09-08T00:00:00Z,4
XLM/USDT,192,TRANSITION,2025-09-09T00:00:00Z,2025-09-14T00:00:00Z,6
XLM/USDT,193,SIDEWAYS,2025-09-15T00:00:00Z,2025-10-11T00:00:00Z,27
XLM/USDT,194,TRANSITION,2025-10-12T00:00:00Z,2025-10-12T00:00:00Z,1
XLM/USDT,195,BEAR,2025-10-13T00:00:00Z,2025-12-10T00:00:00Z,59
XLM/USDT,196,BULL,2025-12-11T00:00:00Z,2025-12-14T00:00:00Z,4
XLM/USDT,197,TRANSITION,2025-12-15T00:00:00Z,2025-12-21T00:00:00Z,7
XLM/USDT,198,SIDEWAYS,2025-12-22T00:00:00Z,2026-02-01T00:00:00Z,42
XLM/USDT,199,TRANSITION,2026-02-02T00:00:00Z,2026-02-03T00:00:00Z,2
XLM/USDT,200,BEAR,2026-02-04T00:00:00Z,2026-03-04T00:00:00Z,29
XLM/USDT,201,BULL,2026-03-05T00:00:00Z,2026-03-05T00:00:00Z,1
XLM/USDT,202,TRANSITION,2026-03-06T00:00:00Z,2026-03-09T00:00:00Z,4
XLM/USDT,203,SIDEWAYS,2026-03-10T00:00:00Z,2026-03-15T00:00:00Z,6
XLM/USDT,204,TRANSITION,2026-03-16T00:00:00Z,2026-03-30T00:00:00Z,15
XLM/USDT,205,SIDEWAYS,2026-03-31T00:00:00Z,2026-04-21T00:00:00Z,22
XLM/USDT,206,TRANSITION,2026-04-22T00:00:00Z,2026-04-29T00:00:00Z,8
XLM/USDT,207,SIDEWAYS,2026-04-30T00:00:00Z,2026-05-29T00:00:00Z,30
XLM/USDT,208,TRANSITION,2026-05-30T00:00:00Z,2026-05-30T00:00:00Z,1
XLM/USDT,209,BULL,2026-05-31T00:00:00Z,2026-06-25T00:00:00Z,26
XLM/USDT,210,TRANSITION,2026-06-26T00:00:00Z,2026-06-29T00:00:00Z,4
XLM/USDT,211,SIDEWAYS,2026-06-30T00:00:00Z,2026-08-18T00:00:00Z,50
XLM/USDT,212,TRANSITION,2026-08-19T00:00:00Z,2026-08-20T00:00:00Z,2
XMR/USDT,1,BEAR,2020-03-01T00:00:00Z,2020-04-03T00:00:00Z,34
XMR/USDT,2,BULL,2020-04-04T00:00:00Z,2020-04-11T00:00:00Z,8
XMR/USDT,3,TRANSITION,2020-04-12T00:00:00Z,2020-04-27T00:00:00Z,16
XMR/USDT,4,BULL,2020-04-28T00:00:00Z,2020-05-10T00:00:00Z,13
XMR/USDT,5,BEAR,2020-05-11T00:00:00Z,2020-05-13T00:00:00Z,3
XMR/USDT,6,TRANSITION,2020-05-14T00:00:00Z,2020-05-17T00:00:00Z,4
XMR/USDT,7,SIDEWAYS,2020-05-18T00:00:00Z,2020-06-19T00:00:00Z,33
XMR/USDT,8,TRANSITION,2020-06-20T00:00:00Z,2020-06-25T00:00:00Z,6
XMR/USDT,9,BEAR,2020-06-26T00:00:00Z,2020-07-06T00:00:00Z,11
XMR/USDT,10,TRANSITION,2020-07-07T00:00:00Z,2020-07-19T00:00:00Z,13
XMR/USDT,11,BULL,2020-07-20T00:00:00Z,2020-09-03T00:00:00Z,46
XMR/USDT,12,BEAR,2020-09-04T00:00:00Z,2020-09-11T00:00:00Z,8
XMR/USDT,13,TRANSITION,2020-09-12T00:00:00Z,2020-09-21T00:00:00Z,10
XMR/USDT,14,SIDEWAYS,2020-09-22T00:00:00Z,2020-09-30T00:00:00Z,9
XMR/USDT,15,TRANSITION,2020-10-01T00:00:00Z,2020-10-05T00:00:00Z,5
XMR/USDT,16,BULL,2020-10-06T00:00:00Z,2020-11-04T00:00:00Z,30
XMR/USDT,17,BEAR,2020-11-05T00:00:00Z,2020-11-05T00:00:00Z,1
XMR/USDT,18,BULL,2020-11-06T00:00:00Z,2020-11-07T00:00:00Z,2
XMR/USDT,19,BEAR,2020-11-08T00:00:00Z,2020-11-08T00:00:00Z,1
XMR/USDT,20,TRANSITION,2020-11-09T00:00:00Z,2020-11-15T00:00:00Z,7
XMR/USDT,21,SIDEWAYS,2020-11-16T00:00:00Z,2020-11-24T00:00:00Z,9
XMR/USDT,22,TRANSITION,2020-11-25T00:00:00Z,2020-11-28T00:00:00Z,4
XMR/USDT,23,SIDEWAYS,2020-11-29T00:00:00Z,2020-12-05T00:00:00Z,7
XMR/USDT,24,TRANSITION,2020-12-06T00:00:00Z,2020-12-13T00:00:00Z,8
XMR/USDT,25,BULL,2020-12-14T00:00:00Z,2021-01-01T00:00:00Z,19
XMR/USDT,26,BEAR,2021-01-02T00:00:00Z,2021-01-07T00:00:00Z,6
XMR/USDT,27,BULL,2021-01-08T00:00:00Z,2021-01-18T00:00:00Z,11
XMR/USDT,28,TRANSITION,2021-01-19T00:00:00Z,2021-02-01T00:00:00Z,14
XMR/USDT,29,SIDEWAYS,2021-02-02T00:00:00Z,2021-02-12T00:00:00Z,11
XMR/USDT,30,TRANSITION,2021-02-13T00:00:00Z,2021-02-14T00:00:00Z,2
XMR/USDT,31,BULL,2021-02-15T00:00:00Z,2021-02-23T00:00:00Z,9
XMR/USDT,32,BEAR,2021-02-24T00:00:00Z,2021-03-01T00:00:00Z,6
XMR/USDT,33,TRANSITION,2021-03-02T00:00:00Z,2021-03-08T00:00:00Z,7
XMR/USDT,34,SIDEWAYS,2021-03-09T00:00:00Z,2021-04-06T00:00:00Z,29
XMR/USDT,35,TRANSITION,2021-04-07T00:00:00Z,2021-04-08T00:00:00Z,2
XMR/USDT,36,SIDEWAYS,2021-04-09T00:00:00Z,2021-04-09T00:00:00Z,1
XMR/USDT,37,TRANSITION,2021-04-10T00:00:00Z,2021-04-12T00:00:00Z,3
XMR/USDT,38,BULL,2021-04-13T00:00:00Z,2021-04-23T00:00:00Z,11
XMR/USDT,39,BEAR,2021-04-24T00:00:00Z,2021-04-24T00:00:00Z,1
XMR/USDT,40,BULL,2021-04-25T00:00:00Z,2021-05-04T00:00:00Z,10
XMR/USDT,41,TRANSITION,2021-05-05T00:00:00Z,2021-05-08T00:00:00Z,4
XMR/USDT,42,BULL,2021-05-09T00:00:00Z,2021-05-13T00:00:00Z,5
XMR/USDT,43,TRANSITION,2021-05-14T00:00:00Z,2021-05-18T00:00:00Z,5
XMR/USDT,44,SIDEWAYS,2021-05-19T00:00:00Z,2021-05-19T00:00:00Z,1
XMR/USDT,45,TRANSITION,2021-05-20T00:00:00Z,2021-05-21T00:00:00Z,2
XMR/USDT,46,BEAR,2021-05-22T00:00:00Z,2021-06-14T00:00:00Z,24
XMR/USDT,47,TRANSITION,2021-06-15T00:00:00Z,2021-06-24T00:00:00Z,10
XMR/USDT,48,BEAR,2021-06-25T00:00:00Z,2021-07-26T00:00:00Z,32
XMR/USDT,49,TRANSITION,2021-07-27T00:00:00Z,2021-07-30T00:00:00Z,4
XMR/USDT,50,BULL,2021-07-31T00:00:00Z,2021-09-07T00:00:00Z,39
XMR/USDT,51,BEAR,2021-09-08T00:00:00Z,2021-09-18T00:00:00Z,11
XMR/USDT,52,TRANSITION,2021-09-19T00:00:00Z,2021-09-21T00:00:00Z,3
XMR/USDT,53,BEAR,2021-09-22T00:00:00Z,2021-10-02T00:00:00Z,11
XMR/USDT,54,TRANSITION,2021-10-03T00:00:00Z,2021-10-11T00:00:00Z,9
XMR/USDT,55,SIDEWAYS,2021-10-12T00:00:00Z,2021-11-22T00:00:00Z,42
XMR/USDT,56,TRANSITION,2021-11-23T00:00:00Z,2021-11-29T00:00:00Z,7
XMR/USDT,57,BEAR,2021-11-30T00:00:00Z,2021-11-30T00:00:00Z,1
XMR/USDT,58,TRANSITION,2021-12-01T00:00:00Z,2021-12-05T00:00:00Z,5
XMR/USDT,59,BEAR,2021-12-06T00:00:00Z,2021-12-23T00:00:00Z,18
XMR/USDT,60,BULL,2021-12-24T00:00:00Z,2022-01-06T00:00:00Z,14
XMR/USDT,61,TRANSITION,2022-01-07T00:00:00Z,2022-01-13T00:00:00Z,7
XMR/USDT,62,SIDEWAYS,2022-01-14T00:00:00Z,2022-01-23T00:00:00Z,10
XMR/USDT,63,TRANSITION,2022-01-24T00:00:00Z,2022-01-27T00:00:00Z,4
XMR/USDT,64,BEAR,2022-01-28T00:00:00Z,2022-02-05T00:00:00Z,9
XMR/USDT,65,TRANSITION,2022-02-06T00:00:00Z,2022-02-11T00:00:00Z,6
XMR/USDT,66,SIDEWAYS,2022-02-12T00:00:00Z,2022-02-24T00:00:00Z,13
XMR/USDT,67,TRANSITION,2022-02-25T00:00:00Z,2022-03-02T00:00:00Z,6
XMR/USDT,68,SIDEWAYS,2022-03-03T00:00:00Z,2022-03-08T00:00:00Z,6
XMR/USDT,69,TRANSITION,2022-03-09T00:00:00Z,2022-03-12T00:00:00Z,4
XMR/USDT,70,BULL,2022-03-13T00:00:00Z,2022-04-29T00:00:00Z,48
XMR/USDT,71,BEAR,2022-04-30T00:00:00Z,2022-05-23T00:00:00Z,24
XMR/USDT,72,BULL,2022-05-24T00:00:00Z,2022-05-26T00:00:00Z,3
XMR/USDT,73,TRANSITION,2022-05-27T00:00:00Z,2022-05-31T00:00:00Z,5
XMR/USDT,74,SIDEWAYS,2022-06-01T00:00:00Z,2022-06-14T00:00:00Z,14
XMR/USDT,75,TRANSITION,2022-06-15T00:00:00Z,2022-06-16T00:00:00Z,2
XMR/USDT,76,BEAR,2022-06-17T00:00:00Z,2022-07-10T00:00:00Z,24
XMR/USDT,77,TRANSITION,2022-07-11T00:00:00Z,2022-07-14T00:00:00Z,4
XMR/USDT,78,SIDEWAYS,2022-07-15T00:00:00Z,2022-07-21T00:00:00Z,7
XMR/USDT,79,TRANSITION,2022-07-22T00:00:00Z,2022-07-26T00:00:00Z,5
XMR/USDT,80,SIDEWAYS,2022-07-27T00:00:00Z,2022-09-26T00:00:00Z,62
XMR/USDT,81,TRANSITION,2022-09-27T00:00:00Z,2022-09-27T00:00:00Z,1
XMR/USDT,82,SIDEWAYS,2022-09-28T00:00:00Z,2022-11-09T00:00:00Z,43
XMR/USDT,83,TRANSITION,2022-11-10T00:00:00Z,2022-11-12T00:00:00Z,3
XMR/USDT,84,BEAR,2022-11-13T00:00:00Z,2022-11-27T00:00:00Z,15
XMR/USDT,85,TRANSITION,2022-11-28T00:00:00Z,2022-12-11T00:00:00Z,14
XMR/USDT,86,BULL,2022-12-12T00:00:00Z,2022-12-16T00:00:00Z,5
XMR/USDT,87,TRANSITION,2022-12-17T00:00:00Z,2022-12-20T00:00:00Z,4
XMR/USDT,88,SIDEWAYS,2022-12-21T00:00:00Z,2023-01-08T00:00:00Z,19
XMR/USDT,89,TRANSITION,2023-01-09T00:00:00Z,2023-01-10T00:00:00Z,2
XMR/USDT,90,BULL,2023-01-11T00:00:00Z,2023-02-04T00:00:00Z,25
XMR/USDT,91,TRANSITION,2023-02-05T00:00:00Z,2023-02-18T00:00:00Z,14
XMR/USDT,92,SIDEWAYS,2023-02-19T00:00:00Z,2023-03-03T00:00:00Z,13
XMR/USDT,93,TRANSITION,2023-03-04T00:00:00Z,2023-03-11T00:00:00Z,8
XMR/USDT,94,BEAR,2023-03-12T00:00:00Z,2023-03-13T00:00:00Z,2
XMR/USDT,95,TRANSITION,2023-03-14T00:00:00Z,2023-03-17T00:00:00Z,4
XMR/USDT,96,SIDEWAYS,2023-03-18T00:00:00Z,2023-05-11T00:00:00Z,55
XMR/USDT,97,TRANSITION,2023-05-12T00:00:00Z,2023-05-14T00:00:00Z,3
XMR/USDT,98,BEAR,2023-05-15T00:00:00Z,2023-05-28T00:00:00Z,14
XMR/USDT,99,BULL,2023-05-29T00:00:00Z,2023-05-30T00:00:00Z,2
XMR/USDT,100,BEAR,2023-05-31T00:00:00Z,2023-06-22T00:00:00Z,23
XMR/USDT,101,BULL,2023-06-23T00:00:00Z,2023-07-12T00:00:00Z,20
XMR/USDT,102,TRANSITION,2023-07-13T00:00:00Z,2023-07-17T00:00:00Z,5
XMR/USDT,103,SIDEWAYS,2023-07-18T00:00:00Z,2023-08-09T00:00:00Z,23
XMR/USDT,104,TRANSITION,2023-08-10T00:00:00Z,2023-08-12T00:00:00Z,3
XMR/USDT,105,BEAR,2023-08-13T00:00:00Z,2023-09-15T00:00:00Z,34
XMR/USDT,106,BULL,2023-09-16T00:00:00Z,2023-09-16T00:00:00Z,1
XMR/USDT,107,TRANSITION,2023-09-17T00:00:00Z,2023-09-20T00:00:00Z,4
XMR/USDT,108,SIDEWAYS,2023-09-21T00:00:00Z,2023-10-08T00:00:00Z,18
XMR/USDT,109,TRANSITION,2023-10-09T00:00:00Z,2023-10-12T00:00:00Z,4
XMR/USDT,110,BULL,2023-10-13T00:00:00Z,2023-10-19T00:00:00Z,7
XMR/USDT,111,TRANSITION,2023-10-20T00:00:00Z,2023-10-23T00:00:00Z,4
XMR/USDT,112,BULL,2023-10-24T00:00:00Z,2023-11-09T00:00:00Z,17
XMR/USDT,113,BEAR,2023-11-10T00:00:00Z,2023-11-23T00:00:00Z,14
XMR/USDT,114,TRANSITION,2023-11-24T00:00:00Z,2023-11-27T00:00:00Z,4
XMR/USDT,115,SIDEWAYS,2023-11-28T00:00:00Z,2024-01-07T00:00:00Z,41
XMR/USDT,116,TRANSITION,2024-01-08T00:00:00Z,2024-01-10T00:00:00Z,3
XMR/USDT,117,BEAR,2024-01-11T00:00:00Z,2024-01-12T00:00:00Z,2
XMR/USDT,118,TRANSITION,2024-01-13T00:00:00Z,2024-01-16T00:00:00Z,4
XMR/USDT,119,SIDEWAYS,2024-01-17T00:00:00Z,2024-02-02T00:00:00Z,17
XMR/USDT,120,TRANSITION,2024-02-03T00:00:00Z,2024-02-07T00:00:00Z,5
XMR/USDT,121,BEAR,2024-02-08T00:00:00Z,2024-02-20T00:00:00Z,13
XRP/USDT,1,BEAR,2020-03-01T00:00:00Z,2020-03-06T00:00:00Z,6
XRP/USDT,2,TRANSITION,2020-03-07T00:00:00Z,2020-03-08T00:00:00Z,2
XRP/USDT,3,BEAR,2020-03-09T00:00:00Z,2020-04-06T00:00:00Z,29
XRP/USDT,4,BULL,2020-04-07T00:00:00Z,2020-04-08T00:00:00Z,2
XRP/USDT,5,TRANSITION,2020-04-09T00:00:00Z,2020-04-13T00:00:00Z,5
XRP/USDT,6,SIDEWAYS,2020-04-14T00:00:00Z,2020-05-01T00:00:00Z,18
XRP/USDT,7,TRANSITION,2020-05-02T00:00:00Z,2020-05-04T00:00:00Z,3
XRP/USDT,8,BULL,2020-05-05T00:00:00Z,2020-05-10T00:00:00Z,6
XRP/USDT,9,BEAR,2020-05-11T00:00:00Z,2020-05-14T00:00:00Z,4
XRP/USDT,10,TRANSITION,2020-05-15T00:00:00Z,2020-06-02T00:00:00Z,19
XRP/USDT,11,SIDEWAYS,2020-06-03T00:00:00Z,2020-06-14T00:00:00Z,12
XRP/USDT,12,TRANSITION,2020-06-15T00:00:00Z,2020-06-16T00:00:00Z,2
XRP/USDT,13,BEAR,2020-06-17T00:00:00Z,2020-07-08T00:00:00Z,22
XRP/USDT,14,BULL,2020-07-09T00:00:00Z,2020-07-16T00:00:00Z,8
XRP/USDT,15,BEAR,2020-07-17T00:00:00Z,2020-07-18T00:00:00Z,2
XRP/USDT,16,TRANSITION,2020-07-19T00:00:00Z,2020-07-22T00:00:00Z,4
XRP/USDT,17,SIDEWAYS,2020-07-23T00:00:00Z,2020-07-23T00:00:00Z,1
XRP/USDT,18,TRANSITION,2020-07-24T00:00:00Z,2020-07-27T00:00:00Z,4
XRP/USDT,19,BULL,2020-07-28T00:00:00Z,2020-08-27T00:00:00Z,31
XRP/USDT,20,BEAR,2020-08-28T00:00:00Z,2020-08-31T00:00:00Z,4
XRP/USDT,21,TRANSITION,2020-09-01T00:00:00Z,2020-09-17T00:00:00Z,17
XRP/USDT,22,SIDEWAYS,2020-09-18T00:00:00Z,2020-09-23T00:00:00Z,6
XRP/USDT,23,TRANSITION,2020-09-24T00:00:00Z,2020-09-28T00:00:00Z,5
XRP/USDT,24,SIDEWAYS,2020-09-29T00:00:00Z,2020-11-04T00:00:00Z,37
XRP/USDT,25,TRANSITION,2020-11-05T00:00:00Z,2020-11-08T00:00:00Z,4
XRP/USDT,26,SIDEWAYS,2020-11-09T00:00:00Z,2020-11-13T00:00:00Z,5
XRP/USDT,27,TRANSITION,2020-11-14T00:00:00Z,2020-11-16T00:00:00Z,3
XRP/USDT,28,BULL,2020-11-17T00:00:00Z,2020-12-11T00:00:00Z,25
XRP/USDT,29,BEAR,2020-12-12T00:00:00Z,2020-12-16T00:00:00Z,5
XRP/USDT,30,BULL,2020-12-17T00:00:00Z,2020-12-21T00:00:00Z,5
XRP/USDT,31,TRANSITION,2020-12-22T00:00:00Z,2020-12-24T00:00:00Z,3
XRP/USDT,32,BEAR,2020-12-25T00:00:00Z,2021-01-07T00:00:00Z,14
XRP/USDT,33,BULL,2021-01-08T00:00:00Z,2021-01-12T00:00:00Z,5
XRP/USDT,34,TRANSITION,2021-01-13T00:00:00Z,2021-01-16T00:00:00Z,4
XRP/USDT,35,SIDEWAYS,2021-01-17T00:00:00Z,2021-02-01T00:00:00Z,16
XRP/USDT,36,TRANSITION,2021-02-02T00:00:00Z,2021-02-02T00:00:00Z,1
XRP/USDT,37,BULL,2021-02-03T00:00:00Z,2021-02-28T00:00:00Z,26
XRP/USDT,38,BEAR,2021-03-01T00:00:00Z,2021-03-03T00:00:00Z,3
XRP/USDT,39,BULL,2021-03-04T00:00:00Z,2021-03-04T00:00:00Z,1
XRP/USDT,40,TRANSITION,2021-03-05T00:00:00Z,2021-03-10T00:00:00Z,6
XRP/USDT,41,SIDEWAYS,2021-03-11T00:00:00Z,2021-03-22T00:00:00Z,12
XRP/USDT,42,TRANSITION,2021-03-23T00:00:00Z,2021-04-05T00:00:00Z,14
XRP/USDT,43,BULL,2021-04-06T00:00:00Z,2021-04-22T00:00:00Z,17
XRP/USDT,44,BEAR,2021-04-23T00:00:00Z,2021-04-27T00:00:00Z,5
XRP/USDT,45,BULL,2021-04-28T00:00:00Z,2021-04-28T00:00:00Z,1
XRP/USDT,46,BEAR,2021-04-29T00:00:00Z,2021-04-30T00:00:00Z,2
XRP/USDT,47,BULL,2021-05-01T00:00:00Z,2021-05-04T00:00:00Z,4
XRP/USDT,48,TRANSITION,2021-05-05T00:00:00Z,2021-05-09T00:00:00Z,5
XRP/USDT,49,SIDEWAYS,2021-05-10T00:00:00Z,2021-05-22T00:00:00Z,13
XRP/USDT,50,TRANSITION,2021-05-23T00:00:00Z,2021-05-28T00:00:00Z,6
XRP/USDT,51,BEAR,2021-05-29T00:00:00Z,2021-07-26T00:00:00Z,59
XRP/USDT,52,BULL,2021-07-27T00:00:00Z,2021-08-05T00:00:00Z,10
XRP/USDT,53,TRANSITION,2021-08-06T00:00:00Z,2021-08-08T00:00:00Z,3
XRP/USDT,54,BULL,2021-08-09T00:00:00Z,2021-09-07T00:00:00Z,30
XRP/USDT,55,BEAR,2021-09-08T00:00:00Z,2021-09-10T00:00:00Z,3
XRP/USDT,56,BULL,2021-09-11T00:00:00Z,2021-09-12T00:00:00Z,2
XRP/USDT,57,TRANSITION,2021-09-13T00:00:00Z,2021-09-15T00:00:00Z,3
XRP/USDT,58,SIDEWAYS,2021-09-16T00:00:00Z,2021-09-26T00:00:00Z,11
XRP/USDT,59,TRANSITION,2021-09-27T00:00:00Z,2021-10-01T00:00:00Z,5
XRP/USDT,60,SIDEWAYS,2021-10-02T00:00:00Z,2021-11-29T00:00:00Z,59
XRP/USDT,61,TRANSITION,2021-11-30T00:00:00Z,2021-12-04T00:00:00Z,5
XRP/USDT,62,BEAR,2021-12-05T00:00:00Z,2021-12-23T00:00:00Z,19
XRP/USDT,63,BULL,2021-12-24T00:00:00Z,2021-12-24T00:00:00Z,1
XRP/USDT,64,BEAR,2021-12-25T00:00:00Z,2021-12-27T00:00:00Z,3
XRP/USDT,65,TRANSITION,2021-12-28T00:00:00Z,2022-01-06T00:00:00Z,10
XRP/USDT,66,BEAR,2022-01-07T00:00:00Z,2022-02-07T00:00:00Z,32
XRP/USDT,67,BULL,2022-02-08T00:00:00Z,2022-02-21T00:00:00Z,14
XRP/USDT,68,BEAR,2022-02-22T00:00:00Z,2022-02-22T00:00:00Z,1
XRP/USDT,69,TRANSITION,2022-02-23T00:00:00Z,2022-02-26T00:00:00Z,4
XRP/USDT,70,SIDEWAYS,2022-02-27T00:00:00Z,2022-03-28T00:00:00Z,30
XRP/USDT,71,TRANSITION,2022-03-29T00:00:00Z,2022-04-05T00:00:00Z,8
XRP/USDT,72,SIDEWAYS,2022-04-06T00:00:00Z,2022-04-12T00:00:00Z,7
XRP/USDT,73,TRANSITION,2022-04-13T00:00:00Z,2022-04-16T00:00:00Z,4
XRP/USDT,74,SIDEWAYS,2022-04-17T00:00:00Z,2022-04-25T00:00:00Z,9
XRP/USDT,75,TRANSITION,2022-04-26T00:00:00Z,2022-04-28T00:00:00Z,3
XRP/USDT,76,BEAR,2022-04-29T00:00:00Z,2022-06-24T00:00:00Z,57
XRP/USDT,77,BULL,2022-06-25T00:00:00Z,2022-06-28T00:00:00Z,4
XRP/USDT,78,BEAR,2022-06-29T00:00:00Z,2022-07-05T00:00:00Z,7
XRP/USDT,79,TRANSITION,2022-07-06T00:00:00Z,2022-07-10T00:00:00Z,5
XRP/USDT,80,SIDEWAYS,2022-07-11T00:00:00Z,2022-07-31T00:00:00Z,21
XRP/USDT,81,TRANSITION,2022-08-01T00:00:00Z,2022-08-06T00:00:00Z,6
XRP/USDT,82,BULL,2022-08-07T00:00:00Z,2022-08-12T00:00:00Z,6
XRP/USDT,83,TRANSITION,2022-08-13T00:00:00Z,2022-08-23T00:00:00Z,11
XRP/USDT,84,SIDEWAYS,2022-08-24T00:00:00Z,2022-09-22T00:00:00Z,30
XRP/USDT,85,TRANSITION,2022-09-23T00:00:00Z,2022-09-23T00:00:00Z,1
XRP/USDT,86,BULL,2022-09-24T00:00:00Z,2022-10-19T00:00:00Z,26
XRP/USDT,87,BEAR,2022-10-20T00:00:00Z,2022-10-20T00:00:00Z,1
XRP/USDT,88,TRANSITION,2022-10-21T00:00:00Z,2022-10-27T00:00:00Z,7
XRP/USDT,89,SIDEWAYS,2022-10-28T00:00:00Z,2022-11-10T00:00:00Z,14
XRP/USDT,90,TRANSITION,2022-11-11T00:00:00Z,2022-11-12T00:00:00Z,2
XRP/USDT,91,BEAR,2022-11-13T00:00:00Z,2023-01-13T00:00:00Z,62
XRP/USDT,92,BULL,2023-01-14T00:00:00Z,2023-02-01T00:00:00Z,19
XRP/USDT,93,TRANSITION,2023-02-02T00:00:00Z,2023-02-06T00:00:00Z,5
XRP/USDT,94,SIDEWAYS,2023-02-07T00:00:00Z,2023-02-13T00:00:00Z,7
XRP/USDT,95,TRANSITION,2023-02-14T00:00:00Z,2023-02-16T00:00:00Z,3
XRP/USDT,96,SIDEWAYS,2023-02-17T00:00:00Z,2023-03-05T00:00:00Z,17
XRP/USDT,97,TRANSITION,2023-03-06T00:00:00Z,2023-03-14T00:00:00Z,9
XRP/USDT,98,SIDEWAYS,2023-03-15T00:00:00Z,2023-03-21T00:00:00Z,7
XRP/USDT,99,TRANSITION,2023-03-22T00:00:00Z,2023-03-23T00:00:00Z,2
XRP/USDT,100,BULL,2023-03-24T00:00:00Z,2023-04-21T00:00:00Z,29
XRP/USDT,101,BEAR,2023-04-22T00:00:00Z,2023-04-24T00:00:00Z,3
XRP/USDT,102,BULL,2023-04-25T00:00:00Z,2023-04-26T00:00:00Z,2
XRP/USDT,103,BEAR,2023-04-27T00:00:00Z,2023-04-28T00:00:00Z,2
XRP/USDT,104,BULL,2023-04-29T00:00:00Z,2023-04-29T00:00:00Z,1
XRP/USDT,105,TRANSITION,2023-04-30T00:00:00Z,2023-05-03T00:00:00Z,4
XRP/USDT,106,SIDEWAYS,2023-05-04T00:00:00Z,2023-05-09T00:00:00Z,6
XRP/USDT,107,TRANSITION,2023-05-10T00:00:00Z,2023-05-21T00:00:00Z,12
XRP/USDT,108,SIDEWAYS,2023-05-22T00:00:00Z,2023-05-31T00:00:00Z,10
XRP/USDT,109,TRANSITION,2023-06-01T00:00:00Z,2023-06-03T00:00:00Z,3
XRP/USDT,110,BULL,2023-06-04T00:00:00Z,2023-06-10T00:00:00Z,7
XRP/USDT,111,BEAR,2023-06-11T00:00:00Z,2023-06-12T00:00:00Z,2
XRP/USDT,112,TRANSITION,2023-06-13T00:00:00Z,2023-06-17T00:00:00Z,5
XRP/USDT,113,SIDEWAYS,2023-06-18T00:00:00Z,2023-07-14T00:00:00Z,27
XRP/USDT,114,TRANSITION,2023-07-15T00:00:00Z,2023-07-15T00:00:00Z,1
XRP/USDT,115,BULL,2023-07-16T00:00:00Z,2023-08-07T00:00:00Z,23
XRP/USDT,116,BEAR,2023-08-08T00:00:00Z,2023-08-08T00:00:00Z,1
XRP/USDT,117,BULL,2023-08-09T00:00:00Z,2023-08-12T00:00:00Z,4
XRP/USDT,118,TRANSITION,2023-08-13T00:00:00Z,2023-08-18T00:00:00Z,6
XRP/USDT,119,BEAR,2023-08-19T00:00:00Z,2023-09-24T00:00:00Z,37
XRP/USDT,120,TRANSITION,2023-09-25T00:00:00Z,2023-10-17T00:00:00Z,23
XRP/USDT,121,SIDEWAYS,2023-10-18T00:00:00Z,2023-10-20T00:00:00Z,3
XRP/USDT,122,TRANSITION,2023-10-21T00:00:00Z,2023-10-24T00:00:00Z,4
XRP/USDT,123,BULL,2023-10-25T00:00:00Z,2023-12-04T00:00:00Z,41
XRP/USDT,124,TRANSITION,2023-12-05T00:00:00Z,2023-12-12T00:00:00Z,8
XRP/USDT,125,SIDEWAYS,2023-12-13T00:00:00Z,2024-01-06T00:00:00Z,25
XRP/USDT,126,TRANSITION,2024-01-07T00:00:00Z,2024-01-09T00:00:00Z,3
XRP/USDT,127,BEAR,2024-01-10T00:00:00Z,2024-02-15T00:00:00Z,37
XRP/USDT,128,BULL,2024-02-16T00:00:00Z,2024-02-19T00:00:00Z,4
XRP/USDT,129,TRANSITION,2024-02-20T00:00:00Z,2024-02-24T00:00:00Z,5
XRP/USDT,130,SIDEWAYS,2024-02-25T00:00:00Z,2024-03-04T00:00:00Z,9
XRP/USDT,131,TRANSITION,2024-03-05T00:00:00Z,2024-03-05T00:00:00Z,1
XRP/USDT,132,SIDEWAYS,2024-03-06T00:00:00Z,2024-04-15T00:00:00Z,41
XRP/USDT,133,TRANSITION,2024-04-16T00:00:00Z,2024-04-19T00:00:00Z,4
XRP/USDT,134,BEAR,2024-04-20T00:00:00Z,2024-04-22T00:00:00Z,3
XRP/USDT,135,TRANSITION,2024-04-23T00:00:00Z,2024-05-08T00:00:00Z,16
XRP/USDT,136,SIDEWAYS,2024-05-09T00:00:00Z,2024-06-08T00:00:00Z,31
XRP/USDT,137,TRANSITION,2024-06-09T00:00:00Z,2024-06-10T00:00:00Z,2
XRP/USDT,138,BEAR,2024-06-11T00:00:00Z,2024-07-13T00:00:00Z,33
XRP/USDT,139,BULL,2024-07-14T00:00:00Z,2024-08-04T00:00:00Z,22
XRP/USDT,140,BEAR,2024-08-05T00:00:00Z,2024-08-07T00:00:00Z,3
XRP/USDT,141,BULL,2024-08-08T00:00:00Z,2024-08-11T00:00:00Z,4
XRP/USDT,142,TRANSITION,2024-08-12T00:00:00Z,2024-08-14T00:00:00Z,3
XRP/USDT,143,SIDEWAYS,2024-08-15T00:00:00Z,2024-09-08T00:00:00Z,25
XRP/USDT,144,TRANSITION,2024-09-09T00:00:00Z,2024-09-15T00:00:00Z,7
XRP/USDT,145,SIDEWAYS,2024-09-16T00:00:00Z,2024-11-03T00:00:00Z,49
XRP/USDT,146,TRANSITION,2024-11-04T00:00:00Z,2024-11-12T00:00:00Z,9
XRP/USDT,147,BULL,2024-11-13T00:00:00Z,2024-12-23T00:00:00Z,41
XRP/USDT,148,BEAR,2024-12-24T00:00:00Z,2024-12-24T00:00:00Z,1
XRP/USDT,149,BULL,2024-12-25T00:00:00Z,2024-12-26T00:00:00Z,2
XRP/USDT,150,BEAR,2024-12-27T00:00:00Z,2024-12-30T00:00:00Z,4
XRP/USDT,151,TRANSITION,2024-12-31T00:00:00Z,2025-01-05T00:00:00Z,6
XRP/USDT,152,SIDEWAYS,2025-01-06T00:00:00Z,2025-01-17T00:00:00Z,12
XRP/USDT,153,TRANSITION,2025-01-18T00:00:00Z,2025-01-27T00:00:00Z,10
XRP/USDT,154,SIDEWAYS,2025-01-28T00:00:00Z,2025-02-03T00:00:00Z,7
XRP/USDT,155,TRANSITION,2025-02-04T00:00:00Z,2025-02-05T00:00:00Z,2
XRP/USDT,156,BEAR,2025-02-06T00:00:00Z,2025-03-02T00:00:00Z,25
XRP/USDT,157,BULL,2025-03-03T00:00:00Z,2025-03-07T00:00:00Z,5
XRP/USDT,158,BEAR,2025-03-08T00:00:00Z,2025-03-08T00:00:00Z,1
XRP/USDT,159,TRANSITION,2025-03-09T00:00:00Z,2025-03-16T00:00:00Z,8
XRP/USDT,160,SIDEWAYS,2025-03-17T00:00:00Z,2025-04-07T00:00:00Z,22
XRP/USDT,161,TRANSITION,2025-04-08T00:00:00Z,2025-04-22T00:00:00Z,15
XRP/USDT,162,SIDEWAYS,2025-04-23T00:00:00Z,2025-05-14T00:00:00Z,22
XRP/USDT,163,TRANSITION,2025-05-15T00:00:00Z,2025-05-18T00:00:00Z,4
XRP/USDT,164,SIDEWAYS,2025-05-19T00:00:00Z,2025-07-11T00:00:00Z,54
XRP/USDT,165,TRANSITION,2025-07-12T00:00:00Z,2025-07-12T00:00:00Z,1
XRP/USDT,166,BULL,2025-07-13T00:00:00Z,2025-08-18T00:00:00Z,37
XRP/USDT,167,TRANSITION,2025-08-19T00:00:00Z,2025-08-23T00:00:00Z,5
XRP/USDT,168,SIDEWAYS,2025-08-24T00:00:00Z,2025-10-11T00:00:00Z,49
XRP/USDT,169,TRANSITION,2025-10-12T00:00:00Z,2025-10-13T00:00:00Z,2
XRP/USDT,170,BEAR,2025-10-14T00:00:00Z,2025-11-28T00:00:00Z,46
XRP/USDT,171,TRANSITION,2025-11-29T00:00:00Z,2025-12-09T00:00:00Z,11
XRP/USDT,172,SIDEWAYS,2025-12-10T00:00:00Z,2025-12-16T00:00:00Z,7
XRP/USDT,173,TRANSITION,2025-12-17T00:00:00Z,2025-12-25T00:00:00Z,9
XRP/USDT,174,BEAR,2025-12-26T00:00:00Z,2026-01-02T00:00:00Z,8
XRP/USDT,175,TRANSITION,2026-01-03T00:00:00Z,2026-01-05T00:00:00Z,3
XRP/USDT,176,BULL,2026-01-06T00:00:00Z,2026-01-18T00:00:00Z,13
XRP/USDT,177,TRANSITION,2026-01-19T00:00:00Z,2026-01-27T00:00:00Z,9
XRP/USDT,178,BEAR,2026-01-28T00:00:00Z,2026-03-07T00:00:00Z,39
XRP/USDT,179,TRANSITION,2026-03-08T00:00:00Z,2026-03-11T00:00:00Z,4
XRP/USDT,180,SIDEWAYS,2026-03-12T00:00:00Z,2026-03-17T00:00:00Z,6
XRP/USDT,181,TRANSITION,2026-03-18T00:00:00Z,2026-03-26T00:00:00Z,9
XRP/USDT,182,SIDEWAYS,2026-03-27T00:00:00Z,2026-06-01T00:00:00Z,67
XRP/USDT,183,TRANSITION,2026-06-02T00:00:00Z,2026-06-04T00:00:00Z,3
XRP/USDT,184,BEAR,2026-06-05T00:00:00Z,2026-06-15T00:00:00Z,11
XRP/USDT,185,BULL,2026-06-16T00:00:00Z,2026-06-17T00:00:00Z,2
XRP/USDT,186,BEAR,2026-06-18T00:00:00Z,2026-06-22T00:00:00Z,5
XRP/USDT,187,TRANSITION,2026-06-23T00:00:00Z,2026-06-24T00:00:00Z,2
XRP/USDT,188,BEAR,2026-06-25T00:00:00Z,2026-07-03T00:00:00Z,9
XRP/USDT,189,TRANSITION,2026-07-04T00:00:00Z,2026-07-08T00:00:00Z,5
XRP/USDT,190,SIDEWAYS,2026-07-09T00:00:00Z,2026-08-14T00:00:00Z,37
XRP/USDT,191,TRANSITION,2026-08-15T00:00:00Z,2026-08-17T00:00:00Z,3
XRP/USDT,192,BEAR,2026-08-18T00:00:00Z,2026-08-19T00:00:00Z,2
XRP/USDT,193,BULL,2026-08-20T00:00:00Z,2026-08-20T00:00:00Z,1
