strategy_id,btc_regime,episodes,positive_episodes,negative_episodes,median_episode_profit,worst_episode_profit,best_episode_profit,episode_win_rate
ADXDM,BEAR,30,24,6,1.791323695,-117.2417512,14.7319099,0.8
ADXDM,BULL,30,24,6,2.962649975,-50.27281017,26.91011942,0.8
ADXDM,SIDEWAYS,33,27,6,1.25877564,-41.39888445,20.4154324,0.818181818182
ADXDM,TRANSITION,56,40,16,0.51402902,-86.962434,20.86030763,0.714285714286
ADXMomentum,BEAR,6,4,2,1.18320895,-5.10400374,3.57112419,0.666666666667
ADXMomentum,BULL,11,6,5,1.18703266,-14.28863076,9.54795567,0.545454545455
ADXMomentum,SIDEWAYS,12,6,6,0.548121795,-8.5914445,3.74751376,0.5
ADXMomentum,TRANSITION,7,4,3,1.19200372,-9.3118525,3.60419648,0.571428571429
ADX_15M_USDT,BEAR,43,28,15,0.44734588,-566.73584529,110.51924562,0.651162790698
ADX_15M_USDT,BULL,38,9,29,-4.529631165,-140.88206847,83.55690024,0.236842105263
ADX_15M_USDT,SIDEWAYS,40,26,14,2.45114198,-79.03979029,132.38909809,0.65
ADX_15M_USDT,TRANSITION,84,41,43,-0.084346985,-77.01308381,120.19346678,0.488095238095
ADX_15M_USDT2,BEAR,32,20,12,3.723900055,-1359.64031713,380.73468978,0.625
ADX_15M_USDT2,BULL,34,17,17,-0.00345277,-394.93952147,565.2133973,0.5
ADX_15M_USDT2,SIDEWAYS,34,26,8,6.14616004,-507.63779604,460.10988134,0.764705882353
ADX_15M_USDT2,TRANSITION,73,53,20,1.94229338,-599.56124658,544.34759636,0.72602739726
ASDTSRockwellTrading,BEAR,4,0,4,-13.755469565,-105.17932413,-6.98934894,0
ASDTSRockwellTrading,BULL,3,0,3,-55.69216899,-240.4523768,-33.41290542,0
ASDTSRockwellTrading,SIDEWAYS,4,0,4,-57.851438725,-200.30499395,-2.31617471,0
ASDTSRockwellTrading,TRANSITION,8,0,8,-18.57300948,-63.60754068,-4.05425757,0
ActionZone,BEAR,21,6,15,-10.72381571,-40.83429378,84.72311447,0.285714285714
ActionZone,BULL,28,9,19,-10.79211159,-95.87306817,610.19046539,0.321428571429
ActionZone,SIDEWAYS,34,12,22,-6.9813011,-75.45011855,432.99557073,0.352941176471
ActionZone,TRANSITION,48,16,32,-7.521378355,-56.63556435,421.82926291,0.333333333333
AdaptiveMAStrategy,BEAR,45,7,38,-2.151777,-93.86582054,4.01650982,0.155555555556
AdaptiveMAStrategy,BULL,39,4,35,-1.76085905,-63.89998037,1.11578719,0.102564102564
AdaptiveMAStrategy,SIDEWAYS,40,2,38,-2.37902107,-33.05539642,0.52758389,0.05
AdaptiveMAStrategy,TRANSITION,85,16,69,-0.65879287,-16.59268663,2.51705588,0.188235294118
AdaptiveRegime,BEAR,17,3,14,-28.76490012,-479.12305084,54.87250688,0.176470588235
AdaptiveRegime,BULL,21,7,14,-12.47083411,-56.31840898,355.93729086,0.333333333333
AdaptiveRegime,SIDEWAYS,22,10,12,-1.566096525,-66.30438876,485.97313307,0.454545454545
AdaptiveRegime,TRANSITION,34,10,24,-7.251023645,-119.11943361,102.39622449,0.294117647059
AdxSmas,BEAR,43,20,23,-0.691675,-1001.73088552,59.96746843,0.46511627907
AdxSmas,BULL,39,15,24,-2.50359135,-280.77629118,274.49408121,0.384615384615
AdxSmas,SIDEWAYS,41,19,22,-1.02652986,-141.26121204,327.77924865,0.463414634146
AdxSmas,TRANSITION,83,37,46,-0.84774289,-248.06677098,178.09292311,0.44578313253
AdxSmasS,BEAR,44,15,29,-4.04800626,-204.67919317,64.18518776,0.340909090909
AdxSmasS,BULL,37,20,17,0.90397159,-89.22010755,47.84750016,0.540540540541
AdxSmasS,SIDEWAYS,41,13,28,-2.29509788,-91.13228039,19.86117601,0.317073170732
AdxSmasS,TRANSITION,86,49,37,0.551680855,-64.0477007,40.03707421,0.56976744186
AdxStrengthStrategy,BEAR,23,3,20,-7.91163492,-44.77774594,5.1023773,0.130434782609
AdxStrengthStrategy,BULL,17,2,15,-7.26800698,-71.11181182,0.55534233,0.117647058824
AdxStrengthStrategy,SIDEWAYS,16,0,16,-5.48780207,-40.73525764,-0.1261046,0
AdxStrengthStrategy,TRANSITION,36,3,33,-3.12627449,-30.90900175,1.06664737,0.0833333333333
AlligatorStrat,BEAR,41,22,19,4.44088434,-752.1468257,177.15674563,0.536585365854
AlligatorStrat,BULL,31,12,19,-6.28381868,-112.37653352,279.24588634,0.387096774194
AlligatorStrat,SIDEWAYS,39,21,18,19.16456556,-170.2692381,503.10737927,0.538461538462
AlligatorStrat,TRANSITION,80,29,51,-8.26405805,-273.93262497,146.6249008,0.3625
AlligatorStrategy,BEAR,36,12,24,-22.967184105,-1206.01811608,765.42994247,0.333333333333
AlligatorStrategy,BULL,36,7,29,-37.310219515,-444.49718122,1572.43853114,0.194444444444
AlligatorStrategy,SIDEWAYS,38,21,17,28.38870157,-670.6884114,1414.31430937,0.552631578947
AlligatorStrategy,TRANSITION,67,17,50,-34.66799566,-387.77172315,3519.56228137,0.253731343284
AlmgrenChrissStrategy,BEAR,34,15,19,-0.170665355,-227.84039933,19.23795345,0.441176470588
AlmgrenChrissStrategy,BULL,26,11,15,-0.542369965,-120.96894494,17.65316449,0.423076923077
AlmgrenChrissStrategy,SIDEWAYS,28,7,21,-0.816971125,-38.88930227,17.37708507,0.25
AlmgrenChrissStrategy,TRANSITION,63,32,31,0.03884577,-65.67598687,28.71992607,0.507936507937
AlwaysBuy,BEAR,12,6,6,-2.221251005,-254.64584933,38.68635272,0.5
AlwaysBuy,BULL,10,2,8,-26.788847815,-252.17138015,30.39555712,0.2
AlwaysBuy,SIDEWAYS,8,5,3,11.06092563,-84.96688167,116.65556534,0.625
AlwaysBuy,TRANSITION,20,10,10,-5.31478879,-118.1853752,50.57810544,0.5
AntigravityGridStrategy,BEAR,31,11,20,-1.00091584,-71.30385622,6.56663942,0.354838709677
AntigravityGridStrategy,BULL,26,5,21,-5.48895757,-82.35555463,0.82376258,0.192307692308
AntigravityGridStrategy,SIDEWAYS,26,5,21,-2.977020125,-41.04695273,17.79527882,0.192307692308
AntigravityGridStrategy,TRANSITION,56,10,46,-1.45339739,-27.44012034,9.6677184,0.178571428571
Apollo11,BEAR,42,24,18,1.65003189,-883.68465414,126.9438852,0.571428571429
Apollo11,BULL,34,12,22,-5.51609086,-132.45591357,190.18031155,0.352941176471
Apollo11,SIDEWAYS,39,22,17,0.90031712,-121.98741861,471.14901698,0.564102564103
Apollo11,TRANSITION,79,36,43,-1.12982004,-467.53173758,186.56769195,0.455696202532
Argrelextrema,BEAR,3,0,3,-57.37433487,-424.56031878,-0.13090807,0
Argrelextrema,BULL,2,0,2,-21.70138903,-38.28421763,-5.11856043,0
Argrelextrema,SIDEWAYS,2,0,2,-38.35073763,-73.34425221,-3.35722305,0
Argrelextrema,TRANSITION,6,0,6,-24.710541525,-262.30462784,-2.51387211,0
AroonTrendStrategy,BEAR,7,1,6,-9.14892318,-56.8880694,2.9484885,0.142857142857
AroonTrendStrategy,BULL,7,0,7,-28.41311875,-210.29757319,-0.63936451,0
AroonTrendStrategy,SIDEWAYS,6,1,5,-42.89427954,-89.45602054,0.78154276,0.166666666667
AroonTrendStrategy,TRANSITION,13,1,12,-8.23475782,-70.24585748,1.10494632,0.0769230769231
AtrTrailingStopStrategy,BEAR,7,0,7,-12.52884452,-42.39403509,-1.48189079,0
AtrTrailingStopStrategy,BULL,8,0,8,-23.97564055,-164.59380686,-0.72357754,0
AtrTrailingStopStrategy,SIDEWAYS,7,0,7,-40.8107969,-119.63079751,-1.15065814,0
AtrTrailingStopStrategy,TRANSITION,14,0,14,-11.101838905,-64.39564361,-1.06862828,0
AverageStrategy,BEAR,37,11,26,-41.57331626,-810.24955891,971.62323847,0.297297297297
AverageStrategy,BULL,30,12,18,-18.670442665,-384.68859024,813.88163892,0.4
AverageStrategy,SIDEWAYS,40,21,19,24.448350955,-275.83391109,1171.39173035,0.525
AverageStrategy,TRANSITION,71,19,52,-18.05482389,-690.73252168,697.03362652,0.267605633803
AwesomeMacd,BEAR,40,18,22,-1.236142705,-227.07551113,122.75825269,0.45
AwesomeMacd,BULL,36,8,28,-9.186422455,-175.16044624,326.62046423,0.222222222222
AwesomeMacd,SIDEWAYS,41,17,24,-1.95718166,-55.60880591,244.50913303,0.414634146341
AwesomeMacd,TRANSITION,83,24,59,-5.35879765,-96.97956999,87.6586913,0.289156626506
BB10fall,BEAR,38,24,14,9.372225675,-976.09430231,251.48178794,0.631578947368
BB10fall,BULL,38,20,18,0.999606975,-280.82452209,375.2468806,0.526315789474
BB10fall,SIDEWAYS,39,25,14,11.7601173,-1081.17979485,661.74682448,0.641025641026
BB10fall,TRANSITION,77,39,38,0.5657725,-403.2767096,344.32751768,0.506493506494
BBKCBounce,BEAR,18,12,6,6.096227005,-178.71484976,117.85087367,0.666666666667
BBKCBounce,BULL,18,15,3,11.460067,-43.97192049,245.85065195,0.833333333333
BBKCBounce,SIDEWAYS,18,13,5,5.19800251,-53.4904481,82.34469563,0.722222222222
BBKCBounce,TRANSITION,30,22,8,2.341409645,-116.80603387,133.47178529,0.733333333333
BBMod,BEAR,33,20,13,2.92487166,-166.57154572,321.70465696,0.606060606061
BBMod,BULL,31,19,12,4.39811332,-73.5488094,331.18557303,0.612903225806
BBMod,SIDEWAYS,31,18,13,3.40147187,-193.3766152,148.00781816,0.58064516129
BBMod,TRANSITION,66,41,25,2.9264064,-158.79652611,88.06126973,0.621212121212
BBRSI,BEAR,22,18,4,0.26823701,-173.02589453,7.7256398,0.818181818182
BBRSI,BULL,29,19,10,1.52860809,-189.7916428,18.47179404,0.655172413793
BBRSI,SIDEWAYS,29,22,7,2.10665407,-38.83703247,14.00434756,0.758620689655
BBRSI,TRANSITION,50,35,15,0.063656985,-81.89635822,8.04778723,0.7
BBRSI21,BEAR,38,28,10,5.05786782,-792.0753319,211.78367491,0.736842105263
BBRSI21,BULL,39,28,11,1.47104378,-390.11893119,361.94666989,0.717948717949
BBRSI21,SIDEWAYS,40,33,7,7.190547515,-330.7736854,301.18028382,0.825
BBRSI21,TRANSITION,82,69,13,3.58709412,-181.25462291,83.39302516,0.841463414634
BBRSI3366,BEAR,25,14,11,0.59529072,-588.71018673,51.43808534,0.56
BBRSI3366,BULL,20,7,13,-1.36776327,-67.103273,98.05099547,0.35
BBRSI3366,SIDEWAYS,18,6,12,-1.85037983,-64.68621704,143.87140422,0.333333333333
BBRSI3366,TRANSITION,40,13,27,-2.730730075,-136.05398619,53.65546027,0.325
BBRSI4cust,BEAR,26,8,18,-1.34139756,-133.99416487,2.48852259,0.307692307692
BBRSI4cust,BULL,20,2,18,-4.914233425,-52.96275044,0.04567785,0.1
BBRSI4cust,SIDEWAYS,18,1,17,-3.41616739,-96.74963627,0.79791406,0.0555555555556
BBRSI4cust,TRANSITION,41,4,37,-1.87659797,-35.86889344,0.86388331,0.0975609756098
BBRSINaiveStrategy,BEAR,41,22,19,0.49639404,-812.6976888,64.51222456,0.536585365854
BBRSINaiveStrategy,BULL,37,13,24,-0.88629007,-246.16648067,283.80859047,0.351351351351
BBRSINaiveStrategy,SIDEWAYS,39,21,18,0.30118668,-45.02539326,291.27218003,0.538461538462
BBRSINaiveStrategy,TRANSITION,80,33,47,-1.565177575,-190.32336636,114.46240208,0.4125
BBRSIOptim2020Strategy,BEAR,31,8,23,-1.16142786,-121.88655202,51.71528699,0.258064516129
BBRSIOptim2020Strategy,BULL,26,7,19,-2.438927445,-114.12963742,129.01093369,0.269230769231
BBRSIOptim2020Strategy,SIDEWAYS,24,5,19,-5.0042345,-86.91653998,54.2070295,0.208333333333
BBRSIOptim2020Strategy,TRANSITION,53,12,41,-1.28441663,-124.42309541,63.75829317,0.22641509434
BBRSIOptimStrategy,BEAR,32,20,12,4.60850118,-2320.9834455,1396.74509751,0.625
BBRSIOptimStrategy,BULL,35,20,15,1.2355772,-1114.68733815,1120.80768442,0.571428571429
BBRSIOptimStrategy,SIDEWAYS,34,25,9,15.313991935,-912.10855344,1669.34574329,0.735294117647
BBRSIOptimStrategy,TRANSITION,67,52,15,6.41985885,-1489.25004181,795.40553038,0.776119402985
BBRSIOptimizedStrategy,BEAR,45,28,17,0.81043779,-1169.37536643,312.07483438,0.622222222222
BBRSIOptimizedStrategy,BULL,39,18,21,-0.19291914,-59.73870613,292.60541549,0.461538461538
BBRSIOptimizedStrategy,SIDEWAYS,41,15,26,-2.18201146,-67.92112501,284.63467595,0.365853658537
BBRSIOptimizedStrategy,TRANSITION,85,29,56,-1.62602104,-288.27132378,160.37043359,0.341176470588
BBRSIStrategy,BEAR,30,20,10,1.75431958,-1612.21292713,325.14846201,0.666666666667
BBRSIStrategy,BULL,33,18,15,0.34261641,-290.36207689,487.32725376,0.545454545455
BBRSIStrategy,SIDEWAYS,35,27,8,2.98891925,-508.72660439,394.44547723,0.771428571429
BBRSIStrategy,TRANSITION,69,53,16,1.94042089,-410.11892808,302.27300727,0.768115942029
BBRSITV,BEAR,16,9,7,1.321206495,-42.3925106,71.81451638,0.5625
BBRSITV,BULL,18,10,8,1.69529191,-13.16991754,64.07119315,0.555555555556
BBRSITV,SIDEWAYS,17,12,5,2.90559188,-13.09774488,26.19935006,0.705882352941
BBRSITV,TRANSITION,19,9,10,-1.59741059,-51.04488523,111.8656163,0.473684210526
BBRSIoriginal,BEAR,38,33,5,1.572502575,-363.31881841,30.22004718,0.868421052632
BBRSIoriginal,BULL,39,25,14,0.87220835,-97.88516152,94.05852554,0.641025641026
BBRSIoriginal,SIDEWAYS,39,29,10,2.06950876,-70.42376408,57.78804399,0.74358974359
BBRSIoriginal,TRANSITION,76,52,24,0.503238445,-46.9262973,36.89358889,0.684210526316
BBRSIv2,BEAR,17,15,2,15.74712721,-173.11056429,217.73226461,0.882352941176
BBRSIv2,BULL,19,16,3,15.9955871,-297.9235871,148.33286149,0.842105263158
BBRSIv2,SIDEWAYS,22,21,1,15.686620875,-157.42596825,64.34379825,0.954545454545
BBRSIv2,TRANSITION,32,31,1,7.132183225,-131.35972192,74.4171299,0.96875
BB_RPB_TSL_RNG,BEAR,13,11,2,7.47410732,-0.40691424,353.78026056,0.846153846154
BB_RPB_TSL_RNG,BULL,14,14,0,23.85675326,2.35919217,126.77310889,1
BB_RPB_TSL_RNG,SIDEWAYS,12,7,5,1.79626279,-30.8577043,57.58382389,0.583333333333
BB_RPB_TSL_RNG,TRANSITION,16,9,7,3.079273705,-30.81604471,37.49497327,0.5625
BB_RPB_TSL_RNG_2,BEAR,13,11,2,7.53407066,-0.4096709,346.55414247,0.846153846154
BB_RPB_TSL_RNG_2,BULL,14,14,0,23.85460954,2.42176771,142.27158393,1
BB_RPB_TSL_RNG_2,SIDEWAYS,12,6,6,1.21012666,-31.4424155,58.67335489,0.5
BB_RPB_TSL_RNG_2,TRANSITION,16,10,6,3.139393005,-29.4165676,38.20296351,0.625
BB_RPB_TSL_RNG_TBS,BEAR,13,11,2,7.47410732,-0.40691424,353.78026056,0.846153846154
BB_RPB_TSL_RNG_TBS,BULL,14,14,0,23.85675326,2.35919217,126.77310889,1
BB_RPB_TSL_RNG_TBS,SIDEWAYS,12,7,5,1.79626279,-30.8577043,57.58382389,0.583333333333
BB_RPB_TSL_RNG_TBS,TRANSITION,16,9,7,3.079273705,-30.81604471,37.49497327,0.5625
BB_RPB_TSL_RNG_TBS_GOLD,BEAR,13,10,3,2.91445999,-4.25301998,41.42974532,0.769230769231
BB_RPB_TSL_RNG_TBS_GOLD,BULL,14,8,6,1.47128639,-47.71933471,24.42493697,0.571428571429
BB_RPB_TSL_RNG_TBS_GOLD,SIDEWAYS,12,6,6,-0.11627137,-47.30122987,26.6023789,0.5
BB_RPB_TSL_RNG_TBS_GOLD,TRANSITION,16,6,10,-0.34606883,-47.28317609,5.88455801,0.375
BB_RPB_TSL_RNG_VWAP,BEAR,20,16,4,10.88599006,-176.83808848,42.00937971,0.8
BB_RPB_TSL_RNG_VWAP,BULL,18,15,3,14.12727011,-209.52641404,274.14782299,0.833333333333
BB_RPB_TSL_RNG_VWAP,SIDEWAYS,15,9,6,2.6562304,-57.7701164,48.79116376,0.6
BB_RPB_TSL_RNG_VWAP,TRANSITION,31,25,6,4.3812184,-65.95386801,82.10119961,0.806451612903
BB_RPB_TSL_c7c477d_20211030,BEAR,10,3,7,-0.512372005,-14.98723587,3.22842336,0.3
BB_RPB_TSL_c7c477d_20211030,BULL,16,9,7,0.764788875,-20.91701035,13.82174476,0.5625
BB_RPB_TSL_c7c477d_20211030,SIDEWAYS,11,3,8,-1.16360532,-16.0651311,19.10006412,0.272727272727
BB_RPB_TSL_c7c477d_20211030,TRANSITION,15,6,9,-0.07542534,-10.80030093,2.2159909,0.4
BB_RSI,BEAR,9,3,6,-4.39359162,-64.27830958,46.29283644,0.333333333333
BB_RSI,BULL,8,1,7,-81.593367465,-247.78363247,3.39373631,0.125
BB_RSI,SIDEWAYS,8,6,2,9.663707935,-28.05694432,100.38932733,0.75
BB_RSI,TRANSITION,17,7,10,-1.44596049,-204.59196907,56.27388302,0.411764705882
BB_RTR,BEAR,15,11,4,14.92072976,-42.47547173,386.89291766,0.733333333333
BB_RTR,BULL,14,13,1,43.580015055,-1.37069729,206.61838283,0.928571428571
BB_RTR,SIDEWAYS,11,7,4,12.60329355,-14.2404353,108.42306761,0.636363636364
BB_RTR,TRANSITION,22,18,4,11.445921755,-50.09626587,79.15909075,0.818181818182
BB_Strategy04,BEAR,37,27,10,6.14663714,-346.47465293,62.30761806,0.72972972973
BB_Strategy04,BULL,34,23,11,3.04174682,-70.47771873,97.036221,0.676470588235
BB_Strategy04,SIDEWAYS,37,22,15,4.46720317,-70.0725661,121.0616809,0.594594594595
BB_Strategy04,TRANSITION,74,45,29,2.00428748,-146.7070171,24.08557077,0.608108108108
BBandsRSI,BEAR,13,3,10,-0.40289285,-81.79741813,0.01226473,0.230769230769
BBandsRSI,BULL,11,0,11,-22.34554661,-158.65275803,-0.26958636,0
BBandsRSI,SIDEWAYS,8,1,7,-7.77706683,-49.80184694,0.00510245,0.125
BBandsRSI,TRANSITION,21,0,21,-5.35572921,-70.87784207,-0.00178476,0
BBlower,BEAR,38,28,10,5.46205585,-127.7071949,85.27281235,0.736842105263
BBlower,BULL,36,15,21,-0.007523065,-110.15723466,92.91661967,0.416666666667
BBlower,SIDEWAYS,38,27,11,5.49769229,-90.25390002,65.09846976,0.710526315789
BBlower,TRANSITION,79,44,35,0.86339223,-101.82276428,30.14306655,0.556962025316
Babico_SMA5xBBmid,BEAR,5,4,1,186.65361,-900.1610072,690.85521697,0.8
Babico_SMA5xBBmid,BULL,7,6,1,95.49065776,-1754.18824597,3361.1196165,0.857142857143
Babico_SMA5xBBmid,SIDEWAYS,9,8,1,161.76209328,-1573.0091445,330.12257271,0.888888888889
Babico_SMA5xBBmid,TRANSITION,10,8,2,116.78606843,-648.05900771,715.86528078,0.8
Bandtastic,BEAR,38,22,16,0.94686084,-1511.62548178,445.29634168,0.578947368421
Bandtastic,BULL,31,14,17,-0.33220631,-124.02564636,236.22494939,0.451612903226
Bandtastic,SIDEWAYS,34,14,20,-0.83528766,-129.95752863,655.21972346,0.411764705882
Bandtastic,TRANSITION,70,27,43,-2.28953513,-409.27184131,434.7772153,0.385714285714
BbRoi,BEAR,10,4,6,-1.53682282,-59.95630376,10.73588697,0.4
BbRoi,BULL,9,0,9,-59.97101086,-182.52898781,-4.73519228,0
BbRoi,SIDEWAYS,8,4,4,-0.835598025,-60.56529788,22.03063648,0.5
BbRoi,TRANSITION,19,5,14,-6.00852703,-40.63926402,22.08891224,0.263157894737
BbWidthExpansionStrategy,BEAR,14,2,12,-8.690518705,-41.7423371,0.15290523,0.142857142857
BbWidthExpansionStrategy,BULL,11,0,11,-21.67213258,-106.33773099,-0.49698841,0
BbWidthExpansionStrategy,SIDEWAYS,10,0,10,-12.320423645,-56.91997693,-1.21440942,0
BbWidthExpansionStrategy,TRANSITION,23,1,22,-4.64883805,-24.14586724,3.09800183,0.0434782608696
BbandRsiRolling,BEAR,44,23,21,1.197289385,-3712.1976813,951.15879604,0.522727272727
BbandRsiRolling,BULL,38,19,19,-0.149384095,-96.85060043,560.02567597,0.5
BbandRsiRolling,SIDEWAYS,41,23,18,3.82968505,-466.68120982,1764.11891494,0.560975609756
BbandRsiRolling,TRANSITION,84,34,50,-5.525539125,-1083.1934297,640.77913867,0.404761904762
BigDrop,BEAR,41,31,10,10.45440658,-2833.13090509,930.80872317,0.756097560976
BigDrop,BULL,37,24,13,6.34589765,-392.08044138,896.77050532,0.648648648649
BigDrop,SIDEWAYS,38,30,8,31.88982401,-784.23001172,926.24032419,0.789473684211
BigDrop,TRANSITION,77,55,22,16.35742717,-548.05369903,931.46775292,0.714285714286
BigPete,BEAR,36,19,17,0.75224248,-800.20106272,128.84303833,0.527777777778
BigPete,BULL,27,7,20,-5.24334284,-198.67822953,98.55917069,0.259259259259
BigPete,SIDEWAYS,31,16,15,0.36004776,-84.8826867,469.59241624,0.516129032258
BigPete,TRANSITION,65,29,36,-0.75077389,-313.58032521,120.86711077,0.446153846154
BigTrader,BEAR,4,4,0,20.7538683,4.98054744,103.35651185,1
BigTrader,BULL,9,9,0,18.75828114,5.3946635,53.08543276,1
BigTrader,SIDEWAYS,5,5,0,26.64786613,4.2977975,52.37550248,1
BigTrader,TRANSITION,10,10,0,14.11958269,3.39584112,29.61598602,1
BigZ03,BEAR,20,19,1,7.581742425,-97.82832759,208.63339422,0.95
BigZ03,BULL,23,20,3,11.30066824,-158.76040294,121.89544125,0.869565217391
BigZ03,SIDEWAYS,28,25,3,7.4492251,-37.4982687,47.46291365,0.892857142857
BigZ03,TRANSITION,52,46,6,6.48110953,-84.85299311,36.42853415,0.884615384615
BigZ03HO,BEAR,33,17,16,0.5790473,-451.40269305,58.85385674,0.515151515152
BigZ03HO,BULL,35,10,25,-2.62765981,-208.45813266,71.32397835,0.285714285714
BigZ03HO,SIDEWAYS,35,21,14,0.2398085,-56.75539348,100.91578391,0.6
BigZ03HO,TRANSITION,67,33,34,-0.1456515,-72.31967416,42.92704261,0.492537313433
BigZ04_TSL3,BEAR,22,12,10,0.796146,-189.83959348,7.44409384,0.545454545455
BigZ04_TSL3,BULL,25,14,11,0.96628092,-41.92706658,17.98942044,0.56
BigZ04_TSL3,SIDEWAYS,29,19,10,1.31643987,-58.30089683,16.30175393,0.655172413793
BigZ04_TSL3,TRANSITION,56,42,14,1.188898375,-109.76557985,7.58144343,0.75
BigZ04_TSL4,BEAR,22,12,10,0.792282305,-191.56070172,7.44800816,0.545454545455
BigZ04_TSL4,BULL,25,14,11,0.9500304,-42.23457292,14.73550432,0.56
BigZ04_TSL4,SIDEWAYS,31,20,11,1.28356293,-54.99024339,16.38099754,0.645161290323
BigZ04_TSL4,TRANSITION,57,40,17,1.23874887,-115.10183525,11.06851178,0.701754385965
BigZ07Next,BEAR,26,21,5,3.4337031,-130.40885119,58.8883389,0.807692307692
BigZ07Next,BULL,30,25,5,5.499871785,-82.14924615,132.23045053,0.833333333333
BigZ07Next,SIDEWAYS,32,24,8,2.175062825,-37.59874289,24.85348254,0.75
BigZ07Next,TRANSITION,63,44,19,1.3868784,-56.82563751,23.81216763,0.698412698413
BigZ07Next2,BEAR,26,21,5,3.535913425,-142.00832142,61.47960499,0.807692307692
BigZ07Next2,BULL,30,25,5,5.719395905,-80.41811972,145.4126379,0.833333333333
BigZ07Next2,SIDEWAYS,32,24,8,3.285030835,-41.21304397,26.21454849,0.75
BigZ07Next2,TRANSITION,63,45,18,1.78985822,-55.60496431,24.43086229,0.714285714286
BinClucMad,BEAR,33,24,9,5.41423455,-74.75929144,540.38771527,0.727272727273
BinClucMad,BULL,30,23,7,27.09140266,-63.76639294,269.20456057,0.766666666667
BinClucMad,SIDEWAYS,36,26,10,8.75645871,-105.10171672,83.47132105,0.722222222222
BinClucMad,TRANSITION,71,42,29,1.68776399,-111.12981993,88.62339797,0.591549295775
BinClucMadDevelop,BEAR,21,19,2,5.73412799,-20.95958392,467.90047779,0.904761904762
BinClucMadDevelop,BULL,26,22,4,12.619498105,-26.74718241,253.28383685,0.846153846154
BinClucMadDevelop,SIDEWAYS,29,19,10,3.25365965,-102.7875786,58.21167731,0.655172413793
BinClucMadDevelop,TRANSITION,46,30,16,0.468665845,-42.07801901,135.3124486,0.652173913043
BinClucMadSMADevelop,BEAR,23,19,4,3.443775,-10.04098525,222.65874871,0.826086956522
BinClucMadSMADevelop,BULL,25,23,2,9.24677212,-218.21442182,233.7357831,0.92
BinClucMadSMADevelop,SIDEWAYS,27,22,5,5.74919038,-13.13407131,68.95221769,0.814814814815
BinClucMadSMADevelop,TRANSITION,34,22,12,0.98196441,-42.93047106,127.89815207,0.647058823529
BinClucMadV1,BEAR,24,15,9,3.012792715,-17.0811883,259.69777406,0.625
BinClucMadV1,BULL,27,20,7,6.9319636,-7.56692616,203.55814013,0.740740740741
BinClucMadV1,SIDEWAYS,27,21,6,5.6336987,-13.51424071,55.96380495,0.777777777778
BinClucMadV1,TRANSITION,37,22,15,1.15460785,-34.68415838,102.77348291,0.594594594595
BinHV27,BEAR,42,22,20,0.32084804,-549.89469427,79.74317171,0.52380952381
BinHV27,BULL,39,23,16,0.38517774,-46.51050873,351.1865316,0.589743589744
BinHV27,SIDEWAYS,41,21,20,0.00871016,-65.98601156,62.99657764,0.512195121951
BinHV27,TRANSITION,85,39,46,-0.47009318,-203.54862835,107.68357017,0.458823529412
BinHV27F,BEAR,37,19,18,0.01650137,-587.76963305,84.40148964,0.513513513514
BinHV27F,BULL,33,16,17,-0.01615477,-119.28016142,502.41546449,0.484848484848
BinHV27F,SIDEWAYS,37,18,19,-0.01800379,-80.68950574,140.94342806,0.486486486486
BinHV27F,TRANSITION,77,31,46,-0.14396262,-385.74591169,93.44779394,0.402597402597
BinHV27_short,BEAR,30,8,22,-15.550681975,-93.33466048,66.21052459,0.266666666667
BinHV27_short,BULL,11,8,3,4.54755914,-8.16211443,15.43496124,0.727272727273
BinHV27_short,SIDEWAYS,27,7,20,-6.45479633,-103.77280368,38.26869373,0.259259259259
BinHV27_short,TRANSITION,42,19,23,-0.56751448,-35.42244111,70.49541774,0.452380952381
BinHV27_werkkrew,BEAR,42,21,21,-0.120890335,-481.31215755,43.99359773,0.5
BinHV27_werkkrew,BULL,39,21,18,0.11665786,-68.97786688,224.50641308,0.538461538462
BinHV27_werkkrew,SIDEWAYS,41,17,24,-1.17585188,-62.12335486,45.09994805,0.414634146341
BinHV27_werkkrew,TRANSITION,85,41,44,-0.42059698,-159.0495692,37.33998355,0.482352941176
BinMfiBTCv5003,BEAR,7,3,4,-2.38892969,-25.4009118,7.25080821,0.428571428571
BinMfiBTCv5003,BULL,8,5,3,0.57845411,-39.83329635,33.09440124,0.625
BinMfiBTCv5003,SIDEWAYS,5,3,2,0.77961932,-1.8580907,7.07345669,0.6
BinMfiBTCv5003,TRANSITION,7,5,2,1.27002835,-27.69595563,4.56402414,0.714285714286
BollingerBandStrategy,BEAR,44,27,17,0.02822672,-164.37586761,11.09997068,0.613636363636
BollingerBandStrategy,BULL,39,11,28,-2.34076587,-67.98107403,15.22213374,0.282051282051
BollingerBandStrategy,SIDEWAYS,40,17,23,-0.281561015,-29.69119104,20.5201186,0.425
BollingerBandStrategy,TRANSITION,84,44,40,0.004829595,-61.37261365,10.03830947,0.52380952381
BollingerBounce,BEAR,26,20,6,3.216674435,-191.3709911,91.93527561,0.769230769231
BollingerBounce,BULL,26,21,5,14.75581693,-187.20585081,212.64840309,0.807692307692
BollingerBounce,SIDEWAYS,24,18,6,3.59051655,-93.14415966,55.92456538,0.75
BollingerBounce,TRANSITION,50,43,7,3.46533476,-72.90026712,46.97433876,0.86
BollingerBounceStrategy,BEAR,45,16,29,-2.13709683,-39.57932433,10.1275434,0.355555555556
BollingerBounceStrategy,BULL,37,15,22,-0.64021661,-39.71802325,23.93786294,0.405405405405
BollingerBounceStrategy,SIDEWAYS,41,5,36,-4.77851222,-38.47603637,1.78412784,0.121951219512
BollingerBounceStrategy,TRANSITION,84,25,59,-1.002923975,-26.00097881,15.95088282,0.297619047619
BopTrendStrategy,BEAR,6,1,5,-10.741488755,-54.75648837,0.07533187,0.166666666667
BopTrendStrategy,BULL,6,0,6,-38.232492295,-201.95808274,-2.92273188,0
BopTrendStrategy,SIDEWAYS,5,0,5,-52.78959561,-133.52686812,-1.27804601,0
BopTrendStrategy,TRANSITION,11,2,9,-9.80097416,-76.35851908,0.54402738,0.181818181818
BullishEngulfingStrategy,BEAR,14,2,12,-4.95257747,-50.57077316,0.61432658,0.142857142857
BullishEngulfingStrategy,BULL,11,0,11,-16.97234359,-123.82095751,-1.55016485,0
BullishEngulfingStrategy,SIDEWAYS,10,1,9,-5.173480635,-88.40871699,3.77916228,0.1
BullishEngulfingStrategy,TRANSITION,23,1,22,-3.31136395,-41.65882782,4.07148967,0.0434782608696
BuyDips,BEAR,2,1,1,-9.2934586,-29.14926832,10.56235112,0.5
BuyDips,BULL,6,5,1,0.012247105,-0.00219373,9.39384003,0.833333333333
BuyDips,SIDEWAYS,1,1,0,4.75336274,4.75336274,4.75336274,1
BuyDips,TRANSITION,2,1,1,-11.73916998,-28.22120157,4.74286161,0.5
BuyOnly,BEAR,41,28,13,3.85098145,-64.07588704,29.94230027,0.682926829268
BuyOnly,BULL,32,24,8,3.34587511,-44.65177676,47.39099483,0.75
BuyOnly,SIDEWAYS,37,28,9,4.8299762,-72.72332647,22.02174289,0.756756756757
BuyOnly,TRANSITION,75,42,33,2.15283874,-87.32127624,18.34740441,0.56
BuyOrDie,BEAR,28,9,19,-7.358888775,-1989.88542039,1806.98809001,0.321428571429
BuyOrDie,BULL,11,3,8,-72.63871816,-321.60815833,1208.8644319,0.272727272727
BuyOrDie,SIDEWAYS,20,9,11,-7.5090525,-427.40662454,1174.09670486,0.45
BuyOrDie,TRANSITION,29,9,20,-17.59794624,-734.69756852,3340.42616868,0.310344827586
BuyRegions,BEAR,43,24,19,0.77631589,-3810.41097938,961.33338458,0.558139534884
BuyRegions,BULL,37,15,22,-1.29671403,-299.74873139,534.35169593,0.405405405405
BuyRegions,SIDEWAYS,41,24,17,1.66423354,-229.92555404,1450.68283666,0.585365853659
BuyRegions,TRANSITION,85,35,50,-0.96871034,-829.10666836,369.85148469,0.411764705882
CBPete9,BEAR,34,25,9,1.77299953,-23.29616106,289.82201968,0.735294117647
CBPete9,BULL,30,17,13,5.41505591,-51.5334781,132.39688018,0.566666666667
CBPete9,SIDEWAYS,36,26,10,4.284579585,-75.57691502,54.80069244,0.722222222222
CBPete9,TRANSITION,71,39,32,1.14326238,-70.88941857,51.34094376,0.549295774648
CCI_BB,BEAR,6,5,1,71.447363905,-1069.14253763,267.34885495,0.833333333333
CCI_BB,BULL,13,11,2,188.82945588,-1150.08265942,1864.06582798,0.846153846154
CCI_BB,SIDEWAYS,9,7,2,112.09630151,-877.25587072,1292.01171826,0.777777777778
CCI_BB,TRANSITION,16,14,2,59.4604054,-1349.62107087,970.11581031,0.875
CMCWinner,BEAR,40,24,16,0.127004265,-141.4132405,29.89914359,0.6
CMCWinner,BULL,35,15,20,-0.00698852,-24.4311844,53.67109344,0.428571428571
CMCWinner,SIDEWAYS,38,15,23,-0.157322475,-50.80031404,31.83247832,0.394736842105
CMCWinner,TRANSITION,82,43,39,0.00119227,-38.81963114,37.33077732,0.524390243902
CTIBS,BEAR,40,26,14,0.892408455,-979.90155086,124.57953975,0.65
CTIBS,BULL,36,16,20,-1.155204725,-120.97387572,94.17901344,0.444444444444
CTIBS,SIDEWAYS,39,25,14,1.15683829,-52.74010395,215.99985675,0.641025641026
CTIBS,TRANSITION,77,50,27,0.57977081,-213.41303952,86.74607101,0.649350649351
Candle2,BEAR,43,20,23,-0.91555582,-723.13776116,111.94518852,0.46511627907
Candle2,BULL,36,12,24,-2.162653835,-175.39819974,131.52023478,0.333333333333
Candle2,SIDEWAYS,38,19,19,0.276477025,-108.4210407,463.84901989,0.5
Candle2,TRANSITION,74,26,48,-0.96882858,-282.0980031,104.21904178,0.351351351351
CciMeanReversionStrategy,BEAR,14,3,11,-6.82881544,-70.21720678,1.57076122,0.214285714286
CciMeanReversionStrategy,BULL,11,0,11,-22.45997825,-99.67827003,-2.93925519,0
CciMeanReversionStrategy,SIDEWAYS,11,2,9,-3.25843885,-85.17945027,3.41893584,0.181818181818
CciMeanReversionStrategy,TRANSITION,24,2,22,-6.30487907,-46.21791583,11.22406303,0.0833333333333
Cenderawasih_30m,BEAR,2,2,0,3.16381952,1.42517642,4.90246262,1
Cenderawasih_30m,BULL,6,5,1,9.040540705,-3.4353849,13.56349329,0.833333333333
Cenderawasih_30m,SIDEWAYS,1,1,0,5.32237563,5.32237563,5.32237563,1
Cenderawasih_30m,TRANSITION,2,1,1,4.29858529,-6.34644417,14.94361475,0.5
Cenderawasih_3_kucoin,BEAR,3,1,2,-0.63531044,-6.42389351,21.10514351,0.333333333333
Cenderawasih_3_kucoin,BULL,10,3,7,-3.56923748,-10.43170334,14.68009488,0.3
Cenderawasih_3_kucoin,SIDEWAYS,7,2,5,-1.05934858,-4.8744151,3.90965602,0.285714285714
Cenderawasih_3_kucoin,TRANSITION,9,5,4,0.31266248,-19.0229349,13.97601706,0.555555555556
ChaikinMoneyFlowStrategy,BEAR,10,1,9,-7.17491939,-41.05972077,1.113864,0.1
ChaikinMoneyFlowStrategy,BULL,9,0,9,-12.65954902,-161.18103025,-1.34344427,0
ChaikinMoneyFlowStrategy,SIDEWAYS,8,0,8,-23.24081342,-105.24674492,-1.49650173,0
ChaikinMoneyFlowStrategy,TRANSITION,18,0,18,-3.9666781,-54.42836098,-0.131969,0
Chandem,BEAR,44,26,18,2.56635344,-1589.42682907,555.93357795,0.590909090909
Chandem,BULL,39,12,27,-5.49938928,-218.02409921,325.95393524,0.307692307692
Chandem,SIDEWAYS,41,24,17,1.52824278,-319.90262387,937.34111693,0.585365853659
Chandem,TRANSITION,85,28,57,-4.37882139,-513.93909102,534.39976452,0.329411764706
Chandemtwo,BEAR,44,24,20,3.20346461,-809.78562951,320.24699701,0.545454545455
Chandemtwo,BULL,39,10,29,-4.28006856,-128.21756391,300.44968502,0.25641025641
Chandemtwo,SIDEWAYS,41,21,20,0.34706967,-276.54193254,578.39925199,0.512195121951
Chandemtwo,TRANSITION,85,26,59,-3.70809117,-320.41538626,280.3002428,0.305882352941
Chispei,BEAR,39,20,19,0.00459314,-660.49161938,277.44899811,0.512820512821
Chispei,BULL,36,13,23,-3.84053025,-299.8592215,653.69258851,0.361111111111
Chispei,SIDEWAYS,41,20,21,-4.38560995,-225.59207093,708.37232546,0.487804878049
Chispei,TRANSITION,81,24,57,-13.19967736,-278.76037775,228.51754516,0.296296296296
ClucFiatROI,BEAR,38,33,5,17.01309991,-2557.94956723,386.54350257,0.868421052632
ClucFiatROI,BULL,37,32,5,22.80639765,-889.03352435,1228.44645391,0.864864864865
ClucFiatROI,SIDEWAYS,37,32,5,34.58713012,-470.35797636,540.60187428,0.864864864865
ClucFiatROI,TRANSITION,70,64,6,29.645720445,-292.4502186,534.39303577,0.914285714286
ClucFiatSlow,BEAR,38,33,5,17.01309991,-2557.94956723,386.54350257,0.868421052632
ClucFiatSlow,BULL,37,32,5,22.80639765,-889.03352435,1228.44645391,0.864864864865
ClucFiatSlow,SIDEWAYS,37,32,5,34.58713012,-470.35797636,540.60187428,0.864864864865
ClucFiatSlow,TRANSITION,70,64,6,29.645720445,-292.4502186,534.39303577,0.914285714286
ClucHAnix_5M_E0V1E,BEAR,34,28,6,7.72146803,-621.29301936,119.60301283,0.823529411765
ClucHAnix_5M_E0V1E,BULL,33,20,13,3.5187844,-115.63859216,424.48675411,0.606060606061
ClucHAnix_5M_E0V1E,SIDEWAYS,31,20,11,4.3351953,-238.2907978,95.35836391,0.645161290323
ClucHAnix_5M_E0V1E,TRANSITION,60,36,24,2.231545925,-242.21144507,156.44608123,0.6
ClucHAnix_5m,BEAR,26,22,4,6.467232155,-138.59480816,63.57675923,0.846153846154
ClucHAnix_5m,BULL,26,22,4,12.28467959,-156.08377638,258.85934765,0.846153846154
ClucHAnix_5m,SIDEWAYS,23,18,5,7.52511995,-63.5253206,132.28040416,0.782608695652
ClucHAnix_5m,TRANSITION,49,32,17,3.61061646,-72.36774548,109.77294823,0.65306122449
ClucHAnix_5m1,BEAR,26,20,6,2.353324205,-102.12760157,25.24658583,0.769230769231
ClucHAnix_5m1,BULL,26,20,6,3.208811515,-223.78791702,162.44821855,0.769230769231
ClucHAnix_5m1,SIDEWAYS,23,16,7,3.86577223,-36.34552122,22.23288079,0.695652173913
ClucHAnix_5m1,TRANSITION,49,31,18,1.72226911,-108.3705529,44.55521543,0.632653061224
ClucHAnix_5m_old,BEAR,26,22,4,6.467232155,-138.59480816,63.57675923,0.846153846154
ClucHAnix_5m_old,BULL,26,22,4,12.28467959,-156.08377638,258.85934765,0.846153846154
ClucHAnix_5m_old,SIDEWAYS,23,18,5,7.52511995,-63.5253206,132.28040416,0.782608695652
ClucHAnix_5m_old,TRANSITION,49,32,17,3.61061646,-72.36774548,109.77294823,0.65306122449
ClucHAnix_hhll,BEAR,20,16,4,14.403157955,-18.21593733,70.53944648,0.8
ClucHAnix_hhll,BULL,22,17,5,5.79486468,-36.49610021,96.06792175,0.772727272727
ClucHAnix_hhll,SIDEWAYS,20,13,7,2.432293185,-44.06216093,57.61263971,0.65
ClucHAnix_hhll,TRANSITION,39,28,11,3.25296264,-45.57295286,66.35555376,0.717948717949
ClucMay72018,BEAR,20,14,6,5.5201618,-133.30877207,15.73590508,0.7
ClucMay72018,BULL,25,17,8,1.052921,-63.97979683,43.66664938,0.68
ClucMay72018,SIDEWAYS,23,16,7,2.07257977,-37.49031541,18.96227437,0.695652173913
ClucMay72018,TRANSITION,41,30,11,1.4892901,-88.6776745,14.98751089,0.731707317073
CofiBitStrategy,BEAR,30,8,22,-1.46646513,-75.75323401,51.99752907,0.266666666667
CofiBitStrategy,BULL,25,4,21,-5.49814429,-70.53186699,77.05995645,0.16
CofiBitStrategy,SIDEWAYS,23,0,23,-4.24234076,-63.77697945,-0.21126985,0
CofiBitStrategy,TRANSITION,51,4,47,-2.79348829,-41.39989182,15.60677551,0.078431372549
CombinedBinHAndCluc,BEAR,23,15,8,6.85214206,-417.37163788,96.67801331,0.652173913043
CombinedBinHAndCluc,BULL,28,19,9,5.84757728,-89.64708553,274.20208051,0.678571428571
CombinedBinHAndCluc,SIDEWAYS,27,16,11,2.51093905,-88.39569011,88.33747595,0.592592592593
CombinedBinHAndCluc,TRANSITION,47,32,15,4.49328117,-168.28766745,83.42489354,0.68085106383
CombinedBinHAndCluc2021,BEAR,24,14,10,5.33710479,-362.44232497,215.82488319,0.583333333333
CombinedBinHAndCluc2021,BULL,28,16,12,6.749334215,-166.93674384,437.56764833,0.571428571429
CombinedBinHAndCluc2021,SIDEWAYS,28,18,10,3.704100625,-206.99366064,177.78441187,0.642857142857
CombinedBinHAndCluc2021,TRANSITION,49,32,17,4.80990247,-242.5419005,222.90461603,0.65306122449
CombinedBinHAndCluc2021Bull,BEAR,24,14,10,1.1269812,-240.12606321,27.92885937,0.583333333333
CombinedBinHAndCluc2021Bull,BULL,28,20,8,3.744189415,-126.01667276,96.33875148,0.714285714286
CombinedBinHAndCluc2021Bull,SIDEWAYS,28,18,10,1.394337825,-58.22460142,38.86766819,0.642857142857
CombinedBinHAndCluc2021Bull,TRANSITION,49,33,16,2.4287533,-111.99948845,43.98003246,0.673469387755
CombinedBinHAndClucV2,BEAR,15,6,9,-2.92503271,-54.39351757,28.43304696,0.4
CombinedBinHAndClucV2,BULL,21,16,5,5.51348475,-12.20990416,84.01627998,0.761904761905
CombinedBinHAndClucV2,SIDEWAYS,18,12,6,1.62945177,-11.04160313,33.42280123,0.666666666667
CombinedBinHAndClucV2,TRANSITION,28,18,10,3.319406465,-14.5774441,44.55099207,0.642857142857
CombinedBinHAndClucV3,BEAR,22,17,5,31.178703415,-363.2566416,157.88411891,0.772727272727
CombinedBinHAndClucV3,BULL,28,19,9,17.05070341,-399.92210243,364.01799094,0.678571428571
CombinedBinHAndClucV3,SIDEWAYS,27,21,6,15.59152536,-172.75255585,284.16386698,0.777777777778
CombinedBinHAndClucV3,TRANSITION,47,31,16,12.81650804,-92.35555362,195.68590547,0.659574468085
CombinedBinHAndClucV4,BEAR,22,14,8,10.483183865,-170.03834133,108.69656407,0.636363636364
CombinedBinHAndClucV4,BULL,28,18,10,13.914888685,-47.89982322,286.40762229,0.642857142857
CombinedBinHAndClucV4,SIDEWAYS,27,17,10,4.49273425,-100.33028438,97.51693115,0.62962962963
CombinedBinHAndClucV4,TRANSITION,47,28,19,4.18821704,-56.39975137,116.49985091,0.595744680851
CombinedBinHAndClucV5,BEAR,22,14,8,11.6977502,-123.8075394,108.40081286,0.636363636364
CombinedBinHAndClucV5,BULL,28,20,8,12.41848241,-51.22840366,289.23431711,0.714285714286
CombinedBinHAndClucV5,SIDEWAYS,27,18,9,2.62409424,-94.05465549,95.31240924,0.666666666667
CombinedBinHAndClucV5,TRANSITION,47,29,18,5.18895389,-62.50112009,111.32032446,0.617021276596
CombinedBinHAndClucV5Hyperoptable,BEAR,21,13,8,19.405384,-97.57480635,79.50511427,0.619047619048
CombinedBinHAndClucV5Hyperoptable,BULL,26,21,5,19.96435893,-58.61069137,286.27712304,0.807692307692
CombinedBinHAndClucV5Hyperoptable,SIDEWAYS,25,15,10,6.95609795,-96.24142755,97.59341033,0.6
CombinedBinHAndClucV5Hyperoptable,TRANSITION,45,28,17,5.34568336,-69.55316945,87.04546325,0.622222222222
CombinedBinHAndClucV6,BEAR,33,14,19,-0.97324262,-47.50882481,45.26931281,0.424242424242
CombinedBinHAndClucV6,BULL,28,13,15,-1.639732645,-38.53292893,86.94112306,0.464285714286
CombinedBinHAndClucV6,SIDEWAYS,33,23,10,2.72004007,-16.18756005,82.31859611,0.69696969697
CombinedBinHAndClucV6,TRANSITION,58,22,36,-2.074164115,-47.95563941,42.4096133,0.379310344828
CombinedBinHAndClucV6H,BEAR,33,17,16,0.5550727,-36.72188712,28.55055501,0.515151515152
CombinedBinHAndClucV6H,BULL,28,16,12,2.84013282,-17.36942736,105.75994902,0.571428571429
CombinedBinHAndClucV6H,SIDEWAYS,33,26,7,3.23806622,-15.94582486,75.11313276,0.787878787879
CombinedBinHAndClucV6H,TRANSITION,58,29,29,0.04270173,-52.62745407,40.80394677,0.5
CombinedBinHAndClucV7,BEAR,25,15,10,2.38598072,-14.19282574,28.32445013,0.6
CombinedBinHAndClucV7,BULL,26,15,11,4.24461455,-10.52191415,92.89177575,0.576923076923
CombinedBinHAndClucV7,SIDEWAYS,23,19,4,3.88042621,-8.13690691,60.92379783,0.826086956522
CombinedBinHAndClucV7,TRANSITION,33,14,19,-1.87239672,-19.21930338,44.8506265,0.424242424242
CombinedBinHAndClucV8,BEAR,24,13,11,0.58620466,-11.27581572,22.16489912,0.541666666667
CombinedBinHAndClucV8,BULL,26,17,9,3.096121805,-8.75593459,112.33236613,0.653846153846
CombinedBinHAndClucV8,SIDEWAYS,23,18,5,3.75909221,-8.07174862,71.81173611,0.782608695652
CombinedBinHAndClucV8,TRANSITION,31,15,16,-0.01241814,-31.70181804,65.31118946,0.483870967742
CombinedBinHAndClucV8Hyper,BEAR,28,14,14,-0.000832685,-24.59086043,13.65912002,0.5
CombinedBinHAndClucV8Hyper,BULL,26,15,11,2.702553545,-18.8608838,155.92393368,0.576923076923
CombinedBinHAndClucV8Hyper,SIDEWAYS,31,19,12,0.53319552,-13.5203422,32.58630862,0.612903225806
CombinedBinHAndClucV8Hyper,TRANSITION,47,31,16,0.34450589,-19.40881801,43.63202059,0.659574468085
CombinedBinHAndClucV8XH,BEAR,24,14,10,1.38299074,-8.949015,10.64500451,0.583333333333
CombinedBinHAndClucV8XH,BULL,26,17,9,3.68512321,-11.03426974,82.28449021,0.653846153846
CombinedBinHAndClucV8XH,SIDEWAYS,25,18,7,2.41634131,-7.07537923,15.55274443,0.72
CombinedBinHAndClucV8XH,TRANSITION,32,15,17,-1.408066375,-18.0249763,30.80331227,0.46875
CombinedBinHAndClucV8XHO,BEAR,24,14,10,1.770979525,-10.25159385,14.18452965,0.583333333333
CombinedBinHAndClucV8XHO,BULL,26,16,10,4.25077713,-9.94713044,110.62467782,0.615384615385
CombinedBinHAndClucV8XHO,SIDEWAYS,25,18,7,2.60614992,-14.98297532,41.18393946,0.72
CombinedBinHAndClucV8XHO,TRANSITION,33,19,14,1.17269881,-16.1860125,60.85475537,0.575757575758
CombinedBinHClucAndMADV3,BEAR,18,16,2,52.051311855,-81.23561647,114.04993559,0.888888888889
CombinedBinHClucAndMADV3,BULL,23,21,2,32.53081385,-47.48594542,312.9893545,0.913043478261
CombinedBinHClucAndMADV3,SIDEWAYS,23,16,7,7.52625,-196.65767603,101.25594201,0.695652173913
CombinedBinHClucAndMADV3,TRANSITION,41,29,12,7.82171185,-120.9716814,128.8836637,0.707317073171
CombinedBinHClucAndMADV5,BEAR,32,19,13,1.06529772,-23.95411938,177.37980114,0.59375
CombinedBinHClucAndMADV5,BULL,29,20,9,6.79786064,-26.41039288,99.86807197,0.689655172414
CombinedBinHClucAndMADV5,SIDEWAYS,34,22,12,3.00262831,-19.67009682,37.47710751,0.647058823529
CombinedBinHClucAndMADV5,TRANSITION,56,28,28,0.296618975,-36.25070594,41.02353292,0.5
CombinedBinHClucAndMADV6,BEAR,32,19,13,1.144940195,-25.80468703,231.41446718,0.59375
CombinedBinHClucAndMADV6,BULL,29,21,8,6.9151873,-28.18869223,119.07384623,0.724137931034
CombinedBinHClucAndMADV6,SIDEWAYS,34,22,12,3.246859405,-20.04166575,38.89192789,0.647058823529
CombinedBinHClucAndMADV6,TRANSITION,56,28,28,0.29099673,-39.14126346,54.6618768,0.5
CombinedBinHClucAndMADV9,BEAR,34,22,12,2.00245821,-39.12425254,295.85244717,0.647058823529
CombinedBinHClucAndMADV9,BULL,30,18,12,7.8162329,-37.36612525,166.38513787,0.6
CombinedBinHClucAndMADV9,SIDEWAYS,36,24,12,2.088364575,-85.76528832,60.76433244,0.666666666667
CombinedBinHClucAndMADV9,TRANSITION,71,39,32,1.2554282,-106.80708162,68.16561785,0.549295774648
Combined_NFIv6_SMA,BEAR,20,18,2,9.02689338,-5.42660316,134.48799409,0.9
Combined_NFIv6_SMA,BULL,29,24,5,14.29692494,-39.14355654,264.04714303,0.827586206897
Combined_NFIv6_SMA,SIDEWAYS,26,17,9,0.49115414,-68.5739519,76.7434105,0.653846153846
Combined_NFIv6_SMA,TRANSITION,42,29,13,1.758243685,-43.3043126,139.72027271,0.690476190476
Combined_NFIv7_SMA,BEAR,20,18,2,8.804783195,-5.29639527,92.8475506,0.9
Combined_NFIv7_SMA,BULL,29,23,6,12.27172651,-38.28199463,250.52778256,0.793103448276
Combined_NFIv7_SMA,SIDEWAYS,27,16,11,0.2170784,-66.6965182,76.83397604,0.592592592593
Combined_NFIv7_SMA,TRANSITION,41,31,10,2.72540553,-42.6341648,156.84260034,0.756097560976
Combined_NFIv7_SMA_bAdBoY_20211204,BEAR,20,18,2,8.804783195,-5.29639527,92.8475506,0.9
Combined_NFIv7_SMA_bAdBoY_20211204,BULL,29,23,6,12.27172651,-38.28199463,250.52778256,0.793103448276
Combined_NFIv7_SMA_bAdBoY_20211204,SIDEWAYS,27,16,11,0.2170784,-66.6965182,76.83397604,0.592592592593
Combined_NFIv7_SMA_bAdBoY_20211204,TRANSITION,41,31,10,2.72540553,-42.6341648,156.84260034,0.756097560976
CompositeScoreStrategy,BEAR,5,0,5,-18.69853028,-60.59417108,-0.26897512,0
CompositeScoreStrategy,BULL,5,0,5,-42.81512506,-231.6623175,-8.99608381,0
CompositeScoreStrategy,SIDEWAYS,4,0,4,-48.356291575,-95.78076047,-30.8450222,0
CompositeScoreStrategy,TRANSITION,9,1,8,-16.9183253,-57.23731839,9.58614092,0.111111111111
ConsensusShort,BEAR,5,3,2,0.00212213,-671.78089215,20.8749321,0.6
ConsensusShort,BULL,3,1,2,-14.76523772,-74.60875782,1.19203543,0.333333333333
ConsensusShort,SIDEWAYS,4,0,4,-69.170830795,-136.68994071,-25.43380471,0
ConsensusShort,TRANSITION,7,4,3,1.05175852,-1.76954222,57.28509479,0.571428571429
CoppockCurveStrategy,BEAR,18,2,16,-7.580329975,-74.09955319,3.49621431,0.111111111111
CoppockCurveStrategy,BULL,13,1,12,-15.93610977,-85.15970542,0.28593479,0.0769230769231
CoppockCurveStrategy,SIDEWAYS,11,0,11,-8.60042523,-52.81114376,-0.10325103,0
CoppockCurveStrategy,TRANSITION,26,3,23,-4.90359878,-45.27173634,10.53320186,0.115384615385
CoreStrategy,BEAR,18,16,2,3.741501715,-9.31441075,231.36296097,0.888888888889
CoreStrategy,BULL,23,22,1,6.49794296,-120.91663311,202.64014832,0.95652173913
CoreStrategy,SIDEWAYS,24,18,6,3.591618465,-39.67801127,35.8934815,0.75
CoreStrategy,TRANSITION,24,19,5,3.63901479,-17.1642096,94.43118863,0.791666666667
CrossEMAStrategy,BEAR,42,20,22,-9.187637035,-1172.26052718,1467.09860381,0.47619047619
CrossEMAStrategy,BULL,29,8,21,-39.1797962,-401.11176837,1449.19542232,0.275862068966
CrossEMAStrategy,SIDEWAYS,40,23,17,72.995018585,-531.77796427,1932.12231798,0.575
CrossEMAStrategy,TRANSITION,76,22,54,-31.601425765,-1176.80182187,2760.8417134,0.289473684211
CryptoFrog,BEAR,41,27,14,0.93879461,-393.40207349,54.38039962,0.658536585366
CryptoFrog,BULL,39,20,19,0.10750428,-48.0236021,60.16976678,0.512820512821
CryptoFrog,SIDEWAYS,41,20,21,-0.2387215,-61.73456554,38.51619711,0.487804878049
CryptoFrog,TRANSITION,84,41,43,-0.261868965,-108.38216241,31.32920968,0.488095238095
CryptoFrogHO,BEAR,43,26,17,0.71025115,-68.06885883,240.80229445,0.604651162791
CryptoFrogHO,BULL,39,16,23,-2.7800046,-85.53858104,274.08311828,0.410256410256
CryptoFrogHO,SIDEWAYS,41,15,26,-6.28603539,-121.18585675,67.46188071,0.365853658537
CryptoFrogHO,TRANSITION,84,23,61,-5.782214525,-267.45912146,126.25451256,0.27380952381
CryptoFrogHO2,BEAR,43,20,23,-0.30708462,-117.49502705,231.16999382,0.46511627907
CryptoFrogHO2,BULL,39,12,27,-3.43970461,-89.50459923,229.76758321,0.307692307692
CryptoFrogHO2,SIDEWAYS,41,11,30,-8.34132969,-106.21124767,60.98444464,0.268292682927
CryptoFrogHO2,TRANSITION,84,22,62,-3.76456794,-206.20305533,85.39580135,0.261904761905
CryptoFrogHO2A,BEAR,43,20,23,-0.30526915,-109.84905065,112.17588234,0.46511627907
CryptoFrogHO2A,BULL,39,12,27,-3.21434753,-83.68204112,229.76758321,0.307692307692
CryptoFrogHO2A,SIDEWAYS,41,11,30,-7.80008339,-99.27163498,60.98444464,0.268292682927
CryptoFrogHO2A,TRANSITION,84,22,62,-3.566738775,-192.86495509,85.39580135,0.261904761905
CryptoFrogHO3A1,BEAR,41,16,25,-0.64193423,-129.96452503,231.73060147,0.390243902439
CryptoFrogHO3A1,BULL,37,13,24,-2.7340004,-82.0739437,237.65251004,0.351351351351
CryptoFrogHO3A1,SIDEWAYS,39,9,30,-9.33248338,-93.63475611,73.61729121,0.230769230769
CryptoFrogHO3A1,TRANSITION,80,18,62,-3.52925282,-228.05783863,103.90486119,0.225
CryptoFrogHO3A2,BEAR,38,14,24,-1.02631829,-114.41860852,149.80709632,0.368421052632
CryptoFrogHO3A2,BULL,35,12,23,-2.36371885,-109.11762542,204.8512166,0.342857142857
CryptoFrogHO3A2,SIDEWAYS,38,7,31,-7.169781235,-80.14300757,62.36644726,0.184210526316
CryptoFrogHO3A2,TRANSITION,77,17,60,-4.08527445,-208.00350348,129.60224504,0.220779220779
CryptoFrogHO3A3,BEAR,41,14,27,-1.14995749,-189.00038288,715.52056047,0.341463414634
CryptoFrogHO3A3,BULL,38,12,26,-2.88197891,-119.04729967,206.52301384,0.315789473684
CryptoFrogHO3A3,SIDEWAYS,39,9,30,-10.97380694,-143.6095683,65.68238527,0.230769230769
CryptoFrogHO3A3,TRANSITION,80,17,63,-4.05714406,-128.86483758,109.74010112,0.2125
CryptoFrogHO3A4,BEAR,43,15,28,-1.47014993,-125.28781181,413.82247874,0.348837209302
CryptoFrogHO3A4,BULL,39,13,26,-3.77151101,-69.59551961,196.40947457,0.333333333333
CryptoFrogHO3A4,SIDEWAYS,41,11,30,-5.29763963,-80.97780952,45.37391582,0.268292682927
CryptoFrogHO3A4,TRANSITION,84,23,61,-3.58865007,-177.939444,78.01507939,0.27380952381
CryptoFrogNFI,BEAR,44,24,20,0.131048765,-169.57316613,53.1636981,0.545454545455
CryptoFrogNFI,BULL,39,17,22,-0.76038329,-53.69085152,191.22781574,0.435897435897
CryptoFrogNFI,SIDEWAYS,41,17,24,-2.3230299,-73.98658997,88.50069758,0.414634146341
CryptoFrogNFI,TRANSITION,85,34,51,-1.47755658,-208.65935546,125.06142276,0.4
CryptoFrogNFIHO1A,BEAR,44,26,18,0.394363955,-233.68488308,94.65405378,0.590909090909
CryptoFrogNFIHO1A,BULL,39,18,21,-0.40482899,-53.140088,290.08905129,0.461538461538
CryptoFrogNFIHO1A,SIDEWAYS,41,18,23,-3.59991504,-105.19248868,141.61936482,0.439024390244
CryptoFrogNFIHO1A,TRANSITION,85,34,51,-2.2734268,-218.9634497,169.34125981,0.4
CryptoFrogOffset,BEAR,44,23,21,0.012894395,-458.93476074,15.53886898,0.522727272727
CryptoFrogOffset,BULL,39,15,24,-0.17496237,-47.57369726,68.98690678,0.384615384615
CryptoFrogOffset,SIDEWAYS,41,17,24,-0.13792923,-33.99450974,15.82943195,0.414634146341
CryptoFrogOffset,TRANSITION,84,30,54,-0.376752995,-100.7882043,30.32140634,0.357142857143
CryptoFrog_nateema,BEAR,32,24,8,7.36729389,-471.3390451,183.99551727,0.75
CryptoFrog_nateema,BULL,28,21,7,9.66447009,-149.99707599,286.25225276,0.75
CryptoFrog_nateema,SIDEWAYS,29,19,10,2.68930607,-61.54348113,66.09616609,0.655172413793
CryptoFrog_nateema,TRANSITION,55,34,21,2.03210695,-135.56381536,49.59853694,0.618181818182
CustomStoplossWithPSAR,BEAR,9,4,5,-39.4745419,-1248.64851255,6370.47000098,0.444444444444
CustomStoplossWithPSAR,BULL,2,1,1,16.65418379,-113.66391076,146.97227834,0.5
CustomStoplossWithPSAR,SIDEWAYS,4,1,3,-157.213236845,-227.33299589,210.9203544,0.25
CustomStoplossWithPSAR,TRANSITION,7,1,6,-110.8483364,-241.990119,423.25426055,0.142857142857
DD,BEAR,19,9,10,-0.40619208,-456.044817,110.03809015,0.473684210526
DD,BULL,14,4,10,-5.2386978,-91.49022183,61.19208436,0.285714285714
DD,SIDEWAYS,13,5,8,-2.37507162,-60.97996771,106.3380451,0.384615384615
DD,TRANSITION,29,9,20,-2.87635808,-114.68154664,51.70456606,0.310344827586
DWT_LongShort,BEAR,12,1,11,-2.11298389,-299.12209904,4.46798186,0.0833333333333
DWT_LongShort,BULL,10,3,7,-6.76511247,-162.5639888,7.04631639,0.3
DWT_LongShort,SIDEWAYS,8,2,6,-14.529803855,-34.82648044,6.38809905,0.25
DWT_LongShort,TRANSITION,22,6,16,-2.043441795,-18.87004735,10.72457417,0.272727272727
DWT_short,BEAR,36,14,22,-0.406411705,-78.3166995,6.7242995,0.388888888889
DWT_short,BULL,31,9,22,-0.66280981,-178.34355598,4.736573,0.290322580645
DWT_short,SIDEWAYS,33,13,20,-0.07313009,-78.49992232,4.30054565,0.393939393939
DWT_short,TRANSITION,72,33,39,-0.04307012,-21.0165574,12.15485042,0.458333333333
DemaCrossStrategy,BEAR,21,4,17,-3.54519579,-142.28960958,2.23512381,0.190476190476
DemaCrossStrategy,BULL,15,3,12,-16.85809462,-102.82903259,35.34543201,0.2
DemaCrossStrategy,SIDEWAYS,14,1,13,-5.31476458,-42.90481983,9.2811223,0.0714285714286
DemaCrossStrategy,TRANSITION,31,5,26,-4.65067646,-24.18977251,27.18700778,0.161290322581
Diamond,BEAR,34,25,9,4.440356105,-274.14638023,36.7320475,0.735294117647
Diamond,BULL,31,16,15,0.00270073,-115.20801136,67.45906698,0.516129032258
Diamond,SIDEWAYS,34,24,10,3.334604745,-72.52124059,118.14728032,0.705882352941
Diamond,TRANSITION,66,47,19,1.147824855,-92.09321181,39.8744457,0.712121212121
Divergences,BEAR,43,19,24,-0.11430442,-156.96435577,21.84222726,0.441860465116
Divergences,BULL,36,7,29,-1.585461455,-129.16409399,80.8351075,0.194444444444
Divergences,SIDEWAYS,37,13,24,-0.29783233,-32.84871647,16.66643641,0.351351351351
Divergences,TRANSITION,82,23,59,-1.527746795,-57.54331263,13.00824904,0.280487804878
DonchianBounce,BEAR,7,5,2,0.74731128,-0.00611723,9.8993242,0.714285714286
DonchianBounce,BULL,6,5,1,3.38382955,-0.0562464,6.07364926,0.833333333333
DonchianBounce,SIDEWAYS,1,1,0,5.02203579,5.02203579,5.02203579,1
DonchianBounce,TRANSITION,3,3,0,4.88641572,0.0054955,4.89907584,1
DonchianBreakoutStrategy,BEAR,9,0,9,-9.6234492,-51.5154815,-1.13595377,0
DonchianBreakoutStrategy,BULL,9,0,9,-14.69232216,-99.22002895,-0.71158672,0
DonchianBreakoutStrategy,SIDEWAYS,8,0,8,-30.46613602,-72.46298125,-1.63046823,0
DonchianBreakoutStrategy,TRANSITION,18,0,18,-7.430132055,-27.0351478,-0.94405471,0
DoubleEMACrossoverWithTrend,BEAR,33,10,23,-8.82534601,-152.78116711,133.53009466,0.30303030303
DoubleEMACrossoverWithTrend,BULL,36,8,28,-8.667897685,-274.0619018,522.5049772,0.222222222222
DoubleEMACrossoverWithTrend,SIDEWAYS,40,20,20,-0.69604941,-149.97677798,526.64102502,0.5
DoubleEMACrossoverWithTrend,TRANSITION,72,18,54,-8.214412685,-125.52644752,326.44774521,0.25
Dyna_opti,BEAR,13,8,5,5.4334744,-85.40342546,26.99322009,0.615384615385
Dyna_opti,BULL,17,15,2,10.5228999,-15.76125663,169.98929696,0.882352941176
Dyna_opti,SIDEWAYS,11,8,3,1.98636613,-27.7801675,50.36354677,0.727272727273
Dyna_opti,TRANSITION,23,18,5,1.96207424,-37.95496384,16.97117388,0.782608695652
E0V1E,BEAR,8,8,0,45.00300017,4.62965819,399.15732119,1
E0V1E,BULL,11,9,2,36.49638725,-41.8858932,182.22189924,0.818181818182
E0V1E,SIDEWAYS,8,6,2,21.05230292,-14.06207262,117.70034263,0.75
E0V1E,TRANSITION,16,14,2,9.46344604,-14.80681866,81.63979921,0.875
E0V1E2,BEAR,8,8,0,19.454468435,1.2187068,158.04074592,1
E0V1E2,BULL,11,7,4,11.76565801,-43.67662105,84.66031737,0.636363636364
E0V1E2,SIDEWAYS,8,6,2,8.755289105,-14.53033252,36.27076575,0.75
E0V1E2,TRANSITION,16,13,3,2.78467058,-26.22229805,37.54506255,0.8125
E0V1EN,BEAR,14,10,4,8.40705988,-74.65418604,46.46431119,0.714285714286
E0V1EN,BULL,14,13,1,13.46523252,-4.5194331,171.23951643,0.928571428571
E0V1EN,SIDEWAYS,11,8,3,4.96487668,-54.58430285,41.97476383,0.727272727273
E0V1EN,TRANSITION,13,12,1,7.39683763,-22.8734298,52.03945994,0.923076923077
E0V1E_DCA3,BEAR,24,20,4,26.98803047,-28.59605564,633.59677898,0.833333333333
E0V1E_DCA3,BULL,21,19,2,19.51410705,-186.53055001,415.01690816,0.904761904762
E0V1E_DCA3,SIDEWAYS,24,21,3,5.98595983,-151.44875629,198.50162983,0.875
E0V1E_DCA3,TRANSITION,29,27,2,18.03791815,-26.0226596,317.9824681,0.931034482759
E0V1E_ewo,BEAR,8,8,0,15.523204425,7.92198822,133.46604464,1
E0V1E_ewo,BULL,14,13,1,24.026130745,-220.57671426,128.35846355,0.928571428571
E0V1E_ewo,SIDEWAYS,8,7,1,18.59358304,-46.1382258,122.58033553,0.875
E0V1E_ewo,TRANSITION,15,13,2,8.30031422,-70.40095978,66.30188913,0.866666666667
E0V1E_protections,BEAR,8,8,0,45.00300017,4.62965819,399.15732119,1
E0V1E_protections,BULL,11,9,2,36.49638725,-41.8858932,182.22189924,0.818181818182
E0V1E_protections,SIDEWAYS,8,6,2,21.05230292,-14.06207262,117.70034263,0.75
E0V1E_protections,TRANSITION,16,14,2,9.46344604,-14.80681866,81.63979921,0.875
E0V1E_strs,BEAR,5,5,0,6.90545617,1.38871728,32.2380515,1
E0V1E_strs,BULL,10,9,1,3.09584731,-2.37168587,30.57887333,0.9
E0V1E_strs,SIDEWAYS,4,4,0,1.67954173,1.26072871,17.01232305,1
E0V1E_strs,TRANSITION,4,4,0,9.237281915,0.9526935,15.34544461,1
EI3v2_tag_cofi_green,BEAR,29,26,3,33.85886777,-237.44468129,524.10153773,0.896551724138
EI3v2_tag_cofi_green,BULL,27,24,3,47.44072783,-60.09563995,1464.39363166,0.888888888889
EI3v2_tag_cofi_green,SIDEWAYS,28,22,6,12.86293373,-458.04467366,561.69855764,0.785714285714
EI3v2_tag_cofi_green,TRANSITION,51,39,12,15.97621834,-133.13708976,701.01690276,0.764705882353
EMA50,BEAR,33,22,11,0.67273515,-1171.66914361,409.30282399,0.666666666667
EMA50,BULL,35,16,19,-0.00535105,-438.53021926,425.99892145,0.457142857143
EMA50,SIDEWAYS,34,24,10,4.46750445,-96.30781912,743.72993277,0.705882352941
EMA50,TRANSITION,68,49,19,1.93708734,-827.46472786,309.35688554,0.720588235294
EMA520015_V17,BEAR,43,17,26,-3.20468933,-248.60721092,98.62951067,0.395348837209
EMA520015_V17,BULL,35,10,25,-6.71650452,-68.02905083,283.43947946,0.285714285714
EMA520015_V17,SIDEWAYS,41,19,22,-2.48984802,-76.94890123,303.16512322,0.463414634146
EMA520015_V17,TRANSITION,83,21,62,-6.67549986,-127.19723833,96.80218951,0.253012048193
EMABBRSI,BEAR,44,21,23,-0.00023577,-121.90783772,13.76197755,0.477272727273
EMABBRSI,BULL,38,6,32,-1.24416302,-93.73293896,6.68935547,0.157894736842
EMABBRSI,SIDEWAYS,41,13,28,-0.93235089,-47.04354153,14.30589153,0.317073170732
EMABBRSI,TRANSITION,83,26,57,-0.5790236,-48.4018986,7.307053,0.313253012048
EMABounce,BEAR,2,2,0,69.630749075,22.61015316,116.65134499,1
EMABounce,BULL,6,6,0,7.90291163,4.82672668,38.22935351,1
EMABounce,SIDEWAYS,2,2,0,20.734909865,17.99247845,23.47734128,1
EMABounce,TRANSITION,5,5,0,5.84144929,0.00115143,22.7093109,1
EMABreakout,BEAR,37,25,12,0.43501954,-713.8773693,190.07879391,0.675675675676
EMABreakout,BULL,35,19,16,0.02371428,-137.5106784,187.40893469,0.542857142857
EMABreakout,SIDEWAYS,35,27,8,2.91720404,-100.2667707,253.23737581,0.771428571429
EMABreakout,TRANSITION,69,55,14,0.89190627,-285.20662015,175.72266847,0.797101449275
EMACross,BEAR,8,3,5,-2.06773131,-25.22082588,48.58627961,0.375
EMACross,BULL,8,0,8,-56.99933805,-240.6447914,-0.89669215,0
EMACross,SIDEWAYS,7,3,4,-0.03198595,-61.93543464,4.430809,0.428571428571
EMACross,TRANSITION,15,4,11,-7.27555109,-100.57991245,14.4740596,0.266666666667
EMAPriceCrossoverWithThreshold,BEAR,37,11,26,-16.62099108,-412.24213758,414.83729942,0.297297297297
EMAPriceCrossoverWithThreshold,BULL,33,9,24,-15.0299988,-122.00076612,337.01831446,0.272727272727
EMAPriceCrossoverWithThreshold,SIDEWAYS,39,17,22,-6.95939925,-186.62602577,539.57788512,0.435897435897
EMAPriceCrossoverWithThreshold,TRANSITION,65,12,53,-14.78800053,-211.28599788,688.67114585,0.184615384615
EMASkipPump,BEAR,15,9,6,2.98976116,-364.81724404,70.78114735,0.6
EMASkipPump,BULL,11,2,9,-9.32649178,-123.15236096,72.60981811,0.181818181818
EMASkipPump,SIDEWAYS,11,4,7,-6.81243966,-61.45088333,80.08107741,0.363636363636
EMASkipPump,TRANSITION,25,10,15,-5.35203418,-121.5405528,45.72458585,0.4
EMAVolume,BEAR,45,12,33,-4.85927982,-203.92449927,44.76911807,0.266666666667
EMAVolume,BULL,39,11,28,-3.92835424,-105.23764748,255.93221238,0.282051282051
EMAVolume,SIDEWAYS,41,17,24,-2.2789026,-68.66344982,156.05673456,0.414634146341
EMAVolume,TRANSITION,85,21,64,-3.22618162,-90.57031342,118.79325084,0.247058823529
EMA_CROSSOVER_STRATEGY,BEAR,11,2,9,-8.95352887,-37.46258808,3.18766718,0.181818181818
EMA_CROSSOVER_STRATEGY,BULL,10,0,10,-15.542401975,-162.71884997,-1.11484248,0
EMA_CROSSOVER_STRATEGY,SIDEWAYS,8,1,7,-12.589036785,-80.04131713,0.6106796,0.125
EMA_CROSSOVER_STRATEGY,TRANSITION,19,1,18,-5.89109784,-49.40289677,0.71356183,0.0526315789474
EMA_Trailing_Stoploss,BEAR,10,0,10,-8.05718301,-29.27838155,-1.29585346,0
EMA_Trailing_Stoploss,BULL,9,1,8,-15.42354151,-132.06216699,0.89738265,0.111111111111
EMA_Trailing_Stoploss,SIDEWAYS,8,0,8,-25.56746979,-88.59096958,-2.73885321,0
EMA_Trailing_Stoploss,TRANSITION,18,0,18,-5.88063218,-39.74631021,-0.8980483,0
EMA_Trailing_Stoploss_LessMagic,BEAR,11,0,11,-5.73390964,-33.63387784,-1.62951786,0
EMA_Trailing_Stoploss_LessMagic,BULL,10,0,10,-14.936889315,-121.696421,-0.27207561,0
EMA_Trailing_Stoploss_LessMagic,SIDEWAYS,8,0,8,-22.221000875,-74.08057535,-3.2354172,0
EMA_Trailing_Stoploss_LessMagic,TRANSITION,19,0,19,-5.71025331,-40.85065256,-0.59111625,0
EXPERIMENTAL_STRATEGY,BEAR,28,12,16,-0.74398204,-308.2114278,9.9077151,0.428571428571
EXPERIMENTAL_STRATEGY,BULL,24,5,19,-2.74773124,-54.38370425,103.59576148,0.208333333333
EXPERIMENTAL_STRATEGY,SIDEWAYS,21,4,17,-3.30673918,-57.76947229,51.73402922,0.190476190476
EXPERIMENTAL_STRATEGY,TRANSITION,48,11,37,-1.59843109,-109.1192694,54.17384645,0.229166666667
ElliotV2,BEAR,11,7,4,6.3394243,-88.02004413,281.03116582,0.636363636364
ElliotV2,BULL,13,12,1,16.59260282,-7.71487983,166.63063062,0.923076923077
ElliotV2,SIDEWAYS,9,8,1,16.67580203,-5.7429768,56.46827151,0.888888888889
ElliotV2,TRANSITION,13,9,4,6.77216689,-35.43507338,77.82697034,0.692307692308
ElliotV4,BEAR,16,14,2,15.61589493,-345.57972973,676.69188765,0.875
ElliotV4,BULL,21,20,1,17.70674328,-303.2299473,512.32706489,0.952380952381
ElliotV4,SIDEWAYS,13,12,1,10.10988551,-10.34132608,131.6641782,0.923076923077
ElliotV4,TRANSITION,27,21,6,7.8781947,-172.223769,228.38002571,0.777777777778
ElliotV531,BEAR,15,11,4,2.0570688,-20.59030321,67.37391482,0.733333333333
ElliotV531,BULL,18,12,6,2.131218295,-12.59930461,42.47454491,0.666666666667
ElliotV531,SIDEWAYS,12,10,2,3.949287395,-0.9071102,41.40800843,0.833333333333
ElliotV531,TRANSITION,22,15,7,1.690573915,-42.76654841,19.39346196,0.681818181818
ElliotV5HO,BEAR,15,13,2,2.47532516,-6.0630706,230.47681632,0.866666666667
ElliotV5HO,BULL,18,14,4,9.10029657,-10.93067638,142.04598124,0.777777777778
ElliotV5HO,SIDEWAYS,12,11,1,9.523909525,-7.08954776,42.40510107,0.916666666667
ElliotV5HO,TRANSITION,22,13,9,1.36914631,-40.51765062,50.70603663,0.590909090909
ElliotV5HOMod2,BEAR,10,9,1,7.941935185,-279.8371416,359.48185595,0.9
ElliotV5HOMod2,BULL,16,16,0,20.52125607,2.87753006,329.1527046,1
ElliotV5HOMod2,SIDEWAYS,10,9,1,17.28357985,-2.23349102,104.32243789,0.9
ElliotV5HOMod2,TRANSITION,15,14,1,10.6219715,-115.9734082,147.1543579,0.933333333333
ElliotV5HOMod3,BEAR,13,7,6,1.39545424,-33.54490995,248.80161343,0.538461538462
ElliotV5HOMod3,BULL,18,10,8,8.786186815,-30.56852065,235.344616,0.555555555556
ElliotV5HOMod3,SIDEWAYS,11,9,2,19.2532522,-15.0396156,83.88289993,0.818181818182
ElliotV5HOMod3,TRANSITION,16,9,7,4.034453945,-53.42633862,123.76436158,0.5625
ElliotV5_SMA,BEAR,16,12,4,8.27054848,-20.20067841,322.74270756,0.75
ElliotV5_SMA,BULL,20,14,6,19.93654866,-12.31529376,167.43040997,0.7
ElliotV5_SMA,SIDEWAYS,11,11,0,18.91032327,3.19917186,64.34108098,1
ElliotV5_SMA,TRANSITION,21,14,7,6.6504978,-47.47205567,109.93234413,0.666666666667
ElliotV7,BEAR,9,8,1,8.58898333,-8.761948,32.76537997,0.888888888889
ElliotV7,BULL,17,16,1,6.52345932,-10.3029962,118.88244362,0.941176470588
ElliotV7,SIDEWAYS,9,8,1,4.45829216,-5.68486788,39.95457396,0.888888888889
ElliotV7,TRANSITION,19,10,9,0.88491795,-32.04976159,41.75533734,0.526315789474
ElliotV8HO,BEAR,13,12,1,6.30985792,-68.25596351,117.36261292,0.923076923077
ElliotV8HO,BULL,15,15,0,9.11516853,2.010179,117.84096457,1
ElliotV8HO,SIDEWAYS,8,7,1,8.1169459,-1.20067106,47.58550861,0.875
ElliotV8HO,TRANSITION,7,4,3,3.94502732,-34.06268736,64.37025346,0.571428571429
ElliotV8_original,BEAR,9,9,0,14.01667598,0.00092316,120.51202976,1
ElliotV8_original,BULL,17,17,0,17.35285886,2.11591308,200.784886,1
ElliotV8_original,SIDEWAYS,10,9,1,7.00084158,-1.57280052,83.2395665,0.9
ElliotV8_original,TRANSITION,19,17,2,4.96936903,-88.0993098,89.40596547,0.894736842105
ElliotV8_original_ichiv2,BEAR,18,14,4,8.287391315,-130.63258655,226.0082678,0.777777777778
ElliotV8_original_ichiv2,BULL,21,16,5,31.90304223,-19.62844705,245.16594482,0.761904761905
ElliotV8_original_ichiv2,SIDEWAYS,16,15,1,13.469652605,-12.7450696,132.14845865,0.9375
ElliotV8_original_ichiv2,TRANSITION,29,21,8,5.06389699,-30.693553,120.43434007,0.724137931034
ElliotV8_original_ichiv2OH,BEAR,12,11,1,7.169105315,-0.035332,21.96763927,0.916666666667
ElliotV8_original_ichiv2OH,BULL,16,14,2,13.44386278,-43.88588804,60.46052763,0.875
ElliotV8_original_ichiv2OH,SIDEWAYS,9,8,1,8.12701419,-0.99924974,42.24964048,0.888888888889
ElliotV8_original_ichiv2OH,TRANSITION,14,11,3,2.619231775,-24.82400326,38.54166287,0.785714285714
ElliotV8_original_ichiv3,BEAR,18,13,5,6.44086219,-21.98472016,98.11806515,0.722222222222
ElliotV8_original_ichiv3,BULL,21,14,7,10.95731006,-29.99879804,90.94210702,0.666666666667
ElliotV8_original_ichiv3,SIDEWAYS,16,14,2,7.06995061,-11.68496325,77.43808974,0.875
ElliotV8_original_ichiv3,TRANSITION,29,14,15,-0.81039651,-16.7810932,47.82773992,0.48275862069
Elliotv8,BEAR,9,8,1,9.58697407,-9.80682328,69.32635752,0.888888888889
Elliotv8,BULL,17,17,0,10.59305952,1.26052674,179.27575271,1
Elliotv8,SIDEWAYS,10,9,1,5.2684026,-6.6926576,52.90787282,0.9
Elliotv8,TRANSITION,19,10,9,1.34261296,-27.97671827,60.68683205,0.526315789474
EmaCrossStrategy,BEAR,38,15,23,-7.778583065,-389.08782346,197.11206563,0.394736842105
EmaCrossStrategy,BULL,29,9,20,-9.39565335,-125.41407346,267.74463177,0.310344827586
EmaCrossStrategy,SIDEWAYS,39,20,19,1.19072956,-82.96330411,237.66474127,0.512820512821
EmaCrossStrategy,TRANSITION,65,19,46,-7.760968,-249.41505022,927.87121442,0.292307692308
EmaRibbonStrategy,BEAR,17,3,14,-9.01298059,-59.50428184,2.04434726,0.176470588235
EmaRibbonStrategy,BULL,13,1,12,-14.21534039,-113.62300219,0.01141656,0.0769230769231
EmaRibbonStrategy,SIDEWAYS,11,0,11,-9.26860495,-48.00819605,-0.12429215,0
EmaRibbonStrategy,TRANSITION,26,4,22,-5.079796595,-48.70264292,12.52606037,0.153846153846
FAdxSmaStrategy,BEAR,27,8,19,-2.406005,-23.21978841,39.75906984,0.296296296296
FAdxSmaStrategy,BULL,29,11,18,-2.06268139,-36.94571082,19.03486517,0.379310344828
FAdxSmaStrategy,SIDEWAYS,36,10,26,-1.72135172,-21.99259258,20.40712828,0.277777777778
FAdxSmaStrategy,TRANSITION,53,19,34,-0.86731177,-23.96360182,18.37183864,0.358490566038
FBB_DWT,BEAR,17,9,8,2.08516203,-512.65185133,59.41142463,0.529411764706
FBB_DWT,BULL,20,16,4,11.09910981,-56.42896384,241.82748701,0.8
FBB_DWT,SIDEWAYS,11,7,4,4.739931,-39.50496025,114.34685194,0.636363636364
FBB_DWT,TRANSITION,36,33,3,6.26245432,-112.6713913,54.28387427,0.916666666667
FFT,BEAR,37,24,13,2.79628104,-490.11722753,150.06405239,0.648648648649
FFT,BULL,31,18,13,1.40419812,-136.95285536,89.73870404,0.58064516129
FFT,SIDEWAYS,30,17,13,2.968825845,-47.17275384,137.2766464,0.566666666667
FFT,TRANSITION,65,43,22,3.29028385,-195.52658369,65.17666261,0.661538461538
FLAGS,BEAR,22,12,10,9.79640845,-767.49045851,401.22125143,0.545454545455
FLAGS,BULL,23,13,10,33.58203451,-511.55227574,728.88943717,0.565217391304
FLAGS,SIDEWAYS,18,9,9,-23.6649398,-570.59537657,511.77768977,0.5
FLAGS,TRANSITION,30,11,19,-15.163166335,-318.45562301,522.91698677,0.366666666667
FOttStrategy,BEAR,45,23,22,0.3877291,-260.77346362,29.04294166,0.511111111111
FOttStrategy,BULL,37,22,15,0.27318409,-188.46381319,75.65366564,0.594594594595
FOttStrategy,SIDEWAYS,39,21,18,0.53094251,-125.09240863,34.40749106,0.538461538462
FOttStrategy,TRANSITION,83,44,39,0.1029156,-88.00361376,47.85721967,0.530120481928
FRAYSTRAT,BEAR,9,4,5,-1.54444898,-60.50183787,61.27166264,0.444444444444
FRAYSTRAT,BULL,8,1,7,-106.140150335,-195.6652567,3.93852218,0.125
FRAYSTRAT,SIDEWAYS,8,5,3,9.298253745,-44.65021526,132.57092041,0.625
FRAYSTRAT,TRANSITION,17,5,12,-4.50772301,-195.65076868,68.3486942,0.294117647059
FReinforcedStrategy,BEAR,43,4,39,-1.75124039,-34.38766962,5.19065768,0.093023255814
FReinforcedStrategy,BULL,39,3,36,-1.0178954,-54.1239726,3.83719588,0.0769230769231
FReinforcedStrategy,SIDEWAYS,41,7,34,-1.66485629,-20.70804106,9.67752382,0.170731707317
FReinforcedStrategy,TRANSITION,86,10,76,-1.10047677,-15.96811006,4.40167024,0.116279069767
FSampleStrategy,BEAR,32,9,23,-22.4753164,-648.99492855,663.25034859,0.28125
FSampleStrategy,BULL,23,6,17,-30.78774021,-410.8351137,609.53090294,0.260869565217
FSampleStrategy,SIDEWAYS,33,12,21,-14.97126974,-172.21455184,489.55233129,0.363636363636
FSampleStrategy,TRANSITION,56,14,42,-19.33307553,-473.71985366,464.76109685,0.25
FSupertrendStrategy,BEAR,42,16,26,-4.362788985,-270.64938846,68.82951189,0.380952380952
FSupertrendStrategy,BULL,37,13,24,-5.47836218,-136.15161743,104.57530519,0.351351351351
FSupertrendStrategy,SIDEWAYS,41,17,24,-3.44035961,-91.33778515,173.59825139,0.414634146341
FSupertrendStrategy,TRANSITION,82,23,59,-3.434413695,-88.95539265,103.82579699,0.280487804878
FTT_DWT_FBB_FUTURES,BEAR,13,5,8,-1.58607055,-607.93719056,3.48539199,0.384615384615
FTT_DWT_FBB_FUTURES,BULL,10,4,6,-3.317252825,-77.01489953,12.93035457,0.4
FTT_DWT_FBB_FUTURES,SIDEWAYS,8,3,5,-1.60119564,-67.05492224,0.94075271,0.375
FTT_DWT_FBB_FUTURES,TRANSITION,22,9,13,-1.285688665,-45.11663015,30.80802145,0.409090909091
FVGChannel,BEAR,31,13,18,-0.15720748,-241.51472221,16.13738097,0.41935483871
FVGChannel,BULL,26,7,19,-1.4909211,-85.28807698,6.28055198,0.269230769231
FVGChannel,SIDEWAYS,27,5,22,-0.90921582,-24.65950001,7.76269361,0.185185185185
FVGChannel,TRANSITION,56,17,39,-0.606479825,-80.23600394,25.02977501,0.303571428571
Fakebuy,BEAR,20,14,6,1.28267907,-11.45751992,16.13264657,0.7
Fakebuy,BULL,13,11,2,3.75768234,-6.77178687,29.10666635,0.846153846154
Fakebuy,SIDEWAYS,11,9,2,2.45765644,-37.58926401,6.68690245,0.818181818182
Fakebuy,TRANSITION,23,16,7,1.27661754,-14.95476542,8.5367244,0.695652173913
FastSupertrendOpt,BEAR,41,17,24,-4.58158421,-803.89671477,329.93416533,0.414634146341
FastSupertrendOpt,BULL,38,13,25,-13.430008745,-230.47887101,373.04786913,0.342105263158
FastSupertrendOpt,SIDEWAYS,41,20,21,-0.02770899,-149.31266047,769.38967217,0.487804878049
FastSupertrendOpt,TRANSITION,81,29,52,-7.5295898,-385.05507701,230.71887626,0.358024691358
FastSupertrend_optim3,BEAR,44,18,26,-194.744690265,-77761.3402099,200856.419552,0.409090909091
FastSupertrend_optim3,BULL,39,21,18,441.79384416,-26688.2694691,174246.024071,0.538461538462
FastSupertrend_optim3,SIDEWAYS,41,31,10,2461.27121211,-29597.4924614,114067.228234,0.756097560976
FastSupertrend_optim3,TRANSITION,86,51,35,315.80465536,-46560.4872323,94474.8833453,0.593023255814
FastSupertrend_optim3_rsi_70,BEAR,44,18,26,-180.13486798,-62738.6778362,117243.96954,0.409090909091
FastSupertrend_optim3_rsi_70,BULL,39,20,19,60.45857758,-21621.6871103,123412.804317,0.512820512821
FastSupertrend_optim3_rsi_70,SIDEWAYS,41,31,10,2058.36016078,-21675.7473872,71047.3461509,0.756097560976
FastSupertrend_optim3_rsi_70,TRANSITION,87,52,35,418.50958731,-27400.692195,52350.8599336,0.597701149425
FastSupertrend_optim3_rsi_75,BEAR,44,17,27,-494.6388141,-108317.404521,230150.676289,0.386363636364
FastSupertrend_optim3_rsi_75,BULL,39,23,16,509.09117768,-35152.1902345,198940.740323,0.589743589744
FastSupertrend_optim3_rsi_75,SIDEWAYS,41,32,9,2473.51253747,-35498.7585439,131336.879853,0.780487804878
FastSupertrend_optim3_rsi_75,TRANSITION,86,51,35,295.41930528,-52251.1051869,108553.668011,0.593023255814
FastSupertrend_optim3_rsi_752,BEAR,45,21,24,-60.41537343,-49785.8840737,130004.042136,0.466666666667
FastSupertrend_optim3_rsi_752,BULL,39,23,16,433.80035253,-57748.6403652,121383.464861,0.589743589744
FastSupertrend_optim3_rsi_752,SIDEWAYS,41,29,12,803.59495921,-45038.8236648,76747.3669014,0.707317073171
FastSupertrend_optim3_rsi_752,TRANSITION,87,49,38,16.6793796,-29992.2847417,82402.3684669,0.563218390805
FastSupertrend_optim3_rsi_75fix,BEAR,44,17,27,-494.6388141,-108317.404521,230150.676289,0.386363636364
FastSupertrend_optim3_rsi_75fix,BULL,39,23,16,509.09117768,-35152.1902345,198940.740323,0.589743589744
FastSupertrend_optim3_rsi_75fix,SIDEWAYS,41,32,9,2473.51253747,-35498.7585439,131336.879853,0.780487804878
FastSupertrend_optim3_rsi_75fix,TRANSITION,86,51,35,295.41930528,-52251.1051869,108553.668011,0.593023255814
FastSupertrend_optim3_rsi_75fix_signal,BEAR,44,20,24,-64.258012465,-5746.12403519,2538.36196301,0.454545454545
FastSupertrend_optim3_rsi_75fix_signal,BULL,39,22,17,32.65432857,-1769.64194543,13498.7419661,0.564102564103
FastSupertrend_optim3_rsi_75fix_signal,SIDEWAYS,41,31,10,370.73224613,-1404.99252481,4553.3556278,0.756097560976
FastSupertrend_optim3_rsi_75fix_signal,TRANSITION,87,50,37,64.09450697,-1948.66938579,3652.14864697,0.574712643678
FastSupertrend_optim3_rsi_75sell,BEAR,44,17,27,-525.73389028,-120663.229291,241987.753536,0.386363636364
FastSupertrend_optim3_rsi_75sell,BULL,39,25,14,594.83578977,-35329.1686756,208227.608147,0.641025641026
FastSupertrend_optim3_rsi_75sell,SIDEWAYS,41,32,9,2380.39972368,-32131.4723582,121176.111683,0.780487804878
FastSupertrend_optim3_rsi_75sell,TRANSITION,86,51,35,215.37500183,-52170.307698,104411.867588,0.593023255814
FastSupertrend_optim3_rsi_80,BEAR,44,18,26,-202.989759645,-79128.388396,213117.168399,0.409090909091
FastSupertrend_optim3_rsi_80,BULL,39,21,18,448.56964104,-28317.0464761,179422.393166,0.538461538462
FastSupertrend_optim3_rsi_80,SIDEWAYS,41,31,10,2531.27006419,-30119.1868127,125028.991152,0.756097560976
FastSupertrend_optim3_rsi_80,TRANSITION,86,51,35,314.225192065,-49394.1796227,96461.0740181,0.593023255814
FastSupertrend_optim_quick,BEAR,46,25,21,56.94592053,-428229.180337,1280406.81235,0.54347826087
FastSupertrend_optim_quick,BULL,39,24,15,1783.50326998,-495509.584433,964464.805858,0.615384615385
FastSupertrend_optim_quick,SIDEWAYS,41,28,13,5728.64185355,-570664.052968,852598.310789,0.682926829268
FastSupertrend_optim_quick,TRANSITION,87,50,37,252.60771079,-227608.582631,807299.976466,0.574712643678
FastSupertrend_optim_quick2,BEAR,6,2,4,-3.05154782,-318.50635233,1.32819458,0.333333333333
FastSupertrend_optim_quick2,BULL,5,0,5,-56.93382183,-118.28688782,-10.55794852,0
FastSupertrend_optim_quick2,SIDEWAYS,4,1,3,-24.386165445,-47.49047281,23.6338936,0.25
FastSupertrend_optim_quick2,TRANSITION,11,1,10,-13.03553784,-83.70968823,0.5076882,0.0909090909091
FastSupertrend_optim_quick3,BEAR,10,2,8,-6.49431231,-63.67771921,4.87542722,0.2
FastSupertrend_optim_quick3,BULL,9,1,8,-42.01067921,-204.27602581,1.07327204,0.111111111111
FastSupertrend_optim_quick3,SIDEWAYS,8,2,6,-5.50122264,-38.02345026,55.21715971,0.25
FastSupertrend_optim_quick3,TRANSITION,20,3,17,-6.020206525,-59.96598882,53.58902378,0.15
FastSupertrend_optim_quick4,BEAR,10,3,7,-5.704560445,-55.11630098,3.46483034,0.3
FastSupertrend_optim_quick4,BULL,9,1,8,-40.52753162,-193.32283978,0.42823133,0.111111111111
FastSupertrend_optim_quick4,SIDEWAYS,8,1,7,-5.38296913,-48.95869138,54.58817822,0.125
FastSupertrend_optim_quick4,TRANSITION,20,4,16,-6.10231855,-61.77405812,54.69050962,0.2
FastSupertrend_optim_quick5,BEAR,14,5,9,-3.726192135,-57.81067032,12.91706013,0.357142857143
FastSupertrend_optim_quick5,BULL,10,2,8,-27.00138738,-188.6937112,0.71851045,0.2
FastSupertrend_optim_quick5,SIDEWAYS,8,2,6,-6.799686745,-50.32917752,74.71423133,0.25
FastSupertrend_optim_quick5,TRANSITION,22,4,18,-6.088804705,-61.83764961,35.34373696,0.181818181818
FastSupertrend_ts_origstop_fix,BEAR,41,12,29,-9.15461007,-150.09237829,458.02469168,0.292682926829
FastSupertrend_ts_origstop_fix,BULL,35,11,24,-10.34455616,-201.34486951,154.10082263,0.314285714286
FastSupertrend_ts_origstop_fix,SIDEWAYS,41,24,17,12.86072609,-101.96446539,259.98317701,0.585365853659
FastSupertrend_ts_origstop_fix,TRANSITION,76,23,53,-8.21029252,-131.70083827,198.81217061,0.302631578947
FisherTransformStrategy,BEAR,13,3,10,-4.5818922,-106.38505437,11.41892791,0.230769230769
FisherTransformStrategy,BULL,10,0,10,-26.873374295,-91.88681356,-3.64314256,0
FisherTransformStrategy,SIDEWAYS,8,3,5,-21.15757596,-119.49863944,12.37870086,0.375
FisherTransformStrategy,TRANSITION,20,4,16,-7.5539811,-30.00341682,18.46160552,0.2
FiveMinCrossAbove,BEAR,6,5,1,30.22693752,-459.58940895,74.10032037,0.833333333333
FiveMinCrossAbove,BULL,14,11,3,51.326836575,-538.62700132,909.32446066,0.785714285714
FiveMinCrossAbove,SIDEWAYS,9,7,2,51.43485089,-1366.16195812,495.29528811,0.777777777778
FiveMinCrossAbove,TRANSITION,18,18,0,26.31244834,4.01614002,351.91651041,1
FlawlessVictory,BEAR,44,24,20,7.58724972,-3696.07165584,1046.15368466,0.545454545455
FlawlessVictory,BULL,39,17,22,-4.99599264,-111.12220086,936.87158169,0.435897435897
FlawlessVictory,SIDEWAYS,41,24,17,10.41424375,-805.14498475,1642.80295527,0.585365853659
FlawlessVictory,TRANSITION,84,32,52,-10.056250965,-930.97525515,1203.27189325,0.380952380952
ForexSignal,BEAR,6,0,6,-4.88282527,-58.49503625,-1.1659148,0
ForexSignal,BULL,5,0,5,-51.82411561,-214.65168297,-20.17222024,0
ForexSignal,SIDEWAYS,4,0,4,-49.78533692,-165.6259609,-30.73837053,0
ForexSignal,TRANSITION,9,0,9,-14.81834595,-69.12458823,-1.38732416,0
FrayStratBTC,BEAR,35,23,12,0.69333222,-906.97892812,233.39154226,0.657142857143
FrayStratBTC,BULL,30,11,19,-2.65067005,-565.14054987,252.39818582,0.366666666667
FrayStratBTC,SIDEWAYS,34,23,11,0.37350378,-138.57479654,400.83550972,0.676470588235
FrayStratBTC,TRANSITION,65,39,26,0.34965633,-467.77615629,127.79655733,0.6
Freqtrade_backtest_validation_freqtrade1,BEAR,45,23,22,1.08901211,-1892.12407094,270.7268194,0.511111111111
Freqtrade_backtest_validation_freqtrade1,BULL,36,13,23,-8.433737825,-92.69132757,705.1730152,0.361111111111
Freqtrade_backtest_validation_freqtrade1,SIDEWAYS,41,19,22,-4.1267262,-248.27174837,846.03196619,0.463414634146
Freqtrade_backtest_validation_freqtrade1,TRANSITION,85,27,58,-13.39269485,-336.35521377,491.55550932,0.317647058824
FrostAuraM115mStrategy,BEAR,38,22,16,0.790676965,-1013.72088874,164.07645972,0.578947368421
FrostAuraM115mStrategy,BULL,33,15,18,-0.51494145,-75.98774111,420.73322711,0.454545454545
FrostAuraM115mStrategy,SIDEWAYS,37,15,22,-2.58246792,-63.23178776,281.42877015,0.405405405405
FrostAuraM115mStrategy,TRANSITION,75,26,49,-2.18325193,-285.62770073,168.96498304,0.346666666667
FrostAuraM11hStrategy,BEAR,29,17,12,5.30069372,-565.80187083,118.01712484,0.586206896552
FrostAuraM11hStrategy,BULL,36,26,10,10.88697028,-434.38754274,429.32344462,0.722222222222
FrostAuraM11hStrategy,SIDEWAYS,37,27,10,11.51785294,-211.60676237,224.63813844,0.72972972973
FrostAuraM11hStrategy,TRANSITION,70,55,15,7.29997296,-710.75982443,154.77828167,0.785714285714
FrostAuraM21hStrategy,BEAR,12,2,10,-7.3007062,-47.87212928,12.21676111,0.166666666667
FrostAuraM21hStrategy,BULL,10,0,10,-26.67044747,-201.38287016,-2.18442826,0
FrostAuraM21hStrategy,SIDEWAYS,8,2,6,-11.62145532,-53.17355021,60.10960449,0.25
FrostAuraM21hStrategy,TRANSITION,20,6,14,-5.58833884,-45.15818291,26.49475079,0.3
FrostAuraM315mStrategy,BEAR,42,29,13,4.925229315,-595.39622607,90.31384783,0.690476190476
FrostAuraM315mStrategy,BULL,39,25,14,0.75600382,-160.14928712,235.07571792,0.641025641026
FrostAuraM315mStrategy,SIDEWAYS,41,23,18,1.16471248,-140.28834137,152.44498949,0.560975609756
FrostAuraM315mStrategy,TRANSITION,85,49,36,0.88524871,-204.92645691,89.33422163,0.576470588235
FrostAuraM31hStrategy,BEAR,33,25,8,4.46297933,-387.33420407,65.79291705,0.757575757576
FrostAuraM31hStrategy,BULL,39,20,19,0.0059276,-179.3524768,157.2556289,0.512820512821
FrostAuraM31hStrategy,SIDEWAYS,38,25,13,6.13400436,-96.32445753,205.41037795,0.657894736842
FrostAuraM31hStrategy,TRANSITION,72,40,32,0.42397705,-154.95310737,56.27074212,0.555555555556
GKD_Baseline,BEAR,17,4,13,-2.29032973,-55.67722119,5.63314556,0.235294117647
GKD_Baseline,BULL,13,2,11,-15.02849023,-101.13319096,0.46855996,0.153846153846
GKD_Baseline,SIDEWAYS,11,2,9,-10.15697257,-65.80321689,2.7864307,0.181818181818
GKD_Baseline,TRANSITION,25,3,22,-5.38103952,-28.02924763,5.59279966,0.12
GKD_BaselineAllMAs,BEAR,17,4,13,-2.29032973,-55.67722119,5.63314556,0.235294117647
GKD_BaselineAllMAs,BULL,13,2,11,-15.02849023,-101.13319096,0.46855996,0.153846153846
GKD_BaselineAllMAs,SIDEWAYS,11,2,9,-10.15697257,-65.80321689,2.7864307,0.181818181818
GKD_BaselineAllMAs,TRANSITION,25,3,22,-5.38103952,-28.02924763,5.59279966,0.12
GKD_FisherTransformMTF,BEAR,42,24,18,15.18734052,-3005.73534978,1720.72064841,0.571428571429
GKD_FisherTransformMTF,BULL,33,12,21,-12.65347331,-1042.44784791,1313.16985901,0.363636363636
GKD_FisherTransformMTF,SIDEWAYS,39,22,17,24.7537662,-1046.42439539,2403.28411731,0.564102564103
GKD_FisherTransformMTF,TRANSITION,83,31,52,-15.59831964,-1150.34297098,1254.4899773,0.373493975904
GKD_HurstExponent,BEAR,40,25,15,2.550563325,-120.55247977,30.57428563,0.625
GKD_HurstExponent,BULL,35,17,18,-1.00419171,-62.28463659,82.46153813,0.485714285714
GKD_HurstExponent,SIDEWAYS,36,25,11,9.104627155,-54.03163682,112.5103418,0.694444444444
GKD_HurstExponent,TRANSITION,81,42,39,0.7805304,-94.71474586,44.56853015,0.518518518519
GKD_PFE,BEAR,18,4,14,-1.029217495,-80.41728566,25.24590023,0.222222222222
GKD_PFE,BULL,13,1,12,-18.81959133,-100.29004621,3.13033548,0.0769230769231
GKD_PFE,SIDEWAYS,11,2,9,-1.99752347,-72.01253109,17.19005593,0.181818181818
GKD_PFE,TRANSITION,26,4,22,-6.30370468,-71.10356399,10.12933082,0.153846153846
GRIDDMIPRICEStrategyFutureV5Short,BEAR,1,0,1,-45.3522683,-45.3522683,-45.3522683,0
GRIDDMIPRICEStrategyFutureV5Short,BULL,3,0,3,-9.77322143,-96.21339284,-5.09094312,0
GRIDDMIPRICEStrategyFutureV5Short,SIDEWAYS,1,0,1,-65.34707859,-65.34707859,-65.34707859,0
GRIDDMIPRICEStrategyFutureV5Short,TRANSITION,7,0,7,-41.50072543,-341.57122156,-3.26383725,0
GodCard,BEAR,14,12,2,0.71585156,-33.83655134,14.3781187,0.857142857143
GodCard,BULL,15,13,2,1.16372388,-48.92256441,19.31325095,0.866666666667
GodCard,SIDEWAYS,18,17,1,2.07363632,-13.246142,44.52130534,0.944444444444
GodCard,TRANSITION,27,26,1,1.13702079,-11.48914458,30.49166031,0.962962962963
GoldenCrossStrategy,BEAR,45,14,31,-1.20616886,-88.32061496,37.22145327,0.311111111111
GoldenCrossStrategy,BULL,37,9,28,-4.01572244,-48.53378116,37.21825234,0.243243243243
GoldenCrossStrategy,SIDEWAYS,41,18,23,-0.38376899,-17.699641,37.75273362,0.439024390244
GoldenCrossStrategy,TRANSITION,84,24,60,-1.75114412,-35.38293762,13.5392671,0.285714285714
Gumbo1,BEAR,14,8,6,1.10651385,-133.88147719,34.09070562,0.571428571429
Gumbo1,BULL,11,0,11,-35.78016853,-144.80180582,-0.405651,0
Gumbo1,SIDEWAYS,9,3,6,-7.95459226,-62.9318999,12.3481073,0.333333333333
Gumbo1,TRANSITION,22,7,15,-2.61322323,-93.18517298,11.482338,0.318181818182
HEAD_SHOULDER,BEAR,26,12,14,-1.894875255,-134.14909526,100.99670681,0.461538461538
HEAD_SHOULDER,BULL,23,12,11,0.26788899,-145.36782646,107.56764649,0.521739130435
HEAD_SHOULDER,SIDEWAYS,31,13,18,-3.47442471,-144.12791219,35.20367623,0.41935483871
HEAD_SHOULDER,TRANSITION,48,25,23,0.898670425,-294.7186189,333.92396227,0.520833333333
Hacklemore2,BEAR,6,5,1,10.800733635,-187.38611686,33.63268869,0.833333333333
Hacklemore2,BULL,12,9,3,7.83339684,-201.40527836,172.44787059,0.75
Hacklemore2,SIDEWAYS,11,9,2,5.99372984,-157.41663767,79.08094431,0.818181818182
Hacklemore2,TRANSITION,15,14,1,4.01637631,-324.08940089,44.66357742,0.933333333333
Hacklemost,BEAR,12,11,1,4.12371762,-149.77890277,47.47803198,0.916666666667
Hacklemost,BULL,6,6,0,27.098903575,6.36495062,59.45163541,1
Hacklemost,SIDEWAYS,6,6,0,1.8632964,0.299943,18.35666414,1
Hacklemost,TRANSITION,5,5,0,7.9987877,0.3146997,14.44750987,1
Hammer,BEAR,15,13,2,9.26626955,-187.6377486,136.10363869,0.866666666667
Hammer,BULL,17,16,1,12.88769945,-34.79246798,212.18939942,0.941176470588
Hammer,SIDEWAYS,12,9,3,6.55710426,-83.88413734,48.34178969,0.75
Hammer,TRANSITION,18,13,5,2.97069307,-81.78214548,58.5992262,0.722222222222
HansenSmaOffsetV1,BEAR,4,1,3,-194.82202384,-946.07967272,27.47029036,0.25
HansenSmaOffsetV1,BULL,12,8,4,145.369429235,-657.53327466,1553.17623968,0.666666666667
HansenSmaOffsetV1,SIDEWAYS,7,5,2,118.38828452,-692.73895682,970.21944565,0.714285714286
HansenSmaOffsetV1,TRANSITION,8,7,1,139.856509045,-627.91818851,420.13639431,0.875
HeikinAshiStrategy,BEAR,4,0,4,-11.00291704,-79.41713262,-8.13095208,0
HeikinAshiStrategy,BULL,3,0,3,-53.29829931,-225.72333476,-27.122937,0
HeikinAshiStrategy,SIDEWAYS,4,0,4,-54.42059194,-198.33845315,-18.3501915,0
HeikinAshiStrategy,TRANSITION,9,0,9,-17.27996717,-69.77359746,-0.32232875,0
HigherHighStrategy,BEAR,9,0,9,-6.31247493,-39.40525623,-0.79448302,0
HigherHighStrategy,BULL,8,0,8,-27.203420815,-119.86203945,-1.08281402,0
HigherHighStrategy,SIDEWAYS,8,0,8,-24.84358306,-107.38584462,-1.95907908,0
HigherHighStrategy,TRANSITION,17,0,17,-4.93357919,-56.17332181,-0.64542257,0
HilbertSineWave,BEAR,38,17,21,-1.347650755,-582.85983256,76.64881005,0.447368421053
HilbertSineWave,BULL,33,13,20,-1.95049813,-189.96098405,133.5763319,0.393939393939
HilbertSineWave,SIDEWAYS,38,24,14,5.813836515,-180.07285205,179.86407439,0.631578947368
HilbertSineWave,TRANSITION,75,37,38,-0.28176196,-132.84526695,75.30418178,0.493333333333
HourBasedStrategy,BEAR,41,21,20,0.27918177,-2083.34540539,587.54099288,0.512195121951
HourBasedStrategy,BULL,34,11,23,-1.316191535,-218.96785134,425.99170119,0.323529411765
HourBasedStrategy,SIDEWAYS,38,21,17,0.589301435,-355.01147947,1040.17009283,0.552631578947
HourBasedStrategy,TRANSITION,79,35,44,-0.7503966,-645.20113646,442.32211184,0.443037974684
HourBasedStrategy_5m,BEAR,45,27,18,5.45274461,-2179.65920969,938.04424971,0.6
HourBasedStrategy_5m,BULL,38,13,25,-7.329543475,-128.84400047,1190.00043152,0.342105263158
HourBasedStrategy_5m,SIDEWAYS,41,25,16,9.06974408,-233.10424421,1822.95546032,0.609756097561
HourBasedStrategy_5m,TRANSITION,85,39,46,-6.08966453,-1196.40456774,515.03913367,0.458823529412
INSIDEUP,BEAR,8,6,2,27.37112941,-761.59407295,87.55725764,0.75
INSIDEUP,BULL,17,14,3,40.05831592,-545.35713102,280.00110255,0.823529411765
INSIDEUP,SIDEWAYS,14,13,1,13.410675435,-271.93821861,291.04729691,0.928571428571
INSIDEUP,TRANSITION,25,23,2,13.3036182,-8.08e-06,80.09581759,0.92
Ichess,BEAR,17,5,12,-34.06350855,-87.66226859,124.7887927,0.294117647059
Ichess,BULL,25,9,16,-25.21039326,-112.38230531,398.52587981,0.36
Ichess,SIDEWAYS,28,14,14,4.498142475,-250.21755867,296.94150901,0.5
Ichess,TRANSITION,41,20,21,-9.30951518,-292.24162465,116.20626917,0.487804878049
Ichimoku,BEAR,35,18,17,0.3613658,-455.92515902,95.07013417,0.514285714286
Ichimoku,BULL,27,8,19,-2.31155706,-265.12215801,18.6572257,0.296296296296
Ichimoku,SIDEWAYS,31,18,13,0.98996132,-95.05114105,191.64202363,0.58064516129
Ichimoku,TRANSITION,65,25,40,-1.6547862,-278.42931979,110.49632534,0.384615384615
IchimokuCloudStrategy,BEAR,21,6,15,-16.86329334,-233.68577186,132.78885217,0.285714285714
IchimokuCloudStrategy,BULL,25,10,15,-9.69308414,-234.35378866,877.66175012,0.4
IchimokuCloudStrategy,SIDEWAYS,32,14,18,-2.616330955,-87.481386,1324.81179896,0.4375
IchimokuCloudStrategy,TRANSITION,47,12,35,-11.80451258,-168.82003827,501.33643056,0.255319148936
IchimokuSimpleStrategy,BEAR,26,4,22,-1.3325148,-132.8084656,2.52230801,0.153846153846
IchimokuSimpleStrategy,BULL,21,4,17,-3.94048638,-79.52506069,10.43215389,0.190476190476
IchimokuSimpleStrategy,SIDEWAYS,18,3,15,-3.49562401,-39.43669474,5.72131579,0.166666666667
IchimokuSimpleStrategy,TRANSITION,42,7,35,-2.441939165,-35.14324498,12.86755727,0.166666666667
IchimokuStrategy,BEAR,45,22,23,-1.39593953,-2023.62365276,551.83187117,0.488888888889
IchimokuStrategy,BULL,38,13,25,-13.74261925,-230.68894129,1294.09112184,0.342105263158
IchimokuStrategy,SIDEWAYS,41,21,20,0.59983026,-217.57350268,1859.17022526,0.512195121951
IchimokuStrategy,TRANSITION,85,32,53,-16.8518209,-793.81769253,442.36091139,0.376470588235
Ichimoku_SenkouSpanCross,BEAR,18,5,13,-71.85636367,-377.47649823,234.70137041,0.277777777778
Ichimoku_SenkouSpanCross,BULL,19,11,8,8.78096509,-383.36412509,1865.1199092,0.578947368421
Ichimoku_SenkouSpanCross,SIDEWAYS,24,14,10,51.59246243,-681.94308871,1096.72969789,0.583333333333
Ichimoku_SenkouSpanCross,TRANSITION,26,11,15,-19.72166081,-396.48031056,1288.5835698,0.423076923077
Ichimoku_v12,BEAR,4,3,1,45.676572855,-848.23310094,144.35851543,0.75
Ichimoku_v12,BULL,11,8,3,61.9202563,-921.05191919,1681.72835985,0.727272727273
Ichimoku_v12,SIDEWAYS,8,7,1,147.971978685,-434.27353243,821.07836839,0.875
Ichimoku_v12,TRANSITION,12,10,2,63.34304003,-1097.62536147,733.55204962,0.833333333333
Ichimoku_v30,BEAR,17,7,10,-102.5253142,-886.14922192,1775.80931974,0.411764705882
Ichimoku_v30,BULL,14,7,7,-2.1175129,-289.63518772,1125.01777247,0.5
Ichimoku_v30,SIDEWAYS,16,8,8,2.069308905,-692.72977545,4240.0032609,0.5
Ichimoku_v30,TRANSITION,21,12,9,9.5394753,-1308.14795085,2290.8774696,0.571428571429
Ichimoku_v31,BEAR,37,8,29,-18.29467908,-613.42092186,758.53286184,0.216216216216
Ichimoku_v31,BULL,36,9,27,-27.833050005,-295.28401968,683.79156721,0.25
Ichimoku_v31,SIDEWAYS,39,18,21,-5.81735398,-617.48924946,1567.28658048,0.461538461538
Ichimoku_v31,TRANSITION,67,17,50,-25.40376,-221.1650976,4671.01424778,0.253731343284
Ichimoku_v32,BEAR,18,3,15,-194.63017073,-1911.17021721,1997.12393637,0.166666666667
Ichimoku_v32,BULL,15,5,10,-87.06178923,-526.28017282,1069.77797607,0.333333333333
Ichimoku_v32,SIDEWAYS,23,11,12,-1.64972673,-1841.68014654,3610.36043074,0.478260869565
Ichimoku_v32,TRANSITION,26,12,14,-9.97132378,-662.37570629,3144.75079774,0.461538461538
Ichimoku_v33,BEAR,32,13,19,-2.702877335,-133.91108402,69.60089134,0.40625
Ichimoku_v33,BULL,35,14,21,-5.46003222,-63.08532061,88.14633337,0.4
Ichimoku_v33,SIDEWAYS,37,24,13,5.79098914,-20.61916163,125.78493018,0.648648648649
Ichimoku_v33,TRANSITION,63,25,38,-2.61099587,-26.20524408,100.21954201,0.396825396825
Ichimoku_v37,BEAR,25,8,17,-16.72233893,-380.63539623,188.76670138,0.32
Ichimoku_v37,BULL,23,6,17,-25.30457708,-424.79153486,1880.11369461,0.260869565217
Ichimoku_v37,SIDEWAYS,28,13,15,-7.49621818,-580.54025018,907.97181451,0.464285714286
Ichimoku_v37,TRANSITION,40,9,31,-15.33489878,-205.41713196,2371.8618365,0.225
ImpulseV1,BEAR,13,7,6,3.46950574,-241.17964449,85.14324987,0.538461538462
ImpulseV1,BULL,11,3,8,-47.19964878,-273.4037796,11.18867933,0.272727272727
ImpulseV1,SIDEWAYS,8,6,2,14.968724925,-46.79730407,162.33418885,0.75
ImpulseV1,TRANSITION,21,7,14,-8.743988,-270.76748872,67.43736897,0.333333333333
InformativeSample,BEAR,19,10,9,3.93461734,-405.54770655,91.54175521,0.526315789474
InformativeSample,BULL,15,2,13,-11.76183878,-255.65614164,53.15135415,0.133333333333
InformativeSample,SIDEWAYS,15,10,5,2.43502198,-123.15122356,229.49377183,0.666666666667
InformativeSample,TRANSITION,32,11,21,-5.18546086,-224.1202772,77.43345641,0.34375
Inverse,BEAR,17,3,14,-4.35018672,-43.02979517,21.54402756,0.176470588235
Inverse,BULL,28,6,22,-8.30470306,-180.813027,182.28773613,0.214285714286
Inverse,SIDEWAYS,32,18,14,2.001954045,-53.45429601,199.70235664,0.5625
Inverse,TRANSITION,62,17,45,-4.553320515,-71.33492006,139.08505504,0.274193548387
InverseV2,BEAR,12,4,8,-3.71968715,-33.39680171,4.54695448,0.333333333333
InverseV2,BULL,24,10,14,-0.92707744,-122.61851842,145.53448487,0.416666666667
InverseV2,SIDEWAYS,25,11,14,-0.7664882,-21.19209786,85.78711849,0.44
InverseV2,TRANSITION,45,14,31,-4.10406081,-59.70403694,121.93743385,0.311111111111
JuicyTrend,BEAR,13,4,9,-7.29053925,-92.03019823,12.60938553,0.307692307692
JuicyTrend,BULL,11,2,9,-14.03455137,-179.84754295,14.41358158,0.181818181818
JuicyTrend,SIDEWAYS,8,4,4,-0.635388485,-53.94535203,71.33783436,0.5
JuicyTrend,TRANSITION,21,5,16,-7.46728336,-79.68085291,46.42325112,0.238095238095
JustROCR,BEAR,22,9,13,-43.82085586,-309.12640511,329.97369777,0.409090909091
JustROCR,BULL,22,11,11,-8.483157345,-422.06333054,1199.06108459,0.5
JustROCR,SIDEWAYS,24,12,12,7.41689529,-418.66386729,445.60200538,0.5
JustROCR,TRANSITION,33,18,15,12.11478718,-384.52746057,300.68746893,0.545454545455
JustROCR2,BEAR,6,2,4,-5.59841719,-44.96976601,14.44518039,0.333333333333
JustROCR2,BULL,4,0,4,-7.71023889,-15.56297015,-0.11415662,0
JustROCR2,TRANSITION,2,1,1,-0.964598315,-2.16359167,0.23439504,0.5
JustROCR3,BEAR,14,0,14,-7.427305495,-47.97244291,-1.46170673,0
JustROCR3,BULL,15,0,15,-6.9972078,-144.61284421,-0.81891935,0
JustROCR3,SIDEWAYS,10,0,10,-1.482376805,-4.44596568,-0.46763556,0
JustROCR3,TRANSITION,12,0,12,-4.57906754,-37.43328752,-0.4988984,0
JustROCR4,BEAR,6,1,5,-15.90690466,-52.03808914,15.53297746,0.166666666667
JustROCR4,BULL,4,1,3,-1.777037375,-53.1429175,30.29781591,0.25
JustROCR4,TRANSITION,2,0,2,-17.49251818,-18.40310206,-16.5819343,0
KAMACCIRSI,BEAR,32,22,10,1.687498075,-811.46149754,170.71191532,0.6875
KAMACCIRSI,BULL,31,11,20,-4.79652349,-167.50060262,179.82993593,0.354838709677
KAMACCIRSI,SIDEWAYS,36,30,6,2.40219033,-110.54447251,396.6394486,0.833333333333
KAMACCIRSI,TRANSITION,69,53,16,0.99751216,-569.82285153,135.24268506,0.768115942029
KAMACCIRSI_new,BEAR,18,10,8,0.000403495,-4.9655847,4.71950813,0.555555555556
KAMACCIRSI_new,BULL,13,7,6,0.0033888,-18.42860321,10.32147864,0.538461538462
KAMACCIRSI_new,SIDEWAYS,20,10,10,0.01315933,-6.38001689,6.29656027,0.5
KAMACCIRSI_new,TRANSITION,20,15,5,0.4458668,-3.5271096,8.29549456,0.75
KC_BB,BEAR,20,14,6,2.17555403,-45.16175778,59.82302825,0.7
KC_BB,BULL,22,16,6,5.236279475,-41.71236091,30.13272277,0.727272727273
KC_BB,SIDEWAYS,17,12,5,3.89221853,-22.32513461,17.02838295,0.705882352941
KC_BB,TRANSITION,36,24,12,2.49804115,-25.44594952,16.9057601,0.666666666667
KeltnerBounce,BEAR,4,3,1,3.572285195,-28.76652274,21.19889712,0.75
KeltnerBounce,BULL,2,2,0,5.992804415,1.75796695,10.22764188,1
KeltnerBounce,SIDEWAYS,1,1,0,4.40440938,4.40440938,4.40440938,1
KeltnerBounce,TRANSITION,3,1,2,-0.00895356,-0.0165152,2.72593156,0.333333333333
KeltnerChannelStrategy,BEAR,17,2,15,-6.39960023,-37.71129042,1.59041028,0.117647058824
KeltnerChannelStrategy,BULL,13,1,12,-7.52584572,-98.08331421,3.01287343,0.0769230769231
KeltnerChannelStrategy,SIDEWAYS,11,0,11,-6.65340808,-54.77638784,-0.39650937,0
KeltnerChannelStrategy,TRANSITION,26,1,25,-6.696362505,-36.7008361,0.14222181,0.0384615384615
KeltnerChannels,BEAR,15,14,1,0.8339278,-0.00539768,5.2122143,0.933333333333
KeltnerChannels,BULL,12,9,3,4.793520145,-31.29705283,8.39756145,0.75
KeltnerChannels,SIDEWAYS,14,11,3,0.282022905,-0.02577947,9.4455018,0.785714285714
KeltnerChannels,TRANSITION,16,14,2,0.95901867,-31.36578316,4.8867716,0.875
Lateralus,BEAR,37,28,9,4.84981653,-299.46722142,43.06082879,0.756756756757
Lateralus,BULL,32,18,14,1.88733192,-56.49982861,148.56845491,0.5625
Lateralus,SIDEWAYS,33,19,14,2.49863045,-102.09990738,147.69081916,0.575757575758
Lateralus,TRANSITION,62,38,24,2.46432875,-143.38810837,58.33880126,0.612903225806
LeoStrategy,BEAR,36,16,20,-1.181560535,-116.76411113,8.79379972,0.444444444444
LeoStrategy,BULL,29,10,19,-2.93699863,-22.71143104,16.57584332,0.344827586207
LeoStrategy,SIDEWAYS,39,18,21,-0.34800127,-18.79586548,10.63842244,0.461538461538
LeoStrategy,TRANSITION,62,30,32,-0.30721538,-22.28446176,8.98444786,0.483870967742
LinearRegressionStrategy,BEAR,12,1,11,-7.728342775,-56.21451289,1.79358979,0.0833333333333
LinearRegressionStrategy,BULL,10,1,9,-17.00988045,-107.87989685,0.34741207,0.1
LinearRegressionStrategy,SIDEWAYS,8,1,7,-28.682114785,-72.82836894,0.28193447,0.125
LinearRegressionStrategy,TRANSITION,20,3,17,-2.859920385,-57.90217193,9.5991722,0.15
LuxOSC,BEAR,43,27,16,3.25275472,-1536.11731229,413.86366282,0.627906976744
LuxOSC,BULL,39,21,18,2.56424815,-61.75510307,447.73476218,0.538461538462
LuxOSC,SIDEWAYS,41,17,24,-2.15070229,-157.03252668,472.19460485,0.414634146341
LuxOSC,TRANSITION,84,34,50,-3.11882957,-352.88789937,388.88797191,0.404761904762
MAC,BULL,12,3,9,-29.335161435,-109.89012684,232.78285159,0.25
MAC,SIDEWAYS,5,2,3,-6.34433997,-18.7826055,239.9221696,0.4
MAC,TRANSITION,4,0,4,-14.026232485,-14.3455107,-10.62583693,0
MACD003,BEAR,41,32,9,0.8454053,-101.69929286,18.09990355,0.780487804878
MACD003,BULL,38,27,11,1.00275168,-48.82945811,24.55660731,0.710526315789
MACD003,SIDEWAYS,40,35,5,1.91124707,-54.65124663,13.26639383,0.875
MACD003,TRANSITION,79,69,10,0.73938518,-228.13429475,8.12963943,0.873417721519
MACD9fall,BEAR,23,16,7,24.76180802,-216.896324,218.41585226,0.695652173913
MACD9fall,BULL,23,16,7,48.98541252,-284.20462057,288.03587637,0.695652173913
MACD9fall,SIDEWAYS,19,12,7,19.278243,-365.5154967,108.11087855,0.631578947368
MACD9fall,TRANSITION,26,21,5,33.19046913,-270.89556767,134.06763481,0.807692307692
MACDCCI,BEAR,3,1,2,-16.33705743,-127.6283989,33.333464,0.333333333333
MACDCCI,BULL,2,1,1,101.76536835,-32.8524147,236.3831514,0.5
MACDCCI,SIDEWAYS,2,2,0,1114.91094272,2.15696,2227.66492545,1
MACDCCI,TRANSITION,3,2,1,13.16514563,-37.9387898,2097.72427087,0.666666666667
MACDCross,BEAR,44,35,9,2.23307602,-949.64070177,76.6090343,0.795454545455
MACDCross,BULL,37,26,11,1.07610623,-120.96123774,129.11344841,0.702702702703
MACDCross,SIDEWAYS,39,27,12,1.09045511,-91.1738092,207.94318192,0.692307692308
MACDCross,TRANSITION,79,59,20,1.87676079,-193.25944794,76.80976652,0.746835443038
MACDCrossoverWithTrend,BEAR,25,7,18,-4.61875181,-60.57927356,36.69228226,0.28
MACDCrossoverWithTrend,BULL,32,9,23,-3.84692594,-78.34748518,162.72771825,0.28125
MACDCrossoverWithTrend,SIDEWAYS,36,13,23,-1.459689915,-32.43499416,187.53662066,0.361111111111
MACDCrossoverWithTrend,TRANSITION,63,20,43,-2.27291469,-30.54647704,34.29758517,0.31746031746
MACDRL,BEAR,46,20,26,-0.688402055,-281.41719788,68.01008141,0.434782608696
MACDRL,BULL,38,5,33,-2.671064295,-99.68678884,20.63824474,0.131578947368
MACDRL,SIDEWAYS,41,21,20,0.33501429,-44.28922653,123.95267857,0.512195121951
MACDRL,TRANSITION,86,29,57,-1.125610325,-96.73946885,44.15672398,0.337209302326
MACDRS,BEAR,21,4,17,-4.11489097,-167.82382274,8.76771843,0.190476190476
MACDRS,BULL,14,2,12,-7.79007619,-74.50947094,23.66750283,0.142857142857
MACDRS,SIDEWAYS,14,6,8,-1.27719802,-47.88973193,34.40606601,0.428571428571
MACDRS,TRANSITION,32,7,25,-3.093127355,-41.89457667,28.86661386,0.21875
MACDRSI200,BEAR,45,21,24,-0.4909932,-234.49301107,53.48018229,0.466666666667
MACDRSI200,BULL,38,6,32,-3.39127104,-95.45728733,89.31913152,0.157894736842
MACDRSI200,SIDEWAYS,41,21,20,0.51829825,-38.32570425,147.62838999,0.512195121951
MACDRSI200,TRANSITION,85,29,56,-1.49944233,-117.14156695,57.1396876,0.341176470588
MACDStrategy,BEAR,37,24,13,1.19230678,-521.82215511,76.40054066,0.648648648649
MACDStrategy,BULL,30,15,15,0.24544628,-169.83775273,67.75085874,0.5
MACDStrategy,SIDEWAYS,33,16,17,-0.32459189,-85.3942698,144.20071684,0.484848484848
MACDStrategy,TRANSITION,68,25,43,-0.945598545,-172.98897145,54.02096554,0.367647058824
MACDStrategyADA,BEAR,41,33,8,1.25833024,-122.83899824,65.70163909,0.80487804878
MACDStrategyADA,BULL,39,28,11,1.33977056,-55.4788528,51.40482212,0.717948717949
MACDStrategyADA,SIDEWAYS,40,31,9,1.81278089,-62.56050785,23.28572214,0.775
MACDStrategyADA,TRANSITION,79,70,9,1.65152578,-115.02736494,12.09233705,0.886075949367
MACDStrategyAVAX,BEAR,39,22,17,0.39462892,-37.24245631,20.6250624,0.564102564103
MACDStrategyAVAX,BULL,38,16,22,-0.44130024,-23.87251018,22.7919923,0.421052631579
MACDStrategyAVAX,SIDEWAYS,40,13,27,-1.5423495,-35.70155941,8.14201786,0.325
MACDStrategyAVAX,TRANSITION,80,33,47,-0.487752595,-43.41693575,16.65626128,0.4125
MACDStrategyBTC,BEAR,33,22,11,3.88592259,-1066.29560848,284.85542502,0.666666666667
MACDStrategyBTC,BULL,30,16,14,1.844180785,-323.59722971,521.09677752,0.533333333333
MACDStrategyBTC,SIDEWAYS,35,27,8,10.34075337,-226.23365094,439.7888253,0.771428571429
MACDStrategyBTC,TRANSITION,69,53,16,7.73228316,-609.90535945,154.66265273,0.768115942029
MACDStrategyENJ,BEAR,37,30,7,0.70087389,-54.53040451,41.69711912,0.810810810811
MACDStrategyENJ,BULL,38,30,8,2.45567772,-45.08873579,31.66967666,0.789473684211
MACDStrategyENJ,SIDEWAYS,38,32,6,2.54907791,-89.30110921,31.1151677,0.842105263158
MACDStrategyENJ,TRANSITION,75,60,15,0.97435108,-77.62847393,13.48234532,0.8
MACDStrategyETC,BEAR,41,27,14,0.57911323,-721.47246966,64.74198332,0.658536585366
MACDStrategyETC,BULL,38,23,15,0.422342905,-231.04681869,423.4152249,0.605263157895
MACDStrategyETC,SIDEWAYS,39,30,9,5.1304517,-150.94838432,333.90637404,0.769230769231
MACDStrategyETC,TRANSITION,79,63,16,2.50658795,-378.73987664,139.67923985,0.79746835443
MACDStrategySOL,BEAR,37,30,7,1.47353284,-75.9618341,55.58683174,0.810810810811
MACDStrategySOL,BULL,37,26,11,0.44962913,-58.90666593,29.41997835,0.702702702703
MACDStrategySOL,SIDEWAYS,38,33,5,2.414766025,-24.08810475,20.92698108,0.868421052632
MACDStrategySOL,TRANSITION,74,62,12,0.73656318,-64.60327911,15.41856399,0.837837837838
MACDStrategyXRP,BEAR,40,32,8,1.844005885,-42.99962872,53.57378411,0.8
MACDStrategyXRP,BULL,39,29,10,1.52087872,-75.8349899,57.13454276,0.74358974359
MACDStrategyXRP,SIDEWAYS,39,34,5,2.7870554,-71.83944501,26.59736717,0.871794871795
MACDStrategyXRP,TRANSITION,79,63,16,1.75720746,-157.80095817,19.3428139,0.79746835443
MACDStrategy_crossed,BEAR,40,31,9,2.80442061,-476.70789546,30.03224833,0.775
MACDStrategy_crossed,BULL,39,21,18,0.5601436,-90.93838762,108.89502409,0.538461538462
MACDStrategy_crossed,SIDEWAYS,41,28,13,1.88782532,-83.22356266,90.4991757,0.682926829268
MACDStrategy_crossed,TRANSITION,83,53,30,1.29209887,-137.16681975,36.68565694,0.638554216867
MACDTurn,BEAR,7,6,1,4.9347039,-0.01676567,5.0209194,0.857142857143
MACDTurn,BULL,7,6,1,0.36810144,-16.04000449,5.93583739,0.857142857143
MACDTurn,SIDEWAYS,5,3,2,4.88150648,-0.00106005,5.0216816,0.6
MACDTurn,TRANSITION,2,0,2,-0.004462435,-0.0055704,-0.00335447,0
MACDZeroCrossStrategy,BEAR,15,4,11,-51.90702142,-338.79549028,55.09001715,0.266666666667
MACDZeroCrossStrategy,BULL,20,7,13,-21.424921,-394.8081649,1503.71356671,0.35
MACDZeroCrossStrategy,SIDEWAYS,27,10,17,-14.1757792,-434.54095706,922.78972979,0.37037037037
MACDZeroCrossStrategy,TRANSITION,32,10,22,-31.85512088,-771.30561551,1304.90650118,0.3125
MACD_EMA,BEAR,14,2,12,-6.613326125,-106.15179047,7.54304745,0.142857142857
MACD_EMA,BULL,11,0,11,-17.18861746,-130.76970485,-2.12789277,0
MACD_EMA,SIDEWAYS,9,4,5,-1.41191228,-74.03209254,24.69396089,0.444444444444
MACD_EMA,TRANSITION,23,3,20,-4.51750295,-51.0761111,11.11369846,0.130434782609
MACD_TRIPLE_MA,BEAR,32,6,26,-1.00458468,-117.55781468,3.17337768,0.1875
MACD_TRIPLE_MA,BULL,26,5,21,-2.346248015,-95.79001902,1.65842542,0.192307692308
MACD_TRIPLE_MA,SIDEWAYS,27,8,19,-0.9753212,-34.57911098,5.051387,0.296296296296
MACD_TRIPLE_MA,TRANSITION,57,6,51,-2.20410513,-21.4042561,10.40223524,0.105263157895
MACD_TRI_EMA,BEAR,4,0,4,-12.95862402,-77.7659151,-4.65341209,0
MACD_TRI_EMA,BULL,3,0,3,-57.66327895,-288.86278376,-56.90134229,0
MACD_TRI_EMA,SIDEWAYS,4,0,4,-64.23312456,-143.78011507,-0.46444726,0
MACD_TRI_EMA,TRANSITION,8,0,8,-17.688952495,-76.83851802,-1.24676336,0
MADisplaceV3,BEAR,15,10,5,4.5321728,-37.14350944,28.74839587,0.666666666667
MADisplaceV3,BULL,19,14,5,6.07757209,-108.72042776,62.07937677,0.736842105263
MADisplaceV3,SIDEWAYS,13,8,5,2.13675512,-9.37702403,46.11644432,0.615384615385
MADisplaceV3,TRANSITION,24,16,8,3.0381581,-8.74407726,31.12321246,0.666666666667
MFI,BEAR,31,15,16,-0.14766,-318.2480624,26.78290061,0.483870967742
MFI,BULL,26,7,19,-1.35189607,-73.1931509,40.35548349,0.269230769231
MFI,SIDEWAYS,26,10,16,-1.15879125,-56.53155931,63.70162629,0.384615384615
MFI,TRANSITION,56,15,41,-1.555007445,-66.61986902,22.00912996,0.267857142857
MFI2,BEAR,19,17,2,50.93849917,-390.07905083,340.68079253,0.894736842105
MFI2,BULL,20,18,2,65.02001836,-102.19766838,606.82147276,0.9
MFI2,SIDEWAYS,21,17,4,5.6091594,-440.20274744,314.57432471,0.809523809524
MFI2,TRANSITION,34,31,3,10.67492346,-171.94445384,156.52381164,0.911764705882
MFIRSICross,BEAR,36,22,14,5.34253306,-2252.32901873,1231.37414805,0.611111111111
MFIRSICross,BULL,32,13,19,-12.016499545,-344.32540997,970.04372335,0.40625
MFIRSICross,SIDEWAYS,35,27,8,6.48593219,-318.08554066,1857.57694418,0.771428571429
MFIRSICross,TRANSITION,70,45,25,4.690888145,-1556.31830524,462.83684159,0.642857142857
MabStra,BEAR,38,21,17,1.1669301,-2864.58421201,879.53229494,0.552631578947
MabStra,BULL,36,13,23,-2.571917355,-219.19682461,498.88129775,0.361111111111
MabStra,SIDEWAYS,40,28,12,10.118160825,-572.99281315,1458.20319762,0.7
MabStra,TRANSITION,82,41,41,0.000319835,-1034.58352309,711.0656319,0.5
MacdAdxStrategy,BEAR,7,1,6,-5.22102657,-39.63307239,5.18854698,0.142857142857
MacdAdxStrategy,BULL,8,0,8,-51.58518249,-182.47865807,-1.50226018,0
MacdAdxStrategy,SIDEWAYS,7,2,5,-1.610389,-122.37071361,11.92774515,0.285714285714
MacdAdxStrategy,TRANSITION,14,3,11,-4.56896273,-58.89492458,1.21458902,0.214285714286
MacdZeroCrossStrategy,BEAR,9,2,7,-3.1921602,-75.96868062,3.88104578,0.222222222222
MacdZeroCrossStrategy,BULL,8,0,8,-13.923983535,-186.40672358,-1.38536886,0
MacdZeroCrossStrategy,SIDEWAYS,8,0,8,-16.947376505,-90.6584229,-0.34987613,0
MacdZeroCrossStrategy,TRANSITION,17,1,16,-4.03097113,-74.49163183,1.18008791,0.0588235294118
MacheteV8b,BEAR,35,18,17,0.098943,-150.81241937,231.7304881,0.514285714286
MacheteV8b,BULL,35,20,15,3.3961422,-224.003012,678.75718599,0.571428571429
MacheteV8b,SIDEWAYS,35,21,14,11.14786341,-104.10141361,333.49214602,0.6
MacheteV8b,TRANSITION,67,27,40,-11.4125682,-119.29065564,160.77957119,0.402985074627
MacheteV8bRallimod,BEAR,32,16,16,-0.96549155,-95.77238872,186.07014782,0.5
MacheteV8bRallimod,BULL,28,18,10,12.832227145,-20.59559209,217.37199323,0.642857142857
MacheteV8bRallimod,SIDEWAYS,33,22,11,8.43134816,-36.89531517,86.10044734,0.666666666667
MacheteV8bRallimod,TRANSITION,58,40,18,6.64926197,-26.20931999,110.95587981,0.689655172414
MacheteV8bRallimod2,BEAR,8,7,1,4.27767659,-0.10026742,37.55182378,0.875
MacheteV8bRallimod2,BULL,11,11,0,12.34905098,6.48743956,118.45531267,1
MacheteV8bRallimod2,SIDEWAYS,3,2,1,4.69198424,-3.1778826,26.21216634,0.666666666667
MacheteV8bRallimod2,TRANSITION,14,11,3,2.332865565,-8.83099274,57.73114042,0.785714285714
Magic_Trailing_Stoploss,BEAR,1,0,1,-223.40844944,-223.40844944,-223.40844944,0
Magic_Trailing_Stoploss,BULL,1,0,1,-117.86999624,-117.86999624,-117.86999624,0
Magic_Trailing_Stoploss,SIDEWAYS,1,0,1,-351.15320384,-351.15320384,-351.15320384,0
Magic_Trailing_Stoploss,TRANSITION,2,0,2,-136.65801342,-245.71673721,-27.59928963,0
MarketChyperHyperStrategy,BEAR,40,24,16,3.31061304,-270.76282401,75.80152341,0.6
MarketChyperHyperStrategy,BULL,34,10,24,-3.77482903,-152.2305596,70.07734686,0.294117647059
MarketChyperHyperStrategy,SIDEWAYS,36,22,14,3.39792858,-90.2795577,98.69578729,0.611111111111
MarketChyperHyperStrategy,TRANSITION,78,42,36,0.41637186,-212.35456742,76.38444339,0.538461538462
Maro4hMacdSd,BEAR,14,6,8,-1.34203785,-191.61895197,22.60208783,0.428571428571
Maro4hMacdSd,BULL,11,0,11,-10.3788399,-100.21118198,-2.56694663,0
Maro4hMacdSd,SIDEWAYS,10,4,6,-6.41297543,-70.18864501,16.85032754,0.4
Maro4hMacdSd,TRANSITION,24,5,19,-3.78570425,-57.45204006,11.28977073,0.208333333333
Martin,BEAR,42,22,20,0.529413445,-525.44056151,38.53672023,0.52380952381
Martin,BULL,38,15,23,-1.916639095,-251.01630423,90.13126774,0.394736842105
Martin,SIDEWAYS,40,25,15,0.3365517,-85.03836862,150.81113881,0.625
Martin,TRANSITION,85,35,50,-0.55244652,-164.22823962,53.59691331,0.411764705882
MeanReversionTrend,BEAR,6,2,4,-1.2266166,-23.04824806,5.17537265,0.333333333333
MeanReversionTrend,BULL,11,6,5,0.59504734,-8.93152092,21.60451546,0.545454545455
MeanReversionTrend,SIDEWAYS,4,3,1,1.239035875,-0.10372845,9.89690801,0.75
MeanReversionTrend,TRANSITION,7,3,4,-1.0151827,-5.2510848,16.29486696,0.428571428571
Minmax,BEAR,38,24,14,8.115061075,-148.28476338,112.90097908,0.631578947368
Minmax,BULL,32,15,17,-2.46762236,-140.06569383,97.77560707,0.46875
Minmax,SIDEWAYS,35,23,12,10.30274324,-110.97721193,132.64477029,0.657142857143
Minmax,TRANSITION,64,32,32,0.30683308,-170.57825889,80.04073287,0.5
MomStrategy,BEAR,19,6,13,-0.9938922,-106.50817899,6.53660109,0.315789473684
MomStrategy,BULL,14,1,13,-21.03047601,-133.49626042,0.46481942,0.0714285714286
MomStrategy,SIDEWAYS,14,2,12,-5.06145935,-61.62026697,2.63938563,0.142857142857
MomStrategy,TRANSITION,30,7,23,-2.339320065,-29.21178759,10.08090038,0.233333333333
MomentumScoreStrategy,BEAR,3,0,3,-9.77753517,-111.11314922,-4.11451897,0
MomentumScoreStrategy,BULL,3,0,3,-37.87626213,-241.70589966,-22.74528594,0
MomentumScoreStrategy,SIDEWAYS,3,0,3,-53.94281691,-251.35620644,-33.51385876,0
MomentumScoreStrategy,TRANSITION,7,0,7,-16.72081176,-69.52136777,-0.28095717,0
Momentumv2,BEAR,32,13,19,-8.251014435,-148.6969605,61.78974306,0.40625
Momentumv2,BULL,29,10,19,-10.09347884,-121.64169497,320.19083004,0.344827586207
Momentumv2,SIDEWAYS,38,21,17,3.752373265,-111.81250109,291.52382141,0.552631578947
Momentumv2,TRANSITION,67,26,41,-4.49062075,-107.52644141,99.73164301,0.388059701493
MoneyFlowStrategy,BEAR,40,12,28,-1.771049975,-224.60704781,17.87329709,0.3
MoneyFlowStrategy,BULL,34,7,27,-2.50486388,-92.13536679,51.60344743,0.205882352941
MoneyFlowStrategy,SIDEWAYS,37,12,25,-2.06777186,-30.2788486,125.94821002,0.324324324324
MoneyFlowStrategy,TRANSITION,76,24,52,-1.695057455,-38.87043436,23.82449424,0.315789473684
MontrealStrategy,BEAR,42,27,15,1.5870598,-1347.64627043,250.3976585,0.642857142857
MontrealStrategy,BULL,35,18,17,0.08740181,-63.27602314,303.02341341,0.514285714286
MontrealStrategy,SIDEWAYS,38,16,22,-0.298765915,-58.36746513,368.80547452,0.421052631579
MontrealStrategy,TRANSITION,79,33,46,-1.00926834,-312.50082401,243.73049562,0.417721518987
MultiActionZone,BEAR,14,4,10,-6.76740974,-47.55593103,62.54988776,0.285714285714
MultiActionZone,BULL,20,7,13,-8.14424959,-58.00606514,955.64639238,0.35
MultiActionZone,SIDEWAYS,27,11,16,-6.97249159,-180.87745676,1031.91187273,0.407407407407
MultiActionZone,TRANSITION,32,10,22,-9.31334647,-62.95298488,320.5859168,0.3125
MultiFactorConfluenceStrategy,BEAR,43,23,20,3.54712793,-579.64695396,107.86494982,0.53488372093
MultiFactorConfluenceStrategy,BULL,37,12,25,-9.04651135,-146.52524228,204.1969438,0.324324324324
MultiFactorConfluenceStrategy,SIDEWAYS,40,21,19,1.578385715,-77.32500189,300.92795799,0.525
MultiFactorConfluenceStrategy,TRANSITION,81,30,51,-5.2793768,-119.26681817,100.51270617,0.37037037037
MultiMA_TSL,BEAR,7,6,1,9.35455616,-1.24512126,135.84621323,0.857142857143
MultiMA_TSL,BULL,10,10,0,10.47401291,2.974171,76.47490185,1
MultiMA_TSL,SIDEWAYS,6,5,1,5.22973885,-3.57426305,15.16526581,0.833333333333
MultiMA_TSL,TRANSITION,4,2,2,-5.77526895,-26.8080429,41.34977688,0.5
MultiMA_TSL3b,BEAR,6,5,1,14.178421325,-1.9785112,551.07499614,0.833333333333
MultiMA_TSL3b,BULL,9,9,0,18.7585572,1.48504273,80.18966465,1
MultiMA_TSL3b,SIDEWAYS,4,3,1,3.78086368,-4.9473459,13.39234349,0.75
MultiMA_TSL3b,TRANSITION,3,2,1,1.1849964,-3.89555372,61.29455405,0.666666666667
MultiOffsetLamboV0,BEAR,8,8,0,2.445291655,1.22655803,177.57519266,1
MultiOffsetLamboV0,BULL,11,11,0,11.03968981,1.23939063,58.54782026,1
MultiOffsetLamboV0,SIDEWAYS,6,6,0,2.42885524,1.35410174,16.67900188,1
MultiOffsetLamboV0,TRANSITION,5,2,3,-5.38472472,-39.96098944,24.95443184,0.4
MyStratV1,BEAR,16,14,2,6.301097915,-4.03024675,77.90132793,0.875
MyStratV1,BULL,29,23,6,10.7462487,-23.66300799,119.72420601,0.793103448276
MyStratV1,SIDEWAYS,26,15,11,0.164385,-51.7121139,52.27974734,0.576923076923
MyStratV1,TRANSITION,38,25,13,0.903452155,-19.775073,66.02091136,0.657894736842
NASOSv4,BEAR,18,14,4,5.06329673,-75.88120208,102.48711939,0.777777777778
NASOSv4,BULL,22,19,3,22.0654709,-482.5094796,453.44231882,0.863636363636
NASOSv4,SIDEWAYS,16,15,1,25.70297171,-13.85722556,147.2350106,0.9375
NASOSv4,TRANSITION,34,30,4,5.719385125,-83.39375755,123.05333002,0.882352941176
NASOSv5,BEAR,14,7,7,0.314722265,-56.90955771,21.23610977,0.5
NASOSv5,BULL,19,13,6,5.56532458,-206.08800855,91.91322963,0.684210526316
NASOSv5,SIDEWAYS,15,10,5,2.8372817,-11.2055962,38.122681,0.666666666667
NASOSv5,TRANSITION,23,14,9,1.67656346,-24.91546805,18.0453093,0.608695652174
NASOSv5_mod1,BEAR,11,8,3,25.69638517,-77.25387526,158.77856977,0.727272727273
NASOSv5_mod1,BULL,16,15,1,21.812885875,-20.87108886,237.8565781,0.9375
NASOSv5_mod1,SIDEWAYS,10,8,2,26.83204613,-37.5870906,112.19400401,0.8
NASOSv5_mod1,TRANSITION,14,12,2,8.78917526,-99.354197,148.02164157,0.857142857143
NASOSv5_mod1_DanMod,BEAR,10,10,0,28.78307052,5.92834116,131.14641548,1
NASOSv5_mod1_DanMod,BULL,11,11,0,66.481284,8.60392088,202.34730727,1
NASOSv5_mod1_DanMod,SIDEWAYS,10,8,2,12.634964805,-31.6815735,73.94048711,0.8
NASOSv5_mod1_DanMod,TRANSITION,11,8,3,8.41243662,-91.299495,78.04815244,0.727272727273
NASOSv5_mod2,BEAR,9,8,1,45.067664,-76.16646972,142.43287801,0.888888888889
NASOSv5_mod2,BULL,10,10,0,37.787330335,9.68515345,140.88511388,1
NASOSv5_mod2,SIDEWAYS,6,5,1,13.4174762,-22.2505908,66.27021615,0.833333333333
NASOSv5_mod2,TRANSITION,9,9,0,19.05161803,4.50666393,73.09927538,1
NASOSv5_mod3,BEAR,13,10,3,23.01826794,-125.63826951,181.65789871,0.769230769231
NASOSv5_mod3,BULL,14,14,0,49.765503905,6.43685933,267.08529672,1
NASOSv5_mod3,SIDEWAYS,13,12,1,27.0204599,-29.5371714,102.87681494,0.923076923077
NASOSv5_mod3,TRANSITION,19,16,3,10.26234022,-102.4949982,174.76938024,0.842105263158
NDrop,BEAR,41,27,14,7.75797323,-3299.91850507,1439.29829128,0.658536585366
NDrop,BULL,39,24,15,2.23916979,-539.04120837,1049.75341259,0.615384615385
NDrop,SIDEWAYS,39,29,10,21.42416062,-618.68654576,1968.48649922,0.74358974359
NDrop,TRANSITION,78,55,23,13.296963685,-1485.67964204,369.24047543,0.705128205128
NEWTEST15m,BEAR,30,17,13,14.78518882,-1573.66320378,448.90187649,0.566666666667
NEWTEST15m,BULL,32,17,15,3.94353053,-243.95006348,456.99945121,0.53125
NEWTEST15m,SIDEWAYS,31,19,12,13.17753007,-197.17723087,431.64048713,0.612903225806
NEWTEST15m,TRANSITION,61,46,15,12.3374845,-744.21917671,182.98710472,0.754098360656
NFI46,BEAR,1,1,0,9.34106253,9.34106253,9.34106253,1
NFI46,BULL,7,7,0,25.78125381,2.989023,36.82406199,1
NFI46,SIDEWAYS,2,2,0,4.446119435,3.23726438,5.65497449,1
NFI46,TRANSITION,7,7,0,3.51540201,0.07296388,6.29928331,1
NFI46Frog,BEAR,44,25,19,0.111228255,-328.08834907,35.58437766,0.568181818182
NFI46Frog,BULL,39,18,21,-0.10972543,-68.19387432,207.3016153,0.461538461538
NFI46Frog,SIDEWAYS,41,14,27,-0.84362511,-33.78211977,59.67357713,0.341463414634
NFI46Frog,TRANSITION,84,34,50,-0.715019845,-179.82648581,39.68467037,0.404761904762
NFI46FrogZ,BEAR,44,25,19,0.097247265,-318.474884,32.93337462,0.568181818182
NFI46FrogZ,BULL,39,16,23,-0.320486,-46.62649691,200.0434227,0.410256410256
NFI46FrogZ,SIDEWAYS,41,16,25,-0.81553249,-32.03682297,47.80976639,0.390243902439
NFI46FrogZ,TRANSITION,84,34,50,-0.73725268,-171.32242229,34.53768296,0.404761904762
NFI46Offset,BEAR,16,13,3,3.414991785,-28.57827541,482.3881616,0.8125
NFI46Offset,BULL,22,19,3,8.1652606,-4.974939,139.50549688,0.863636363636
NFI46Offset,SIDEWAYS,18,14,4,0.874292705,-20.98186134,41.84620722,0.777777777778
NFI46Offset,TRANSITION,35,25,10,0.84590063,-32.62866668,80.42970295,0.714285714286
NFI46OffsetHOA1,BEAR,15,12,3,4.73040681,-32.47959851,533.06493042,0.8
NFI46OffsetHOA1,BULL,21,19,2,19.41825792,-6.50042001,140.18323862,0.904761904762
NFI46OffsetHOA1,SIDEWAYS,16,13,3,4.18446288,-21.12647,38.8064078,0.8125
NFI46OffsetHOA1,TRANSITION,26,20,6,3.64101779,-39.73899863,95.5411048,0.769230769231
NFI46Z,BEAR,15,12,3,0.68909323,-15.04080408,6.64530518,0.8
NFI46Z,BULL,21,17,4,5.44912441,-48.66796885,50.74683984,0.809523809524
NFI46Z,SIDEWAYS,18,8,10,-0.21232798,-30.4675841,20.07371632,0.444444444444
NFI46Z,TRANSITION,37,22,15,0.67880755,-68.80515448,12.58802112,0.594594594595
NFI47V2,BEAR,10,10,0,6.085427475,0.02590681,69.40013172,1
NFI47V2,BULL,21,19,2,10.888305,-29.00671772,175.60058635,0.904761904762
NFI47V2,SIDEWAYS,11,7,4,1.39769446,-53.3717957,43.85222935,0.636363636364
NFI47V2,TRANSITION,25,17,8,2.49995171,-26.78003639,76.3192591,0.68
NFI4Frog,BEAR,44,25,19,0.21376518,-345.61237828,28.524899,0.568181818182
NFI4Frog,BULL,39,13,26,-0.70957663,-44.94162754,227.57860697,0.333333333333
NFI4Frog,SIDEWAYS,41,10,31,-2.4307891,-48.97351118,90.19324055,0.243902439024
NFI4Frog,TRANSITION,84,29,55,-1.31784172,-126.55325482,33.7089883,0.345238095238
NFI5MOHO,BEAR,12,12,0,8.910183375,1.47157899,61.41480915,1
NFI5MOHO,BULL,12,11,1,16.645959925,-6.28896816,92.41256205,0.916666666667
NFI5MOHO,SIDEWAYS,9,7,2,2.1039247,-15.8398673,21.69325054,0.777777777778
NFI5MOHO,TRANSITION,10,7,3,6.28253895,-13.2236895,39.3936799,0.7
NFI5MOHO2,BEAR,20,13,7,1.02775188,-26.65477045,378.70841246,0.65
NFI5MOHO2,BULL,31,17,14,1.2449765,-17.35707005,386.45794802,0.548387096774
NFI5MOHO2,SIDEWAYS,32,23,9,2.494562885,-26.61897212,31.14120857,0.71875
NFI5MOHO2,TRANSITION,53,27,26,0.03982381,-34.0379622,95.60774855,0.509433962264
NFI5MOHO_WIP,BEAR,14,14,0,15.00612806,0.12335955,422.24321125,1
NFI5MOHO_WIP,BULL,30,25,5,8.806136175,-57.8970987,298.4084068,0.833333333333
NFI5MOHO_WIP,SIDEWAYS,24,18,6,2.91644087,-65.8841102,81.38469392,0.75
NFI5MOHO_WIP,TRANSITION,42,27,15,1.906081415,-43.3316192,103.41689551,0.642857142857
NFI5MOHO_WIP_1,BEAR,14,14,0,12.16506046,0.12125694,392.63672713,1
NFI5MOHO_WIP_1,BULL,30,25,5,10.79974516,-41.85387433,252.44366815,0.833333333333
NFI5MOHO_WIP_1,SIDEWAYS,24,18,6,2.648771995,-64.1399066,81.05535411,0.75
NFI5MOHO_WIP_1,TRANSITION,42,27,15,1.759779855,-43.3861695,141.56439844,0.642857142857
NFI5MOHO_WIP_2,BEAR,14,14,0,11.47833901,0.11446686,370.34144064,1
NFI5MOHO_WIP_2,BULL,30,25,5,7.75105053,-54.97689407,272.49006147,0.833333333333
NFI5MOHO_WIP_2,SIDEWAYS,24,18,6,2.477615925,-62.7814671,86.92171841,0.75
NFI5MOHO_WIP_2,TRANSITION,42,27,15,1.8452014,-43.409653,91.4409355,0.642857142857
NFI7MOHO,BEAR,24,17,7,1.75802509,-24.96923345,407.14493019,0.708333333333
NFI7MOHO,BULL,32,21,11,5.199938705,-14.32346543,177.84646448,0.65625
NFI7MOHO,SIDEWAYS,33,22,11,2.67756783,-59.48078114,48.32220314,0.666666666667
NFI7MOHO,TRANSITION,58,33,25,1.06368163,-37.74218811,91.72827038,0.568965517241
NFINextMOHO,BEAR,20,10,10,-1.8349154,-152.23781011,111.67528884,0.5
NFINextMOHO,BULL,31,18,13,8.26536164,-39.20431285,323.78753325,0.58064516129
NFINextMOHO,SIDEWAYS,32,21,11,4.734060695,-76.34802824,122.13353903,0.65625
NFINextMOHO,TRANSITION,59,31,28,0.054644,-50.02172608,130.85656801,0.525423728814
NFINextMOHO2,BEAR,20,13,7,3.087525075,-108.94760157,363.02429782,0.65
NFINextMOHO2,BULL,31,18,13,2.43494645,-26.50196864,208.2470907,0.58064516129
NFINextMOHO2,SIDEWAYS,33,23,10,2.38236696,-58.68834313,62.00664028,0.69696969697
NFINextMOHO2,TRANSITION,60,39,21,1.19533803,-41.95872144,60.33070966,0.65
NFINextMultiOffsetAndHO,BEAR,19,15,4,6.15806742,-41.38726411,291.47179252,0.789473684211
NFINextMultiOffsetAndHO,BULL,28,27,1,10.662373485,-11.62001928,238.76907584,0.964285714286
NFINextMultiOffsetAndHO,SIDEWAYS,24,17,7,1.51923243,-92.1216959,100.56956433,0.708333333333
NFINextMultiOffsetAndHO,TRANSITION,40,25,15,0.38941833,-34.05838005,123.91669775,0.625
NSeq,BEAR,42,32,10,2.65572024,-563.79581747,79.81343621,0.761904761905
NSeq,BULL,35,23,12,0.59154218,-109.45586875,166.36175569,0.657142857143
NSeq,SIDEWAYS,38,28,10,3.370650715,-90.1188927,142.62810462,0.736842105263
NSeq,TRANSITION,83,61,22,0.83136928,-366.04008631,47.57973243,0.734939759036
NWEv6_new,BEAR,39,22,17,0.19740219,-194.87466391,23.65234639,0.564102564103
NWEv6_new,BULL,37,17,20,-0.60312908,-105.40631135,24.67307618,0.459459459459
NWEv6_new,SIDEWAYS,40,17,23,-0.40776793,-46.50112458,34.14343126,0.425
NWEv6_new,TRANSITION,80,33,47,-0.692981925,-63.36582886,27.34346828,0.4125
NormalizerStrategy,BEAR,37,18,19,-0.03092342,-110.39849114,8.57905687,0.486486486486
NormalizerStrategy,BULL,26,10,16,-0.09936392,-6.29011416,21.59294061,0.384615384615
NormalizerStrategy,SIDEWAYS,30,8,22,-2.12221825,-25.78150627,3.6120316,0.266666666667
NormalizerStrategy,TRANSITION,53,16,37,-0.55202045,-88.19107589,6.04921871,0.301886792453
NormalizerStrategyHO2,BEAR,37,23,14,7.60635538,-181.09797392,211.81310569,0.621621621622
NormalizerStrategyHO2,BULL,26,15,11,2.022099185,-46.7429234,50.87522269,0.576923076923
NormalizerStrategyHO2,SIDEWAYS,30,15,15,0.04690503,-84.43223132,50.46710303,0.5
NormalizerStrategyHO2,TRANSITION,53,25,28,-1.25939704,-203.93064445,32.12460792,0.471698113208
Nostalgia,BEAR,18,13,5,4.71978567,-9.60996946,159.61037068,0.722222222222
Nostalgia,BULL,29,24,5,8.48488349,-17.96371963,129.64742716,0.827586206897
Nostalgia,SIDEWAYS,29,17,12,0.31221694,-36.32863786,53.554001,0.586206896552
Nostalgia,TRANSITION,41,28,13,1.23477651,-24.8084113,56.32366819,0.682926829268
NostalgiaForInfinityNextGen,BEAR,13,10,3,5.27780106,-32.62358648,27.47085599,0.769230769231
NostalgiaForInfinityNextGen,BULL,12,10,2,9.510179665,-20.35979445,50.63218151,0.833333333333
NostalgiaForInfinityNextGen,SIDEWAYS,8,5,3,3.28515049,-17.3101905,10.12722192,0.625
NostalgiaForInfinityNextGen,TRANSITION,10,10,0,5.04847582,1.54224486,12.22400463,1
NostalgiaForInfinityNextGen_TSL,BEAR,8,5,3,2.199329425,-42.30737523,9.04681488,0.625
NostalgiaForInfinityNextGen_TSL,BULL,12,7,5,2.628280895,-13.99798419,31.28186833,0.583333333333
NostalgiaForInfinityNextGen_TSL,SIDEWAYS,7,5,2,3.11791062,-24.9007173,9.81216069,0.714285714286
NostalgiaForInfinityNextGen_TSL,TRANSITION,11,7,4,3.27739048,-12.9702368,10.75690553,0.636363636364
NostalgiaForInfinityV1,BEAR,38,19,19,-0.174806355,-133.08991286,74.65758949,0.5
NostalgiaForInfinityV1,BULL,34,20,14,4.831458625,-60.07523029,319.26351717,0.588235294118
NostalgiaForInfinityV1,SIDEWAYS,38,26,12,10.732856275,-28.76017096,252.98065381,0.684210526316
NostalgiaForInfinityV1,TRANSITION,66,25,41,-2.51803719,-121.76445867,151.20373927,0.378787878788
NostalgiaForInfinityV2,BEAR,20,8,12,-5.545975805,-58.36619568,50.27732476,0.4
NostalgiaForInfinityV2,BULL,26,14,12,2.601693655,-83.41635126,557.34905782,0.538461538462
NostalgiaForInfinityV2,SIDEWAYS,21,18,3,14.90010544,-7.02095827,121.62856231,0.857142857143
NostalgiaForInfinityV2,TRANSITION,32,15,17,-4.6089713,-69.15838977,227.779847,0.46875
NostalgiaForInfinityV3,BEAR,27,14,13,1.41860738,-50.47747869,40.13986405,0.518518518519
NostalgiaForInfinityV3,BULL,32,19,13,2.0820888,-25.23134556,177.07555183,0.59375
NostalgiaForInfinityV3,SIDEWAYS,33,18,15,0.74723468,-12.90188114,61.56500501,0.545454545455
NostalgiaForInfinityV3,TRANSITION,53,24,29,-0.17458896,-45.21843724,77.18817908,0.452830188679
NostalgiaForInfinityV4,BEAR,10,7,3,6.895612815,-17.71972524,89.88452905,0.7
NostalgiaForInfinityV4,BULL,18,14,4,15.93230509,-2.70525096,129.56965903,0.777777777778
NostalgiaForInfinityV4,SIDEWAYS,11,4,7,-0.090528,-53.93290763,28.26434496,0.363636363636
NostalgiaForInfinityV4,TRANSITION,26,14,12,0.74398945,-21.11481531,27.52292342,0.538461538462
NostalgiaForInfinityV4HO,BEAR,10,9,1,4.479444935,-3.2784336,14.99365834,0.9
NostalgiaForInfinityV4HO,BULL,17,15,2,9.19684755,-8.67661147,122.32687014,0.882352941176
NostalgiaForInfinityV4HO,SIDEWAYS,8,7,1,3.744510305,-7.85312975,40.47876771,0.875
NostalgiaForInfinityV4HO,TRANSITION,18,14,4,3.72725655,-47.9456159,36.08279009,0.777777777778
NostalgiaForInfinityV5,BEAR,11,11,0,7.37333258,0.0875766,123.46212824,1
NostalgiaForInfinityV5,BULL,29,23,6,7.06732115,-58.94485759,158.68897424,0.793103448276
NostalgiaForInfinityV5,SIDEWAYS,24,16,8,0.39782126,-49.8006625,46.32315799,0.666666666667
NostalgiaForInfinityV5,TRANSITION,37,24,13,1.14611182,-25.26359969,44.30436395,0.648648648649
NostalgiaForInfinityV5MultiOffsetAndHO,BEAR,21,12,9,0.42018166,-41.93180596,459.91156641,0.571428571429
NostalgiaForInfinityV5MultiOffsetAndHO,BULL,31,18,13,2.58422984,-17.43738007,139.60859778,0.58064516129
NostalgiaForInfinityV5MultiOffsetAndHO,SIDEWAYS,33,25,8,1.37284548,-55.48992722,45.20415953,0.757575757576
NostalgiaForInfinityV5MultiOffsetAndHO,TRANSITION,60,30,30,-0.012123415,-32.40054224,74.04653326,0.5
NostalgiaForInfinityV5MultiOffsetAndHO2,BEAR,20,11,9,0.232568195,-18.38897037,357.26918839,0.55
NostalgiaForInfinityV5MultiOffsetAndHO2,BULL,31,17,14,1.1290926,-21.9576935,97.64127482,0.548387096774
NostalgiaForInfinityV5MultiOffsetAndHO2,SIDEWAYS,31,21,10,0.69002746,-50.69224211,19.0840871,0.677419354839
NostalgiaForInfinityV5MultiOffsetAndHO2,TRANSITION,56,28,28,-0.010120755,-30.91359547,44.83155027,0.5
NostalgiaForInfinityV6,BEAR,15,12,3,4.49876826,-5.17944245,144.63247382,0.8
NostalgiaForInfinityV6,BULL,29,23,6,10.64476218,-51.65388689,138.24232493,0.793103448276
NostalgiaForInfinityV6,SIDEWAYS,25,15,10,0.1849219,-54.5109937,59.12274386,0.6
NostalgiaForInfinityV6,TRANSITION,39,24,15,1.28566752,-20.72579984,58.81690409,0.615384615385
NostalgiaForInfinityV6HO,BEAR,15,12,3,4.49876826,-5.17944245,144.63247382,0.8
NostalgiaForInfinityV6HO,BULL,29,23,6,10.64476218,-51.65388689,138.24232493,0.793103448276
NostalgiaForInfinityV6HO,SIDEWAYS,25,15,10,0.1849219,-54.5109937,59.12274386,0.6
NostalgiaForInfinityV6HO,TRANSITION,39,24,15,1.28566752,-20.72579984,58.81690409,0.615384615385
NostalgiaForInfinityV7,BEAR,16,14,2,6.301097915,-4.03024675,77.90132793,0.875
NostalgiaForInfinityV7,BULL,29,23,6,10.7462487,-23.66300799,119.72420601,0.793103448276
NostalgiaForInfinityV7,SIDEWAYS,26,15,11,0.164385,-51.7121139,52.27974734,0.576923076923
NostalgiaForInfinityV7,TRANSITION,38,25,13,0.903452155,-19.775073,66.02091136,0.657894736842
NostalgiaForInfinityV7_SMA,BEAR,20,18,2,8.804783195,-5.29639527,92.8475506,0.9
NostalgiaForInfinityV7_SMA,BULL,29,23,6,12.27172651,-38.28199463,250.52778256,0.793103448276
NostalgiaForInfinityV7_SMA,SIDEWAYS,27,16,11,0.2170784,-66.6965182,76.83397604,0.592592592593
NostalgiaForInfinityV7_SMA,TRANSITION,41,31,10,2.72540553,-42.6341648,156.84260034,0.756097560976
NostalgiaForInfinityV7_SMAv2,BEAR,20,18,2,8.804783195,-5.29639527,92.8475506,0.9
NostalgiaForInfinityV7_SMAv2,BULL,29,23,6,12.27172651,-38.28199463,250.52778256,0.793103448276
NostalgiaForInfinityV7_SMAv2,SIDEWAYS,27,16,11,0.2170784,-66.6965182,76.83397604,0.592592592593
NostalgiaForInfinityV7_SMAv2,TRANSITION,41,31,10,2.72540553,-42.6341648,156.84260034,0.756097560976
NostalgiaForInfinityV7_SMAv2_1,BEAR,13,11,2,10.10690649,-94.47351067,47.44852879,0.846153846154
NostalgiaForInfinityV7_SMAv2_1,BULL,19,16,3,21.11190607,-12.89804442,233.00815177,0.842105263158
NostalgiaForInfinityV7_SMAv2_1,SIDEWAYS,15,11,4,6.7068504,-62.5133911,60.91585008,0.733333333333
NostalgiaForInfinityV7_SMAv2_1,TRANSITION,21,16,5,7.99741906,-91.8674396,105.91093355,0.761904761905
NostalgiaForInfinityX,BEAR,12,8,4,7.991982325,-61.2028116,124.14926356,0.666666666667
NostalgiaForInfinityX,BULL,14,14,0,28.636024895,0.37494707,122.81431032,1
NostalgiaForInfinityX,SIDEWAYS,10,8,2,4.81089082,-16.1435361,83.08991256,0.8
NostalgiaForInfinityX,TRANSITION,16,14,2,6.3304769,-27.61887905,75.90546475,0.875
NotAnotherSMAOffsetStrategy,BEAR,16,12,4,6.0244304,-9.2916299,55.45147621,0.75
NotAnotherSMAOffsetStrategy,BULL,20,19,1,16.274458085,-60.86884654,210.01691487,0.95
NotAnotherSMAOffsetStrategy,SIDEWAYS,16,12,4,9.91392595,-48.0825228,63.86566273,0.75
NotAnotherSMAOffsetStrategy,TRANSITION,33,23,10,4.1255423,-47.80849135,65.81280972,0.69696969697
NotAnotherSMAOffsetStrategyHO,BEAR,15,15,0,15.3327582,3.31787489,202.55767649,1
NotAnotherSMAOffsetStrategyHO,BULL,17,16,1,39.53884834,-393.00742503,224.43936854,0.941176470588
NotAnotherSMAOffsetStrategyHO,SIDEWAYS,13,11,2,28.00316526,-75.9329484,106.62664418,0.846153846154
NotAnotherSMAOffsetStrategyHO,TRANSITION,25,22,3,15.9163956,-36.4221564,104.70171438,0.88
NotAnotherSMAOffsetStrategyHOv3,BEAR,16,12,4,5.31021472,-31.6546798,203.91343403,0.75
NotAnotherSMAOffsetStrategyHOv3,BULL,20,16,4,13.313109065,-50.18215176,127.05726351,0.8
NotAnotherSMAOffsetStrategyHOv3,SIDEWAYS,14,12,2,16.062645625,-42.504575,44.58145847,0.857142857143
NotAnotherSMAOffsetStrategyHOv3,TRANSITION,25,19,6,3.59680425,-18.78432111,76.33162389,0.76
NotAnotherSMAOffsetStrategyLite,BEAR,21,14,7,9.72328854,-47.91155699,63.87497588,0.666666666667
NotAnotherSMAOffsetStrategyLite,BULL,22,19,3,14.77388435,-50.0907848,220.63326802,0.863636363636
NotAnotherSMAOffsetStrategyLite,SIDEWAYS,21,14,7,1.8974192,-38.20984186,76.83826289,0.666666666667
NotAnotherSMAOffsetStrategyLite,TRANSITION,34,25,9,3.279393115,-39.05282929,27.20114625,0.735294117647
NotAnotherSMAOffsetStrategyModHO,BEAR,14,12,2,2.97265099,-5.14389521,48.7396318,0.857142857143
NotAnotherSMAOffsetStrategyModHO,BULL,20,15,5,3.430816065,-5.9748176,54.24921809,0.75
NotAnotherSMAOffsetStrategyModHO,SIDEWAYS,12,8,4,1.482949025,-17.2114597,28.11144535,0.666666666667
NotAnotherSMAOffsetStrategyModHO,TRANSITION,24,18,6,1.853563825,-22.99171199,21.11277196,0.75
NotAnotherSMAOffsetStrategyModHO_LamineDz_20210901,BEAR,14,13,1,3.46297883,-4.16537799,49.08870328,0.928571428571
NotAnotherSMAOffsetStrategyModHO_LamineDz_20210901,BULL,20,15,5,3.456275195,-6.01851185,54.24921809,0.75
NotAnotherSMAOffsetStrategyModHO_LamineDz_20210901,SIDEWAYS,12,8,4,1.486054225,-17.3208001,28.31206498,0.666666666667
NotAnotherSMAOffsetStrategyModHO_LamineDz_20210901,TRANSITION,24,18,6,1.8663142,-22.99171199,21.27033114,0.75
NotAnotherSMAOffsetStrategyX1,BEAR,9,8,1,8.38718038,-8.3289372,29.66549007,0.888888888889
NotAnotherSMAOffsetStrategyX1,BULL,17,17,0,10.14974337,0.49490239,73.48808703,1
NotAnotherSMAOffsetStrategyX1,SIDEWAYS,10,8,2,4.17508445,-4.35581524,35.21483698,0.8
NotAnotherSMAOffsetStrategyX1,TRANSITION,19,10,9,1.0756137,-41.93847318,35.18388277,0.526315789474
NotAnotherSMAOffsetStrategy_uzi,BEAR,9,6,3,5.01527127,-18.95125447,30.5128674,0.666666666667
NotAnotherSMAOffsetStrategy_uzi,BULL,17,15,2,5.1754518,-45.73804749,127.03444618,0.882352941176
NotAnotherSMAOffsetStrategy_uzi,SIDEWAYS,10,9,1,4.42262556,-4.16355422,32.86925328,0.9
NotAnotherSMAOffsetStrategy_uzi,TRANSITION,19,9,10,-0.57860384,-24.14611521,33.65991659,0.473684210526
NowoIchimoku1hV2,BEAR,41,30,11,49.21752445,-266.39425048,386.95022365,0.731707317073
NowoIchimoku1hV2,BULL,31,17,14,22.99834014,-288.63896528,1086.41123935,0.548387096774
NowoIchimoku1hV2,SIDEWAYS,40,27,13,29.395622905,-182.63196961,342.67350246,0.675
NowoIchimoku1hV2,TRANSITION,80,38,42,-4.572151695,-212.90854483,233.56586129,0.475
ONUR,BEAR,6,5,1,47.66650372,-1114.67740087,153.80147202,0.833333333333
ONUR,BULL,12,10,2,143.31111507,-1217.8226399,2029.90703318,0.833333333333
ONUR,SIDEWAYS,9,7,2,120.66562498,-929.51676387,1439.04427794,0.777777777778
ONUR,TRANSITION,15,13,2,95.50298681,-1589.43237301,1031.39982152,0.866666666667
Obelisk_Ichimoku_Slow_v1,BEAR,39,15,24,-17.17991816,-501.15129051,205.68569267,0.384615384615
Obelisk_Ichimoku_Slow_v1,BULL,32,11,21,-19.26798543,-325.44890325,878.47154934,0.34375
Obelisk_Ichimoku_Slow_v1,SIDEWAYS,40,16,24,-4.269882265,-150.50654283,720.94417954,0.4
Obelisk_Ichimoku_Slow_v1,TRANSITION,73,21,52,-10.4109522,-205.75603456,395.74780238,0.287671232877
Obelisk_Ichimoku_Slow_v1_1,BEAR,39,15,24,-17.17991816,-501.15129051,205.68569267,0.384615384615
Obelisk_Ichimoku_Slow_v1_1,BULL,32,11,21,-19.26798543,-325.44890325,878.47154934,0.34375
Obelisk_Ichimoku_Slow_v1_1,SIDEWAYS,40,16,24,-4.269882265,-150.50654283,720.94417954,0.4
Obelisk_Ichimoku_Slow_v1_1,TRANSITION,73,21,52,-10.4109522,-205.75603456,395.74780238,0.287671232877
Obelisk_Ichimoku_Slow_v1_2,BEAR,39,17,22,-17.07815105,-418.9313722,116.00897773,0.435897435897
Obelisk_Ichimoku_Slow_v1_2,BULL,34,9,25,-18.32816807,-310.13077911,770.23678288,0.264705882353
Obelisk_Ichimoku_Slow_v1_2,SIDEWAYS,40,16,24,-6.490483955,-120.0159869,580.10551415,0.4
Obelisk_Ichimoku_Slow_v1_2,TRANSITION,74,24,50,-8.55974291,-196.70264774,385.06272365,0.324324324324
Obelisk_TradePro_Ichi_v1_1,BEAR,39,15,24,-7.64214198,-87.45121678,61.91996936,0.384615384615
Obelisk_TradePro_Ichi_v1_1,BULL,37,11,26,-3.87911602,-78.23091917,159.36424472,0.297297297297
Obelisk_TradePro_Ichi_v1_1,SIDEWAYS,40,18,22,-1.71017535,-67.47620109,116.63297606,0.45
Obelisk_TradePro_Ichi_v1_1,TRANSITION,79,24,55,-4.81025857,-59.81713918,125.63492824,0.303797468354
Obelisk_TradePro_Ichi_v2,BEAR,39,17,22,-4.39977217,-82.83785531,78.2657479,0.435897435897
Obelisk_TradePro_Ichi_v2,BULL,36,12,24,-5.28697767,-95.34032441,92.90675067,0.333333333333
Obelisk_TradePro_Ichi_v2,SIDEWAYS,40,21,19,0.413757,-42.06932577,137.27752705,0.525
Obelisk_TradePro_Ichi_v2,TRANSITION,77,29,48,-3.05584886,-74.99945927,58.19945025,0.376623376623
Obelisk_TradePro_Ichi_v2_1,BEAR,40,19,21,-1.51268492,-414.5243819,183.68778309,0.475
Obelisk_TradePro_Ichi_v2_1,BULL,37,14,23,-5.51914132,-254.59784851,520.4760569,0.378378378378
Obelisk_TradePro_Ichi_v2_1,SIDEWAYS,40,20,20,0.343066675,-110.46318876,419.58705864,0.5
Obelisk_TradePro_Ichi_v2_1,TRANSITION,78,29,49,-10.373561575,-152.52835316,169.25368954,0.371794871795
Obelisk_TradePro_Ichi_v2_2,BEAR,40,15,25,-2.19088392,-159.79034072,28.69205328,0.375
Obelisk_TradePro_Ichi_v2_2,BULL,38,9,29,-2.587817995,-125.12891755,101.34763033,0.236842105263
Obelisk_TradePro_Ichi_v2_2,SIDEWAYS,40,10,30,-3.104507,-62.25341606,88.69042711,0.25
Obelisk_TradePro_Ichi_v2_2,TRANSITION,77,25,52,-1.77394808,-56.62634812,26.1374793,0.324675324675
OmaGann,BEAR,45,15,30,-4.09289387,-226.65064879,100.64299691,0.333333333333
OmaGann,BULL,35,9,26,-6.32407645,-89.22920154,225.33184511,0.257142857143
OmaGann,SIDEWAYS,41,20,21,-1.86102247,-53.58451298,323.75951499,0.487804878049
OmaGann,TRANSITION,85,24,61,-6.25651398,-187.8253857,91.79129405,0.282352941176
OversoldReversion,BEAR,12,11,1,13.19199718,-68.54454325,344.76991696,0.916666666667
OversoldReversion,BULL,1,0,1,-5.35037656,-5.35037656,-5.35037656,0
OversoldReversion,SIDEWAYS,5,4,1,4.11445067,-0.21973189,14.86588858,0.8
OversoldReversion,TRANSITION,6,3,3,4.19696928,-73.70035485,16.32547116,0.5
PRICEFOLLOWING,BEAR,25,24,1,1.09312239,-11.78907003,6.01292151,0.96
PRICEFOLLOWING,BULL,23,20,3,0.79889485,-19.35008179,7.43106277,0.869565217391
PRICEFOLLOWING,SIDEWAYS,23,22,1,0.58165908,-13.08318912,7.87546492,0.95652173913
PRICEFOLLOWING,TRANSITION,27,23,4,0.34770216,-13.31585787,4.43706899,0.851851851852
PRICEFOLLOWINGX,BEAR,34,31,3,6.79701994,-137.02718042,113.95618776,0.911764705882
PRICEFOLLOWINGX,BULL,30,26,4,12.298691045,-128.85007977,95.73386942,0.866666666667
PRICEFOLLOWINGX,SIDEWAYS,33,31,2,8.87219579,-229.00639832,38.19492964,0.939393939394
PRICEFOLLOWINGX,TRANSITION,64,57,7,3.93001243,-234.4394844,20.92413089,0.890625
ParabolicSarStrategy,BEAR,9,0,9,-13.30828182,-38.41010941,-2.40773507,0
ParabolicSarStrategy,BULL,8,0,8,-27.42287902,-132.23387819,-1.46364361,0
ParabolicSarStrategy,SIDEWAYS,8,1,7,-21.046460565,-78.57730047,0.08299666,0.125
ParabolicSarStrategy,TRANSITION,17,1,16,-5.43091783,-57.34317053,3.03141881,0.0588235294118
Patterns2,BEAR,41,30,11,0.91201958,-788.87805999,67.30957348,0.731707317073
Patterns2,BULL,37,18,19,-0.00467805,-62.40385766,170.73694919,0.486486486486
Patterns2,SIDEWAYS,38,29,9,2.13489417,-54.44656805,112.57764951,0.763157894737
Patterns2,TRANSITION,82,60,22,0.705162655,-128.76690247,45.01182266,0.731707317073
Persia,BEAR,39,21,18,0.0828232,-309.55563906,68.7320129,0.538461538462
Persia,BULL,33,14,19,-1.6013358,-77.01842698,206.26408414,0.424242424242
Persia,SIDEWAYS,38,23,15,1.704788055,-87.12996039,239.44382214,0.605263157895
Persia,TRANSITION,69,41,28,1.48572826,-90.45627542,107.07857305,0.594202898551
PolymarketMeanReversionStrategy,BEAR,15,10,5,5.13547155,-56.2866334,42.77215162,0.666666666667
PolymarketMeanReversionStrategy,BULL,14,11,3,5.564499195,-39.5923994,18.9357479,0.785714285714
PolymarketMeanReversionStrategy,SIDEWAYS,12,9,3,5.759468945,-13.79960917,26.07285406,0.75
PolymarketMeanReversionStrategy,TRANSITION,22,9,13,-2.558087475,-21.57328674,11.91351576,0.409090909091
PolymarketMomentumStrategy,BEAR,37,13,24,-2.28768429,-50.51884884,28.12724618,0.351351351351
PolymarketMomentumStrategy,BULL,32,10,22,-2.68260202,-41.86463285,100.63801106,0.3125
PolymarketMomentumStrategy,SIDEWAYS,38,17,21,-0.75945164,-15.3770818,25.43321044,0.447368421053
PolymarketMomentumStrategy,TRANSITION,66,22,44,-1.77956813,-23.81964919,24.25723145,0.333333333333
PowerTower,BEAR,29,18,11,0.73971328,-257.86002624,92.60275065,0.620689655172
PowerTower,BULL,23,12,11,0.0015863,-111.36333994,419.95755318,0.521739130435
PowerTower,SIDEWAYS,25,17,8,7.7068851,-132.3781026,224.57423401,0.68
PowerTower,TRANSITION,50,37,13,4.468110485,-132.10958801,96.0499047,0.74
PpoMomentumStrategy,BEAR,22,4,18,-5.94732145,-105.61923945,2.40618167,0.181818181818
PpoMomentumStrategy,BULL,16,2,14,-8.251551,-105.28763152,9.28144145,0.125
PpoMomentumStrategy,SIDEWAYS,16,2,14,-3.75743971,-38.09848628,7.61890398,0.125
PpoMomentumStrategy,TRANSITION,35,6,29,-2.19874786,-37.4768506,7.95006962,0.171428571429
PriceActionCandleStrategy,BEAR,13,1,12,-6.4417226,-41.56732851,1.23942563,0.0769230769231
PriceActionCandleStrategy,BULL,10,0,10,-13.80033645,-151.94376228,-0.20913215,0
PriceActionCandleStrategy,SIDEWAYS,8,0,8,-20.245404545,-102.40223667,-0.23361403,0
PriceActionCandleStrategy,TRANSITION,20,2,18,-4.13967462,-39.16487018,0.9018434,0.1
PriceChannelStrategy,BEAR,12,0,12,-7.91642591,-55.2999864,-0.32888868,0
PriceChannelStrategy,BULL,10,0,10,-13.776635575,-103.80523828,-0.56734801,0
PriceChannelStrategy,SIDEWAYS,8,0,8,-28.152537775,-56.69468563,-1.69667091,0
PriceChannelStrategy,TRANSITION,20,1,19,-8.494120135,-21.02967659,0.80173313,0.05
PumpDetector,BEAR,13,4,9,-3.71346802,-135.77042145,4.80000953,0.307692307692
PumpDetector,BULL,10,1,9,-20.397818965,-135.38516925,5.64357837,0.1
PumpDetector,SIDEWAYS,8,3,5,-14.24709403,-85.35846524,15.49395562,0.375
PumpDetector,TRANSITION,20,6,14,-6.66622659,-57.03945606,8.90913096,0.3
QuickBuyStrategy,BEAR,8,3,5,-1.322619195,-23.96083666,19.35252049,0.375
QuickBuyStrategy,BULL,8,0,8,-56.182451485,-167.50730181,-0.55680514,0
QuickBuyStrategy,SIDEWAYS,8,3,5,-4.106800365,-43.79141819,2.98773313,0.375
QuickBuyStrategy,TRANSITION,17,5,12,-4.48583388,-90.10325863,7.95852162,0.294117647059
Quickie,BEAR,37,24,13,2.25337291,-1569.74109804,261.90409028,0.648648648649
Quickie,BULL,35,18,17,1.31818762,-146.29589667,268.21015307,0.514285714286
Quickie,SIDEWAYS,35,24,11,5.9337365,-334.28031686,306.00112358,0.685714285714
Quickie,TRANSITION,75,53,22,3.0444757,-360.76146959,197.83630849,0.706666666667
RSI,BEAR,5,4,1,47.82480393,-542.02758948,184.11200158,0.8
RSI,BULL,15,12,3,93.39377834,-837.25936352,925.92179385,0.8
RSI,SIDEWAYS,13,12,1,23.74770296,-1348.33011667,267.54124758,0.923076923077
RSI,TRANSITION,23,23,0,32.52902978,0.50413351,447.37743492,1
RSIBB02,BEAR,24,20,4,0.22150843,-114.5743744,5.72422368,0.833333333333
RSIBB02,BULL,29,13,16,-5.555e-05,-56.61378823,16.27090808,0.448275862069
RSIBB02,SIDEWAYS,29,19,10,0.71013145,-21.68360788,5.90529513,0.655172413793
RSIBB02,TRANSITION,51,35,16,0.06886002,-25.43621357,5.45701461,0.686274509804
RSIDirectionalWithTrend,BEAR,23,9,14,-1.01156405,-50.90200417,9.0131615,0.391304347826
RSIDirectionalWithTrend,BULL,33,15,18,-1.24003036,-35.27123325,32.60376657,0.454545454545
RSIDirectionalWithTrend,SIDEWAYS,31,19,12,0.72749356,-26.8601608,26.05387412,0.612903225806
RSIDirectionalWithTrend,TRANSITION,51,25,26,-0.0936737,-17.90874309,19.45674543,0.490196078431
RSIDirectionalWithTrendSlow,BEAR,12,3,9,-10.54528899,-38.54464895,41.66625354,0.25
RSIDirectionalWithTrendSlow,BULL,26,11,15,-5.467478145,-84.1192688,239.12729901,0.423076923077
RSIDirectionalWithTrendSlow,SIDEWAYS,22,9,13,-4.82202948,-32.97042272,98.19597148,0.409090909091
RSIDirectionalWithTrendSlow,TRANSITION,44,9,35,-4.96184905,-49.21685013,115.75436233,0.204545454545
RSI_BB,BEAR,45,29,16,8.71756871,-3445.56772181,1443.34771429,0.644444444444
RSI_BB,BULL,38,14,24,-7.349635365,-334.5196937,1317.13256039,0.368421052632
RSI_BB,SIDEWAYS,41,24,17,13.98969337,-585.95439469,2869.35238275,0.585365853659
RSI_BB,TRANSITION,85,31,54,-11.74118632,-1466.58408596,1800.35177378,0.364705882353
RSI_EMA_strategy,BEAR,40,21,19,0.01166096,-129.93274707,15.1224705,0.525
RSI_EMA_strategy,BULL,37,18,19,-0.32851262,-42.32826478,15.5866795,0.486486486486
RSI_EMA_strategy,SIDEWAYS,41,18,23,-0.42386143,-36.16323278,9.15893324,0.439024390244
RSI_EMA_strategy,TRANSITION,82,35,47,-0.444575965,-30.11794064,13.288921,0.426829268293
RSIv2,BEAR,40,28,12,3.80157854,-380.96859349,61.13819049,0.7
RSIv2,BULL,38,25,13,3.991397055,-53.09266829,120.7937961,0.657894736842
RSIv2,SIDEWAYS,40,26,14,3.87236184,-80.33331804,49.93179564,0.65
RSIv2,TRANSITION,85,51,34,1.69272886,-110.31082331,57.53253854,0.6
RalliV1,BEAR,11,10,1,12.64467038,-0.09770998,43.44536961,0.909090909091
RalliV1,BULL,19,18,1,13.9017895,-3.3366044,172.22503096,0.947368421053
RalliV1,SIDEWAYS,14,11,3,5.69249313,-24.69209452,60.20050683,0.785714285714
RalliV1,TRANSITION,25,17,8,2.4697509,-24.48457889,52.53671334,0.68
RalliV1_disable56,BEAR,11,10,1,12.62867963,-5.80012062,43.39001781,0.909090909091
RalliV1_disable56,BULL,18,17,1,14.28012078,-3.01202331,172.29145799,0.944444444444
RalliV1_disable56,SIDEWAYS,14,11,3,5.69318551,-12.3059144,60.21544813,0.785714285714
RalliV1_disable56,TRANSITION,25,17,8,2.47097137,-24.49947497,52.47544173,0.68
RegimeFilterStrategy,BEAR,39,10,29,-21.69687454,-190.23437697,384.01543473,0.25641025641
RegimeFilterStrategy,BULL,34,13,21,-10.344439715,-170.93709435,357.48988915,0.382352941176
RegimeFilterStrategy,SIDEWAYS,40,21,19,9.9391415,-142.56270411,184.37835833,0.525
RegimeFilterStrategy,TRANSITION,78,38,40,-3.294606115,-157.22466325,287.39949237,0.487179487179
ReinforcedAverageStrategy,BEAR,30,9,21,-14.00315579,-195.3643941,688.73396938,0.3
ReinforcedAverageStrategy,BULL,24,8,16,-23.524313255,-243.83703312,467.54028842,0.333333333333
ReinforcedAverageStrategy,SIDEWAYS,30,12,18,-6.40971428,-216.83506194,830.30764563,0.4
ReinforcedAverageStrategy,TRANSITION,49,15,34,-8.9097416,-189.33169366,296.6362657,0.30612244898
ReinforcedSmoothScalp,BEAR,26,15,11,1.03718326,-29.68258453,13.30220145,0.576923076923
ReinforcedSmoothScalp,BULL,30,23,7,2.81593838,-16.78987638,28.46902586,0.766666666667
ReinforcedSmoothScalp,SIDEWAYS,31,20,11,2.70347828,-9.94392838,15.7236496,0.645161290323
ReinforcedSmoothScalp,TRANSITION,53,28,25,0.56645904,-18.76431953,13.74205651,0.528301886792
RobotradingBody,BEAR,35,26,9,2.11139826,-124.69478261,58.56362537,0.742857142857
RobotradingBody,BULL,34,20,14,0.122190125,-103.84742625,182.33952655,0.588235294118
RobotradingBody,SIDEWAYS,34,20,14,0.489539925,-63.8399886,69.30056464,0.588235294118
RobotradingBody,TRANSITION,67,28,39,-1.07197495,-63.62340939,192.22008544,0.417910447761
RocMomentumStrategy,BEAR,11,0,11,-5.10399386,-30.40834032,-0.25668907,0
RocMomentumStrategy,BULL,9,0,9,-18.43525961,-163.93647316,-1.55967281,0
RocMomentumStrategy,SIDEWAYS,8,0,8,-22.48513658,-113.54480229,-0.07927732,0
RocMomentumStrategy,TRANSITION,19,2,17,-3.35028515,-65.25042208,1.66554427,0.105263157895
Roth01,BEAR,36,23,13,2.15635019,-2031.8464082,492.31677796,0.638888888889
Roth01,BULL,34,19,15,0.264169255,-352.09386785,597.08473052,0.558823529412
Roth01,SIDEWAYS,35,28,7,9.03492793,-154.15511381,587.11786268,0.8
Roth01,TRANSITION,73,50,23,3.17688437,-530.51236525,481.56870998,0.684931506849
Roth03,BEAR,42,36,6,1.95604235,-31.22835338,65.79370871,0.857142857143
Roth03,BULL,35,23,12,0.5297808,-107.09445053,33.51668094,0.657142857143
Roth03,SIDEWAYS,41,34,7,1.76810894,-104.94946534,15.58592619,0.829268292683
Roth03,TRANSITION,79,60,19,0.62396686,-117.17467962,11.68985537,0.759493670886
RsiBollingerStrategy,BEAR,36,31,5,18.706937295,-349.80213587,153.12836621,0.861111111111
RsiBollingerStrategy,BULL,33,21,12,13.94955642,-90.70420285,207.60543178,0.636363636364
RsiBollingerStrategy,SIDEWAYS,35,22,13,8.99159942,-185.47254126,149.16207704,0.628571428571
RsiBollingerStrategy,TRANSITION,73,42,31,1.8504971,-368.51734762,163.94662743,0.575342465753
RsiDivergenceStrategy,BEAR,31,11,20,-1.34180703,-18.56176382,4.24609271,0.354838709677
RsiDivergenceStrategy,BULL,25,13,12,0.34477304,-18.69982044,7.67152712,0.52
RsiDivergenceStrategy,SIDEWAYS,31,19,12,0.40583364,-19.36289747,8.03671965,0.612903225806
RsiDivergenceStrategy,TRANSITION,47,30,17,0.56104555,-11.80477395,7.16590496,0.63829787234
SAR,BEAR,3,0,3,-8.77408186,-103.96490524,-0.28894573,0
SAR,BULL,3,0,3,-39.22319522,-283.3514719,-29.01677828,0
SAR,SIDEWAYS,3,0,3,-62.14475711,-218.13751706,-42.87140992,0
SAR,TRANSITION,6,0,6,-23.87481597,-67.24078891,-2.82752595,0
SARCross,BEAR,7,6,1,14.69209926,-315.23318167,28.57465865,0.857142857143
SARCross,BULL,14,13,1,8.824726735,-35.96326208,85.65870407,0.928571428571
SARCross,SIDEWAYS,7,6,1,13.23618737,-0.0423456,41.86990793,0.857142857143
SARCross,TRANSITION,14,11,3,2.8395246,-12.09064264,27.78520727,0.785714285714
SMAIP3,BEAR,9,6,3,0.63769713,-45.08309426,25.15612401,0.666666666667
SMAIP3,BULL,16,13,3,5.189252465,-14.77452977,101.16012971,0.8125
SMAIP3,SIDEWAYS,9,7,2,5.48797216,-0.00578875,69.32904184,0.777777777778
SMAIP3,TRANSITION,15,11,4,0.91877213,-60.5105062,40.49513588,0.733333333333
SMAIP3v2,BEAR,9,6,3,5.49699004,-11.03856644,14.86049711,0.666666666667
SMAIP3v2,BULL,16,14,2,2.624576735,-2.04729148,74.22512832,0.875
SMAIP3v2,SIDEWAYS,9,8,1,3.35368428,-3.11315088,27.93615189,0.888888888889
SMAIP3v2,TRANSITION,14,10,4,1.10752822,-6.0404706,17.15792218,0.714285714286
SMAOG,BEAR,13,11,2,0.91763246,-1.96227867,20.67909599,0.846153846154
SMAOG,BULL,15,14,1,5.84575879,-6.32807148,75.81105679,0.933333333333
SMAOG,SIDEWAYS,10,8,2,3.1043102,-8.509932,34.41087019,0.8
SMAOG,TRANSITION,16,9,7,0.682108,-12.74131849,29.85856462,0.5625
SMAOPv1_TTF,BEAR,10,9,1,2.280049475,-19.5079962,329.48699708,0.9
SMAOPv1_TTF,BULL,12,12,0,16.422598625,1.41984925,94.15318147,1
SMAOPv1_TTF,SIDEWAYS,7,6,1,7.74295677,-3.4983325,23.2040606,0.857142857143
SMAOPv1_TTF,TRANSITION,6,2,4,-7.094671245,-26.21179472,59.45294721,0.333333333333
SMAOffset,BEAR,22,16,6,16.004194775,-404.14991061,220.41359885,0.727272727273
SMAOffset,BULL,23,18,5,68.00856933,-132.36812575,451.10215756,0.782608695652
SMAOffset,SIDEWAYS,26,18,8,16.81902217,-241.40835702,261.45688508,0.692307692308
SMAOffset,TRANSITION,44,28,16,6.40480003,-207.66721451,273.36447787,0.636363636364
SMAOffsetProtectOpt,BEAR,8,4,4,0.883904035,-8.11521404,301.28212782,0.5
SMAOffsetProtectOpt,BULL,10,10,0,14.80751763,2.53147944,85.29355763,1
SMAOffsetProtectOpt,SIDEWAYS,7,5,2,4.6541075,-0.0120991,27.7152185,0.714285714286
SMAOffsetProtectOpt,TRANSITION,6,3,3,-3.44843233,-19.81065517,71.56248918,0.5
SMAOffsetProtectOptV0,BEAR,8,6,2,1.49614149,-3.07221629,176.60992798,0.75
SMAOffsetProtectOptV0,BULL,10,10,0,10.35702343,1.2414017,66.78738143,1
SMAOffsetProtectOptV0,SIDEWAYS,7,7,0,3.1389076,0.17181392,17.78180926,1
SMAOffsetProtectOptV0,TRANSITION,6,3,3,-3.39595047,-35.61772707,17.16480765,0.5
SMAOffsetProtectOptV1,BEAR,8,5,3,5.620972305,-10.67840481,257.63998762,0.625
SMAOffsetProtectOptV1,BULL,12,11,1,14.546736655,-6.777654,79.3934456,0.916666666667
SMAOffsetProtectOptV1,SIDEWAYS,7,6,1,7.1315738,-1.0999604,21.41810957,0.857142857143
SMAOffsetProtectOptV1,TRANSITION,6,3,3,-0.647634785,-22.7084508,49.46551922,0.5
SMAOffsetProtectOptV1HO1,BEAR,20,15,5,3.444067685,-13.31699336,316.90537612,0.75
SMAOffsetProtectOptV1HO1,BULL,22,17,5,6.988289375,-18.8523703,128.5833642,0.772727272727
SMAOffsetProtectOptV1HO1,SIDEWAYS,13,12,1,4.29317081,-10.24246114,38.879365,0.923076923077
SMAOffsetProtectOptV1HO1,TRANSITION,27,16,11,1.16947582,-18.9870651,53.51643432,0.592592592593
SMAOffsetProtectOptV1Mod,BEAR,6,5,1,6.59704752,-1.9481601,72.34856955,0.833333333333
SMAOffsetProtectOptV1Mod,BULL,10,10,0,12.786669605,0.80021442,71.52660478,1
SMAOffsetProtectOptV1Mod,SIDEWAYS,6,5,1,2.33115446,-0.03998368,12.28758939,0.833333333333
SMAOffsetProtectOptV1Mod,TRANSITION,5,2,3,-5.0968575,-36.00330274,13.43639806,0.4
SMAOffsetProtectOptV1Mod2,BEAR,6,5,1,6.541470655,-1.35801716,70.85366532,0.833333333333
SMAOffsetProtectOptV1Mod2,BULL,10,10,0,12.195770575,0.79902997,77.6003938,1
SMAOffsetProtectOptV1Mod2,SIDEWAYS,6,4,2,2.3712992,-0.1160044,9.74247531,0.666666666667
SMAOffsetProtectOptV1Mod2,TRANSITION,5,2,3,-5.1041025,-35.34376626,13.48717363,0.4
SMAOffsetProtectOptV1_kkeue_20210619,BEAR,6,5,1,6.541470655,-1.35801716,70.85366532,0.833333333333
SMAOffsetProtectOptV1_kkeue_20210619,BULL,10,10,0,12.195770575,0.79902997,77.6003938,1
SMAOffsetProtectOptV1_kkeue_20210619,SIDEWAYS,6,4,2,2.3712992,-0.1160044,9.74247531,0.666666666667
SMAOffsetProtectOptV1_kkeue_20210619,TRANSITION,5,2,3,-5.1041025,-35.34376626,13.48717363,0.4
SMAOffsetV2,BEAR,16,10,6,7.720560735,-44.03863266,44.74219559,0.625
SMAOffsetV2,BULL,20,17,3,23.5026843,-68.86461716,274.48932091,0.85
SMAOffsetV2,SIDEWAYS,17,12,5,4.50258513,-16.33843605,99.1809769,0.705882352941
SMAOffsetV2,TRANSITION,27,18,9,5.8030436,-57.97891012,83.51508301,0.666666666667
SMAOffset_Hippocritical_dca,BEAR,6,6,0,1.348563875,0.23901,15.65873954,1
SMAOffset_Hippocritical_dca,BULL,10,10,0,2.6137781,0.44083023,22.19314673,1
SMAOffset_Hippocritical_dca,SIDEWAYS,6,5,1,0.397843545,-0.02971514,3.79340299,0.833333333333
SMAOffset_Hippocritical_dca,TRANSITION,5,3,2,0.40997946,-6.915597,11.43433408,0.6
SMAOffset_Hippocritical_dca_leverage,BEAR,8,7,1,8.654416465,-26.03905337,47.63447506,0.875
SMAOffset_Hippocritical_dca_leverage,BULL,11,11,0,40.81416738,0.67150456,177.36421975,1
SMAOffset_Hippocritical_dca_leverage,SIDEWAYS,6,6,0,4.82506403,1.34262864,57.1502704,1
SMAOffset_Hippocritical_dca_leverage,TRANSITION,5,5,0,36.75925588,0.668538,230.76276191,1
SMAOffset_Hippocritical_dca_old,BEAR,6,6,0,1.348563875,0.23901,15.65873954,1
SMAOffset_Hippocritical_dca_old,BULL,10,10,0,2.6137781,0.44083023,22.19314673,1
SMAOffset_Hippocritical_dca_old,SIDEWAYS,6,5,1,0.397843545,-0.02971514,3.79340299,0.833333333333
SMAOffset_Hippocritical_dca_old,TRANSITION,5,3,2,0.40997946,-6.915597,11.43433408,0.6
SMAOffset_Hippocritical_dca_protections,BEAR,6,6,0,1.348563875,0.23901,15.65873954,1
SMAOffset_Hippocritical_dca_protections,BULL,10,10,0,2.6137781,0.44083023,22.19314673,1
SMAOffset_Hippocritical_dca_protections,SIDEWAYS,6,5,1,0.397843545,-0.02971514,3.79340299,0.833333333333
SMAOffset_Hippocritical_dca_protections,TRANSITION,5,3,2,0.40997946,-6.915597,11.43433408,0.6
SMA_BBRSI,BEAR,16,13,3,2.23108323,-6.37422898,69.58482269,0.8125
SMA_BBRSI,BULL,18,10,8,1.732393945,-25.31277939,16.85315077,0.555555555556
SMA_BBRSI,SIDEWAYS,17,8,9,-0.04548546,-13.6774164,5.8909002,0.470588235294
SMA_BBRSI,TRANSITION,17,10,7,0.89243633,-12.6833293,14.37095867,0.588235294118
STRATEGY_RSI_BB_BOUNDS_CROSS,BEAR,36,2,34,-2.01245621,-62.11049411,3.70160507,0.0555555555556
STRATEGY_RSI_BB_BOUNDS_CROSS,BULL,34,4,30,-2.383072755,-28.95674541,4.97819045,0.117647058824
STRATEGY_RSI_BB_BOUNDS_CROSS,SIDEWAYS,39,2,37,-2.62126582,-17.92432619,1.22513555,0.0512820512821
STRATEGY_RSI_BB_BOUNDS_CROSS,TRANSITION,81,6,75,-1.35879318,-18.32473487,4.56365983,0.0740740740741
STRATEGY_RSI_BB_CROSS,BEAR,34,19,15,0.38908368,-263.90533132,41.7703451,0.558823529412
STRATEGY_RSI_BB_CROSS,BULL,28,12,16,-0.97599192,-74.14487624,24.13706422,0.428571428571
STRATEGY_RSI_BB_CROSS,SIDEWAYS,29,13,16,-0.18664234,-52.71874228,83.78684658,0.448275862069
STRATEGY_RSI_BB_CROSS,TRANSITION,63,19,44,-1.10209397,-93.29733269,32.28185369,0.301587301587
SUPPORT_RESISTANCE,BEAR,31,4,27,-30.90252772,-709.41240739,393.54999739,0.129032258065
SUPPORT_RESISTANCE,BULL,25,6,19,-25.69121286,-472.76021112,1816.69743834,0.24
SUPPORT_RESISTANCE,SIDEWAYS,34,14,20,-8.42452356,-194.22277125,1024.01490104,0.411764705882
SUPPORT_RESISTANCE,TRANSITION,57,16,41,-16.60752166,-193.88045593,1565.9808333,0.280701754386
SampleStrategy,BEAR,42,22,20,0.529413445,-525.44056151,38.53672023,0.52380952381
SampleStrategy,BULL,38,15,23,-1.916639095,-251.01630423,90.13126774,0.394736842105
SampleStrategy,SIDEWAYS,40,25,15,0.3365517,-85.03836862,150.81113881,0.625
SampleStrategy,TRANSITION,85,35,50,-0.55244652,-164.22823962,53.59691331,0.411764705882
SampleStrategyV2,BEAR,41,28,13,1.91854921,-409.16099625,39.73312086,0.682926829268
SampleStrategyV2,BULL,36,15,21,-5.06624018,-95.96772041,102.02993445,0.416666666667
SampleStrategyV2,SIDEWAYS,40,32,8,2.104844815,-75.58198415,95.63668644,0.8
SampleStrategyV2,TRANSITION,82,53,29,1.373891195,-108.8114914,34.1685411,0.646341463415
Sar,BEAR,42,22,20,0.529413445,-525.44056151,38.53672023,0.52380952381
Sar,BULL,38,15,23,-1.916639095,-251.01630423,90.13126774,0.394736842105
Sar,SIDEWAYS,40,25,15,0.3365517,-85.03836862,150.81113881,0.625
Sar,TRANSITION,85,35,50,-0.55244652,-164.22823962,53.59691331,0.411764705882
Saturn5,BEAR,38,22,16,8.376582475,-3046.51321021,832.08898399,0.578947368421
Saturn5,BULL,33,17,16,5.6638176,-372.15746246,789.36972548,0.515151515152
Saturn5,SIDEWAYS,34,21,13,12.74837514,-395.00565738,1403.68405888,0.617647058824
Saturn5,TRANSITION,66,39,27,9.43595897,-1109.09934909,560.15032489,0.590909090909
Schism2,BEAR,35,24,11,9.90734856,-859.20008074,220.63124963,0.685714285714
Schism2,BULL,35,16,19,-0.004965,-252.58766461,423.36082249,0.457142857143
Schism2,SIDEWAYS,37,30,7,11.14098136,-440.96296762,530.55231795,0.810810810811
Schism2,TRANSITION,74,55,19,5.175204205,-644.09331059,310.70656486,0.743243243243
Schism3,BEAR,33,23,10,6.71782887,-915.95548729,232.91414589,0.69696969697
Schism3,BULL,33,15,18,-0.50955205,-335.66566193,218.22403981,0.454545454545
Schism3,SIDEWAYS,36,27,9,3.64600408,-131.15350843,498.03793043,0.75
Schism3,TRANSITION,74,53,21,1.26504588,-112.70043042,143.519215,0.716216216216
Schism4,BEAR,34,22,12,2.09794971,-1275.96529969,235.14763179,0.647058823529
Schism4,BULL,35,21,14,0.37035279,-266.28687823,338.33270286,0.6
Schism4,SIDEWAYS,33,25,8,5.61767589,-184.49463422,323.6212697,0.757575757576
Schism4,TRANSITION,74,54,20,2.54356411,-543.99069557,263.45306113,0.72972972973
Seb,BEAR,41,22,19,0.28576301,-524.30677438,124.36050064,0.536585365854
Seb,BULL,35,14,21,-2.92976035,-133.25198954,92.41382289,0.4
Seb,SIDEWAYS,38,22,16,0.58506763,-92.13757582,202.90922514,0.578947368421
Seb,TRANSITION,78,35,43,-0.17194614,-210.03074081,47.2812299,0.448717948718
Simple,BEAR,31,18,13,0.50999067,-796.07624516,212.16000027,0.58064516129
Simple,BULL,25,4,21,-3.51971121,-293.73233881,126.89273118,0.16
Simple,SIDEWAYS,27,15,12,0.75380469,-144.9607188,389.97211922,0.555555555556
Simple,TRANSITION,57,23,34,-0.60568694,-390.29757699,116.93860353,0.40350877193
SimpleBollinger,BEAR,16,15,1,2.296924035,-0.0036292,21.96766428,0.9375
SimpleBollinger,BULL,14,11,3,1.57265397,-32.50131788,62.37825157,0.785714285714
SimpleBollinger,SIDEWAYS,16,12,4,0.405248,-0.00601562,10.07755804,0.75
SimpleBollinger,TRANSITION,18,15,3,0.04173842,-35.1026277,7.02765322,0.833333333333
SimpleHopt,BEAR,40,23,17,1.2550609,-1116.45761451,280.08953217,0.575
SimpleHopt,BULL,36,15,21,-3.177166595,-347.94555054,421.1836381,0.416666666667
SimpleHopt,SIDEWAYS,39,26,13,2.73156013,-88.56571277,513.4302274,0.666666666667
SimpleHopt,TRANSITION,74,43,31,1.051782305,-462.54065261,167.20439164,0.581081081081
SimpleHopt1Along,BEAR,29,21,8,1.6377205,-102.69882404,20.87376555,0.724137931034
SimpleHopt1Along,BULL,27,16,11,4.71199107,-182.34182309,125.37363116,0.592592592593
SimpleHopt1Along,SIDEWAYS,37,28,9,4.12218339,-110.8300493,65.92131673,0.756756756757
SimpleHopt1Along,TRANSITION,52,43,9,2.81418434,-68.72114592,33.32684753,0.826923076923
SlowPotato,BEAR,3,2,1,49.51842449,-202.11022627,73.03460862,0.666666666667
SlowPotato,BULL,16,13,3,19.877632745,-455.48115347,379.29534436,0.8125
SlowPotato,SIDEWAYS,12,11,1,15.759961525,-740.70683144,171.83855045,0.916666666667
SlowPotato,TRANSITION,26,26,0,5.45136156,0.46490301,143.07408045,1
Slowbro,BEAR,9,7,2,31.51626786,-277.67471223,172.65566041,0.777777777778
Slowbro,BULL,6,5,1,16.876044595,-148.25855113,279.31464419,0.833333333333
Slowbro,SIDEWAYS,8,7,1,43.961583305,-149.80492829,91.53534347,0.875
Slowbro,TRANSITION,6,5,1,37.03944867,-335.19832647,77.56992466,0.833333333333
SmaRsiStrategy,BEAR,24,7,17,-36.676069995,-619.19295801,734.50695649,0.291666666667
SmaRsiStrategy,BULL,28,6,22,-54.19622465,-274.4179686,726.6306699,0.214285714286
SmaRsiStrategy,SIDEWAYS,33,14,19,-10.1530585,-389.38794058,1141.27408292,0.424242424242
SmaRsiStrategy,TRANSITION,48,10,38,-29.74791568,-255.04437571,2146.7545951,0.208333333333
SmartMoneyStrategy,BEAR,5,4,1,10.01369253,-345.50067976,158.78935618,0.8
SmartMoneyStrategy,BULL,15,13,2,98.84231428,-943.75336099,890.74663131,0.866666666667
SmartMoneyStrategy,SIDEWAYS,12,11,1,31.14660896,-1235.33587598,243.22464107,0.916666666667
SmartMoneyStrategy,TRANSITION,22,21,1,22.362061615,-592.73205473,539.78579265,0.954545454545
SmartMoneyStrategyHyperopt,BEAR,4,3,1,35.235970195,-678.3223443,122.83380302,0.75
SmartMoneyStrategyHyperopt,BULL,14,12,2,73.724363455,-630.01954155,526.12487156,0.857142857143
SmartMoneyStrategyHyperopt,SIDEWAYS,13,11,2,28.9468266,-689.9864716,168.10813923,0.846153846154
SmartMoneyStrategyHyperopt,TRANSITION,19,19,0,22.62189013,2.45636118,538.3186869,1
SmoothOperator,BEAR,44,23,21,0.24275458,-548.66596126,65.78945456,0.522727272727
SmoothOperator,BULL,39,20,19,0.04555259,-66.37179916,107.40068855,0.512820512821
SmoothOperator,SIDEWAYS,41,20,21,-0.11274805,-28.43377079,125.88632905,0.487804878049
SmoothOperator,TRANSITION,85,33,52,-0.72668621,-174.07677811,52.8064007,0.388235294118
Squeeze001,BEAR,15,11,4,5.30673633,-57.78948257,28.64771816,0.733333333333
Squeeze001,BULL,15,13,2,4.46075978,-21.5075806,106.27748667,0.866666666667
Squeeze001,SIDEWAYS,8,6,2,2.330995265,-28.0528406,30.80785423,0.75
Squeeze001,TRANSITION,27,25,2,4.8398532,-31.03251922,13.73693881,0.925925925926
Squeeze002,BEAR,38,23,15,0.96239674,-926.51464357,132.1632804,0.605263157895
Squeeze002,BULL,34,16,18,-2.41818739,-135.72496842,419.21901041,0.470588235294
Squeeze002,SIDEWAYS,37,29,8,3.9745329,-201.0157158,358.32550811,0.783783783784
Squeeze002,TRANSITION,77,53,24,1.58954098,-479.85977781,202.42819699,0.688311688312
SqueezeMomentum,BEAR,38,13,25,-1.513494495,-308.29300322,37.37692677,0.342105263158
SqueezeMomentum,BULL,33,7,26,-1.75584692,-62.84355439,102.65029631,0.212121212121
SqueezeMomentum,SIDEWAYS,37,11,26,-1.06343404,-40.74830385,77.86796203,0.297297297297
SqueezeMomentum,TRANSITION,75,21,54,-0.99100308,-98.186622,61.84741216,0.28
SqueezeMomentumStrategy,BEAR,11,1,10,-9.58405083,-46.38145915,3.4451608,0.0909090909091
SqueezeMomentumStrategy,BULL,10,0,10,-13.976403305,-110.30299268,-0.04448823,0
SqueezeMomentumStrategy,SIDEWAYS,8,0,8,-23.27762498,-63.09594529,-1.98242716,0
SqueezeMomentumStrategy,TRANSITION,19,1,18,-5.48760904,-38.95822589,0.28872295,0.0526315789474
SqueezeOff,BEAR,38,25,13,3.36724545,-2576.96029142,651.1202767,0.657894736842
SqueezeOff,BULL,33,17,16,0.70819408,-183.80682045,439.56108773,0.515151515152
SqueezeOff,SIDEWAYS,38,28,10,5.637406965,-398.57678424,888.91427262,0.736842105263
SqueezeOff,TRANSITION,74,51,23,3.758948535,-766.95213661,318.98913422,0.689189189189
StarRise,BEAR,17,17,0,2.60936385,0.40629605,31.91448525,1
StarRise,BULL,12,12,0,4.88344568,0.61826512,17.74985567,1
StarRise,SIDEWAYS,6,6,0,2.55289446,1.44209192,6.48549077,1
StarRise,TRANSITION,17,17,0,2.2466066,0.3287329,7.62478176,1
StarRise_strat,BEAR,18,15,3,1.07695287,-9.63899657,8.7832135,0.833333333333
StarRise_strat,BULL,14,11,3,0.633759855,-15.2816203,17.07833246,0.785714285714
StarRise_strat,SIDEWAYS,7,6,1,0.62057696,-8.11686492,7.25210519,0.857142857143
StarRise_strat,TRANSITION,18,17,1,0.63479163,-19.35529071,5.09093637,0.944444444444
StochRSITEMA,BEAR,44,14,30,-2.573259075,-53.35203063,5.95542288,0.318181818182
StochRSITEMA,BULL,39,8,31,-2.87848535,-41.72211705,0.27740523,0.205128205128
StochRSITEMA,SIDEWAYS,41,11,30,-1.66673474,-17.40892233,2.88928932,0.268292682927
StochRSITEMA,TRANSITION,83,18,65,-1.07900886,-9.08530411,2.56495,0.21686746988
StochasticCciStrategy,BEAR,26,14,12,0.2470157,-59.72025197,31.57433116,0.538461538462
StochasticCciStrategy,BULL,33,16,17,-0.3565294,-49.60475007,75.20432111,0.484848484848
StochasticCciStrategy,SIDEWAYS,38,21,17,0.60682663,-102.10655803,33.97169248,0.552631578947
StochasticCciStrategy,TRANSITION,63,28,35,-0.66634541,-75.63328161,33.98548089,0.444444444444
StochasticOversoldStrategy,BEAR,21,4,17,-2.43018364,-86.37876153,7.13733474,0.190476190476
StochasticOversoldStrategy,BULL,15,0,15,-12.59254423,-110.93041637,-0.08613193,0
StochasticOversoldStrategy,SIDEWAYS,15,2,13,-2.828065,-88.57376061,10.50477311,0.133333333333
StochasticOversoldStrategy,TRANSITION,32,7,25,-2.51277122,-38.82430622,3.28625734,0.21875
StochasticRsiStrategy,BEAR,15,1,14,-5.09397908,-33.29956797,0.26563874,0.0666666666667
StochasticRsiStrategy,BULL,11,0,11,-14.50003604,-110.9997677,-1.61016748,0
StochasticRsiStrategy,SIDEWAYS,11,1,10,-2.81900785,-87.45936621,0.62920324,0.0909090909091
StochasticRsiStrategy,TRANSITION,25,2,23,-4.77603135,-39.8538189,2.07647579,0.08
Strategy001,BEAR,41,22,19,0.28576301,-524.30677438,124.36050064,0.536585365854
Strategy001,BULL,35,14,21,-2.92976035,-133.25198954,92.41382289,0.4
Strategy001,SIDEWAYS,38,22,16,0.58506763,-92.13757582,202.90922514,0.578947368421
Strategy001,TRANSITION,78,35,43,-0.17194614,-210.03074081,47.2812299,0.448717948718
Strategy001_custom_exit,BEAR,39,22,17,0.62061099,-407.38135304,86.2535777,0.564102564103
Strategy001_custom_exit,BULL,34,13,21,-0.685424445,-134.89674754,34.24252236,0.382352941176
Strategy001_custom_exit,SIDEWAYS,37,18,19,-0.48314245,-61.06610531,153.26559879,0.486486486486
Strategy001_custom_exit,TRANSITION,76,35,41,-0.325232725,-176.03997843,34.94308205,0.460526315789
Strategy001_custom_sell,BEAR,39,22,17,0.62061099,-407.38135304,86.2535777,0.564102564103
Strategy001_custom_sell,BULL,34,13,21,-0.685424445,-134.89674754,34.24252236,0.382352941176
Strategy001_custom_sell,SIDEWAYS,37,18,19,-0.48314245,-61.06610531,153.26559879,0.486486486486
Strategy001_custom_sell,TRANSITION,76,35,41,-0.325232725,-176.03997843,34.94308205,0.460526315789
Strategy002,BEAR,34,24,10,1.20561167,-45.58581741,12.94929208,0.705882352941
Strategy002,BULL,30,17,13,0.12562795,-29.67928337,44.05682206,0.566666666667
Strategy002,SIDEWAYS,37,30,7,2.52210095,-72.05479105,17.41999225,0.810810810811
Strategy002,TRANSITION,73,50,23,0.90656306,-47.32317317,11.27387565,0.684931506849
Strategy003,BEAR,40,26,14,2.003786965,-110.87470009,18.62588552,0.65
Strategy003,BULL,36,22,14,0.713629905,-53.00574981,55.30396502,0.611111111111
Strategy003,SIDEWAYS,41,27,14,1.57933812,-40.43119402,33.46663501,0.658536585366
Strategy003,TRANSITION,81,48,33,1.03450506,-39.86555614,23.8985687,0.592592592593
Strategy004,BEAR,40,31,9,3.73178812,-398.75684052,26.14960283,0.775
Strategy004,BULL,38,25,13,2.16664318,-41.76803565,138.76882518,0.657894736842
Strategy004,SIDEWAYS,41,27,14,2.37905913,-104.5994226,50.49124393,0.658536585366
Strategy004,TRANSITION,83,53,30,0.8844548,-133.87301857,22.84779205,0.638554216867
Strategy005,BEAR,42,31,11,3.607295795,-385.41633679,46.76580298,0.738095238095
Strategy005,BULL,39,19,20,-0.34821893,-50.71072859,80.03111117,0.487179487179
Strategy005,SIDEWAYS,41,19,22,-1.57804265,-75.57449444,108.26736802,0.463414634146
Strategy005,TRANSITION,84,44,40,1.219702115,-99.7663784,64.05014397,0.52380952381
SupertrendStrategy,BEAR,41,22,19,1.41806736,-1075.23392521,874.03493036,0.536585365854
SupertrendStrategy,BULL,32,10,22,-33.026910125,-232.47206795,1134.31344899,0.3125
SupertrendStrategy,SIDEWAYS,41,20,21,-1.68010367,-426.41110232,1315.18938177,0.487804878049
SupertrendStrategy,TRANSITION,77,22,55,-18.82202624,-949.03456723,1712.36543277,0.285714285714
SwingHigh,BEAR,34,29,5,1.480936145,-45.15212553,32.38890912,0.852941176471
SwingHigh,BULL,30,22,8,0.98429447,-57.63126992,17.18216518,0.733333333333
SwingHigh,SIDEWAYS,35,30,5,1.6067595,-28.01820178,17.31083073,0.857142857143
SwingHigh,TRANSITION,62,52,10,0.70520593,-47.5838014,12.94990728,0.838709677419
SwingHighToSky,BEAR,36,27,9,3.490623515,-1002.65737452,99.12575366,0.75
SwingHighToSky,BULL,37,28,9,0.69470382,-179.00439389,380.85230588,0.756756756757
SwingHighToSky,SIDEWAYS,38,30,8,2.76485548,-98.57547534,159.14682169,0.789473684211
SwingHighToSky,TRANSITION,77,59,18,1.57296927,-274.98295975,150.72294985,0.766233766234
TD,BEAR,45,15,30,-1.22397697,-38.77693806,17.50374817,0.333333333333
TD,BULL,39,17,22,-1.64567236,-32.37674235,32.85673764,0.435897435897
TD,SIDEWAYS,41,24,17,0.40292516,-17.80360625,52.78791317,0.585365853659
TD,TRANSITION,85,28,57,-2.22922436,-29.97988461,25.53284705,0.329411764706
TDSequentialStrategy,BEAR,37,19,18,1.005952,-173.79322357,57.41558028,0.513513513514
TDSequentialStrategy,BULL,37,11,26,-6.62378047,-105.67108021,53.21986603,0.297297297297
TDSequentialStrategy,SIDEWAYS,40,19,21,-0.451593165,-47.73437428,123.97138753,0.475
TDSequentialStrategy,TRANSITION,80,29,51,-2.85418123,-95.93964615,61.32829438,0.3625
TEMABounce,BEAR,1,1,0,72.89403595,72.89403595,72.89403595,1
TEMABounce,BULL,2,2,0,4.910228765,4.82155753,4.9989,1
TEMABounce,TRANSITION,2,1,1,-15.115549305,-54.54889561,24.317797,0.5
TRIWAVE,BEAR,36,25,11,5.619164115,-840.51525175,128.68359304,0.694444444444
TRIWAVE,BULL,36,27,9,3.24957924,-123.273111,203.15046952,0.75
TRIWAVE,SIDEWAYS,38,27,11,3.18214511,-121.75244996,241.21840657,0.710526315789
TRIWAVE,TRANSITION,73,56,17,2.73363843,-524.81201645,78.26772783,0.767123287671
TRIX_spot,BEAR,41,13,28,-4.83674902,-211.41230536,40.23559577,0.317073170732
TRIX_spot,BULL,38,9,29,-6.353457685,-127.36197501,213.60562086,0.236842105263
TRIX_spot,SIDEWAYS,41,19,22,-0.45541977,-69.58905621,350.89922776,0.463414634146
TRIX_spot,TRANSITION,81,24,57,-4.7307198,-292.4189541,110.49875014,0.296296296296
TWAPStrategy,BEAR,7,3,4,-2.61032354,-166.54531674,3.84559401,0.428571428571
TWAPStrategy,BULL,6,1,5,-33.98539515,-135.74568786,20.63156446,0.166666666667
TWAPStrategy,SIDEWAYS,5,0,5,-6.61525044,-26.92358676,-0.09059767,0
TWAPStrategy,TRANSITION,13,4,9,-4.74643387,-49.82599654,8.17426174,0.307692307692
TechnicalExampleStrategy,BEAR,2,0,2,-37.72635173,-72.84706993,-2.60563353,0
TechnicalExampleStrategy,BULL,3,0,3,-30.73033854,-247.36517205,-24.08012914,0
TechnicalExampleStrategy,SIDEWAYS,3,0,3,-46.4281803,-273.5694053,-27.38447358,0
TechnicalExampleStrategy,TRANSITION,6,0,6,-30.374284295,-110.68146432,-1.34276799,0
TemaMaster,BEAR,42,22,20,1.110951855,-2224.46036522,800.96355371,0.52380952381
TemaMaster,BULL,37,8,29,-19.38230443,-145.49765523,543.95177533,0.216216216216
TemaMaster,SIDEWAYS,40,27,13,6.068953995,-545.554147,1037.3150601,0.675
TemaMaster,TRANSITION,84,45,39,1.06686749,-268.87751342,479.11564196,0.535714285714
TemaPure,BEAR,44,22,22,0.045884435,-935.14513639,252.95107105,0.5
TemaPure,BULL,38,9,29,-7.157190495,-271.16374541,258.94144173,0.236842105263
TemaPure,SIDEWAYS,40,22,18,1.285724845,-67.49030785,379.57044221,0.55
TemaPure,TRANSITION,84,37,47,-2.33534411,-152.03245204,213.78640441,0.440476190476
TemaPureNeat,BEAR,45,24,21,0.58904174,-887.40890483,225.94092207,0.533333333333
TemaPureNeat,BULL,39,9,30,-5.26321916,-108.27731187,170.11872043,0.230769230769
TemaPureNeat,SIDEWAYS,41,24,17,1.50511613,-143.72500897,450.62302833,0.585365853659
TemaPureNeat,TRANSITION,85,25,60,-3.01447792,-241.73042604,126.76454567,0.294117647059
TemaPureTwo,BEAR,45,25,20,1.84500616,-1513.35756249,248.72293752,0.555555555556
TemaPureTwo,BULL,38,8,30,-11.93397697,-262.66229637,627.52973827,0.210526315789
TemaPureTwo,SIDEWAYS,41,22,19,2.44083799,-121.34015115,1149.79105385,0.536585365854
TemaPureTwo,TRANSITION,85,30,55,-5.09571299,-396.52390119,441.198955,0.352941176471
TemaStrategy,BEAR,34,2,32,-1.38377407,-93.89671286,0.97006732,0.0588235294118
TemaStrategy,BULL,28,3,25,-3.94065681,-76.32026201,18.27978984,0.107142857143
TemaStrategy,SIDEWAYS,30,2,28,-1.74602379,-35.4383502,6.05637458,0.0666666666667
TemaStrategy,TRANSITION,63,10,53,-0.92816717,-31.2904635,18.04464636,0.15873015873
TenderEnter,BEAR,36,26,10,2.578191265,-836.48542491,159.68142628,0.722222222222
TenderEnter,BULL,33,25,8,7.14270605,-103.81894935,335.43574255,0.757575757576
TenderEnter,SIDEWAYS,35,24,11,2.98187041,-148.3844845,167.36280846,0.685714285714
TenderEnter,TRANSITION,64,47,17,2.387753535,-196.82934382,249.28039805,0.734375
Test_MAMA4,BEAR,45,26,19,10.61618569,-2929.38065624,1363.91796959,0.577777777778
Test_MAMA4,BULL,38,12,26,-9.13004561,-411.41022476,1117.10614019,0.315789473684
Test_MAMA4,SIDEWAYS,41,21,20,6.95080312,-1001.86542372,2106.7795429,0.512195121951
Test_MAMA4,TRANSITION,85,38,47,-7.97776073,-1406.06289099,1133.09243871,0.447058823529
TheForce,BEAR,4,0,4,-8.265250055,-94.25964623,-3.5003201,0
TheForce,BULL,3,0,3,-48.11969946,-231.09020801,-38.40274167,0
TheForce,SIDEWAYS,4,0,4,-55.625944465,-174.30044488,-11.8917181,0
TheForce,TRANSITION,8,0,8,-21.12272751,-68.81583773,-4.08214881,0
TheRealPullbackV2,BEAR,23,13,10,1.36044,-38.34987981,65.55483475,0.565217391304
TheRealPullbackV2,BULL,22,16,6,7.700713175,-37.41766747,124.85235794,0.727272727273
TheRealPullbackV2,SIDEWAYS,21,14,7,3.14776429,-24.21291878,91.34349446,0.666666666667
TheRealPullbackV2,TRANSITION,39,19,20,-0.10692858,-43.67414729,67.93160395,0.487179487179
ToTheMoon,BEAR,21,8,13,-20.55682496,-275.14762686,313.49067996,0.380952380952
ToTheMoon,BULL,26,13,13,0.045586985,-192.32707282,292.16056266,0.5
ToTheMoon,SIDEWAYS,31,13,18,-10.76036913,-213.36208159,199.25559701,0.41935483871
ToTheMoon,TRANSITION,31,15,16,-0.23397352,-299.00117299,199.94013645,0.483870967742
TouchEmaDelayStrategy,BEAR,32,20,12,0.14980119,-144.12189158,15.25402925,0.625
TouchEmaDelayStrategy,BULL,35,22,13,0.18762372,-39.76140627,21.52722285,0.628571428571
TouchEmaDelayStrategy,SIDEWAYS,36,21,15,0.35744602,-17.34628839,6.43555914,0.583333333333
TouchEmaDelayStrategy,TRANSITION,76,41,35,0.009200845,-42.57779468,4.24898028,0.539473684211
TouchEmaStrategy,BEAR,32,23,9,0.508895765,-37.47699439,48.88651812,0.71875
TouchEmaStrategy,BULL,33,27,6,1.7600593,-35.6791827,28.4952448,0.818181818182
TouchEmaStrategy,SIDEWAYS,33,29,4,0.54363975,-31.40788804,9.90366685,0.878787878788
TouchEmaStrategy,TRANSITION,61,45,16,0.09864331,-89.68009788,13.95338235,0.737704918033
TrendAtrStrategy,BEAR,32,14,18,-1.835460745,-120.91493926,80.6983726,0.4375
TrendAtrStrategy,BULL,35,9,26,-4.55487853,-106.35634988,167.72494146,0.257142857143
TrendAtrStrategy,SIDEWAYS,36,16,20,-0.992803635,-74.55627675,124.84655432,0.444444444444
TrendAtrStrategy,TRANSITION,69,23,46,-4.25463467,-59.84184044,77.8720198,0.333333333333
TrendBreakout,BEAR,8,1,7,-15.249365955,-50.10397121,43.55644424,0.125
TrendBreakout,BULL,24,7,17,-15.223183805,-141.92401417,166.01363664,0.291666666667
TrendBreakout,SIDEWAYS,23,7,16,-7.14788364,-34.65041549,115.97449225,0.304347826087
TrendBreakout,TRANSITION,28,10,18,-9.227703575,-130.06569656,39.81217358,0.357142857143
TrendFutures,BEAR,22,5,17,-5.37977823,-225.44380918,30.82200011,0.227272727273
TrendFutures,BULL,23,4,19,-4.09725676,-69.31287784,52.18949423,0.173913043478
TrendFutures,SIDEWAYS,23,7,16,-3.25837144,-28.59862428,60.20301402,0.304347826087
TrendFutures,TRANSITION,45,10,35,-3.97132996,-108.69284796,31.20802802,0.222222222222
Trend_Strength_Directional,BEAR,32,20,12,3.482987965,-3685.37840743,1058.38579092,0.625
Trend_Strength_Directional,BULL,31,13,18,-0.00443006,-758.92937226,1044.8756579,0.41935483871
Trend_Strength_Directional,SIDEWAYS,32,26,6,41.93474091,-465.4634432,1904.77879715,0.8125
Trend_Strength_Directional,TRANSITION,66,46,20,12.356413765,-1261.55261891,522.10135211,0.69696969697
TripleEmaStrategy,BEAR,28,4,24,-1.515630045,-94.96482012,2.04540914,0.142857142857
TripleEmaStrategy,BULL,24,1,23,-3.84168187,-89.98512726,0.2063157,0.0416666666667
TripleEmaStrategy,SIDEWAYS,21,4,17,-2.50434087,-45.24903073,2.33585047,0.190476190476
TripleEmaStrategy,TRANSITION,48,8,40,-2.195112055,-33.94145409,23.04004478,0.166666666667
TrixSignalStrategy,BEAR,28,4,24,-2.63825081,-71.59796186,19.08386185,0.142857142857
TrixSignalStrategy,BULL,24,3,21,-4.49733851,-105.51140004,22.55231757,0.125
TrixSignalStrategy,SIDEWAYS,21,4,17,-3.39526401,-36.90361599,11.51054243,0.190476190476
TrixSignalStrategy,TRANSITION,48,8,40,-1.606045625,-39.12678569,17.12131427,0.166666666667
TrixStrategy,BEAR,45,26,19,9.7288748,-3509.06036259,470.33976903,0.577777777778
TrixStrategy,BULL,39,16,23,-6.45274272,-387.95516786,1776.82978594,0.410256410256
TrixStrategy,SIDEWAYS,41,22,19,20.37461744,-335.94134771,2309.64610972,0.536585365854
TrixStrategy,TRANSITION,85,32,53,-14.87958109,-1221.93598047,940.25815717,0.376470588235
TrixV15Strategy,BEAR,36,29,7,2.944626135,-95.64233113,55.78089806,0.805555555556
TrixV15Strategy,BULL,30,16,14,1.4985e-05,-60.28151636,64.59680914,0.533333333333
TrixV15Strategy,SIDEWAYS,37,28,9,3.48238053,-133.09603072,67.2295354,0.756756756757
TrixV15Strategy,TRANSITION,72,51,21,0.619359195,-139.81481817,46.40825988,0.708333333333
TrixV21Strategy,BEAR,34,17,17,-1.63652635,-41.5966648,21.76314798,0.5
TrixV21Strategy,BULL,28,14,14,-0.18981229,-35.2974545,58.93663242,0.5
TrixV21Strategy,SIDEWAYS,37,20,17,1.30172825,-31.77150024,52.06017948,0.540540540541
TrixV21Strategy,TRANSITION,61,28,33,-1.93589781,-24.1859681,38.15428505,0.459016393443
TrixV23Strategy,BEAR,33,17,16,0.02775769,-43.19557663,15.49167816,0.515151515152
TrixV23Strategy,BULL,30,14,16,-0.01682384,-61.11406084,52.14768572,0.466666666667
TrixV23Strategy,SIDEWAYS,35,22,13,3.11574309,-23.8370306,68.56264782,0.628571428571
TrixV23Strategy,TRANSITION,59,25,34,-2.20453808,-24.98358238,30.35735419,0.423728813559
TwoCandle,BEAR,13,5,8,-3.79795524,-68.78646148,16.36646762,0.384615384615
TwoCandle,BULL,10,0,10,-30.443846295,-163.51267027,-2.50131305,0
TwoCandle,SIDEWAYS,8,3,5,-10.209842085,-94.53799664,6.97617386,0.375
TwoCandle,TRANSITION,20,5,15,-5.55070549,-65.11693286,20.71508572,0.25
UltimateMomentumIndicator,BEAR,45,25,20,2.39071192,-4997.35473131,1125.59641467,0.555555555556
UltimateMomentumIndicator,BULL,38,15,23,-12.748950345,-363.90712515,1236.18049051,0.394736842105
UltimateMomentumIndicator,SIDEWAYS,41,25,16,19.80548997,-283.58201972,2969.53453775,0.609756097561
UltimateMomentumIndicator,TRANSITION,85,34,51,-10.62871636,-1437.16637337,1063.81471305,0.4
UniversalMACD,BEAR,22,17,5,20.70673829,-452.34305038,237.5898932,0.772727272727
UniversalMACD,BULL,26,21,5,15.369668655,-222.49237508,366.48813816,0.807692307692
UniversalMACD,SIDEWAYS,25,22,3,6.4338498,-174.81429861,149.50155439,0.88
UniversalMACD,TRANSITION,50,40,10,6.87888279,-91.7006585,144.74968751,0.8
Uptrend,BEAR,12,3,9,-5.34770038,-24.51952907,12.87573511,0.25
Uptrend,BULL,14,3,11,-8.619758915,-72.2391939,1.84823509,0.214285714286
Uptrend,SIDEWAYS,8,1,7,-3.66451942,-7.1494851,2.32145355,0.125
Uptrend,TRANSITION,7,2,5,-4.05781038,-6.58000698,15.67332431,0.285714285714
VWAP,BEAR,19,17,2,5.3898709,-48.43196007,42.59760512,0.894736842105
VWAP,BULL,18,14,4,6.627967105,-97.83769883,214.02750378,0.777777777778
VWAP,SIDEWAYS,11,8,3,3.45545638,-130.73771059,49.38796378,0.727272727273
VWAP,TRANSITION,27,23,4,3.72063456,-42.70428364,19.95651351,0.851851851852
VolatilitySystem,BEAR,31,12,19,-52.32993635,-5626.57189004,2096.52475155,0.387096774194
VolatilitySystem,BULL,29,8,21,-123.54300015,-1975.64384003,5833.56327118,0.275862068966
VolatilitySystem,SIDEWAYS,32,18,14,36.684922445,-2440.09718642,5546.32223994,0.5625
VolatilitySystem,TRANSITION,43,18,25,-34.44702108,-1300.8218072,6528.92726476,0.418604651163
VolatilitySystemV2,BEAR,31,11,20,-18.95633129,-2815.30894972,967.45739956,0.354838709677
VolatilitySystemV2,BULL,33,11,22,-32.38976459,-2361.10376361,2310.26857765,0.333333333333
VolatilitySystemV2,SIDEWAYS,34,19,15,9.810967375,-1338.82298248,1227.90861239,0.558823529412
VolatilitySystemV2,TRANSITION,65,30,35,-11.21398825,-755.85109389,3371.04530411,0.461538461538
VolumeBreakoutStrategy,BEAR,12,1,11,-7.40438182,-46.90211281,1.39242956,0.0833333333333
VolumeBreakoutStrategy,BULL,10,0,10,-19.458043275,-173.85078051,-0.59503616,0
VolumeBreakoutStrategy,SIDEWAYS,8,0,8,-17.04263674,-56.67969168,-2.74053788,0
VolumeBreakoutStrategy,TRANSITION,20,2,18,-4.64133866,-36.32359549,27.14804205,0.1
VortexStrategy,BEAR,9,1,8,-8.07337748,-44.47045013,1.29312738,0.111111111111
VortexStrategy,BULL,9,0,9,-15.77442946,-123.89039544,-2.69556031,0
VortexStrategy,SIDEWAYS,8,0,8,-25.836020575,-92.12361878,-1.62323168,0
VortexStrategy,TRANSITION,18,3,15,-3.265106535,-40.95297889,3.5540797,0.166666666667
VwapReversionStrategy,BEAR,22,8,14,-1.49385888,-240.25402243,58.00242899,0.363636363636
VwapReversionStrategy,BULL,16,1,15,-15.346659545,-197.51976998,10.02972027,0.0625
VwapReversionStrategy,SIDEWAYS,16,9,7,0.99067907,-39.87510541,112.81205673,0.5625
VwapReversionStrategy,TRANSITION,35,8,27,-4.14412099,-117.07455451,57.52438157,0.228571428571
WTDMIPRICEDCAStrategyFuture,BEAR,14,5,9,-32.35642198,-338.71274327,79.40508167,0.357142857143
WTDMIPRICEDCAStrategyFuture,BULL,12,7,5,3.02814492,-285.52995801,237.16303644,0.583333333333
WTDMIPRICEDCAStrategyFuture,SIDEWAYS,10,3,7,-20.82092556,-256.81113998,16.47884958,0.3
WTDMIPRICEDCAStrategyFuture,TRANSITION,18,15,3,9.830909225,-119.86781411,154.69936527,0.833333333333
WTHO,BEAR,41,17,24,-4.94155962,-478.86008232,73.43548672,0.414634146341
WTHO,BULL,29,11,18,-3.27558914,-87.58820581,140.13153419,0.379310344828
WTHO,SIDEWAYS,39,21,18,1.01075852,-53.89821686,139.41354941,0.538461538462
WTHO,TRANSITION,75,24,51,-4.94499232,-135.78978516,63.03493887,0.32
WTX3,BEAR,3,0,3,-61.73811161,-422.19338446,-0.32319097,0
WTX3,BULL,1,0,1,-2.56231051,-2.56231051,-2.56231051,0
WTX3,SIDEWAYS,1,0,1,-33.68862575,-33.68862575,-33.68862575,0
WTX3,TRANSITION,4,1,3,-26.493410565,-424.02589086,0.64754733,0.25
WaveTrendStra,BEAR,44,18,26,-6.746300545,-1514.61886585,237.2849908,0.409090909091
WaveTrendStra,BULL,37,13,24,-8.10455317,-100.24400682,742.82456996,0.351351351351
WaveTrendStra,SIDEWAYS,41,22,19,4.5953914,-193.49071608,1144.4334878,0.536585365854
WaveTrendStra,TRANSITION,85,30,55,-10.1640653,-534.34527733,304.45146535,0.352941176471
WilliamsRStrategy,BEAR,9,0,9,-7.13842922,-35.33682851,-0.4332369,0
WilliamsRStrategy,BULL,8,0,8,-32.65652933,-117.60723607,-1.88604215,0
WilliamsRStrategy,SIDEWAYS,8,1,7,-27.29476849,-138.43769894,3.55934881,0.125
WilliamsRStrategy,TRANSITION,17,1,16,-7.31605177,-66.60307018,0.110821,0.0588235294118
XtraThicc,BEAR,45,27,18,2.520565,-495.86422247,139.50207401,0.6
XtraThicc,BULL,39,13,26,-10.78070999,-188.61689093,155.14774585,0.333333333333
XtraThicc,SIDEWAYS,41,27,14,2.49077921,-146.00506882,224.51676991,0.658536585366
XtraThicc,TRANSITION,84,44,40,0.639500645,-130.8160239,108.86400673,0.52380952381
ZScoreMeanReversionStrategy,BEAR,2,1,1,1.885457635,-6.61187373,10.382789,0.5
ZScoreMeanReversionStrategy,BULL,8,6,2,4.25904135,-3.9046976,29.57777896,0.75
ZScoreMeanReversionStrategy,SIDEWAYS,7,3,4,-4.22500596,-6.6057,10.1515514,0.428571428571
ZScoreMeanReversionStrategy,TRANSITION,8,4,4,-0.332882495,-6.6192035,6.69252897,0.5
ZaratustraDCA2_06,BEAR,46,23,23,-0.0096116,-57.81584254,65.06653748,0.5
ZaratustraDCA2_06,BULL,38,15,23,-1.22465008,-126.33791654,86.84343129,0.394736842105
ZaratustraDCA2_06,SIDEWAYS,40,16,24,-0.63637267,-165.22458905,18.83573777,0.4
ZaratustraDCA2_06,TRANSITION,81,41,40,0.00477335,-113.52581706,81.74956799,0.506172839506
ZaratustraDCA2_07,BEAR,46,20,26,-0.5454413,-77.00022762,26.65661346,0.434782608696
ZaratustraDCA2_07,BULL,38,13,25,-0.73516967,-139.84025673,130.50380744,0.342105263158
ZaratustraDCA2_07,SIDEWAYS,41,16,25,-1.80515931,-95.02729188,30.30327301,0.390243902439
ZaratustraDCA2_07,TRANSITION,86,39,47,-0.450361955,-141.65084365,203.7538912,0.453488372093
ZaratustraDCA5,BEAR,43,22,21,0.01584439,-104.37797673,21.398617,0.511627906977
ZaratustraDCA5,BULL,35,16,19,-0.2931401,-99.39582651,15.12570245,0.457142857143
ZaratustraDCA5,SIDEWAYS,38,19,19,-0.007250575,-53.53137605,16.2360413,0.5
ZaratustraDCA5,TRANSITION,80,40,40,0.02321516,-79.14725856,7.84552941,0.5
adaptive,BEAR,13,7,6,5.26973768,-231.84606052,35.9780844,0.538461538462
adaptive,BULL,12,12,0,12.85195487,2.43978939,67.68111598,1
adaptive,SIDEWAYS,9,6,3,2.44791712,-35.92797549,55.55166142,0.666666666667
adaptive,TRANSITION,18,14,4,2.743981585,-41.00130588,33.56151364,0.777777777778
adaptive_trend,BEAR,11,8,3,89.90297184,-130.77645549,198.66977512,0.727272727273
adaptive_trend,BULL,11,8,3,15.98443219,-51.20288243,375.92755224,0.727272727273
adaptive_trend,SIDEWAYS,13,8,5,55.96919558,-102.95032848,293.61093229,0.615384615385
adaptive_trend,TRANSITION,13,8,5,3.2578995,-208.01729767,239.76022257,0.615384615385
adxbbrsi2,BEAR,21,16,5,2.37615971,-165.19115996,82.87917415,0.761904761905
adxbbrsi2,BULL,22,19,3,2.438367085,-57.04969255,26.33578485,0.863636363636
adxbbrsi2,SIDEWAYS,23,19,4,2.19592757,-13.53339257,22.75200254,0.826086956522
adxbbrsi2,TRANSITION,41,33,8,1.85688,-40.94833901,23.62284139,0.80487804878
bb_rsi_opt_new,BEAR,19,15,4,0.02295233,-96.50683972,3.53803467,0.789473684211
bb_rsi_opt_new,BULL,29,17,12,0.01655152,-153.21822005,14.01330016,0.586206896552
bb_rsi_opt_new,SIDEWAYS,25,16,9,0.01410672,-0.0333408,2.49303598,0.64
bb_rsi_opt_new,TRANSITION,41,27,14,0.00394338,-36.60398148,4.33625341,0.658536585366
bbandrsi,BEAR,40,24,16,5.10445351,-1624.88417399,409.1735008,0.6
bbandrsi,BULL,39,24,15,4.58483867,-79.06613173,293.0037949,0.615384615385
bbandrsi,SIDEWAYS,41,23,18,5.86318525,-161.09986016,269.48534012,0.560975609756
bbandrsi,TRANSITION,85,44,41,0.48561819,-258.98878371,314.08160909,0.517647058824
bbrsi,BEAR,38,27,11,0.13318242,-396.68382073,11.5762285,0.710526315789
bbrsi,BULL,34,15,19,-0.001454615,-54.04069858,48.32006509,0.441176470588
bbrsi,SIDEWAYS,36,31,5,0.317221525,-20.89213178,19.88492808,0.861111111111
bbrsi,TRANSITION,75,56,19,0.07866642,-142.10179455,12.9617499,0.746666666667
bbrsi1_strategy,BEAR,42,26,16,0.733805225,-1041.63177339,84.89793548,0.619047619048
bbrsi1_strategy,BULL,35,21,14,0.73583378,-90.88229165,330.0639079,0.6
bbrsi1_strategy,SIDEWAYS,38,19,19,-0.03933292,-51.86658003,345.27059003,0.5
bbrsi1_strategy,TRANSITION,79,32,47,-0.79237721,-282.28381007,105.01081166,0.405063291139
bbrsi4Freq,BEAR,39,24,15,0.65679205,-202.42769726,35.63659469,0.615384615385
bbrsi4Freq,BULL,39,21,18,0.06097829,-72.65359082,84.14117709,0.538461538462
bbrsi4Freq,SIDEWAYS,39,20,19,0.0029469,-75.73009318,50.53702756,0.512820512821
bbrsi4Freq,TRANSITION,79,33,46,-1.01778906,-83.55325591,10.26586751,0.417721518987
bestV2,BEAR,11,8,3,6.45666749,-27.76246348,194.48997403,0.727272727273
bestV2,BULL,13,12,1,10.73672572,-9.5449764,69.58341143,0.923076923077
bestV2,SIDEWAYS,8,7,1,7.84432085,-0.7688016,25.19816531,0.875
bestV2,TRANSITION,10,5,5,0.91670475,-13.8536845,30.69284742,0.5
botbaby,BEAR,45,7,38,-2.35559649,-48.13030871,2.65289099,0.155555555556
botbaby,BULL,37,3,34,-2.24185107,-58.00391164,0.88799529,0.0810810810811
botbaby,SIDEWAYS,41,8,33,-1.56990133,-35.53504948,6.79443958,0.19512195122
botbaby,TRANSITION,85,15,70,-1.09246856,-13.75485552,1.28865033,0.176470588235
chatgpt,BEAR,41,13,28,-14.60910532,-989.106686,229.52914889,0.317073170732
chatgpt,BULL,37,14,23,-18.13195759,-329.79505857,750.70704361,0.378378378378
chatgpt,SIDEWAYS,40,23,17,11.3148913,-165.66861757,960.8422797,0.575
chatgpt,TRANSITION,83,33,50,-8.38043321,-488.03736326,341.93609729,0.397590361446
chispei,BEAR,39,20,19,0.00459314,-660.49161938,277.44899811,0.512820512821
chispei,BULL,36,13,23,-3.84053025,-299.8592215,653.69258851,0.361111111111
chispei,SIDEWAYS,41,20,21,-4.38560995,-225.59207093,708.37232546,0.487804878049
chispei,TRANSITION,81,24,57,-13.19967736,-278.76037775,228.51754516,0.296296296296
conny,BEAR,37,20,17,0.41909131,-86.24935497,37.77125374,0.540540540541
conny,BULL,37,20,17,0.01326,-49.47842193,53.37731665,0.540540540541
conny,SIDEWAYS,39,18,21,-0.44083941,-49.66603662,26.85833024,0.461538461538
conny,TRANSITION,81,40,41,-1.37e-06,-34.02680377,16.24488337,0.493827160494
cryptohassle,BEAR,44,15,29,-2.5514195,-215.91716311,136.32047239,0.340909090909
cryptohassle,BULL,39,15,24,-2.16651571,-331.09350774,134.50237123,0.384615384615
cryptohassle,SIDEWAYS,41,22,19,1.3667361,-50.68860714,213.8769991,0.536585365854
cryptohassle,TRANSITION,84,28,56,-5.07710386,-115.82416562,113.55408131,0.333333333333
cryptotank,BEAR,26,14,12,0.85332904,-329.08194428,37.66955508,0.538461538462
cryptotank,BULL,24,16,8,1.76259533,-202.21261472,82.63065937,0.666666666667
cryptotank,SIDEWAYS,24,19,5,3.264080705,-77.09443795,74.11954312,0.791666666667
cryptotank,TRANSITION,42,28,14,1.19822853,-166.86122362,38.94187507,0.666666666667
cryptotankV2,BEAR,37,26,11,3.44975283,-975.23482605,212.94635485,0.702702702703
cryptotankV2,BULL,34,15,19,-7.38559812,-162.46852049,107.9910793,0.441176470588
cryptotankV2,SIDEWAYS,39,27,12,1.98632516,-83.17257711,336.55340901,0.692307692308
cryptotankV2,TRANSITION,76,49,27,0.738658345,-353.74482873,113.56133259,0.644736842105
cryptotankV5,BEAR,36,25,11,4.268483655,-1134.26581373,187.80907319,0.694444444444
cryptotankV5,BULL,35,20,15,1.21515646,-101.79010205,223.0523988,0.571428571429
cryptotankV5,SIDEWAYS,37,26,11,4.93195388,-63.90895184,253.04094277,0.702702702703
cryptotankV5,TRANSITION,79,59,20,1.4409446,-490.30913696,70.00339398,0.746835443038
custom_sell,BEAR,1,0,1,-779.5014011,-779.5014011,-779.5014011,0
custom_sell,SIDEWAYS,1,0,1,-14.6586534,-14.6586534,-14.6586534,0
custom_sell,TRANSITION,1,0,1,-171.4954706,-171.4954706,-171.4954706,0
dualwave,BEAR,33,25,8,6.32433382,-639.04701734,76.57640039,0.757575757576
dualwave,BULL,35,22,13,1.26709012,-91.57291651,136.80224024,0.628571428571
dualwave,SIDEWAYS,36,28,8,4.14868103,-94.59501589,150.43182836,0.777777777778
dualwave,TRANSITION,74,58,16,2.371762085,-235.34756571,46.10877956,0.783783783784
e6v34,BEAR,22,4,18,-5.23446886,-48.89024307,5.45965667,0.181818181818
e6v34,BULL,16,2,14,-11.316886315,-97.36460908,1.54634134,0.125
e6v34,SIDEWAYS,16,1,15,-4.708762345,-58.77682762,0.82923036,0.0625
e6v34,TRANSITION,35,7,28,-5.01010046,-15.9385971,23.18819256,0.2
eltoro,BEAR,37,30,7,5.26347089,-891.50685423,128.3409267,0.810810810811
eltoro,BULL,38,26,12,1.12457756,-138.58144838,151.04348886,0.684210526316
eltoro,SIDEWAYS,38,29,9,3.13893148,-105.40750118,208.62375057,0.763157894737
eltoro,TRANSITION,79,61,18,1.71635596,-324.70399861,72.40575199,0.772151898734
eltoro1_4,BEAR,35,27,8,5.0107168,-670.18344267,102.95009647,0.771428571429
eltoro1_4,BULL,25,16,9,4.78657608,-77.4320048,112.79739971,0.64
eltoro1_4,SIDEWAYS,30,24,6,4.58236619,-98.88044574,45.09712699,0.8
eltoro1_4,TRANSITION,53,40,13,2.98654079,-107.37565863,32.21390673,0.754716981132
eltoro1_4_simple,BEAR,29,22,7,16.29518145,-773.1656301,259.40110679,0.758620689655
eltoro1_4_simple,BULL,34,22,12,18.300469565,-165.3498617,165.08236092,0.647058823529
eltoro1_4_simple,SIDEWAYS,32,26,6,17.021484775,-129.77005793,179.36042889,0.8125
eltoro1_4_simple,TRANSITION,61,41,20,9.10967707,-332.38333717,124.03390269,0.672131147541
ema,BEAR,4,0,4,-18.27986259,-39.3832707,-10.78352998,0
ema,BULL,4,0,4,-78.208888245,-250.14417572,-37.12471622,0
ema,SIDEWAYS,4,0,4,-49.44145941,-101.70231652,-25.22733058,0
ema,TRANSITION,9,0,9,-25.79419252,-61.02095565,-0.55750227,0
fahmibah,BEAR,35,19,16,0.62797435,-1416.16636307,233.75877599,0.542857142857
fahmibah,BULL,29,14,15,-0.89969333,-174.24300082,178.23502043,0.48275862069
fahmibah,SIDEWAYS,32,17,15,0.70684138,-186.59935783,603.8567499,0.53125
fahmibah,TRANSITION,67,30,37,-1.39122745,-384.57295548,156.45174309,0.44776119403
gettinMoist,BEAR,35,21,14,0.66111736,-513.70305113,61.85407489,0.6
gettinMoist,BULL,29,8,21,-1.22632958,-183.76932174,49.1239805,0.275862068966
gettinMoist,SIDEWAYS,32,17,15,0.083707,-34.43481543,190.40763559,0.53125
gettinMoist,TRANSITION,66,23,43,-1.185818035,-235.33400003,72.71588815,0.348484848485
hansencandlepatternV1,BEAR,42,12,30,-1.286731165,-215.82760722,32.77277283,0.285714285714
hansencandlepatternV1,BULL,35,12,23,-0.56494186,-133.26248412,52.11223451,0.342857142857
hansencandlepatternV1,SIDEWAYS,38,12,26,-1.156607485,-27.91331465,85.75833852,0.315789473684
hansencandlepatternV1,TRANSITION,79,20,59,-1.39264774,-48.70561871,22.93914942,0.253164556962
heikin,BEAR,23,8,15,-2.60899354,-308.80010512,35.52983681,0.347826086957
heikin,BULL,17,4,13,-6.84583035,-181.58871956,42.19595278,0.235294117647
heikin,SIDEWAYS,16,6,10,-4.359577945,-52.22652752,160.03770988,0.375
heikin,TRANSITION,36,12,24,-5.13745812,-69.07820895,44.73873937,0.333333333333
hlhb,BEAR,30,20,10,4.008296655,-115.7436503,40.51904747,0.666666666667
hlhb,BULL,24,18,6,5.01986198,-30.98273638,31.82910346,0.75
hlhb,SIDEWAYS,36,25,11,1.37503807,-33.53353929,21.19645807,0.694444444444
hlhb,TRANSITION,47,27,20,0.67897724,-118.77423271,21.57269366,0.574468085106
ichi,BEAR,38,14,24,-1.891842885,-39.77681017,11.70665615,0.368421052632
ichi,BULL,37,7,30,-3.13014177,-45.44106705,12.3082066,0.189189189189
ichi,SIDEWAYS,40,11,29,-2.32956389,-26.29426693,15.95013242,0.275
ichi,TRANSITION,83,19,64,-2.63819923,-17.93615745,9.73818537,0.228915662651
keltnerchannel,BEAR,37,13,24,-29.15365882,-1220.13222634,674.90965757,0.351351351351
keltnerchannel,BULL,31,8,23,-24.93593541,-576.32409454,929.98063103,0.258064516129
keltnerchannel,SIDEWAYS,40,18,22,-8.05668383,-413.87495305,1167.68453755,0.45
keltnerchannel,TRANSITION,68,18,50,-23.91972035,-436.73750227,2497.62698462,0.264705882353
mabStra,BEAR,38,21,17,1.1669301,-2864.58421201,879.53229494,0.552631578947
mabStra,BULL,36,13,23,-2.571917355,-219.19682461,498.88129775,0.361111111111
mabStra,SIDEWAYS,40,28,12,10.118160825,-572.99281315,1458.20319762,0.7
mabStra,TRANSITION,82,41,41,0.000319835,-1034.58352309,711.0656319,0.5
macd_recovery,BEAR,44,20,24,-1.4938678,-362.15611431,91.40734447,0.454545454545
macd_recovery,BULL,37,6,31,-4.51004279,-94.96219317,19.3131219,0.162162162162
macd_recovery,SIDEWAYS,40,21,19,0.76772774,-40.06461287,245.52826459,0.525
macd_recovery,TRANSITION,83,27,56,-1.82889882,-102.13471753,82.382831,0.325301204819
momentum,BEAR,7,0,7,-11.55365606,-414.71056877,-0.02307062,0
momentum,BULL,8,2,6,-8.428040665,-131.57219333,30.52225,0.25
momentum,SIDEWAYS,7,1,6,-33.01338986,-218.88528352,0.19609229,0.142857142857
momentum,TRANSITION,16,8,8,-0.11446249,-43.10831368,156.55992163,0.5
momentum_long,BEAR,35,18,17,0.41686824,-790.12212655,152.85964763,0.514285714286
momentum_long,BULL,28,8,20,-1.6320028,-365.15678231,124.28814949,0.285714285714
momentum_long,SIDEWAYS,32,16,16,-0.07379611,-144.14306747,383.36503592,0.5
momentum_long,TRANSITION,65,25,40,-1.14431679,-379.85889396,178.20835233,0.384615384615
momentum_rsi,BEAR,11,1,10,-2.42052548,-358.57629802,7.48377474,0.0909090909091
momentum_rsi,BULL,10,2,8,-8.457832515,-131.30996018,35.92700596,0.2
momentum_rsi,SIDEWAYS,8,0,8,-29.78291305,-196.11429642,-0.43615365,0
momentum_rsi,TRANSITION,21,10,11,-1.12592969,-43.44725993,145.27539603,0.47619047619
momentum_wick,BEAR,46,16,30,-0.818714825,-119.07408308,35.35654915,0.347826086957
momentum_wick,BULL,37,16,21,-0.5880105,-184.2755954,59.73991457,0.432432432432
momentum_wick,SIDEWAYS,41,15,26,-1.14044145,-55.69231472,16.17220482,0.365853658537
momentum_wick,TRANSITION,82,32,50,-0.515433655,-61.02609024,30.78593176,0.390243902439
moonhouse,BEAR,4,2,2,-31.44855986,-68.13310675,100.82411655,0.5
moonhouse,BULL,6,2,4,-12.410349665,-74.04097539,245.17745115,0.333333333333
moonhouse,SIDEWAYS,3,0,3,-187.84527425,-393.51899256,-4.874274,0
moonhouse,TRANSITION,3,0,3,-42.4944262,-51.60705484,-10.37509002,0
multi_tf,BEAR,31,26,5,8.46560825,-92.49330045,119.04855981,0.838709677419
multi_tf,BULL,32,19,13,3.76729406,-80.95197129,115.21063838,0.59375
multi_tf,SIDEWAYS,32,15,17,-2.313580785,-135.86285336,91.66739468,0.46875
multi_tf,TRANSITION,58,28,30,-1.66937893,-146.81949453,53.69467807,0.48275862069
quantumfirst,BEAR,44,31,13,2.127667675,-846.23004082,104.63031734,0.704545454545
quantumfirst,BULL,38,20,18,0.55275947,-62.47386115,120.37486232,0.526315789474
quantumfirst,SIDEWAYS,41,22,19,0.80390658,-44.41849617,155.99738054,0.536585365854
quantumfirst,TRANSITION,84,40,44,-0.48211165,-231.97129434,62.28506209,0.47619047619
redditMA,BEAR,26,20,6,19.77941308,-1150.01606788,246.04689503,0.769230769231
redditMA,BULL,28,17,11,12.08665235,-277.62098013,1090.58170432,0.607142857143
redditMA,SIDEWAYS,26,22,4,26.45460106,-555.27469055,380.60485671,0.846153846154
redditMA,TRANSITION,58,51,7,8.00902841,-762.49773819,456.71899549,0.879310344828
simple_vwap_v1,BEAR,25,9,16,-6.15729978,-675.82127508,78.17254579,0.36
simple_vwap_v1,BULL,30,10,20,-9.459041265,-377.91056593,1345.86825757,0.333333333333
simple_vwap_v1,SIDEWAYS,38,18,20,-4.829015145,-334.34899251,875.68251619,0.473684210526
simple_vwap_v1,TRANSITION,63,26,37,-5.47179262,-287.73089795,1456.42081754,0.412698412698
slope_is_dopeCT,BEAR,38,25,13,0.77141945,-1117.70891991,286.45789561,0.657894736842
slope_is_dopeCT,BULL,32,10,22,-4.09459421,-275.07310529,326.86032722,0.3125
slope_is_dopeCT,SIDEWAYS,36,24,12,0.60458004,-204.95609886,593.53648356,0.666666666667
slope_is_dopeCT,TRANSITION,73,53,20,1.09522107,-786.20189931,198.08914968,0.72602739726
stoploss,BEAR,42,22,20,0.529413445,-525.44056151,38.53672023,0.52380952381
stoploss,BULL,38,15,23,-1.916639095,-251.01630423,90.13126774,0.394736842105
stoploss,SIDEWAYS,40,25,15,0.3365517,-85.03836862,150.81113881,0.625
stoploss,TRANSITION,85,35,50,-0.55244652,-164.22823962,53.59691331,0.411764705882
tbtest,BEAR,32,23,9,17.810243475,-1280.29785574,314.6237483,0.71875
tbtest,BULL,31,23,8,30.05228656,-327.0476537,580.12322483,0.741935483871
tbtest,SIDEWAYS,32,24,8,7.9299359,-161.70216809,353.86932513,0.75
tbtest,TRANSITION,58,29,29,-0.95537385,-333.67801777,292.57417162,0.5
thetank3,BEAR,21,10,11,-0.70841321,-254.82047724,77.46742743,0.47619047619
thetank3,BULL,15,2,13,-7.24936463,-179.37824089,8.82556457,0.133333333333
thetank3,SIDEWAYS,15,9,6,1.94432905,-64.69633849,160.91384896,0.6
thetank3,TRANSITION,33,12,21,-1.5918055,-230.37673434,46.90881266,0.363636363636
thetank4TV,BEAR,37,20,17,0.73141185,-91.91473204,43.16033455,0.540540540541
thetank4TV,BULL,37,13,24,-6.2095668,-108.85992701,52.11629637,0.351351351351
thetank4TV,SIDEWAYS,39,25,14,5.03914153,-64.42493135,49.53809742,0.641025641026
thetank4TV,TRANSITION,79,34,45,-2.4113292,-32.61021305,21.74201084,0.430379746835
true_lambo,BEAR,18,11,7,2.717961075,-56.3568193,73.6436169,0.611111111111
true_lambo,BULL,23,20,3,8.34543162,-48.87624579,143.34506921,0.869565217391
true_lambo,SIDEWAYS,17,14,3,5.59564881,-46.30974579,56.60499691,0.823529411765
true_lambo,TRANSITION,35,28,7,7.33650259,-29.8825482,43.60818079,0.8
twinturboV8,BEAR,5,4,1,4.0454937,-11.28987338,9.28819237,0.8
twinturboV8,BULL,10,7,3,4.676109745,-34.273638,74.9272326,0.7
twinturboV8,SIDEWAYS,4,4,0,7.05722316,3.9287148,15.04622465,1
twinturboV8,TRANSITION,7,5,2,0.31749597,-32.84365575,7.73827572,0.714285714286
twinturboV8_2,BEAR,4,3,1,3.91386982,-20.59114693,3.96029466,0.75
twinturboV8_2,BULL,10,8,2,6.208025315,-27.70109364,61.37703688,0.8
twinturboV8_2,SIDEWAYS,3,3,0,6.50009715,3.952241,13.09183722,1
twinturboV8_2,TRANSITION,6,3,3,-10.626588875,-31.87633671,6.35914887,0.5
ultratank,BEAR,35,27,8,7.5508593,-555.76515849,114.59583698,0.771428571429
ultratank,BULL,34,19,15,2.71551696,-211.61869756,214.89674308,0.558823529412
ultratank,SIDEWAYS,34,24,10,9.412159195,-107.57734493,120.09901697,0.705882352941
ultratank,TRANSITION,72,49,23,4.489982885,-216.58755707,94.92059928,0.680555555556
wavetrend,BEAR,31,21,10,7.30078822,-709.10028831,169.29682276,0.677419354839
wavetrend,BULL,37,28,9,2.4451831,-169.3436116,465.8583591,0.756756756757
wavetrend,SIDEWAYS,34,26,8,11.769114845,-223.5830223,363.47342756,0.764705882353
wavetrend,TRANSITION,73,61,12,12.1733945,-348.10050142,161.13158025,0.835616438356
wavetrend_rsi,BEAR,28,19,9,1.15136458,-60.90119617,21.61618351,0.678571428571
wavetrend_rsi,BULL,30,21,9,1.316696725,-39.93582121,61.17008721,0.7
wavetrend_rsi,SIDEWAYS,32,24,8,1.741803585,-19.11820827,36.04085033,0.75
wavetrend_rsi,TRANSITION,58,47,11,2.050392305,-52.72137444,12.74029901,0.810344827586
