strategy_id,coin_phase,trades,long_trades,short_trades,profit_abs,mean_profit_ratio,wins,gross_profit,gross_loss,mean_duration_minutes,active_dates,profit_factor,win_rate
ADXDM,bear_trend,263,263,0,-40.91348924,-0.001172886077,184,176.05513797,216.96862721,2315.13307985,161,0.8114313126,0.699619771863
ADXDM,bull_trend,211,211,0,-60.02068745,-0.00171537510866,142,127.02944651,187.05013396,3168.88625592,137,0.679119783668,0.672985781991
ADXDM,high_vol_shock,86,86,0,29.32929869,0.00371257082704,62,169.22828424,139.89898555,1517.55813953,53,1.20964625708,0.720930232558
ADXDM,range_choppy,160,160,0,-91.42321685,-0.00431197765441,117,144.94618287,236.36939972,1661.8125,120,0.613218898223,0.73125
ADXDM,range_quiet,158,158,0,8.70906404,0.000507719117738,121,87.18852488,78.47946084,2942.94303797,122,1.1109725264,0.76582278481
ADXDM,transition,254,254,0,-60.82000139,-0.00232224547076,181,180.79091292,241.61091431,2052.85433071,191,0.748272955451,0.712598425197
ADXMomentum,bear_trend,20,20,0,-5.09049238,-0.00196660598238,15,17.88554115,22.97603353,891,12,0.77844337782,0.75
ADXMomentum,bull_trend,12,12,0,-15.10019784,-0.010160956841,8,9.6190511,24.71924894,635,12,0.389132013005,0.666666666667
ADXMomentum,high_vol_shock,5,5,0,-22.48789342,-0.0372153801642,2,2.39925566,24.88714908,768,3,0.0964054039411,0.4
ADXMomentum,range_choppy,3,3,0,3.70180835,0.00998309875491,3,3.70180835,0,280,3,inf,1
ADXMomentum,range_quiet,7,7,0,-5.23561593,-0.00621478565166,3,3.57603467,8.8116506,617.142857143,6,0.40583028451,0.428571428571
ADXMomentum,transition,15,15,0,9.54031256,0.00527299684999,13,15.6594802,6.11916764,592,13,2.55908664728,0.866666666667
ADX_15M_USDT,bear_trend,1951,1951,0,18.42640142,-0.000311517378785,1360,872.95090142,854.5245,1687.35007688,855,1.02156333893,0.697078421322
ADX_15M_USDT,bull_trend,1776,1776,0,-243.78476968,-0.00227165298122,1190,1373.63619186,1617.42096154,1591.95945946,804,0.849275621204,0.670045045045
ADX_15M_USDT,high_vol_shock,1077,1077,0,-763.84237981,-0.00710558922321,726,1708.31345529,2472.1558351,990.445682451,440,0.691021751556,0.674094707521
ADX_15M_USDT,range_choppy,1225,1225,0,-29.86731242,-0.00258016117995,823,771.18219652,801.04950894,1641.85714286,665,0.962714773448,0.671836734694
ADX_15M_USDT,range_quiet,961,961,0,1.02784905,-0.00152550373714,635,215.44218363,214.41433458,2223.63683663,550,1.00479375156,0.660770031217
ADX_15M_USDT,transition,1596,1596,0,77.52388524,-0.00142173941045,1101,944.09348208,866.56959684,1877.68796992,976,1.08946065674,0.68984962406
ADX_15M_USDT2,bear_trend,978,978,0,-194.3313722,-0.000484403793637,653,1056.43772107,1250.76909327,3807.00920245,434,0.844630497151,0.667689161554
ADX_15M_USDT2,bull_trend,1856,1856,0,-427.54429741,-0.000412503465925,1278,3243.35086821,3670.89516562,4094.36153017,677,0.883531324617,0.688577586207
ADX_15M_USDT2,high_vol_shock,902,902,0,-973.14080041,-0.00188351544536,629,4073.73304517,5046.87384558,2587.20066519,344,0.807179487702,0.69733924612
ADX_15M_USDT2,range_choppy,709,709,0,492.26146496,0.00044841978171,502,1484.10045649,991.83899153,3498.2157969,398,1.49631187034,0.708039492243
ADX_15M_USDT2,range_quiet,310,310,0,88.96694236,-0.000586278468478,210,276.99426283,188.02732047,6106.5483871,202,1.47315965647,0.677419354839
ADX_15M_USDT2,transition,911,911,0,333.47375991,0.00146094781317,619,1755.77573367,1422.30197376,4754.06147091,520,1.23446058999,0.679473106476
ASDTSRockwellTrading,bear_trend,1951,1951,0,-80.25200415,-0.00223561377269,437,58.08806859,138.34007274,45.9712967709,72,0.419893292229,0.223987698616
ASDTSRockwellTrading,bull_trend,3815,3815,0,-217.45513166,-0.00197596508641,887,263.3828955,480.83802716,44.9934469201,107,0.547758040386,0.23250327654
ASDTSRockwellTrading,high_vol_shock,965,965,0,-182.41654881,-0.00166862688993,250,254.94405493,437.36060374,46.0621761658,17,0.582914996801,0.259067357513
ASDTSRockwellTrading,range_choppy,2281,2281,0,-180.45930245,-0.00179842085312,543,239.86601563,420.32531808,47.2095572117,94,0.57066754086,0.238053485313
ASDTSRockwellTrading,range_quiet,964,964,0,-55.96485273,-0.00215068313609,136,16.82299658,72.78784931,47.0435684647,52,0.231123693576,0.141078838174
ASDTSRockwellTrading,transition,3426,3426,0,-249.16383872,-0.00210080388911,752,220.10087823,469.26471695,46.2244600117,149,0.46903351196,0.219497956801
ActionZone,bear_trend,20,20,0,-25.44065168,-0.00357489225209,4,88.62170056,114.06235224,17280,17,0.776958381268,0.2
ActionZone,bull_trend,96,96,0,-157.84196125,0.00653210894762,24,434.82813356,592.67009481,16380,86,0.733676521505,0.25
ActionZone,high_vol_shock,48,48,0,-88.07117314,-0.0273523775523,11,172.68456989,260.75574303,17790,39,0.662246468221,0.229166666667
ActionZone,range_choppy,107,107,0,643.48090459,0.07676790241,32,1111.45507126,467.97416667,19325.6074766,90,2.37503509899,0.299065420561
ActionZone,range_quiet,123,123,0,1678.75105469,0.0853020120323,35,2337.04041321,658.28935852,20195.1219512,110,3.55017194637,0.284552845528
ActionZone,transition,117,117,0,107.44514783,0.023903633616,32,728.7289046,621.28375677,17932.3076923,109,1.1729405391,0.273504273504
AdaptiveMAStrategy,bear_trend,2940,2940,0,-215.29639949,-0.00261861813972,907,282.47843818,497.77483767,91.5017006803,1015,0.567482357088,0.308503401361
AdaptiveMAStrategy,bull_trend,2380,2380,0,-201.5108191,-0.00175369200054,820,368.19962837,569.71044747,89.2415966387,892,0.646292568453,0.344537815126
AdaptiveMAStrategy,high_vol_shock,1286,1286,0,-168.88272496,-0.00264007064272,424,435.35356135,604.23628631,90.4276827372,484,0.720502179716,0.329704510109
AdaptiveMAStrategy,range_choppy,1800,1800,0,-122.61518289,-0.00189060824163,572,234.49669987,357.11188276,90.2527777778,832,0.656647709557,0.317777777778
AdaptiveMAStrategy,range_quiet,1725,1725,0,-84.76200314,-0.0019296907975,505,63.09873245,147.86073559,87.8028985507,751,0.4267443429,0.292753623188
AdaptiveMAStrategy,transition,2473,2473,0,-172.58917516,-0.00202114795841,764,309.00695968,481.59613484,90.53780833,1219,0.641630896358,0.308936514355
AdaptiveRegime,bear_trend,63,4,59,-419.05983555,-0.0451493677012,18,281.59365617,700.65349172,23428.5714286,50,0.401901452712,0.285714285714
AdaptiveRegime,bull_trend,38,36,2,-101.59762258,-0.00649608625201,11,260.38124343,361.97886601,38008.4210526,37,0.719327198022,0.289473684211
AdaptiveRegime,high_vol_shock,35,20,15,-467.26699656,-0.0820304907783,8,272.7253696,739.99236616,16210.2857143,30,0.368551598735,0.228571428571
AdaptiveRegime,range_choppy,53,23,30,92.16514438,0.0196399860047,17,594.68082334,502.51567896,30348.6792453,42,1.18340749998,0.320754716981
AdaptiveRegime,range_quiet,46,27,19,532.11769093,0.110662357255,20,753.16056133,221.0428704,43293.9130435,41,3.40730537912,0.434782608696
AdaptiveRegime,transition,84,36,48,245.30693622,0.037553528406,31,956.0893888,710.78245258,33822.8571429,72,1.34512238636,0.369047619048
AdaptiveRegimeLong,bear_trend,5,5,0,-14.98787399,-0.00465551550698,2,60.55187526,75.53974925,6624,4,0.801589571864,0.4
AdaptiveRegimeLong,bull_trend,36,36,0,61.00867621,0.019164728875,12,1118.90822729,1057.89955108,36120,35,1.05766963049,0.333333333333
AdaptiveRegimeLong,high_vol_shock,23,23,0,-296.90181395,-0.00393452308125,6,843.75105193,1140.65286588,19220.8695652,21,0.739708878283,0.260869565217
AdaptiveRegimeLong,range_choppy,24,24,0,678.13724675,0.173420080458,11,1389.01946837,710.88222162,38040,21,1.9539375527,0.458333333333
AdaptiveRegimeLong,range_quiet,30,30,0,1018.95445622,0.154252466303,13,1607.7343353,588.77987908,48864,27,2.73062037686,0.433333333333
AdaptiveRegimeLong,transition,45,45,0,2435.27558901,0.20378496358,28,3488.42077685,1053.14518784,47264,43,3.31238353185,0.622222222222
AdxSmas,bear_trend,1279,1279,0,-371.26648439,-0.0025052351288,600,1253.75867459,1625.02515898,1972.40031274,680,0.771531854545,0.469116497263
AdxSmas,bull_trend,1112,1112,0,-118.60716775,-0.000691613833759,506,1946.12835152,2064.73551927,1913.47122302,614,0.942555757557,0.455035971223
AdxSmas,high_vol_shock,616,616,0,-491.65700898,-0.0043961667635,310,2534.89972183,3026.55673081,1500.0974026,332,0.837552356453,0.503246753247
AdxSmas,range_choppy,849,849,0,281.05351706,0.000792970580849,415,1540.93128198,1259.87776492,1942.2614841,534,1.2230799883,0.488810365135
AdxSmas,range_quiet,856,856,0,25.659347,-0.000283378872894,366,561.60722264,535.94787564,2074.62616822,521,1.04787657189,0.427570093458
AdxSmas,transition,1110,1110,0,-132.27347325,-0.0022026504292,503,1539.90426196,1672.17773521,1967.94594595,757,0.920897479697,0.453153153153
AdxSmasS,bear_trend,966,0,966,-214.87193608,-0.00466134932605,531,500.35086363,715.22279971,2641.67701863,583,0.699573424998,0.549689440994
AdxSmasS,bull_trend,745,0,745,-0.23229891,-0.0016694857862,434,669.59394678,669.82624569,2493.34228188,465,0.99965319527,0.58255033557
AdxSmasS,high_vol_shock,501,0,501,-77.73997035,0.00269072696899,298,608.45942002,686.19939037,2483.83233533,301,0.886709356725,0.594810379242
AdxSmasS,range_choppy,652,0,652,-193.22705133,-0.00493220581196,345,427.06822617,620.2952775,2557.91411043,441,0.688491822622,0.529141104294
AdxSmasS,range_quiet,609,0,609,-16.3808992,-8.73044747918e-05,347,219.22446276,235.60536196,2645.61576355,406,0.930473147709,0.569786535304
AdxSmasS,transition,817,0,817,-287.86329165,-0.00583791857783,447,496.7316789,784.59497055,2668.49449204,617,0.633105866778,0.547123623011
AdxStrengthStrategy,bear_trend,2607,2607,0,-169.1382918,-0.00240596077062,727,179.71903048,348.85732228,83.6900652091,523,0.515164851078,0.27886459532
AdxStrengthStrategy,bull_trend,2163,2163,0,-194.35722887,-0.00230816861074,640,258.40328332,452.76051219,74.2672214517,584,0.570728401357,0.295885344429
AdxStrengthStrategy,high_vol_shock,1560,1560,0,-171.75133956,-0.00228104746877,459,363.55983124,535.3111708,78.2275641026,320,0.679156070471,0.294230769231
AdxStrengthStrategy,range_choppy,1913,1913,0,-179.45013617,-0.00248359287925,509,166.48354305,345.93367922,76.4662833246,505,0.481258556338,0.26607422896
AdxStrengthStrategy,range_quiet,822,822,0,-57.0944771,-0.00214446767408,219,38.15423506,95.24871216,74.2274939173,264,0.400574812979,0.266423357664
AdxStrengthStrategy,transition,2320,2320,0,-193.92244832,-0.00241325595985,644,217.5286575,411.45110582,78.2456896552,731,0.528686530241,0.277586206897
AlligatorStrat,bear_trend,1042,1042,0,20.01654089,0.00125943901389,371,3252.92452962,3232.90798873,3163.30134357,527,1.00619149724,0.356046065259
AlligatorStrat,bull_trend,770,770,0,-31.08588825,0.000221368473173,251,2389.40691382,2420.49280207,1845.50649351,434,0.987157206903,0.325974025974
AlligatorStrat,high_vol_shock,402,402,0,-381.11900903,-0.00245313448492,144,2404.26739715,2785.38640618,1955.2238806,232,0.863171943331,0.358208955224
AlligatorStrat,range_choppy,641,641,0,225.56209435,0.00187965618433,230,2386.96415924,2161.40206489,2396.63026521,398,1.10435915558,0.358814352574
AlligatorStrat,range_quiet,720,720,0,139.79479723,0.00149771292525,232,1494.43875916,1354.64396193,2688.33333333,441,1.10319670789,0.322222222222
AlligatorStrat,transition,825,825,0,16.50143536,-0.00010015884504,284,2341.7102397,2325.20880434,2851.2,575,1.00709675421,0.344242424242
AlligatorStrategy,bear_trend,294,294,0,-1034.85221488,-0.00190570086687,88,3950.16871619,4985.02093107,4902.24489796,215,0.792407648997,0.299319727891
AlligatorStrategy,bull_trend,344,344,0,200.28010679,0.000181745724034,85,4959.35191424,4759.07180745,4644.06976744,254,1.04208385897,0.247093023256
AlligatorStrategy,high_vol_shock,125,125,0,236.68276545,0.0277359776748,41,3255.88231857,3019.19955312,4925.76,94,1.07839255448,0.328
AlligatorStrategy,range_choppy,286,286,0,-554.04045568,0.00619973877804,91,4452.68238304,5006.72283872,4749.65034965,228,0.889340697792,0.318181818182
AlligatorStrategy,range_quiet,318,318,0,4352.97333529,0.0325742417267,109,7531.0959796,3178.12264431,5480.37735849,236,2.36966814137,0.342767295597
AlligatorStrategy,transition,287,287,0,2704.20386986,0.0237252172918,92,6645.11020262,3940.90633276,5378.04878049,246,1.68618831343,0.320557491289
AlmgrenChrissStrategy,bear_trend,1165,602,563,-60.0993578,-0.0021986837462,916,254.81111769,314.91047549,1390.9055794,379,0.809154148631,0.786266094421
AlmgrenChrissStrategy,bull_trend,2157,1109,1048,-282.18185992,-0.00424586871369,1630,1043.21103267,1325.39289259,992.280945758,476,0.787095689514,0.755679184052
AlmgrenChrissStrategy,high_vol_shock,4052,2132,1920,-238.2650309,-0.00259456667424,3168,2267.16107992,2505.42611082,426.063672261,338,0.904900396036,0.781836130306
AlmgrenChrissStrategy,range_choppy,1268,632,636,-56.34923512,-0.00306341915521,958,445.76424854,502.11348366,1245.36671924,373,0.887775897374,0.755520504732
AlmgrenChrissStrategy,range_quiet,303,161,142,-38.69261251,-0.00559062245833,232,68.39702332,107.08963583,2178.26732673,133,0.638689475316,0.765676567657
AlmgrenChrissStrategy,transition,1379,693,686,-42.90592004,-0.00266826761968,1048,533.25103376,576.1569538,1511.78027556,475,0.925530847529,0.759970993474
AlwaysBuy,bear_trend,3177,3177,0,-113.37094448,-0.00102666279522,1445,754.17578729,867.54673177,299.874095058,257,0.869320071959,0.45483160214
AlwaysBuy,bull_trend,5627,5627,0,-347.11099706,-0.000843110116632,2610,2109.73344517,2456.84444223,299.722765239,393,0.858716737986,0.46383508086
AlwaysBuy,high_vol_shock,4988,4988,0,-224.20886971,-0.00106983291352,2326,2576.47583616,2800.68470587,299.027666399,268,0.919944980154,0.466319165998
AlwaysBuy,range_choppy,3781,3781,0,4.28953464,-0.00066791694919,1806,1240.68617508,1236.39664044,299.842634224,320,1.00346938393,0.47765141497
AlwaysBuy,range_quiet,1100,1100,0,-69.31018386,-0.000842437159752,455,220.8607379,290.17092176,300,131,0.761140146505,0.413636363636
AlwaysBuy,transition,4472,4472,0,-217.39697457,-0.00098011764428,2022,1395.54672749,1612.94370206,299.91726297,445,0.865217258177,0.452146690519
AntigravityGridStrategy,bear_trend,3119,3119,0,-197.52582472,-0.00207971695128,2035,326.17456422,523.70038894,168.092337288,679,0.622826660259,0.652452709202
AntigravityGridStrategy,bull_trend,3038,3038,0,-241.36631214,-0.00157310912666,2074,414.73028066,656.0965928,154.591836735,716,0.632117717439,0.682685977617
AntigravityGridStrategy,high_vol_shock,836,836,0,-87.61393022,-0.0020589665424,546,184.85916183,272.47309205,100.747607656,223,0.678449238562,0.653110047847
AntigravityGridStrategy,range_choppy,2055,2055,0,-146.0641765,-0.00153443369455,1397,326.78054425,472.84472075,135.00729927,544,0.691094834963,0.679805352798
AntigravityGridStrategy,range_quiet,2060,2060,0,-83.9048517,-0.00161000347258,1364,120.33514288,204.23999458,237.648058252,531,0.589185008193,0.66213592233
AntigravityGridStrategy,transition,3040,3040,0,-209.60302514,-0.0015277977167,2062,408.47913828,618.08216342,164.689144737,923,0.660881614865,0.678289473684
Apollo11,bear_trend,978,978,0,-20.42241982,-0.00199978008701,802,1518.83039022,1539.25281004,5192.42331288,517,0.986732251072,0.820040899796
Apollo11,bull_trend,1038,1038,0,-133.06551034,-0.00110150427345,860,2482.66037724,2615.72588758,4001.02601156,495,0.949128648773,0.828516377649
Apollo11,high_vol_shock,990,990,0,-1089.17545565,-0.00765848816997,766,3067.2393081,4156.41476375,1724.68181818,366,0.737953135681,0.773737373737
Apollo11,range_choppy,745,745,0,210.32257367,-0.00368250845108,603,1557.91245056,1347.58987689,3808.87248322,420,1.15607313269,0.809395973154
Apollo11,range_quiet,385,385,0,83.00324311,-0.00137631649918,313,400.69618427,317.69294116,6568.36363636,266,1.26126876728,0.812987012987
Apollo11,transition,860,860,0,10.69143168,-0.00250440744247,702,1760.83145106,1750.14001938,5315.3372093,567,1.00610890075,0.816279069767
Argrelextrema,bear_trend,397,180,217,-5.93837185,-0.00182343905089,169,6.66518686,12.60355871,34.4458438287,10,0.528833721758,0.425692695214
Argrelextrema,bull_trend,1755,881,874,-34.06229286,-0.00200904328067,729,31.89212234,65.9544152,36.7293447293,41,0.483547951161,0.415384615385
Argrelextrema,high_vol_shock,1677,796,881,-90.04108077,-0.0021476023204,671,76.21294519,166.25402596,37.2420989863,17,0.458412629408,0.400119260584
Argrelextrema,range_choppy,1845,861,984,-31.39265365,-0.00161006926645,852,34.24982155,65.6424752,44.6124661247,42,0.521763103016,0.461788617886
Argrelextrema,range_quiet,434,219,215,-4.72030239,-0.00196400779297,181,2.35634002,7.07664241,65.702764977,15,0.332974295362,0.417050691244
Argrelextrema,transition,1914,951,963,-50.28922914,-0.00212844094938,797,35.39671271,85.68594185,41.9435736677,53,0.413098250959,0.416405433647
AroonTrendStrategy,bear_trend,1570,1570,0,-111.87592664,-0.00174474184493,531,129.14460613,241.02053277,91.4649681529,127,0.535824083723,0.33821656051
AroonTrendStrategy,bull_trend,3837,3837,0,-271.52989404,-0.00194763607119,1317,416.90569967,688.43559371,88.6968986187,239,0.605584172985,0.343236903831
AroonTrendStrategy,high_vol_shock,3128,3128,0,-116.57663376,-0.00185927630231,1183,338.20820353,454.78483729,89.8145780051,126,0.743666401777,0.378196930946
AroonTrendStrategy,range_choppy,2080,2080,0,-139.23131093,-0.00153390339397,706,287.17145793,426.40276886,90.2115384615,192,0.673474655659,0.339423076923
AroonTrendStrategy,range_quiet,1009,1009,0,-70.43479772,-0.00192062436702,284,46.84858274,117.28338046,89.3657086224,109,0.399447752582,0.281466798811
AroonTrendStrategy,transition,2912,2912,0,-256.1754324,-0.00190641792991,937,326.10681427,582.28224667,89.2548076923,253,0.560049385216,0.321771978022
AtrTrailingStopStrategy,bear_trend,1478,1478,0,-119.21285338,-0.00235602809796,285,83.14953761,202.36239099,43.6062246279,125,0.410894223987,0.192828146143
AtrTrailingStopStrategy,bull_trend,2962,2962,0,-246.40617903,-0.00203415851262,677,249.74250128,496.14868031,44.6927751519,245,0.50336222022,0.228561782579
AtrTrailingStopStrategy,high_vol_shock,2634,2634,0,-116.99989735,-0.00234084459849,659,227.22610841,344.22600576,44.6659073652,141,0.660107326605,0.250189825361
AtrTrailingStopStrategy,range_choppy,2113,2113,0,-164.33800632,-0.00193934085122,449,184.85685551,349.19486183,43.5589209655,205,0.529380227822,0.21249408424
AtrTrailingStopStrategy,range_quiet,830,830,0,-72.3541319,-0.00220551704322,133,27.90909498,100.26322688,40.2710843373,108,0.2783582361,0.160240963855
AtrTrailingStopStrategy,transition,2487,2487,0,-246.35095815,-0.00214687863178,516,181.27444213,427.62540028,43.1966224367,260,0.423909435715,0.207478890229
AverageStrategy,bear_trend,725,725,0,-1097.6045064,-0.00214840443,203,5235.68571007,6333.29021647,4778.15172414,404,0.826692845443,0.28
AverageStrategy,bull_trend,342,342,0,30.12071998,-4.51873487617e-05,86,3062.92882844,3032.80810846,4602.10526316,243,1.00993162736,0.251461988304
AverageStrategy,high_vol_shock,197,197,0,-1027.07590872,-0.00419078208859,46,2660.70076221,3687.77667093,4051.97969543,128,0.72149183631,0.233502538071
AverageStrategy,range_choppy,361,361,0,1637.20275967,0.0182664407876,105,4701.41535842,3064.21259875,4877.78393352,252,1.53429803152,0.290858725762
AverageStrategy,range_quiet,393,393,0,1595.88957895,0.015274671374,128,3609.48217119,2013.59259224,5317.86259542,270,1.79255832838,0.325699745547
AverageStrategy,transition,454,454,0,1379.8352839,0.0106180200937,130,5125.14533991,3745.31005601,5126.69603524,339,1.36841683686,0.286343612335
AwesomeMacd,bear_trend,955,955,0,-500.30415937,-0.00481245929841,350,1231.71019467,1732.01435404,1840.52356021,512,0.711143179499,0.366492146597
AwesomeMacd,bull_trend,827,827,0,-161.76208164,-0.00253589385613,324,1633.94533404,1795.70741568,1840.19347037,479,0.909917350551,0.391777509069
AwesomeMacd,high_vol_shock,373,373,0,-31.575005,0.000448108976216,155,1454.14546331,1485.72046831,1508.04289544,228,0.978747681227,0.415549597855
AwesomeMacd,range_choppy,590,590,0,-139.37416941,-0.00266869718306,213,1047.59962949,1186.9737989,1808.94915254,392,0.882580247737,0.361016949153
AwesomeMacd,range_quiet,677,677,0,0.63262382,-0.000214533244623,255,660.00383698,659.37121316,1991.43279173,442,1.000959435,0.376661742984
AwesomeMacd,transition,812,812,0,135.2005383,-4.26150285967e-05,319,1429.83166596,1294.63112766,1795.93596059,579,1.10443170677,0.392857142857
BB10fall,bear_trend,416,416,0,-155.65321653,-0.000633089165758,243,2075.95567668,2231.60889321,9001.15384615,315,0.930250673851,0.584134615385
BB10fall,bull_trend,567,567,0,601.3044914,0.00722225313075,348,3817.99999899,3216.69550759,7594.07407407,376,1.18693236272,0.613756613757
BB10fall,high_vol_shock,278,278,0,-1253.80662123,-0.011295778501,163,2447.93884033,3701.74546156,6581.8705036,187,0.661293129349,0.586330935252
BB10fall,range_choppy,365,365,0,377.55672709,0.00445595987314,235,2621.38523804,2243.82851095,7669.97260274,283,1.16826451988,0.643835616438
BB10fall,range_quiet,352,352,0,-9.56856649,0.000375053823578,214,1137.73217093,1147.30073742,8071.19318182,278,0.991659931718,0.607954545455
BB10fall,transition,491,491,0,103.0938183,0.000938630285008,295,2810.23899863,2707.14518033,7779.22606925,388,1.03808211656,0.600814663951
BBKCBounce,bear_trend,92,92,0,135.25802181,0.00888746620322,67,400.0485161,264.79049429,639.130434783,42,1.51081147068,0.728260869565
BBKCBounce,bull_trend,165,165,0,217.25998675,0.00951588408736,136,645.20561945,427.9456327,2107.3030303,82,1.5076812804,0.824242424242
BBKCBounce,high_vol_shock,397,397,0,384.46804707,0.00616968069404,306,1992.3181665,1607.85011943,522.833753149,153,1.23911933235,0.770780856423
BBKCBounce,range_choppy,68,68,0,195.73933071,0.0134882024848,54,351.81771171,156.078381,2607.13235294,39,2.25410918191,0.794117647059
BBKCBounce,range_quiet,28,28,0,164.61329544,0.025452107398,22,164.67114895,0.05785351,5155.71428571,17,2846.34672901,0.785714285714
BBKCBounce,transition,75,75,0,137.52353224,0.0107996610883,54,249.69516548,112.17163324,775.8,53,2.22600989455,0.72
BBMod,bear_trend,1131,1131,0,289.30137777,0.00107234352165,721,2163.59824294,1874.29686517,48.8505747126,309,1.15435195093,0.637488947834
BBMod,bull_trend,1138,1138,0,265.55635503,0.00135611042376,740,2139.20333692,1873.64698189,41.0676625659,342,1.14173233144,0.650263620387
BBMod,high_vol_shock,2096,2096,0,984.01665612,0.00237399294484,1379,5294.38838687,4310.37173075,41.6125954198,382,1.22829043934,0.657919847328
BBMod,range_choppy,764,764,0,-48.41444198,0.00048179236613,474,1461.17570763,1509.59014961,46.5968586387,277,0.967928750732,0.620418848168
BBMod,range_quiet,195,195,0,356.10203994,0.00780514347296,120,747.73210864,391.6300687,46.6666666667,86,1.90928166247,0.615384615385
BBMod,transition,777,777,0,18.38329503,0.000642994822798,475,1520.3988728,1502.01557777,45.7335907336,334,1.01223908414,0.611325611326
BBRSI,bear_trend,168,168,0,-209.72744255,-0.00881327538203,114,80.33819384,290.06563639,2426.42857143,106,0.276965568345,0.678571428571
BBRSI,bull_trend,123,123,0,-99.70275446,-0.0072791789773,80,66.81427327,166.51702773,4240.48780488,91,0.401245891671,0.650406504065
BBRSI,high_vol_shock,30,30,0,39.69792423,0.0111278328596,24,39.76555422,0.06762999,720,26,587.9869895,0.8
BBRSI,range_choppy,90,90,0,-7.38084495,-0.00248737072838,60,57.20249888,64.58334383,4728.66666667,64,0.885715967736,0.666666666667
BBRSI,range_quiet,115,115,0,-143.17686427,-0.0117262893103,70,52.12993551,195.30679978,4424.34782609,84,0.266913059703,0.608695652174
BBRSI,transition,137,137,0,1.12010777,-0.000147608852911,102,70.01308356,68.89297579,5132.40875912,105,1.01625866436,0.744525547445
BBRSI2,bear_trend,4349,4349,0,-409.54894639,-0.00116294806209,2764,3001.41202228,3410.96096867,1030.57484479,1107,0.879931506062,0.635548401931
BBRSI2,bull_trend,3704,3704,0,-625.05791976,-0.000385809335922,2341,4622.72510818,5247.78302794,991.047516199,1013,0.880891051244,0.632019438445
BBRSI2,high_vol_shock,1881,1881,0,-988.93695503,-0.000685280856225,1185,8535.54827104,9524.48522607,984.976076555,510,0.896168986401,0.629984051037
BBRSI2,range_choppy,2652,2652,0,710.63237507,-0.000720392269875,1727,3402.38061733,2691.74824226,1017.9581448,915,1.26400402679,0.651206636501
BBRSI2,range_quiet,2782,2782,0,-36.84815753,-0.000907455297208,1712,601.69191762,638.54007515,1048.14521927,901,0.942293116808,0.615384615385
BBRSI2,transition,3737,3737,0,489.40316284,-0.000971163912904,2302,3669.33655337,3179.93339053,1050.3960396,1472,1.1539035894,0.616002140755
BBRSI21,bear_trend,898,898,0,92.16810899,0.000946607109513,661,977.06017157,884.89206258,1435.29510022,469,1.1041574593,0.736080178174
BBRSI21,bull_trend,1185,1185,0,375.22659552,0.00206979377323,904,1634.12253468,1258.89593916,2409.27848101,543,1.29806005711,0.762869198312
BBRSI21,high_vol_shock,563,563,0,275.9402819,0.00488201950459,431,2065.3761679,1789.435886,897.690941385,261,1.15420517944,0.765541740675
BBRSI21,range_choppy,759,759,0,-259.77593468,-0.00112421209696,580,912.20432656,1171.98026124,1898.88669302,446,0.77834444549,0.764163372859
BBRSI21,range_quiet,534,534,0,72.77130041,0.000956711605391,387,569.29528108,496.52398067,2909.97191011,321,1.14656150205,0.724719101124
BBRSI21,transition,865,865,0,-320.1404271,-0.00128243085672,637,993.06930908,1313.20973618,2621.90751445,555,0.75621531102,0.736416184971
BBRSI3366,bear_trend,4072,4072,0,-137.5781981,-0.00130676498434,2542,523.23455477,660.81275287,217.587180747,602,0.791804565662,0.624263261297
BBRSI3366,bull_trend,4180,4180,0,-277.27594791,-0.00132564321361,2668,962.75847747,1240.03442538,211.90430622,671,0.776396572357,0.638277511962
BBRSI3366,high_vol_shock,2714,2714,0,-194.16706407,-0.000679430557663,1798,1431.98330456,1626.15036863,188.765659543,336,0.880597103555,0.662490788504
BBRSI3366,range_choppy,3196,3196,0,-130.80696735,-0.00120854475208,2067,571.01217878,701.81914613,204.909261577,556,0.813617271527,0.646745932416
BBRSI3366,range_quiet,1649,1649,0,-54.43464662,-0.00150504817287,989,92.87178337,147.30642999,226.337174045,354,0.630466595221,0.599757428745
BBRSI3366,transition,3980,3980,0,-173.09486333,-0.00136796671534,2481,658.82442524,831.91928857,210.280150754,835,0.79193310492,0.623366834171
BBRSI4cust,bear_trend,3417,3417,0,-193.04113924,-0.00197145068635,2037,165.16932127,358.21046051,90.5267778753,548,0.461095750903,0.596136962248
BBRSI4cust,bull_trend,2729,2729,0,-176.25004227,-0.00151116932968,1677,206.87261937,383.12266164,85.6962257237,602,0.539964455468,0.61451080982
BBRSI4cust,high_vol_shock,1907,1907,0,-188.53681681,-0.00192864122639,1433,239.77002403,428.30684084,63.7991609858,319,0.559808999454,0.751442055585
BBRSI4cust,range_choppy,2467,2467,0,-145.9816909,-0.00154897317483,1543,161.4897023,307.4713932,82.9833806242,508,0.525218624794,0.625456019457
BBRSI4cust,range_quiet,1397,1397,0,-52.1264922,-0.00174960103449,620,46.07024758,98.19673978,108.317823908,325,0.469162700139,0.443808160344
BBRSI4cust,transition,3054,3054,0,-209.80494856,-0.00196751216255,1741,194.26371799,404.06866655,93.7770137525,760,0.480769072367,0.570072036673
BBRSINaiveStrategy,bear_trend,3871,3871,0,-133.92273911,-0.00152160231131,3035,1574.60165122,1708.52439033,889.351588737,1022,0.921614967941,0.784035133041
BBRSINaiveStrategy,bull_trend,3293,3293,0,-364.00461011,-0.00101821996905,2620,2275.76918722,2639.77379733,826.790160947,945,0.862107650861,0.795627087762
BBRSINaiveStrategy,high_vol_shock,2589,2589,0,-581.7601067,-0.00166462005798,2170,3362.46620719,3944.22631389,395.845886443,518,0.852503365577,0.838161452298
BBRSINaiveStrategy,range_choppy,2483,2483,0,79.3246545,-0.00139866494883,2015,1435.98225881,1356.65760431,793.979057592,842,1.05847065188,0.811518324607
BBRSINaiveStrategy,range_quiet,1755,1755,0,-22.91871446,-0.00149065422194,1309,397.25548941,420.17420387,1311.23076923,705,0.945454256237,0.745868945869
BBRSINaiveStrategy,transition,3112,3112,0,56.75072732,-0.000835411049791,2461,1707.36374319,1650.61301587,929.021529563,1263,1.03438160658,0.790809768638
BBRSIOptim2020Strategy,bear_trend,5738,5738,0,-283.90968989,-0.00117879063598,3062,997.0211599,1280.93084979,73.8523875915,800,0.778356739603,0.533635413036
BBRSIOptim2020Strategy,bull_trend,5462,5462,0,-148.78687851,-0.000777857588095,3121,1372.0755438,1520.86242231,72.4212742585,846,0.902169403144,0.571402416697
BBRSIOptim2020Strategy,high_vol_shock,2765,2765,0,170.27344589,0.000677660633954,1708,1975.96805833,1805.69461244,73.0108499096,369,1.09429803064,0.617721518987
BBRSIOptim2020Strategy,range_choppy,3778,3778,0,-273.89945844,-0.0014619856438,2159,776.13320797,1050.03266641,74.163578613,658,0.739151488138,0.57146638433
BBRSIOptim2020Strategy,range_quiet,3002,3002,0,-125.20358884,-0.00156264007095,1406,118.82451013,244.02809897,71.4307128581,568,0.486929622578,0.46835443038
BBRSIOptim2020Strategy,transition,5165,5165,0,-304.24831163,-0.00130190854137,2831,958.42447067,1262.6727823,73.8431752178,1093,0.759044214863,0.548112294288
BBRSIOptimStrategy,bear_trend,1441,1441,0,-92.30783804,-0.000114014484331,997,2867.86071767,2960.16855571,3000.96460791,422,0.968816695299,0.691880638446
BBRSIOptimStrategy,bull_trend,2990,2990,0,-1135.73881843,0.000567488679096,2088,6977.08517438,8112.82399281,2907.72408027,646,0.860006969283,0.698327759197
BBRSIOptimStrategy,high_vol_shock,1629,1629,0,-121.43976795,0.00152658057756,1197,10632.7700462,10754.2098142,1603.05402087,330,0.988707699585,0.734806629834
BBRSIOptimStrategy,range_choppy,1033,1033,0,273.17248901,0.00112754466847,732,3058.90667999,2785.73419098,2648.51887706,326,1.09806121844,0.708615682478
BBRSIOptimStrategy,range_quiet,357,357,0,336.84306174,0.00412337880623,256,577.21540755,240.37234581,3379.87394958,132,2.40133866317,0.717086834734
BBRSIOptimStrategy,transition,1363,1363,0,647.24266773,0.00077183766815,991,4018.28896977,3371.04630204,3191.32795304,456,1.19200052736,0.727072633896
BBRSIOptimizedStrategy,bear_trend,6560,6560,0,-170.55571047,-0.000817774191608,3940,2431.57639715,2602.13210762,281.320121951,1223,0.934455399105,0.600609756098
BBRSIOptimizedStrategy,bull_trend,5167,5167,0,-74.60437007,-0.000275084751418,3221,2959.91633232,3034.52070239,280.354170699,1113,0.975414776373,0.62337913683
BBRSIOptimizedStrategy,high_vol_shock,2553,2553,0,-148.55592603,0.000306704362095,1597,3868.95429024,4017.51021627,274.833529181,572,0.9630228878,0.62553858206
BBRSIOptimizedStrategy,range_choppy,3931,3931,0,-200.84941625,-0.000984516916297,2431,1938.70094401,2139.55036026,277.613838718,1067,0.906125408413,0.618417705418
BBRSIOptimizedStrategy,range_quiet,4089,4089,0,-188.50001983,-0.0012941336174,2336,528.15124844,716.65126827,287.647346539,992,0.736971065041,0.571288823673
BBRSIOptimizedStrategy,transition,5472,5472,0,-159.73983675,-0.000887308549453,3334,2371.17720605,2530.9170428,279.05244883,1649,0.936884601886,0.609283625731
BBRSIStrategy,bear_trend,1516,1516,0,1.30909927,0.000161217958054,1010,567.29362642,565.98452715,2250.72229551,418,1.00231295947,0.666226912929
BBRSIStrategy,bull_trend,3603,3603,0,-246.69210894,-0.000171750773547,2480,2072.07078119,2318.76289013,2299.89592007,695,0.893610463584,0.688315292812
BBRSIStrategy,high_vol_shock,1881,1881,0,-833.78603338,-0.0016804933626,1368,3267.27855405,4101.06458743,1184.13875598,345,0.796690343299,0.727272727273
BBRSIStrategy,range_choppy,1146,1146,0,391.09154857,0.000500182609053,813,808.5526829,417.46113433,1740.28795812,326,1.93683343528,0.70942408377
BBRSIStrategy,range_quiet,530,530,0,51.70479391,-4.41143993449e-05,321,109.86818433,58.16339042,4036.13207547,192,1.88895770237,0.605660377358
BBRSIStrategy,transition,1486,1486,0,-188.77453331,-0.00222065353525,1059,1026.79570401,1215.57023732,2704.3909825,478,0.8447028995,0.71265141319
BBRSITV,bear_trend,28,28,0,-29.93907474,-0.00682791476468,13,62.13081479,92.06988953,532.5,21,0.674822301918,0.464285714286
BBRSITV,bull_trend,71,71,0,12.66767166,0.00162531643065,42,222.73054,210.06286834,385,44,1.06030419255,0.591549295775
BBRSITV,high_vol_shock,169,169,0,288.36636915,0.0122222355993,107,789.9008764,501.53450725,383.25443787,93,1.5749681527,0.633136094675
BBRSITV,range_choppy,47,47,0,35.42307907,0.00504223763394,25,111.67652383,76.25344476,436.914893617,39,1.46454398462,0.531914893617
BBRSITV,range_quiet,11,11,0,5.45946715,0.00309303953424,6,26.65190891,21.19244176,372.272727273,7,1.25761388007,0.545454545455
BBRSITV,transition,30,30,0,-1.19946485,0.000746966473915,17,91.12381749,92.32328234,441.333333333,23,0.987007991705,0.566666666667
BBRSITV4,bear_trend,22,22,0,-38.66072924,-0.00992079416273,8,34.57265658,73.23338582,511.136363636,19,0.472088736481,0.363636363636
BBRSITV4,bull_trend,69,69,0,127.82497773,0.0119680269737,46,304.09585853,176.2708808,332.898550725,42,1.72516218873,0.666666666667
BBRSITV4,high_vol_shock,167,167,0,360.98245265,0.0142057451489,112,838.53080974,477.54835709,337.724550898,89,1.75590764221,0.670658682635
BBRSITV4,range_choppy,42,42,0,79.82304553,0.0111796849329,27,143.07245793,63.2494124,403.333333333,34,2.26203615972,0.642857142857
BBRSITV4,range_quiet,9,9,0,11.5684829,0.00758241143182,5,27.02178153,15.45329863,324.444444444,7,1.74860928899,0.555555555556
BBRSITV4,transition,26,26,0,8.17348192,0.0036661595049,14,85.89989324,77.72641132,407.692307692,22,1.10515707314,0.538461538462
BBRSITV5,bear_trend,26,26,0,3.40814118,0.0013134401441,19,28.62006976,25.21192858,216.153846154,19,1.13517970945,0.730769230769
BBRSITV5,bull_trend,96,96,0,16.19902585,0.00102883467309,67,115.88299294,99.68396709,83.90625,44,1.16250382406,0.697916666667
BBRSITV5,high_vol_shock,265,265,0,128.87738502,0.0037322744846,166,288.64742641,159.77004139,63.8113207547,90,1.80664299701,0.62641509434
BBRSITV5,range_choppy,56,56,0,16.70293908,0.0020911860388,37,61.95327204,45.25033296,154.196428571,34,1.36912300943,0.660714285714
BBRSITV5,range_quiet,13,13,0,10.30036696,0.00588471458878,9,17.82001384,7.51964688,136.538461538,7,2.36979397096,0.692307692308
BBRSITV5,transition,37,37,0,16.93160044,0.00336437935064,24,51.91401298,34.98241254,151.486486486,23,1.48400322364,0.648648648649
BBRSIoriginal,bear_trend,680,680,0,-116.00525268,-0.000936978388801,484,282.45465225,398.45990493,1431.88235294,387,0.708865932947,0.711764705882
BBRSIoriginal,bull_trend,682,682,0,-33.28573151,-0.000400716408257,504,355.70566234,388.99139385,1341.46627566,377,0.914430673695,0.739002932551
BBRSIoriginal,high_vol_shock,290,290,0,-92.86132818,-0.000290074369189,217,419.52091525,512.38224343,1188.82758621,160,0.818765522477,0.748275862069
BBRSIoriginal,range_choppy,459,459,0,-81.92720351,-0.00226746083938,314,212.15540342,294.08260693,1756.60130719,300,0.72141431836,0.684095860566
BBRSIoriginal,range_quiet,512,512,0,-160.91517319,-0.00399429704325,342,111.47809053,272.39326372,1905.3515625,325,0.409254212118,0.66796875
BBRSIoriginal,transition,622,622,0,-90.90729918,-0.00223897862036,425,248.68366814,339.59096732,1714.91961415,444,0.732303541824,0.683279742765
BBRSIv2,bear_trend,75,75,0,287.89596576,0.0144242792808,74,381.9146205,94.01865474,21364,64,4.06211534888,0.986666666667
BBRSIv2,bull_trend,150,150,0,-45.50693894,0.00115881524055,146,597.81707609,643.32401503,52936.1,119,0.929262800895,0.973333333333
BBRSIv2,high_vol_shock,111,111,0,236.54148505,0.0150980646765,108,469.64736013,233.10587508,11309.7297297,85,2.01473841004,0.972972972973
BBRSIv2,range_choppy,81,81,0,146.05384188,0.0110544414861,80,361.81019038,215.7563485,38709.2592593,71,1.67693879181,0.987654320988
BBRSIv2,range_quiet,30,30,0,-117.18668968,-0.00638114305404,29,113.04875948,230.23544916,24735,29,0.49101369877,0.966666666667
BBRSIv2,transition,103,103,0,290.37284854,0.014364132419,102,437.04859958,146.67575104,41358.0582524,90,2.97969225643,0.990291262136
BB_RPB_TSL_RNG,bear_trend,60,60,0,188.44156307,0.0156499232583,29,208.20623108,19.76466801,11.1666666667,18,10.5342640197,0.483333333333
BB_RPB_TSL_RNG,bull_trend,110,110,0,130.38668173,0.00715799564323,46,237.74382602,107.35714429,20.5909090909,36,2.21451331993,0.418181818182
BB_RPB_TSL_RNG,high_vol_shock,326,326,0,633.75777706,0.0112510796159,160,923.12838421,289.37060715,14.5858895706,82,3.19012491732,0.490797546012
BB_RPB_TSL_RNG,range_choppy,51,51,0,15.16766261,0.000670017661909,19,106.459275,91.29161239,20.9803921569,27,1.16614519355,0.372549019608
BB_RPB_TSL_RNG,range_quiet,38,38,0,89.93086466,0.0103583621364,20,235.05209178,145.12122712,6.05263157895,10,1.61969476447,0.526315789474
BB_RPB_TSL_RNG,transition,54,54,0,48.47873235,0.00557910430311,22,201.85848223,153.37974988,21.9444444444,26,1.31606996613,0.407407407407
BB_RPB_TSL_RNG_2,bear_trend,60,60,0,197.21575371,0.0159283361282,29,217.35773313,20.14197942,11.6666666667,18,10.791279675,0.483333333333
BB_RPB_TSL_RNG_2,bull_trend,110,110,0,125.77074378,0.00724029350769,49,255.11459096,129.34384718,36.0454545455,36,1.97237515755,0.445454545455
BB_RPB_TSL_RNG_2,high_vol_shock,322,322,0,666.79183172,0.0117778058439,162,961.23529551,294.44346379,19.9223602484,82,3.26458357451,0.503105590062
BB_RPB_TSL_RNG_2,range_choppy,51,51,0,-19.67215007,-0.001856743508,19,116.67607295,136.34822302,68.9215686275,27,0.855721258156,0.372549019608
BB_RPB_TSL_RNG_2,range_quiet,38,38,0,95.9040229,0.0108138262365,20,242.0273317,146.1233088,10.3947368421,10,1.65632255174,0.526315789474
BB_RPB_TSL_RNG_2,transition,54,54,0,56.99078673,0.00614443229201,23,211.73682909,154.74604236,32.5,26,1.36828590806,0.425925925926
BB_RPB_TSL_RNG_TBS,bear_trend,60,60,0,188.44156307,0.0156499232583,29,208.20623108,19.76466801,11.1666666667,18,10.5342640197,0.483333333333
BB_RPB_TSL_RNG_TBS,bull_trend,110,110,0,130.38668173,0.00715799564323,46,237.74382602,107.35714429,20.5909090909,36,2.21451331993,0.418181818182
BB_RPB_TSL_RNG_TBS,high_vol_shock,326,326,0,633.75777706,0.0112510796159,160,923.12838421,289.37060715,14.5858895706,82,3.19012491732,0.490797546012
BB_RPB_TSL_RNG_TBS,range_choppy,51,51,0,15.16766261,0.000670017661909,19,106.459275,91.29161239,20.9803921569,27,1.16614519355,0.372549019608
BB_RPB_TSL_RNG_TBS,range_quiet,38,38,0,89.93086466,0.0103583621364,20,235.05209178,145.12122712,6.05263157895,10,1.61969476447,0.526315789474
BB_RPB_TSL_RNG_TBS,transition,54,54,0,48.47873235,0.00557910430311,22,201.85848223,153.37974988,21.9444444444,26,1.31606996613,0.407407407407
BB_RPB_TSL_RNG_TBS_GOLD,bear_trend,66,66,0,25.53943255,0.0039911844672,24,82.95829098,57.41885843,7.80303030303,18,1.44479171562,0.363636363636
BB_RPB_TSL_RNG_TBS_GOLD,bull_trend,153,153,0,-131.83402598,-0.00732752162488,27,121.88975746,253.72378344,5.32679738562,36,0.48040335757,0.176470588235
BB_RPB_TSL_RNG_TBS_GOLD,high_vol_shock,403,403,0,5.61685255,0.000205140160199,136,507.77684207,502.15998952,6.01736972705,82,1.01118538447,0.33746898263
BB_RPB_TSL_RNG_TBS_GOLD,range_choppy,63,63,0,-33.71137987,-0.0050134203784,15,42.11293153,75.8243114,10.4761904762,27,0.555401437249,0.238095238095
BB_RPB_TSL_RNG_TBS_GOLD,range_quiet,42,42,0,-35.22326882,-0.00827588210443,11,38.82715131,74.05042013,4.52380952381,10,0.524333977334,0.261904761905
BB_RPB_TSL_RNG_TBS_GOLD,transition,69,69,0,-9.07514335,-0.00122409451283,19,92.75534052,101.83048387,9.71014492754,26,0.910879895635,0.275362318841
BB_RPB_TSL_RNG_VWAP,bear_trend,99,99,0,236.62940461,0.0115647565485,55,297.38552423,60.75611962,37.2222222222,46,4.89474189744,0.555555555556
BB_RPB_TSL_RNG_VWAP,bull_trend,193,193,0,236.91186237,0.00782204462572,114,473.32237506,236.41051269,41.9689119171,71,2.00212067422,0.59067357513
BB_RPB_TSL_RNG_VWAP,high_vol_shock,468,468,0,513.96371241,0.00651233911242,260,1293.91081435,779.94710194,31.5491452991,129,1.65897252664,0.555555555556
BB_RPB_TSL_RNG_VWAP,range_choppy,93,93,0,37.05319046,0.00191747070399,42,201.3477827,164.29459224,68.1720430108,49,1.2255289718,0.451612903226
BB_RPB_TSL_RNG_VWAP,range_quiet,48,48,0,-93.01075722,-0.00792443203245,19,139.66024219,232.67099941,25,13,0.60024774271,0.395833333333
BB_RPB_TSL_RNG_VWAP,transition,109,109,0,-56.65497679,-0.000805032089722,46,221.26229367,277.91727046,55.3669724771,55,0.796144454441,0.422018348624
BB_RPB_TSL_c7c477d_20211030,bear_trend,16,16,0,-0.43789776,-0.000200151796196,3,6.75200974,7.1899075,2.1875,10,0.939095494622,0.1875
BB_RPB_TSL_c7c477d_20211030,bull_trend,70,70,0,-48.15840558,-0.00556189451375,20,33.05470119,81.21310677,25.2857142857,32,0.407011903677,0.285714285714
BB_RPB_TSL_c7c477d_20211030,high_vol_shock,207,207,0,-21.95673671,-0.000911123105639,54,126.12447623,148.08121294,11.231884058,77,0.851725034702,0.260869565217
BB_RPB_TSL_c7c477d_20211030,range_choppy,22,22,0,-16.22510979,-0.00630592107092,6,9.8339877,26.05909749,24.5454545455,15,0.377372535782,0.272727272727
BB_RPB_TSL_c7c477d_20211030,range_quiet,15,15,0,8.18633165,0.0047031172407,3,14.27955424,6.09322259,9.66666666667,8,2.34351429463,0.2
BB_RPB_TSL_c7c477d_20211030,transition,24,24,0,-8.12009356,-0.00258484239018,7,31.64823655,39.76833011,23.75,16,0.795815073514,0.291666666667
BB_RSI,bear_trend,294,294,0,20.05693496,-0.00258679943234,178,233.93038433,213.87344937,693.469387755,100,1.09377945238,0.605442176871
BB_RSI,bull_trend,871,871,0,-488.77174576,-0.00929838529733,434,592.30482993,1081.07657569,555.154994259,226,0.547884250986,0.498277841561
BB_RSI,high_vol_shock,1351,1351,0,-458.68121768,-0.0124692063422,541,517.25671764,975.93793532,252.968171725,172,0.530009848905,0.40044411547
BB_RSI,range_choppy,402,402,0,25.99193748,0.000877882358209,283,291.98025428,265.9883168,852.686567164,164,1.09771834264,0.703980099502
BB_RSI,range_quiet,115,115,0,-1.64377487,0.00102574047922,77,92.69126258,94.33503745,1275.65217391,70,0.982575139477,0.669565217391
BB_RSI,transition,526,526,0,-62.71319679,-0.001871180397,335,447.30834808,510.02154487,910.608365019,236,0.877038141975,0.636882129278
BB_RTR,bear_trend,84,84,0,305.45188439,0.0139805468394,60,401.68488329,96.2329989,65.7142857143,32,4.17408672577,0.714285714286
BB_RTR,bull_trend,132,132,0,238.9799133,0.0100495488775,74,357.83758841,118.85767511,46.8560606061,42,3.01063930519,0.560606060606
BB_RTR,high_vol_shock,341,341,0,805.51691921,0.0121335938023,232,1192.81360598,387.29668677,56.8914956012,85,3.07984459131,0.680351906158
BB_RTR,range_choppy,82,82,0,306.96264796,0.0135722522838,55,337.99999407,31.03734611,66.9512195122,36,10.8901061602,0.670731707317
BB_RTR,range_quiet,34,34,0,200.20723346,0.0183981561039,22,210.94739074,10.74015728,71.7647058824,9,19.640996425,0.647058823529
BB_RTR,transition,87,87,0,166.85776081,0.00722537637872,47,347.48352551,180.6257647,91.6091954023,39,1.92377607971,0.540229885057
BB_Strategy04,bear_trend,491,491,0,17.09318073,0.00135088084991,344,723.14691781,706.05373708,3370.26476578,273,1.02420946145,0.700610997963
BB_Strategy04,bull_trend,506,506,0,-91.28212346,-0.000610553888793,305,790.12997175,881.41209521,3682.88537549,281,0.896436497802,0.602766798419
BB_Strategy04,high_vol_shock,297,297,0,55.99922691,0.00464333870769,221,1306.56120628,1250.56197937,2290.50505051,148,1.04477924952,0.744107744108
BB_Strategy04,range_choppy,363,363,0,-230.79253293,-0.00488950758231,214,540.89071956,771.68325249,3603.30578512,237,0.700923232187,0.589531680441
BB_Strategy04,range_quiet,409,409,0,-153.13155493,-0.00490824926629,253,292.46715789,445.59871282,3822.98288509,249,0.65634650522,0.61858190709
BB_Strategy04,transition,479,479,0,-222.46619176,-0.00471510750603,295,640.36466433,862.83085609,3629.81210856,361,0.742167088497,0.615866388309
BBands,high_vol_shock,2959,2959,0,-33.94399432,-0.00179184612644,531,18.72013766,52.66413198,17.0294018249,9,0.355462759115,0.179452517742
BBandsRSI,bear_trend,2831,2831,0,-85.1315403,-0.00136798766871,1348,1.0026218,86.1341621,66.2628046627,305,0.011640233974,0.476156835041
BBandsRSI,bull_trend,3694,3694,0,-330.56774887,-0.0019620882316,1766,1.30538331,331.87313218,52.1832701678,399,0.00393338051027,0.478072550081
BBandsRSI,high_vol_shock,4082,4082,0,-195.15110449,-0.00146345829533,1917,1.0535303,196.20463479,31.3767760902,262,0.00536954848762,0.469622733954
BBandsRSI,range_choppy,2369,2369,0,-136.33224934,-0.00175618642924,1135,1.40582806,137.7380774,64.2549598987,328,0.0102065317488,0.47910510764
BBandsRSI,range_quiet,450,450,0,-43.50232719,-0.00161329418367,197,0.26040953,43.76273672,114.688888889,114,0.00595048549331,0.437777777778
BBandsRSI,transition,2948,2948,0,-175.31798567,-0.00155528295392,1408,1.62485532,176.94284099,65.1255088195,465,0.00918293902657,0.477611940299
BBlower,bear_trend,295,295,0,-62.71926353,-0.00274175802801,192,511.75072363,574.46998716,3485.61016949,238,0.890822384229,0.650847457627
BBlower,bull_trend,300,300,0,-259.03037341,-0.00719811721505,197,506.80677632,765.83714973,3790.56666667,242,0.661768336126,0.656666666667
BBlower,high_vol_shock,168,168,0,-256.42289973,-0.0126404927026,89,564.53539462,820.95829435,2474.52380952,134,0.687654170139,0.529761904762
BBlower,range_choppy,205,205,0,-38.92545294,-0.00107857605688,129,366.6176084,405.54306134,3474.7804878,174,0.90401647408,0.629268292683
BBlower,range_quiet,200,200,0,-13.56033972,-0.00202697900049,132,303.57514363,317.13548335,5636,181,0.957241177882,0.66
BBlower,transition,303,303,0,126.43876139,0.00359415511514,218,606.06108629,479.6223249,3848.28382838,280,1.26362150973,0.719471947195
Babico_SMA5xBBmid,bear_trend,7,7,0,-901.30690862,-0.00969493816787,5,1089.19378418,1990.5006928,790765.714286,7,0.547195882986,0.714285714286
Babico_SMA5xBBmid,bull_trend,12,12,0,535.42672928,0.319645937859,11,1499.13622732,963.70949804,233520,12,1.55558934551,0.916666666667
Babico_SMA5xBBmid,high_vol_shock,17,17,0,3111.63002697,0.585888669664,15,4407.68702612,1296.05699915,432847.058824,14,3.4008435038,0.882352941176
Babico_SMA5xBBmid,range_choppy,13,13,0,660.95791432,0.19511175012,12,1663.38565552,1002.4277412,250670.769231,12,1.65935716576,0.923076923077
Babico_SMA5xBBmid,range_quiet,4,4,0,-169.8408679,0.247706008164,3,439.45877856,609.29964646,229320,4,0.721252311754,0.75
Babico_SMA5xBBmid,transition,16,16,0,968.39609771,0.262934199746,15,1616.45510542,648.05900771,257310,15,2.49430234931,0.9375
Bandtastic,bear_trend,5629,5629,0,-248.96634267,-0.00101437982304,3517,2927.83628641,3176.80262908,519.971575768,1015,0.921629899072,0.624800142121
Bandtastic,bull_trend,4919,4919,0,-309.46831049,-0.00040041711178,3034,3921.18575993,4230.65407042,523.521040862,999,0.926850953697,0.616792030901
Bandtastic,high_vol_shock,2570,2570,0,-271.65450021,3.01341585043e-05,1615,6085.88211599,6357.5366162,520.931906615,465,0.957270478078,0.628404669261
Bandtastic,range_choppy,3589,3589,0,66.98699195,-0.000938974715233,2297,2784.97602465,2717.9890327,514.380050153,857,1.02464579185,0.640011145166
Bandtastic,range_quiet,3419,3419,0,-114.36388888,-0.00137756768049,1993,471.67769995,586.04158883,533.634103539,773,0.804853629743,0.582918982159
Bandtastic,transition,4967,4967,0,-88.810263,-0.00107381773069,3068,3166.32204082,3255.13230382,529.448359171,1377,0.972716849974,0.617676665996
BbRoi,bear_trend,792,792,0,-47.97404337,-0.0027841105477,518,120.1914242,168.16546757,736.212121212,156,0.71472119655,0.65404040404
BbRoi,bull_trend,2028,2028,0,-354.16399226,-0.00338275638096,1390,576.62453014,930.7885224,547.596153846,276,0.619501117884,0.68540433925
BbRoi,high_vol_shock,2280,2280,0,-300.17680325,-0.00572599020667,1555,569.6620905,869.83889375,357.848684211,222,0.654905287167,0.68201754386
BbRoi,range_choppy,1044,1044,0,-52.05942548,-0.000859098438286,724,337.27010144,389.32952692,571.393678161,192,0.866284414923,0.693486590038
BbRoi,range_quiet,253,253,0,-14.78326471,7.30019979413e-05,161,57.88934031,72.67260502,949.624505929,77,0.79657720119,0.636363636364
BbRoi,transition,1227,1227,0,-197.30085662,-0.00206096825938,829,323.11110041,520.41195703,664.951100244,282,0.620875627559,0.675631621842
BbWidthExpansionStrategy,bear_trend,2331,2331,0,-156.55840803,-0.0025997770729,644,126.92614606,283.48455409,52.6619476619,333,0.44773566753,0.276276276276
BbWidthExpansionStrategy,bull_trend,2805,2805,0,-243.06580813,-0.00203891854875,837,324.63865424,567.70446237,53.2638146168,420,0.571844464433,0.298395721925
BbWidthExpansionStrategy,high_vol_shock,2339,2339,0,-128.62422392,-0.00142636235099,775,385.16111952,513.78534344,54.4014536127,275,0.749653769688,0.331338178709
BbWidthExpansionStrategy,range_choppy,2061,2061,0,-164.0237957,-0.00242107987657,577,164.84597861,328.86977431,51.7491508976,374,0.501250012884,0.279961183891
BbWidthExpansionStrategy,range_quiet,549,549,0,-77.55247593,-0.00234172825288,114,30.59907209,108.15154802,47.2404371585,127,0.282927731042,0.207650273224
BbWidthExpansionStrategy,transition,2589,2589,0,-195.8287393,-0.0021660931887,755,222.12764109,417.95638039,52.1958285052,519,0.53146129958,0.291618385477
BbandRsi,bear_trend,3742,3742,0,-221.95285318,-0.00119693495111,2304,2209.63089852,2431.5837517,774.326563335,1112,0.908720868436,0.615713522181
BbandRsi,bull_trend,2994,2994,0,-174.94885432,0.000225849697748,1929,2998.81589652,3173.76475084,762.184368737,1006,0.944876552595,0.644288577154
BbandRsi,high_vol_shock,1537,1537,0,-320.21879891,0.000359345763448,970,4749.7683963,5069.98719521,747.485361093,507,0.936840314072,0.631099544567
BbandRsi,range_choppy,2341,2341,0,218.99438347,-0.00058419565741,1490,2152.05222592,1933.05784245,751.266552755,947,1.11328910013,0.636480136694
BbandRsi,range_quiet,2414,2414,0,-58.23684982,-0.00132409827925,1486,573.52150675,631.75835657,774.596106048,884,0.907817840137,0.615575807788
BbandRsi,transition,3200,3200,0,-24.05699815,-0.000865607023491,1970,2227.9345028,2251.99150095,760.9265625,1450,0.989317456065,0.615625
BbandRsiRolling,bear_trend,3248,3248,0,84.18348255,-0.000977792459566,2390,6003.80982453,5919.62634198,1529.73368227,1007,1.01422108047,0.735837438424
BbandRsiRolling,bull_trend,2897,2897,0,-104.34035891,0.000563688042919,2152,9077.06016857,9181.40052748,1332.33862616,926,0.988635681605,0.742837418019
BbandRsiRolling,high_vol_shock,2724,2724,0,-2076.62222874,-0.00189144048913,1964,14947.1723453,17023.794574,619.97246696,549,0.878016489231,0.720998531571
BbandRsiRolling,range_choppy,2139,2139,0,814.02618722,-0.000218893745412,1596,5494.57802809,4680.55184087,1381.41187471,858,1.17391671215,0.746143057504
BbandRsiRolling,range_quiet,1421,1421,0,149.84287456,-0.000538745332266,1028,1231.42080442,1081.57792986,2374.13793103,700,1.13854098759,0.723434201267
BbandRsiRolling,transition,2573,2573,0,236.05190985,-0.000683262464276,1879,6099.40743898,5863.35552913,1629.41119316,1211,1.04025884303,0.73027594248
Best5m,bear_trend,230,118,112,123.16930829,0.00460318020522,228,232.49032572,109.32101743,14957.9347826,173,2.12667546631,0.991304347826
Best5m,bull_trend,194,111,83,-103.82350719,-0.00612868604324,190,202.98994509,306.81345228,26413.9948454,157,0.661607056606,0.979381443299
Best5m,high_vol_shock,168,99,69,-251.25538506,-0.0104029058615,164,173.05612603,424.31151109,4164.25595238,119,0.407851593716,0.97619047619
Best5m,range_choppy,148,75,73,26.53731528,0.00364286518034,147,157.08968158,130.5523663,9127.02702703,127,1.20326950811,0.993243243243
Best5m,range_quiet,107,56,51,-106.99285396,-0.00667882314502,105,117.54641201,224.53926597,12278.6448598,97,0.523500473301,0.981308411215
Best5m,transition,212,101,111,-20.07374795,-0.00134130373117,209,213.62734755,233.7010955,19235.4716981,180,0.914105032725,0.985849056604
BigDrop,bear_trend,1377,1377,0,915.94378633,0.00274358818335,1007,4573.37306003,3657.4292737,1661.75018155,582,1.25043376585,0.731299927378
BigDrop,bull_trend,1903,1903,0,595.2665962,0.00231192581508,1456,7536.86127602,6941.59467982,2207.22543353,653,1.08575358022,0.765107724645
BigDrop,high_vol_shock,1619,1619,0,-566.99091455,0.00146828695191,1206,11021.3103238,11588.3012383,1064.14762199,445,0.951072128443,0.74490426189
BigDrop,range_choppy,1078,1078,0,-1081.14294962,-0.000282700759894,816,3827.61432321,4908.75727283,2158.2606679,501,0.779752208241,0.756957328386
BigDrop,range_quiet,433,433,0,455.23572306,0.00438210971702,342,1570.40726554,1115.17154248,2899.65357968,257,1.40822035509,0.789838337182
BigDrop,transition,1280,1280,0,697.64741783,0.00129837196272,969,4669.04789211,3971.40047428,2242.30078125,673,1.17566785882,0.75703125
BigPete,bear_trend,2817,2817,0,-116.27392934,-0.00156934700562,2276,1549.53893508,1665.81286442,1478.04401846,699,0.930199885099,0.80795172169
BigPete,bull_trend,3040,3040,0,-461.17772812,-0.00148126016073,2423,3120.7231607,3581.90088882,1150.47861842,684,0.871247769708,0.797039473684
BigPete,high_vol_shock,3201,3201,0,-709.45898861,-0.00228767993485,2416,4277.79740589,4987.2563945,474.354889097,398,0.857745635578,0.754764136207
BigPete,range_choppy,2179,2179,0,260.86120351,-0.000508936639061,1765,1971.23869476,1710.37749125,1123.40293713,564,1.15251674256,0.810004589261
BigPete,range_quiet,838,838,0,91.83941123,-0.00064717945093,686,337.73897454,245.89956331,2956.67661098,346,1.37348342548,0.81861575179
BigPete,transition,2454,2454,0,-33.39939842,-0.00143088802803,1966,2043.88889811,2077.28829653,1398.87123064,823,0.983921635492,0.801140994295
BigTrader,bear_trend,13,13,0,75.10084557,0.0335070514485,13,75.10084557,0,386.153846154,7,inf,1
BigTrader,bull_trend,22,22,0,85.49856166,0.0277878983988,22,85.49856166,0,971.818181818,11,inf,1
BigTrader,high_vol_shock,46,46,0,227.29734061,0.0330487283295,46,227.29734061,0,528.47826087,21,inf,1
BigTrader,range_choppy,17,17,0,80.67991166,0.0275565994135,17,80.67991166,0,150,8,inf,1
BigTrader,range_quiet,12,12,0,55.86292754,0.0254141508245,12,55.86292754,0,1472.08333333,5,inf,1
BigTrader,transition,23,23,0,109.45980189,0.0282213984969,23,109.45980189,0,779.130434783,13,inf,1
BigWill,bear_trend,428,428,0,-157.44471765,-0.00285996066355,215,299.24996944,456.69468709,494.719626168,263,0.655251698562,0.502336448598
BigWill,bull_trend,873,873,0,223.9985825,0.00212909341245,560,907.36723071,683.36864821,410.58419244,506,1.32778586358,0.641466208477
BigWill,high_vol_shock,276,276,0,21.5543142,0.000985697096154,163,489.34179278,467.78747858,451.739130435,183,1.04607715082,0.590579710145
BigWill,range_choppy,463,463,0,-48.45520679,-0.000965648895545,261,425.14758389,473.60279068,478.574514039,304,0.897688088534,0.563714902808
BigWill,range_quiet,506,506,0,-49.52905714,-0.000790537047315,262,243.97055092,293.49960806,456.403162055,332,0.831246598701,0.517786561265
BigWill,transition,604,604,0,-140.98732961,-0.00187002598333,335,453.13776032,594.12508993,464.602649007,449,0.762697566557,0.554635761589
BigZ03,bear_trend,110,110,0,350.73541931,0.0131911103319,110,350.73541931,0,8529.04545455,75,inf,1
BigZ03,bull_trend,146,146,0,109.44758447,0.00697155720195,140,413.59696849,304.14938402,4984.10958904,90,1.35984812142,0.958904109589
BigZ03,high_vol_shock,193,193,0,597.92166079,0.0163423898158,187,654.49724906,56.57558827,33.3678756477,92,11.5685451813,0.968911917098
BigZ03,range_choppy,96,96,0,178.61901032,0.00818519105804,89,240.84521387,62.22620355,3728.54166667,68,3.87047899646,0.927083333333
BigZ03,range_quiet,73,73,0,192.00137803,0.00978872778313,68,236.15821758,44.15683955,6389.7260274,52,5.34816848277,0.931506849315
BigZ03,transition,100,100,0,-50.69526633,-0.00122860494839,92,273.49673144,324.19199777,13432.15,81,0.843625793731,0.92
BigZ03HO,bear_trend,1199,1199,0,43.3837884,0.00110990012151,965,543.97785502,500.59406662,1137.45621351,363,1.0866646077,0.80483736447
BigZ03HO,bull_trend,3922,3922,0,-435.24821744,-0.00153629827001,3046,2767.80243925,3203.05065669,1729.18026517,783,0.864114475826,0.776644569097
BigZ03HO,high_vol_shock,2261,2261,0,-260.26465967,-0.00052226780451,1825,2176.16985425,2436.43451392,1295.49756745,372,0.893178060735,0.807164971252
BigZ03HO,range_choppy,1449,1449,0,-108.73775711,-0.0016430362983,1160,1110.42250011,1219.16025722,2701.12146308,389,0.910809299708,0.8005521049
BigZ03HO,range_quiet,435,435,0,36.54060034,0.000631161548191,345,201.60947276,165.06887242,4797.2183908,227,1.2213657839,0.793103448276
BigZ03HO,transition,1585,1585,0,-145.75569043,-0.00126062881931,1271,1239.70565095,1385.46134138,2613.47634069,530,0.894796277545,0.801892744479
BigZ04_TSL3,bear_trend,219,219,0,-129.97507293,-0.00861794001218,145,141.59964801,271.57472094,999.223744292,101,0.521402167035,0.662100456621
BigZ04_TSL3,bull_trend,188,188,0,-72.13176712,-0.00438548846255,116,160.57351416,232.70528128,1228.59042553,102,0.690029522651,0.617021276596
BigZ04_TSL3,high_vol_shock,239,239,0,-175.76273443,-0.00623881314617,117,166.91878652,342.68152095,121.276150628,106,0.487095966124,0.489539748954
BigZ04_TSL3,range_choppy,164,164,0,-77.79363069,-0.00572736248311,113,124.28992533,202.08355602,758.536585366,88,0.615042251719,0.689024390244
BigZ04_TSL3,range_quiet,124,124,0,-54.0806748,-0.00693932283439,81,86.27971529,140.36039009,2434.43548387,67,0.614701307361,0.653225806452
BigZ04_TSL3,transition,218,218,0,-112.26211952,-0.00764080535257,139,157.56558359,269.82770311,1779.67889908,117,0.583948874685,0.637614678899
BigZ04_TSL4,bear_trend,231,231,0,-124.97524965,-0.00793449974139,156,153.10080848,278.07605813,973.961038961,110,0.550571701532,0.675324675325
BigZ04_TSL4,bull_trend,205,205,0,-63.38488749,-0.00377398177813,132,180.01779137,243.40267886,1198.68292683,116,0.739588373526,0.643902439024
BigZ04_TSL4,high_vol_shock,279,279,0,-184.89732608,-0.00529516524069,144,202.21961029,387.11693637,147.759856631,125,0.522373451769,0.516129032258
BigZ04_TSL4,range_choppy,174,174,0,-75.71502414,-0.00527511598742,121,133.05033977,208.76536391,719.568965517,95,0.637319990625,0.695402298851
BigZ04_TSL4,range_quiet,126,126,0,-61.47723015,-0.00788440148942,81,86.69525644,148.17248659,2570.91269841,69,0.585096858635,0.642857142857
BigZ04_TSL4,transition,222,222,0,-113.70213468,-0.00769480357274,142,160.14863461,273.85076929,1807.11711712,120,0.584802573406,0.63963963964
BigZ07Next,bear_trend,234,234,0,113.51774559,0.00256333067658,208,375.31684988,261.79910429,402.991452991,130,1.43360631771,0.888888888889
BigZ07Next,bull_trend,288,288,0,299.28567942,0.00596370421486,270,431.38988166,132.10420224,264.774305556,182,3.2655273212,0.9375
BigZ07Next,high_vol_shock,246,246,0,392.70438393,0.00958979392317,231,703.2081376,310.50375367,143.658536585,127,2.26473312895,0.939024390244
BigZ07Next,range_choppy,181,181,0,-42.69044508,-0.000631199365449,151,241.40785933,284.09830441,417.182320442,123,0.849733544983,0.834254143646
BigZ07Next,range_quiet,158,158,0,-21.19246487,-0.000531907874237,125,151.05593014,172.24839501,395,101,0.876965675827,0.791139240506
BigZ07Next,transition,230,230,0,-71.02095219,-0.000971218458024,195,272.00997051,343.0309227,438.630434783,162,0.792960495716,0.847826086957
BigZ07Next2,bear_trend,229,229,0,127.04474192,0.00289630196763,201,422.79274613,295.74800421,453.799126638,130,1.42957091886,0.877729257642
BigZ07Next2,bull_trend,286,286,0,347.13674791,0.00681400898248,267,483.02707849,135.89033058,284.562937063,182,3.55453604703,0.933566433566
BigZ07Next2,high_vol_shock,242,242,0,398.92997318,0.00968039783915,225,745.83097828,346.9010051,172.851239669,125,2.14998217738,0.929752066116
BigZ07Next2,range_choppy,176,176,0,-33.52496577,-0.000322264979357,144,270.92118329,304.44614906,496.590909091,123,0.889882115857,0.818181818182
BigZ07Next2,range_quiet,153,153,0,-69.02996488,-0.00201161881011,116,163.86803085,232.89799573,534.477124183,100,0.703604298252,0.758169934641
BigZ07Next2,transition,227,227,0,-61.40804501,-0.000634183244633,188,307.66756918,369.07561419,513.303964758,162,0.833616628547,0.828193832599
BinClucMad,bear_trend,305,305,0,173.9331102,0.00188193106124,202,1101.91425317,927.98114297,323.868852459,179,1.1874317291,0.662295081967
BinClucMad,bull_trend,445,445,0,582.95127735,0.0056978406327,330,1467.76483379,884.81355644,271.606741573,257,1.65884080675,0.741573033708
BinClucMad,high_vol_shock,320,320,0,1391.9090899,0.0178233909331,284,1792.07402855,400.16493865,80.046875,128,4.47833844363,0.8875
BinClucMad,range_choppy,289,289,0,382.68982304,0.00413794861441,211,1015.60482967,632.91500663,308.806228374,176,1.60464646758,0.730103806228
BinClucMad,range_quiet,253,253,0,76.36166315,0.00104464464337,154,681.99383836,605.63217521,409.505928854,167,1.12608587568,0.608695652174
BinClucMad,transition,350,350,0,-194.47130707,-0.000669357193759,224,1023.08658861,1217.55789568,372.385714286,241,0.840277568927,0.64
BinClucMadDevelop,bear_trend,72,72,0,155.71915926,0.00682685059805,57,217.21729037,61.49813111,147.708333333,44,3.53209579624,0.791666666667
BinClucMadDevelop,bull_trend,210,210,0,542.0163226,0.0115877602033,186,684.29872989,142.28240729,116.19047619,119,4.80944020363,0.885714285714
BinClucMadDevelop,high_vol_shock,281,281,0,1199.86232261,0.018690891185,261,1357.0416375,157.17931489,71.6903914591,107,8.63371645595,0.928825622776
BinClucMadDevelop,range_choppy,125,125,0,257.2382606,0.00797368183727,109,353.61886216,96.38060156,147.2,73,3.66898376267,0.872
BinClucMadDevelop,range_quiet,79,79,0,152.90981999,0.00543986058177,58,220.83819045,67.92837046,193.544303797,50,3.25104501925,0.73417721519
BinClucMadDevelop,transition,120,120,0,-43.26687238,0.000119509489267,90,283.76974011,327.03661249,236.375,76,0.867700218484,0.75
BinClucMadSMADevelop,bear_trend,48,48,0,157.96321567,0.0125257501854,40,185.40435113,27.44113546,147.8125,36,6.75643875598,0.833333333333
BinClucMadSMADevelop,bull_trend,215,215,0,454.73979178,0.00940942928903,182,647.2776206,192.53782882,141.325581395,117,3.36182050336,0.846511627907
BinClucMadSMADevelop,high_vol_shock,396,396,0,1137.63476795,0.0135046207568,367,1534.56035452,396.92558657,60.2651515152,134,3.86611598355,0.926767676768
BinClucMadSMADevelop,range_choppy,96,96,0,95.91922727,0.00516246413551,80,250.28845391,154.36922664,183.4375,59,1.6213623619,0.833333333333
BinClucMadSMADevelop,range_quiet,56,56,0,-83.03350434,-0.00424229392493,45,161.20520278,244.23870712,144.285714286,38,0.660031346714,0.803571428571
BinClucMadSMADevelop,transition,112,112,0,-160.63794298,-0.0035662867129,79,240.28175567,400.91969865,224.285714286,79,0.599326389996,0.705357142857
BinClucMadV1,bear_trend,60,60,0,143.43821612,0.00941898386964,45,219.88936037,76.45114425,140.583333333,43,2.8762075771,0.75
BinClucMadV1,bull_trend,235,235,0,435.89887967,0.00840052098699,195,692.05569115,256.15681148,113.085106383,125,2.70168763872,0.829787234043
BinClucMadV1,high_vol_shock,359,359,0,1020.80801862,0.0136802746926,333,1304.93151099,284.12349237,44.0807799443,132,4.59283215233,0.927576601671
BinClucMadV1,range_choppy,103,103,0,124.03034816,0.00430969485356,82,256.71303943,132.68269127,138.155339806,68,1.93478921005,0.796116504854
BinClucMadV1,range_quiet,60,60,0,145.35928519,0.00834963428241,49,186.29350267,40.93421748,157.583333333,43,4.55104590093,0.816666666667
BinClucMadV1,transition,116,116,0,84.96814979,0.00344805374101,89,280.45874687,195.49059708,158.534482759,84,1.43464059683,0.76724137931
BinHV27,bear_trend,2408,2408,0,-192.13746529,-0.00114552693512,1343,1109.66317177,1301.80063706,291.860465116,903,0.852406382498,0.557724252492
BinHV27,bull_trend,1653,1653,0,-1.13715991,1.6393943798e-06,998,1139.33884786,1140.47600777,292.078039927,732,0.999002907644,0.603750756201
BinHV27,high_vol_shock,945,945,0,131.02498904,0.0016407415802,590,1647.2379459,1516.21295686,285.211640212,398,1.08641595394,0.624338624339
BinHV27,range_choppy,1364,1364,0,-242.11507196,-0.00195811711659,798,820.60849068,1062.72356264,302.159090909,695,0.772174928202,0.58504398827
BinHV27,range_quiet,1373,1373,0,-120.76862069,-0.00131518726593,748,372.58685186,493.35547255,299.08594319,660,0.755209727246,0.544792425346
BinHV27,transition,1928,1928,0,-312.46569653,-0.00189055698731,1095,1003.48704511,1315.95274164,302.437759336,1054,0.762555533612,0.567946058091
BinHV27F,bear_trend,1443,1443,0,-131.24025499,-0.00396173851572,838,573.18982715,704.43008214,280.890505891,634,0.813693000459,0.580734580735
BinHV27F,bull_trend,1152,1152,0,-303.25568094,-0.00173531387029,705,1177.86570732,1481.12138826,280.629340278,542,0.795252648876,0.611979166667
BinHV27F,high_vol_shock,846,846,0,138.83967124,0.00050859601404,524,2623.15792339,2484.31825215,260.325059102,317,1.05588642724,0.61938534279
BinHV27F,range_choppy,1083,1083,0,-130.35934295,-0.00707661820843,643,710.64705003,841.00639298,284.819944598,535,0.844996014254,0.593721144968
BinHV27F,range_quiet,712,712,0,-60.04216475,-0.00551621401291,424,126.24112991,186.28329466,277.83005618,416,0.677683579413,0.595505617978
BinHV27F,transition,1253,1253,0,-85.03563962,-0.00397894675132,746,764.0003939,849.03603352,286.41660016,717,0.89984448685,0.595371109338
BinHV27_combined,bear_trend,451,268,183,-9.08196516,-0.000417913901238,261,293.09316111,302.17512627,302.738359202,276,0.969944696401,0.578713968958
BinHV27_combined,bull_trend,347,213,134,-22.21793463,-0.000598479727828,209,230.62887801,252.84681264,255.374639769,226,0.912128872031,0.602305475504
BinHV27_combined,high_vol_shock,293,187,106,-80.63554101,-0.00258718224019,176,224.33555548,304.97109649,197.627986348,179,0.735596120622,0.600682593857
BinHV27_combined,range_choppy,297,174,123,-136.7226785,-0.00517214228083,155,167.24791861,303.97059711,293.98989899,222,0.550210843417,0.521885521886
BinHV27_combined,range_quiet,147,87,60,-24.96631354,-0.00179124553762,78,63.75218258,88.71849612,365.952380952,112,0.7185895317,0.530612244898
BinHV27_combined,transition,372,198,174,-29.94155703,-0.00062386495704,222,252.13293154,282.07448857,276.102150538,262,0.893852304114,0.596774193548
BinHV27_short,bear_trend,1507,0,1507,-433.83666583,-0.00318389888275,589,933.58686768,1367.42353351,772.810218978,557,0.682734240564,0.390842733908
BinHV27_short,bull_trend,221,0,221,35.49585946,0.00111201888023,100,189.75880373,154.26294427,562.760180995,145,1.23009971467,0.452488687783
BinHV27_short,high_vol_shock,439,0,439,14.61894962,-0.000102867119393,180,582.14570602,567.5267564,400.318906606,189,1.02575904916,0.410022779043
BinHV27_short,range_choppy,578,0,578,41.55360809,0.000815993208282,243,479.34086981,437.78726172,653.243944637,309,1.09491735307,0.420415224913
BinHV27_short,range_quiet,320,0,320,-66.70312732,-0.0027601657583,125,126.63507961,193.33820693,963.109375,180,0.654992521245,0.390625
BinHV27_short,transition,695,0,695,-156.78481213,-0.00202447037579,274,457.60121522,614.38602735,651.302158273,399,0.744810583004,0.394244604317
BinHV27_werkkrew,bear_trend,2454,2454,0,-173.69372544,-0.00138629906837,1491,702.6826708,876.37639624,243.253871231,904,0.801804651306,0.607579462103
BinHV27_werkkrew,bull_trend,1687,1687,0,-36.67650569,-0.000264416762259,1118,787.84844411,824.5249498,234.679905157,733,0.955518015921,0.662714878483
BinHV27_werkkrew,high_vol_shock,968,968,0,-20.72759339,1.15254834568e-05,664,995.52652957,1016.25412296,222.825413223,400,0.97960392689,0.685950413223
BinHV27_werkkrew,range_choppy,1389,1389,0,-200.7399798,-0.00218658431991,882,544.67556025,745.41554005,246.846652268,697,0.730700570334,0.634989200864
BinHV27_werkkrew,range_quiet,1403,1403,0,-111.6029466,-0.00195746063281,846,213.71103419,325.31398079,249.682822523,663,0.65693774879,0.602993585175
BinHV27_werkkrew,transition,1976,1976,0,-296.23651748,-0.00209516544487,1228,624.668047,920.90456448,247.37854251,1058,0.678320068218,0.621457489879
BinHV45,bear_trend,92,92,0,14.08693569,0.00135500416533,76,109.80600554,95.71906985,443.315217391,47,1.14716958399,0.826086956522
BinHV45,bull_trend,129,129,0,-25.82128166,-0.00147153845689,101,148.47380985,174.29509151,66.1627906977,67,0.851853076089,0.782945736434
BinHV45,high_vol_shock,304,304,0,-54.65443703,-0.0014787639695,238,351.78261763,406.43705466,36.8421052632,105,0.865527917784,0.782894736842
BinHV45,range_choppy,67,67,0,-29.4080421,-0.00382226618442,50,73.20308536,102.61112746,125.223880597,44,0.713402992171,0.746268656716
BinHV45,range_quiet,34,34,0,-3.17951117,-0.000738424328827,27,38.54224876,41.72175993,104.705882353,18,0.923792496402,0.794117647059
BinHV45,transition,68,68,0,53.65778809,0.00680647120939,62,89.93422181,36.27643372,151.691176471,52,2.47913624873,0.911764705882
BinHV45HO,bear_trend,56,56,0,121.21948647,0.0125329866187,56,121.21948647,0,19.1964285714,22,inf,1
BinHV45HO,bull_trend,83,83,0,135.99775925,0.0100377929511,82,162.64432295,26.6465637,114.638554217,28,6.10376350141,0.987951807229
BinHV45HO,high_vol_shock,299,299,0,165.28226382,0.00362321542558,286,579.6557383,414.37347448,31.4381270903,70,1.39887269335,0.95652173913
BinHV45HO,range_choppy,51,51,0,111.53845591,0.0125045601722,51,111.53845591,0,12.1568627451,28,inf,1
BinHV45HO,range_quiet,17,17,0,-79.87469504,-0.0235613874595,14,31.25405604,111.12875108,7.64705882353,6,0.281241854482,0.823529411765
BinHV45HO,transition,38,38,0,1.38098015,0.00177115301936,36,79.28982934,77.90884919,11.5789473684,22,1.01772558784,0.947368421053
BinHV45_kanaxe,bear_trend,335,335,0,24.52784646,0.00100498014472,275,255.88357379,231.35572733,216.835820896,127,1.10601789177,0.820895522388
BinHV45_kanaxe,bull_trend,414,414,0,-53.76451597,-0.000713265093252,329,358.43109155,412.19560752,60.5072463768,143,0.86956552911,0.794685990338
BinHV45_kanaxe,high_vol_shock,952,952,0,-129.72811666,-0.0013596017505,747,820.37305269,950.10116935,36.974789916,214,0.86345862857,0.784663865546
BinHV45_kanaxe,range_choppy,235,235,0,-70.17519538,-0.00416453328126,174,173.73384384,243.90903922,143.914893617,116,0.712289484619,0.740425531915
BinHV45_kanaxe,range_quiet,85,85,0,-3.18478756,-0.00110943501458,67,60.69264354,63.8774311,270.588235294,39,0.950142209773,0.788235294118
BinHV45_kanaxe,transition,249,249,0,9.07591522,9.26813327219e-05,201,201.55953401,192.48361879,192.791164659,134,1.047151624,0.807228915663
BinHV45_stash,bear_trend,314,314,0,8.83080833,0.000441135549027,255,234.72739243,225.8965841,221.974522293,122,1.03909226147,0.812101910828
BinHV45_stash,bull_trend,390,390,0,-58.03554515,-0.000866536206993,309,341.75290106,399.78844621,58.2179487179,139,0.854834361272,0.792307692308
BinHV45_stash,high_vol_shock,898,898,0,-155.65895271,-0.00176328470236,699,774.04152709,929.7004798,34.6659242762,203,0.832570859011,0.778396436526
BinHV45_stash,range_choppy,225,225,0,-69.98192808,-0.0043295245254,166,165.03223087,235.01415895,147.044444444,109,0.702222502709,0.737777777778
BinHV45_stash,range_quiet,79,79,0,-3.53808928,-0.00133236622405,62,55.39436573,58.93245501,252.658227848,35,0.939963653654,0.784810126582
BinHV45_stash,transition,235,235,0,8.64938296,-9.85089633273e-05,189,191.02600853,182.37662557,180.531914894,129,1.04742594032,0.804255319149
BinHV45_werkkrew,bear_trend,104,104,0,283.47148216,0.011985513274,91,500.26872908,216.79724692,347.355769231,61,2.30754189081,0.875
BinHV45_werkkrew,bull_trend,154,154,0,172.34500569,0.00648802626507,124,503.55879075,331.21378506,289.285714286,84,1.52034369783,0.805194805195
BinHV45_werkkrew,high_vol_shock,308,308,0,584.1500375,0.00989608055377,240,1355.81566008,771.66562258,148.246753247,125,1.75699891301,0.779220779221
BinHV45_werkkrew,range_choppy,84,84,0,114.14593387,0.00727543909641,67,338.50745408,224.36152021,354.761904762,58,1.50875896082,0.797619047619
BinHV45_werkkrew,range_quiet,39,39,0,-29.53977226,0.000269685315132,27,203.05067625,232.59044851,713.461538462,19,0.872996623682,0.692307692308
BinHV45_werkkrew,transition,91,91,0,114.31411449,0.00618146742954,75,296.39897199,182.0848575,280.989010989,69,1.62780681524,0.824175824176
BinMfiBTCv5003,bear_trend,8,8,0,-8.53047326,-0.008659146426,5,13.62986636,22.16033962,108.125,6,0.615056745236,0.625
BinMfiBTCv5003,bull_trend,12,12,0,-0.4528506,-0.000211308640325,7,17.12095155,17.57380215,42.9166666667,6,0.974231495488,0.583333333333
BinMfiBTCv5003,high_vol_shock,103,103,0,5.37116169,0.000582235668676,44,190.58503993,185.21387824,17.572815534,31,1.02899977983,0.427184466019
BinMfiBTCv5003,range_choppy,10,10,0,3.88196236,0.0034081260116,4,11.93440124,8.05243888,48,3,1.48208529339,0.4
BinMfiBTCv5003,range_quiet,17,17,0,-25.25458043,-0.0123044336767,0,0,25.25458043,6.47058823529,2,0,0
BinMfiBTCv5003,transition,17,17,0,-17.05313292,-0.00820894517866,5,19.66219656,36.71532948,46.7647058824,5,0.535530984972,0.294117647059
BollingerBandStrategy,bear_trend,2700,2700,0,-171.34941082,-0.00213623166088,1690,95.06208492,266.41149574,346.321111111,949,0.356824260364,0.625925925926
BollingerBandStrategy,bull_trend,2859,2859,0,-217.85300038,-0.00188031203443,1899,209.33741491,427.19041529,371.59706191,866,0.490033033086,0.664218258132
BollingerBandStrategy,high_vol_shock,1204,1204,0,-216.05687703,-0.00272294326623,822,173.09910637,389.1559834,165.86461794,446,0.444806488282,0.682724252492
BollingerBandStrategy,range_choppy,1814,1814,0,-102.47918873,-0.00198659905441,1148,99.2848067,201.76399543,329.030871003,765,0.492083865054,0.632855567806
BollingerBandStrategy,range_quiet,1654,1654,0,-71.96569386,-0.00191265504854,992,25.78084172,97.74653558,562.193470375,684,0.263751974093,0.599758162031
BollingerBandStrategy,transition,2527,2527,0,-186.91014259,-0.00217651498136,1604,113.92769336,300.83783595,421.380688564,1132,0.37870134586,0.634744756628
BollingerBounce,bear_trend,188,188,0,186.39366508,0.00560613961993,139,473.35469759,286.96103251,1151.14361702,111,1.64954347094,0.739361702128
BollingerBounce,bull_trend,309,309,0,191.62986853,0.00460792334201,247,781.76458982,590.13472129,1858.51132686,167,1.32472223988,0.799352750809
BollingerBounce,high_vol_shock,409,409,0,249.11045015,0.00478091484062,323,1834.00545775,1584.8950076,792.053789731,200,1.1571778881,0.789731051345
BollingerBounce,range_choppy,154,154,0,-79.34470462,-0.00173594480496,120,368.07855858,447.4232632,2662.62987013,112,0.822662987945,0.779220779221
BollingerBounce,range_quiet,74,74,0,87.64233799,0.00715280745567,58,176.39570034,88.75336235,2432.22972973,41,1.98748188992,0.783783783784
BollingerBounce,transition,174,174,0,43.98721116,0.00278767073824,135,451.75600159,407.76879043,1171.37931034,132,1.10787292258,0.775862068966
BollingerBounceStrategy,bear_trend,2429,2429,0,-250.57583793,-0.00146584170539,1201,355.93057328,606.50641121,70,836,0.586853768899,0.494442157266
BollingerBounceStrategy,bull_trend,1779,1779,0,-120.13694667,-0.000842082045204,1007,451.86697358,572.00392025,65.9893198426,700,0.7899718124,0.566048341765
BollingerBounceStrategy,high_vol_shock,830,830,0,79.75048798,0.000842709489768,510,500.77617289,421.02568491,65.765060241,337,1.18941953149,0.614457831325
BollingerBounceStrategy,range_choppy,1417,1417,0,-135.3266888,-0.00112222006792,797,289.23149161,424.55818041,69.7035991531,647,0.681252899969,0.562455892731
BollingerBounceStrategy,range_quiet,1453,1453,0,-120.73088558,-0.00127541298018,650,103.28080278,224.01168836,68.4308327598,624,0.46105095469,0.447350309704
BollingerBounceStrategy,transition,1928,1928,0,-170.15360777,-0.00119839102322,987,337.15498923,507.308597,69.6291493776,1006,0.664595457723,0.511929460581
BollingerBounce_Shorts,bear_trend,141,0,141,-89.85836954,-0.00575633729458,101,240.57941601,330.43778555,803.085106383,93,0.72806266877,0.716312056738
BollingerBounce_Shorts,bull_trend,193,0,193,-269.15242436,-0.0101847376778,128,473.61100128,742.76342564,430.207253886,142,0.637633713415,0.663212435233
BollingerBounce_Shorts,high_vol_shock,422,0,422,-149.53778747,-0.00470448245237,316,1491.33934632,1640.87713379,246.552132701,213,0.908867163549,0.748815165877
BollingerBounce_Shorts,range_choppy,147,0,147,-49.29195559,-0.00213158681061,111,345.18833591,394.4802915,489.183673469,110,0.875045834603,0.755102040816
BollingerBounce_Shorts,range_quiet,33,0,33,-64.28176256,-0.0198593401522,20,61.735285,126.01704756,551.96969697,28,0.489896297329,0.606060606061
BollingerBounce_Shorts,transition,144,0,144,-193.9791783,-0.0133331213945,102,297.23113684,491.21031514,816.909722222,108,0.605099542251,0.708333333333
BopTrendStrategy,bear_trend,1482,1482,0,-97.71722995,-0.00231556457539,347,81.00136418,178.71859413,60.9986504723,112,0.453234116877,0.234143049933
BopTrendStrategy,bull_trend,3263,3263,0,-250.78035548,-0.00222956225946,842,212.36859055,463.14894603,62.5099601594,227,0.458531952562,0.258044744101
BopTrendStrategy,high_vol_shock,2254,2254,0,-131.83682835,-0.00197086259043,664,187.85436268,319.69119103,60.8318544809,103,0.587611945374,0.294587400177
BopTrendStrategy,range_choppy,1879,1879,0,-169.22504205,-0.00188141246898,481,162.20257759,331.42761964,61.4954763172,186,0.489405734399,0.255987227249
BopTrendStrategy,range_quiet,946,946,0,-65.16250918,-0.00219390206206,197,26.30884927,91.47135845,64.7251585624,109,0.287618438338,0.208245243129
BopTrendStrategy,transition,2559,2559,0,-250.98206727,-0.00241116192361,600,173.97815191,424.96021918,60.3692848769,241,0.409398677941,0.234466588511
BullishEngulfingStrategy,bear_trend,2832,2832,0,-150.69755299,-0.00219106011748,728,101.2293989,251.92695189,49.7086864407,323,0.401820440967,0.257062146893
BullishEngulfingStrategy,bull_trend,3346,3346,0,-244.94389065,-0.00179528786318,1011,264.47019022,509.41408087,52.6823072325,414,0.519165449389,0.302151823072
BullishEngulfingStrategy,high_vol_shock,2481,2481,0,-116.54248289,-0.00145990812022,850,313.4574666,429.99994949,55.1289802499,268,0.728970938187,0.342603788795
BullishEngulfingStrategy,range_choppy,2464,2464,0,-135.68095068,-0.0015771799964,754,154.40435704,290.08530772,50.6858766234,363,0.532272241754,0.306006493506
BullishEngulfingStrategy,range_quiet,670,670,0,-52.81401468,-0.00149648218835,142,31.83711736,84.65113204,50.3507462687,126,0.37609795159,0.211940298507
BullishEngulfingStrategy,transition,3135,3135,0,-264.97465871,-0.00200361904863,852,157.76858749,422.7432462,49.966507177,505,0.373201911345,0.271770334928
BuyDips,bear_trend,1,1,0,10.56235112,0.0886267904655,1,10.56235112,0,65,1,inf,1
BuyDips,bull_trend,3,3,0,0.61415347,0.00165344461928,2,0.6163472,0.00219373,348.333333333,3,280.958550049,0.666666666667
BuyDips,high_vol_shock,6,6,0,-38.48040551,-0.0515313517978,4,18.89006438,57.37046989,515,5,0.329264592328,0.666666666667
BuyDips,range_quiet,1,1,0,0.00570542,4.78826132868e-05,1,0.00570542,0,340,1,inf,1
BuyDips,transition,2,2,0,0.01878879,7.58406167054e-05,2,0.01878879,0,387.5,1,inf,1
BuyOnly,bear_trend,518,518,0,-195.5181293,-0.00296614365322,452,584.47766229,779.99579159,1325.87837838,335,0.749334379226,0.872586872587
BuyOnly,bull_trend,419,419,0,89.95315579,0.00175169960778,385,508.52989816,418.57674237,1530.7875895,275,1.21490242215,0.918854415274
BuyOnly,high_vol_shock,295,295,0,-11.71449673,2.23113346311e-05,259,440.25777177,451.9722685,594.508474576,155,0.974081381655,0.877966101695
BuyOnly,range_choppy,315,315,0,-57.61895903,-0.00131810291777,281,358.06678554,415.68574457,1097.42857143,232,0.861388176567,0.892063492063
BuyOnly,range_quiet,283,283,0,-34.98712708,-0.000947801998478,254,303.42679438,338.41392146,2373.33922261,211,0.89661439775,0.897526501767
BuyOnly,transition,449,449,0,-12.12658183,-0.000114610511821,406,508.58592471,520.71250654,1700.57906459,340,0.976711560261,0.904231625835
BuyOrDie,bear_trend,958,958,0,-717.97031438,0.00314405251138,45,7317.87579536,8035.84610974,11911.2682672,169,0.910654048799,0.0469728601253
BuyOrDie,bull_trend,51,51,0,-14.17912062,0.016742723058,3,604.27372005,618.45284067,6800.58823529,12,0.977073238754,0.0588235294118
BuyOrDie,high_vol_shock,703,703,0,1963.22437348,0.0272973027379,44,9867.0111183,7903.78674482,7420.74679943,117,1.24839035223,0.0625889046942
BuyOrDie,range_choppy,251,251,0,729.0530584,0.0254255679156,15,3128.80075823,2399.74769983,10261.5338645,57,1.30380404509,0.0597609561753
BuyOrDie,range_quiet,64,64,0,211.67400764,0.00658974447517,7,567.07199508,355.39798744,24355.078125,35,1.59559709149,0.109375
BuyOrDie,transition,307,307,0,-382.99877906,0.00827398707147,13,2437.11065847,2820.10943753,14228.534202,90,0.864190100582,0.042345276873
CBPete9,bear_trend,366,366,0,93.72403495,0.0010320952112,306,646.31576594,552.59173099,170.546448087,183,1.1696081025,0.83606557377
CBPete9,bull_trend,473,473,0,243.66640754,0.00314796999781,393,776.19636409,532.52995655,210.190274841,250,1.45756375682,0.830866807611
CBPete9,high_vol_shock,325,325,0,694.16712705,0.0114861561812,272,873.50221274,179.33508569,43.9692307692,120,4.87078258769,0.836923076923
CBPete9,range_choppy,318,318,0,56.98489242,0.00117441212722,263,509.8024581,452.81756568,180.817610063,174,1.12584514546,0.827044025157
CBPete9,range_quiet,277,277,0,-87.07269454,-0.00132644471621,222,379.67719024,466.74988478,484.133574007,168,0.81344892119,0.801444043321
CBPete9,transition,397,397,0,-157.71785195,-0.00145637002229,307,553.97445503,711.69230698,330.80604534,241,0.778390393709,0.773299748111
CCI_BB,bull_trend,424,424,0,174.29651623,0.0133778807383,420,4859.79129641,4685.49478018,24972.8773585,148,1.03719916987,0.990566037736
CCI_BB,high_vol_shock,372,372,0,2482.25287587,0.0164326751508,370,4850.53371042,2368.28083455,23585.7258065,88,2.04812437767,0.994623655914
CCI_BB,range_choppy,85,85,0,984.63015391,0.0209915509288,85,984.63015391,0,7021.05882353,40,inf,1
CCI_BB,range_quiet,6,6,0,147.69485958,0.0200077259479,6,147.69485958,0,38315,5,inf,1
CCI_BB,transition,163,163,0,529.3368194,0.013131991022,161,2289.05159214,1759.71477274,31453.7423313,73,1.30080830576,0.98773006135
CMCWinner,bear_trend,1350,1350,0,-283.80975451,-0.00289698101711,806,282.93640174,566.74615625,181.433333333,511,0.499229502697,0.597037037037
CMCWinner,bull_trend,862,862,0,-22.79018937,-0.000970122921851,516,353.87846941,376.66865878,212.279582367,381,0.939495392466,0.598607888631
CMCWinner,high_vol_shock,499,499,0,40.36575416,0.000702870332997,312,426.40614668,386.04039252,81.3126252505,203,1.10456355071,0.625250501002
CMCWinner,range_choppy,758,758,0,-162.38365536,-0.00253722699296,454,202.93656958,365.32022494,165.158311346,377,0.555503242705,0.598944591029
CMCWinner,range_quiet,687,687,0,-88.45869104,-0.00158130610131,400,80.11677337,168.57546441,297.860262009,341,0.475257616228,0.582241630277
CMCWinner,transition,1040,1040,0,-205.88217678,-0.00257646458448,621,239.73501698,445.61719376,224.0625,543,0.537984216805,0.597115384615
CTIBS,bear_trend,936,936,0,42.44344842,-0.00132406657888,819,637.84480514,595.40135672,3708.3974359,461,1.07128544123,0.875
CTIBS,bull_trend,990,990,0,-419.56750156,-0.005367831155,843,1207.07794766,1626.64544922,3887.95454545,478,0.742065794509,0.851515151515
CTIBS,high_vol_shock,1059,1059,0,-680.49196555,-0.00446191446258,812,2131.35394396,2811.84590951,1276.06232295,332,0.757991018196,0.766761095373
CTIBS,range_choppy,579,579,0,54.09721069,-0.00301231478154,501,623.57614167,569.47893098,3327.95336788,340,1.09499422673,0.865284974093
CTIBS,range_quiet,357,357,0,8.43391874,-0.00556315361187,310,133.04408191,124.61016317,5501.80672269,227,1.06768243075,0.868347338936
CTIBS,transition,733,733,0,74.48968387,-0.0002548829221,655,761.07908885,686.58940498,4021.73942701,484,1.10849232937,0.893587994543
Candle2,bear_trend,1308,1308,0,-320.56394013,-0.00439810832756,379,1482.30339837,1802.8673385,3666.51376147,532,0.822192163958,0.289755351682
Candle2,bull_trend,1078,1078,0,-261.57284121,-0.00254752647147,329,2389.35742036,2650.93026157,3390.66790353,517,0.901327905527,0.305194805195
Candle2,high_vol_shock,1297,1297,0,-881.07631595,-0.00647693614883,343,3775.19600192,4656.27231787,1168.77409406,363,0.810776463273,0.264456437934
Candle2,range_choppy,811,811,0,328.26259039,-0.000542193690666,253,1624.1283656,1295.86577521,3579.72872996,418,1.25331527128,0.31196054254
Candle2,range_quiet,403,403,0,21.36426819,-0.000492628168222,138,329.70537008,308.34110189,6768.8337469,242,1.06928777273,0.342431761787
Candle2,transition,1034,1034,0,152.39995113,-0.00305507464274,316,1932.50992201,1780.10997088,4045.88007737,609,1.0856126608,0.305609284333
CciMeanReversionStrategy,bear_trend,2991,2991,0,-97.02292533,-0.00120568659605,1651,146.80669748,243.82962281,91.925777332,347,0.602087210685,0.551989301237
CciMeanReversionStrategy,bull_trend,3738,3738,0,-241.70675404,-0.0017362527702,2026,326.92623177,568.63298581,94.9665596576,448,0.57493363897,0.542001070091
CciMeanReversionStrategy,high_vol_shock,2730,2730,0,-254.1020072,-0.00246682121321,1608,411.13450352,665.23651072,89.0201465201,273,0.618027568984,0.589010989011
CciMeanReversionStrategy,range_choppy,2759,2759,0,-138.70801689,-0.00162662448948,1526,187.50035892,326.20837581,93.6045668721,378,0.574787077292,0.553098948895
CciMeanReversionStrategy,range_quiet,711,711,0,-46.16868607,-0.00135907176867,253,27.04271157,73.21139764,96.1251758087,139,0.369378436169,0.355836849508
CciMeanReversionStrategy,transition,3441,3441,0,-188.51626286,-0.00133453218227,1835,225.31328379,413.82954665,93.1400755594,547,0.544459151392,0.533275210695
Cenderawasih_30m,bull_trend,2,2,0,-0.67961817,-0.00205355548023,1,5.666826,6.34644417,60,2,0.892913550991,0.5
Cenderawasih_30m,high_vol_shock,19,19,0,65.22773371,0.0269929289424,16,86.42399825,21.19626454,85.2631578947,13,4.07732211904,0.842105263158
Cenderawasih_3_kucoin,bear_trend,18,18,0,4.14815107,0.00193418764722,8,18.71638317,14.5682321,13.0555555556,10,1.28473949629,0.444444444444
Cenderawasih_3_kucoin,bull_trend,39,39,0,12.67804037,0.00271969417886,9,41.89680551,29.21876514,4.35897435897,16,1.43390062206,0.230769230769
Cenderawasih_3_kucoin,high_vol_shock,73,73,0,-31.92988435,-0.00348096663065,11,53.67176974,85.60165409,6.30136986301,27,0.626994540124,0.150684931507
Cenderawasih_3_kucoin,range_choppy,21,21,0,-2.80029908,-0.00106135977512,7,14.5424496,17.34274868,24.5238095238,9,0.83853199215,0.333333333333
Cenderawasih_3_kucoin,range_quiet,14,14,0,15.59061313,0.00910696508931,7,24.62895376,9.03834063,8.57142857143,7,2.72494197422,0.5
Cenderawasih_3_kucoin,transition,26,26,0,-0.97062149,-0.000308571166858,8,17.6531096,18.62373109,9.03846153846,12,0.947882543766,0.307692307692
ChaikinMoneyFlowStrategy,bear_trend,2038,2038,0,-97.55033307,-0.00191401060775,520,95.60358221,193.15391528,39.0677134446,214,0.494960622835,0.255152109912
ChaikinMoneyFlowStrategy,bull_trend,3629,3629,0,-216.18321161,-0.00161611590943,976,240.20293005,456.38614166,42.9966933039,327,0.526315126871,0.268944612841
ChaikinMoneyFlowStrategy,high_vol_shock,3428,3428,0,-148.25601925,-0.00175467531954,993,231.72684053,379.98285978,39.4792882147,263,0.609834982199,0.28967327888
ChaikinMoneyFlowStrategy,range_choppy,2148,2148,0,-168.60109358,-0.00187551142373,542,141.52204642,310.12314,39.1224394786,241,0.456341459783,0.252327746741
ChaikinMoneyFlowStrategy,range_quiet,797,797,0,-73.77633562,-0.00207529555498,142,22.517668,96.29400362,39.7176913425,120,0.233842889001,0.178168130489
ChaikinMoneyFlowStrategy,transition,2697,2697,0,-261.31208823,-0.00205665129475,668,163.69312257,425.0052108,40.3299962922,363,0.385155566121,0.247682610308
Chandem,bear_trend,2923,2923,0,-390.59157706,-0.000762850485376,1716,3777.23758442,4167.82916148,1609.09339719,1006,0.906284168106,0.587068080739
Chandem,bull_trend,2362,2362,0,-727.17823227,-0.00108651392114,1393,4514.11367606,5241.29190833,1683.44199831,923,0.861259734243,0.589754445385
Chandem,high_vol_shock,1330,1330,0,16.8201302,0.000336686830642,807,6425.64122369,6408.82109349,1423.52631579,465,1.00262452797,0.606766917293
Chandem,range_choppy,1813,1813,0,212.00480685,-0.000992652018065,1094,3171.31302876,2959.30822191,1636.36238279,833,1.07163998845,0.603419746277
Chandem,range_quiet,1823,1823,0,-282.62346421,-0.00273663663827,1032,784.98519714,1067.60866135,1742.1503017,789,0.735274286879,0.566099835436
Chandem,transition,2528,2528,0,251.0926469,-0.000470034640461,1479,3755.98026997,3504.88762307,1507.74327532,1248,1.0716407126,0.585047468354
Chandemtwo,bear_trend,3420,3420,0,-31.85223128,-0.000665530522852,1966,2875.48622859,2907.33845987,1330.38450292,1075,0.989044195673,0.57485380117
Chandemtwo,bull_trend,2663,2663,0,-621.93574643,-0.00172343516907,1511,3372.70019441,3994.63594084,1370.42808862,963,0.844307277148,0.567405182125
Chandemtwo,high_vol_shock,1508,1508,0,-367.65848515,-0.00156663095803,883,4400.77753416,4768.43601931,1192.29442971,494,0.922897469178,0.585543766578
Chandemtwo,range_choppy,2050,2050,0,148.7550494,-0.000486763004309,1208,2431.75892046,2283.00387106,1338.39512195,887,1.06515759841,0.589268292683
Chandemtwo,range_quiet,2099,2099,0,-141.05648941,-0.00166390916111,1142,659.09171091,800.14820032,1435.60743211,838,0.823712045652,0.544068604097
Chandemtwo,transition,2909,2909,0,72.09570383,-0.000993879324896,1644,2896.6222794,2824.52657557,1274.87796494,1346,1.02552488068,0.565142660708
Chispei,bear_trend,792,792,0,-366.40383664,-0.00143756980512,335,2906.40427925,3272.80811589,2972.42424242,446,0.888046037633,0.42297979798
Chispei,bull_trend,742,742,0,342.21766588,0.00257659369334,372,4198.79202226,3856.57435638,2378.65229111,448,1.08873617731,0.501347708895
Chispei,high_vol_shock,447,447,0,-152.7262549,0.0021143693091,250,3973.45677631,4126.18303121,2012.88590604,207,0.962986068784,0.559284116331
Chispei,range_choppy,539,539,0,352.36316241,0.00316338413675,254,2886.83196249,2534.46880008,2904.48979592,345,1.139028408,0.471243042672
Chispei,range_quiet,528,528,0,73.89043646,0.00215018917958,218,1590.56137555,1516.67093909,3084.54545455,353,1.04871883185,0.412878787879
Chispei,transition,685,685,0,-87.2674755,-0.0012780152516,290,3174.49216598,3261.75964148,2819.03649635,510,0.973245277061,0.423357664234
Cluc4,bear_trend,1167,1167,0,-135.3925677,-0.00209090542811,523,271.37045263,406.76302033,12.1293916024,325,0.667146321241,0.448157669237
Cluc4,bull_trend,1417,1417,0,-97.76441308,-0.000706035589394,684,576.98328035,674.74769343,10.5645730416,354,0.85510967428,0.4827099506
Cluc4,high_vol_shock,2221,2221,0,-287.98288115,-0.00165815701149,924,869.90294127,1157.88582242,7.85231877533,340,0.751285596927,0.416028815849
Cluc4,range_choppy,883,883,0,-89.76943133,-0.00180453152348,402,243.31152927,333.0809606,11.268403171,307,0.730487653307,0.455266138165
Cluc4,range_quiet,297,297,0,5.150867,1.13743652884e-05,154,77.21102843,72.06016143,12.0202020202,114,1.07148009244,0.518518518519
Cluc4,transition,951,951,0,-54.12963865,-0.000989372970174,463,300.89702606,355.02666471,12.5026288118,361,0.847533596683,0.486855941115
Cluc4werk,bear_trend,574,574,0,-50.87667777,-0.00671083739505,165,34.32919501,85.20587278,25.9494773519,165,0.402897052632,0.287456445993
Cluc4werk,bull_trend,809,809,0,-209.28710714,-0.00583352028657,251,143.56524281,352.85234995,22.1384425216,224,0.406870587174,0.310259579728
Cluc4werk,high_vol_shock,1354,1354,0,-388.15558944,-0.00774100760082,345,161.50772101,549.66331045,11.8796159527,192,0.293830273805,0.254800590842
Cluc4werk,range_choppy,398,398,0,-50.18662343,-0.00637122506924,121,53.14631238,103.33293581,25,149,0.514321130658,0.304020100503
Cluc4werk,range_quiet,147,147,0,-0.18273698,-0.00530271617989,52,11.30721543,11.48995241,38.7074829932,59,0.984095932387,0.353741496599
Cluc4werk,transition,485,485,0,-64.67433014,-0.00580350124901,151,66.23120653,130.90553667,28.4948453608,213,0.50594656433,0.311340206186
Cluc5werk,bear_trend,289,289,0,-361.15426354,-0.00686462127582,229,544.81532764,905.96959118,2352.88927336,171,0.601361605228,0.792387543253
Cluc5werk,bull_trend,691,691,0,515.63151659,0.00589655968179,614,1951.14294903,1435.51143244,1229.32706223,322,1.35919708122,0.888567293777
Cluc5werk,high_vol_shock,720,720,0,663.89566248,0.00540402055599,636,2363.79483939,1699.89917691,658.618055556,285,1.39055002291,0.883333333333
Cluc5werk,range_choppy,368,368,0,-239.55651036,-0.00230544913044,302,849.84314556,1089.39965592,2396.20923913,231,0.780102270954,0.820652173913
Cluc5werk,range_quiet,121,121,0,-46.01275181,-0.00252555010917,93,250.40012826,296.41288007,3297.27272727,79,0.844768041797,0.768595041322
Cluc5werk,transition,375,375,0,-112.96739399,-9.34896477953e-05,308,878.94086383,991.90825782,1621.66666667,251,0.886111045957,0.821333333333
Cluc7werk,bear_trend,324,324,0,-35.9234215,-0.00874516926714,65,7.63165998,43.55508148,28.6265432099,107,0.175218590361,0.200617283951
Cluc7werk,bull_trend,529,529,0,-180.93374133,-0.00914215058717,101,29.84845755,210.78219888,19.8960302457,159,0.141608056603,0.190926275992
Cluc7werk,high_vol_shock,1023,1023,0,-357.15040055,-0.0114212152562,129,26.94934459,384.09974514,6.33431085044,161,0.0701623599885,0.126099706745
Cluc7werk,range_choppy,221,221,0,-44.57661962,-0.0093726410886,42,10.74555922,55.32217884,24.3665158371,95,0.194236008872,0.190045248869
Cluc7werk,range_quiet,92,92,0,0.96354202,-0.00516816120496,32,7.35644304,6.39290102,71.1413043478,40,1.15072062229,0.347826086957
Cluc7werk,transition,266,266,0,-59.90437097,-0.00906441941329,57,17.43509661,77.33946758,29.2669172932,132,0.225435953408,0.214285714286
ClucFiatROI,bear_trend,740,740,0,1324.3245896,0.00443252751991,615,2740.30188861,1415.97729901,2090.99324324,372,1.93527247261,0.831081081081
ClucFiatROI,bull_trend,1316,1316,0,1185.0683527,0.00373654030321,1136,5232.45630163,4047.38794893,2724.58966565,505,1.29279831033,0.863221884498
ClucFiatROI,high_vol_shock,1237,1237,0,255.48308738,0.00251336918167,1079,6818.9248614,6563.44177402,1202.91430881,371,1.03892517008,0.872271624899
ClucFiatROI,range_choppy,613,613,0,8.84504304,0.00208293307202,525,2540.87566682,2532.03062378,2790.39967374,327,1.00349326069,0.856443719413
ClucFiatROI,range_quiet,245,245,0,39.37200889,0.00280335447943,206,932.43401187,893.06200298,2825.06122449,153,1.0440865346,0.840816326531
ClucFiatROI,transition,768,768,0,785.13848407,0.00325531735511,645,2951.41800533,2166.27952126,3310.83984375,458,1.36243636907,0.83984375
ClucFiatSlow,bear_trend,740,740,0,1324.3245896,0.00443252751991,615,2740.30188861,1415.97729901,2090.99324324,372,1.93527247261,0.831081081081
ClucFiatSlow,bull_trend,1316,1316,0,1185.0683527,0.00373654030321,1136,5232.45630163,4047.38794893,2724.58966565,505,1.29279831033,0.863221884498
ClucFiatSlow,high_vol_shock,1237,1237,0,255.48308738,0.00251336918167,1079,6818.9248614,6563.44177402,1202.91430881,371,1.03892517008,0.872271624899
ClucFiatSlow,range_choppy,613,613,0,8.84504304,0.00208293307202,525,2540.87566682,2532.03062378,2790.39967374,327,1.00349326069,0.856443719413
ClucFiatSlow,range_quiet,245,245,0,39.37200889,0.00280335447943,206,932.43401187,893.06200298,2825.06122449,153,1.0440865346,0.840816326531
ClucFiatSlow,transition,768,768,0,785.13848407,0.00325531735511,645,2951.41800533,2166.27952126,3310.83984375,458,1.36243636907,0.83984375
ClucHAnix,bear_trend,831,831,0,741.96453732,0.00396995327063,582,1648.97119898,907.00666166,122.665463297,289,1.81803648053,0.70036101083
ClucHAnix,bull_trend,840,840,0,500.07377469,0.00365670048313,609,1522.1370795,1022.06330481,128.363095238,311,1.48927867025,0.725
ClucHAnix,high_vol_shock,1512,1512,0,587.27105228,0.00273312453068,1043,3281.26962446,2693.99857218,113.230820106,366,1.21799233984,0.689814814815
ClucHAnix,range_choppy,561,561,0,-16.7609528,0.000196888261506,387,1069.3016861,1086.0626389,146.497326203,255,0.984567231944,0.689839572193
ClucHAnix,range_quiet,163,163,0,-53.50140463,1.54709495074e-05,120,355.00574322,408.50714785,120.306748466,77,0.869031900882,0.736196319018
ClucHAnix,transition,581,581,0,163.86077904,0.00178341166381,404,975.01876546,811.15798642,135.886402754,304,1.20200846418,0.695352839931
ClucHAnix_5M_E0V1E,bear_trend,813,813,0,412.55296185,0.00311111125763,572,1757.76537957,1345.21241772,194.237392374,289,1.30668239188,0.70356703567
ClucHAnix_5M_E0V1E,bull_trend,836,836,0,338.46758523,0.00310257719891,596,2102.58466429,1764.11707906,179.007177033,309,1.19186231416,0.712918660287
ClucHAnix_5M_E0V1E,high_vol_shock,1508,1508,0,118.34112334,0.000962007906773,1042,4604.34718513,4486.00606179,152.901193634,364,1.02638006318,0.690981432361
ClucHAnix_5M_E0V1E,range_choppy,535,535,0,-286.94512194,-0.00281801342791,350,1086.12680753,1373.07192947,229.299065421,251,0.791019599351,0.654205607477
ClucHAnix_5M_E0V1E,range_quiet,157,157,0,82.63564169,0.00302926616794,110,348.70002724,266.06438555,200.50955414,77,1.31058512968,0.700636942675
ClucHAnix_5M_E0V1E,transition,572,572,0,-10.2527219,-6.34811485994e-07,392,1190.05202645,1200.30474835,217.298951049,304,0.991458234324,0.685314685315
ClucHAnix_5M_E0V1E_DYNAMIC_TB,bear_trend,813,813,0,412.55296185,0.00311111125763,572,1757.76537957,1345.21241772,194.237392374,289,1.30668239188,0.70356703567
ClucHAnix_5M_E0V1E_DYNAMIC_TB,bull_trend,836,836,0,338.46758523,0.00310257719891,596,2102.58466429,1764.11707906,179.007177033,309,1.19186231416,0.712918660287
ClucHAnix_5M_E0V1E_DYNAMIC_TB,high_vol_shock,1508,1508,0,118.34112334,0.000962007906773,1042,4604.34718513,4486.00606179,152.901193634,364,1.02638006318,0.690981432361
ClucHAnix_5M_E0V1E_DYNAMIC_TB,range_choppy,535,535,0,-286.94512194,-0.00281801342791,350,1086.12680753,1373.07192947,229.299065421,251,0.791019599351,0.654205607477
ClucHAnix_5M_E0V1E_DYNAMIC_TB,range_quiet,157,157,0,82.63564169,0.00302926616794,110,348.70002724,266.06438555,200.50955414,77,1.31058512968,0.700636942675
ClucHAnix_5M_E0V1E_DYNAMIC_TB,transition,572,572,0,-10.2527219,-6.34811485994e-07,392,1190.05202645,1200.30474835,217.298951049,304,0.991458234324,0.685314685315
ClucHAnix_5m,bear_trend,265,265,0,202.40098052,0.003544633477,164,540.8172779,338.41629738,119.867924528,126,1.59808284083,0.618867924528
ClucHAnix_5m,bull_trend,502,502,0,271.2371769,0.00325860381176,320,887.42463349,616.18745659,109.103585657,183,1.44018613816,0.637450199203
ClucHAnix_5m,high_vol_shock,887,887,0,738.72825047,0.00432694763506,543,1791.24993306,1052.52168259,78.3314543405,245,1.70186511374,0.612175873732
ClucHAnix_5m,range_choppy,267,267,0,27.41829397,0.00055380030568,148,462.25543256,434.83713859,135.149812734,128,1.06305416796,0.554307116105
ClucHAnix_5m,range_quiet,86,86,0,-59.05012619,-0.00231310218814,55,174.81005798,233.86018417,100.290697674,36,0.747498162633,0.639534883721
ClucHAnix_5m,transition,281,281,0,19.43907527,0.00091350449444,162,490.30690203,470.86782676,128.042704626,156,1.0412835071,0.576512455516
ClucHAnix_5m1,bear_trend,277,277,0,29.54211227,0.00110305441211,167,280.34272837,250.8006161,103.989169675,127,1.11779122687,0.602888086643
ClucHAnix_5m1,bull_trend,551,551,0,-37.38708549,-0.000288508291155,324,627.58438399,664.97146948,79.3375680581,183,0.943776406649,0.588021778584
ClucHAnix_5m1,high_vol_shock,983,983,0,10.88810968,0.000455872060791,547,1180.42950028,1169.5413906,58.8809766022,246,1.00930972582,0.556459816887
ClucHAnix_5m1,range_choppy,292,292,0,-81.54213674,-0.00253123195645,155,272.56771647,354.10985321,101.98630137,128,0.769726439406,0.530821917808
ClucHAnix_5m1,range_quiet,89,89,0,10.23465525,0.00095073028454,54,78.24072043,68.00606518,81.9662921348,36,1.1504962127,0.606741573034
ClucHAnix_5m1,transition,296,296,0,-51.61109024,-0.00214005029503,164,295.75687008,347.36796032,105.625,157,0.85142242194,0.554054054054
ClucHAnix_5mTB1,bear_trend,277,277,0,29.54211227,0.00110305441211,167,280.34272837,250.8006161,103.989169675,127,1.11779122687,0.602888086643
ClucHAnix_5mTB1,bull_trend,551,551,0,-37.38708549,-0.000288508291155,324,627.58438399,664.97146948,79.3375680581,183,0.943776406649,0.588021778584
ClucHAnix_5mTB1,high_vol_shock,983,983,0,10.88810968,0.000455872060791,547,1180.42950028,1169.5413906,58.8809766022,246,1.00930972582,0.556459816887
ClucHAnix_5mTB1,range_choppy,292,292,0,-81.54213674,-0.00253123195645,155,272.56771647,354.10985321,101.98630137,128,0.769726439406,0.530821917808
ClucHAnix_5mTB1,range_quiet,89,89,0,10.23465525,0.00095073028454,54,78.24072043,68.00606518,81.9662921348,36,1.1504962127,0.606741573034
ClucHAnix_5mTB1,transition,296,296,0,-51.61109024,-0.00214005029503,164,295.75687008,347.36796032,105.625,157,0.85142242194,0.554054054054
ClucHAnix_5m_old,bear_trend,265,265,0,202.40098052,0.003544633477,164,540.8172779,338.41629738,119.867924528,126,1.59808284083,0.618867924528
ClucHAnix_5m_old,bull_trend,502,502,0,271.2371769,0.00325860381176,320,887.42463349,616.18745659,109.103585657,183,1.44018613816,0.637450199203
ClucHAnix_5m_old,high_vol_shock,887,887,0,738.72825047,0.00432694763506,543,1791.24993306,1052.52168259,78.3314543405,245,1.70186511374,0.612175873732
ClucHAnix_5m_old,range_choppy,267,267,0,27.41829397,0.00055380030568,148,462.25543256,434.83713859,135.149812734,128,1.06305416796,0.554307116105
ClucHAnix_5m_old,range_quiet,86,86,0,-59.05012619,-0.00231310218814,55,174.81005798,233.86018417,100.290697674,36,0.747498162633,0.639534883721
ClucHAnix_5m_old,transition,281,281,0,19.43907527,0.00091350449444,162,490.30690203,470.86782676,128.042704626,156,1.0412835071,0.576512455516
ClucHAnix_hhll,bear_trend,258,258,0,134.63125151,0.00294101607309,138,407.95932459,273.32807308,62.1511627907,79,1.49256283847,0.53488372093
ClucHAnix_hhll,bull_trend,335,335,0,129.7534969,0.00243658777226,174,431.52165764,301.76816074,48.6417910448,113,1.42997742566,0.519402985075
ClucHAnix_hhll,high_vol_shock,797,797,0,531.80170462,0.00386779047605,445,1258.89863035,727.09692573,50.7716436637,193,1.73140414407,0.55834378921
ClucHAnix_hhll,range_choppy,191,191,0,62.82847057,0.0018939355248,101,286.40593563,223.57746506,83.9790575916,77,1.28101432563,0.528795811518
ClucHAnix_hhll,range_quiet,54,54,0,-15.73593325,-0.00128816805065,24,87.81450702,103.55044027,28.4259259259,18,0.848036056544,0.444444444444
ClucHAnix_hhll,transition,182,182,0,31.87461918,0.00131122156454,90,243.90278741,212.02816823,102.06043956,94,1.1503320028,0.494505494505
ClucHAnix_hhll_TB,bear_trend,258,258,0,134.63125151,0.00294101607309,138,407.95932459,273.32807308,62.1511627907,79,1.49256283847,0.53488372093
ClucHAnix_hhll_TB,bull_trend,335,335,0,129.7534969,0.00243658777226,174,431.52165764,301.76816074,48.6417910448,113,1.42997742566,0.519402985075
ClucHAnix_hhll_TB,high_vol_shock,797,797,0,531.80170462,0.00386779047605,445,1258.89863035,727.09692573,50.7716436637,193,1.73140414407,0.55834378921
ClucHAnix_hhll_TB,range_choppy,191,191,0,62.82847057,0.0018939355248,101,286.40593563,223.57746506,83.9790575916,77,1.28101432563,0.528795811518
ClucHAnix_hhll_TB,range_quiet,54,54,0,-15.73593325,-0.00128816805065,24,87.81450702,103.55044027,28.4259259259,18,0.848036056544,0.444444444444
ClucHAnix_hhll_TB,transition,182,182,0,31.87461918,0.00131122156454,90,243.90278741,212.02816823,102.06043956,94,1.1503320028,0.494505494505
ClucHAwerk,bear_trend,359,359,0,-20.10048464,-0.00320185059194,155,52.96538811,73.06587275,32.9108635097,77,0.724899137128,0.431754874652
ClucHAwerk,bull_trend,1503,1503,0,-147.67124675,-0.00382125839448,532,304.47532008,452.14656683,40.9580838323,195,0.673399606271,0.353958749168
ClucHAwerk,high_vol_shock,2587,2587,0,-289.15846912,-0.00518570205233,832,226.106188,515.26465712,26.3780440665,176,0.438815635568,0.321608040201
ClucHAwerk,range_choppy,520,520,0,-20.93646003,-0.00169921788477,234,101.7697679,122.70622793,56.6538461538,127,0.829377364269,0.45
ClucHAwerk,range_quiet,46,46,0,-7.17455075,-0.00229209686791,23,10.21128326,17.38583401,69.1304347826,23,0.587333529937,0.5
ClucHAwerk,transition,648,648,0,-57.92143099,-0.00194830018786,290,134.86283932,192.78427031,54.3287037037,172,0.699553127976,0.447530864198
ClucMay72018,bear_trend,249,249,0,17.78671003,0.000748969629204,205,213.56217092,195.77546089,16.124497992,97,1.090852602,0.823293172691
ClucMay72018,bull_trend,401,401,0,28.07105744,0.00104631298857,332,376.99651962,348.92546218,13.0049875312,138,1.08045001149,0.827930174564
ClucMay72018,high_vol_shock,687,687,0,-26.12744866,-0.000229441642125,560,662.55301437,688.68046303,9.43231441048,173,0.962061579989,0.815138282387
ClucMay72018,range_choppy,214,214,0,-56.58072762,-0.00267997216938,160,171.14839711,227.72912473,21.3551401869,96,0.751543735624,0.747663551402
ClucMay72018,range_quiet,99,99,0,-38.83632,-0.00404326996496,73,72.4860462,111.3223662,16.7676767677,39,0.651136412873,0.737373737374
ClucMay72018,transition,235,235,0,-83.69694369,-0.00334660382534,170,181.72219379,265.41913748,22.5531914894,107,0.684661232477,0.723404255319
CofiBitStrategy,bear_trend,4694,4694,0,-233.9580459,-0.00144890485394,1915,340.07412505,574.03217095,29.2778014487,729,0.592430428572,0.407967618236
CofiBitStrategy,bull_trend,4009,4009,0,-239.50540672,-0.00147265599994,1759,415.44158315,654.94698987,27.2312297331,778,0.634313294932,0.438762783737
CofiBitStrategy,high_vol_shock,2439,2439,0,109.11295235,0.000565852393466,1392,790.63761225,681.5246599,27.8351783518,362,1.16010125351,0.570725707257
CofiBitStrategy,range_choppy,2865,2865,0,-242.31763101,-0.00156424332585,1278,212.04978221,454.36741322,28.5078534031,590,0.466692320004,0.446073298429
CofiBitStrategy,range_quiet,2329,2329,0,-103.2056904,-0.00195556963095,678,36.64742595,139.85311635,27.5719192787,520,0.262042254806,0.291112065264
CofiBitStrategy,transition,3944,3944,0,-255.79702016,-0.00163933411328,1605,275.39032072,531.18734088,28.5015212982,986,0.518442928749,0.406947261663
CombinedBinHAndCluc,bear_trend,387,387,0,170.94405879,0.00223413178888,302,1076.79730293,905.85324414,111.408268734,152,1.18871054434,0.780361757106
CombinedBinHAndCluc,bull_trend,535,535,0,438.58619425,0.00478019091553,409,1683.66421454,1245.07802029,77.5514018692,181,1.35225599288,0.764485981308
CombinedBinHAndCluc,high_vol_shock,1025,1025,0,410.694895,0.0022218290952,705,3864.62874026,3453.93384526,62.2390243902,228,1.1189064161,0.687804878049
CombinedBinHAndCluc,range_choppy,296,296,0,-16.03799445,-0.000192242280751,212,878.87284934,894.91084379,100.371621622,138,0.982078667879,0.716216216216
CombinedBinHAndCluc,range_quiet,125,125,0,62.38174038,0.00337696071965,95,381.99978304,319.61804266,97.12,54,1.1951759039,0.76
CombinedBinHAndCluc,transition,323,323,0,153.91139518,0.00323438859178,247,982.93462851,829.02323333,142.600619195,163,1.18565389846,0.764705882353
CombinedBinHAndCluc2021,bear_trend,381,381,0,387.08764106,0.00337134071595,255,1487.35936793,1100.27172687,74.7900262467,165,1.35181094961,0.669291338583
CombinedBinHAndCluc2021,bull_trend,490,490,0,658.43911429,0.00628234703011,369,2063.01906589,1404.5799516,62.8163265306,187,1.46878008869,0.75306122449
CombinedBinHAndCluc2021,high_vol_shock,878,878,0,1033.19220641,0.00523283692291,585,4549.72004119,3516.52783478,58.6560364465,228,1.2938103308,0.666287015945
CombinedBinHAndCluc2021,range_choppy,276,276,0,105.97093476,0.00203057969393,182,1137.28343759,1031.31250283,70.7065217391,145,1.10275346655,0.659420289855
CombinedBinHAndCluc2021,range_quiet,136,136,0,51.67129826,0.00223897484394,99,576.64730102,524.97600276,65.6985294118,63,1.09842601945,0.727941176471
CombinedBinHAndCluc2021,transition,316,316,0,218.78799985,0.00367848185326,196,1283.6993423,1064.91134245,73.164556962,176,1.2054518448,0.620253164557
CombinedBinHAndCluc2021Bull,bear_trend,435,435,0,75.64731645,0.00133973135576,348,433.0257255,357.37840905,33.1609195402,165,1.2116728782,0.8
CombinedBinHAndCluc2021Bull,bull_trend,568,568,0,135.09883007,0.00210560637955,485,636.78648369,501.68765362,21.5052816901,187,1.26928872795,0.853873239437
CombinedBinHAndCluc2021Bull,high_vol_shock,1118,1118,0,39.07881824,0.000334478332859,927,1282.13400222,1243.05518398,19.6288014311,228,1.03143771793,0.82915921288
CombinedBinHAndCluc2021Bull,range_choppy,318,318,0,-63.44957398,-0.0016159485787,242,306.84672217,370.29629615,34.4025157233,145,0.828651880562,0.761006289308
CombinedBinHAndCluc2021Bull,range_quiet,150,150,0,-40.27632302,-0.00215239413433,122,140.35109889,180.62742191,27,63,0.777019886604,0.813333333333
CombinedBinHAndCluc2021Bull,transition,351,351,0,-20.54279167,-0.00031717619448,260,326.03048473,346.5732764,36.7806267806,176,0.940725978981,0.740740740741
CombinedBinHAndClucHyper,bear_trend,689,689,0,163.94890064,0.00150681689838,372,166.85703029,2.90812965,1735.4862119,234,57.3760630961,0.539912917271
CombinedBinHAndClucHyper,bull_trend,1083,1083,0,-339.8925833,-0.00109139040669,562,238.80646548,578.69904878,2295.74330563,274,0.412660891673,0.5189289012
CombinedBinHAndClucHyper,high_vol_shock,2065,2065,0,215.59108819,0.000771250372482,1091,496.29461421,280.70352602,730.440677966,334,1.76803840424,0.528329297821
CombinedBinHAndClucHyper,range_choppy,561,561,0,58.93326243,0.000775034835736,346,135.48316217,76.54989974,743.07486631,202,1.76986727129,0.616755793226
CombinedBinHAndClucHyper,range_quiet,143,143,0,20.35008366,0.00105971416707,83,20.8703064,0.52022274,6413.63636364,64,40.1180202157,0.58041958042
CombinedBinHAndClucHyper,transition,563,563,0,-81.73188087,-0.000333153018045,306,126.69227187,208.42415274,1582.22912966,225,0.607857919557,0.54351687389
CombinedBinHAndClucHyperV0,bear_trend,939,939,0,-28.0548217,-0.000700513492755,525,185.13156896,213.18639066,79.148029819,262,0.868402379659,0.55910543131
CombinedBinHAndClucHyperV0,bull_trend,1127,1127,0,-87.62539763,-0.000594691507726,605,354.48957681,442.11497444,56.5217391304,298,0.801804049408,0.536823425022
CombinedBinHAndClucHyperV0,high_vol_shock,1943,1943,0,-331.20509931,-0.00296078131487,936,637.83721346,969.04231277,51.3921770458,328,0.658213996494,0.481729284611
CombinedBinHAndClucHyperV0,range_choppy,656,656,0,-26.06124015,-0.00243551179276,374,145.91608074,171.97732089,94.0853658537,253,0.848461180724,0.57012195122
CombinedBinHAndClucHyperV0,range_quiet,205,205,0,-18.66183288,-0.00542830874532,95,26.76805538,45.42988826,73.756097561,80,0.589216843916,0.463414634146
CombinedBinHAndClucHyperV0,transition,684,684,0,-34.64130962,-0.00309402663052,369,166.60095219,201.24226181,92.4488304094,295,0.827862650179,0.539473684211
CombinedBinHAndClucHyperV3,bear_trend,373,373,0,11.02134175,0.000230743047606,192,162.09496435,151.0736226,49.0884718499,98,1.07295344853,0.514745308311
CombinedBinHAndClucHyperV3,bull_trend,418,418,0,-78.28498721,-0.00247472001523,181,210.38852204,288.67350925,32.9066985646,127,0.728811322475,0.433014354067
CombinedBinHAndClucHyperV3,high_vol_shock,1032,1032,0,-245.57799441,-0.00358806549777,466,512.73448596,758.31248037,27.1317829457,179,0.676151981186,0.451550387597
CombinedBinHAndClucHyperV3,range_choppy,261,261,0,-36.65709425,-0.00388689074579,122,93.84269642,130.49979067,52.4329501916,87,0.719102275476,0.467432950192
CombinedBinHAndClucHyperV3,range_quiet,79,79,0,-23.92423002,-0.00903991401355,28,19.05488028,42.9791103,30.9493670886,24,0.443352134258,0.354430379747
CombinedBinHAndClucHyperV3,transition,259,259,0,-24.82117285,-0.00376285971387,126,105.4803085,130.30148135,64.6332046332,106,0.809509664872,0.486486486486
CombinedBinHAndClucV2,bear_trend,35,35,0,-68.96354179,-0.0119780485589,18,38.98727265,107.95081444,146.285714286,27,0.361157744407,0.514285714286
CombinedBinHAndClucV2,bull_trend,137,137,0,151.31843362,0.00747605439975,101,350.63825762,199.319824,105.912408759,80,1.75917402787,0.737226277372
CombinedBinHAndClucV2,high_vol_shock,249,249,0,211.37947556,0.0056655041602,165,788.74855763,577.36908207,83.6546184739,116,1.36610806177,0.66265060241
CombinedBinHAndClucV2,range_choppy,57,57,0,22.96243571,0.00349028477583,41,131.60828797,108.64585226,123.157894737,42,1.21135124105,0.719298245614
CombinedBinHAndClucV2,range_quiet,14,14,0,36.52839685,0.0164803487203,12,40.03448962,3.50609277,102.857142857,12,11.4185482947,0.857142857143
CombinedBinHAndClucV2,transition,57,57,0,39.57972542,0.00530444463611,40,120.08490255,80.50517713,133.333333333,47,1.49164198914,0.701754385965
CombinedBinHAndClucV3,bear_trend,308,308,0,756.29794805,0.0077183704961,260,1342.38868899,586.09074094,508.262987013,142,2.29041101526,0.844155844156
CombinedBinHAndClucV3,bull_trend,405,405,0,750.71101667,0.00874342471848,352,1438.82453219,688.11351552,416.148148148,177,2.09096973063,0.869135802469
CombinedBinHAndClucV3,high_vol_shock,657,657,0,911.90812862,0.00537641842237,577,2678.82619964,1766.91807102,352.709284627,217,1.51610096901,0.878234398782
CombinedBinHAndClucV3,range_choppy,233,233,0,376.77819139,0.00505315299381,196,970.19315094,593.41495955,542.660944206,133,1.63493207464,0.841201716738
CombinedBinHAndClucV3,range_quiet,108,108,0,-49.35908188,0.000411108072807,86,439.34088442,488.6999663,513.148148148,54,0.898999211615,0.796296296296
CombinedBinHAndClucV3,transition,256,256,0,-23.91917329,0.00131910247422,204,940.63670683,964.55588012,572.71484375,154,0.975201879141,0.796875
CombinedBinHAndClucV4,bear_trend,347,347,0,287.67826496,0.00361987731584,228,1039.43245171,751.75418675,168.976945245,151,1.38267597312,0.657060518732
CombinedBinHAndClucV4,bull_trend,443,443,0,353.89084121,0.00461759107377,310,1186.35284974,832.46200853,158.634311512,181,1.42511350378,0.699774266366
CombinedBinHAndClucV4,high_vol_shock,806,806,0,596.19523777,0.00378851916817,605,2575.9801941,1979.78495633,111.129032258,227,1.30114141229,0.750620347395
CombinedBinHAndClucV4,range_choppy,257,257,0,148.90890766,0.00225367802794,167,735.54877216,586.6398645,174.902723735,137,1.25383359821,0.649805447471
CombinedBinHAndClucV4,range_quiet,106,106,0,199.12009107,0.00760489672249,74,343.30786466,144.18777359,250.849056604,54,2.38097763848,0.698113207547
CombinedBinHAndClucV4,transition,282,282,0,44.42792731,0.00137951253282,171,727.66164231,683.233715,201.985815603,162,1.06502595866,0.606382978723
CombinedBinHAndClucV5,bear_trend,349,349,0,294.04878862,0.00369622492306,248,991.87985615,697.83106753,150.501432665,152,1.4213753189,0.710601719198
CombinedBinHAndClucV5,bull_trend,446,446,0,392.45046744,0.00498717707612,338,1140.80677135,748.35630391,125.381165919,181,1.5244165986,0.757847533632
CombinedBinHAndClucV5,high_vol_shock,816,816,0,586.57824485,0.00366791653803,630,2475.98086927,1889.40262442,102.463235294,227,1.31045698639,0.772058823529
CombinedBinHAndClucV5,range_choppy,257,257,0,135.76459926,0.00208642026766,182,686.21197313,550.44737387,140.79766537,137,1.24664410388,0.708171206226
CombinedBinHAndClucV5,range_quiet,106,106,0,204.68719958,0.00776324946672,83,328.2052006,123.51800102,159.528301887,54,2.65714469057,0.783018867925
CombinedBinHAndClucV5,transition,282,282,0,19.69943738,0.000907637797162,181,685.19607738,665.49664,170.088652482,162,1.0296011072,0.641843971631
CombinedBinHAndClucV5Hyperoptable,bear_trend,303,303,0,299.04119418,0.00419238958632,214,912.71052283,613.66932865,134.00990099,130,1.48730021238,0.706270627063
CombinedBinHAndClucV5Hyperoptable,bull_trend,413,413,0,394.1474981,0.00541050472697,314,1088.36805593,694.22055783,118.486682809,168,1.56775543976,0.760290556901
CombinedBinHAndClucV5Hyperoptable,high_vol_shock,777,777,0,627.93550996,0.00403859730466,605,2443.4054328,1815.46992284,97.1492921493,218,1.34588042581,0.778635778636
CombinedBinHAndClucV5Hyperoptable,range_choppy,231,231,0,135.19435224,0.00241420212754,167,656.37165607,521.17730383,133.463203463,121,1.25940184127,0.722943722944
CombinedBinHAndClucV5Hyperoptable,range_quiet,94,94,0,171.81847574,0.00706418762937,72,297.84341449,126.02493875,155.638297872,46,2.36336884941,0.765957446809
CombinedBinHAndClucV5Hyperoptable,transition,245,245,0,10.76574962,0.00106587612764,159,623.90971942,613.1439698,155.204081633,143,1.01755827367,0.648979591837
CombinedBinHAndClucV6,bear_trend,143,143,0,-42.46025224,-0.0015034814824,58,265.9870754,308.44732764,581.818181818,100,0.862341967542,0.405594405594
CombinedBinHAndClucV6,bull_trend,379,379,0,99.72619543,0.00198266829438,214,725.61629702,625.89010159,422.849604222,222,1.15933499376,0.564643799472
CombinedBinHAndClucV6,high_vol_shock,299,299,0,312.58908038,0.00643089649321,211,746.19899984,433.60991946,169.715719064,133,1.72089928378,0.705685618729
CombinedBinHAndClucV6,range_choppy,202,202,0,138.16095162,0.00438939160217,119,466.59721877,328.43626715,430.841584158,128,1.420662897,0.589108910891
CombinedBinHAndClucV6,range_quiet,149,149,0,19.38167146,0.00078754268647,60,249.44288412,230.06121266,733.120805369,114,1.08424571546,0.402684563758
CombinedBinHAndClucV6,transition,215,215,0,-62.564981,-0.00130478203489,100,355.96052122,418.52550222,550.11627907,168,0.85051094696,0.46511627907
CombinedBinHAndClucV6H,bear_trend,144,144,0,-54.4044432,-0.0019877203206,90,177.67047572,232.07491892,296.076388889,100,0.765573792062,0.625
CombinedBinHAndClucV6H,bull_trend,388,388,0,130.60921362,0.00220116739503,285,598.65415231,468.04493869,231.430412371,222,1.27905272085,0.734536082474
CombinedBinHAndClucV6H,high_vol_shock,302,302,0,284.67595027,0.00605195964806,235,635.20936006,350.53340979,118.162251656,133,1.81212216102,0.778145695364
CombinedBinHAndClucV6H,range_choppy,209,209,0,105.9813185,0.00329986914865,168,337.6193822,231.6380637,235.358851675,128,1.45752980666,0.803827751196
CombinedBinHAndClucV6H,range_quiet,155,155,0,1.84273334,0.000113226948138,105,161.90858391,160.06585057,340.838709677,115,1.01151234528,0.677419354839
CombinedBinHAndClucV6H,transition,219,219,0,-5.16574722,0.000186297681299,147,316.37360644,321.53935366,290.068493151,170,0.983934323556,0.671232876712
CombinedBinHAndClucV7,bear_trend,47,47,0,6.45305858,0.000920511690179,28,75.68708434,69.23402576,285,38,1.09320646184,0.595744680851
CombinedBinHAndClucV7,bull_trend,190,190,0,138.28247527,0.00448537212731,134,375.93493211,237.65245684,214.184210526,115,1.58186848606,0.705263157895
CombinedBinHAndClucV7,high_vol_shock,234,234,0,318.57050729,0.00871839437546,187,569.44352664,250.87301935,111.111111111,116,2.26984762297,0.799145299145
CombinedBinHAndClucV7,range_choppy,90,90,0,74.8487296,0.00489843896179,63,177.35539216,102.50666256,212.555555556,63,1.7301840459,0.7
CombinedBinHAndClucV7,range_quiet,47,47,0,30.69967415,0.00406889975326,32,77.61516664,46.91549249,356.914893617,38,1.6543611187,0.68085106383
CombinedBinHAndClucV7,transition,94,94,0,1.32691183,0.00114599000894,60,175.12374479,173.79683296,297.287234043,78,1.00763484471,0.63829787234
CombinedBinHAndClucV8,bear_trend,37,37,0,11.24529669,0.00191262301329,25,55.82257445,44.57727776,235.945945946,32,1.25226521796,0.675675675676
CombinedBinHAndClucV8,bull_trend,193,193,0,160.79540716,0.00516611853546,152,371.60672456,210.8113174,170.67357513,114,1.7627456113,0.787564766839
CombinedBinHAndClucV8,high_vol_shock,246,246,0,377.358975,0.00971084750362,222,606.88097746,229.52200246,82.7235772358,113,2.64410806352,0.90243902439
CombinedBinHAndClucV8,range_choppy,86,86,0,90.90016599,0.0060063538021,69,164.9801398,74.07997381,166.860465116,60,2.22705451035,0.802325581395
CombinedBinHAndClucV8,range_quiet,46,46,0,25.05071092,0.00352486639323,36,57.35941524,32.30870432,245.434782609,37,1.77535486016,0.782608695652
CombinedBinHAndClucV8,transition,92,92,0,-22.64740424,-0.000994375242223,61,125.61290492,148.26030916,226.141304348,75,0.847245669672,0.663043478261
CombinedBinHAndClucV8Hyper,bear_trend,77,77,0,-6.3682683,-0.000568413320546,46,67.23608545,73.60435375,146.103896104,60,0.913479733527,0.597402597403
CombinedBinHAndClucV8Hyper,bull_trend,286,286,0,155.01717349,0.00327660762908,227,373.05641092,218.03923743,115.297202797,155,1.71095998737,0.793706293706
CombinedBinHAndClucV8Hyper,high_vol_shock,270,270,0,393.52811805,0.00947683908441,239,546.28721699,152.75909894,61.537037037,118,3.57613537119,0.885185185185
CombinedBinHAndClucV8Hyper,range_choppy,128,128,0,61.77457246,0.00303786366115,99,166.89154099,105.11696853,128.90625,82,1.58767460025,0.7734375
CombinedBinHAndClucV8Hyper,range_quiet,99,99,0,15.18614032,0.000833959525841,64,83.93722025,68.75107993,206.212121212,77,1.22088584405,0.646464646465
CombinedBinHAndClucV8Hyper,transition,143,143,0,-44.94054438,-0.00158874988084,104,115.14893088,160.08947526,168.181818182,108,0.719278582761,0.727272727273
CombinedBinHAndClucV8XH,bear_trend,36,36,0,-1.0973109,-7.5133014675e-05,23,41.56688534,42.66419624,285.416666667,31,0.974280286594,0.638888888889
CombinedBinHAndClucV8XH,bull_trend,142,142,0,77.61694416,0.00378550106418,108,218.70701966,141.0900755,180.457746479,93,1.55012334415,0.760563380282
CombinedBinHAndClucV8XH,high_vol_shock,140,140,0,234.47670157,0.0116547229637,127,291.98568022,57.50897865,59.8928571429,80,5.07721901996,0.907142857143
CombinedBinHAndClucV8XH,range_choppy,62,62,0,41.61574618,0.0042698456028,45,102.11706806,60.50132188,193.14516129,51,1.68784854424,0.725806451613
CombinedBinHAndClucV8XH,range_quiet,46,46,0,19.7915478,0.00314676209527,35,47.88967904,28.09813124,276.52173913,38,1.70437238801,0.760869565217
CombinedBinHAndClucV8XH,transition,77,77,0,-28.34801084,-0.00220647293955,49,89.77923698,118.12724782,243.376623377,63,0.760021406042,0.636363636364
CombinedBinHAndClucV8XHO,bear_trend,39,39,0,-3.97961933,-0.000537371657102,25,49.38074089,53.36036022,253.974358974,33,0.92541993132,0.641025641026
CombinedBinHAndClucV8XHO,bull_trend,186,186,0,160.58336036,0.00511116514647,151,318.77972968,158.19636932,136.424731183,112,2.01508878522,0.811827956989
CombinedBinHAndClucV8XHO,high_vol_shock,226,226,0,385.94774696,0.0108361712857,207,522.33063696,136.38289,56.4159292035,106,3.82988391696,0.91592920354
CombinedBinHAndClucV8XHO,range_choppy,83,83,0,68.97910201,0.00502688149853,63,147.56381229,78.58471028,146.686746988,60,1.87776746602,0.759036144578
CombinedBinHAndClucV8XHO,range_quiet,50,50,0,26.76233267,0.0033701144646,40,57.72320741,30.96087474,233.7,39,1.86439200748,0.8
CombinedBinHAndClucV8XHO,transition,95,95,0,-31.81936611,-0.00117701256074,64,127.66411409,159.4834802,210.105263158,73,0.800484877367,0.673684210526
CombinedBinHClucAndMADV3,bear_trend,169,169,0,535.36516229,0.0094260786431,133,877.21602079,341.8508585,78.3136094675,78,2.56607815654,0.786982248521
CombinedBinHClucAndMADV3,bull_trend,253,253,0,588.09393864,0.0108937509722,206,975.38109653,387.28715789,79.8814229249,116,2.51849584129,0.814229249012
CombinedBinHClucAndMADV3,high_vol_shock,515,515,0,1319.39858059,0.00963664616978,416,2258.20716317,938.80858258,57.9126213592,163,2.405396803,0.807766990291
CombinedBinHClucAndMADV3,range_choppy,147,147,0,72.77109465,0.00295099556732,102,613.70069909,540.92960444,118.43537415,83,1.1345296949,0.69387755102
CombinedBinHClucAndMADV3,range_quiet,65,65,0,255.84312685,0.0119704811699,54,355.46297548,99.61984863,188.230769231,31,3.56819429429,0.830769230769
CombinedBinHClucAndMADV3,transition,149,149,0,-0.21413305,0.00257465213326,99,620.57289645,620.7870295,140.939597315,94,0.999655061978,0.664429530201
CombinedBinHClucAndMADV5,bear_trend,143,143,0,41.66402784,0.00148672027195,110,224.41821934,182.7541915,147.342657343,92,1.22797850762,0.769230769231
CombinedBinHClucAndMADV5,bull_trend,345,345,0,150.78935629,0.00276639249037,273,486.56938549,335.7800292,138.188405797,194,1.44907184221,0.791304347826
CombinedBinHClucAndMADV5,high_vol_shock,281,281,0,627.17262603,0.0126634033026,262,766.39816247,139.22553644,38.8612099644,108,5.50472407625,0.932384341637
CombinedBinHClucAndMADV5,range_choppy,192,192,0,86.30212838,0.00231997675914,155,276.83697726,190.53484888,138.854166667,117,1.45294668606,0.807291666667
CombinedBinHClucAndMADV5,range_quiet,160,160,0,10.57204077,0.000403362445802,113,194.02801547,183.4559747,268.28125,115,1.05762712709,0.70625
CombinedBinHClucAndMADV5,transition,210,210,0,12.07738746,0.000506805172746,152,276.90035654,264.82296908,191.642857143,152,1.04560551338,0.72380952381
CombinedBinHClucAndMADV6,bear_trend,143,143,0,69.68477394,0.00228517055414,110,266.27826325,196.59348931,147.482517483,92,1.35446124988,0.769230769231
CombinedBinHClucAndMADV6,bull_trend,343,343,0,203.29768446,0.00353678856605,271,561.03195055,357.73426609,138.87755102,193,1.56829245541,0.790087463557
CombinedBinHClucAndMADV6,high_vol_shock,267,267,0,738.67864533,0.0149300077865,247,880.87306224,142.19441691,40.6367041199,106,6.19484984982,0.925093632959
CombinedBinHClucAndMADV6,range_choppy,188,188,0,75.53442715,0.00202864438637,151,278.34986301,202.81543586,142.367021277,117,1.37242938058,0.803191489362
CombinedBinHClucAndMADV6,range_quiet,160,160,0,-29.9834214,-0.000571452502026,112,217.25066756,247.23408896,268.78125,115,0.878724566155,0.7
CombinedBinHClucAndMADV6,transition,208,208,0,19.8328271,0.000612395429408,150,303.65477865,283.82195155,194.423076923,152,1.06987770675,0.721153846154
CombinedBinHClucAndMADV9,bear_trend,366,366,0,82.72754826,0.000965549838068,297,706.92529471,624.19774645,152.336065574,184,1.13253419887,0.811475409836
CombinedBinHClucAndMADV9,bull_trend,467,467,0,365.13529794,0.00415260327265,387,878.73723621,513.60193827,173.74732334,250,1.71093052953,0.82869379015
CombinedBinHClucAndMADV9,high_vol_shock,308,308,0,800.26830844,0.0129318861539,282,1009.48528545,209.21697701,42.9058441558,120,4.82506391153,0.915584415584
CombinedBinHClucAndMADV9,range_choppy,316,316,0,132.82607624,0.00207460108238,259,571.46157682,438.63550058,155.680379747,174,1.30281652093,0.819620253165
CombinedBinHClucAndMADV9,range_quiet,277,277,0,-28.47981425,-0.000262742304602,220,447.7037673,476.18358155,433.971119134,168,0.940191524123,0.794223826715
CombinedBinHClucAndMADV9,transition,397,397,0,-169.8209056,-0.00120936682248,302,619.09475669,788.91566229,276.863979849,242,0.784741368796,0.760705289673
Combined_Indicators,bear_trend,617,617,0,-10.09750864,8.18843092416e-05,422,430.07727668,440.17478532,53.5494327391,225,0.977060229307,0.683954619125
Combined_Indicators,bull_trend,789,789,0,-12.11288408,0.000380536184435,572,705.7635306,717.87641468,45.9505703422,268,0.983126783619,0.724968314322
Combined_Indicators,high_vol_shock,1254,1254,0,42.75501883,0.000450717292255,937,1383.53605621,1340.78103738,33.4768740032,282,1.03188814403,0.747208931419
Combined_Indicators,range_choppy,470,470,0,-4.34540855,-0.000451750991877,315,349.6971263,354.04253485,55.2765957447,216,0.987726309349,0.670212765957
Combined_Indicators,range_quiet,189,189,0,-41.30568061,-0.00316480311108,129,115.69582956,157.00151017,46.5079365079,74,0.73690902358,0.68253968254
Combined_Indicators,transition,475,475,0,-78.90621074,-0.00187579842156,306,333.44946218,412.35567292,55.3157894737,239,0.80864526446,0.644210526316
Combined_NFIv6_SMA,bear_trend,46,46,0,48.01884375,0.00393484222046,34,110.58925434,62.57041059,339.239130435,37,1.76743692901,0.739130434783
Combined_NFIv6_SMA,bull_trend,208,208,0,519.46404998,0.0118594656594,185,715.69111744,196.22706746,211.274038462,119,3.64725991528,0.889423076923
Combined_NFIv6_SMA,high_vol_shock,240,240,0,1106.40551862,0.0201704081055,223,1280.60651115,174.20099253,91.6666666667,95,7.35131581371,0.929166666667
Combined_NFIv6_SMA,range_choppy,91,91,0,132.97233947,0.00715772745367,70,278.36676303,145.39442356,322.472527473,61,1.91456285746,0.769230769231
Combined_NFIv6_SMA,range_quiet,64,64,0,85.67037445,0.00426959842987,45,156.09418236,70.42380791,321.25,46,2.21649733226,0.703125
Combined_NFIv6_SMA,transition,91,91,0,54.63393948,0.00407729001899,69,302.40415772,247.77021824,290.934065934,70,1.22050244726,0.758241758242
Combined_NFIv7_SMA,bear_trend,46,46,0,28.1719963,0.00235585548322,32,100.10550392,71.93350762,421.739130435,38,1.39163940745,0.695652173913
Combined_NFIv7_SMA,bull_trend,206,206,0,527.37581495,0.0118958088767,185,688.2451716,160.86935665,222.912621359,113,4.27828634323,0.898058252427
Combined_NFIv7_SMA,high_vol_shock,239,239,0,1103.30471748,0.02036316716,228,1264.97345538,161.6687379,96.7154811715,99,7.82447782924,0.953974895397
Combined_NFIv7_SMA,range_choppy,87,87,0,140.92188615,0.00809027471213,70,273.29469494,132.37280879,346.206896552,57,2.06458333428,0.804597701149
Combined_NFIv7_SMA,range_quiet,56,56,0,70.18213369,0.00352290041314,40,135.90100987,65.71887618,425.089285714,39,2.06791439187,0.714285714286
Combined_NFIv7_SMA,transition,88,88,0,33.484837,0.00373741409028,69,279.50886679,246.02402979,317.897727273,70,1.13610392866,0.784090909091
CompleteIndicatorStrategy2,bull_trend,104,5,99,-5.74090354,-0.0190915759787,9,0.5773825,6.31828604,103.846153846,11,0.0913827731674,0.0865384615385
CompleteIndicatorStrategy2,high_vol_shock,192,11,181,-15.56166429,-0.0157094954471,25,2.66381104,18.22547533,113.4375,16,0.146158659336,0.130208333333
CompleteIndicatorStrategy2,range_choppy,103,11,92,-5.53538438,-0.0161386324367,12,0.71884507,6.25422945,106.601941748,16,0.114937431661,0.116504854369
CompleteIndicatorStrategy2,transition,109,11,98,-6.45124922,-0.0164353923646,15,1.08441272,7.53566194,140.366972477,21,0.143904109371,0.137614678899
CompositeScoreStrategy,bear_trend,1778,1778,0,-108.29850253,-0.00214166781139,455,148.13491019,256.43341272,119.775028121,98,0.57767398023,0.255905511811
CompositeScoreStrategy,bull_trend,4268,4268,0,-266.83788955,-0.001769331527,1154,524.34735538,791.18524493,111.553420806,199,0.662736519342,0.27038425492
CompositeScoreStrategy,high_vol_shock,1462,1462,0,-92.90549144,-0.00196098082037,450,296.83742927,389.74292071,116.255129959,56,0.761623658819,0.30779753762
CompositeScoreStrategy,range_choppy,2347,2347,0,-130.44351798,-0.00138795272937,640,396.62908991,527.07260789,116.440136344,168,0.752513190731,0.27268853856
CompositeScoreStrategy,range_quiet,1370,1370,0,-88.00778106,-0.00190674058498,294,57.84183805,145.84961911,110.653284672,109,0.396585458385,0.214598540146
CompositeScoreStrategy,transition,3457,3457,0,-279.39768397,-0.00191665373777,853,426.77428812,706.17197209,113.231125253,226,0.604348947547,0.246745733295
ConsensusShort,bear_trend,220,0,220,-169.17630802,-0.0202236789209,72,24.27786904,193.45417706,3617.02272727,37,0.125496742479,0.327272727273
ConsensusShort,bull_trend,205,0,205,3.21382072,0.000723147318179,72,28.16982126,24.95600054,864.341463415,48,1.1287794779,0.351219512195
ConsensusShort,high_vol_shock,46,0,46,0.89510499,0.00278881184774,21,9.05849148,8.16338649,1406.08695652,18,1.10964873354,0.45652173913
ConsensusShort,range_choppy,108,0,108,-24.73066855,-0.0156273993737,31,10.89078794,35.62145649,2982.08333333,27,0.30573673884,0.287037037037
ConsensusShort,range_quiet,27,0,27,-65.77075711,-0.0684837258643,4,0.2128319,65.98358901,7075.55555556,8,0.00322552778946,0.148148148148
ConsensusShort,transition,167,0,167,-151.86110485,-0.00928593005477,52,15.20884752,167.06995237,2595.1497006,43,0.091032811731,0.311377245509
CoppockCurveStrategy,bear_trend,2774,2774,0,-177.63999903,-0.00258346771244,797,197.63779422,375.27779325,82.5450612833,398,0.526643989532,0.28731074261
CoppockCurveStrategy,bull_trend,2779,2779,0,-180.10926441,-0.00176172493754,889,423.16509225,603.27435666,83.6092119467,445,0.701447173377,0.319899244332
CoppockCurveStrategy,high_vol_shock,2340,2340,0,-150.8437476,-0.00172629076344,800,508.80849657,659.65224417,84.6602564103,301,0.771328379562,0.34188034188
CoppockCurveStrategy,range_choppy,2118,2118,0,-149.84744362,-0.00174300378625,692,238.11079691,387.95824053,84.0368271955,393,0.613753677676,0.32672332389
CoppockCurveStrategy,range_quiet,605,605,0,-62.98033698,-0.00172918401498,152,51.39525215,114.37558913,76.347107438,147,0.44935508128,0.251239669421
CoppockCurveStrategy,transition,2748,2748,0,-244.39929415,-0.00221000510828,822,296.75535166,541.15464581,81.9759825328,566,0.5483743953,0.299126637555
CoreStrategy,bear_trend,30,30,0,127.78840972,0.0176265236532,26,131.49315302,3.7047433,91.6666666667,20,35.4931886968,0.866666666667
CoreStrategy,bull_trend,118,118,0,348.44045436,0.0150154223063,110,421.76536539,73.32491103,94.0677966102,64,5.75200650728,0.932203389831
CoreStrategy,high_vol_shock,294,294,0,941.5977893,0.0160924921258,279,1224.07810178,282.48031248,40.5612244898,92,4.33332181996,0.948979591837
CoreStrategy,range_choppy,53,53,0,82.87450787,0.00831025325099,46,158.31854166,75.44403379,108.962264151,32,2.09848988325,0.867924528302
CoreStrategy,range_quiet,42,42,0,-83.05000257,-0.00638711040352,33,137.02352815,220.07353072,139.047619048,27,0.622626118197,0.785714285714
CoreStrategy,transition,60,60,0,-30.96874383,-0.00146651589637,44,156.03138116,187.00012499,179.666666667,36,0.834391854916,0.733333333333
CrossEMAStrategy,bear_trend,965,965,0,-1680.80387818,-0.000404513662023,272,9671.80303072,11352.6069089,3547.77202073,488,0.851945558261,0.281865284974
CrossEMAStrategy,bull_trend,544,544,0,904.04946595,0.00222077879113,138,6776.79717187,5872.74770592,3497.53676471,347,1.15393977593,0.253676470588
CrossEMAStrategy,high_vol_shock,291,291,0,557.51425913,0.0170578994177,83,6207.59565307,5650.08139394,3695.87628866,178,1.09867366862,0.285223367698
CrossEMAStrategy,range_choppy,484,484,0,903.76645425,0.00777221635059,157,7251.1753933,6347.40893905,3756.07438017,326,1.1423835242,0.324380165289
CrossEMAStrategy,range_quiet,560,560,0,2288.40670461,0.013916079607,160,6555.84922688,4267.44252227,3715.82142857,361,1.53624780947,0.285714285714
CrossEMAStrategy,transition,658,658,0,2468.95739855,0.00824119755104,183,8999.10863166,6530.15123311,3758.38905775,467,1.37808579165,0.27811550152
CryptoFrog,bear_trend,2005,2005,0,-84.64665207,-0.00122413907378,1332,793.96881608,878.61546815,391.713216958,666,0.903659046376,0.66433915212
CryptoFrog,bull_trend,1508,1508,0,-179.6294679,-0.00121172360601,1037,848.41419254,1028.04366044,335.414456233,583,0.825270584497,0.687665782493
CryptoFrog,high_vol_shock,1078,1078,0,-74.5323271,-0.000223055272095,682,1253.25509389,1327.78742099,160.913729128,299,0.943867274293,0.632653061224
CryptoFrog,range_choppy,1283,1283,0,-213.2944182,-0.0026819906429,837,490.56780434,703.86222254,316.858924396,550,0.696965668323,0.652377240842
CryptoFrog,range_quiet,1100,1100,0,-135.6254614,-0.00281884989497,743,237.07477643,372.70023783,640.713636364,502,0.636100416276,0.675454545455
CryptoFrog,transition,1646,1646,0,-165.49071123,-0.00200544298351,1109,659.27723376,824.76794499,441.965370595,806,0.799348759569,0.673754556501
CryptoFrogHO,bear_trend,6344,6344,0,-68.1685186,-0.000267345449858,1760,3392.21773907,3460.38625767,58.6971941992,691,0.980300315189,0.277427490542
CryptoFrogHO,bull_trend,3963,3963,0,72.94688214,0.000101542287863,1273,2478.64455496,2405.69767282,61.5985364623,598,1.03032254758,0.321221296997
CryptoFrogHO,high_vol_shock,2675,2675,0,896.68299671,0.00203509835397,868,3271.45662467,2374.77362796,42.5028037383,301,1.37758672496,0.324485981308
CryptoFrogHO,range_choppy,4032,4032,0,-471.79861624,-0.000688563803097,1093,2088.11980021,2559.91841645,53.3581349206,576,0.815697792083,0.271081349206
CryptoFrogHO,range_quiet,3551,3551,0,-489.82313951,-0.00111352357942,954,1092.24339942,1582.06653893,75.3632779499,544,0.690390304417,0.268656716418
CryptoFrogHO,transition,5163,5163,0,-518.2119018,-0.000680799585887,1385,2458.21205492,2976.42395672,60.9451869068,845,0.82589445948,0.268254890567
CryptoFrogHO2,bear_trend,8416,8416,0,-172.2700397,-0.000758493031313,1618,1922.34973524,2094.61977494,34.3060836502,696,0.917755937492,0.192252851711
CryptoFrogHO2,bull_trend,4995,4995,0,-34.74629766,-0.00035935524885,1196,1576.06783342,1610.81413108,37.5955955956,597,0.978429356318,0.239439439439
CryptoFrogHO2,high_vol_shock,2992,2992,0,669.1514813,0.00170998410803,793,2313.80796551,1644.65648421,31.2165775401,301,1.40686397903,0.265040106952
CryptoFrogHO2,range_choppy,5232,5232,0,-476.72080229,-0.00100332502019,1025,1194.21227217,1670.93307446,30.4137996942,573,0.714697847821,0.195909785933
CryptoFrogHO2,range_quiet,5339,5339,0,-454.86316715,-0.0017432087306,854,346.21393637,801.07710352,36.5171380408,542,0.432185534762,0.159955047762
CryptoFrogHO2,transition,7030,7030,0,-493.36942057,-0.00113581450385,1283,1447.59993362,1940.96935419,33.893314367,849,0.745812874631,0.182503556188
CryptoFrogHO2A,bear_trend,8416,8416,0,-121.24279827,-0.00073434787056,1618,1846.06754815,1967.31034642,34.3060836502,696,0.938371290279,0.192252851711
CryptoFrogHO2A,bull_trend,4995,4995,0,-24.03923718,-0.000359992481141,1196,1517.25011635,1541.28935353,37.5945945946,597,0.984403164062,0.239439439439
CryptoFrogHO2A,high_vol_shock,3001,3001,0,512.32057375,0.00141466072385,795,2169.11310016,1656.79252641,31.0996334555,301,1.30922433895,0.264911696101
CryptoFrogHO2A,range_choppy,5232,5232,0,-445.73656048,-0.0010033250209,1025,1134.58523603,1580.32179651,30.4137996942,573,0.717945698487,0.195909785933
CryptoFrogHO2A,range_quiet,5342,5342,0,-426.37966356,-0.00170487008358,855,330.06059037,756.44025393,36.4947585174,542,0.436333984945,0.160052414826
CryptoFrogHO2A,transition,7030,7030,0,-459.55918271,-0.00113581450394,1283,1372.62097087,1832.18015358,33.893314367,849,0.749173583279,0.182503556188
CryptoFrogHO3A1,bear_trend,9288,9288,0,-159.82534446,-0.000730564878012,2063,1949.96933431,2109.79467877,25.3386089578,667,0.924246019734,0.222114556417
CryptoFrogHO3A1,bull_trend,5656,5656,0,-106.84464698,-0.000390268077531,1537,1629.03206264,1735.87670962,27.0641796322,581,0.938449173039,0.271746817539
CryptoFrogHO3A1,high_vol_shock,3634,3634,0,759.01839614,0.00146034582764,1161,2752.13174045,1993.11334431,21.6318106769,286,1.38082048786,0.319482663731
CryptoFrogHO3A1,range_choppy,5939,5939,0,-546.14622802,-0.00106451001107,1296,1172.15938827,1718.30561629,22.2739518437,544,0.682160016913,0.218218555312
CryptoFrogHO3A1,range_quiet,5178,5178,0,-380.02151377,-0.00160517734721,992,328.265459,708.28697277,28.1691772885,489,0.463463922986,0.191579760525
CryptoFrogHO3A1,transition,7554,7554,0,-531.83798015,-0.00108875818674,1643,1466.03819854,1997.87617869,24.8477627747,808,0.733798327533,0.217500661901
CryptoFrogHO3A2,bear_trend,8627,8627,0,-182.19720753,-0.000761598577897,1916,1601.78100531,1783.97821284,25.2051698157,631,0.89787027318,0.222093427611
CryptoFrogHO3A2,bull_trend,5745,5745,0,-90.69356391,-0.000463849358966,1527,1443.34855412,1534.04211803,26.1627502176,574,0.940879352109,0.265796344648
CryptoFrogHO3A2,high_vol_shock,3792,3792,0,605.1983657,0.00122394517555,1227,2478.00031467,1872.80194897,19.6083860759,272,1.32315128999,0.323575949367
CryptoFrogHO3A2,range_choppy,5726,5726,0,-495.94228582,-0.00107575603204,1243,975.04994742,1470.99223324,21.7429269997,515,0.662851866507,0.217079986029
CryptoFrogHO3A2,range_quiet,4690,4690,0,-317.14244171,-0.00166491196538,912,231.12182594,548.26426765,29.0938166311,464,0.421551867552,0.194456289979
CryptoFrogHO3A2,transition,7202,7202,0,-484.88516216,-0.00111791654694,1563,1206.10436379,1690.98952595,24.827825604,767,0.713253598134,0.217023049153
CryptoFrogHO3A3,bear_trend,9743,9743,0,-283.13426824,-0.000779684744124,2153,2288.4829061,2571.61717434,23.0878579493,667,0.889900304343,0.220979164528
CryptoFrogHO3A3,bull_trend,5999,5999,0,-106.45618405,-0.000398578511481,1588,1713.12895932,1819.58514337,24.1515252542,582,0.941494255194,0.264710785131
CryptoFrogHO3A3,high_vol_shock,3828,3828,0,1165.95766414,0.00182318199681,1233,3015.13159375,1849.17392961,19.3403866249,286,1.63052893266,0.32210031348
CryptoFrogHO3A3,range_choppy,6313,6313,0,-605.37392826,-0.000984955138675,1352,1393.06095162,1998.43487988,19.8859496278,545,0.69707597963,0.214161254554
CryptoFrogHO3A3,range_quiet,5329,5329,0,-491.08361332,-0.00163676966671,974,298.15953435,789.24314767,26.6823043723,492,0.377779059888,0.182773503472
CryptoFrogHO3A3,transition,7942,7942,0,-645.57169356,-0.00108466814545,1692,1659.27323752,2304.84493108,22.6794258373,811,0.719906669271,0.213044573155
CryptoFrogHO3A4,bear_trend,6663,6663,0,-264.3348119,-0.000651451014862,2005,1889.41787966,2153.75269156,37.6324478463,695,0.877267797303,0.300915503527
CryptoFrogHO3A4,bull_trend,4253,4253,0,-110.46317258,-0.000331679178282,1487,1418.14524663,1528.60841921,36.8716200329,599,0.927736121827,0.349635551375
CryptoFrogHO3A4,high_vol_shock,2784,2784,0,815.79119831,0.00198522544358,988,2384.42935092,1568.63815261,29.0158045977,301,1.5200633409,0.354885057471
CryptoFrogHO3A4,range_choppy,4249,4249,0,-451.42079636,-0.000950269396262,1257,1192.00852275,1643.42931911,32.4841139092,574,0.725317790604,0.295834313956
CryptoFrogHO3A4,range_quiet,3706,3706,0,-405.60881715,-0.00147505287705,1087,409.20409275,814.8129099,45.7933081489,543,0.502206197003,0.293308148948
CryptoFrogHO3A4,transition,5470,5470,0,-436.26020866,-0.000891710652454,1631,1434.1388453,1870.39905396,37.5987202925,852,0.766755544633,0.298171846435
CryptoFrogNFI,bear_trend,3516,3516,0,-279.18677097,-0.00116600192132,2641,1284.64496863,1563.8317396,134.081342435,817,0.821472627841,0.751137656428
CryptoFrogNFI,bull_trend,2748,2748,0,158.57745745,0.000236631623832,2192,1660.23354543,1501.65608798,114.477802038,755,1.10560171448,0.797671033479
CryptoFrogNFI,high_vol_shock,1843,1843,0,527.41066013,0.00243630100045,1449,2775.84270023,2248.4320401,87.498643516,444,1.23456820163,0.786218122626
CryptoFrogNFI,range_choppy,2255,2255,0,-412.96461542,-0.00172958183764,1755,881.70334918,1294.6679646,128.541019956,708,0.681026620947,0.778270509978
CryptoFrogNFI,range_quiet,2244,2244,0,-273.94611134,-0.00165621481227,1556,317.36446779,591.31057913,145.356506239,653,0.536713664513,0.693404634581
CryptoFrogNFI,transition,2982,2982,0,-509.86934789,-0.00161508891037,2278,1011.11988023,1520.98922812,135.058685446,1036,0.664777804824,0.763916834339
CryptoFrogNFIHO1A,bear_trend,3495,3495,0,-351.96937745,-0.00100382650667,2627,1831.42910735,2183.3984848,135.071530758,818,0.838797461892,0.751645207439
CryptoFrogNFIHO1A,bull_trend,2697,2697,0,405.1606539,0.000713669528729,2156,1994.68140649,1589.52075259,117.506488691,755,1.25489485006,0.799406748239
CryptoFrogNFIHO1A,high_vol_shock,1794,1794,0,902.53125638,0.00324674765146,1422,3295.16178983,2392.63053345,91.1984392419,443,1.37721296446,0.792642140468
CryptoFrogNFIHO1A,range_choppy,2232,2232,0,-477.76873592,-0.00139342226787,1740,1179.88875139,1657.65748731,129.547491039,708,0.711780787299,0.779569892473
CryptoFrogNFIHO1A,range_quiet,2220,2220,0,-366.23615065,-0.00127178452269,1544,458.3330053,824.56915595,146.504504505,653,0.555845440001,0.695495495495
CryptoFrogNFIHO1A,transition,2956,2956,0,-708.74612884,-0.00155262931974,2259,1341.03248088,2049.77860972,136.332882273,1036,0.65423283984,0.764208389716
CryptoFrogOffset,bear_trend,3319,3319,0,-132.22531802,-0.00161457571185,2502,412.72223592,544.94755394,163.89725821,810,0.757361388148,0.75384151853
CryptoFrogOffset,bull_trend,2566,2566,0,-127.08091904,-0.000760940638929,2018,675.84763048,802.92854952,142.733826968,736,0.841728234578,0.786438035853
CryptoFrogOffset,high_vol_shock,1552,1552,0,-179.27429327,-0.00108059461211,1183,1060.06934973,1239.343643,124.851804124,421,0.855347389497,0.762242268041
CryptoFrogOffset,range_choppy,2101,2101,0,-207.84088759,-0.00216984285924,1634,294.80308435,502.64397194,159.690623513,691,0.58650476442,0.777724892908
CryptoFrogOffset,range_quiet,2195,2195,0,-97.04347082,-0.00175460957907,1502,87.61188817,184.65535899,161.061503417,644,0.474461660085,0.684282460137
CryptoFrogOffset,transition,2858,2858,0,-208.07820369,-0.00205996204813,2181,365.93165284,574.00985653,160.836249125,1019,0.637500643372,0.763121063681
CryptoFrog_nateema,bear_trend,1155,1155,0,306.85473493,0.00199851399678,924,2658.86678903,2352.0120541,198.926406926,229,1.13046477989,0.8
CryptoFrog_nateema,bull_trend,925,925,0,49.85054117,0.00072775503267,723,2040.38538212,1990.53484095,193.951351351,214,1.02504379232,0.781621621622
CryptoFrog_nateema,high_vol_shock,2213,2213,0,610.61521784,0.00200470950283,1762,6206.4913886,5595.87617076,130.298237686,279,1.10911878662,0.796204247628
CryptoFrog_nateema,range_choppy,660,660,0,31.78563082,0.00049938805522,516,1388.83165598,1357.04602516,231.439393939,182,1.02342266233,0.781818181818
CryptoFrog_nateema,range_quiet,188,188,0,-120.03931764,-0.00259212277399,117,409.25289075,529.29220839,291.675531915,57,0.773207850527,0.622340425532
CryptoFrog_nateema,transition,673,673,0,-103.27114449,-0.000370290380775,517,1323.81198001,1427.0831245,230.170876672,218,0.92763480787,0.768202080238
CustomStoplossWithPSAR,bear_trend,31,31,0,2264.9715572,0.148211081891,12,4382.22255066,2117.25099346,393143.225806,20,2.06976998202,0.387096774194
CustomStoplossWithPSAR,high_vol_shock,14,14,0,6192.92249394,3.69756538912,9,6517.44227932,324.51978538,815802.857143,6,20.0833433675,0.642857142857
CustomStoplossWithPSAR,range_choppy,4,4,0,-461.8466827,-0.201173898387,0,0,461.8466827,60450,4,0,0
CustomStoplossWithPSAR,range_quiet,4,4,0,-451.01019465,-0.201469764161,0,0,451.01019465,126780,4,0,0
CustomStoplossWithPSAR,transition,5,5,0,-487.01783319,-0.201182460798,0,0,487.01783319,238944,5,0,0
DD,bear_trend,4867,4867,0,-92.76252261,-0.00120946230735,2895,706.78084011,799.54336272,178.426135196,442,0.883980623272,0.594822272447
DD,bull_trend,4902,4902,0,-265.46896087,-0.000712329728988,3011,1420.86629813,1686.335259,178.939208486,508,0.8425764038,0.614239086087
DD,high_vol_shock,4043,4043,0,-248.16757869,-0.0008811549488,2437,1935.02141094,2183.18898963,180.556517438,325,0.886327945098,0.602770220134
DD,range_choppy,3852,3852,0,-171.12182451,-0.00136196866159,2303,749.50350066,920.62532517,184.177050883,459,0.814124356748,0.597871235722
DD,range_quiet,915,915,0,-60.17783295,-0.00135066663383,507,111.2220155,171.39984845,181.989071038,163,0.64890381471,0.554098360656
DD,transition,4812,4812,0,-128.2229855,-0.000939074935023,2890,991.6757234,1119.8987089,180.637988362,637,0.885504836749,0.600581878637
DMIPRICEDCAStrategyFuture,bear_trend,162,15,147,-331.49821051,0.0269132791596,111,888.97944484,1220.47765535,38973.5802469,115,0.72838649765,0.685185185185
DMIPRICEDCAStrategyFuture,bull_trend,149,97,52,-200.94439511,0.0860574923986,106,818.79370792,1019.73810303,30580.9060403,116,0.802945094909,0.711409395973
DMIPRICEDCAStrategyFuture,high_vol_shock,148,64,84,217.82979368,0.109713799425,121,741.602518,523.77272432,11338.5472973,110,1.41588609633,0.817567567568
DMIPRICEDCAStrategyFuture,range_choppy,82,35,47,-9.44029633,0.069134129878,63,356.75874684,366.19904317,24656.1585366,74,0.974220860196,0.768292682927
DMIPRICEDCAStrategyFuture,range_quiet,26,8,18,103.21789841,0.138297236776,23,115.91023217,12.69233376,36576.9230769,26,9.1323025664,0.884615384615
DMIPRICEDCAStrategyFuture,transition,113,41,72,53.27023212,0.0827565134091,85,635.09305003,581.82281791,29452.300885,95,1.0915574819,0.752212389381
DWT_LongShort,bear_trend,540,271,269,-8.33241796,-0.00255098150536,249,67.40904441,75.74146237,121.12037037,129,0.889988683882,0.461111111111
DWT_LongShort,bull_trend,1534,729,805,-241.39948563,-0.00416713098008,684,356.85514407,598.2546297,101.929595828,231,0.596493744226,0.445893089961
DWT_LongShort,high_vol_shock,4303,2023,2280,-290.45379209,-0.00278302505394,1989,717.28425337,1007.73804546,78.8496397862,239,0.711776494498,0.462235649547
DWT_LongShort,range_choppy,647,305,342,-56.84663516,-0.00296357838297,310,114.74867837,171.59531353,123.052550232,162,0.668716854845,0.47913446677
DWT_LongShort,range_quiet,35,17,18,-10.48139678,-0.00334601347248,16,8.09234367,18.57374045,158.142857143,20,0.435687345356,0.457142857143
DWT_LongShort,transition,704,358,346,-56.70028013,-0.00298762404686,324,150.08133657,206.7816167,121.029829545,211,0.725796320607,0.460227272727
DWT_short,bear_trend,717,0,717,-52.17755107,-0.00369388702455,340,99.62434955,151.80190062,363.479776848,273,0.656278670709,0.47419804742
DWT_short,bull_trend,1150,0,1150,-232.87411657,-0.00465150405182,539,450.27155946,683.14567603,255.234782609,348,0.659114995906,0.468695652174
DWT_short,high_vol_shock,2938,0,2938,-356.52697781,-0.00316810501903,1412,1067.09098543,1423.61796324,170.216133424,448,0.749562742944,0.480599046971
DWT_short,range_choppy,712,0,712,-118.89694523,-0.0043129382091,339,139.00668627,257.9036315,296.671348315,286,0.538986928806,0.476123595506
DWT_short,range_quiet,101,0,101,-39.3837922,-0.0114235308994,43,10.06496752,49.44875972,339.603960396,58,0.203543376558,0.425742574257
DWT_short,transition,634,0,634,-126.57593459,-0.00508263506524,285,165.94956268,292.52549727,391.222397476,300,0.567299480656,0.44952681388
DemaCrossStrategy,bear_trend,2728,2728,0,-155.40974452,-0.00205996359535,860,332.81665946,488.22640398,105.124633431,433,0.681685088612,0.315249266862
DemaCrossStrategy,bull_trend,2770,2770,0,-205.7489655,-0.0018416601438,880,631.57365024,837.32261574,101.660649819,491,0.754277548901,0.317689530686
DemaCrossStrategy,high_vol_shock,2235,2235,0,-186.23534604,-0.0018156618272,750,838.9224602,1025.15780624,102.751677852,314,0.818334948135,0.335570469799
DemaCrossStrategy,range_choppy,2589,2589,0,-148.89543517,-0.00210426112209,812,369.51730397,518.41273914,101.759366551,479,0.712785925329,0.313634607957
DemaCrossStrategy,range_quiet,620,620,0,-79.17536864,-0.00203811683955,165,56.22539867,135.40076731,98.9516129032,178,0.41525169899,0.266129032258
DemaCrossStrategy,transition,2801,2801,0,-190.19143206,-0.00187979650228,895,434.17552743,624.36695949,104.194930382,632,0.695385175065,0.319528739736
DevDsl2Approx,bear_trend,85,85,0,-6.54442987,-0.000569020978267,52,67.74228467,74.28671454,246.764705882,72,0.911903091818,0.611764705882
DevDsl2Approx,bull_trend,60,60,0,5.62676162,0.000576215193403,43,59.72660356,54.09984194,251.416666667,55,1.10400698816,0.716666666667
DevDsl2Approx,high_vol_shock,109,109,0,9.91135784,0.000775069401233,84,120.15871476,110.24735692,168.80733945,83,1.08990109257,0.770642201835
DevDsl2Approx,range_choppy,56,56,0,-12.72657846,-0.0020220861985,37,52.68346775,65.41004621,282.5,49,0.805433886728,0.660714285714
DevDsl2Approx,range_quiet,21,21,0,11.51028442,0.00448246136579,16,19.47468998,7.96440556,286.666666667,18,2.4452157582,0.761904761905
DevDsl2Approx,transition,75,75,0,14.59783088,0.0017339065428,54,65.97189084,51.37405996,260.733333333,69,1.28414789276,0.72
Diamond,bear_trend,998,998,0,12.71335652,8.10789437916e-05,672,432.02721801,419.31386149,1641.58817635,331,1.03031942821,0.673346693387
Diamond,bull_trend,1213,1213,0,-231.4108999,-0.00173102004167,873,713.02109334,944.43199324,2085.48227535,393,0.754973463885,0.719703215169
Diamond,high_vol_shock,658,658,0,-227.70742656,-0.001833188926,478,592.91154216,820.61896872,1035.16717325,188,0.722517471275,0.726443768997
Diamond,range_choppy,612,612,0,-118.22495052,-0.0014502912793,431,350.85582479,469.08077531,1624.10947712,247,0.747964621995,0.704248366013
Diamond,range_quiet,236,236,0,-64.93838243,-0.00398196551676,147,60.71613437,125.6545168,3420.63559322,126,0.483198980158,0.622881355932
Diamond,transition,974,974,0,106.20081825,0.000257963094062,695,485.81375352,379.61293527,1420.33880903,353,1.27976079944,0.713552361396
Divergences,bear_trend,1926,1926,0,-151.54540445,-0.00226896022316,694,462.21183219,613.75723664,282.118380062,602,0.753085755404,0.360332294912
Divergences,bull_trend,1238,1238,0,-203.09517647,-0.00289996767171,438,413.02305617,616.11823264,279.111470113,452,0.670363307381,0.35379644588
Divergences,high_vol_shock,688,688,0,-212.41539871,-0.00398114272824,268,591.81459068,804.22998939,253.86627907,252,0.735877296902,0.389534883721
Divergences,range_choppy,1198,1198,0,-113.48657287,-0.00222761605455,448,323.14464136,436.63121423,276.360601002,470,0.740085982927,0.373956594324
Divergences,range_quiet,1141,1141,0,-94.67801364,-0.002792352365,361,112.73064412,207.40865776,287.695004382,434,0.543519471836,0.31638913234
Divergences,transition,1623,1623,0,-142.72820305,-0.00188747655482,570,396.16008398,538.88828703,278.817005545,679,0.735143244926,0.351201478743
DonchianBounce,bear_trend,7,7,0,10.68266337,0.0119398279723,5,10.72503238,0.04236901,7105.71428571,6,253.133891493,0.714285714286
DonchianBounce,bull_trend,6,6,0,11.46949916,0.0152485206045,6,11.46949916,0,361.666666667,5,inf,1
DonchianBounce,high_vol_shock,15,15,0,22.69435225,0.0120156232786,13,22.75671588,0.06236363,411.666666667,15,364.90364464,0.866666666667
DonchianBounce,range_choppy,1,1,0,5.0708489,0.039040327602,1,5.0708489,0,290,1,inf,1
DonchianBounce,range_quiet,1,1,0,5.02203579,0.038920419492,1,5.02203579,0,250,1,inf,1
DonchianBounce,transition,2,2,0,0.00020835,8.08988269436e-07,1,0.00344007,0.00323172,565,2,1.06447031302,0.5
DonchianBreakoutStrategy,bear_trend,1566,1566,0,-117.61564653,-0.0025164280209,425,117.29555832,234.91120485,65.4597701149,210,0.499318703826,0.271392081737
DonchianBreakoutStrategy,bull_trend,2299,2299,0,-255.07869185,-0.00245985055391,658,307.59321238,562.67190423,66.9290996085,290,0.546665312534,0.286211396259
DonchianBreakoutStrategy,high_vol_shock,2929,2929,0,-186.16574665,-0.00294200978413,877,292.41583736,478.58158401,65.600887675,248,0.611005201892,0.299419597132
DonchianBreakoutStrategy,range_choppy,1561,1561,0,-129.54709928,-0.00201069620129,425,206.69270088,336.23980016,64.5387572069,238,0.61471812909,0.272261370916
DonchianBreakoutStrategy,range_quiet,533,533,0,-76.27532428,-0.00248905429115,106,38.56293405,114.83825833,60.9849906191,120,0.335802150005,0.198874296435
DonchianBreakoutStrategy,transition,1940,1940,0,-201.02059291,-0.00221224713289,540,237.77942443,438.80001734,65.1829896907,335,0.541885631344,0.278350515464
DoubleEMACrossoverWithTrend,bear_trend,418,418,0,-307.18063193,-0.00419612380627,83,629.17786748,936.35849941,1067.51196172,247,0.671941214691,0.198564593301
DoubleEMACrossoverWithTrend,bull_trend,1300,1300,0,99.29206946,0.00126729991793,316,3190.24020335,3090.94813389,1234.24615385,579,1.03212349906,0.243076923077
DoubleEMACrossoverWithTrend,high_vol_shock,350,350,0,25.87883175,0.00158002003824,82,1526.37021335,1500.4913816,1103.31428571,192,1.01724690463,0.234285714286
DoubleEMACrossoverWithTrend,range_choppy,556,556,0,76.24741966,0.00125055811497,129,1563.9101057,1487.66268604,1161.25899281,322,1.05125316402,0.232014388489
DoubleEMACrossoverWithTrend,range_quiet,619,619,0,303.59658256,0.00356941210132,177,1090.52722707,786.93064451,1296.15508885,350,1.38579839873,0.285945072698
DoubleEMACrossoverWithTrend,transition,734,734,0,111.13279809,0.00121780350854,183,1718.36799689,1607.2351988,1182.50681199,478,1.0691453237,0.24931880109
Dyna_opti,bear_trend,23,23,0,-39.35043384,-0.00901143933167,13,49.86054985,89.21098369,780.434782609,16,0.558905952918,0.565217391304
Dyna_opti,bull_trend,105,105,0,209.62991946,0.0134993560252,85,297.86200826,88.2320888,374,61,3.37589206275,0.809523809524
Dyna_opti,high_vol_shock,277,277,0,172.31923562,0.00466802140915,203,874.76141575,702.44218013,331.624548736,121,1.2453144764,0.73285198556
Dyna_opti,range_choppy,35,35,0,93.7778715,0.0154252684465,29,137.16293621,43.38506471,487.571428571,23,3.16152429706,0.828571428571
Dyna_opti,range_quiet,11,11,0,25.14564734,0.0129550860792,11,25.14564734,0,160,8,inf,1
Dyna_opti,transition,35,35,0,83.60461205,0.0144338901963,27,124.82617598,41.22156393,360.571428571,28,3.0281766163,0.771428571429
E0V1E,bear_trend,26,26,0,245.32344728,0.034970322441,22,252.68894088,7.3654936,41.5384615385,15,34.3071292439,0.846153846154
E0V1E,bull_trend,59,59,0,334.24588862,0.0299086425767,48,388.18287978,53.93699116,53.7288135593,24,7.19696949035,0.813559322034
E0V1E,high_vol_shock,121,121,0,861.44823239,0.0355970490384,109,947.55656347,86.10833108,33.0578512397,47,11.0042379359,0.900826446281
E0V1E,range_choppy,22,22,0,158.68944896,0.0278172301628,17,180.85935048,22.16990152,76.3636363636,13,8.1578779372,0.772727272727
E0V1E,range_quiet,21,21,0,190.24658831,0.0292252998151,17,198.4622635,8.21567519,20,8,24.1565372182,0.809523809524
E0V1E,transition,31,31,0,71.44702061,0.0123436204123,21,181.34672052,109.89969991,38.5483870968,20,1.65011115288,0.677419354839
E0V1E2,bear_trend,26,26,0,91.32305375,0.0188553191489,20,122.20558472,30.88253097,462.884615385,15,3.95711040778,0.769230769231
E0V1E2,bull_trend,59,59,0,152.0856087,0.0167056232393,37,196.1097323,44.0241236,205.847457627,24,4.45459707686,0.627118644068
E0V1E2,high_vol_shock,121,121,0,307.82032958,0.0165408601729,94,414.2308034,106.41047382,46.9834710744,47,3.89276345203,0.776859504132
E0V1E2,range_choppy,22,22,0,37.12921107,0.0100265189241,14,61.45904368,24.32983261,149.318181818,13,2.52607753885,0.636363636364
E0V1E2,range_quiet,21,21,0,75.37139306,0.0187029230988,17,83.89605982,8.52466676,998.80952381,8,9.8415647417,0.809523809524
E0V1E2,transition,31,31,0,21.75710514,0.0055251554207,20,96.43338092,74.67627578,504.838709677,20,1.29135230584,0.645161290323
E0V1EN,bear_trend,25,25,0,30.30081391,0.00723920169978,22,98.23481231,67.9339984,92.8,18,1.44603312956,0.88
E0V1EN,bull_trend,67,67,0,60.18285971,0.00601669545755,52,174.60623636,114.42337665,114.701492537,40,1.52596647182,0.776119402985
E0V1EN,high_vol_shock,290,290,0,691.29348751,0.0139262250275,230,1008.83415618,317.54066867,76.1034482759,106,3.17702346728,0.793103448276
E0V1EN,range_choppy,29,29,0,34.58056931,0.0077146620446,23,98.96249321,64.3819239,61.3793103448,18,1.53711612228,0.793103448276
E0V1EN,range_quiet,6,6,0,23.84909103,0.0208227460318,6,23.84909103,0,85,6,inf,1
E0V1EN,transition,17,17,0,-15.87222889,-0.00422532878873,7,40.97923385,56.85146274,158.235294118,14,0.720812304116,0.411764705882
E0V1E_3,bear_trend,4,4,0,-18.02094232,-0.0342177410042,2,7.50332794,25.52427026,350,3,0.2939683628,0.5
E0V1E_3,bull_trend,9,9,0,12.59806291,0.0112495763064,6,29.11874241,16.5206795,194.444444444,8,1.76256324142,0.666666666667
E0V1E_3,high_vol_shock,52,52,0,84.97985629,0.0127353098841,37,155.10383363,70.12397734,148.365384615,37,2.21185163069,0.711538461538
E0V1E_3,range_choppy,1,1,0,3.83118831,0.0299006257637,1,3.83118831,0,165,1,inf,1
E0V1E_3,range_quiet,1,1,0,4.0334371,0.0318615585922,1,4.0334371,0,175,1,inf,1
E0V1E_3,transition,3,3,0,-2.37005438,-0.00655274398278,1,4.5059415,6.87599588,271.666666667,3,0.655314746931,0.333333333333
E0V1E_DCA3,bear_trend,180,180,0,844.53733502,0.0153681321536,163,1054.47537029,209.93803527,39.9722222222,55,5.02279336345,0.905555555556
E0V1E_DCA3,bull_trend,336,336,0,884.35113223,0.0137458872411,290,1247.48478564,363.13365341,33.244047619,110,3.43533234644,0.863095238095
E0V1E_DCA3,high_vol_shock,989,989,0,2502.81029012,0.0129285276729,869,3935.95884336,1433.14855324,34.3073811931,201,2.74637184991,0.878665318504
E0V1E_DCA3,range_choppy,140,140,0,374.45041374,0.0123456796519,125,633.58597501,259.13556127,71.0714285714,64,2.44499817742,0.892857142857
E0V1E_DCA3,range_quiet,55,55,0,231.21474055,0.0138349360364,45,457.49712868,226.28238813,30.4545454545,23,2.02179733235,0.818181818182
E0V1E_DCA3,transition,178,178,0,292.55008829,0.00990954667943,144,763.87358382,471.32349553,50.1404494382,92,1.6206991399,0.808988764045
E0V1E_Shorts,bear_trend,8,0,8,-33.92824434,-0.0356772491622,4,33.0502572,66.97850154,11.875,4,0.493445754087,0.5
E0V1E_Shorts,bull_trend,16,0,16,-78.82834114,-0.0375879715524,8,62.77240159,141.60074273,15.3125,9,0.443305595577,0.5
E0V1E_Shorts,high_vol_shock,94,0,94,-97.62776313,-0.00800104592802,63,487.65623095,585.28399408,16.2234042553,49,0.833195911528,0.670212765957
E0V1E_Shorts,range_choppy,10,0,10,-46.62789355,-0.0372802730435,6,33.55328935,80.1811829,43.5,5,0.418468375452,0.6
E0V1E_Shorts,range_quiet,2,0,2,17.99076399,0.0700162257543,2,17.99076399,0,17.5,2,inf,1
E0V1E_Shorts,transition,7,0,7,17.54541603,0.0190286868185,6,35.37024493,17.8248289,23.5714285714,6,1.98432451321,0.857142857143
E0V1E_ewo,bear_trend,21,21,0,139.43394222,0.0309896553117,21,139.43394222,0,39.2857142857,14,inf,1
E0V1E_ewo,bull_trend,60,60,0,313.48976872,0.0294366489487,56,353.90837884,40.41861012,45.9166666667,27,8.75607493155,0.933333333333
E0V1E_ewo,high_vol_shock,117,117,0,500.86673457,0.0236505849844,111,612.70426721,111.83753264,39.358974359,53,5.47852096471,0.948717948718
E0V1E_ewo,range_choppy,19,19,0,93.35764935,0.0252844519328,18,133.75906335,40.401414,46.8421052632,13,3.31075202838,0.947368421053
E0V1E_ewo,range_quiet,21,21,0,21.4440974,0.00798430900086,18,165.98631612,144.54221872,21.4285714286,9,1.14835871201,0.857142857143
E0V1E_ewo,transition,30,30,0,14.2070074,0.00711089980899,26,196.28519041,182.07818301,33.8333333333,20,1.07802696163,0.866666666667
E0V1E_protections,bear_trend,26,26,0,245.32344728,0.034970322441,22,252.68894088,7.3654936,41.5384615385,15,34.3071292439,0.846153846154
E0V1E_protections,bull_trend,59,59,0,334.24588862,0.0299086425767,48,388.18287978,53.93699116,53.7288135593,24,7.19696949035,0.813559322034
E0V1E_protections,high_vol_shock,121,121,0,861.44823239,0.0355970490384,109,947.55656347,86.10833108,33.0578512397,47,11.0042379359,0.900826446281
E0V1E_protections,range_choppy,22,22,0,158.68944896,0.0278172301628,17,180.85935048,22.16990152,76.3636363636,13,8.1578779372,0.772727272727
E0V1E_protections,range_quiet,21,21,0,190.24658831,0.0292252998151,17,198.4622635,8.21567519,20,8,24.1565372182,0.809523809524
E0V1E_protections,transition,31,31,0,71.44702061,0.0123436204123,21,181.34672052,109.89969991,38.5483870968,20,1.65011115288,0.677419354839
E0V1E_strs,bear_trend,4,4,0,13.42603617,0.0245552786748,4,13.42603617,0,22.5,4,inf,1
E0V1E_strs,bull_trend,23,23,0,19.17817106,0.00674964997332,21,41.2904789,22.11230784,78.2608695652,14,1.8673075284,0.913043478261
E0V1E_strs,high_vol_shock,75,75,0,143.59325175,0.0140430061571,73,162.54164291,18.94839116,45.0666666667,41,8.57812368013,0.973333333333
E0V1E_strs,range_choppy,4,4,0,10.54215603,0.020319330725,4,10.54215603,0,27.5,3,inf,1
E0V1E_strs,range_quiet,1,1,0,0.40648176,0.00281661825425,1,0.40648176,0,25,1,inf,1
E0V1E_strs,transition,4,4,0,6.21798804,0.0108807593246,4,6.21798804,0,22.5,4,inf,1
EDTMA_Long_Short_prot_CE_1h_3Lev_3mt_March,bear_trend,3807,265,3542,10142.1550393,0.00228233875955,2752,80710.6220395,70568.4670002,311.2214342,661,1.14372077885,0.722878907276
EDTMA_Long_Short_prot_CE_1h_3Lev_3mt_March,bull_trend,2095,298,1797,316.65494253,0.0017838438119,1493,20306.6137729,19989.9588303,321.193317422,528,1.01584070008,0.712649164678
EDTMA_Long_Short_prot_CE_1h_3Lev_3mt_March,high_vol_shock,1876,121,1755,-614.53048284,-0.000543262742912,1307,20589.2200495,21203.7505323,102.921108742,282,0.971017840363,0.696695095949
EDTMA_Long_Short_prot_CE_1h_3Lev_3mt_March,range_choppy,2098,202,1896,3210.08841432,0.00366356638671,1513,30894.331778,27684.2433636,291.020019066,502,1.11595362648,0.721163012393
EDTMA_Long_Short_prot_CE_1h_3Lev_3mt_March,range_quiet,1572,176,1396,-1446.70193219,0.00244609722558,1115,25868.4260392,27315.1279714,699.198473282,464,0.947036604269,0.709287531807
EDTMA_Long_Short_prot_CE_1h_3Lev_3mt_March,transition,2630,286,2344,1717.950476,0.00285078396559,1916,33246.4584972,31528.5080212,364.403041825,737,1.05448879709,0.728517110266
EI3v2_tag_cofi_green,bear_trend,355,355,0,1686.259509,0.00812305914098,335,2945.46163389,1259.20212489,724.253521127,164,2.33914919271,0.943661971831
EI3v2_tag_cofi_green,bull_trend,543,543,0,2273.44080802,0.00953701909687,523,3140.0271576,866.58634958,502.605893186,224,3.62344405623,0.963167587477
EI3v2_tag_cofi_green,high_vol_shock,1188,1188,0,4421.66711552,0.00686591602991,1139,8394.12110835,3972.45399283,444.452861953,308,2.11308202021,0.958754208754
EI3v2_tag_cofi_green,range_choppy,294,294,0,1083.23602528,0.00690838808666,276,2178.37937629,1095.14335101,718.231292517,152,1.98912715334,0.938775510204
EI3v2_tag_cofi_green,range_quiet,38,38,0,-117.01842262,-0.00891420608914,32,326.23490809,443.25333071,1531.44736842,25,0.736001030308,0.842105263158
EI3v2_tag_cofi_green,transition,304,304,0,366.37657714,0.00534192424062,280,1966.2844133,1599.90783616,812.730263158,182,1.22899855158,0.921052631579
EMA50,bear_trend,1815,1815,0,-27.86327127,-0.000438278933726,1235,1027.47613761,1055.33940888,2197.01928375,437,0.973597810301,0.68044077135
EMA50,bull_trend,3307,3307,0,-444.58531905,-0.000486150082013,2358,2779.94942716,3224.53474621,2510.2010886,641,0.862124196499,0.713032960387
EMA50,high_vol_shock,1882,1882,0,-710.36373373,-0.00138515096874,1322,4103.40756516,4813.77129889,1337.96227418,342,0.852430934163,0.702444208289
EMA50,range_choppy,1253,1253,0,120.9811762,0.00014938181657,879,1371.42100057,1250.43982437,2242.15482841,360,1.09675089824,0.701516360734
EMA50,range_quiet,533,533,0,128.00771718,0.00122299956638,348,197.81117347,69.80345629,3459.87804878,182,2.83383064369,0.652908067542
EMA50,transition,1645,1645,0,118.91000756,-0.000526785398366,1146,1539.63446119,1420.72445363,2441.63525836,481,1.08369674166,0.696656534954
EMA520015_V17,bear_trend,1822,1822,0,-529.90200717,-0.00236232486132,542,2191.07322205,2720.97522922,812.338090011,728,0.805252910251,0.297475301866
EMA520015_V17,bull_trend,1197,1197,0,71.07034596,2.04899966083e-05,282,2262.12911744,2191.05877148,1269.17293233,581,1.03243653109,0.235588972431
EMA520015_V17,high_vol_shock,646,646,0,-216.01735185,-0.00116991043494,213,1909.8427098,2125.86006165,646.439628483,313,0.898385902371,0.329721362229
EMA520015_V17,range_choppy,1052,1052,0,75.41650704,-0.000730606949541,277,1811.24374089,1735.82723385,960,577,1.04344701222,0.263307984791
EMA520015_V17,range_quiet,1136,1136,0,-0.83321564,0.000134498813747,276,1027.95613112,1028.78934676,1141.26760563,592,0.999190100828,0.242957746479
EMA520015_V17,transition,1365,1365,0,-26.04419322,-0.000792041851325,377,2011.10772259,2037.15191581,1034.1978022,811,0.987215389771,0.27619047619
EMABBRSI,bear_trend,1779,1779,0,-159.79517844,-0.00363764543523,1038,121.40081431,281.19599275,730.556492411,696,0.431730243105,0.58347386172
EMABBRSI,bull_trend,1509,1509,0,-178.7234786,-0.00283262706376,850,216.55736928,395.28084788,607.395626243,635,0.547856974203,0.563286944997
EMABBRSI,high_vol_shock,714,714,0,-261.0438474,-0.00545325113807,419,212.03892003,473.08276743,484.957983193,284,0.448206814173,0.586834733894
EMABBRSI,range_choppy,1307,1307,0,-116.39386327,-0.00320952571533,747,117.48844601,233.88230928,531.369548585,597,0.50234002893,0.571537872992
EMABBRSI,range_quiet,1334,1334,0,-73.37799562,-0.00226056354219,730,29.15237034,102.53036596,762.188905547,587,0.284329135735,0.547226386807
EMABBRSI,transition,1618,1618,0,-176.05555206,-0.00262843797042,910,114.95664265,291.01219471,594.14091471,840,0.395023455167,0.562422744129
EMABounce,bear_trend,7,7,0,43.6411934,0.0431954808205,6,43.64161291,0.00041951,165,6,104029.970466,0.857142857143
EMABounce,bull_trend,6,6,0,24.45312377,0.03199522877,5,24.45597037,0.0028466,266.666666667,5,8591.29149512,0.833333333333
EMABounce,high_vol_shock,17,17,0,145.8990727,0.0648197168905,16,145.89910963,3.693e-05,389.117647059,9,3950693.46412,0.941176470588
EMABounce,range_choppy,7,7,0,33.5639886,0.0320708149004,6,33.5715783,0.0075897,202.857142857,5,4423.30768015,0.857142857143
EMABounce,range_quiet,3,3,0,26.02753203,0.0554018253552,3,26.02753203,0,93.3333333333,1,inf,1
EMABounce,transition,5,5,0,29.28797474,0.0389470219046,5,29.28797474,0,168,4,inf,1
EMABreakout,bear_trend,1576,1576,0,-77.05496871,-0.000953093376355,1103,601.58355406,678.63852277,2134.74936548,491,0.886456535955,0.699873096447
EMABreakout,bull_trend,3024,3024,0,-253.99749898,-0.000691028124201,2115,1510.65665661,1764.65415559,2411.48148148,768,0.856063864879,0.699404761905
EMABreakout,high_vol_shock,1477,1477,0,-718.90254087,-0.0023734297816,1029,1822.56882791,2541.47136878,1365.05754909,379,0.717131363469,0.696682464455
EMABreakout,range_choppy,1234,1234,0,161.90406061,-0.000415666967673,869,640.15750473,478.25344412,1896.51134522,475,1.33853192821,0.704213938412
EMABreakout,range_quiet,461,461,0,-34.13017935,-0.00327896922346,316,80.04396684,114.17414619,3822.51626898,225,0.701069108122,0.68546637744
EMABreakout,transition,1524,1524,0,38.27789867,-0.00082172423993,1065,875.11463958,836.83674091,2499.01574803,619,1.04574117841,0.698818897638
EMACross,bear_trend,1090,1090,0,-70.59562919,-0.00207059293173,714,159.61383511,230.2094643,320.412844037,132,0.693341759842,0.65504587156
EMACross,bull_trend,3065,3065,0,-377.82678531,-0.0026254626364,1950,673.93310806,1051.75989337,264.016313214,255,0.640767072702,0.636215334421
EMACross,high_vol_shock,3406,3406,0,-151.07252262,-0.00259438287391,2080,590.48257976,741.55510238,176.585437463,162,0.796276066155,0.610687022901
EMACross,range_choppy,1938,1938,0,-109.87809033,-0.000951713038819,1308,315.21439309,425.09248342,303.054695562,215,0.741519564293,0.674922600619
EMACross,range_quiet,494,494,0,-37.33122884,-0.000944000117464,330,49.3215896,86.65281844,497.965587045,103,0.569186213304,0.668016194332
EMACross,transition,2091,2091,0,-218.95106073,-0.00207994979062,1375,390.1518742,609.10293493,339.595887135,289,0.640535206492,0.657580105213
EMAPriceCrossoverWithThreshold,bear_trend,344,344,0,-549.01386682,-0.00363638363453,42,1285.20544037,1834.21930719,4873.95348837,233,0.700682538523,0.122093023256
EMAPriceCrossoverWithThreshold,bull_trend,155,155,0,-95.31000754,-0.00161242520045,17,802.05471034,897.36471788,4296,112,0.893788996112,0.109677419355
EMAPriceCrossoverWithThreshold,high_vol_shock,180,180,0,-80.77479251,0.00261451717957,27,1237.26784159,1318.0426341,2750.66666667,117,0.93871610036,0.15
EMAPriceCrossoverWithThreshold,range_choppy,370,370,0,387.28254664,0.00621914214428,57,2230.17995212,1842.89740548,4580.75675676,259,1.21014872857,0.154054054054
EMAPriceCrossoverWithThreshold,range_quiet,347,347,0,1164.0195642,0.0176462699752,65,2504.51125349,1340.49168929,8277.06051873,246,1.86835268991,0.187319884726
EMAPriceCrossoverWithThreshold,transition,366,366,0,520.17874918,0.00864736959678,53,2281.12600518,1760.947256,5946.8852459,298,1.29539712073,0.144808743169
EMASkipPump,bear_trend,4709,4709,0,-99.72930454,-0.00111521145213,2874,813.33205734,913.06136188,173.463580378,374,0.890774805831,0.610320662561
EMASkipPump,bull_trend,5584,5584,0,-282.89200808,-0.000774646180793,3430,1945.16226086,2228.05426894,175.838108883,466,0.87303181434,0.614255014327
EMASkipPump,high_vol_shock,4741,4741,0,-263.71627624,-0.000907028034357,2820,2956.16082582,3219.87710206,159.529635098,277,0.918097409348,0.594811221261
EMASkipPump,range_choppy,4014,4014,0,-144.19030743,-0.00120999022135,2454,933.09114226,1077.28144969,183.94245142,407,0.86615354096,0.611360239163
EMASkipPump,range_quiet,994,994,0,-54.49356845,-0.00092800445894,570,133.40196288,187.89553133,186.011066398,150,0.709979433442,0.573440643863
EMASkipPump,transition,5179,5179,0,-122.17995336,-0.000799117103967,3177,1201.19993013,1323.37988349,179.686232863,582,0.907675826961,0.613438887816
EMAVolume,bear_trend,3174,3174,0,-404.22351921,-0.00153991899829,850,1540.07906529,1944.3025845,542.391304348,1051,0.792098450914,0.267800882168
EMAVolume,bull_trend,2539,2539,0,-94.22125552,-0.00101645923838,618,2070.19252472,2164.41378024,522.560063017,904,0.956468002385,0.243402914533
EMAVolume,high_vol_shock,1310,1310,0,-131.26533026,-0.00115028314695,345,2237.98451263,2369.24984289,523.511450382,478,0.944596248195,0.263358778626
EMAVolume,range_choppy,1960,1960,0,25.79092232,-0.000269937075126,522,1469.89980184,1444.10887952,541.369897959,843,1.01785940291,0.266326530612
EMAVolume,range_quiet,2132,2132,0,-111.58452909,-0.00094263372535,513,513.55529546,625.13982455,530.530018762,814,0.821504686299,0.240619136961
EMAVolume,transition,2745,2745,0,-179.36255816,-0.00172783214632,680,1651.01771435,1830.38027251,522.234972678,1315,0.902008035787,0.247723132969
EMA_CROSSOVER_STRATEGY,bear_trend,1958,1958,0,-111.22874993,-0.00228975349441,657,190.49759237,301.7263423,106.639427988,242,0.631358836348,0.335546475996
EMA_CROSSOVER_STRATEGY,bull_trend,3374,3374,0,-234.31528368,-0.00190441749345,1139,441.72743043,676.04271411,102.645228216,360,0.653401658224,0.337581505631
EMA_CROSSOVER_STRATEGY,high_vol_shock,3034,3034,0,-148.1190791,-0.00200149690909,1275,407.16272287,555.28180197,79.7165458141,268,0.733254216914,0.420237310481
EMA_CROSSOVER_STRATEGY,range_choppy,2055,2055,0,-157.29403033,-0.00171398636638,652,280.92796508,438.22199541,109.729927007,283,0.641063132436,0.317274939173
EMA_CROSSOVER_STRATEGY,range_quiet,709,709,0,-76.50111897,-0.00200650744009,158,63.77513532,140.27625429,147.341325811,126,0.45463956564,0.222849083216
EMA_CROSSOVER_STRATEGY,transition,2567,2567,0,-238.21582215,-0.00192248476521,788,346.83946682,585.05528897,105.802493183,404,0.592831948294,0.306973120374
EMA_Trailing_Stoploss,bear_trend,1116,1116,0,-104.48794716,-0.0028755990782,246,55.14812178,159.63606894,18.7634408602,211,0.345461537272,0.220430107527
EMA_Trailing_Stoploss,bull_trend,2191,2191,0,-265.06264077,-0.00350193720727,425,127.48503162,392.54767239,13.03514377,326,0.324763183141,0.19397535372
EMA_Trailing_Stoploss,high_vol_shock,2076,2076,0,-156.0387787,-0.00355701691881,537,114.99288246,271.03166116,3.61271676301,260,0.42427841075,0.258670520231
EMA_Trailing_Stoploss,range_choppy,1132,1132,0,-168.29105493,-0.00310529428047,224,77.89114099,246.18219592,17.9681978799,241,0.316396320615,0.197879858657
EMA_Trailing_Stoploss,range_quiet,396,396,0,-52.04193327,-0.00260102487036,98,21.99225406,74.03418733,86.6666666667,119,0.297055385534,0.247474747475
EMA_Trailing_Stoploss,transition,1492,1492,0,-219.77333679,-0.00288938385782,321,107.54645198,327.31978877,26.8230563003,351,0.328566911228,0.215147453083
EMA_Trailing_Stoploss_LessMagic,bear_trend,1347,1347,0,-113.1366375,-0.00287684172546,298,16.43768853,129.57432603,28.4780994803,242,0.126859147438,0.221232368226
EMA_Trailing_Stoploss_LessMagic,bull_trend,2298,2298,0,-247.0930397,-0.00286520343508,514,48.04365818,295.13669788,25.3089643168,364,0.162784426759,0.223672758921
EMA_Trailing_Stoploss_LessMagic,high_vol_shock,2092,2092,0,-186.73084156,-0.00355314612609,421,38.33449595,225.06533751,10.3871892925,264,0.170326076748,0.201242829828
EMA_Trailing_Stoploss_LessMagic,range_choppy,1425,1425,0,-158.45914935,-0.00267240460186,363,34.42200488,192.88115423,30.5228070175,287,0.178462250589,0.254736842105
EMA_Trailing_Stoploss_LessMagic,range_quiet,424,424,0,-46.93466145,-0.00210045928403,120,12.06018973,58.99485118,103.018867925,126,0.20442783546,0.283018867925
EMA_Trailing_Stoploss_LessMagic,transition,1696,1696,0,-213.32929595,-0.00267232329516,411,40.13069582,253.45999177,38.3932783019,403,0.158331480798,0.24233490566
ETCG_Shorts,bear_trend,39,0,39,-66.2936557,-0.022419642955,29,55.33067294,121.62432864,78.9743589744,23,0.454930962898,0.74358974359
ETCG_Shorts,bull_trend,210,0,210,-375.63739987,-0.0186299456271,162,473.95522775,849.59262762,49.6904761905,60,0.557861747315,0.771428571429
ETCG_Shorts,high_vol_shock,745,0,745,-87.30668285,-0.00115140810553,605,1814.77116934,1902.07785219,29.932885906,133,0.954099311577,0.812080536913
ETCG_Shorts,range_choppy,95,0,95,1.00134621,0.000401043299808,80,192.11073918,191.10939297,55.4736842105,40,1.00523964937,0.842105263158
ETCG_Shorts,range_quiet,10,0,10,-6.38490678,0.00977264633619,9,16.76140669,23.14631347,76,5,0.724150163771,0.9
ETCG_Shorts,transition,71,0,71,-16.83390808,-0.00618454132569,60,156.34785487,173.18176295,37.3943661972,30,0.902796300296,0.845070422535
EXPERIMENTAL_STRATEGY,bear_trend,4968,4968,0,-221.5026704,-0.00139477141389,2475,568.86274087,790.36541127,45.8152173913,673,0.719746503021,0.498188405797
EXPERIMENTAL_STRATEGY,bull_trend,5173,5173,0,-221.46617942,-0.000989152990873,2821,1054.92576566,1276.39194508,39.9710032863,711,0.826490459867,0.545331529093
EXPERIMENTAL_STRATEGY,high_vol_shock,3102,3102,0,-25.48757481,-9.54441453157e-05,1897,1639.96530479,1665.4528796,39.4858156028,355,0.984696309861,0.611540941328
EXPERIMENTAL_STRATEGY,range_choppy,3346,3346,0,-186.09158915,-0.001126614637,1891,530.05325463,716.14484378,41.6407650926,563,0.740148112821,0.565152420801
EXPERIMENTAL_STRATEGY,range_quiet,2261,2261,0,-93.91023632,-0.00183763504014,928,82.29877265,176.20900897,42.8925254312,431,0.467052014713,0.410437859354
EXPERIMENTAL_STRATEGY,transition,4573,4573,0,-217.22643166,-0.0012529765825,2351,602.75966185,819.98609351,42.3463809316,891,0.735085224763,0.514104526569
EasyInEasyOut,bull_trend,464,464,0,168.52160941,0.0102352165959,460,2836.80566689,2668.28405748,22697.1767241,151,1.06315729727,0.991379310345
EasyInEasyOut,high_vol_shock,255,255,0,990.23756086,0.0119857439054,253,2325.83877595,1335.60121509,33605.7058824,56,1.74141708593,0.992156862745
EasyInEasyOut,range_choppy,85,85,0,688.72823725,0.0181450814252,85,688.72823725,0,4135.47058824,28,inf,1
EasyInEasyOut,range_quiet,9,9,0,89.39663463,0.0129109058857,9,89.39663463,0,25348.3333333,8,inf,1
EasyInEasyOut,transition,145,145,0,64.34108876,0.00838163323561,143,1073.28308392,1008.94199516,34470.9310345,59,1.06377085013,0.986206896552
ElliotV2,bear_trend,7,7,0,-0.18190224,0.00360474947373,6,44.77502338,44.95692562,2351.42857143,5,0.995953854996,0.857142857143
ElliotV2,bull_trend,47,47,0,205.96154358,0.0255313366326,46,250.141866,44.18032242,353.829787234,27,5.66183885265,0.978723404255
ElliotV2,high_vol_shock,232,232,0,570.56129464,0.0144984158395,207,1325.30718465,754.74589001,228.211206897,86,1.75596475872,0.89224137931
ElliotV2,range_choppy,18,18,0,57.52176203,0.0184860133542,17,97.05216203,39.5304,3058.33333333,12,2.4551272446,0.944444444444
ElliotV2,range_quiet,8,8,0,55.37911025,0.0304478029325,8,55.37911025,0,116.25,6,inf,1
ElliotV2,transition,22,22,0,86.69986933,0.0217727054975,19,142.48407473,55.7842054,226.363636364,14,2.55420102712,0.863636363636
ElliotV4,bear_trend,39,39,0,152.54471263,0.0111287666316,29,152.99369752,0.44898489,791.025641026,26,340.754668871,0.74358974359
ElliotV4,bull_trend,166,166,0,425.96894729,0.0114065155677,134,640.65344721,214.68449992,4515.12048193,85,2.98416256157,0.807228915663
ElliotV4,high_vol_shock,381,381,0,1826.56108588,0.017491958185,335,2217.92594799,391.36486211,3552.78215223,114,5.66715656595,0.879265091864
ElliotV4,range_choppy,74,74,0,358.86929804,0.0144914110756,62,359.06979905,0.20050101,3558.24324324,43,1790.86279441,0.837837837838
ElliotV4,range_quiet,12,12,0,80.07900714,0.0160492928038,9,80.28904347,0.21003633,206.25,8,382.262646991,0.75
ElliotV4,transition,75,75,0,-236.8722055,0.00230835825407,58,284.36044606,521.23265156,29555.2666667,51,0.545553785261,0.773333333333
ElliotV531,bear_trend,13,13,0,8.61920309,0.0041002014841,10,21.08173437,12.46253128,263.076923077,10,1.69160934455,0.769230769231
ElliotV531,bull_trend,134,134,0,5.83727817,0.00036209161046,96,176.68052949,170.84325132,147.313432836,61,1.03416744955,0.716417910448
ElliotV531,high_vol_shock,452,452,0,224.68558524,0.00352198495195,295,691.42547875,466.73989351,73.7831858407,122,1.48139357352,0.652654867257
ElliotV531,range_choppy,60,60,0,63.67892215,0.00768000011165,48,91.65080861,27.97188646,142.25,32,3.27653298397,0.8
ElliotV531,range_quiet,10,10,0,12.03726966,0.0078611931211,8,19.95656415,7.91929449,109,8,2.51999268056,0.8
ElliotV531,transition,50,50,0,-7.85283393,-0.000618949884641,32,81.34078944,89.19362337,187.5,29,0.911957451292,0.64
ElliotV5HO,bear_trend,13,13,0,-3.23933776,-0.00138153919173,8,16.74908818,19.98842594,75,10,0.837939327002,0.615384615385
ElliotV5HO,bull_trend,129,129,0,46.81133469,0.00245802659264,87,210.65395218,163.84261749,55.6976744186,62,1.28570914825,0.674418604651
ElliotV5HO,high_vol_shock,413,413,0,712.68771929,0.00999325143946,324,1046.86437357,334.17665428,38.9104116223,122,3.13266758812,0.784503631961
ElliotV5HO,range_choppy,59,59,0,78.02039553,0.00731373533834,46,112.93732251,34.91692698,43.8983050847,32,3.23445767649,0.779661016949
ElliotV5HO,range_quiet,10,10,0,26.76050779,0.013886596914,10,26.76050779,0,36,8,inf,1
ElliotV5HO,transition,44,44,0,7.42131936,0.00214403567888,28,87.69141256,80.2700932,58.4090909091,29,1.09245435086,0.636363636364
ElliotV5HOMod2,bear_trend,6,6,0,33.51045271,0.0198857725961,6,33.51045271,0,1383.33333333,5,inf,1
ElliotV5HOMod2,bull_trend,80,80,0,403.1635324,0.021842175841,79,405.39702342,2.23349102,8241.1875,46,181.508239697,0.9875
ElliotV5HOMod2,high_vol_shock,246,246,0,1076.22164058,0.0203095156676,245,1356.05878218,279.8371416,4288.45528455,83,4.84588562628,0.99593495935
ElliotV5HOMod2,range_choppy,37,37,0,225.05588279,0.0249401309218,37,225.05588279,0,4132.7027027,21,inf,1
ElliotV5HOMod2,range_quiet,7,7,0,48.89503648,0.0231023662854,7,48.89503648,0,70,6,inf,1
ElliotV5HOMod2,transition,29,29,0,10.63483815,0.012395389328,28,149.95123215,139.316394,5187.4137931,20,1.07633587006,0.965517241379
ElliotV5HOMod3,bear_trend,8,8,0,-24.41544682,-0.0123924964521,3,45.74405603,70.15950285,1896.875,6,0.652000857643,0.375
ElliotV5HOMod3,bull_trend,95,95,0,116.23883252,0.00676107297016,49,611.77459626,495.53576374,527.473684211,46,1.23457203501,0.515789473684
ElliotV5HOMod3,high_vol_shock,277,277,0,848.25660958,0.0169708564915,157,2340.06416633,1491.80755675,336.967509025,104,1.56860994285,0.56678700361
ElliotV5HOMod3,range_choppy,33,33,0,155.17230579,0.0220847176397,21,297.90876219,142.7364564,853.787878788,22,2.087124549,0.636363636364
ElliotV5HOMod3,range_quiet,7,7,0,54.41851189,0.0323395334615,5,81.45266493,27.03415304,922.142857143,7,3.01295419943,0.714285714286
ElliotV5HOMod3,transition,29,29,0,83.76915671,0.0200047412895,18,218.62075603,134.85159932,792.24137931,19,1.62119512955,0.620689655172
ElliotV5_SMA,bear_trend,26,26,0,55.96759915,0.00880133363862,19,109.56743045,53.5998313,948.269230769,18,2.04417491236,0.730769230769
ElliotV5_SMA,bull_trend,117,117,0,218.56457113,0.00976522123978,94,487.89851082,269.33393969,404.957264957,63,1.81150029358,0.803418803419
ElliotV5_SMA,high_vol_shock,362,362,0,938.89950164,0.012732412975,302,1631.69912648,692.79962484,189.129834254,131,2.35522518774,0.834254143646
ElliotV5_SMA,range_choppy,58,58,0,192.13791749,0.0154574492405,48,269.65235506,77.51443757,516.551724138,36,3.47873716837,0.827586206897
ElliotV5_SMA,range_quiet,11,11,0,37.55116304,0.0126410082773,9,53.85029696,16.29913392,1274.54545455,9,3.30387474723,0.818181818182
ElliotV5_SMA,transition,42,42,0,70.33591388,0.0121700203568,33,191.16229452,120.82638064,278.333333333,29,1.5821238169,0.785714285714
ElliotV7,bear_trend,8,8,0,-2.96482949,-0.00263654872495,4,10.26981432,13.23464381,83.125,7,0.77597965366,0.5
ElliotV7,bull_trend,98,98,0,62.71906934,0.00455496013268,64,156.77528731,94.05621797,53.4693877551,50,1.66682533801,0.65306122449
ElliotV7,high_vol_shock,266,266,0,383.72863133,0.00929989794821,212,582.70789957,198.97926824,39.2669172932,98,2.92848548858,0.796992481203
ElliotV7,range_choppy,39,39,0,42.13541368,0.00714512010829,32,60.90903385,18.77362017,45.5128205128,22,3.24439470376,0.820512820513
ElliotV7,range_quiet,6,6,0,11.60851778,0.011786019139,6,11.60851778,0,31.6666666667,5,inf,1
ElliotV7,transition,32,32,0,1.49333179,0.00128453867673,21,51.94674697,50.45341518,57.8125,22,1.02959823006,0.65625
ElliotV8HO,bear_trend,5,5,0,14.38997305,0.015635140792,5,14.38997305,0,79,4,inf,1
ElliotV8HO,bull_trend,53,53,0,101.82048156,0.0127345025545,51,140.80979038,38.98930882,366.981132075,28,3.61149747563,0.962264150943
ElliotV8HO,high_vol_shock,236,236,0,546.15419186,0.0140374585857,229,771.67851891,225.52432705,137.733050847,73,3.42170855359,0.970338983051
ElliotV8HO,range_choppy,21,21,0,69.12926403,0.0177021569323,21,69.12926403,0,150.714285714,9,inf,1
ElliotV8HO,range_quiet,9,9,0,34.73532671,0.0195248277165,9,34.73532671,0,917.777777778,4,inf,1
ElliotV8HO,transition,13,13,0,-36.98716261,-0.0110633795028,11,38.83701365,75.82417626,881.153846154,9,0.51219829302,0.846153846154
ElliotV8_original,bear_trend,8,8,0,20.53429984,0.0115731839739,8,20.53429984,0,879.375,7,inf,1
ElliotV8_original,bull_trend,99,99,0,177.06970002,0.0109064994054,90,259.77277466,82.70307464,181.868686869,50,3.14102922764,0.909090909091
ElliotV8_original,high_vol_shock,292,292,0,916.85813028,0.0155842645724,275,1088.67772539,171.81959511,374.520547945,103,6.33616744757,0.941780821918
ElliotV8_original,range_choppy,42,42,0,124.38515775,0.015557485561,40,124.3866021,0.00144435,1864.64285714,23,86119.4323398,0.952380952381
ElliotV8_original,range_quiet,6,6,0,31.59888554,0.0220680054875,6,31.59888554,0,41.6666666667,5,inf,1
ElliotV8_original,transition,33,33,0,-4.86953151,0.00445737803254,28,89.11634118,93.98587269,506.060606061,23,0.948188686548,0.848484848485
ElliotV8_original_ichiv2,bear_trend,49,49,0,-41.72341949,-0.00186666546358,35,183.23275462,224.95617411,631.224489796,33,0.814526453186,0.714285714286
ElliotV8_original_ichiv2,bull_trend,204,204,0,327.01895173,0.00669339407043,155,681.31562484,354.29667311,248.112745098,80,1.92300881309,0.759803921569
ElliotV8_original_ichiv2,high_vol_shock,628,628,0,1189.81878993,0.00889365863875,513,2415.68126655,1225.86247662,141.48089172,155,1.97059728365,0.816878980892
ElliotV8_original_ichiv2,range_choppy,108,108,0,289.48589601,0.0101176222965,85,445.66017213,156.17427612,372.731481481,50,2.85360805378,0.787037037037
ElliotV8_original_ichiv2,range_quiet,23,23,0,83.90181258,0.0126699512867,21,105.81986682,21.91805424,233.47826087,13,4.82797723107,0.913043478261
ElliotV8_original_ichiv2,transition,86,86,0,97.56986432,0.00704065897505,69,300.01669778,202.44683346,304.88372093,56,1.48195302763,0.802325581395
ElliotV8_original_ichiv2OH,bear_trend,8,8,0,3.66518376,0.00179071244829,7,16.21240896,12.5472252,419.375,6,1.29211110039,0.875
ElliotV8_original_ichiv2OH,bull_trend,69,69,0,5.8278885,0.000130801388481,52,143.86561635,138.03772785,96.3768115942,36,1.04221953368,0.753623188406
ElliotV8_original_ichiv2OH,high_vol_shock,289,289,0,314.63048441,0.00755389469106,246,754.55970824,439.92922383,49.6193771626,86,1.71518432368,0.851211072664
ElliotV8_original_ichiv2OH,range_choppy,31,31,0,59.89260324,0.0125703859602,28,83.96819279,24.07558955,75.1612903226,16,3.4876899947,0.903225806452
ElliotV8_original_ichiv2OH,range_quiet,10,10,0,37.29741263,0.0237457767261,10,37.29741263,0,39.5,8,inf,1
ElliotV8_original_ichiv2OH,transition,23,23,0,17.86274035,0.00679581269753,16,63.16122532,45.29848497,245.652173913,14,1.39433416729,0.695652173913
ElliotV8_original_ichiv3,bear_trend,49,49,0,21.65489315,0.00274401820281,32,93.67940506,72.02451191,151.734693878,33,1.30066004719,0.65306122449
ElliotV8_original_ichiv3,bull_trend,227,227,0,11.16088995,-0.000110753832428,157,489.70011804,478.53922809,88.5682819383,80,1.02332283185,0.691629955947
ElliotV8_original_ichiv3,high_vol_shock,705,705,0,723.08830503,0.00620519127057,543,1989.7331858,1266.64488077,66.0425531915,155,1.57086900678,0.770212765957
ElliotV8_original_ichiv3,range_choppy,119,119,0,73.79160483,0.00282733927951,85,290.44676176,216.65515693,98.6134453782,50,1.3405947307,0.714285714286
ElliotV8_original_ichiv3,range_quiet,23,23,0,36.63745337,0.00824088541887,17,57.77733186,21.13987849,97.8260869565,13,2.73309668678,0.739130434783
ElliotV8_original_ichiv3,transition,91,91,0,26.14063585,0.00283113604139,64,202.94464848,176.80401263,103.901098901,57,1.14785091956,0.703296703297
Elliotv8,bear_trend,8,8,0,-2.19629238,-0.00203462840718,4,13.0104242,15.20671658,76.25,7,0.855570900632,0.5
Elliotv8,bull_trend,102,102,0,90.43957674,0.0056941563157,69,182.97053154,92.5309548,52.1568627451,50,1.97739807112,0.676470588235
Elliotv8,high_vol_shock,307,307,0,562.62869376,0.010791165012,252,776.06096696,213.4322732,35.667752443,103,3.63609943016,0.820846905537
Elliotv8,range_choppy,45,45,0,74.43423853,0.0105953988875,37,94.3795696,19.94533107,42.8888888889,23,4.73191291078,0.822222222222
Elliotv8,range_quiet,6,6,0,14.96905893,0.013175553984,6,14.96905893,0,25.8333333333,5,inf,1
Elliotv8,transition,34,34,0,23.81217623,0.00519678560121,24,73.86961624,50.05744001,50,23,1.47569704374,0.705882352941
EmaCrossStrategy,bear_trend,547,547,0,-275.44640126,-0.000479426313672,163,2098.86298989,2374.30939115,3977.76965265,319,0.883988833853,0.297989031079
EmaCrossStrategy,bull_trend,238,238,0,-109.80668524,-0.00193441288755,71,991.70064755,1101.50733279,3946.8907563,183,0.90031234294,0.298319327731
EmaCrossStrategy,high_vol_shock,141,141,0,-124.26151151,-0.00128713256307,40,1066.25868627,1190.52019778,3986.38297872,94,0.895624188702,0.283687943262
EmaCrossStrategy,range_choppy,268,268,0,166.14846214,0.00476522788054,84,1345.91941069,1179.77094855,3841.79104478,202,1.1408311184,0.313432835821
EmaCrossStrategy,range_quiet,299,299,0,958.45115378,0.0213043706138,97,1692.66116012,734.21000634,4332.84280936,218,2.30541826658,0.324414715719
EmaCrossStrategy,transition,334,334,0,297.33978731,0.00576096714658,100,1674.76236265,1377.42257534,4200.71856287,267,1.21586678818,0.299401197605
EmaRibbonStrategy,bear_trend,2799,2799,0,-162.62332269,-0.00224679167917,696,178.08262457,340.70594726,68.011789925,379,0.522687161766,0.248660235798
EmaRibbonStrategy,bull_trend,2902,2902,0,-211.27731896,-0.00176057754052,770,409.32905488,620.60637384,67.8618194349,445,0.659563085611,0.26533425224
EmaRibbonStrategy,high_vol_shock,2473,2473,0,-139.14596416,-0.00177396154078,687,463.63245171,602.77841587,70.3720177922,300,0.769159013501,0.27780024262
EmaRibbonStrategy,range_choppy,2271,2271,0,-153.55154486,-0.00189486481642,584,233.09964663,386.65119149,67.6948480845,389,0.602868041688,0.257155438133
EmaRibbonStrategy,range_quiet,611,611,0,-67.56336438,-0.00177792087456,129,47.82556794,115.38893232,63.3387888707,148,0.414472748629,0.211129296236
EmaRibbonStrategy,transition,2807,2807,0,-231.51560356,-0.00206107636712,698,276.87899523,508.39459879,65.4631278945,550,0.544614352491,0.24866405415
FAdxSmaStrategy,bear_trend,184,97,87,-68.50737423,-0.0037292150482,49,143.96560261,212.47297684,822.391304348,126,0.677571354019,0.266304347826
FAdxSmaStrategy,bull_trend,162,46,116,-53.23815995,-0.00324916325617,51,199.77125145,253.0094114,868.888888889,123,0.789580317762,0.314814814815
FAdxSmaStrategy,high_vol_shock,63,39,24,-1.32841078,-0.000928308999773,27,123.98540678,125.31381756,557.142857143,50,0.989399327178,0.428571428571
FAdxSmaStrategy,range_choppy,114,56,58,-92.65183213,-0.00700518227426,33,75.75527853,168.40711066,813.684210526,98,0.449834203752,0.289473684211
FAdxSmaStrategy,range_quiet,129,65,64,-21.12416205,-0.00158056827663,47,73.74840835,94.8725704,1017.6744186,104,0.777341733644,0.364341085271
FAdxSmaStrategy,transition,197,90,107,-81.89261709,-0.00412683946195,56,159.41845175,241.31106884,986.192893401,153,0.66063464273,0.284263959391
FBB_DWT,bear_trend,94,94,0,74.27661069,0.00544269461205,73,433.30527535,359.02866466,296.329787234,45,1.20688211834,0.776595744681
FBB_DWT,bull_trend,154,154,0,42.4723452,0.00385478017507,120,656.09624035,613.62389515,336.006493506,78,1.06921559857,0.779220779221
FBB_DWT,high_vol_shock,462,462,0,262.29158603,0.00421410555188,345,2440.41441624,2178.12283021,282.976190476,153,1.12042093421,0.746753246753
FBB_DWT,range_choppy,78,78,0,210.57063294,0.0161440077201,68,384.92725759,174.35662465,302.628205128,49,2.20770078775,0.871794871795
FBB_DWT,range_quiet,13,13,0,7.34594126,0.00300593087689,10,58.45489132,51.10895006,524.230769231,8,1.14373101485,0.769230769231
FBB_DWT,transition,66,66,0,-32.24189096,-0.00298756656576,49,259.74205779,291.98394875,584.318181818,46,0.889576495222,0.742424242424
FBB_KalmanSIMD,bear_trend,94,94,0,26.93446516,0.00261991368992,58,70.12308688,43.18862172,100.531914894,62,1.62364724984,0.617021276596
FBB_KalmanSIMD,bull_trend,100,100,0,-5.49474982,0.000206116269433,54,102.36259058,107.8573404,132.6,60,0.949055392988,0.54
FBB_KalmanSIMD,high_vol_shock,228,228,0,-107.14573731,-0.00415209558514,119,195.22965565,302.37539296,20.9210526316,84,0.645653251539,0.521929824561
FBB_KalmanSIMD,range_choppy,65,65,0,-22.17484219,-0.00305251163524,32,39.64518025,61.82002244,124,43,0.641299997723,0.492307692308
FBB_KalmanSIMD,range_quiet,45,45,0,-0.62503053,4.83966599646e-05,19,35.08084677,35.7058773,109.222222222,24,0.982495023865,0.422222222222
FBB_KalmanSIMD,transition,82,82,0,-32.75033697,-0.00362416066776,42,50.40080706,83.15114403,126.646341463,62,0.606134860175,0.512195121951
FFT,bear_trend,639,639,0,-52.85529698,-0.000166558558108,486,1322.02700025,1374.88229723,1610.12519562,286,0.961556493173,0.760563380282
FFT,bull_trend,532,532,0,-149.65444891,-0.000976996569031,401,1391.24350704,1540.89795595,1665.52631579,270,0.902878416879,0.753759398496
FFT,high_vol_shock,661,661,0,-305.70202681,-0.00346009743491,452,2346.1651233,2651.86715011,1057.46596067,273,0.884721967766,0.683812405446
FFT,range_choppy,432,432,0,152.86133754,0.00353721587368,336,998.67668089,845.81534335,1724.50231481,242,1.18072660746,0.777777777778
FFT,range_quiet,154,154,0,-45.55386738,-0.00468235204701,115,210.93660715,256.49047453,2351.59090909,83,0.82239548091,0.746753246753
FFT,transition,462,462,0,-48.64240594,-0.000603785526834,356,924.408852,973.05125794,1925.42207792,304,0.950010438255,0.770562770563
FLAGS,bear_trend,73,7,66,-676.28562489,-0.0140522202281,37,2804.90265283,3481.18827772,13247.6712329,63,0.805731385108,0.506849315068
FLAGS,bull_trend,56,48,8,1646.47543349,0.148592128939,37,3439.97155603,1793.49612254,12355.7142857,52,1.91802564433,0.660714285714
FLAGS,high_vol_shock,30,20,10,-182.25942873,0.00666461321105,12,1806.69621973,1988.95564846,10748,26,0.908364256955,0.4
FLAGS,range_choppy,23,9,14,938.93695615,0.202661537512,14,1451.66375051,512.72679436,12892.173913,21,2.8312617294,0.608695652174
FLAGS,range_quiet,23,6,17,-1044.2191459,-0.145282058166,7,381.71002868,1425.92917458,10155.6521739,22,0.267692137509,0.304347826087
FLAGS,transition,37,19,18,273.27850988,0.0926924517779,15,2298.75738504,2025.47887516,13156.2162162,37,1.13492044436,0.405405405405
FOttStrategy,bear_trend,857,427,430,-6.36453738,0.0018035140691,721,411.50353496,417.86807234,4010.19836639,482,0.984769026874,0.841306884481
FOttStrategy,bull_trend,857,423,434,-61.53707603,-0.00503005428959,703,697.16640388,758.70347991,3099.87164527,425,0.918891796783,0.820303383897
FOttStrategy,high_vol_shock,1209,597,612,-313.57017755,-0.00670586386429,1031,989.72957655,1303.2997541,1810.37220844,392,0.759402872161,0.852770885029
FOttStrategy,range_choppy,667,332,335,-90.21870658,-0.00457921817056,555,433.10580994,523.32451652,3587.24887556,393,0.827604662629,0.832083958021
FOttStrategy,range_quiet,341,166,175,-90.69002494,-0.00569375212149,270,139.91755749,230.60758243,5981.7888563,246,0.606734418772,0.791788856305
FOttStrategy,transition,716,361,355,-117.67030838,-0.00312618535949,592,485.64494522,603.3152536,4458.72905028,466,0.804960495068,0.826815642458
FRAYSTRAT,bear_trend,616,616,0,-14.8759152,-0.00134762055555,342,294.68666616,309.56258136,764.24512987,144,0.951945370352,0.555194805195
FRAYSTRAT,bull_trend,1681,1681,0,-433.96399634,-0.00400993491493,942,1084.71767799,1518.68167433,612.233789411,256,0.714249533872,0.560380725758
FRAYSTRAT,high_vol_shock,2611,2611,0,-393.3040637,-0.00612721361696,1588,1038.21943211,1431.52349581,420.580237457,203,0.725254901613,0.608196093451
FRAYSTRAT,range_choppy,1026,1026,0,45.10943045,0.000763608686192,605,592.87130907,547.76187862,684.312865497,203,1.08235226329,0.589668615984
FRAYSTRAT,range_quiet,331,331,0,-8.98768402,0.000378887556535,148,141.88481766,150.87250168,833.383685801,99,0.940428614095,0.447129909366
FRAYSTRAT,transition,1161,1161,0,-159.73011835,-0.00157293587818,647,619.57213647,779.30225482,751.61498708,279,0.795034446055,0.557278208441
FReinforcedStrategy,bear_trend,1564,776,788,-152.10812391,-0.00185974175122,291,114.8598924,266.96801631,50.834398977,764,0.430238400793,0.186061381074
FReinforcedStrategy,bull_trend,1387,896,491,-132.96926576,-0.00179128712658,322,184.44180835,317.41107411,47.9416005768,628,0.581081831714,0.232155731795
FReinforcedStrategy,high_vol_shock,655,349,306,-140.58430177,-0.00284036763092,170,144.44273467,285.02703644,41.4809160305,323,0.506768538431,0.259541984733
FReinforcedStrategy,range_choppy,938,509,429,-131.4257735,-0.00226400086089,179,72.66185746,204.08763096,45.0692963753,539,0.356032637148,0.190831556503
FReinforcedStrategy,range_quiet,1022,550,472,-98.500885,-0.00234073781589,141,33.03698771,131.53787271,48.6350293542,565,0.251159510408,0.137964774951
FReinforcedStrategy,transition,1292,714,578,-143.76430037,-0.00205226811704,244,104.14273618,247.90703655,49.2453560372,834,0.420087858858,0.188854489164
FSampleStrategy,bear_trend,351,332,19,438.31727791,0.0168570151582,58,5261.26766255,4822.95038464,28012.991453,203,1.0908815648,0.165242165242
FSampleStrategy,bull_trend,134,113,21,-328.14668873,-0.00223866258224,17,1544.23414394,1872.38083267,13337.0149254,97,0.824743618924,0.126865671642
FSampleStrategy,high_vol_shock,176,171,5,769.12201347,0.0221654723653,15,3767.44756189,2998.32554842,10162.5,90,1.25651717969,0.0852272727273
FSampleStrategy,range_choppy,113,105,8,-284.75564191,0.00473978275501,12,1520.2482005,1805.00384241,16875.3982301,79,0.842240977432,0.106194690265
FSampleStrategy,range_quiet,86,75,11,654.85119814,0.0449292382396,17,1599.4529717,944.60177356,28908.8372093,69,1.69325637159,0.197674418605
FSampleStrategy,transition,172,151,21,-202.44502546,0.00580580041028,28,2148.62089545,2351.06592091,19866.2790698,129,0.913892237704,0.162790697674
FSupertrendStrategy,bear_trend,1201,1201,0,-59.80044809,-0.000611174471468,677,1476.88513962,1536.68558771,1086.84429642,447,0.961084786264,0.563696919234
FSupertrendStrategy,bull_trend,1534,1534,0,-223.42218773,-0.00137347674522,927,2570.11190465,2793.53409238,965.710560626,520,0.920021671352,0.604302477184
FSupertrendStrategy,high_vol_shock,814,814,0,-283.09845542,-0.00221824678371,566,2043.5542079,2326.65266332,714.545454545,250,0.87832371377,0.695331695332
FSupertrendStrategy,range_choppy,1058,1058,0,75.05611955,0.000907478827373,666,1738.39556019,1663.33944064,895.236294896,432,1.04512375389,0.629489603025
FSupertrendStrategy,range_quiet,830,830,0,62.69825025,0.00116728550636,422,771.99582694,709.29757669,1208.60240964,389,1.08839484627,0.50843373494
FSupertrendStrategy,transition,1229,1229,0,-66.77411789,-0.00111510339289,712,1833.41756691,1900.1916848,1021.31814483,603,0.96485927266,0.579332790887
FSupertrendStrategyBTC,bear_trend,1269,1269,0,-31.4884923,-0.000208143075561,705,2263.37476438,2294.86325668,1104.91725768,460,0.986278706494,0.555555555556
FSupertrendStrategyBTC,bull_trend,1597,1597,0,-272.95722519,-0.00114379345805,954,3520.49389164,3793.45111683,961.164683782,542,0.928045144966,0.597370068879
FSupertrendStrategyBTC,high_vol_shock,820,820,0,-225.54954341,-0.000980161731021,575,2654.33289543,2879.88243884,719.268292683,251,0.921680989346,0.701219512195
FSupertrendStrategyBTC,range_choppy,1070,1070,0,197.92491704,0.00157511910439,674,2418.85109308,2220.92617604,893.719626168,437,1.08911818825,0.629906542056
FSupertrendStrategyBTC,range_quiet,933,933,0,53.94995165,0.000915675856103,461,1211.24861342,1157.29866177,1227.0096463,417,1.0466171382,0.494105037513
FSupertrendStrategyBTC,transition,1286,1286,0,-50.31618567,-0.000816882706725,732,2551.70471699,2602.02090266,1018.18040435,623,0.980662651242,0.569206842924
FTT_DWT_FBB_FUTURES,bear_trend,670,368,302,-7.5930287,-0.00209779124772,386,89.89594693,97.48897563,81.5671641791,159,0.922113975955,0.576119402985
FTT_DWT_FBB_FUTURES,bull_trend,1713,877,836,-179.89000672,-0.00487425720249,1000,376.42312881,556.31313553,62.4605954466,250,0.676638937262,0.583771161705
FTT_DWT_FBB_FUTURES,high_vol_shock,4621,2284,2337,-120.39942277,-0.00253614579578,2666,845.44124002,965.84066279,58.1172906297,244,0.875342354688,0.57693140013
FTT_DWT_FBB_FUTURES,range_choppy,650,321,329,-26.08021354,-0.00243034493991,376,135.67419552,161.75440906,84.0692307692,177,0.83876659875,0.578461538462
FTT_DWT_FBB_FUTURES,range_quiet,30,16,14,-10.40660723,-0.010898813782,14,5.30329359,15.70990082,92,21,0.337576516285,0.466666666667
FTT_DWT_FBB_FUTURES,transition,783,438,345,-99.22160628,-0.00524247438937,460,158.77694157,257.99854785,76.1238825032,243,0.615417966082,0.58748403576
FUTURES,bear_trend,286,150,136,-38.15489957,-0.0206703574803,211,139.93055157,178.08545114,702.674825175,82,0.785749485285,0.737762237762
FUTURES,bull_trend,713,342,371,-160.65676298,-0.0150723547487,530,455.2810972,615.93786018,487.272089762,155,0.739167254741,0.743338008415
FUTURES,high_vol_shock,268,121,147,-518.92629553,-0.0222867874802,192,415.08847092,934.01476645,367.667910448,34,0.444413178282,0.716417910448
FUTURES,range_choppy,412,226,186,-92.83236668,-0.00927137955631,322,351.06722495,443.89959163,632.779126214,129,0.790870799545,0.781553398058
FUTURES,range_quiet,128,66,62,-35.22530033,-0.0157759578716,97,56.30413358,91.52943391,1121.796875,68,0.615147840151,0.7578125
FUTURES,transition,610,322,288,-269.91201084,-0.0148863161641,466,421.11992316,691.031934,666.62295082,198,0.609407326116,0.76393442623
FVGChannel,bear_trend,2575,2575,0,-59.48123941,-0.00110191186038,1483,473.22558177,532.70682118,418.089320388,621,0.888341509729,0.575922330097
FVGChannel,bull_trend,2495,2495,0,-307.92081289,-0.00251798626454,1126,671.40648501,979.3272979,203.446893788,677,0.685579260835,0.45130260521
FVGChannel,high_vol_shock,2249,2249,0,-341.89170442,-0.00299933007526,1222,1070.38521737,1412.27692179,136.540684749,339,0.757914542718,0.543352601156
FVGChannel,range_choppy,1880,1880,0,-107.12201736,-0.00186826796096,902,452.82745883,559.94947619,252.191489362,543,0.808693423398,0.479787234043
FVGChannel,range_quiet,1044,1044,0,-5.86027378,-0.00238794443775,409,102.45754679,108.31782057,614.310344828,368,0.945897417903,0.391762452107
FVGChannel,transition,2403,2403,0,-143.87820471,-0.00158505763412,1171,534.06743813,677.94564284,290.761548065,801,0.787773243726,0.487307532251
Fakebuy,bear_trend,43,43,0,-11.79603194,-0.0020078626881,37,54.58603556,66.3820675,153.953488372,34,0.822300925773,0.860465116279
Fakebuy,bull_trend,27,27,0,21.30059932,0.00613535644459,25,43.29920566,21.99860634,40.1851851852,22,1.96827039817,0.925925925926
Fakebuy,high_vol_shock,172,172,0,48.75854724,0.00235454031897,152,274.12002455,225.36147731,92.7034883721,93,1.21635706254,0.883720930233
Fakebuy,range_choppy,43,43,0,-25.89519323,-0.00472541915374,37,39.93768525,65.83287848,229.069767442,32,0.606652575007,0.860465116279
Fakebuy,range_quiet,7,7,0,11.06896108,0.0124955072491,7,11.06896108,0,42.8571428571,6,inf,1
Fakebuy,transition,37,37,0,-6.51280631,-0.00133185237737,32,48.66100702,55.17381333,124.594594595,27,0.881958379947,0.864864864865
FastSupertrendOpt,bear_trend,1057,1057,0,-299.98485691,-0.00239306471909,606,2444.53929217,2744.52414908,2016.95364238,483,0.890696951233,0.573320719016
FastSupertrendOpt,bull_trend,1257,1257,0,-183.98083363,0.000335779918742,777,4573.43991048,4757.42074411,1934.70167064,576,0.961327609323,0.618138424821
FastSupertrendOpt,high_vol_shock,579,579,0,-599.75226621,-0.00258570925489,392,3746.6455701,4346.39783631,1775.44041451,240,0.862011649923,0.677029360967
FastSupertrendOpt,range_choppy,807,807,0,497.31877072,0.00296364534584,523,2958.34521477,2461.02644405,1916.57992565,438,1.20207778422,0.648079306072
FastSupertrendOpt,range_quiet,841,841,0,92.08124482,0.00168357915933,492,1293.74041838,1201.65917356,2054.41141498,443,1.07662842081,0.58501783591
FastSupertrendOpt,transition,1050,1050,0,105.79992706,-0.000807334379612,632,3252.17232799,3146.37240093,1923.54285714,641,1.03362600277,0.601904761905
FastSupertrend_optim3,bear_trend,3560,1391,2169,348561.078059,0.00277726067223,2658,2195574.41808,1847013.34002,1461.32022472,870,1.18871605879,0.746629213483
FastSupertrend_optim3,bull_trend,3042,1786,1256,188836.396858,0.00357813555028,2336,975976.611321,787140.214463,1304.69428008,788,1.23990185406,0.767915844839
FastSupertrend_optim3,high_vol_shock,2808,1324,1484,208959.191294,0.00440931473207,2274,1082167.86879,873208.677501,563.525641026,474,1.23930040628,0.809829059829
FastSupertrend_optim3,range_choppy,2435,1204,1231,259682.250064,0.00569362066454,1925,1189443.40369,929761.153626,1295.26078029,715,1.27929995682,0.790554414784
FastSupertrend_optim3,range_quiet,1687,889,798,209762.460169,0.00492408688941,1176,1082380.93931,872618.479138,2096.90574985,610,1.2403827849,0.697095435685
FastSupertrend_optim3,transition,2823,1351,1472,53900.6516039,0.00302087139437,2105,1147633.14339,1093732.49178,1552.47608927,1050,1.04928138462,0.745660644704
FastSupertrend_optim3_rsi_70,bear_trend,3291,1297,1994,197300.40481,0.00258027035607,2438,1386673.21927,1189372.81446,1504.13855971,890,1.16588608922,0.740808264965
FastSupertrend_optim3_rsi_70,bull_trend,2849,1641,1208,122103.295452,0.00354205252174,2180,683388.882136,561285.586685,1348.32572833,817,1.21754218948,0.765180765181
FastSupertrend_optim3_rsi_70,high_vol_shock,2584,1151,1433,111495.324714,0.00457685776742,2092,694303.247052,582807.922338,590.526315789,472,1.19130715359,0.80959752322
FastSupertrend_optim3_rsi_70,range_choppy,2216,1064,1152,169873.56718,0.00538505186061,1742,801964.894689,632091.327509,1359.09747292,722,1.2687484542,0.786101083032
FastSupertrend_optim3_rsi_70,range_quiet,1598,830,768,151021.910116,0.00491749205414,1110,751813.099997,600791.189881,2112.80350438,619,1.25137171227,0.694618272841
FastSupertrend_optim3_rsi_70,transition,2645,1251,1394,67472.3921636,0.00354315594503,1974,800330.316729,732857.924566,1564.87712665,1068,1.09206749344,0.746313799622
FastSupertrend_optim3_rsi_75,bear_trend,3283,1332,1951,462832.528186,0.00327841978457,2480,2495114.45631,2032281.92812,1619.36034115,848,1.22774031584,0.755406640268
FastSupertrend_optim3_rsi_75,bull_trend,2779,1594,1185,282773.589983,0.00475068523502,2184,1125068.43993,842294.849946,1480.09355883,752,1.33571805645,0.785894206549
FastSupertrend_optim3_rsi_75,high_vol_shock,2334,1068,1266,193668.677289,0.00493719794813,2008,1207144.33654,1013475.65925,835.424164524,434,1.19109356552,0.860325621251
FastSupertrend_optim3_rsi_75,range_choppy,2246,1093,1153,295784.245576,0.00579300092926,1796,1367072.86152,1071288.61594,1469.81300089,689,1.27610136164,0.79964381122
FastSupertrend_optim3_rsi_75,range_quiet,1662,872,790,251644.997575,0.0052031810705,1163,1320776.01154,1069131.01396,2123.35740072,609,1.23537339605,0.699759326113
FastSupertrend_optim3_rsi_75,transition,2691,1300,1391,79511.7597719,0.00340683226872,2034,1360427.44641,1280915.68664,1680.06688963,1025,1.0620741557,0.755852842809
FastSupertrend_optim3_rsi_752,bear_trend,4244,1732,2512,365636.496892,0.0030142947739,2734,2017096.57206,1651460.07517,872.728557964,1006,1.22140195963,0.644203581527
FastSupertrend_optim3_rsi_752,bull_trend,3523,2075,1448,162959.364092,0.00309294620675,2364,901746.786336,738787.422243,804.711893273,876,1.22057679812,0.671019017882
FastSupertrend_optim3_rsi_752,high_vol_shock,2720,1237,1483,172531.052253,0.00470823596443,2156,918266.774504,745735.722252,466.830882353,481,1.23135682938,0.792647058824
FastSupertrend_optim3_rsi_752,range_choppy,2879,1414,1465,163163.05139,0.00370271724762,1959,1087598.56472,924435.513328,773.393539423,837,1.17650019827,0.680444598819
FastSupertrend_optim3_rsi_752,range_quiet,2231,1166,1065,153723.22317,0.00297012572192,1226,1029665.58787,875942.364699,1132.73868221,759,1.17549467792,0.549529359032
FastSupertrend_optim3_rsi_752,transition,3434,1653,1781,46419.5539904,0.00255796707903,2193,1066116.28732,1019696.73333,901.869539895,1242,1.04552290154,0.638613861386
FastSupertrend_optim3_rsi_75fix_signal,bear_trend,2499,1019,1480,996.86850509,0.00101181287135,1810,118128.284671,117131.416166,1668.52340936,861,1.0085106843,0.724289715886
FastSupertrend_optim3_rsi_75fix_signal,bull_trend,2089,1142,947,5685.52717317,0.00194645328755,1561,73685.13582,67999.6086469,1597.45332695,776,1.08361117492,0.747247486836
FastSupertrend_optim3_rsi_75fix_signal,high_vol_shock,1571,713,858,5904.39258721,0.00421589978505,1329,59989.6955252,54085.302938,914.283895608,435,1.10916815228,0.845957988542
FastSupertrend_optim3_rsi_75fix_signal,range_choppy,1696,817,879,11805.3847733,0.0053086898711,1333,75506.2279655,63700.8431922,1446.50943396,680,1.18532540829,0.785966981132
FastSupertrend_optim3_rsi_75fix_signal,range_quiet,1351,682,669,15953.0811289,0.00492622777553,925,67811.842102,51858.7609731,2141.52479645,613,1.30762557434,0.684678016284
FastSupertrend_optim3_rsi_75fix_signal,transition,2083,976,1107,8984.39019962,0.00340591465505,1548,80956.3890545,71971.9988549,1661.68026884,1018,1.12483174488,0.743158905425
FastSupertrend_optim3_rsi_75sell,bear_trend,3288,1337,1951,475405.604685,0.00331457744235,2486,2514147.91928,2038742.3146,1618.41240876,850,1.23318572498,0.756082725061
FastSupertrend_optim3_rsi_75sell,bull_trend,2770,1585,1185,296982.384365,0.00489848573926,2180,1129133.74099,832151.356628,1476.3465704,756,1.35688505703,0.787003610108
FastSupertrend_optim3_rsi_75sell,high_vol_shock,2345,1079,1266,146796.424552,0.00468771858133,2016,1192273.69442,1045477.26986,830.91684435,430,1.14041091928,0.859701492537
FastSupertrend_optim3_rsi_75sell,range_choppy,2246,1093,1153,313062.327617,0.00581977235095,1798,1399122.28067,1086059.95305,1470.29385574,689,1.28825510667,0.80053428317
FastSupertrend_optim3_rsi_75sell,range_quiet,1658,868,790,230762.228904,0.00510948716778,1157,1317235.65723,1086473.42833,2134.63208685,609,1.21239564897,0.697828709288
FastSupertrend_optim3_rsi_75sell,transition,2681,1290,1391,79975.6541794,0.00341677701879,2026,1374344.68471,1294369.03053,1683.24505781,1022,1.06178736689,0.755688176054
FastSupertrend_optim3_rsi_80,bear_trend,3545,1387,2158,378674.696674,0.0027775259437,2646,2255374.96151,1876700.26483,1465.06629055,870,1.20177686537,0.746403385049
FastSupertrend_optim3_rsi_80,bull_trend,3020,1766,1254,195038.727454,0.00361103584363,2319,991773.360273,796734.632819,1312.60927152,787,1.24479760189,0.767880794702
FastSupertrend_optim3_rsi_80,high_vol_shock,2792,1308,1484,226835.076464,0.00447198046891,2262,1114077.02662,887241.950157,566.153295129,474,1.25566315527,0.810171919771
FastSupertrend_optim3_rsi_80,range_choppy,2417,1190,1227,277656.956248,0.00569568053556,1910,1227776.52574,950119.569494,1302.72238312,715,1.29223369896,0.790235829541
FastSupertrend_optim3_rsi_80,range_quiet,1684,888,796,211409.170117,0.00490203669293,1173,1120703.7175,909294.547383,2098.14726841,610,1.23249800708,0.696555819477
FastSupertrend_optim3_rsi_80,transition,2823,1354,1469,61284.6033941,0.00310879762904,2107,1191866.33604,1130581.73265,1551.32837407,1050,1.0542062565,0.746369110875
FastSupertrend_optim_quick,bear_trend,6080,2793,3287,2930161.48347,0.00287073876255,3893,20703211.0902,17773049.6067,886.944078947,1132,1.16486543099,0.640296052632
FastSupertrend_optim_quick,bull_trend,4987,2522,2465,1440402.54081,0.00274393645764,3274,8675129.64269,7234727.10188,813.603368759,1010,1.1990956287,0.656506917987
FastSupertrend_optim_quick,high_vol_shock,4202,1954,2248,2115347.27388,0.00443401690615,3242,10051151.6777,7935804.40382,443.974297953,572,1.26655738552,0.77153736316
FastSupertrend_optim_quick,range_choppy,3996,1929,2067,1321138.16737,0.00302168200755,2650,11256309.7604,9935171.59307,809.414414414,975,1.13297587817,0.663163163163
FastSupertrend_optim_quick,range_quiet,3054,1535,1519,987458.620388,0.00214585531673,1618,10219526.2191,9232067.59873,1170.43222004,873,1.1069596393,0.529796987557
FastSupertrend_optim_quick,transition,4806,2319,2487,476791.268021,0.0020777919808,3002,11086413.7138,10609622.4458,926.604244694,1465,1.04493951321,0.624635871827
FastSupertrend_optim_quick2,bear_trend,959,513,446,-53.2108415,-0.00180329597012,728,135.22300149,188.43384299,212.28362878,98,0.717615261379,0.759124087591
FastSupertrend_optim_quick2,bull_trend,2412,1289,1123,-216.73043856,-0.00280813159303,1762,357.95953866,574.68997722,132.910447761,185,0.622874163199,0.730514096186
FastSupertrend_optim_quick2,high_vol_shock,1646,841,805,-126.32927657,-0.00548758487559,1103,179.75791596,306.08719253,57.6670716889,69,0.587276829436,0.670109356015
FastSupertrend_optim_quick2,range_choppy,1595,884,711,-38.30376329,-0.000885642837808,1237,289.01140736,327.31517065,184.664576803,169,0.882975899913,0.775548589342
FastSupertrend_optim_quick2,range_quiet,469,274,195,-21.08332891,-0.00151823671664,351,69.43589238,90.51922129,319.573560768,83,0.767084508577,0.748400852878
FastSupertrend_optim_quick2,transition,2001,1050,951,-114.24845867,-0.0014778387438,1522,333.99239184,448.24085051,203.23838081,218,0.745118146773,0.760619690155
FastSupertrend_optim_quick3,bear_trend,1409,765,644,-46.9042765,-0.000615829414188,1199,378.4314263,425.3357028,277.771469127,147,0.889724102183,0.850958126331
FastSupertrend_optim_quick3,bull_trend,3135,1688,1447,-347.92049926,-0.00220209063298,2613,1058.42563809,1406.34613735,221.722488038,255,0.752606780067,0.833492822967
FastSupertrend_optim_quick3,high_vol_shock,6117,3068,3049,-435.69877765,-0.00273143798464,5188,771.10339675,1206.8021744,93.4085335949,247,0.638964208971,0.848128167402
FastSupertrend_optim_quick3,range_choppy,1883,1068,815,-14.90889821,-0.000223642539504,1618,679.1021451,694.01104331,257.684545937,208,0.978517779575,0.859267126925
FastSupertrend_optim_quick3,range_quiet,500,300,200,-36.81600855,-0.000839659008207,393,203.63383833,240.44984688,468.84,96,0.846886953651,0.786
FastSupertrend_optim_quick3,transition,2209,1164,1045,-39.09152825,-0.000415708182361,1884,857.74794504,896.83947329,285.740153916,282,0.956411900441,0.852874603893
FastSupertrend_optim_quick4,bear_trend,1388,740,648,-50.3256656,-0.000783206494596,1180,350.77850456,401.10417016,272.809798271,148,0.874532180556,0.850144092219
FastSupertrend_optim_quick4,bull_trend,3232,1709,1523,-332.71703745,-0.00216272386905,2698,960.99607514,1293.71311259,219.672029703,267,0.742820077951,0.834777227723
FastSupertrend_optim_quick4,high_vol_shock,5891,2841,3050,-401.82648991,-0.00268004015962,5004,713.47081859,1115.2973085,93.8754031574,247,0.639713566197,0.849431335936
FastSupertrend_optim_quick4,range_choppy,1752,937,815,-42.63433675,-0.000548005495875,1496,596.36740003,639.00173678,266.47260274,208,0.933279779544,0.853881278539
FastSupertrend_optim_quick4,range_quiet,466,266,200,-53.04442661,-0.00146935092269,361,168.6142987,221.65872531,478.841201717,100,0.760693261518,0.774678111588
FastSupertrend_optim_quick4,transition,2166,1115,1051,-22.58327719,-0.000228232852149,1852,797.69699755,820.28027474,286.869806094,291,0.972468828173,0.855032317636
FastSupertrend_optim_quick5,bear_trend,2306,1154,1152,-64.17340128,-0.000688997561768,1991,392.02364713,456.19704841,233.443191674,228,0.859329643838,0.863399826539
FastSupertrend_optim_quick5,bull_trend,3774,2065,1709,-320.30056972,-0.00183794762059,3179,1008.6178337,1328.91840342,211.033386328,312,0.758976496303,0.842342342342
FastSupertrend_optim_quick5,high_vol_shock,5812,2927,2885,-410.99562774,-0.00255007939129,4943,777.61856205,1188.61418979,97.3709566414,268,0.654222849373,0.850481761872
FastSupertrend_optim_quick5,range_choppy,2416,1254,1162,-47.80603295,-0.000484007865075,2084,610.44364774,658.24968069,255.124172185,286,0.9273740127,0.862582781457
FastSupertrend_optim_quick5,range_quiet,505,294,211,-51.14823506,-0.0016088665924,394,167.66454327,218.81277833,460.99009901,112,0.76624658098,0.780198019802
FastSupertrend_optim_quick5,transition,2660,1387,1273,7.35415655,-0.000224070094774,2282,839.822483,832.46832645,272.77443609,375,1.00883415779,0.857894736842
FastSupertrend_ts_origstop_fix,bear_trend,630,396,234,80.54057086,-0.000947096898444,213,1757.52217598,1676.98160512,8723.9047619,392,1.04802710454,0.338095238095
FastSupertrend_ts_origstop_fix,bull_trend,521,184,337,-898.2748771,-0.0131461487715,155,1284.90858346,2183.18346056,7628.63723608,318,0.58854814846,0.297504798464
FastSupertrend_ts_origstop_fix,high_vol_shock,302,156,146,-412.92844251,-0.00362527166457,82,1781.83572357,2194.76416608,7192.45033113,196,0.81185748843,0.271523178808
FastSupertrend_ts_origstop_fix,range_choppy,390,194,196,219.87576096,0.00864022177912,149,1399.77080898,1179.89504802,9289.84615385,280,1.18635196523,0.382051282051
FastSupertrend_ts_origstop_fix,range_quiet,423,216,207,374.51144443,0.0151188861898,155,1115.73637996,741.22493553,9109.92907801,287,1.50526018011,0.366430260047
FastSupertrend_ts_origstop_fix,transition,528,267,261,159.48107851,0.00298662156122,185,1743.00045305,1583.51937454,8718.52272727,415,1.10071305794,0.350378787879
FenixTopProfit,bear_trend,572,206,366,-149.23038021,0.00196462391255,402,249.50074255,398.73112276,727.867132867,357,0.62573681438,0.702797202797
FenixTopProfit,bull_trend,488,387,101,-114.78046347,0.0019775268884,357,252.89722357,367.67768704,629.139344262,322,0.687823146425,0.731557377049
FenixTopProfit,high_vol_shock,234,116,118,-40.74360557,0.0036277053213,172,221.22543288,261.96903845,314.358974359,157,0.844471675695,0.735042735043
FenixTopProfit,range_choppy,344,157,187,-71.40473697,0.00197216773301,245,152.05351887,223.45825584,674.127906977,269,0.680456035506,0.712209302326
FenixTopProfit,range_quiet,340,188,152,-75.29274011,0.000918673880351,231,83.39213718,158.68487729,1054.23529412,252,0.525520381048,0.679411764706
FenixTopProfit,transition,504,253,251,-11.76108437,0.00241042787891,360,213.469438,225.23052237,661.071428571,389,0.947782013529,0.714285714286
Fibbo,bear_trend,27,27,0,-25.41610299,-0.00997340773415,17,12.69078643,38.10688942,1811.11111111,23,0.333031287076,0.62962962963
Fibbo,bull_trend,20,20,0,-18.20033801,-0.00765957112824,12,19.84379297,38.04413098,1233.75,19,0.521599323176,0.6
Fibbo,high_vol_shock,9,9,0,-45.79928359,-0.0436821327598,2,0.40431774,46.20360133,426.666666667,9,0.00875078410257,0.222222222222
Fibbo,range_choppy,6,6,0,-32.45032338,-0.0451352796461,3,1.63033106,34.08065444,950,4,0.0478374340748,0.5
Fibbo,range_quiet,24,24,0,12.06283501,0.00458355029878,17,12.06996371,0.0071287,953.125,20,1693.15074417,0.708333333333
Fibbo,transition,22,22,0,-26.47096492,-0.0111017539053,12,12.91967807,39.39064299,1264.09090909,18,0.327988504104,0.545454545455
FibonacciEMATrendStrategy,bear_trend,72,36,36,-28.78704573,-0.0120258069408,22,72.64128358,101.42832931,5733.33333333,58,0.716183378689,0.305555555556
FibonacciEMATrendStrategy,bull_trend,262,156,106,-436.15637113,-0.023890600627,61,314.29121217,750.4475833,17615.9541985,161,0.418805016052,0.232824427481
FibonacciEMATrendStrategy,high_vol_shock,273,152,121,-61.95944034,-0.00282962197427,76,409.37268072,471.33212106,34147.9120879,164,0.86854398932,0.278388278388
FibonacciEMATrendStrategy,range_choppy,187,120,67,54.00881709,0.00528617530635,62,303.092223,249.08340591,12417.1122995,126,1.21683024966,0.331550802139
FibonacciEMATrendStrategy,range_quiet,32,21,11,34.94133022,0.014705671632,11,55.07775037,20.13642015,7530,23,2.73523049081,0.34375
FibonacciEMATrendStrategy,transition,144,82,62,-9.75387826,0.00473621802367,42,207.34502664,217.0989049,21094.1666667,125,0.955071729798,0.291666666667
FisherHull,bear_trend,63,63,0,618.54457674,0.0631836479093,24,5248.14821918,4629.60364244,124705,46,1.13360637854,0.380952380952
FisherHull,bull_trend,13,13,0,435.57532931,0.17544640204,9,1061.87232314,626.29699383,68671.9230769,10,1.69547727931,0.692307692308
FisherHull,high_vol_shock,69,69,0,1574.39943227,0.122065247342,27,6376.47065304,4802.07122077,39786.3043478,45,1.3278584094,0.391304347826
FisherHull,range_choppy,26,26,0,76.88977829,0.234478914599,12,2468.21458814,2391.32480985,142067.692308,21,1.03215363215,0.461538461538
FisherHull,range_quiet,18,18,0,669.16963418,0.159095434228,10,1695.26654583,1026.09691165,153610.555556,10,1.65215051969,0.555555555556
FisherHull,transition,39,39,0,388.80295789,0.129062399935,18,3008.93206756,2620.12910967,133840.512821,32,1.14839076306,0.461538461538
FisherTransformStrategy,bear_trend,2227,2227,0,-120.79168458,-0.00229407498088,1138,235.12289054,355.91457512,218.756174225,287,0.660616077498,0.511001347104
FisherTransformStrategy,bull_trend,3163,3163,0,-220.37942803,-0.00181833880608,1736,535.00602241,755.38545044,179.977869112,404,0.70825566219,0.548846032248
FisherTransformStrategy,high_vol_shock,2628,2628,0,-196.70019401,-0.0024776840946,1502,674.51672734,871.21692135,189.733637747,271,0.774223629971,0.571537290715
FisherTransformStrategy,range_choppy,2218,2218,0,-132.34649073,-0.00127782547677,1192,328.46884181,460.81533254,195.590622182,322,0.712799289901,0.53742110009
FisherTransformStrategy,range_quiet,680,680,0,-51.89404749,-0.00119613605968,297,60.19765097,112.09169846,176.977941176,131,0.537039332948,0.436764705882
FisherTransformStrategy,transition,2674,2674,0,-243.6724463,-0.0020194572586,1358,377.81195042,621.48439672,194.063201197,457,0.607918641906,0.507853403141
FiveMinCrossAbove,bear_trend,1,1,0,1.54921042,0.00503351400987,1,1.54921042,0,1045,1,inf,1
FiveMinCrossAbove,bull_trend,923,923,0,-855.30097579,0.00237437295917,917,2138.16448289,2993.46545868,13329.9404117,241,0.714277319182,0.993499458288
FiveMinCrossAbove,high_vol_shock,665,665,0,999.12646112,0.00572201178974,663,2125.54824551,1126.42178439,12997.3308271,117,1.88699142272,0.996992481203
FiveMinCrossAbove,range_choppy,151,151,0,351.70144681,0.00729398140397,151,351.70144681,0,3892.78145695,52,inf,1
FiveMinCrossAbove,range_quiet,17,17,0,54.4966379,0.00588326180189,17,54.4966379,0,13370.8823529,11,inf,1
FiveMinCrossAbove,transition,317,317,0,869.68527186,0.00696779127653,317,869.68527186,0,9839.96845426,118,inf,1
FlawlessVictory,bear_trend,2342,2342,0,-923.49122268,-0.00175431304214,1494,5870.47837553,6793.96959821,1997.89496157,887,0.864071923,0.637916310845
FlawlessVictory,bull_trend,1928,1928,0,-294.48078403,0.000974421606927,1268,7607.98071183,7902.46149586,1964.24533195,801,0.962735562307,0.657676348548
FlawlessVictory,high_vol_shock,930,930,0,-787.86328469,0.000300696475482,591,9265.10723469,10052.9705194,2101.62903226,410,0.921628807806,0.635483870968
FlawlessVictory,range_choppy,1444,1444,0,391.11683624,0.000538051732992,962,5689.64751358,5298.53067734,2010.8933518,722,1.07381609357,0.66620498615
FlawlessVictory,range_quiet,1479,1479,0,39.27342139,-0.000535026320509,949,2055.32885754,2016.05543615,2098.46855984,687,1.01948032811,0.641649763354
FlawlessVictory,transition,1973,1973,0,977.81229139,0.000508454001036,1278,6371.99898751,5394.18669612,1967.22757223,1085,1.18127149587,0.647744551445
ForexSignal,bear_trend,1431,1431,0,-104.70223848,-0.00242480298634,300,82.61275532,187.3149938,59.9266247379,97,0.441036532336,0.20964360587
ForexSignal,bull_trend,3753,3753,0,-264.80456748,-0.00202588978359,959,301.07524669,565.87981417,56.3029576339,209,0.532048041211,0.255528910205
ForexSignal,high_vol_shock,1876,1876,0,-120.74258167,-0.00249428939788,538,278.05149829,398.79407996,50.1732409382,75,0.697230757081,0.286780383795
ForexSignal,range_choppy,1940,1940,0,-160.50375869,-0.00175848238351,463,237.96818478,398.47194347,61.1108247423,159,0.597201857445,0.238659793814
ForexSignal,range_quiet,1020,1020,0,-58.74748023,-0.00191713738181,172,34.38985725,93.13733748,60.5833333333,100,0.369238139939,0.16862745098
ForexSignal,transition,2658,2658,0,-256.15961451,-0.00216289563611,576,230.16941686,486.32903137,57.7351392024,209,0.473279204023,0.216704288939
FrayStratBTC,bear_trend,1466,1466,0,-72.20365033,-0.000994322395218,1399,517.0502507,589.25390103,2719.39972715,393,0.877465978242,0.954297407913
FrayStratBTC,bull_trend,2007,2007,0,-279.5504613,-0.00208274598422,1903,1792.43275205,2071.98321335,2930.88938714,497,0.865080730626,0.948181365222
FrayStratBTC,high_vol_shock,1624,1624,0,-1356.72459275,-0.00694103421944,1479,2677.00150737,4033.72610012,1403.93165025,272,0.663654755163,0.910714285714
FrayStratBTC,range_choppy,1148,1148,0,427.64221789,-0.000284241553564,1095,914.56576021,486.92354232,2643.7761324,338,1.87825332054,0.953832752613
FrayStratBTC,range_quiet,482,482,0,79.56863484,-0.00100839971082,462,127.8860481,48.31741326,3806.35892116,192,2.64679003845,0.958506224066
FrayStratBTC,transition,1319,1319,0,231.45052734,-0.0011371492403,1260,862.00026259,630.54973525,3111.47081122,490,1.36706149317,0.95526914329
Freqtrade_backtest_validation_freqtrade1,bear_trend,2057,2057,0,-648.60604987,-0.000881839177977,731,3522.82755222,4171.43360209,1572.4550316,834,0.844512435834,0.355371900826
Freqtrade_backtest_validation_freqtrade1,bull_trend,1505,1505,0,456.89501983,0.00284610005853,519,3946.68155265,3489.78653282,1489.6744186,686,1.13092348645,0.344850498339
Freqtrade_backtest_validation_freqtrade1,high_vol_shock,808,808,0,-577.48080377,0.000773525667963,263,4280.81329512,4858.29409889,1403.09405941,351,0.881135066751,0.325495049505
Freqtrade_backtest_validation_freqtrade1,range_choppy,1232,1232,0,319.60025112,0.000977275110735,398,3094.6265884,2775.02633728,1494.83766234,667,1.11517016859,0.323051948052
Freqtrade_backtest_validation_freqtrade1,range_quiet,1352,1352,0,-11.5777355,0.00017128936416,425,1418.17398252,1429.75171802,1493.25443787,673,0.991902275511,0.314349112426
Freqtrade_backtest_validation_freqtrade1,transition,1673,1673,0,293.19512413,-0.000368860544337,546,3439.60403959,3146.40891546,1506.52719665,1001,1.0931840495,0.326359832636
FrostAuraM115mStrategy,bear_trend,5803,5803,0,-144.60556284,-0.00105103916722,3735,1924.50292305,2069.10848589,296.171807686,1033,0.930112140651,0.643632603826
FrostAuraM115mStrategy,bull_trend,5407,5407,0,-182.00165904,-0.000281903106705,3537,2488.17961126,2670.1812703,293.796929906,1050,0.931839212167,0.654152025153
FrostAuraM115mStrategy,high_vol_shock,2607,2607,0,-267.92707196,-0.00017856556343,1751,3622.02902601,3889.95609797,300.253164557,466,0.931123368693,0.671653241273
FrostAuraM115mStrategy,range_choppy,3918,3918,0,-96.2083544,-0.00116703769108,2572,1710.28934558,1806.49769998,296.512251149,911,0.946743162529,0.656457376212
FrostAuraM115mStrategy,range_quiet,3865,3865,0,-144.20941588,-0.00158876483747,2314,325.92534347,470.13475935,298.626131953,854,0.693259404858,0.598706338939
FrostAuraM115mStrategy,transition,5422,5422,0,-136.03055011,-0.000951952679927,3543,1955.26219897,2091.29274908,294.995389155,1462,0.934953846051,0.653448911841
FrostAuraM11hStrategy,bear_trend,323,323,0,338.77436003,0.00728048527419,255,1231.87609928,893.10173925,6507.86377709,219,1.37932336837,0.789473684211
FrostAuraM11hStrategy,bull_trend,798,798,0,199.78471327,0.00412807862694,620,4095.41918227,3895.634469,10158.2706767,449,1.05128425546,0.77694235589
FrostAuraM11hStrategy,high_vol_shock,347,347,0,91.4598153,0.00488490318121,270,3054.28819004,2962.82837474,7929.16426513,210,1.03086908985,0.778097982709
FrostAuraM11hStrategy,range_choppy,251,251,0,15.72273083,0.00217201718548,195,1251.98682666,1236.26409583,8999.28286853,206,1.01271793857,0.776892430279
FrostAuraM11hStrategy,range_quiet,131,131,0,361.25186101,0.0140646338195,107,493.50543253,132.25357152,10468.8549618,114,3.73150930336,0.81679389313
FrostAuraM11hStrategy,transition,309,309,0,-913.2261626,-0.00544773641427,235,1346.70515368,2259.93131628,13351.4563107,260,0.595905346317,0.760517799353
FrostAuraM21hStrategy,bear_trend,1523,1523,0,-155.51065943,-0.00302453878991,356,204.51398374,360.02464317,246.785948785,255,0.568055514032,0.233749179251
FrostAuraM21hStrategy,bull_trend,2909,2909,0,-319.65413335,-0.00249090519105,634,671.68816043,991.34229378,238.659333104,391,0.677554225866,0.21794431076
FrostAuraM21hStrategy,high_vol_shock,2479,2479,0,-136.84055282,-0.00243994763248,608,710.98746647,847.82801929,231.934247681,267,0.838598690175,0.245260185559
FrostAuraM21hStrategy,range_choppy,1876,1876,0,-101.24684021,-0.00185137081804,396,450.72493804,551.97177825,244.133795309,319,0.81657243323,0.211087420043
FrostAuraM21hStrategy,range_quiet,491,491,0,-31.89267437,-0.00099671930062,109,98.41805639,130.31073076,259.582484725,127,0.755256729941,0.22199592668
FrostAuraM21hStrategy,transition,2134,2134,0,-221.0925446,-0.00204143222639,498,416.96423689,638.05678149,247.289128397,439,0.653490800484,0.233364573571
FrostAuraM315mStrategy,bear_trend,1636,1636,0,-316.5738451,-0.00127472365525,1115,1389.52000946,1706.09385456,1310.26283619,744,0.814445234502,0.681540342298
FrostAuraM315mStrategy,bull_trend,1605,1605,0,-32.98867513,0.000329259580485,1094,1766.61852512,1799.60720025,1280.77570093,741,0.981668958023,0.681619937695
FrostAuraM315mStrategy,high_vol_shock,734,734,0,163.58786452,0.00243662689401,510,1672.85296814,1509.26510362,1087.25476839,351,1.10838908561,0.694822888283
FrostAuraM315mStrategy,range_choppy,1096,1096,0,-192.06303453,-0.00197535908564,722,1164.03695713,1356.09999166,1473.94160584,615,0.858371037747,0.658759124088
FrostAuraM315mStrategy,range_quiet,1151,1151,0,-271.20243115,-0.00244956446656,759,531.97257421,803.17500536,1426.68114683,637,0.662337063106,0.659426585578
FrostAuraM315mStrategy,transition,1506,1506,0,10.60026532,-0.000366217971297,984,1381.94845115,1371.34818583,1302.71912351,914,1.00772981321,0.653386454183
FrostAuraM31hStrategy,bear_trend,387,387,0,-50.72122896,-0.000874272613361,258,879.44203204,930.163261,4741.86046512,259,0.945470616733,0.666666666667
FrostAuraM31hStrategy,bull_trend,484,484,0,69.07683651,0.00118658142333,317,1231.12803517,1162.05119866,5063.55371901,304,1.05944388388,0.654958677686
FrostAuraM31hStrategy,high_vol_shock,177,177,0,51.37505077,0.00291378029509,122,1086.99326875,1035.61821798,5062.71186441,103,1.0496080987,0.689265536723
FrostAuraM31hStrategy,range_choppy,297,297,0,-147.29281626,-0.00273311796851,177,621.07488145,768.36769771,5564.24242424,225,0.808304257585,0.59595959596
FrostAuraM31hStrategy,range_quiet,333,333,0,-196.40160731,-0.00524901599712,204,476.59941393,673.00102124,5545.04504505,245,0.708170417114,0.612612612613
FrostAuraM31hStrategy,transition,391,391,0,-226.03814264,-0.00328184484375,224,810.88716156,1036.9253042,5861.73913043,311,0.782011161533,0.572890025575
GKD_Baseline,bear_trend,2165,2165,0,-115.36781637,-0.00206947537495,759,247.25517876,362.62299513,146.355658199,372,0.681851901508,0.350577367206
GKD_Baseline,bull_trend,2358,2358,0,-262.56806906,-0.00257567509728,809,470.98173633,733.54980539,146.488549618,436,0.642058293615,0.343087362171
GKD_Baseline,high_vol_shock,1965,1965,0,-213.80023342,-0.00363376852169,728,412.53099729,626.33123071,123.328244275,292,0.658646698525,0.37048346056
GKD_Baseline,range_choppy,1740,1740,0,-130.77191449,-0.00207180077768,578,301.0631184,431.83503289,154.793103448,370,0.697171594405,0.332183908046
GKD_Baseline,range_quiet,448,448,0,-62.65025452,-0.00194439178438,115,69.836889,132.48714352,215.089285714,134,0.527122007046,0.256696428571
GKD_Baseline,transition,2201,2201,0,-180.54798362,-0.00212625667829,731,378.01585241,558.56383603,155.629259428,523,0.676763922091,0.332121762835
GKD_BaselineAllMAs,bear_trend,2165,2165,0,-115.36781637,-0.00206947537495,759,247.25517876,362.62299513,146.355658199,372,0.681851901508,0.350577367206
GKD_BaselineAllMAs,bull_trend,2358,2358,0,-262.56806906,-0.00257567509728,809,470.98173633,733.54980539,146.488549618,436,0.642058293615,0.343087362171
GKD_BaselineAllMAs,high_vol_shock,1965,1965,0,-213.80023342,-0.00363376852169,728,412.53099729,626.33123071,123.328244275,292,0.658646698525,0.37048346056
GKD_BaselineAllMAs,range_choppy,1740,1740,0,-130.77191449,-0.00207180077768,578,301.0631184,431.83503289,154.793103448,370,0.697171594405,0.332183908046
GKD_BaselineAllMAs,range_quiet,448,448,0,-62.65025452,-0.00194439178438,115,69.836889,132.48714352,215.089285714,134,0.527122007046,0.256696428571
GKD_BaselineAllMAs,transition,2201,2201,0,-180.54798362,-0.00212625667829,731,378.01585241,558.56383603,155.629259428,523,0.676763922091,0.332121762835
GKD_FisherTransformMTF,bear_trend,972,972,0,-292.49696031,0.00150054113656,425,8640.859817,8933.35677731,5478.14814815,477,0.967257888876,0.437242798354
GKD_FisherTransformMTF,bull_trend,684,684,0,-79.6755223,0.00471055448597,269,7606.10726054,7685.78278284,5490.0877193,409,0.989633388745,0.393274853801
GKD_FisherTransformMTF,high_vol_shock,478,478,0,-1890.53585666,-0.00112873647202,167,9107.5403926,10998.0762493,4150.79497908,229,0.828103041494,0.349372384937
GKD_FisherTransformMTF,range_choppy,575,575,0,-498.18077618,0.00106794548898,241,6538.733769,7036.91454518,5498.50434783,356,0.929204657385,0.419130434783
GKD_FisherTransformMTF,range_quiet,553,553,0,1496.14176098,0.0139746399279,243,4405.3893003,2909.24753932,6231.32007233,339,1.51427104114,0.439421338156
GKD_FisherTransformMTF,transition,710,710,0,2110.22489069,0.00620211483862,317,8195.82052165,6085.59563096,6013.85915493,502,1.34675732971,0.446478873239
GKD_HurstExponent,bear_trend,1187,1187,0,-192.98363691,-0.00183417755049,1034,1078.65061521,1271.63425212,1604.8862679,482,0.848239667508,0.871103622578
GKD_HurstExponent,bull_trend,927,927,0,-107.02219493,-0.00108655576288,805,981.83207293,1088.85426786,1573.00970874,423,0.901711185703,0.868392664509
GKD_HurstExponent,high_vol_shock,774,774,0,-192.2754282,-0.00206253022835,624,1011.90612979,1204.18155799,578.682170543,251,0.840326878514,0.806201550388
GKD_HurstExponent,range_choppy,836,836,0,108.35546021,0.000674573493692,741,842.37094472,734.01548451,1362.70334928,373,1.14762012859,0.886363636364
GKD_HurstExponent,range_quiet,495,495,0,-35.66937675,-0.000465477802531,443,385.73380255,421.4031793,2958.18181818,290,0.915355700901,0.894949494949
GKD_HurstExponent,transition,923,923,0,-174.93553014,-0.00183619211821,801,891.34618792,1066.28171806,1818.07150596,489,0.835938732535,0.867822318527
GKD_PFE,bear_trend,2215,2215,0,-93.44126929,-0.00223329803966,1225,434.17315108,527.61442037,296.23476298,375,0.822898568192,0.553047404063
GKD_PFE,bull_trend,2163,2163,0,-182.35522935,-0.001575973448,1217,809.88684464,992.24207399,278.418862691,413,0.816219011338,0.562644475266
GKD_PFE,high_vol_shock,2460,2460,0,-323.7431256,-0.0031738324079,1423,982.23355597,1305.97668157,212.487804878,307,0.752106503762,0.578455284553
GKD_PFE,range_choppy,1762,1762,0,-159.09767196,-0.00248770481771,929,516.33476194,675.4324339,282.156640182,374,0.764450648244,0.527241770715
GKD_PFE,range_quiet,338,338,0,-24.06248418,-0.00144198793301,140,102.16784605,126.23033023,381.301775148,122,0.809376366709,0.414201183432
GKD_PFE,transition,2115,2115,0,-183.07276311,-0.00238860103983,1106,604.69760356,787.77036667,292.907801418,533,0.767606436018,0.52293144208
GPTREV,bear_trend,108,108,0,-109.76636099,-0.0034430946371,54,619.11395679,728.88031778,2435.0462963,100,0.8494041363,0.5
GPTREV,bull_trend,64,64,0,66.72067475,0.00159801296209,35,468.96515939,402.24448464,2671.484375,54,1.16587094988,0.546875
GPTREV,high_vol_shock,36,36,0,-127.05263004,-0.00703858062104,18,181.35728339,308.40991343,864.027777778,27,0.588039733785,0.5
GPTREV,range_choppy,66,66,0,-74.85724364,-0.00204848048783,34,385.24990252,460.10714616,2025.83333333,57,0.837304757675,0.515151515152
GPTREV,range_quiet,57,57,0,-63.52699089,-0.00478166136339,25,358.55637417,422.08336506,3813.33333333,54,0.849491839412,0.438596491228
GPTREV,transition,71,71,0,-363.05626929,-0.0151503323585,25,301.68105604,664.73732533,3397.11267606,69,0.453834987963,0.352112676056
GRIDDMIPRICEStrategyFutureV5Long,bear_trend,1,1,0,-5.7879155,-1.38546423082,0,0,5.7879155,310710,1,0,0
GRIDDMIPRICEStrategyFutureV5Long,bull_trend,15,15,0,1293.93896249,1.44120863698,9,1668.44665069,374.5076882,123424.333333,12,4.45503978492,0.6
GRIDDMIPRICEStrategyFutureV5Long,high_vol_shock,19,19,0,-3082.73333738,0.906971428005,9,1406.68872613,4489.42206351,105336.842105,12,0.313334034143,0.473684210526
GRIDDMIPRICEStrategyFutureV5Long,range_choppy,4,4,0,-559.20754123,2.00845935857,3,179.18086608,738.38840731,157603.75,3,0.242664787673,0.75
GRIDDMIPRICEStrategyFutureV5Long,transition,7,7,0,2032.60813205,1.39146559867,4,2898.86986289,866.26173084,114802.142857,6,3.34641339873,0.571428571429
GRIDDMIPRICEStrategyFutureV5Short,bull_trend,7,0,7,-492.99862931,-0.762350224462,0,0,492.99862931,109782.857143,7,0,0
GRIDDMIPRICEStrategyFutureV5Short,high_vol_shock,4,0,4,-31.13476413,-0.819005599738,0,0,31.13476413,29160,4,0,0
GRIDDMIPRICEStrategyFutureV5Short,range_choppy,1,0,1,-87.7142677,-0.870956946542,0,0,87.7142677,54240,1,0,0
GRIDDMIPRICEStrategySpot,bear_trend,17,17,0,170.91325726,0.684107828933,8,639.04650667,468.13324941,271748.823529,14,1.36509531736,0.470588235294
GRIDDMIPRICEStrategySpot,bull_trend,33,33,0,-1764.96421492,0.305100067504,11,1176.77845267,2941.74266759,91500.7575758,28,0.40002766579,0.333333333333
GRIDDMIPRICEStrategySpot,high_vol_shock,40,40,0,1249.13835501,1.0466091185,19,3615.37352228,2366.23516727,128233.875,26,1.52790118763,0.475
GRIDDMIPRICEStrategySpot,range_choppy,13,13,0,175.14946779,1.30754212593,7,591.48462287,416.33515508,137645.769231,9,1.42069343809,0.538461538462
GRIDDMIPRICEStrategySpot,range_quiet,6,6,0,-157.77410313,-0.285524857012,1,266.18259715,423.95670028,179363.333333,4,0.627853261841,0.166666666667
GRIDDMIPRICEStrategySpot,transition,19,19,0,-124.84166318,0.605451592411,7,1350.05958203,1474.90124521,186677.368421,16,0.91535591716,0.368421052632
GnF_V2,bear_trend,3189,1791,1398,-222.16799585,-0.00168798923688,1324,1017.23417985,1239.4021757,829.539040452,830,0.820745840046,0.415177171527
GnF_V2,bull_trend,2663,1501,1162,-261.33762829,-0.00156477501785,1033,1347.82829262,1609.16592091,833.533608712,769,0.837594355626,0.387908374014
GnF_V2,high_vol_shock,1630,899,731,200.49234368,0.00235859192626,706,1798.38887363,1597.89652995,955.877300613,421,1.1254726698,0.433128834356
GnF_V2,range_choppy,2333,1312,1021,-146.15313653,-0.00192367792115,898,921.14358032,1067.29671685,809.009858551,682,0.863062319763,0.384912130304
GnF_V2,range_quiet,1648,914,734,-50.43313167,-0.00242231966636,599,222.16897477,272.60210644,824.199029126,582,0.814993609812,0.363470873786
GnF_V2,transition,2884,1609,1275,-67.27616461,-0.000830920572961,1131,1152.31028493,1219.58644954,815.388349515,1053,0.944836903825,0.392163661581
GodCard,bear_trend,68,68,0,27.75810649,0.00298116907071,62,77.73969875,49.98159226,154.264705882,39,1.55536659068,0.911764705882
GodCard,bull_trend,50,50,0,81.18451028,0.012032939177,48,81.18468599,0.00017571,56.4,34,462037.937454,0.96
GodCard,high_vol_shock,14,14,0,19.26413025,0.0104131323318,13,31.21950501,11.95537476,107.142857143,9,2.61133637688,0.928571428571
GodCard,range_choppy,36,36,0,5.52728079,0.00109403437554,33,29.75020111,24.22292032,131.805555556,30,1.22818391494,0.916666666667
GodCard,range_quiet,56,56,0,26.18324576,0.00342813094718,52,78.2915668,52.10832104,62.7678571429,31,1.50247724811,0.928571428571
GodCard,transition,66,66,0,45.19520899,0.0052361112268,60,72.10280607,26.90759708,234.545454545,47,2.67964492911,0.909090909091
GoldenCrossStrategy,bear_trend,1202,1202,0,-228.21586766,-0.00247319912149,449,555.33531405,783.55118171,305.727953411,662,0.708741594695,0.373544093178
GoldenCrossStrategy,bull_trend,911,911,0,-113.78075837,-0.00165882114675,374,519.09779652,632.87855489,303.375411636,534,0.820217074049,0.410537870472
GoldenCrossStrategy,high_vol_shock,482,482,0,-39.16302749,-0.00113070660129,186,638.48182651,677.644854,280.31120332,285,0.942207149868,0.385892116183
GoldenCrossStrategy,range_choppy,690,690,0,-95.42598476,-0.00190308063011,260,408.1198355,503.54582026,327.666666667,464,0.810491953422,0.376811594203
GoldenCrossStrategy,range_quiet,792,792,0,-81.34865687,-0.00152163566171,300,195.05950463,276.4081615,335.574494949,504,0.705693723266,0.378787878788
GoldenCrossStrategy,transition,1014,1014,0,-142.26120287,-0.00201804673173,400,498.14193736,640.40314023,315.192307692,705,0.777856799986,0.394477317554
Gumbo1,bear_trend,2775,2775,0,-49.14776427,-0.000748162991006,1715,204.62302767,253.77079194,123.601801802,302,0.806330098534,0.618018018018
Gumbo1,bull_trend,3535,3535,0,-338.22340922,-0.00177733138964,2149,483.76946309,821.99287231,122.833097595,393,0.588532430616,0.607920792079
Gumbo1,high_vol_shock,2934,2934,0,-239.22886479,-0.00270577374528,1792,558.28442857,797.51329336,132.152351738,254,0.700031501943,0.610770279482
Gumbo1,range_choppy,2485,2485,0,-96.99151432,-0.00146670909822,1490,254.77113237,351.76264669,122.237424547,336,0.724270000716,0.599597585513
Gumbo1,range_quiet,640,640,0,-69.65359451,-0.00164388828792,311,43.02948593,112.68308044,116.046875,115,0.381862882715,0.4859375
Gumbo1,transition,3141,3141,0,-172.6068355,-0.00125388982632,1881,326.08864525,498.69548075,122.169691181,471,0.653883297197,0.598853868195
HEAD_SHOULDER,bear_trend,89,56,33,-78.43912711,-0.00215218421248,34,507.64142702,586.08055413,2378.25842697,76,0.866163232072,0.38202247191
HEAD_SHOULDER,bull_trend,83,33,50,-136.98468242,0.00286547705479,45,749.22886944,886.21355186,2289.03614458,76,0.845427005565,0.542168674699
HEAD_SHOULDER,high_vol_shock,56,32,24,197.49378055,0.0695205652008,31,1107.8275425,910.33376195,2271.69642857,46,1.21694656268,0.553571428571
HEAD_SHOULDER,range_choppy,54,26,28,83.30883078,0.0288126765916,31,497.65160732,414.34277654,2248.33333333,51,1.20106258754,0.574074074074
HEAD_SHOULDER,range_quiet,62,27,35,-61.52168932,-0.00756694823063,34,289.62290592,351.14459524,2253.87096774,59,0.824796707243,0.548387096774
HEAD_SHOULDER,transition,54,26,28,-263.57438043,-0.0489497541087,20,206.92477402,470.49915445,2121.66666667,54,0.439798397219,0.37037037037
Hacklemore2,bear_trend,16,16,0,8.18240532,0.00356875470889,12,8.19836092,0.0159556,929.0625,8,513.823417484,0.75
Hacklemore2,bull_trend,318,318,0,-515.67711494,-0.00468233056901,253,356.47491318,872.15202812,25275.0471698,123,0.408730246203,0.795597484277
Hacklemore2,high_vol_shock,315,315,0,83.35552614,0.00304261750865,258,491.58762856,408.23210242,26152.8095238,97,1.20418660278,0.819047619048
Hacklemore2,range_choppy,80,80,0,107.03262959,0.00735332022212,68,107.06487352,0.03224393,4098.1875,32,3320.46600771,0.85
Hacklemore2,range_quiet,14,14,0,8.03525133,0.00246106521874,9,8.04890819,0.01365686,18683.5714286,10,589.36740876,0.642857142857
Hacklemore2,transition,143,143,0,-1.36631371,0.00112356101692,119,182.01396753,183.38028124,26970.5244755,58,0.992549287738,0.832167832168
Hacklemost,bear_trend,26,26,0,62.20600552,0.0184369962153,26,62.20600552,0,764.230769231,14,inf,1
Hacklemost,bull_trend,15,15,0,31.01147132,0.0160616890876,15,31.01147132,0,87,8,inf,1
Hacklemost,high_vol_shock,96,96,0,-1.96786543,0.00098593707741,90,260.27674716,262.24461259,215.572916667,38,0.992496069183,0.9375
Hacklemost,range_choppy,16,16,0,34.29952972,0.0160482206465,16,34.29952972,0,211.5625,9,inf,1
Hacklemost,range_quiet,9,9,0,30.94478483,0.0246588903909,9,30.94478483,0,478.333333333,3,inf,1
Hacklemost,transition,14,14,0,23.04788248,0.0126761181125,14,23.04788248,0,160,11,inf,1
Hammer,bear_trend,52,52,0,232.1355394,0.0274508465858,43,273.14091653,41.00537713,644.038461538,31,6.66109997389,0.826923076923
Hammer,bull_trend,88,88,0,257.71101631,0.0207664251483,71,422.1744792,164.46346289,1201.98863636,45,2.56698036014,0.806818181818
Hammer,high_vol_shock,123,123,0,46.11283506,0.00206764582789,95,697.525066,651.41223094,433.170731707,65,1.07078902248,0.772357723577
Hammer,range_choppy,42,42,0,52.60767602,0.00843983944142,33,133.25709697,80.64942095,1283.80952381,32,1.65230072827,0.785714285714
Hammer,range_quiet,25,25,0,145.47583102,0.0313280330506,23,187.6781469,42.20231588,4017.8,13,4.44710540136,0.92
Hammer,transition,48,48,0,107.91098655,0.0141710705051,39,183.14171058,75.23072403,302.604166667,35,2.43440047855,0.8125
HansenSmaOffsetV1,bear_trend,8,8,0,76.90026247,0.125968850949,6,626.01616257,549.1159001,406241.25,7,1.14004377301,0.75
HansenSmaOffsetV1,bull_trend,22,22,0,2661.06075449,0.768309028801,18,3283.11462458,622.05387009,244012.5,12,5.27786222776,0.818181818182
HansenSmaOffsetV1,high_vol_shock,38,38,0,62.0012944,0.0348441992743,23,1895.74466009,1833.74336569,52459.3421053,30,1.03381132582,0.605263157895
HansenSmaOffsetV1,range_choppy,6,6,0,382.9404161,0.177533652114,5,478.31516498,95.37474888,53282.5,4,5.01511323067,0.833333333333
HansenSmaOffsetV1,range_quiet,7,7,0,-512.40680024,-0.0165613818726,2,615.43878891,1127.84558915,265500,4,0.545676460351,0.285714285714
HansenSmaOffsetV1,transition,11,11,0,-54.3811216,0.0507698016512,8,580.64456968,635.02569128,168271.363636,9,0.914363903151,0.727272727273
HedgeAdaptiveRegimeStrategy,bear_trend,1127,574,553,-145.61511441,-0.00323216075072,265,155.77846472,301.39357913,298.881987578,111,0.516860595271,0.235137533274
HedgeAdaptiveRegimeStrategy,bull_trend,2092,1038,1054,-189.60623478,-0.0017253746515,544,553.6490557,743.25529048,310.348948375,220,0.744897564527,0.260038240918
HedgeAdaptiveRegimeStrategy,high_vol_shock,2593,1302,1291,-66.22917559,-0.00264908880372,717,517.01770132,583.24687691,311.6544543,185,0.886447440677,0.276513690706
HedgeAdaptiveRegimeStrategy,range_choppy,1902,984,918,-142.65136852,-0.00240465110711,463,441.17306259,583.82443111,306.127760252,215,0.755660501825,0.243427970557
HedgeAdaptiveRegimeStrategy,range_quiet,708,363,345,-56.09367201,-0.0022747076742,146,85.57851085,141.67218286,296.384180791,97,0.604060085208,0.206214689266
HedgeAdaptiveRegimeStrategy,transition,2300,1164,1136,-257.19745879,-0.0021816891652,585,451.93406468,709.13152347,305.260869565,275,0.637306408928,0.254347826087
HeikinAshiStrategy,bear_trend,2385,2385,0,-92.59318952,-0.00210069929916,398,36.86373198,129.4569215,24.6163522013,91,0.284756748058,0.166876310273
HeikinAshiStrategy,bull_trend,3261,3261,0,-215.56491383,-0.00214641195637,608,113.86251535,329.42742918,24.2716957988,121,0.345637628395,0.186445875498
HeikinAshiStrategy,high_vol_shock,853,853,0,-180.53732808,-0.00188152874846,177,121.20436884,301.74169692,25.4865181712,17,0.401682532037,0.207502930832
HeikinAshiStrategy,range_choppy,2397,2397,0,-186.7628307,-0.00186755506525,434,115.52785548,302.29068618,25.0625782228,117,0.382174710508,0.181059657906
HeikinAshiStrategy,range_quiet,1106,1106,0,-51.23170909,-0.00202742549623,121,9.45663068,60.68833977,23.7613019892,75,0.155822860138,0.109403254973
HeikinAshiStrategy,transition,3145,3145,0,-238.98352377,-0.00210862606416,537,113.86052917,352.84405294,24.5659777424,167,0.322693632559,0.170747217806
HigherHighStrategy,bear_trend,1380,1380,0,-101.53285886,-0.00202470578853,250,40.71488985,142.24774871,13.4673913043,143,0.286225196667,0.18115942029
HigherHighStrategy,bull_trend,3256,3256,0,-229.64856623,-0.00184029953122,675,135.00495792,364.65352415,13.8544226044,278,0.370228035598,0.20730958231
HigherHighStrategy,high_vol_shock,3123,3123,0,-175.80501621,-0.00218154300556,744,107.64276932,283.44778553,13.9032981108,187,0.379762251868,0.23823246878
HigherHighStrategy,range_choppy,2242,2242,0,-164.92405055,-0.00201455545404,423,62.59130898,227.51535953,13.1088314005,232,0.275108059119,0.188670829616
HigherHighStrategy,range_quiet,834,834,0,-73.47225196,-0.00206919235238,98,11.09779832,84.57005028,13.4772182254,121,0.131226105261,0.117505995204
HigherHighStrategy,transition,2631,2631,0,-220.47784109,-0.00202270988755,490,81.44703745,301.92487854,13.451159255,313,0.269759278678,0.186240973014
HilbertSineWave,bear_trend,807,807,0,-68.83166183,-0.00205874095711,375,1101.06101537,1169.8926772,2538.28996283,357,0.941164122854,0.46468401487
HilbertSineWave,bull_trend,687,687,0,25.10678507,-4.3712640513e-05,332,1635.34829013,1610.24150506,2400.43668122,345,1.0155919376,0.48326055313
HilbertSineWave,high_vol_shock,816,816,0,-942.31066684,-0.0102707165825,287,1882.84769637,2825.15836321,947.132352941,278,0.666457399659,0.351715686275
HilbertSineWave,range_choppy,568,568,0,57.17066048,-0.00186961987207,267,970.52295122,913.35229074,2337.67605634,325,1.06259431444,0.470070422535
HilbertSineWave,range_quiet,252,252,0,69.88933381,0.00107042766973,131,339.62627613,269.73694232,5602.61904762,158,1.2591018242,0.519841269841
HilbertSineWave,transition,625,625,0,52.07757788,-0.00033219853561,301,1128.13241425,1076.05483637,2832.096,399,1.0483967695,0.4816
HourBasedStrategy,bear_trend,1898,1898,0,-199.43279841,-0.00306607140361,1189,1924.43560566,2123.86840407,2679.98946259,834,0.906099267719,0.626448893572
HourBasedStrategy,bull_trend,1797,1797,0,-282.57487423,-0.000516689811354,1123,4567.8371412,4850.41201543,2589.74958264,800,0.941742088439,0.624930439622
HourBasedStrategy,high_vol_shock,1446,1446,0,-1866.73245695,-0.00486591517583,783,8404.05771404,10270.790171,1490.37344398,435,0.818248408752,0.541493775934
HourBasedStrategy,range_choppy,1263,1263,0,634.44493665,-0.000640149435509,816,2600.72828196,1966.28334531,2490.87885986,672,1.32266201011,0.646080760095
HourBasedStrategy,range_quiet,817,817,0,163.4591068,-0.00114012282604,516,440.30984886,276.85074206,3623.500612,499,1.59042322077,0.631578947368
HourBasedStrategy,transition,1602,1602,0,585.12244037,-0.000906387451883,1015,2780.85501008,2195.73256971,2806.29213483,995,1.26648165102,0.633583021223
HourBasedStrategy_5m,bear_trend,2129,2129,0,-473.82455592,-0.000495948029964,1375,6804.39016767,7278.21472359,2735.33818694,913,0.93489824443,0.645843118835
HourBasedStrategy_5m,bull_trend,1909,1909,0,-119.28229466,0.000923903102879,1216,9696.73625249,9816.01854715,2548.45468832,838,0.987848199951,0.636982713463
HourBasedStrategy_5m,high_vol_shock,1638,1638,0,-835.75585574,0.0007470025272,917,17576.3910837,18412.1469394,1453.62942613,493,0.954608451774,0.559829059829
HourBasedStrategy_5m,range_choppy,1422,1422,0,543.07211485,0.00148599308865,909,6325.56753599,5782.49542114,2538.31575246,754,1.09391656634,0.639240506329
HourBasedStrategy_5m,range_quiet,985,985,0,99.84301497,0.00101722642819,651,1704.72092783,1604.87791286,3636.98984772,566,1.06221221824,0.660913705584
HourBasedStrategy_5m,transition,1766,1766,0,139.72883472,-0.000453324862107,1130,7065.43236856,6925.70353384,2826.85730464,1088,1.02017539937,0.63986409966
INSIDEUP,bear_trend,9,9,0,44.6418821,0.0209240299257,8,44.64197074,8.864e-05,131840,9,503632.341381,0.888888888889
INSIDEUP,bull_trend,199,199,0,-47.46275438,0.00962654629179,175,1183.90951509,1231.37226947,48272.5628141,143,0.961455397724,0.879396984925
INSIDEUP,high_vol_shock,134,134,0,320.48846968,0.0122944615243,122,943.25108271,622.76261303,49088.9552239,88,1.51462381167,0.910447761194
INSIDEUP,range_choppy,54,54,0,443.49061139,0.0302475121548,51,443.51486828,0.02425689,36586.6666667,45,18284.0779787,0.944444444444
INSIDEUP,range_quiet,15,15,0,-261.76304522,-0.0301967255955,12,62.31826852,324.08131374,48192,15,0.192292075717,0.8
INSIDEUP,transition,78,78,0,219.17408336,0.0132046389443,67,487.54571595,268.37163259,37052.3076923,73,1.81668126115,0.858974358974
Ichess,bear_trend,16,16,0,-174.85182006,-0.0546080949023,4,120.35612397,295.20794403,29250,16,0.407699475587,0.25
Ichess,bull_trend,61,61,0,161.22929783,0.0162239280848,33,1215.10365719,1053.87435936,30074.7540984,54,1.15298720991,0.540983606557
Ichess,high_vol_shock,28,28,0,76.79309651,0.028903620178,13,655.82299393,579.02989742,23708.5714286,26,1.13262371572,0.464285714286
Ichess,range_choppy,56,56,0,6.48993631,0.021691246029,25,929.51414245,923.02420614,22551.4285714,55,1.00703116589,0.446428571429
Ichess,range_quiet,65,65,0,-65.72189333,0.0031424594383,24,816.32472595,882.04661928,24435.6923077,62,0.925489320073,0.369230769231
Ichess,transition,87,87,0,290.74842519,0.0229418615365,37,1742.99474028,1452.24631509,26913.1034483,86,1.20020599961,0.425287356322
Ichi,bear_trend,2359,2359,0,-83.81223857,-0.00115531425452,1810,141.07021336,224.88245193,713.196269606,695,0.627306453435,0.767274268758
Ichi,bull_trend,2976,2976,0,-300.21404002,-0.00204382749393,2277,216.57766638,516.7917064,906.244959677,817,0.419081157259,0.765120967742
Ichi,high_vol_shock,1694,1694,0,-354.32940449,-0.00297159784688,1400,288.88439121,643.2137957,425.419126328,390,0.449126547256,0.826446280992
Ichi,range_choppy,1635,1635,0,-29.48749078,-0.00232788160897,1260,119.50124128,148.98873206,875.357798165,578,0.802082410043,0.770642201835
Ichi,range_quiet,1077,1077,0,-29.5473492,-0.00276765780215,733,27.81829209,57.36564129,1704.62395543,494,0.484929505963,0.680594243268
Ichi,transition,2273,2273,0,-170.81049083,-0.00201820574774,1699,172.14216225,342.95265308,954.661240651,899,0.50194147998,0.747470303564
Ichimoku,bear_trend,1399,1399,0,-103.31203799,-0.0011876501952,1176,716.25112292,819.56316091,2355.89349535,571,0.87394255511,0.840600428878
Ichimoku,bull_trend,1555,1555,0,-373.21905516,-0.00337078418318,1284,1486.46739233,1859.68644749,2270.69131833,634,0.799310762487,0.825723472669
Ichimoku,high_vol_shock,1556,1556,0,-790.39100196,-0.00631631609114,1251,1828.06664157,2618.45764353,791.564910026,369,0.698146348132,0.803984575835
Ichimoku,range_choppy,1001,1001,0,200.90944402,-0.00136130669927,842,829.86864096,628.95919694,1927.6023976,464,1.31943160224,0.841158841159
Ichimoku,range_quiet,483,483,0,9.66202623,-0.00105094671882,405,177.1532337,167.49120747,4412.51552795,293,1.05768676682,0.83850931677
Ichimoku,transition,1256,1256,0,88.99306233,-0.00356055204197,1032,1007.12225974,918.12919741,2452.56767516,703,1.09692869215,0.821656050955
IchimokuCloudBreakoutStrategy,bear_trend,818,233,585,-281.43304114,-0.00826137455457,228,506.60699395,788.04003509,1712.8606357,374,0.642869614984,0.278728606357
IchimokuCloudBreakoutStrategy,bull_trend,981,746,235,-452.47249199,-0.00824690542819,278,1516.24008499,1968.71257698,1544.95412844,427,0.770168333722,0.283384301733
IchimokuCloudBreakoutStrategy,high_vol_shock,1314,647,667,-263.17779794,-0.00731334667129,350,2190.0277994,2453.20559734,663.196347032,283,0.892720855429,0.266362252664
IchimokuCloudBreakoutStrategy,range_choppy,732,392,340,189.1377375,0.0058281338628,254,1130.88677519,941.74903769,1688.52459016,351,1.2008366666,0.346994535519
IchimokuCloudBreakoutStrategy,range_quiet,210,113,97,83.9169823,0.0079324565719,79,215.39343857,131.47645627,3302.85714286,154,1.63826623169,0.37619047619
IchimokuCloudBreakoutStrategy,transition,784,416,368,-207.55489547,-0.00668026808979,225,962.93311506,1170.48801053,2006.32653061,464,0.822676615563,0.286989795918
IchimokuCloudStrategy,bear_trend,85,85,0,444.31991702,0.0101568198332,25,1200.39386931,756.07395229,5138.82352941,61,1.58766727206,0.294117647059
IchimokuCloudStrategy,bull_trend,214,214,0,773.35962068,0.0115348994585,72,2571.71682631,1798.35720563,5092.71028037,164,1.43003671254,0.336448598131
IchimokuCloudStrategy,high_vol_shock,53,53,0,391.33232914,0.0345136833839,21,1156.93349758,765.60116844,4854.33962264,41,1.51114385044,0.396226415094
IchimokuCloudStrategy,range_choppy,112,112,0,839.41114395,0.0312625840823,51,1783.14829905,943.7371551,5742.85714286,84,1.88945437765,0.455357142857
IchimokuCloudStrategy,range_quiet,117,117,0,1196.4853619,0.027274417225,50,2040.31270453,843.82734263,5842.05128205,92,2.41792675048,0.42735042735
IchimokuCloudStrategy,transition,128,128,0,895.47174063,0.0309955383745,46,2157.77063655,1262.29889592,5765.625,113,1.70939754722,0.359375
IchimokuSimpleStrategy,bear_trend,2731,2731,0,-234.03273306,-0.00252687589004,787,219.45976859,453.49250165,90.4302453314,582,0.483932518821,0.288172830465
IchimokuSimpleStrategy,bull_trend,2965,2965,0,-199.90302062,-0.00189553322591,945,510.34804279,710.25106341,86.6424957841,651,0.718545974912,0.318718381113
IchimokuSimpleStrategy,high_vol_shock,1612,1612,0,-155.10089333,-0.00175717400631,542,600.40471477,755.5056081,87.7450372208,320,0.79470583452,0.336228287841
IchimokuSimpleStrategy,range_choppy,2143,2143,0,-132.3096228,-0.00184370766388,707,302.82132018,435.13094298,92.1325244984,515,0.695931477789,0.329911339244
IchimokuSimpleStrategy,range_quiet,1224,1224,0,-71.42307402,-0.00202610824658,305,61.1330819,132.55615592,83.7132352941,363,0.461186291015,0.249183006536
IchimokuSimpleStrategy,transition,2629,2629,0,-172.91604617,-0.00193675236996,793,352.4180846,525.33413077,89.012932674,792,0.670845589422,0.301635602891
IchimokuStrategy,bear_trend,1477,1477,0,-962.17467636,-0.00123858552808,593,6682.88005864,7645.054735,2733.8083954,789,0.874144174278,0.401489505755
IchimokuStrategy,bull_trend,1143,1143,0,651.7545942,0.00260882643037,483,7224.14737495,6572.39278075,2494.80052493,641,1.09916549664,0.422572178478
IchimokuStrategy,high_vol_shock,599,599,0,-840.90376812,-0.000505892929617,221,7498.2189103,8339.12267842,2139.58597663,356,0.899161602419,0.368948247078
IchimokuStrategy,range_choppy,901,901,0,860.91814954,0.00416301832641,399,6396.37339411,5535.45524457,2429.33740289,588,1.15552797584,0.442841287458
IchimokuStrategy,range_quiet,957,957,0,641.16709578,0.00388696360478,394,3196.14231828,2554.9752225,2689.72413793,587,1.25094845936,0.411703239289
IchimokuStrategy,transition,1247,1247,0,-101.04434693,-0.000588659624488,511,6100.12238252,6201.16672945,2540.19406576,876,0.983705591006,0.409783480353
Ichimoku_SenkouSpanCross,bear_trend,33,33,0,-565.13684347,-0.02621044858,9,435.00134824,1000.13819171,34996.3636364,30,0.434941242966,0.272727272727
Ichimoku_SenkouSpanCross,bull_trend,58,58,0,809.78362017,0.074887628732,25,2555.86281347,1746.0791933,44416.5517241,48,1.46377256156,0.431034482759
Ichimoku_SenkouSpanCross,high_vol_shock,21,21,0,-543.54038869,-0.0880547894743,4,1144.42670636,1687.96709505,23325.7142857,19,0.677991123,0.190476190476
Ichimoku_SenkouSpanCross,range_choppy,56,56,0,277.72020926,0.0715042120589,24,1838.98804777,1561.26783851,38481.4285714,49,1.17788120809,0.428571428571
Ichimoku_SenkouSpanCross,range_quiet,60,60,0,2762.49536818,0.153839906137,26,4409.57515315,1647.07978497,45536,54,2.67720798554,0.433333333333
Ichimoku_SenkouSpanCross,transition,58,58,0,2122.66523863,0.222835295439,24,4048.40808637,1925.74284774,38611.0344828,54,2.10225788512,0.413793103448
Ichimoku_v12,bull_trend,198,198,0,1397.81007443,0.0367904300195,195,4439.96344458,3042.15337015,54189.0909091,103,1.45948047464,0.984848484848
Ichimoku_v12,high_vol_shock,109,109,0,1633.94630422,0.0335001783087,107,3516.95891303,1883.01260881,78046.2385321,44,1.86772987954,0.981651376147
Ichimoku_v12,range_choppy,46,46,0,964.44273033,0.0500031320084,46,964.44273033,0,17295.6521739,24,inf,1
Ichimoku_v12,range_quiet,2,2,0,141.05728976,0.0499999802872,2,141.05728976,0,62040,2,inf,1
Ichimoku_v12,transition,62,62,0,-560.19036217,0.0198996074848,59,1508.36971178,2068.56007395,80957.4193548,42,0.729188255529,0.951612903226
Ichimoku_v30,bear_trend,24,24,0,845.46558223,0.355595059909,13,4239.82842749,3394.36284526,368220,23,1.24907931791,0.541666666667
Ichimoku_v30,bull_trend,25,25,0,839.41472934,0.216582633956,12,2680.60376786,1841.18903852,189331.2,22,1.45590904127,0.48
Ichimoku_v30,high_vol_shock,11,11,0,-1889.18538172,-0.208741454783,3,332.91847591,2222.10385763,246480,10,0.149821294251,0.272727272727
Ichimoku_v30,range_choppy,15,15,0,3740.85442286,2.08453764233,8,5107.89650166,1367.0420788,193568,15,3.73645887049,0.533333333333
Ichimoku_v30,range_quiet,12,12,0,2446.43694779,0.513455271028,6,3257.71015085,811.27320306,267760,12,4.01555251494,0.5
Ichimoku_v30,transition,10,10,0,1673.23545101,0.426674945015,9,2146.78568851,473.5502375,115968,10,4.53338530637,0.9
Ichimoku_v31,bear_trend,274,274,0,-464.47151733,0.000968478117203,57,3332.7825914,3797.25410873,6030.4379562,212,0.877682266177,0.20802919708
Ichimoku_v31,bull_trend,258,258,0,-469.25793766,-0.000998109066492,49,2381.44274052,2850.70067818,5100.46511628,206,0.835388562099,0.18992248062
Ichimoku_v31,high_vol_shock,98,98,0,871.68846696,0.0375477457653,27,2497.92358347,1626.23511651,5164.89795918,83,1.53601626119,0.275510204082
Ichimoku_v31,range_choppy,255,255,0,147.63327737,0.01071850736,62,3015.51789072,2867.88461335,5746.82352941,201,1.05147810922,0.243137254902
Ichimoku_v31,range_quiet,279,279,0,4533.5531092,0.0420917630569,75,6663.49903333,2129.94592413,7398.49462366,211,3.12848272712,0.268817204301
Ichimoku_v31,transition,279,279,0,1004.79601243,0.0178976743383,61,4003.98118484,2999.18517241,6153.76344086,234,1.33502299947,0.218637992832
Ichimoku_v32,bear_trend,114,114,0,2754.27682984,0.165412646546,44,10275.5287312,7521.2519014,68054.7368421,95,1.36619925326,0.385964912281
Ichimoku_v32,bull_trend,21,21,0,769.77021459,0.0299759174203,7,2029.44837639,1259.6781618,53428.5714286,18,1.61108482939,0.333333333333
Ichimoku_v32,high_vol_shock,11,11,0,509.9326454,0.127771003832,4,1521.73394241,1011.80129701,55003.6363636,11,1.50398496909,0.363636363636
Ichimoku_v32,range_choppy,39,39,0,-1535.04275216,0.119637645727,8,1798.90746093,3333.95021309,66067.6923077,35,0.539572382895,0.205128205128
Ichimoku_v32,range_quiet,47,47,0,2715.81030172,0.152444277579,23,4452.33583412,1736.5255324,82233.1914894,39,2.56393341247,0.489361702128
Ichimoku_v32,transition,50,50,0,804.02271034,0.102009209894,18,4372.77427072,3568.75156038,64641.6,46,1.22529523189,0.36
Ichimoku_v33,bear_trend,218,218,0,-40.17099276,-0.000221096587258,68,488.67856386,528.84955662,2216.14678899,176,0.924040793346,0.311926605505
Ichimoku_v33,bull_trend,177,177,0,-217.38612919,-0.00885803236855,50,335.75600817,553.14213736,2439.3220339,153,0.606997705459,0.282485875706
Ichimoku_v33,high_vol_shock,75,75,0,46.80628625,0.00501291202426,26,432.02541634,385.21913009,2480,63,1.12150561224,0.346666666667
Ichimoku_v33,range_choppy,187,187,0,253.39840194,0.0104363645963,79,645.06518487,391.66678293,2330.69518717,152,1.6469744512,0.422459893048
Ichimoku_v33,range_quiet,219,219,0,279.152823,0.00949636699958,93,592.65680755,313.50398455,2424.10958904,185,1.89042830955,0.424657534247
Ichimoku_v33,transition,208,208,0,-14.96374582,-0.000512946753505,78,417.37272152,432.33646734,2233.84615385,186,0.965388656867,0.375
Ichimoku_v37,bear_trend,57,57,0,-337.5566133,0.00558569728185,10,523.68029212,861.23690542,13107.3684211,49,0.608056028283,0.175438596491
Ichimoku_v37,bull_trend,90,90,0,-348.52085333,-0.00116179635012,7,1147.3289119,1495.84976523,15778.6666667,69,0.767008117104,0.0777777777778
Ichimoku_v37,high_vol_shock,27,27,0,-32.42738391,0.0847807357327,7,856.44517702,888.87256093,18373.3333333,25,0.963518522975,0.259259259259
Ichimoku_v37,range_choppy,99,99,0,405.37184861,0.0539079421497,14,2001.78536848,1596.41351987,14176.969697,81,1.25392659456,0.141414141414
Ichimoku_v37,range_quiet,136,136,0,4814.06411791,0.121528343759,30,6443.87765383,1629.81353592,21277.0588235,110,3.95375146409,0.220588235294
Ichimoku_v37,transition,103,103,0,2122.05857089,0.0608244363743,21,3257.82531213,1135.76674124,16802.3300971,92,2.86839294887,0.203883495146
ImpulseV1,bear_trend,1661,1661,0,-20.57829402,-0.000697679758623,1475,542.37429723,562.95259125,762.055990367,291,0.963445777957,0.888019265503
ImpulseV1,bull_trend,2303,2303,0,-245.81035383,-0.00156436320665,1991,1774.79445417,2020.604808,670.805471125,366,0.878348129799,0.864524533218
ImpulseV1,high_vol_shock,2937,2937,0,-694.93759899,-0.00471009609972,2327,1949.24095116,2644.17855015,416.727953694,255,0.737182045081,0.792305073204
ImpulseV1,range_choppy,1441,1441,0,121.96094945,-0.00070935599865,1279,869.24327363,747.28232418,752.220680083,300,1.16320598722,0.887578070784
ImpulseV1,range_quiet,193,193,0,31.62384096,0.00177573334148,182,131.40251175,99.77867079,1399.74093264,68,1.31693989016,0.943005181347
ImpulseV1,transition,1665,1665,0,-158.77497626,-0.00241491991796,1447,918.66127675,1077.43625301,835.111111111,432,0.852636315312,0.869069069069
InformativeSample,bear_trend,2055,2055,0,-2.40377082,-0.00185971324257,1818,718.98583558,721.3896064,982.221411192,343,0.996667860476,0.884671532847
InformativeSample,bull_trend,2209,2209,0,-401.02965076,-0.00246299366758,1927,2032.14160564,2433.1712564,857.777274785,393,0.835182316204,0.872340425532
InformativeSample,high_vol_shock,3189,3189,0,-758.94991013,-0.00329807886831,2704,2830.63545146,3589.58536159,481.825023518,284,0.788568919895,0.847914706805
InformativeSample,range_choppy,1807,1807,0,160.47689244,0.000122459580571,1627,1074.07199997,913.59510753,1023.73270614,365,1.17565428177,0.900387382402
InformativeSample,range_quiet,201,201,0,94.49291324,0.0018830456747,185,167.5288723,73.03595906,2030.02487562,74,2.29378616309,0.92039800995
InformativeSample,transition,1786,1786,0,-58.53627829,-0.00157503328562,1580,1119.35360632,1177.88988461,1127.03527436,464,0.950304116662,0.884658454647
Inverse,bear_trend,5,5,0,-9.11317917,-0.0105060139203,0,0,9.11317917,384,5,0,0
Inverse,bull_trend,1008,1008,0,-72.25214572,5.13077979719e-05,280,2217.55496333,2289.80710905,1262.85714286,486,0.968446186828,0.277777777778
Inverse,high_vol_shock,215,215,0,-117.81525792,-0.00330235281918,62,750.86262538,868.6778833,1049.30232558,132,0.86437405604,0.288372093023
Inverse,range_choppy,307,307,0,128.19759958,0.00268168516227,89,794.69998012,666.50238054,1197.65472313,199,1.1923437985,0.28990228013
Inverse,range_quiet,329,329,0,123.38147139,0.00315357406972,109,572.80741241,449.42594102,1377.44680851,224,1.27453126339,0.331306990881
Inverse,transition,414,414,0,21.70729651,0.000459700986829,115,903.19011994,881.48282343,1190.14492754,275,1.02462588712,0.277777777778
InverseV2,bull_trend,389,389,0,10.31982675,0.000531690357737,119,842.47442428,832.15459753,1374.13881748,221,1.01240133358,0.305912596401
InverseV2,high_vol_shock,83,83,0,20.9988453,0.00216254182763,25,358.96210423,337.96325893,1139.27710843,57,1.06213351524,0.301204819277
InverseV2,range_choppy,134,134,0,117.97811504,0.0063156576315,36,430.78653908,312.80842404,1193.73134328,94,1.37715772969,0.268656716418
InverseV2,range_quiet,115,115,0,6.40542715,0.000308334974851,36,158.77467952,152.36925237,1320.52173913,82,1.04203884347,0.313043478261
InverseV2,transition,168,168,0,92.39613512,0.004738298677,48,465.671766,373.27563088,1271.78571429,130,1.24752790559,0.285714285714
JuicyTrend,bear_trend,2451,2451,0,-117.92812622,-0.00183878589228,760,453.52657932,571.45470554,286.028151775,324,0.793635217145,0.31007751938
JuicyTrend,bull_trend,3070,3070,0,-245.56487149,-0.00151621265264,954,1211.14227703,1456.70714852,283.060260586,417,0.831424681523,0.310749185668
JuicyTrend,high_vol_shock,3237,3237,0,-288.46602861,-0.00221509012601,945,1244.8273437,1533.29337231,223.039851715,271,0.811865078256,0.291936978684
JuicyTrend,range_choppy,2092,2092,0,-86.17655132,-0.00187126622433,646,609.69947715,695.87602847,291.696940727,351,0.876161057725,0.30879541109
JuicyTrend,range_quiet,506,506,0,-37.33784006,-0.000988486264109,157,151.42422777,188.76206783,308.330039526,124,0.802196275506,0.310276679842
JuicyTrend,transition,2563,2563,0,-190.35415583,-0.00162226209789,801,779.23695899,969.59111482,289.547405384,500,0.803675845498,0.312524385486
JustROCR,bear_trend,80,80,0,-118.31700647,0.00381329739796,33,1953.74395104,2072.06095751,21354.75,54,0.942898877545,0.4125
JustROCR,bull_trend,105,105,0,92.67814627,0.000976917638049,43,2660.5364205,2567.85827423,11456.5714286,73,1.03609161269,0.409523809524
JustROCR,high_vol_shock,209,209,0,75.83498284,0.0128141514106,91,4811.41635328,4735.58137044,5895.50239234,124,1.01601386966,0.435406698565
JustROCR,range_choppy,72,72,0,289.10699606,0.0274921085695,34,1943.55764276,1654.4506467,17977.5,54,1.17474501076,0.472222222222
JustROCR,range_quiet,20,20,0,442.9778547,0.0774747053773,12,675.1801038,232.2022491,12087,15,2.90772422066,0.6
JustROCR,transition,64,64,0,688.38346623,0.0478870223441,33,1832.87654065,1144.49307442,18189.375,53,1.60147455814,0.515625
JustROCR2,bear_trend,28,28,0,6.54790686,0.00207590195701,6,34.50159246,27.9536856,0,3,1.23424127157,0.214285714286
JustROCR2,bull_trend,9,9,0,1.80575914,0.00202514337047,2,11.3783372,9.57257806,0,3,1.18863874796,0.222222222222
JustROCR2,high_vol_shock,56,56,0,-62.82433613,-0.00938856312418,2,12.19106202,75.01539815,0,11,0.162514128041,0.0357142857143
JustROCR2,range_quiet,21,21,0,-15.90460045,-0.0065753168958,1,5.69236596,21.59696641,0,2,0.263572478279,0.047619047619
JustROCR2,transition,6,6,0,-8.26532555,-0.0119568620954,0,0,8.26532555,0,2,0,0
JustROCR3,bear_trend,100,100,0,-30.66002973,-0.00508330960872,1,35.69161596,66.35164569,0.05,13,0.537916062048,0.01
JustROCR3,bull_trend,109,109,0,-93.57355127,-0.00995272743513,0,0,93.57355127,0.045871559633,22,0,0
JustROCR3,high_vol_shock,534,534,0,-419.21995564,-0.010184905853,0,0,419.21995564,0,80,0,0
JustROCR3,range_choppy,62,62,0,-38.51975001,-0.00897280537639,0,0,38.51975001,0.483870967742,15,0,0
JustROCR3,range_quiet,68,68,0,-38.32827142,-0.00938640974973,1,0.86283224,39.19110366,0.367647058824,8,0.0220160230109,0.0147058823529
JustROCR3,transition,53,53,0,-42.52204162,-0.010169147065,1,0.24627264,42.76831426,0.283018867925,18,0.00575829663294,0.0188679245283
JustROCR4,bear_trend,6,6,0,-33.0613735,-0.0511220462745,2,30.82607272,63.88744622,7910.83333333,3,0.48250594669,0.333333333333
JustROCR4,bull_trend,5,5,0,-51.7882767,-0.0911691272394,1,16.2207136,68.0089903,488,3,0.23850837262,0.2
JustROCR4,high_vol_shock,19,19,0,-93.54762928,-0.0405390406738,7,121.16447987,214.71210915,823.157894737,11,0.564311348576,0.368421052632
JustROCR4,range_quiet,6,6,0,60.54620554,0.0997323111062,5,77.20342689,16.65722135,1197.5,2,4.6348322609,0.833333333333
JustROCR4,transition,2,2,0,-31.49717254,-0.151668899614,0,0,31.49717254,17957.5,2,0,0
JustROCR5,bear_trend,29,29,0,-3.224747,-0.000838143582385,5,25.72455021,28.94929721,0,10,0.888607071301,0.172413793103
JustROCR5,bull_trend,32,32,0,-19.17763948,-0.00543940600994,3,13.67083394,32.84847342,0.15625,16,0.416178668799,0.09375
JustROCR5,high_vol_shock,182,182,0,-138.63415133,-0.00698718126165,13,73.72462131,212.35877264,0,44,0.347170123435,0.0714285714286
JustROCR5,range_choppy,11,11,0,-11.71814773,-0.0101703870422,0,0,11.71814773,0,7,0,0
JustROCR5,range_quiet,27,27,0,-5.09084126,-0.0017861380153,4,20.42283515,25.51367641,0,5,0.800466182208,0.148148148148
JustROCR5,transition,19,19,0,-15.78665913,-0.00785532235743,1,5.29131151,21.07797064,0,11,0.251035149464,0.0526315789474
KAMACCIRSI,bear_trend,1465,1465,0,-183.56935307,-0.00177221802279,974,530.8071608,714.37651387,2908.46075085,425,0.743035570871,0.664846416382
KAMACCIRSI,bull_trend,2548,2548,0,-317.08332742,-0.00095993218818,1825,1836.79051252,2153.87383994,2970.55533752,598,0.852784633185,0.716248037677
KAMACCIRSI,high_vol_shock,1404,1404,0,-633.39883061,-0.00269008437788,1009,2371.03870551,3004.43753612,1606.83760684,332,0.789178898548,0.718660968661
KAMACCIRSI,range_choppy,1148,1148,0,265.08837028,-8.91858238654e-05,779,739.66757515,474.57920487,2214.3466899,358,1.55857561301,0.678571428571
KAMACCIRSI,range_quiet,542,542,0,37.97446795,0.000193655371586,355,155.05786369,117.08339574,2905.16605166,212,1.32433691994,0.654981549815
KAMACCIRSI,transition,1377,1377,0,-60.67800325,-0.00144545790686,902,861.66288145,922.3408847,2950.6281772,494,0.934213039608,0.655047204067
KAMACCIRSI_new,bear_trend,37,37,0,-1.74346123,-0.000399535498029,24,22.87248627,24.6159475,221.216216216,35,0.929173507134,0.648648648649
KAMACCIRSI_new,bull_trend,15,15,0,10.97202754,0.00596190641405,8,18.70694189,7.73491435,210.666666667,15,2.41850666259,0.533333333333
KAMACCIRSI_new,high_vol_shock,11,11,0,-14.63404662,-0.010662475027,5,4.30546877,18.93951539,339.090909091,11,0.227327293299,0.454545454545
KAMACCIRSI_new,range_choppy,23,23,0,23.74541947,0.0083511977947,15,35.63038142,11.88496195,187.173913043,23,2.9979381987,0.652173913043
KAMACCIRSI_new,range_quiet,12,12,0,-10.9943859,-0.0074446232161,4,0.62282865,11.61721455,428.75,12,0.0536125632629,0.333333333333
KAMACCIRSI_new,transition,29,29,0,-8.47066274,-0.00223866420347,17,26.15745413,34.62811687,259.827586207,29,0.755381940872,0.586206896552
KC_BB,bear_trend,90,90,0,99.53642153,0.00757152485015,64,217.19379688,117.65737535,315.222222222,67,1.84598539814,0.711111111111
KC_BB,bull_trend,117,117,0,95.98501562,0.00592436166758,84,248.7811596,152.79614398,335.769230769,81,1.62819003883,0.717948717949
KC_BB,high_vol_shock,183,183,0,97.92060809,0.00380998749571,135,383.63843888,285.71783079,243.142076503,118,1.34271787595,0.737704918033
KC_BB,range_choppy,58,58,0,-38.96896425,-0.00383687226819,36,80.46534103,119.43430528,369.568965517,51,0.673720509709,0.620689655172
KC_BB,range_quiet,19,19,0,-2.88187513,-0.000704649860958,12,45.72104567,48.6029208,382.631578947,15,0.940705721332,0.631578947368
KC_BB,transition,69,69,0,-21.92738679,-0.00162271219564,43,107.16720311,129.0945899,344.057971014,59,0.83014480462,0.623188405797
KamaFama_2_20250115,bear_trend,93,93,0,-115.74017917,-0.0220192861323,63,192.28319145,308.02337062,56.7204301075,28,0.624248708996,0.677419354839
KamaFama_2_20250115,bull_trend,108,108,0,1.86138896,0.00343063543137,77,240.33784295,238.47645399,26.7592592593,41,1.00780533646,0.712962962963
KamaFama_2_20250115,high_vol_shock,404,404,0,-344.41504534,-0.00859938655406,288,1015.11656892,1359.53161426,44.702970297,121,0.746666394715,0.712871287129
KamaFama_2_20250115,range_choppy,34,34,0,12.07358114,0.00532118377932,28,58.36034633,46.28676519,32.3529411765,17,1.26084305288,0.823529411765
KamaFama_2_20250115,range_quiet,7,7,0,-37.06967712,-0.105277358267,3,1.76425104,38.83392816,43.5714285714,2,0.0454306613725,0.428571428571
KamaFama_2_20250115,transition,36,36,0,-0.2662265,-0.000751974074964,28,50.13350651,50.39973301,65.6944444444,25,0.994717700192,0.777777777778
KeltnerBounce,bear_trend,1,1,0,-0.00895356,-7.00037580965e-05,0,0,0.00895356,845,1,0,0
KeltnerBounce,bull_trend,2,2,0,3.47355538,0.0135984454053,2,3.47355538,0,192.5,2,inf,1
KeltnerBounce,high_vol_shock,7,7,0,7.19042622,0.00913961654203,6,35.95694896,28.76652274,1022.85714286,6,1.24995812963,0.857142857143
KeltnerBounce,range_choppy,3,3,0,7.12805519,0.0188178628104,2,7.14457039,0.0165152,170,3,432.605744405,0.666666666667
KeltnerBounce,range_quiet,1,1,0,0.88434255,0.00694304561395,1,0.88434255,0,305,1,inf,1
KeltnerBounce_Shorts,bear_trend,419,0,419,-87.55408071,-0.00629173777045,316,224.72173856,312.27581927,829.832935561,242,0.719625807356,0.754176610979
KeltnerBounce_Shorts,bull_trend,449,0,449,-78.77355122,-0.00181078775248,354,594.20029691,672.97384813,454.276169265,269,0.882947084142,0.788418708241
KeltnerBounce_Shorts,high_vol_shock,748,0,748,-143.04005598,-0.00299846638352,594,1129.02838813,1272.06844411,314.378342246,316,0.88755317637,0.794117647059
KeltnerBounce_Shorts,range_choppy,327,0,327,-76.28321948,-0.00663916257618,249,279.94254237,356.22576185,521.804281346,241,0.785857094996,0.761467889908
KeltnerBounce_Shorts,range_quiet,76,0,76,-32.19935147,-0.00980978029087,58,38.15888533,70.3582368,621.184210526,64,0.542351358782,0.763157894737
KeltnerBounce_Shorts,transition,303,0,303,-272.07473048,-0.0147491045894,223,206.54060896,478.61533944,890.264026403,222,0.431537796515,0.73597359736
KeltnerChannelStrategy,bear_trend,2130,2130,0,-150.71105858,-0.00273643878111,614,135.68079155,286.39185013,58.6948356808,370,0.473759261964,0.288262910798
KeltnerChannelStrategy,bull_trend,2136,2136,0,-207.31510903,-0.00246253160333,663,308.08966074,515.40476977,57.7574906367,431,0.597762533081,0.310393258427
KeltnerChannelStrategy,high_vol_shock,1968,1968,0,-164.51766904,-0.00255543094985,647,378.67961851,543.19728755,59.2200203252,292,0.6971309084,0.328760162602
KeltnerChannelStrategy,range_choppy,1723,1723,0,-167.5228763,-0.00275139108218,498,197.45112513,364.97400143,55.8328496808,370,0.541000521561,0.289030760302
KeltnerChannelStrategy,range_quiet,430,430,0,-70.70252878,-0.00276504952238,109,32.02107712,102.7236059,51.0581395349,130,0.311720727086,0.253488372093
KeltnerChannelStrategy,transition,2123,2123,0,-204.90066339,-0.00232709101236,647,225.42464579,430.32530918,56.3259538389,527,0.523847054731,0.304757418747
KeltnerChannels,bear_trend,20,20,0,-14.57269823,-0.00570211887068,16,16.66651233,31.23921056,1615.25,19,0.533512596229,0.8
KeltnerChannels,bull_trend,23,23,0,23.81482976,0.0085030562298,19,55.11193689,31.29710713,1191.30434783,23,1.76092750877,0.826086956522
KeltnerChannels,high_vol_shock,5,5,0,-27.59312618,-0.0427175260981,3,4.87106296,32.46418914,1324,4,0.150044189892,0.6
KeltnerChannels,range_choppy,15,15,0,26.43274467,0.0141289024517,13,26.45161752,0.01887285,905.333333333,15,1401.56984875,0.866666666667
KeltnerChannels,range_quiet,15,15,0,9.27306744,0.00501131817391,10,9.28996049,0.01689305,1815.33333333,15,549.927957947,0.666666666667
KeltnerChannels,transition,23,23,0,-10.78347959,-0.00370678841216,19,20.61586783,31.39934742,5549.13043478,22,0.656569945682,0.826086956522
Lateralus,bear_trend,433,433,0,-49.86112856,-0.00120142983227,364,892.1682557,942.02938426,1085.33487298,250,0.947070516702,0.84064665127
Lateralus,bull_trend,573,573,0,3.11582794,8.22673195799e-05,489,1235.42642992,1232.31060198,710.191972077,253,1.00252844367,0.853403141361
Lateralus,high_vol_shock,990,990,0,-110.88388198,-0.000221967909785,841,2140.3623072,2251.24618918,398.015151515,273,0.950745554834,0.849494949495
Lateralus,range_choppy,429,429,0,118.13853599,0.00154143359426,372,939.60212538,821.46358939,848.484848485,248,1.14381469552,0.867132867133
Lateralus,range_quiet,96,96,0,-58.10209545,-0.00407208061507,78,179.95702587,238.05912132,2138.80208333,75,0.755934176654,0.8125
Lateralus,transition,415,415,0,22.06022833,0.000547870910947,356,895.45406386,873.39383553,1056.01204819,267,1.02525805362,0.857831325301
LeoStrategy,bear_trend,387,387,0,-154.70456285,-0.00442138408276,267,255.04814577,409.75270862,840.930232558,247,0.622444075181,0.68992248062
LeoStrategy,bull_trend,125,125,0,0.61902733,0.000354345345269,95,99.23476927,98.61574194,735.36,104,1.00627716547,0.76
LeoStrategy,high_vol_shock,86,86,0,-157.75852471,-0.0165731145016,50,61.50717008,219.26569479,630.697674419,65,0.2805143328,0.581395348837
LeoStrategy,range_choppy,215,215,0,-22.91858289,-0.00162370192279,159,159.07592821,181.9945111,713.302325581,172,0.874069922486,0.739534883721
LeoStrategy,range_quiet,233,233,0,-14.50289392,-0.00114526575677,162,146.88036691,161.38326083,1225.75107296,172,0.910133840118,0.695278969957
LeoStrategy,transition,266,266,0,-99.08323692,-0.0038009302503,182,170.85571725,269.93895417,852.631578947,216,0.632942058234,0.684210526316
LinearRegressionStrategy,bear_trend,1907,1907,0,-140.52671883,-0.00250683939567,521,126.15298859,266.67970742,59.3733613005,243,0.473050573703,0.273203985317
LinearRegressionStrategy,bull_trend,3180,3180,0,-211.98392946,-0.00189643841644,950,344.87193424,556.8558637,58.3836477987,380,0.619319929485,0.298742138365
LinearRegressionStrategy,high_vol_shock,2793,2793,0,-148.06300538,-0.00177013063892,912,360.63900673,508.70201211,60.216612961,267,0.708939611295,0.326530612245
LinearRegressionStrategy,range_choppy,2105,2105,0,-141.90205756,-0.00195875902261,597,203.53241105,345.43446861,58.6175771971,298,0.58920701188,0.283610451306
LinearRegressionStrategy,range_quiet,720,720,0,-76.79633979,-0.00195114468555,175,40.08945391,116.8857937,54.7152777778,129,0.342979695316,0.243055555556
LinearRegressionStrategy,transition,2488,2488,0,-246.62877946,-0.00229218842404,680,218.67993827,465.30871773,58.1169614148,418,0.469967421493,0.273311897106
Low_BB,bear_trend,90,90,0,290.52191383,0.0217930687535,19,470.91332739,180.39141356,10325.4444444,35,2.6105085497,0.211111111111
Low_BB,bull_trend,163,163,0,197.67222549,0.0087990870368,36,494.94032007,297.26809458,1694.14110429,65,1.66496280325,0.220858895706
Low_BB,high_vol_shock,231,231,0,17.70140913,0.00173117830189,50,454.09202726,436.39061813,199.935064935,71,1.0405632211,0.21645021645
Low_BB,range_choppy,87,87,0,46.76009386,0.00435307003944,15,229.73455762,182.97446376,1643.79310345,32,1.25555529935,0.172413793103
Low_BB,range_quiet,64,64,0,-64.3072805,-0.00539225158151,11,85.73355467,150.04083517,2513.984375,19,0.571401475957,0.171875
Low_BB,transition,98,98,0,254.38238505,0.0209080578133,22,450.77224414,196.38985909,8619.89795918,43,2.29529287423,0.224489795918
LuxOSC,bear_trend,2788,2788,0,-209.80546665,-0.0017350286123,1719,2876.42230988,3086.22777653,1099.9892396,966,0.932018800347,0.616571018651
LuxOSC,bull_trend,2268,2268,0,148.40025996,0.000942407706273,1450,3729.54453983,3581.14427987,1102.74470899,905,1.04143934127,0.639329805996
LuxOSC,high_vol_shock,989,989,0,-558.42229843,-0.00168468164678,602,3659.9937278,4218.41602623,1253.26086957,416,0.867622753432,0.608695652174
LuxOSC,range_choppy,1660,1660,0,-22.38279102,-0.00120173802647,1058,2446.31166317,2468.69445419,1078.95783133,787,0.990933349009,0.63734939759
LuxOSC,range_quiet,1965,1965,0,-144.04739355,-0.00146810954063,1173,830.34265084,974.39004439,1019.67938931,801,0.852166599629,0.596946564885
LuxOSC,transition,2412,2412,0,-77.37115397,-0.000949140626462,1493,2903.48754896,2980.85870293,1061.02404643,1256,0.974044004872,0.618988391376
MAC,bull_trend,31,31,0,-110.84680012,-0.0124400675544,4,340.10139308,450.9481932,88025.8064516,31,0.754191719156,0.129032258065
MAC,high_vol_shock,2,2,0,-30.22138225,-0.151305611416,0,0,30.22138225,2160,2,0,0
MAC,range_choppy,5,5,0,-68.86425873,-0.121002172184,1,0.06931513,68.93357386,90432,5,0.00100553512779,0.2
MAC,range_quiet,3,3,0,429.1237689,1.29579852249,2,435.9838384,6.8600695,506880,3,63.5538515171,0.666666666667
MAC,transition,5,5,0,-69.35731556,-0.131517001863,0,0,69.35731556,71712,5,0,0
MACD003,bear_trend,806,806,0,-10.743133,-0.000186003595156,551,206.48193651,217.22506951,2109.78908189,507,0.950543769997,0.683622828784
MACD003,bull_trend,570,570,0,-19.88330482,-0.000279288316346,403,178.97347601,198.85678083,3099.16666667,363,0.900011934534,0.70701754386
MACD003,high_vol_shock,308,308,0,-30.77590688,-0.00164019132689,231,152.01161981,182.78752669,1476.05519481,221,0.831630158593,0.75
MACD003,range_choppy,563,563,0,-211.85481769,-0.00277110934044,365,147.20375887,359.05857656,2196.32326821,393,0.409971432183,0.648312611012
MACD003,range_quiet,460,460,0,-124.04632063,-0.00334624265472,300,63.67595499,187.72227562,2508.9673913,333,0.339202978334,0.652173913043
MACD003,transition,718,718,0,-142.95694109,-0.00189378989203,477,165.8298269,308.78676799,2946.6086351,542,0.537036700049,0.6643454039
MACD9fall,bear_trend,55,55,0,24.49985948,0.0125932858495,47,1218.42129119,1193.92143171,52729.0909091,52,1.02052049559,0.854545454545
MACD9fall,bull_trend,94,94,0,-15.96288367,0.0182985794927,81,1985.38743086,2001.35031453,66663.8297872,85,0.992023943258,0.86170212766
MACD9fall,high_vol_shock,72,72,0,750.12520852,0.0498972466491,66,1702.78457503,952.65936651,44812.5,64,1.78740128412,0.916666666667
MACD9fall,range_choppy,30,30,0,-291.73816275,-0.00571058164529,24,616.48993316,908.22809591,86948,29,0.678783155835,0.8
MACD9fall,range_quiet,11,11,0,-290.75448152,-0.0639020439075,8,191.36497634,482.11945786,42861.8181818,11,0.396924399586,0.727272727273
MACD9fall,transition,43,43,0,41.14294141,0.0224838406956,37,1024.10814319,982.96520178,63279.0697674,41,1.04185594906,0.860465116279
MACDCCI,bear_trend,7,7,0,185.1833132,0.253060634233,4,285.03872103,99.85540783,1028258.57143,6,2.85451461492,0.571428571429
MACDCCI,high_vol_shock,3,3,0,2097.72427087,5.64617277498,3,2097.72427087,0,2589330,1,inf,1
MACDCCI,range_choppy,3,3,0,500.86316071,1.34941939471,1,576.11733481,75.2541741,1573040,2,7.65561966097,0.333333333333
MACDCCI,transition,4,4,0,1611.90051174,3.25823512487,2,1688.86297494,76.9624632,1405297.5,3,21.943982881,0.5
MACDCross,bear_trend,1095,1095,0,-66.60578335,-0.000404843876826,802,743.26899328,809.87477663,1852.07305936,567,0.917757923482,0.732420091324
MACDCross,bull_trend,1303,1303,0,-23.78791739,0.000129711725321,975,1438.06174346,1461.84966085,1975.35303147,587,0.983727521354,0.748273215656
MACDCross,high_vol_shock,1079,1079,0,-561.89693668,-0.00226836104139,762,2205.22682753,2767.12376421,1182.66913809,417,0.796938270724,0.706209453197
MACDCross,range_choppy,753,753,0,13.41534978,-0.00041442290901,543,783.80889725,770.39354747,1991.72642762,479,1.01741363206,0.721115537849
MACDCross,range_quiet,396,396,0,103.14199192,0.00256446074815,284,206.9387523,103.79676038,2546.30050505,280,1.99369182181,0.717171717172
MACDCross,transition,981,981,0,-67.11010837,-0.00116648217904,703,811.42887439,878.53898276,2197.27319062,618,0.923611689763,0.716615698267
MACDCrossoverWithTrend,bear_trend,166,166,0,-91.4284105,-0.00370828876377,31,132.9589804,224.3873909,915.903614458,114,0.592542120423,0.186746987952
MACDCrossoverWithTrend,bull_trend,475,475,0,105.29201916,0.00193150811971,117,861.68733911,756.39531995,1191.41052632,290,1.13920236731,0.246315789474
MACDCrossoverWithTrend,high_vol_shock,141,141,0,1.28756019,0.000199335331452,33,418.02673668,416.73917649,1100.85106383,103,1.00308960679,0.234042553191
MACDCrossoverWithTrend,range_choppy,187,187,0,66.62953327,0.00251046541009,42,372.43415538,305.80462211,1087.37967914,144,1.21788268866,0.224598930481
MACDCrossoverWithTrend,range_quiet,175,175,0,54.49905608,0.00259597549242,48,235.66432751,181.16527143,1319.65714286,139,1.30082507343,0.274285714286
MACDCrossoverWithTrend,transition,269,269,0,-153.07654007,-0.00387006583992,61,290.22618541,443.30272548,1097.17472119,205,0.654690731025,0.226765799257
MACDRL,bear_trend,2128,2128,0,-200.75851483,-0.00203878031905,1286,1062.58881881,1263.34733364,1116.31578947,860,0.841090007883,0.604323308271
MACDRL,bull_trend,1885,1885,0,-253.14113413,-0.00269763844046,1112,1727.98561063,1981.12674476,928.527851459,727,0.87222365515,0.589920424403
MACDRL,high_vol_shock,1596,1596,0,-287.1375322,-0.00275176829141,902,1876.40676189,2163.54429409,488.643483709,488,0.867283728378,0.565162907268
MACDRL,range_choppy,1599,1599,0,-2.13580093,-0.000934455936072,999,1160.58348967,1162.7192906,1033.33958724,741,0.998163098396,0.624765478424
MACDRL,range_quiet,1037,1037,0,-52.02600333,-0.00398757886619,621,301.19343474,353.21943807,1728.1292189,597,0.852709115857,0.598842815815
MACDRL,transition,1759,1759,0,-166.22545074,-0.00288611133162,1048,1259.48572398,1425.71117472,1139.42865264,974,0.883408748078,0.595793064241
MACDRS,bear_trend,2047,726,1321,-124.08553765,-0.00262588635688,896,379.43685598,503.52239363,408.68099658,357,0.753565006801,0.437713727406
MACDRS,bull_trend,2559,952,1607,-216.27298761,-0.00183084261451,1153,900.55168692,1116.82467453,375.851895272,413,0.806350099042,0.450566627589
MACDRS,high_vol_shock,3177,1147,2030,-146.68824363,-0.00139853747114,1494,1233.86117479,1380.54941842,241.565942713,323,0.893746473923,0.470254957507
MACDRS,range_choppy,2149,816,1333,-103.91334068,-0.00192668661236,973,536.20006412,640.1134048,465.946952071,450,0.837664170285,0.452768729642
MACDRS,range_quiet,370,156,214,-15.24742604,-0.0015239883362,160,93.14254942,108.38997546,717.310810811,119,0.859328079232,0.432432432432
MACDRS,transition,2349,879,1470,-143.71476611,-0.0020379194729,1051,609.44202685,753.15679296,460.481055768,568,0.80918346956,0.44742443593
MACDRSI200,bear_trend,2388,2388,0,-164.25263182,-0.00210201610047,1461,1138.39343109,1302.64606291,1207.02051926,921,0.873908472534,0.611809045226
MACDRSI200,bull_trend,1924,1924,0,-242.31488214,-0.00235296899957,1131,1534.83399312,1777.14887526,1092.06081081,813,0.863649643812,0.587837837838
MACDRSI200,high_vol_shock,1299,1299,0,-287.26427331,-0.00332611148046,723,1496.75099549,1784.0152688,487.763664357,456,0.838978803414,0.556581986143
MACDRSI200,range_choppy,1534,1534,0,-45.74802561,-0.00171796768505,925,1091.47279007,1137.22081568,1070.2053455,787,0.959772082098,0.602998696219
MACDRSI200,range_quiet,1284,1284,0,-31.38782659,-0.00201033479665,793,364.90462877,396.29245536,1837.23520249,693,0.920796305442,0.617601246106
MACDRSI200,transition,1964,1964,0,-189.43662375,-0.00257122982638,1176,1248.03097351,1437.46759726,1246.2194501,1143,0.8682150303,0.598778004073
MACDStrategy,bear_trend,3758,3758,0,-15.76104475,-0.00126003608868,2631,996.09121451,1011.85225926,637.406865354,936,0.984423571123,0.700106439596
MACDStrategy,bull_trend,3451,3451,0,-195.80693521,-0.000649552947869,2499,1591.93308769,1787.7400229,593.926398145,903,0.890472365835,0.724137931034
MACDStrategy,high_vol_shock,2099,2099,0,-503.67831365,-0.00227796154628,1598,1810.9967802,2314.67509385,459.185326346,440,0.782397834155,0.761314911863
MACDStrategy,range_choppy,2341,2341,0,-79.0552175,-0.00198635928012,1666,961.13989167,1040.19510917,588.613840239,734,0.923999625836,0.711661683041
MACDStrategy,range_quiet,1978,1978,0,-41.31453327,-0.00120441406601,1283,261.59656166,302.91109493,791.688574317,668,0.863608385558,0.648634984833
MACDStrategy,transition,3267,3267,0,-132.60237112,-0.00138665476915,2295,1171.81311391,1304.41548503,653.558310376,1194,0.898343455255,0.702479338843
MACDStrategyADA,bear_trend,906,906,0,-0.02749664,-1.67479883089e-05,631,273.76311616,273.7906128,1017.54415011,523,0.999899570552,0.69646799117
MACDStrategyADA,bull_trend,760,760,0,-85.77059705,-0.000926136241346,532,245.95023367,331.72083072,929.039473684,465,0.741437410295,0.7
MACDStrategyADA,high_vol_shock,411,411,0,53.99513849,0.00101372763692,309,305.72854886,251.73341037,413.357664234,242,1.21449333408,0.751824817518
MACDStrategyADA,range_choppy,573,573,0,69.25228144,0.000963517533587,403,196.30937781,127.05709637,1076.78883072,381,1.54504851298,0.703315881326
MACDStrategyADA,range_quiet,593,593,0,-33.0728459,-0.000331169117619,382,99.47537533,132.54822123,1480.85160202,385,0.750484423004,0.644182124789
MACDStrategyADA,transition,788,788,0,-194.34640545,-0.00177051826458,533,238.30681601,432.65322146,941.92893401,556,0.550803285841,0.676395939086
MACDStrategyAVAX,bear_trend,574,574,0,-14.78545139,-0.000431364303072,343,216.98585867,231.77131006,248.466898955,392,0.936206722971,0.59756097561
MACDStrategyAVAX,bull_trend,385,385,0,-24.62988109,-0.000478004816778,245,175.68484509,200.31472618,240.402597403,285,0.877044081782,0.636363636364
MACDStrategyAVAX,high_vol_shock,224,224,0,-1.28000261,-0.000503517841395,144,188.84751118,190.12751379,247.03125,161,0.993267662399,0.642857142857
MACDStrategyAVAX,range_choppy,338,338,0,-138.10052178,-0.00384361476025,219,144.62804454,282.72856632,261.642011834,255,0.511543797723,0.647928994083
MACDStrategyAVAX,range_quiet,390,390,0,-73.99990234,-0.00197712232069,207,82.84193484,156.84183718,272.576923077,286,0.52818773568,0.530769230769
MACDStrategyAVAX,transition,468,468,0,-134.93001204,-0.0026418396234,277,154.69638025,289.62639229,259.36965812,385,0.534123907103,0.59188034188
MACDStrategyBTC,bear_trend,1076,1076,0,-55.95929669,0.000532930071033,1040,1714.34459599,1770.30389268,3409.85130112,423,0.968390005286,0.966542750929
MACDStrategyBTC,bull_trend,1876,1876,0,-60.59799097,0.000496594459848,1813,4016.75015586,4077.34814683,4048.20095949,632,0.985137891397,0.966417910448
MACDStrategyBTC,high_vol_shock,1270,1270,0,-775.85766155,-0.00134990687289,1211,3886.44149209,4662.29915364,1670.26771654,359,0.833589043521,0.953543307087
MACDStrategyBTC,range_choppy,702,702,0,-159.90347289,-0.000598402548948,675,1348.94992319,1508.85339608,3223.29059829,348,0.894023187869,0.961538461538
MACDStrategyBTC,range_quiet,263,263,0,114.19879109,0.00222377060573,256,403.2428474,289.04405631,7717.60456274,160,1.39509129697,0.973384030418
MACDStrategyBTC,transition,975,975,0,493.75487683,0.00285289913615,950,2011.03928514,1517.28440831,4417.82051282,476,1.32542012172,0.974358974359
MACDStrategyENJ,bear_trend,428,428,0,174.21614412,0.00304698277304,309,237.74889827,63.53275415,2349.73130841,310,3.74214688865,0.721962616822
MACDStrategyENJ,bull_trend,345,345,0,127.5451463,0.0027973448836,261,220.17286569,92.62771939,2622.62318841,261,2.37696520156,0.75652173913
MACDStrategyENJ,high_vol_shock,196,196,0,-4.23531723,0.00014037247135,144,180.12906446,184.36438169,939.413265306,141,0.977027464898,0.734693877551
MACDStrategyENJ,range_choppy,287,287,0,-65.50619108,-0.00136061133018,223,165.49265142,230.9988425,2418.22299652,224,0.716421994279,0.777003484321
MACDStrategyENJ,range_quiet,281,281,0,-102.34274841,-0.00256243325472,185,87.52770718,189.87045559,2140.72953737,223,0.460986449461,0.658362989324
MACDStrategyENJ,transition,358,358,0,-151.94446493,-0.0030032249687,253,154.32936246,306.27382739,1855.12569832,312,0.503893407331,0.706703910615
MACDStrategyETC,bear_trend,1504,1504,0,212.34640967,0.000897764916944,1071,838.99812695,626.65171728,1959.64760638,546,1.33885873734,0.71210106383
MACDStrategyETC,bull_trend,2804,2804,0,-363.48832163,-0.00053038242154,2030,2057.11442154,2420.60274317,2698.42368046,794,0.849835615259,0.723965763195
MACDStrategyETC,high_vol_shock,1333,1333,0,-534.28374898,-0.00144097177399,984,2289.28487185,2823.56862083,1389.27981995,389,0.810777133221,0.738184546137
MACDStrategyETC,range_choppy,1016,1016,0,9.77558785,-0.000668754734276,731,820.79770725,811.0221194,1795.77755906,445,1.01205341706,0.719488188976
MACDStrategyETC,range_quiet,565,565,0,101.48437217,0.000714560805769,420,203.99170579,102.50733362,3081.91150442,297,1.99002060229,0.743362831858
MACDStrategyETC,transition,1460,1460,0,-64.46397791,4.11499340503e-05,1076,1085.79867889,1150.2626568,2467.68150685,638,0.943957167062,0.73698630137
MACDStrategySOL,bear_trend,402,402,0,33.84022323,0.000711253695692,298,232.44007285,198.59984962,1443.49502488,293,1.17039400229,0.741293532338
MACDStrategySOL,bull_trend,305,305,0,-1.28997572,9.47317879658e-05,226,180.71604987,182.00602559,1058.40983607,236,0.992912455971,0.740983606557
MACDStrategySOL,high_vol_shock,163,163,0,-32.84585728,-0.00130840963217,121,173.80007857,206.64593585,761.165644172,127,0.841052488427,0.742331288344
MACDStrategySOL,range_choppy,257,257,0,7.94320804,0.000346472645055,192,159.55940056,151.61619252,1572.50972763,200,1.05239023555,0.747081712062
MACDStrategySOL,range_quiet,275,275,0,-35.41838077,-0.00093962212721,180,90.81178699,126.23016776,1812.81818182,215,0.719414293758,0.654545454545
MACDStrategySOL,transition,342,342,0,-16.52246537,-0.000335331459089,241,159.37821097,175.90067634,1361.4619883,292,0.906069347124,0.704678362573
MACDStrategyXRP,bear_trend,866,866,0,70.94384517,0.000652032789256,586,333.55337304,262.60952787,1661.41454965,512,1.27014954768,0.676674364896
MACDStrategyXRP,bull_trend,822,822,0,-79.60664282,-0.000633655912052,562,309.16865477,388.77529759,1663.87469586,494,0.795237394676,0.683698296837
MACDStrategyXRP,high_vol_shock,457,457,0,10.99308472,0.000433396468612,339,372.86266735,361.86958263,500.820568928,263,1.03037858181,0.741794310722
MACDStrategyXRP,range_choppy,637,637,0,91.45043027,0.00121502400406,419,255.51707292,164.06664265,1338.72841444,409,1.55739807186,0.657770800628
MACDStrategyXRP,range_quiet,563,563,0,-129.03190588,-0.00175889105758,353,89.70027927,218.73218515,1801.23445826,375,0.410091817116,0.626998223801
MACDStrategyXRP,transition,802,802,0,-43.13181033,-0.000219867068948,543,313.23296779,356.36477812,1556.78304239,578,0.878967246546,0.677057356608
MACDStrategy_crossed,bear_trend,940,940,0,135.37296268,0.0020789075856,848,587.22875314,451.85579046,2326.81382979,565,1.29959328958,0.902127659574
MACDStrategy_crossed,bull_trend,924,924,0,-235.575639,-0.00223244415967,818,740.36002495,975.93566395,2444.55627706,552,0.758615605821,0.885281385281
MACDStrategy_crossed,high_vol_shock,537,537,0,-323.47177521,-0.00458039161842,493,693.74886182,1017.22063703,1478.49162011,312,0.682004313091,0.918063314711
MACDStrategy_crossed,range_choppy,641,641,0,-59.11416931,-0.00251031462087,569,484.66715261,543.78132192,2383.28393136,448,0.891290548375,0.88767550702
MACDStrategy_crossed,range_quiet,536,536,0,-88.24886592,-0.00282464630305,455,243.91559758,332.1644635,3503.13432836,404,0.734321772443,0.848880597015
MACDStrategy_crossed,transition,806,806,0,-191.76544567,-0.0039890941157,700,549.74023157,741.50567724,2977.22704715,629,0.741383712147,0.868486352357
MACDTurn,bear_trend,3,3,0,9.89100474,0.0260313562094,3,9.89100474,0,243.333333333,3,inf,1
MACDTurn,bull_trend,2,2,0,5.41346309,0.0209049612958,2,5.41346309,0,212.5,2,inf,1
MACDTurn,high_vol_shock,14,14,0,7.42925464,0.00477704168301,12,40.22672571,32.79747107,692.857142857,13,1.22651913082,0.857142857143
MACDTurn,range_choppy,6,6,0,12.51728568,0.0161685153642,4,12.52483133,0.00754565,609.166666667,6,1659.87440843,0.666666666667
MACDTurn,range_quiet,2,2,0,-0.0056796,-2.19543645506e-05,0,0,0.0056796,487.5,2,0,0
MACDTurn,transition,4,4,0,9.85517169,0.0194937809399,3,9.8719682,0.01679651,377.5,4,587.739250594,0.75
MACDZeroCrossStrategy,bear_trend,4,4,0,-70.11263302,-0.0394506334335,1,20.23079296,90.34342598,14040,4,0.22393209844,0.25
MACDZeroCrossStrategy,bull_trend,44,44,0,-313.04113102,-0.0141740776702,14,954.48523692,1267.52636794,32956.3636364,40,0.753029886448,0.318181818182
MACDZeroCrossStrategy,high_vol_shock,15,15,0,-195.66777833,-0.0131265302471,4,682.93616186,878.60394019,41184,14,0.777296948739,0.266666666667
MACDZeroCrossStrategy,range_choppy,70,70,0,-84.79785431,0.0458614813665,14,1855.83983353,1940.63768784,35485.7142857,63,0.956304128874,0.2
MACDZeroCrossStrategy,range_quiet,90,90,0,1429.67162015,0.0982458699515,30,3518.03475807,2088.36313792,40368,81,1.68458956883,0.333333333333
MACDZeroCrossStrategy,transition,73,73,0,1881.80291287,0.16762812844,25,3767.60233899,1885.79942612,40872.3287671,68,1.9978807326,0.342465753425
MACD_EMA,bear_trend,2735,2735,0,-156.29650675,-0.0021277705139,1314,367.52628276,523.82278951,225.244972578,324,0.701623316358,0.480438756856
MACD_EMA,bull_trend,3360,3360,0,-267.86013735,-0.00167884453775,1697,830.00834381,1097.86848116,213.974702381,405,0.756018009491,0.50505952381
MACD_EMA,high_vol_shock,3248,3248,0,-154.30838816,-0.0013900101939,1881,985.11322145,1139.42160961,163.5591133,269,0.864573054558,0.579125615764
MACD_EMA,range_choppy,2423,2423,0,-64.37790948,-0.00120184668089,1193,589.57264977,653.95055925,221.13082955,354,0.901555387377,0.492364836979
MACD_EMA,range_quiet,548,548,0,-55.20581956,-0.00166921330308,186,92.47372685,147.67954641,294.452554745,129,0.626178296846,0.339416058394
MACD_EMA,transition,3034,3034,0,-267.80533517,-0.00213662234576,1393,592.98508558,860.79042075,222.623599209,502,0.688884391933,0.459129861569
MACD_TRIPLE_MA,bear_trend,2664,2664,0,-184.18500958,-0.00260883373431,1366,240.4821683,424.66717788,211.308183183,740,0.566283859046,0.512762762763
MACD_TRIPLE_MA,bull_trend,2316,2316,0,-195.6166596,-0.00210925113692,1280,381.95324569,577.56990529,199.341537133,733,0.661310851192,0.552677029361
MACD_TRIPLE_MA,high_vol_shock,1176,1176,0,-215.87351625,-0.00316277806086,625,424.6933159,640.56683215,140.620748299,331,0.662996106861,0.531462585034
MACD_TRIPLE_MA,range_choppy,1571,1571,0,-124.47915148,-0.00223969315413,858,202.96216494,327.44131642,195.649267982,545,0.61984286882,0.546148949714
MACD_TRIPLE_MA,range_quiet,1367,1367,0,-51.79034415,-0.00179153649777,648,36.79658881,88.58693296,253.599122165,530,0.415372646738,0.474030724214
MACD_TRIPLE_MA,transition,2335,2335,0,-193.77609007,-0.00228036646063,1245,270.63086984,464.40695991,211.997858672,959,0.582745077491,0.533190578158
MACD_TRI_EMA,bear_trend,1888,1888,0,-76.83656339,-0.00212750469837,487,67.94825269,144.78481608,57.1186440678,71,0.469305100698,0.257944915254
MACD_TRI_EMA,bull_trend,3839,3839,0,-237.76522415,-0.00200854377039,982,292.11251848,529.87774263,57.330033863,107,0.551282862024,0.255795780151
MACD_TRI_EMA,high_vol_shock,925,925,0,-154.03214915,-0.00143993885896,277,276.72121437,430.75336352,59.9459459459,17,0.64241219641,0.299459459459
MACD_TRI_EMA,range_choppy,2277,2277,0,-172.50080018,-0.00172235233722,609,264.77785391,437.27865409,59.8836187967,93,0.605512872475,0.267457180501
MACD_TRI_EMA,range_quiet,1089,1089,0,-73.07706456,-0.00237651117452,174,18.15255189,91.22961645,56.1248852158,51,0.198976523155,0.159779614325
MACD_TRI_EMA,transition,3525,3525,0,-251.47292625,-0.00205427849229,877,274.45390213,525.92682838,57.9290780142,148,0.521848073382,0.248794326241
MADisplaceV3,bear_trend,29,29,0,-17.15811155,-0.00355719425131,15,50.16009077,67.31820232,70.5172413793,20,0.745119284849,0.51724137931
MADisplaceV3,bull_trend,137,137,0,115.40746402,0.00558104307428,94,242.59668426,127.18922024,49.7810218978,68,1.90736828013,0.686131386861
MADisplaceV3,high_vol_shock,276,276,0,232.93695129,0.00569052786343,196,594.67655669,361.7396054,41.6666666667,106,1.64393543812,0.710144927536
MADisplaceV3,range_choppy,48,48,0,46.73869533,0.00697944138821,32,91.96989832,45.23120299,63.125,26,2.03332859266,0.666666666667
MADisplaceV3,range_quiet,14,14,0,39.9424242,0.0163666519369,12,42.07201815,2.12959395,43.5714285714,10,19.7558873371,0.857142857143
MADisplaceV3,transition,57,57,0,-30.45736422,-0.00198708000947,35,97.27575998,127.7331242,58.2456140351,38,0.761554691387,0.614035087719
MFI,bear_trend,3727,3727,0,-81.33018907,-0.00127553051163,2092,607.73209321,689.06228228,242.6187282,761,0.881969756346,0.5613093641
MFI,bull_trend,3030,3030,0,-302.81221367,-0.00180914780585,1738,885.75956296,1188.57177663,253.364686469,792,0.745230183297,0.573597359736
MFI,high_vol_shock,1529,1529,0,-251.88875577,-0.00225548930656,948,1040.31095153,1292.1997073,236.124918247,346,0.80506979351,0.620013080445
MFI,range_choppy,2334,2334,0,-90.55657977,-0.00180874585559,1343,552.26595157,642.82253134,249.434447301,635,0.859126624605,0.575407026564
MFI,range_quiet,2110,2110,0,-50.89968214,-0.00121655671543,1110,140.61393955,191.51362169,250.914691943,552,0.734224220236,0.526066350711
MFI,transition,3167,3167,0,-189.60900741,-0.00170500424784,1760,652.73249695,842.34150436,252.568676981,1044,0.774902451763,0.555730975687
MFI2,bear_trend,113,113,0,1184.47151048,0.0246321395822,96,1458.10471751,273.63320703,428.495575221,54,5.3286833617,0.849557522124
MFI2,bull_trend,184,184,0,834.55968809,0.0189061997121,154,1373.00513611,538.44544802,970.027173913,90,2.54994287937,0.836956521739
MFI2,high_vol_shock,416,416,0,1907.73808428,0.013950094512,334,4581.13767662,2673.39959234,431.971153846,144,1.71360005057,0.802884615385
MFI2,range_choppy,103,103,0,503.1844703,0.0138455337349,78,912.8846748,409.7002045,1114.75728155,55,2.22817724954,0.757281553398
MFI2,range_quiet,57,57,0,427.08751906,0.0180242822432,49,1352.9965526,925.90903354,1841.92982456,21,1.46126293576,0.859649122807
MFI2,transition,113,113,0,219.427842,0.0122510310603,88,1145.8088494,926.3810074,449.82300885,72,1.23686565274,0.778761061947
MFIRSICross,bear_trend,2066,2066,0,-890.17270134,-0.000825281755801,1426,3866.21471406,4756.3874154,2613.72216844,465,0.812846889121,0.690222652469
MFIRSICross,bull_trend,2639,2639,0,-345.63894909,0.000551869595622,1877,7808.91650967,8154.55545876,2694.98863206,572,0.957614004732,0.711254262978
MFIRSICross,high_vol_shock,2013,2013,0,-1182.96610973,0.000555864159945,1440,14217.4226911,15400.3888008,1283.79533035,343,0.923185958158,0.715350223547
MFIRSICross,range_choppy,1522,1522,0,701.58985619,0.00162377505895,1100,4085.71467021,3384.12481402,2081.19908016,388,1.20731796099,0.722733245729
MFIRSICross,range_quiet,692,692,0,19.40472546,-4.13562595495e-05,472,762.61546203,743.21073657,4051.17052023,245,1.026109318,0.682080924855
MFIRSICross,transition,1756,1756,0,1184.34327966,0.00169517877481,1252,4911.37697939,3727.03369973,2454.80637813,530,1.31777101445,0.71298405467
MabStra,bear_trend,764,764,0,37.87817042,-0.00112300813244,444,3679.68900005,3641.81082963,7642.30366492,458,1.01040091652,0.581151832461
MabStra,bull_trend,685,685,0,-570.45233522,0.00412175943048,383,4994.45501102,5564.90734624,6965.25547445,447,0.897491135121,0.559124087591
MabStra,high_vol_shock,642,642,0,-2413.94689327,-0.00892542486799,303,8917.31272419,11331.2596175,3593.27102804,306,0.786965705953,0.471962616822
MabStra,range_choppy,503,503,0,1182.32726972,0.00600896120935,291,4015.64265592,2833.3153862,6592.12723658,357,1.41729462081,0.578528827038
MabStra,range_quiet,376,376,0,102.09636971,-0.000229860505479,222,1055.73971451,953.6433448,9297.44680851,292,1.10705927983,0.590425531915
MabStra,transition,622,622,0,1029.53968856,0.00510950105212,376,4281.65836749,3252.11867893,7900.7073955,505,1.31657506696,0.604501607717
MacdAdxStrategy,bear_trend,1517,1517,0,-97.21740976,-0.00203675058247,441,225.7696109,322.98702066,143.958470666,127,0.699005212156,0.290705339486
MacdAdxStrategy,bull_trend,3616,3616,0,-314.84065257,-0.00185903607654,1060,714.84783414,1029.68848671,156.314988938,245,0.694236988532,0.29314159292
MacdAdxStrategy,high_vol_shock,2981,2981,0,-91.66727097,-0.00183585481338,925,509.89459425,601.56186522,153.852733982,142,0.847617882266,0.310298557531
MacdAdxStrategy,range_choppy,2352,2352,0,-123.8772445,-0.00175547087774,705,464.03723903,587.91448353,149.12627551,210,0.789293769808,0.299744897959
MacdAdxStrategy,range_quiet,949,949,0,-99.00177528,-0.0018394977654,236,89.68736029,188.68913557,154.789251844,109,0.475318094066,0.248682824025
MacdAdxStrategy,transition,2794,2794,0,-239.47353755,-0.00181348405012,771,552.81883126,792.29236881,156.830708661,266,0.697746000116,0.275948460988
MacdZeroCrossStrategy,bear_trend,1618,1618,0,-107.25596696,-0.00201795162616,431,113.8486954,221.10466236,89.3819530284,141,0.514908614702,0.266378244747
MacdZeroCrossStrategy,bull_trend,3802,3802,0,-227.09785465,-0.00151494104268,1114,358.59087651,585.68873116,87.9997369805,279,0.612255038269,0.293003682272
MacdZeroCrossStrategy,high_vol_shock,3323,3323,0,-145.54580826,-0.00141715235087,1025,270.61685964,416.1626679,88.3554017454,183,0.650267024204,0.308456214264
MacdZeroCrossStrategy,range_choppy,2562,2562,0,-161.9367797,-0.00152819349242,765,229.07583466,391.01261436,92.9781420765,234,0.585852799238,0.298594847775
MacdZeroCrossStrategy,range_quiet,1089,1089,0,-76.20051224,-0.00217967161125,254,37.68041033,113.88092257,84.3709825528,121,0.330875527522,0.233241505969
MacdZeroCrossStrategy,transition,3202,3202,0,-247.7415482,-0.00212886195831,857,270.17569795,517.91724615,87.2517176765,313,0.521658044713,0.267645221736
MacheteV8b,bear_trend,995,995,0,476.71263906,0.00117256568771,675,3066.3489839,2589.63634484,360.150753769,299,1.18408478087,0.678391959799
MacheteV8b,bull_trend,2048,2048,0,1359.16299311,0.00233272430724,1445,6837.07155414,5477.90856103,294.9609375,536,1.24811713777,0.70556640625
MacheteV8b,high_vol_shock,674,674,0,1142.43420175,0.00513934338969,534,2816.22100982,1673.78680807,205.74925816,168,1.68254463247,0.792284866469
MacheteV8b,range_choppy,1012,1012,0,1119.88765451,0.0034898608386,752,3491.86564898,2371.97799447,261.41798419,334,1.4721323963,0.743083003953
MacheteV8b,range_quiet,863,863,0,-305.6089253,-0.000483650378323,511,2221.83957015,2527.44849545,396.813441483,336,0.87908401463,0.592120509849
MacheteV8b,transition,1232,1232,0,410.43815966,0.000952863272384,851,3575.35348994,3164.91533028,333.579545455,465,1.1296837725,0.690746753247
MacheteV8bRallimod,bear_trend,499,499,0,-10.15500023,7.56991007595e-05,295,750.91049128,761.06549151,216.372745491,187,0.986656864168,0.591182364729
MacheteV8bRallimod,bull_trend,923,923,0,475.63284881,0.00241341609578,550,1574.04213131,1098.4092825,174.767063922,324,1.43301969165,0.595882990249
MacheteV8bRallimod,high_vol_shock,897,897,0,331.28576468,0.00169182039257,495,1662.48198098,1331.1962163,105.418060201,218,1.24886321087,0.551839464883
MacheteV8bRallimod,range_choppy,554,554,0,374.45131555,0.00315874284785,345,1047.16142429,672.71010874,182.084837545,221,1.55663102232,0.62274368231
MacheteV8bRallimod,range_quiet,193,193,0,244.18061391,0.0050901849224,135,396.97605788,152.79544397,245.284974093,96,2.59808831707,0.699481865285
MacheteV8bRallimod,transition,590,590,0,344.05351903,0.0031336960661,372,1015.4691582,671.41563917,189.025423729,249,1.51243000454,0.630508474576
MacheteV8bRallimod2,bear_trend,4,4,0,-3.24609382,-0.00470455613282,3,5.53707325,8.78316707,88.75,3,0.630418755088,0.75
MacheteV8bRallimod2,bull_trend,45,45,0,103.58674021,0.0155744253594,36,165.99857482,62.41183461,43.2222222222,23,2.65972913402,0.8
MacheteV8bRallimod2,high_vol_shock,152,152,0,398.2630219,0.0166924765171,134,543.65555676,145.39253486,45.4605263158,65,3.73922607019,0.881578947368
MacheteV8bRallimod2,range_choppy,18,18,0,18.54273408,0.00769499119303,14,51.72964175,33.18690767,29.1666666667,11,1.55873642294,0.777777777778
MacheteV8bRallimod2,range_quiet,2,2,0,12.65150775,0.0348522568157,2,12.65150775,0,157.5,2,inf,1
MacheteV8bRallimod2,transition,16,16,0,20.79678175,0.00915998206394,14,39.57811049,18.78132874,170,9,2.10731152401,0.875
Magic_Trailing_Stoploss,bear_trend,364,364,0,-10.90997947,-0.00349358993814,66,5.10798356,16.01796303,7.74725274725,5,0.318890957011,0.181318681319
Magic_Trailing_Stoploss,bull_trend,2118,2118,0,-104.08285199,-0.00342396453775,356,48.2787066,152.36155859,10.2549575071,30,0.316869340579,0.168083097262
Magic_Trailing_Stoploss,high_vol_shock,1959,1959,0,-529.00314055,-0.00313229060558,371,293.11442479,822.11756534,10.3215926493,17,0.35653589845,0.189382337928
Magic_Trailing_Stoploss,range_choppy,1814,1814,0,-144.18249399,-0.00291637073996,350,78.71789692,222.90039091,15.8765159868,29,0.353152798874,0.192943770673
Magic_Trailing_Stoploss,transition,2107,2107,0,-177.56921036,-0.00333464544988,352,71.79712244,249.3663328,12.9852871381,42,0.287918267209,0.167062173707
MarketChyperHyperStrategy,bear_trend,763,763,0,-45.21788524,-0.00134662713775,469,1129.47527278,1174.69315802,2231.48099607,426,0.961506641176,0.614678899083
MarketChyperHyperStrategy,bull_trend,527,527,0,-299.93764149,-0.00449450056737,312,748.8690619,1048.80670339,2333.28273245,316,0.714020094913,0.592030360531
MarketChyperHyperStrategy,high_vol_shock,365,365,0,-145.49144752,-0.0030446720287,209,1319.49968818,1464.9911357,1584,183,0.900687830817,0.572602739726
MarketChyperHyperStrategy,range_choppy,440,440,0,-93.93927162,-0.0028588301483,263,668.6289649,762.56823652,2328,290,0.876811979412,0.597727272727
MarketChyperHyperStrategy,range_quiet,429,429,0,-97.37637636,-0.00331721717724,244,327.41007134,424.7864477,2597.76223776,279,0.770763928823,0.568764568765
MarketChyperHyperStrategy,transition,603,603,0,-16.03191343,-0.000172227847313,361,860.43536259,876.46727602,2456.0199005,448,0.981708486023,0.598673300166
Maro4hMacdSd,bear_trend,3176,3176,0,-123.42623329,-0.00142784922028,1608,287.22208635,410.64831964,146.698677582,342,0.699435679176,0.506297229219
Maro4hMacdSd,bull_trend,4030,4030,0,-187.09881494,-0.00104866866143,2058,704.23872687,891.33754181,147.547146402,443,0.790092073806,0.510669975186
Maro4hMacdSd,high_vol_shock,3220,3220,0,-236.88511254,-0.00187726122665,1636,892.31200145,1129.19711399,142.276397516,277,0.790218103106,0.508074534161
Maro4hMacdSd,range_choppy,2972,2972,0,-122.272641,-0.00151007335848,1529,442.91612809,565.18876909,149.126850606,389,0.783660526028,0.514468371467
Maro4hMacdSd,range_quiet,691,691,0,-67.77395795,-0.00157948188686,289,67.15807068,134.93202863,155.470332851,131,0.497717786962,0.418234442836
Maro4hMacdSd,transition,3714,3714,0,-228.54225649,-0.00147384461824,1823,478.14687944,706.68913593,147.910608508,549,0.676601429299,0.49084544965
Martin,bear_trend,2549,2549,0,-68.49051229,-0.000864251941868,2267,845.36959859,913.86011088,1304.24480188,861,0.925053614361,0.889368379757
Martin,bull_trend,2103,2103,0,-213.75073242,-0.0018999733472,1841,1307.4994677,1521.25020012,1376.26961484,788,0.859490087559,0.875416072278
Martin,high_vol_shock,1675,1675,0,-541.87315845,-0.0036440419375,1425,1614.51856092,2156.39171937,512.173134328,484,0.748713022044,0.850746268657
Martin,range_choppy,1641,1641,0,24.04503596,-0.00154580663779,1441,794.03307015,769.98803419,1165.95368678,736,1.03122780471,0.878123095673
Martin,range_quiet,1055,1055,0,-40.1852713,-0.00229905082089,917,226.67499807,266.86026937,2351.77725118,569,0.849414559182,0.869194312796
Martin,transition,1976,1976,0,-122.30405932,-0.00260700882049,1721,934.84919402,1057.15325334,1635.0784413,1006,0.884308108655,0.870951417004
MeanReversionTrend,bear_trend,2,2,0,-2.4532332,-0.00937242853951,0,0,2.4532332,600,2,0,0
MeanReversionTrend,bull_trend,12,12,0,22.92887286,0.0147192566311,8,40.92615626,17.9972834,500,10,2.27401854771,0.666666666667
MeanReversionTrend,high_vol_shock,34,34,0,-2.15257157,-1.79588531844e-06,14,90.20105331,92.35362488,504.705882353,31,0.97669207275,0.411764705882
MeanReversionTrend,range_choppy,2,2,0,15.83125444,0.0612481544962,2,15.83125444,0,570,2,inf,1
MeanReversionTrend,transition,6,6,0,9.37040697,0.0121665538605,4,14.07082384,4.70041687,610,6,2.99352679329,0.666666666667
MiniLambo,bear_trend,308,308,0,-16.32080728,-0.000939833587586,188,159.93360719,176.25441447,61.9967532468,82,0.907401994276,0.61038961039
MiniLambo,bull_trend,449,449,0,-144.44835047,-0.0040671134775,250,287.73058359,432.17893406,39.7550111359,121,0.665767257295,0.556792873051
MiniLambo,high_vol_shock,998,998,0,-178.54170806,-0.00181116859042,632,691.4400797,869.98178776,34.6543086172,177,0.794775349815,0.633266533066
MiniLambo,range_choppy,196,196,0,-67.52165544,-0.00580017305168,119,81.16711169,148.68876713,70.5357142857,71,0.54588596877,0.607142857143
MiniLambo,range_quiet,96,96,0,1.81125046,-0.000592262815671,58,51.46608462,49.65483416,53.9583333333,26,1.03647682025,0.604166666667
MiniLambo,transition,226,226,0,-26.16999158,-0.00320604988047,138,121.45835264,147.62834422,67.2566371681,97,0.822730575769,0.610619469027
MiniLambo_TBS,bear_trend,308,308,0,-16.32080728,-0.000939833587586,188,159.93360719,176.25441447,61.9967532468,82,0.907401994276,0.61038961039
MiniLambo_TBS,bull_trend,449,449,0,-144.44835047,-0.0040671134775,250,287.73058359,432.17893406,39.7550111359,121,0.665767257295,0.556792873051
MiniLambo_TBS,high_vol_shock,998,998,0,-178.54170806,-0.00181116859042,632,691.4400797,869.98178776,34.6543086172,177,0.794775349815,0.633266533066
MiniLambo_TBS,range_choppy,196,196,0,-67.52165544,-0.00580017305168,119,81.16711169,148.68876713,70.5357142857,71,0.54588596877,0.607142857143
MiniLambo_TBS,range_quiet,96,96,0,1.81125046,-0.000592262815671,58,51.46608462,49.65483416,53.9583333333,26,1.03647682025,0.604166666667
MiniLambo_TBS,transition,226,226,0,-26.16999158,-0.00320604988047,138,121.45835264,147.62834422,67.2566371681,97,0.822730575769,0.610619469027
Minmax,bear_trend,798,798,0,54.69355876,0.00205100535644,321,2524.30652452,2469.61296576,3593.68421053,329,1.02214661144,0.402255639098
Minmax,bull_trend,506,506,0,-170.63108972,-0.00157951356984,207,1653.14084555,1823.77193527,3805.84980237,252,0.906440555192,0.409090909091
Minmax,high_vol_shock,436,436,0,-24.94380932,0.00102221547428,108,2066.24792951,2091.19173883,2287.70642202,173,0.98807196449,0.247706422018
Minmax,range_choppy,485,485,0,-243.78493081,-0.00342866852948,181,1446.99154194,1690.77647275,3728.04123711,251,0.855814807729,0.373195876289
Minmax,range_quiet,375,375,0,-121.42134845,-0.00302199174371,189,733.42286723,854.84421568,5141.92,223,0.857960846874,0.504
Minmax,transition,584,584,0,20.30957987,0.001337907556,258,1800.82872706,1780.51914719,4291.33561644,363,1.01140654955,0.441780821918
MomStrategy,bear_trend,2747,2747,0,-121.44351933,-0.00159081120806,1214,294.62092754,416.06444687,145.817255187,434,0.708113682283,0.441936658173
MomStrategy,bull_trend,2637,2637,0,-264.97785423,-0.00205685591957,1142,523.77219684,788.75005107,148.077360637,489,0.664053455375,0.433067880167
MomStrategy,high_vol_shock,2155,2155,0,-208.42834703,-0.00283687582195,1059,534.03831651,742.46666354,114.153132251,314,0.719275817669,0.491415313225
MomStrategy,range_choppy,2288,2288,0,-136.16915824,-0.00192226624754,927,333.79749575,469.96665399,156.923076923,453,0.710257829819,0.405157342657
MomStrategy,range_quiet,578,578,0,-50.62392998,-0.00233215181482,174,83.98601184,134.60994182,211.038062284,164,0.623921314462,0.301038062284
MomStrategy,transition,2762,2762,0,-184.04119289,-0.0018083797568,1145,435.67157102,619.71276391,157.190441709,624,0.703021781044,0.414554670529
MomentumCCITrendStrategy,bear_trend,62,0,62,-84.34743096,-0.0117902350759,34,145.43967874,229.7871097,929.032258065,50,0.63293227775,0.548387096774
MomentumCCITrendStrategy,bull_trend,61,61,0,-110.54914046,-0.0174982358413,32,166.90755483,277.45669529,849.836065574,49,0.601562541699,0.524590163934
MomentumCCITrendStrategy,high_vol_shock,34,21,13,-130.70540539,-0.0364632236458,10,117.15436776,247.85977315,211.764705882,28,0.472663902944,0.294117647059
MomentumCCITrendStrategy,range_choppy,102,50,52,-142.15284423,-0.0203490442311,43,289.19842776,431.35127199,621.176470588,89,0.670447606253,0.421568627451
MomentumCCITrendStrategy,range_quiet,94,49,45,-22.22331644,-0.00598970198554,60,142.96692664,165.19024308,1547.23404255,82,0.865468347127,0.63829787234
MomentumCCITrendStrategy,transition,92,48,44,-67.8011301,-0.00822518492535,53,280.64048205,348.44161215,1064.34782609,85,0.805416093441,0.576086956522
MomentumScoreStrategy,bear_trend,1416,1416,0,-57.27855989,-0.00198190765541,269,44.72288782,102.00144771,46.3312146893,50,0.438453461437,0.189971751412
MomentumScoreStrategy,bull_trend,4244,4244,0,-196.978533,-0.00195074180422,894,183.05059766,380.02913066,43.4590009425,103,0.481675174064,0.210650329877
MomentumScoreStrategy,high_vol_shock,1071,1071,0,-213.31211957,-0.0018014688707,245,250.92111595,464.23323552,47.2362278245,17,0.540506574608,0.228758169935
MomentumScoreStrategy,range_choppy,2310,2310,0,-199.45489362,-0.00190035582318,462,172.32028159,371.77517521,46.367965368,78,0.463506691894,0.2
MomentumScoreStrategy,range_quiet,1123,1123,0,-43.15942218,-0.00209708038281,160,12.13065496,55.29007714,43.0409617097,50,0.219400217679,0.142475512021
MomentumScoreStrategy,transition,3360,3360,0,-255.47127703,-0.0021279450397,610,177.92802338,433.39930041,42.5193452381,127,0.410540633572,0.181547619048
Momentumv2,bear_trend,194,194,0,-289.91337222,-0.00647932435951,57,486.90695188,776.8203241,2090.72164948,140,0.626794815705,0.29381443299
Momentumv2,bull_trend,649,649,0,78.95266959,0.00160385677048,204,2619.04785403,2540.09518444,1742.86594761,376,1.03108256339,0.314329738059
Momentumv2,high_vol_shock,169,169,0,42.09336253,0.00423600022969,59,1011.12555359,969.03219106,1694.20118343,109,1.04343855954,0.349112426036
Momentumv2,range_choppy,313,313,0,217.63201603,0.00412721157122,99,1411.95299786,1194.32098183,1813.41853035,223,1.18222238355,0.316293929712
Momentumv2,range_quiet,357,357,0,97.77998592,0.00169905607253,109,1056.84015309,959.06016717,2045.04201681,251,1.10195396417,0.305322128852
Momentumv2,transition,390,390,0,124.20993991,0.00102349996667,122,1313.89687415,1189.68693424,1923.69230769,307,1.10440556783,0.312820512821
MoneyFlowStrategy,bear_trend,3933,3933,0,-232.43074683,-0.00180600740634,2196,838.52045444,1070.95120127,303.409610984,954,0.782967938638,0.558352402746
MoneyFlowStrategy,bull_trend,2970,2970,0,-128.10990655,-0.00133729436047,1673,1070.77642567,1198.88633222,316.708754209,900,0.893142574815,0.5632996633
MoneyFlowStrategy,high_vol_shock,1441,1441,0,-217.19416936,-0.00145408314433,814,1062.51898401,1279.71315337,272.841776544,441,0.830279020898,0.564885496183
MoneyFlowStrategy,range_choppy,2434,2434,0,-96.95830422,-0.00177469180854,1384,741.43621626,838.39452048,306.984387839,814,0.88435241184,0.568611339359
MoneyFlowStrategy,range_quiet,2340,2340,0,-82.80226037,-0.00166727706323,1230,196.55423997,279.35650034,347.696581197,733,0.703596443007,0.525641025641
MoneyFlowStrategy,transition,3193,3193,0,-208.18085798,-0.00154815986727,1788,842.86285289,1051.04371087,319.317256499,1269,0.801929400436,0.559974945193
MontrealStrategy,bear_trend,5243,5243,0,-167.24497049,-0.00125712847015,3177,1979.67190561,2146.9168761,466.819568949,1113,0.922099932069,0.605950791532
MontrealStrategy,bull_trend,4523,4523,0,-251.12569041,-0.000289244656781,2793,2692.51407161,2943.63976202,457.272827769,1053,0.91468871509,0.617510501879
MontrealStrategy,high_vol_shock,2271,2271,0,-426.20149058,-0.000775230171956,1425,3728.28510696,4154.48659754,458.93659181,536,0.8974117546,0.627476882431
MontrealStrategy,range_choppy,3317,3317,0,1.83558584,-0.00115609789858,2074,1836.80121656,1834.96563072,456.520952668,961,1.001000338,0.625263792584
MontrealStrategy,range_quiet,3224,3224,0,-81.14512775,-0.0012515881118,1917,427.75157666,508.89670441,468.363833747,865,0.84054695767,0.594602977667
MontrealStrategy,transition,4565,4565,0,-42.01154905,-0.00097801252788,2801,2167.9053629,2209.91691195,458.980284775,1510,0.980989534574,0.613581599124
MultiActionZone,bear_trend,4,4,0,-34.56502302,-0.0395474409749,1,2.57644352,37.14146654,14040,4,0.0693683841812,0.25
MultiActionZone,bull_trend,39,39,0,-9.89611838,-0.0136699658588,14,209.08108224,218.97720062,36996.9230769,35,0.95480754,0.358974358974
MultiActionZone,high_vol_shock,15,15,0,3.564511,-0.0121727227884,4,83.521017,79.956506,42096,14,1.04458062487,0.266666666667
MultiActionZone,range_choppy,69,69,0,689.50672399,0.0906541352737,18,1098.29083966,408.78411567,41370.4347826,61,2.68672582314,0.260869565217
MultiActionZone,range_quiet,87,87,0,1721.8626926,0.104820823748,31,2427.65344395,705.79075135,41740.6896552,79,3.43962206831,0.35632183908
MultiActionZone,transition,72,72,0,1247.83319363,0.179454108697,26,1685.71245021,437.87925658,43830,68,3.84971981403,0.361111111111
MultiFactorConfluenceStrategy,bear_trend,1007,1007,0,-185.82655886,-0.00257314661584,539,2013.28803041,2199.11458927,3835.47169811,554,0.915499374263,0.535253227408
MultiFactorConfluenceStrategy,bull_trend,865,865,0,-261.93231304,-0.00331804987133,455,2343.0048466,2604.93715964,3184.64739884,514,0.899447742119,0.526011560694
MultiFactorConfluenceStrategy,high_vol_shock,723,723,0,-408.11865788,-0.00422531143435,368,2382.4610098,2790.57966768,1266.7219917,327,0.853751296691,0.508990318119
MultiFactorConfluenceStrategy,range_choppy,699,699,0,134.64020013,-0.0015256301525,375,1804.97047625,1670.33027612,3083.26180258,458,1.08060693269,0.536480686695
MultiFactorConfluenceStrategy,range_quiet,360,360,0,-29.08847365,-0.00185553290423,192,594.52384831,623.61232196,6723.33333333,275,0.953354876699,0.533333333333
MultiFactorConfluenceStrategy,transition,791,791,0,-100.80196672,-0.00230806465064,421,1946.2233375,2047.02530422,3759.2920354,564,0.95075685361,0.532237673831
MultiMA_TSL,bear_trend,2,2,0,1.5386425,0.00476777368999,2,1.5386425,0,7.5,1,inf,1
MultiMA_TSL,bull_trend,26,26,0,4.56215534,0.00187313197861,17,39.20411609,34.64196075,110.961538462,14,1.13169448961,0.653846153846
MultiMA_TSL,high_vol_shock,118,118,0,392.06215075,0.0230065429491,100,524.55904359,132.49689284,56.0169491525,45,3.95902901831,0.847457627119
MultiMA_TSL,range_choppy,11,11,0,8.21513467,0.00447733089414,8,24.33194847,16.1168138,76.8181818182,6,1.50972448847,0.727272727273
MultiMA_TSL,range_quiet,4,4,0,10.59991115,0.0167027121229,4,10.59991115,0,36.25,3,inf,1
MultiMA_TSL,transition,3,3,0,-17.63452837,-0.0300619038954,2,9.17351453,26.8080429,151.666666667,3,0.342192623468,0.666666666667
MultiMA_TSL3b,bear_trend,1,1,0,0.3599312,0.00166439065522,1,0.3599312,0,75,1,inf,1
MultiMA_TSL3b,bull_trend,20,20,0,98.109612,0.0332279384659,18,121.64934315,23.53973115,80.75,13,5.16783060838,0.9
MultiMA_TSL3b,high_vol_shock,82,82,0,773.84359652,0.0580123520734,70,840.39318392,66.5495874,72.8658536585,41,12.6280750453,0.853658536585
MultiMA_TSL3b,range_choppy,8,8,0,36.07721465,0.0261166907899,7,39.55893651,3.48172186,80.625,4,11.3618887725,0.875
MultiMA_TSL3b,range_quiet,1,1,0,0.90618612,0.00407708625497,1,0.90618612,0,55,1,inf,1
MultiMA_TSL3b,transition,3,3,0,6.07885774,0.00945456304004,2,15.02336574,8.944508,135,2,1.67961901761,0.666666666667
MultiOffsetLamboV0,bull_trend,37,37,0,50.13408026,0.0101119837775,35,64.03657458,13.90249432,53.7837837838,15,4.60612125465,0.945945945946
MultiOffsetLamboV0,high_vol_shock,111,111,0,304.82281188,0.0191793511632,105,371.26555286,66.44274098,42.2972972973,49,5.58775191065,0.945945945946
MultiOffsetLamboV0,range_choppy,16,16,0,14.82396788,0.00601420878907,14,26.0233194,11.19935152,54.375,7,2.32364519977,0.875
MultiOffsetLamboV0,range_quiet,2,2,0,6.16337353,0.0190709673928,2,6.16337353,0,27.5,2,inf,1
MultiOffsetLamboV0,transition,8,8,0,-12.01368798,-0.00787279655207,6,10.31431114,22.32799912,113.125,6,0.461945160628,0.75
NASOSv4,bear_trend,43,43,0,146.74152954,0.0132085601892,42,205.46822674,58.7266972,729.302325581,28,3.4987192629,0.976744186047
NASOSv4,bull_trend,205,205,0,565.18196623,0.0114971336124,195,905.44859582,340.26662959,506.585365854,93,2.6609973388,0.951219512195
NASOSv4,high_vol_shock,599,599,0,1243.04805399,0.00860321830154,561,2727.24347639,1484.1954224,221.277128548,149,1.83752316927,0.936560934891
NASOSv4,range_choppy,102,102,0,310.23937814,0.0109387770805,98,467.43946426,157.20008612,335.245098039,51,2.97353185865,0.960784313725
NASOSv4,range_quiet,39,39,0,-102.22707138,-0.00256614042155,36,291.65894877,393.88602015,241.666666667,19,0.74046534746,0.923076923077
NASOSv4,transition,97,97,0,40.40671004,0.00636739782783,91,413.40431913,372.99760909,530,56,1.10832967573,0.938144329897
NASOSv5,bear_trend,28,28,0,9.20376441,0.00242066300708,13,29.59595848,20.39219407,247.5,19,1.45133762352,0.464285714286
NASOSv5,bull_trend,130,130,0,56.38017712,0.00326352882892,73,191.89202397,135.51184685,143.5,57,1.41605349223,0.561538461538
NASOSv5,high_vol_shock,372,372,0,154.36671462,0.00332302722715,239,684.34931002,529.9825954,70.9811827957,103,1.29126751701,0.64247311828
NASOSv5,range_choppy,47,47,0,21.04383076,0.00311169830016,31,73.28414831,52.24031755,99.6808510638,26,1.40282738978,0.659574468085
NASOSv5,range_quiet,35,35,0,-105.75202591,-0.0186416174059,14,64.18354925,169.93557516,251.714285714,15,0.377693424049,0.4
NASOSv5,transition,52,52,0,-54.50309838,-0.00664306650813,23,66.07544456,120.57854294,124.711538462,34,0.54798675576,0.442307692308
NASOSv5_mod1,bear_trend,23,23,0,199.54752892,0.0322103707966,23,199.54752892,0,390.434782609,10,inf,1
NASOSv5_mod1,bull_trend,67,67,0,356.86818712,0.0277765548465,64,479.61727252,122.7490854,2959.62686567,37,3.90729813552,0.955223880597
NASOSv5_mod1,high_vol_shock,273,273,0,1082.54136841,0.0178366425873,257,1968.13448947,885.59312106,530.659340659,91,2.2223913473,0.941391941392
NASOSv5_mod1,range_choppy,34,34,0,325.21563915,0.0364192099616,34,325.21563915,0,379.411764706,18,inf,1
NASOSv5_mod1,range_quiet,12,12,0,250.56488849,0.0618198647995,12,250.56488849,0,926.25,6,inf,1
NASOSv5_mod1,transition,23,23,0,-68.7607033,-0.00225645737015,20,156.2581033,225.0188066,3158.04347826,17,0.694422415891,0.869565217391
NASOSv5_mod1_DanMod,bear_trend,20,20,0,149.54901767,0.0323498087488,20,149.54901767,0,56.5,8,inf,1
NASOSv5_mod1_DanMod,bull_trend,46,46,0,172.73850349,0.0249158675525,43,269.84125469,97.1027512,257.717391304,24,2.77892491567,0.934782608696
NASOSv5_mod1_DanMod,high_vol_shock,213,213,0,938.1304099,0.0215290813092,203,1416.52025781,478.38984791,281.267605634,75,2.96101655166,0.953051643192
NASOSv5_mod1_DanMod,range_choppy,25,25,0,209.1194753,0.0370540235012,25,209.1194753,0,405.2,13,inf,1
NASOSv5_mod1_DanMod,range_quiet,10,10,0,181.52085518,0.0676950219925,10,181.52085518,0,1101,6,inf,1
NASOSv5_mod1_DanMod,transition,15,15,0,-105.77511635,-0.020106889698,12,87.16572565,192.940842,2978,10,0.451774361231,0.8
NASOSv5_mod2,bear_trend,41,41,0,277.76335839,0.0333054522235,41,277.76335839,0,65.6097560976,15,inf,1
NASOSv5_mod2,bull_trend,41,41,0,229.3072037,0.0364154382876,41,229.3072037,0,106.707317073,14,inf,1
NASOSv5_mod2,high_vol_shock,137,137,0,344.3619248,0.0155038065512,127,763.6444358,419.282511,290.875912409,37,1.8213123986,0.92700729927
NASOSv5_mod2,range_choppy,24,24,0,190.5968306,0.0361489501203,24,190.5968306,0,56.25,10,inf,1
NASOSv5_mod2,range_quiet,6,6,0,133.88564156,0.0891249387381,6,133.88564156,0,0,1,inf,1
NASOSv5_mod2,transition,15,15,0,76.72315511,0.024392256874,14,107.09438591,30.3712308,1406.66666667,10,3.52617865951,0.933333333333
NASOSv5_mod3,bear_trend,43,43,0,378.01941358,0.0333056135712,43,378.01941358,0,246.744186047,17,inf,1
NASOSv5_mod3,bull_trend,91,91,0,451.74303013,0.0264760626134,89,646.93340628,195.19037615,2287.8021978,44,3.31437143081,0.978021978022
NASOSv5_mod3,high_vol_shock,272,272,0,808.27648051,0.0135040555257,253,2063.35186484,1255.07538433,948.253676471,101,1.64400632074,0.930147058824
NASOSv5_mod3,range_choppy,42,42,0,422.17492325,0.0357465740119,42,422.17492325,0,166.428571429,22,inf,1
NASOSv5_mod3,range_quiet,9,9,0,231.05214344,0.0702670422237,9,231.05214344,0,35,4,inf,1
NASOSv5_mod3,transition,32,32,0,1.85850737,0.00723321700258,29,239.35878027,237.5002729,2265.3125,23,1.0078252852,0.90625
NDrop,bear_trend,1672,1672,0,129.08073623,0.0010803114714,1215,5766.42539074,5637.34465451,1994.02212919,629,1.02289743561,0.726674641148
NDrop,bull_trend,2106,2106,0,-141.01783256,0.00104570944632,1564,8903.53516818,9044.55300074,2381.12773029,644,0.984408534889,0.742640075973
NDrop,high_vol_shock,1900,1900,0,-1293.30879769,0.000687395198066,1350,14512.4343425,15805.7431402,1133.79736842,391,0.918174755453,0.710526315789
NDrop,range_choppy,1294,1294,0,483.61108181,0.00184714650682,975,5316.59618246,4832.98510065,2015.72642968,512,1.10006467468,0.753477588872
NDrop,range_quiet,509,509,0,811.83222308,0.00596773190197,369,1377.10848292,565.27625984,2801.64047151,283,2.43616896862,0.724950884086
NDrop,transition,1409,1409,0,595.76565091,0.00123057150545,1036,5522.6921891,4926.92653819,2523.6941093,667,1.12092034381,0.735273243435
NEWTEST15m,bear_trend,404,404,0,-203.08335949,0.00241267943996,356,1860.05551996,2063.13887945,10576.299505,249,0.901565831795,0.881188118812
NEWTEST15m,bull_trend,567,567,0,-918.60793251,-0.00518566019862,489,3664.56430889,4583.1722414,14061.6402116,360,0.799569406488,0.862433862434
NEWTEST15m,high_vol_shock,518,518,0,-918.93341564,-0.00637106881824,441,3931.35158916,4850.2850048,4395.86872587,267,0.810540326036,0.851351351351
NEWTEST15m,range_choppy,271,271,0,695.07249074,0.0121514965296,248,1711.16629149,1016.09380075,8755.35055351,203,1.68406331209,0.915129151292
NEWTEST15m,range_quiet,75,75,0,147.57902665,0.0159955937264,70,370.01927393,222.44024728,21915.8,62,1.66345469606,0.933333333333
NEWTEST15m,transition,337,337,0,658.28963415,0.0090859575928,305,2180.52682503,1522.23719088,13626.7655786,257,1.43244879188,0.905044510386
NFI46,bull_trend,16,16,0,44.47014542,0.0212662426391,15,52.37567091,7.90552549,204.375,9,6.62519790446,0.9375
NFI46,high_vol_shock,35,35,0,121.6972268,0.0255725065209,33,124.7238864,3.0266596,57.4285714286,24,41.2084287245,0.942857142857
NFI46,range_choppy,4,4,0,14.20894324,0.0272005520708,4,14.20894324,0,247.5,4,inf,1
NFI46,transition,2,2,0,6.34382094,0.0223495775892,2,6.34382094,0,10,2,inf,1
NFI46Frog,bear_trend,3064,3064,0,-209.61627765,-0.00154210085524,2347,594.94830099,804.56457864,217.59464752,800,0.739466186786,0.765992167102
NFI46Frog,bull_trend,2356,2356,0,-115.10610893,-0.0003869923226,1880,732.33551201,847.44162094,197.071307301,735,0.864172226044,0.797962648557
NFI46Frog,high_vol_shock,1266,1266,0,183.17899624,0.00226476616384,1046,1320.17114092,1136.99214468,225.252764613,425,1.16110840967,0.826224328594
NFI46Frog,range_choppy,1944,1944,0,-211.37213079,-0.00149714007843,1561,438.37962595,649.75175674,212.937242798,690,0.674687865639,0.802983539095
NFI46Frog,range_quiet,2107,2107,0,-167.49323867,-0.00176397228493,1462,137.8193612,305.31259987,194.259610821,642,0.451404106017,0.69387755102
NFI46Frog,transition,2664,2664,0,-337.21269159,-0.00186681315121,2078,471.52011662,808.73280821,205.850225225,1011,0.583035721852,0.78003003003
NFI46FrogZ,bear_trend,3151,3151,0,-246.48122938,-0.00160601822564,2462,502.72477659,749.20600597,193.75753729,804,0.671010072776,0.781339257379
NFI46FrogZ,bull_trend,2447,2447,0,-103.50900872,-0.000471831367333,1998,656.75728245,760.26629117,169.462607274,740,0.863851639982,0.81651001226
NFI46FrogZ,high_vol_shock,1413,1413,0,222.17998709,0.00193351868385,1221,1171.0561311,948.87614401,164.048124558,428,1.23415067234,0.864118895966
NFI46FrogZ,range_choppy,2006,2006,0,-244.66330034,-0.00164081550249,1644,361.59346424,606.25676458,186.006979063,692,0.596436172536,0.819541375872
NFI46FrogZ,range_quiet,2135,2135,0,-147.98544609,-0.00160394005532,1504,125.98576334,273.97120943,176.398126464,643,0.459850374797,0.704449648712
NFI46FrogZ,transition,2719,2719,0,-355.62716129,-0.00199399176935,2144,412.81149031,768.4386516,188.392791467,1015,0.537208129043,0.788525193086
NFI46Offset,bear_trend,26,26,0,29.68340033,0.00402738603157,20,48.59168262,18.90828229,124.807692308,22,2.56986234258,0.769230769231
NFI46Offset,bull_trend,170,170,0,198.38824752,0.00639043318338,138,379.66169515,181.27344763,82.4411764706,92,2.09441426813,0.811764705882
NFI46Offset,high_vol_shock,415,415,0,1020.11859341,0.0126036188238,358,1525.86953338,505.75093997,48.6626506024,128,3.01703746407,0.86265060241
NFI46Offset,range_choppy,58,58,0,55.85860778,0.0057262771523,47,114.42368917,58.56508139,110.517241379,34,1.95378690602,0.810344827586
NFI46Offset,range_quiet,22,22,0,42.3600417,0.00733031239276,20,45.87784689,3.51780519,77.2727272727,13,13.041611008,0.909090909091
NFI46Offset,transition,63,63,0,-4.31786236,0.00118973397629,46,108.18877029,112.50663265,127.301587302,47,0.961621263935,0.730158730159
NFI46OffsetHOA1,bear_trend,30,30,0,57.81316403,0.00674282145987,23,78.23254153,20.4193775,86.5,19,3.8312892511,0.766666666667
NFI46OffsetHOA1,bull_trend,168,168,0,296.22608778,0.00937313859548,138,479.40311792,183.17703014,67.4404761905,75,2.61715738897,0.821428571429
NFI46OffsetHOA1,high_vol_shock,475,475,0,945.50950752,0.00968089756366,394,1588.99756112,643.4880536,50.1263157895,134,2.4693505221,0.829473684211
NFI46OffsetHOA1,range_choppy,76,76,0,133.08256303,0.00968547750134,65,177.23918021,44.15661718,70,37,4.01387587023,0.855263157895
NFI46OffsetHOA1,range_quiet,13,13,0,105.06683572,0.0284055942254,12,107.11028897,2.04345325,25,9,52.416314868,0.923076923077
NFI46OffsetHOA1,transition,70,70,0,62.71605832,0.00514357434059,58,179.38290836,116.66685004,81.5,43,1.53756536924,0.828571428571
NFI46Z,bear_trend,91,91,0,-7.01498633,-0.000548083521165,66,77.62762563,84.64261196,129.395604396,44,0.917122284301,0.725274725275
NFI46Z,bull_trend,88,88,0,100.58602421,0.00842988699959,73,139.19027406,38.60424985,58.4659090909,36,3.60556867705,0.829545454545
NFI46Z,high_vol_shock,81,81,0,69.30300974,0.00651673342763,69,171.50743927,102.20442953,21.5432098765,41,1.678082252,0.851851851852
NFI46Z,range_choppy,59,59,0,-33.21606349,-0.00364740247869,40,62.61234944,95.82841293,140.254237288,32,0.653379801727,0.677966101695
NFI46Z,range_quiet,58,58,0,-30.57692611,-0.00382477702867,35,37.97364188,68.55056799,154.051724138,30,0.553950798563,0.603448275862
NFI46Z,transition,83,83,0,-24.44010204,-0.00183968741429,57,73.7280719,98.16817394,148.493975904,48,0.751038436806,0.686746987952
NFI47V2,bear_trend,6,6,0,16.02455494,0.011161674303,5,21.37217743,5.34762249,280.833333333,6,3.9965755754,0.833333333333
NFI47V2,bull_trend,126,126,0,324.6028073,0.0151962135382,112,460.50037874,135.89757144,213.571428571,70,3.38858431288,0.888888888889
NFI47V2,high_vol_shock,174,174,0,639.21760578,0.0189873564035,156,816.73738963,177.51978385,192.097701149,88,4.60082460623,0.896551724138
NFI47V2,range_choppy,36,36,0,92.10467625,0.0158640143613,31,126.81942055,34.7147443,255.277777778,26,3.65318607719,0.861111111111
NFI47V2,range_quiet,13,13,0,48.34771566,0.0162299267453,13,48.34771566,0,123.846153846,9,inf,1
NFI47V2,transition,41,41,0,33.47601032,0.00456730109028,33,138.56640794,105.09039762,343.048780488,34,1.31854490113,0.80487804878
NFI4Frog,bear_trend,3082,3082,0,-166.35337098,-0.00128067519853,1586,718.98048317,885.33385415,113.080791694,806,0.812100971628,0.514600908501
NFI4Frog,bull_trend,2314,2314,0,-101.16149647,-0.000432508960458,1321,831.32347395,932.48497042,113.359982714,732,0.891514072957,0.570872947277
NFI4Frog,high_vol_shock,1250,1250,0,129.80912067,0.00154293249418,824,1238.55431254,1108.74519187,157.092,434,1.11707750493,0.6592
NFI4Frog,range_choppy,1930,1930,0,-251.71555981,-0.00169722221736,1040,502.23249961,753.94805942,121.898963731,696,0.666136736258,0.538860103627
NFI4Frog,range_quiet,2038,2038,0,-156.1513856,-0.00142662547552,854,177.65799063,333.80937623,94.6810598626,638,0.532213901947,0.419038272816
NFI4Frog,transition,2646,2646,0,-272.45434083,-0.00146265865283,1386,573.57752317,846.031864,105.944822373,1020,0.677962081071,0.52380952381
NFI5MOHO,bear_trend,11,11,0,32.66061911,0.0172890477332,10,50.13394171,17.4733226,103.181818182,8,2.86917049823,0.909090909091
NFI5MOHO,bull_trend,42,42,0,85.92135881,0.0138548224358,37,162.13071178,76.20935297,142.5,29,2.12743850278,0.880952380952
NFI5MOHO,high_vol_shock,211,211,0,389.5642153,0.0118394296645,174,948.56750414,559.00328884,77.7488151659,78,1.69689073942,0.824644549763
NFI5MOHO,range_choppy,22,22,0,116.29766574,0.0309778382281,21,135.04678564,18.7491199,90,13,7.20283332553,0.954545454545
NFI5MOHO,range_quiet,13,13,0,96.24181429,0.0388475554179,11,134.50908262,38.26726833,18.0769230769,4,3.51499044719,0.846153846154
NFI5MOHO,transition,16,16,0,-16.70014482,-0.00296052373855,11,70.39496969,87.09511451,128.125,8,0.80825394267,0.6875
NFI5MOHO2,bear_trend,94,94,0,9.50142049,0.000269556777816,59,159.28310612,149.78168563,263.457446809,74,1.0634351286,0.627659574468
NFI5MOHO2,bull_trend,314,314,0,229.68414885,0.004073734471,233,576.91192859,347.22777974,191.910828025,193,1.66147976127,0.742038216561
NFI5MOHO2,high_vol_shock,348,348,0,847.68039876,0.0123747688261,312,1123.65507131,275.97467255,47.3850574713,119,4.0715876603,0.896551724138
NFI5MOHO2,range_choppy,132,132,0,137.55988139,0.00543258320325,103,261.5680774,124.00819601,146.136363636,84,2.10928056222,0.780303030303
NFI5MOHO2,range_quiet,141,141,0,303.09607497,0.00774504561909,98,444.15697071,141.06089574,245.141843972,98,3.14868956687,0.695035460993
NFI5MOHO2,transition,165,165,0,95.34708396,0.00275063041183,115,302.85085091,207.50376695,224.363636364,130,1.45949567741,0.69696969697
NFI5MOHO_WIP,bear_trend,37,37,0,92.32927174,0.00844594885573,32,120.27640026,27.94712852,229.72972973,26,4.30371228207,0.864864864865
NFI5MOHO_WIP,bull_trend,191,191,0,373.34843382,0.00940009508707,168,627.53858989,254.19015607,197.19895288,113,2.46877613041,0.879581151832
NFI5MOHO_WIP,high_vol_shock,322,322,0,1520.8408239,0.0196535707466,306,1800.31051836,279.46969446,105.590062112,120,6.44188101268,0.950310559006
NFI5MOHO_WIP,range_choppy,66,66,0,94.20415433,0.00725783583067,52,208.07163909,113.86748476,323.484848485,43,1.82731391256,0.787878787879
NFI5MOHO_WIP,range_quiet,62,62,0,324.70923037,0.0150320402506,51,369.82055984,45.11132947,223.14516129,39,8.19795302388,0.822580645161
NFI5MOHO_WIP,transition,71,71,0,-8.10087101,0.00181721583084,54,196.21725369,204.3181247,311.830985915,58,0.960351676965,0.760563380282
NFI5MOHO_WIP_1,bear_trend,37,37,0,79.97268312,0.00743003197625,32,108.07803592,28.1053528,236.216216216,26,3.84546092302,0.864864864865
NFI5MOHO_WIP_1,bull_trend,188,188,0,294.61154896,0.00807842913025,168,561.26910943,266.65756047,197.712765957,113,2.10483103663,0.893617021277
NFI5MOHO_WIP_1,high_vol_shock,336,336,0,1656.03680041,0.0199947523833,324,1876.91195041,220.87515,100.848214286,120,8.49761483087,0.964285714286
NFI5MOHO_WIP_1,range_choppy,66,66,0,105.43362006,0.00722996198549,53,203.75997208,98.32635202,309.545454545,43,2.07228243389,0.80303030303
NFI5MOHO_WIP_1,range_quiet,68,68,0,240.59454899,0.0105516150606,58,278.36961235,37.77506336,170.808823529,39,7.36913687469,0.852941176471
NFI5MOHO_WIP_1,transition,74,74,0,24.82408743,0.00347050758513,58,224.15021345,199.32612602,270.945945946,58,1.12454005868,0.783783783784
NFI5MOHO_WIP_2,bear_trend,37,37,0,82.87841547,0.00809704075248,32,109.43188835,26.55347288,228.243243243,26,4.12118930147,0.864864864865
NFI5MOHO_WIP_2,bull_trend,191,191,0,300.62175222,0.00784345139426,168,546.85988751,246.23813529,198.795811518,113,2.22085781663,0.879581151832
NFI5MOHO_WIP_2,high_vol_shock,341,341,0,1481.83668834,0.0185966450664,328,1708.76673526,226.93004692,97.082111437,120,7.52992721084,0.961876832845
NFI5MOHO_WIP_2,range_choppy,67,67,0,88.48343428,0.00664556358619,53,195.98323499,107.49980071,321.119402985,43,1.82310324015,0.791044776119
NFI5MOHO_WIP_2,range_quiet,68,68,0,206.99348599,0.00952629726608,57,249.91183888,42.91835289,202.5,39,5.82295969094,0.838235294118
NFI5MOHO_WIP_2,transition,74,74,0,5.69953207,0.00204907726554,57,199.1124906,193.41295853,297.432432432,58,1.02946820168,0.77027027027
NFI7MOHO,bear_trend,116,116,0,-47.89964401,-0.00178517003422,83,144.27087693,192.17052094,326.293103448,91,0.750744059101,0.715517241379
NFI7MOHO,bull_trend,469,469,0,309.52057141,0.00361700642217,372,812.7581563,503.23758489,216.631130064,267,1.61505853439,0.793176972281
NFI7MOHO,high_vol_shock,458,458,0,1053.14692336,0.0111142430104,407,1443.27853521,390.13161185,50.9388646288,174,3.69946574789,0.88864628821
NFI7MOHO,range_choppy,170,170,0,58.69894932,0.00204108583444,130,252.86264367,194.16369435,201.735294118,113,1.30231681323,0.764705882353
NFI7MOHO,range_quiet,184,184,0,86.56992904,0.00149470315845,135,270.21912186,183.64919282,354.266304348,129,1.47138747364,0.733695652174
NFI7MOHO,transition,236,236,0,-65.1549772,-0.00017883453344,170,313.95215446,379.10713166,306.779661017,189,0.828135712154,0.720338983051
NFINextMOHO,bear_trend,96,96,0,-179.76835345,-0.00658787714178,59,215.78995455,395.558308,969.270833333,79,0.545532605903,0.614583333333
NFINextMOHO,bull_trend,352,352,0,474.75178244,0.00739739216547,271,1309.76635881,835.01457637,940.525568182,238,1.5685550838,0.769886363636
NFINextMOHO,high_vol_shock,308,308,0,1102.66371996,0.0155158568214,247,2624.86615005,1522.20243009,761.363636364,155,1.72438704483,0.801948051948
NFINextMOHO,range_choppy,131,131,0,136.83224814,0.00563183164107,98,434.71257742,297.88032928,979.847328244,105,1.45935308475,0.748091603053
NFINextMOHO,range_quiet,143,143,0,59.80912658,0.00113831918327,101,362.10159709,302.29247051,941.888111888,111,1.19785185678,0.706293706294
NFINextMOHO,transition,183,183,0,-31.89614747,0.000574532510385,123,486.2717177,518.16786517,1078.33333333,165,0.938444373698,0.672131147541
NFINextMOHO2,bear_trend,101,101,0,-149.65029758,-0.00636705467942,72,130.1394265,279.78972408,680.247524752,80,0.465132974157,0.712871287129
NFINextMOHO2,bull_trend,401,401,0,175.4363962,0.00308086472835,346,676.24314971,500.80675351,479.451371571,245,1.35030756868,0.862842892768
NFINextMOHO2,high_vol_shock,483,483,0,953.78956826,0.00994103456669,455,1534.21348533,580.42391707,157.287784679,158,2.64326372537,0.942028985507
NFINextMOHO2,range_choppy,155,155,0,99.3832384,0.00371568292828,134,247.57922351,148.19598511,452.129032258,106,1.67062031624,0.864516129032
NFINextMOHO2,range_quiet,154,154,0,-45.16688813,-0.00151667576662,116,195.56056908,240.72745721,712.597402597,117,0.812373342645,0.753246753247
NFINextMOHO2,transition,195,195,0,-104.25020922,-0.00155808040926,146,245.30998605,349.56019527,656.717948718,170,0.701767504909,0.748717948718
NFINextMultiOffsetAndHO,bear_trend,70,70,0,104.89253767,0.00566430146555,54,245.12522324,140.23268557,252.285714286,42,1.74798922408,0.771428571429
NFINextMultiOffsetAndHO,bull_trend,179,179,0,427.26374513,0.0119738502575,147,668.74476325,241.48101812,178.156424581,94,2.76934712491,0.821229050279
NFINextMultiOffsetAndHO,high_vol_shock,412,412,0,1184.48236453,0.0126110665039,350,2174.33868201,989.85631748,90.1334951456,125,2.19662050301,0.849514563107
NFINextMultiOffsetAndHO,range_choppy,85,85,0,154.7328725,0.00806491664279,62,320.25342215,165.52054965,201.294117647,45,1.93482575322,0.729411764706
NFINextMultiOffsetAndHO,range_quiet,55,55,0,365.84970286,0.0191125201074,47,385.7782942,19.92859134,249.818181818,34,19.3580312636,0.854545454545
NFINextMultiOffsetAndHO,transition,81,81,0,18.62113265,0.00249867244182,62,255.06307748,236.44194483,363.827160494,60,1.07875562292,0.765432098765
NSeq,bear_trend,1031,1031,0,8.22181549,6.14393172092e-06,722,757.5830887,749.36127321,2141.64888458,531,1.0109717646,0.700290979631
NSeq,bull_trend,1087,1087,0,-321.31925383,-0.000986770123486,809,1027.57251154,1348.89176537,1839.67341306,547,0.761790188005,0.744250229991
NSeq,high_vol_shock,864,864,0,-97.16761836,0.000602192090848,633,1524.06806403,1621.23568239,1103.68055556,403,0.940065704564,0.732638888889
NSeq,range_choppy,743,743,0,-166.38149742,-0.00362814435168,548,639.03994224,805.42143966,2003.03499327,462,0.793423058753,0.737550471063
NSeq,range_quiet,340,340,0,-29.28441816,-0.000994099452591,239,129.91728894,159.2017071,4050.52941176,246,0.816054622193,0.702941176471
NSeq,transition,831,831,0,-79.62476369,-0.00194403367336,619,710.35793813,789.98270182,2436.56438026,559,0.899206952878,0.744885679904
NWEv6_new,bear_trend,1482,1482,0,-142.32329241,-0.00392116991608,987,416.5074991,558.83079151,588.340080972,542,0.74531952324,0.665991902834
NWEv6_new,bull_trend,1304,1304,0,-245.19876001,-0.00283727397953,914,604.94586361,850.14462362,565.044478528,512,0.711579943932,0.700920245399
NWEv6_new,high_vol_shock,953,953,0,-191.97784151,-0.00339007383857,653,550.50699713,742.48483864,236.467995803,334,0.741438704847,0.685204616999
NWEv6_new,range_choppy,983,983,0,-166.3857667,-0.00506608132508,651,372.88718603,539.27295273,552.088504578,455,0.691462800317,0.662258392675
NWEv6_new,range_quiet,669,669,0,-40.4615693,-0.00324720470994,431,127.56658616,168.02815546,954.820627803,333,0.759197682143,0.644245142003
NWEv6_new,transition,1220,1220,0,-164.58449736,-0.00293314753421,847,464.27338437,628.85788173,659.318852459,633,0.738280298074,0.694262295082
NormalizerStrategy,bear_trend,1102,1102,0,-225.79456816,-0.00597832314182,477,363.30300729,589.09757545,327.059891107,321,0.616711089012,0.432849364791
NormalizerStrategy,bull_trend,61,61,0,-17.24543784,-0.00393142461589,29,18.67312161,35.91855945,561.639344262,38,0.519873900734,0.475409836066
NormalizerStrategy,high_vol_shock,249,249,0,-159.48571832,-0.00805873950808,83,120.98700699,280.47272531,152.048192771,79,0.431368172632,0.333333333333
NormalizerStrategy,range_choppy,435,435,0,-176.13511024,-0.00705210214652,191,118.60738453,294.74249477,287.310344828,186,0.4024101941,0.43908045977
NormalizerStrategy,range_quiet,482,482,0,-78.68228245,-0.00480124037461,223,92.77908863,171.46137108,671.452282158,201,0.541107819479,0.46265560166
NormalizerStrategy,transition,564,564,0,-248.02066791,-0.00787656655579,239,149.04267158,397.06333949,394.680851064,262,0.375362459227,0.423758865248
NormalizerStrategyHO2,bear_trend,898,898,0,-34.8738974,-0.000405573287283,329,2042.05611301,2076.93001041,922.182628062,314,0.983208920269,0.366369710468
NormalizerStrategyHO2,bull_trend,54,54,0,2.98925595,0.00196161215727,22,105.13529686,102.14604091,1062.22222222,38,1.0292645307,0.407407407407
NormalizerStrategyHO2,high_vol_shock,170,170,0,323.06366484,0.012484571169,63,955.41420441,632.35053957,751.411764706,70,1.51089331727,0.370588235294
NormalizerStrategyHO2,range_choppy,354,354,0,-120.57812426,-0.00155732450226,126,809.18377257,929.76189683,907.118644068,182,0.870312899818,0.35593220339
NormalizerStrategyHO2,range_quiet,453,453,0,-164.82909768,-0.00241090751383,192,560.81320387,725.64230155,1057.61589404,199,0.772850759489,0.423841059603
NormalizerStrategyHO2,transition,492,492,0,-228.70564981,-0.00265144276369,182,948.73470085,1177.44035066,956.585365854,259,0.805760309062,0.369918699187
Nostalgia,bear_trend,53,53,0,-18.04423259,-0.00161093633366,40,93.35618382,111.40041641,691.320754717,45,0.838023652231,0.754716981132
Nostalgia,bull_trend,192,192,0,294.17222986,0.00890660132166,164,529.01911518,234.84688532,427.447916667,113,2.25261286501,0.854166666667
Nostalgia,high_vol_shock,172,172,0,739.21056781,0.0222667629885,157,906.19795711,166.9873893,271.744186047,85,5.42674486324,0.912790697674
Nostalgia,range_choppy,71,71,0,35.39536719,0.00399190314247,58,172.41117071,137.01580352,632.746478873,54,1.25833054495,0.816901408451
Nostalgia,range_quiet,71,71,0,19.45805111,0.00040261392143,57,115.51187299,96.05382188,1006.97183099,51,1.20257446012,0.802816901408
Nostalgia,transition,82,82,0,63.46495097,0.00509478735599,65,193.87821479,130.41326382,534.573170732,67,1.48664490951,0.792682926829
NostalgiaForInfinityNextGen,bear_trend,16,16,0,37.36492933,0.0160494639464,14,62.45286499,25.08793566,792.1875,12,2.48935846442,0.875
NostalgiaForInfinityNextGen,bull_trend,34,34,0,70.18507463,0.0150356295884,31,111.30727117,41.12219654,690.882352941,19,2.70674430199,0.911764705882
NostalgiaForInfinityNextGen,high_vol_shock,61,61,0,123.83586974,0.0148086238899,57,228.4859349,104.65006516,378.442622951,33,2.18333294442,0.934426229508
NostalgiaForInfinityNextGen,range_choppy,11,11,0,-15.80592852,-0.00856797399348,8,29.04788878,44.8538173,1816.36363636,10,0.647612411352,0.727272727273
NostalgiaForInfinityNextGen,range_quiet,4,4,0,10.98550841,0.01851335272,4,10.98550841,0,105,4,inf,1
NostalgiaForInfinityNextGen,transition,15,15,0,14.95172333,0.00850712909541,12,47.98542263,33.0336993,1136,12,1.4526203134,0.8
NostalgiaForInfinityNextGen_TSL,bear_trend,12,12,0,-25.73586667,-0.0170676108321,7,25.75712484,51.49299151,1183.75,9,0.500206418091,0.583333333333
NostalgiaForInfinityNextGen_TSL,bull_trend,23,23,0,3.9307353,0.00154219423842,12,37.45535905,33.52462375,359.347826087,15,1.11724919955,0.521739130435
NostalgiaForInfinityNextGen_TSL,high_vol_shock,59,59,0,45.68245228,0.00664029040468,40,159.47850652,113.79605424,127.881355932,32,1.40144144351,0.677966101695
NostalgiaForInfinityNextGen_TSL,range_choppy,11,11,0,-26.40014769,-0.0194527250567,7,24.11410147,50.51424916,3069.54545455,9,0.477372263688,0.636363636364
NostalgiaForInfinityNextGen_TSL,range_quiet,5,5,0,1.17973789,0.00156905447847,4,13.48675349,12.3070156,3717,4,1.09585897413,0.8
NostalgiaForInfinityNextGen_TSL,transition,11,11,0,-17.84873055,-0.0135353604863,7,21.04997094,38.89870149,167.727272727,9,0.541148422279,0.636363636364
NostalgiaForInfinityNext_ChangeToTower_V6_Short,bear_trend,582,0,582,-49.95342292,-0.000834637867215,408,390.17197246,440.12539538,563.006872852,298,0.886501839148,0.701030927835
NostalgiaForInfinityNext_ChangeToTower_V6_Short,bull_trend,179,0,179,-125.57986553,-0.00697238048252,105,106.2380741,231.81793963,627.681564246,112,0.458282367057,0.586592178771
NostalgiaForInfinityNext_ChangeToTower_V6_Short,high_vol_shock,178,0,178,100.86319856,0.00565562004762,154,195.67226019,94.80906163,282.724719101,116,2.0638561001,0.865168539326
NostalgiaForInfinityNext_ChangeToTower_V6_Short,range_choppy,195,0,195,-33.66264124,-0.00140399060909,131,131.21620596,164.8788472,573.717948718,142,0.795834081741,0.671794871795
NostalgiaForInfinityNext_ChangeToTower_V6_Short,range_quiet,252,0,252,-18.55046784,-0.000834529932966,163,123.58279647,142.13326431,787.341269841,152,0.869485388026,0.646825396825
NostalgiaForInfinityNext_ChangeToTower_V6_Short,transition,342,0,342,-52.45468327,-0.00142468710523,231,200.31608121,252.77076448,700.087719298,245,0.792481209692,0.675438596491
NostalgiaForInfinityV1,bear_trend,375,375,0,-220.63299711,-0.00157919509941,194,772.28530939,992.9183065,408.866666667,205,0.777793403883,0.517333333333
NostalgiaForInfinityV1,bull_trend,807,807,0,559.29754119,0.00375414021051,493,2230.45243581,1671.15489462,365.055762082,395,1.33467726001,0.610904584882
NostalgiaForInfinityV1,high_vol_shock,306,306,0,963.60005093,0.0125172167857,194,1936.16869421,972.56864328,362.467320261,160,1.99077844797,0.633986928105
NostalgiaForInfinityV1,range_choppy,429,429,0,197.1160432,0.0024107271188,258,1241.94079475,1044.82475155,377.237762238,223,1.18865943107,0.601398601399
NostalgiaForInfinityV1,range_quiet,425,425,0,136.3470096,0.00140903111061,239,860.1201053,723.7730957,402.564705882,244,1.18838363903,0.562352941176
NostalgiaForInfinityV1,transition,538,538,0,229.85045183,0.00158877489486,304,1492.04930598,1262.19885415,388.197026022,344,1.18210320115,0.565055762082
NostalgiaForInfinityV2,bear_trend,35,35,0,-39.82149298,-0.0021955333087,10,139.84199642,179.6634894,711.571428571,28,0.778355117598,0.285714285714
NostalgiaForInfinityV2,bull_trend,213,213,0,745.98581673,0.0140058985912,116,1358.88449456,612.89867783,576.61971831,138,2.21714378528,0.544600938967
NostalgiaForInfinityV2,high_vol_shock,209,209,0,891.80984982,0.0181059577963,101,1930.4541269,1038.64427708,609.449760766,135,1.85862876203,0.483253588517
NostalgiaForInfinityV2,range_choppy,87,87,0,271.08462685,0.0108536435002,47,533.5782033,262.49357645,633.620689655,67,2.03272861194,0.540229885057
NostalgiaForInfinityV2,range_quiet,31,31,0,340.91262349,0.030818560609,21,408.11333737,67.20071388,638.225806452,26,6.07305062412,0.677419354839
NostalgiaForInfinityV2,transition,81,81,0,454.0785723,0.0276516804716,49,717.00764147,262.92906917,601.296296296,63,2.72700026564,0.604938271605
NostalgiaForInfinityV3,bear_trend,80,80,0,-36.51581061,-0.00204505883814,38,138.3946038,174.91041441,560.1875,66,0.791231352729,0.475
NostalgiaForInfinityV3,bull_trend,256,256,0,184.40515519,0.00491871043823,160,570.37834195,385.97318676,365.91796875,169,1.47776675043,0.625
NostalgiaForInfinityV3,high_vol_shock,207,207,0,755.07140156,0.0194000050566,176,942.72437527,187.65297371,196.111111111,95,5.02376464722,0.850241545894
NostalgiaForInfinityV3,range_choppy,99,99,0,87.08143697,0.00476033560488,60,213.38707664,126.30563967,388.585858586,76,1.68945010846,0.606060606061
NostalgiaForInfinityV3,range_quiet,80,80,0,14.81054069,0.00124562089301,33,115.57062363,100.76008294,602.1875,68,1.14698817486,0.4125
NostalgiaForInfinityV3,transition,125,125,0,-84.89733276,-0.00283875204798,53,165.36907553,250.26640829,483.8,113,0.660772161394,0.424
NostalgiaForInfinityV4,bear_trend,12,12,0,42.93975881,0.0174797347021,7,46.52569307,3.58593426,165.833333333,10,12.9744969363,0.583333333333
NostalgiaForInfinityV4,bull_trend,87,87,0,185.48677496,0.0132477647496,65,280.06563909,94.57886413,181.149425287,51,2.96118632494,0.747126436782
NostalgiaForInfinityV4,high_vol_shock,134,134,0,504.65286534,0.0220066666445,117,651.69300515,147.04013981,139.029850746,63,4.43207552708,0.873134328358
NostalgiaForInfinityV4,range_choppy,25,25,0,51.97961778,0.0128661862939,15,61.4615132,9.48189542,150.2,19,6.4819859825,0.6
NostalgiaForInfinityV4,range_quiet,14,14,0,34.31508799,0.011660516138,9,37.45607605,3.14098806,76.4285714286,9,11.9249342355,0.642857142857
NostalgiaForInfinityV4,transition,36,36,0,25.89949709,0.00553019442042,23,99.76253018,73.86303309,200.277777778,29,1.35064220905,0.638888888889
NostalgiaForInfinityV4HO,bear_trend,3,3,0,9.24950854,0.0172364869842,3,9.24950854,0,28.3333333333,3,inf,1
NostalgiaForInfinityV4HO,bull_trend,94,94,0,233.06285662,0.0164708208156,87,268.81637593,35.75351931,111.329787234,44,7.51859903914,0.925531914894
NostalgiaForInfinityV4HO,high_vol_shock,149,149,0,252.91705638,0.0102560782776,130,424.14398696,171.22693058,110.369127517,80,2.47708690171,0.872483221477
NostalgiaForInfinityV4HO,range_choppy,30,30,0,66.13287325,0.0138255168014,27,77.54406176,11.41118851,93.3333333333,22,6.79544130675,0.9
NostalgiaForInfinityV4HO,range_quiet,6,6,0,20.32168035,0.0174467221904,6,20.32168035,0,40,6,inf,1
NostalgiaForInfinityV4HO,transition,31,31,0,89.20950092,0.0169198825406,30,89.36776267,0.15826175,134.193548387,24,564.683271037,0.967741935484
NostalgiaForInfinityV5,bear_trend,29,29,0,24.44290604,0.00414658409506,23,45.66100406,21.21809802,316.379310345,23,2.15198384026,0.793103448276
NostalgiaForInfinityV5,bull_trend,137,137,0,222.86281142,0.00990310738852,116,375.17568126,152.31286984,293.686131387,91,2.46319094148,0.846715328467
NostalgiaForInfinityV5,high_vol_shock,143,143,0,635.62551339,0.0240866672667,134,748.99563388,113.37012049,171.538461538,69,6.60664053847,0.937062937063
NostalgiaForInfinityV5,range_choppy,55,55,0,61.6975563,0.0071910732589,41,120.74782918,59.05027288,392.636363636,41,2.04483101078,0.745454545455
NostalgiaForInfinityV5,range_quiet,53,53,0,14.23543681,0.00110496460679,35,72.39215584,58.15671903,357.924528302,37,1.244777165,0.660377358491
NostalgiaForInfinityV5,transition,63,63,0,13.02956381,0.00265010721435,45,139.51957726,126.49001345,373.888888889,53,1.10300863645,0.714285714286
NostalgiaForInfinityV5MultiOffsetAndHO,bear_trend,103,103,0,-74.77593785,-0.00317831798602,62,109.33370041,184.10963826,299.368932039,82,0.593851041387,0.601941747573
NostalgiaForInfinityV5MultiOffsetAndHO,bull_trend,404,404,0,144.52746995,0.00236350089774,293,595.02649933,450.49902938,195.482673267,242,1.32081638477,0.725247524752
NostalgiaForInfinityV5MultiOffsetAndHO,high_vol_shock,458,458,0,960.3699135,0.0107686626944,405,1354.08057615,393.71066265,54.2030567686,160,3.43927839555,0.884279475983
NostalgiaForInfinityV5MultiOffsetAndHO,range_choppy,159,159,0,39.37854611,0.00196287751136,111,208.28239813,168.90385202,170.72327044,108,1.2331417883,0.698113207547
NostalgiaForInfinityV5MultiOffsetAndHO,range_quiet,160,160,0,1.04296089,-0.000103893891908,100,174.84791103,173.80495014,271.09375,118,1.00600075481,0.625
NostalgiaForInfinityV5MultiOffsetAndHO,transition,197,197,0,-40.37787109,-0.000182061120389,125,222.17547806,262.55334915,267.512690355,165,0.846210794032,0.634517766497
NostalgiaForInfinityV5MultiOffsetAndHO2,bear_trend,90,90,0,-64.12087304,-0.00349980393088,53,78.40633427,142.52720731,304.5,73,0.550114857014,0.588888888889
NostalgiaForInfinityV5MultiOffsetAndHO2,bull_trend,341,341,0,102.41988289,0.00228574772198,240,410.4091281,307.98924521,216.715542522,214,1.33254369912,0.703812316716
NostalgiaForInfinityV5MultiOffsetAndHO2,high_vol_shock,246,246,0,674.91650708,0.01545974203,223,841.91775409,167.00124701,54.2479674797,107,5.04138603252,0.906504065041
NostalgiaForInfinityV5MultiOffsetAndHO2,range_choppy,134,134,0,11.72822559,0.00126537921017,91,145.11778529,133.3895597,190.335820896,96,1.08792461431,0.679104477612
NostalgiaForInfinityV5MultiOffsetAndHO2,range_quiet,153,153,0,0.6489648,-0.000156157612394,92,139.44355037,138.79458557,282.679738562,115,1.0046757213,0.601307189542
NostalgiaForInfinityV5MultiOffsetAndHO2,transition,184,184,0,-35.99430885,-0.000499974739725,116,174.96071681,210.95502566,289.782608696,155,0.829374489954,0.630434782609
NostalgiaForInfinityV6,bear_trend,35,35,0,13.03269842,0.00217988853669,25,56.14964972,43.1169513,408.285714286,29,1.30226391308,0.714285714286
NostalgiaForInfinityV6,bull_trend,165,165,0,317.06580215,0.0109020545811,139,493.52175514,176.45595299,287.212121212,103,2.79685523088,0.842424242424
NostalgiaForInfinityV6,high_vol_shock,166,166,0,739.7389999,0.0226616559016,151,865.54772124,125.80872134,162.289156627,81,6.87987058465,0.909638554217
NostalgiaForInfinityV6,range_choppy,67,67,0,63.18026603,0.00595919863937,49,161.1470806,97.96681457,419.776119403,51,1.64491497766,0.731343283582
NostalgiaForInfinityV6,range_quiet,58,58,0,23.56107667,0.00139466795644,38,92.57385075,69.01277408,388.620689655,42,1.34140167504,0.655172413793
NostalgiaForInfinityV6,transition,73,73,0,41.62912045,0.00414380988498,52,192.09248556,150.46336511,356.98630137,59,1.27667279952,0.712328767123
NostalgiaForInfinityV6HO,bear_trend,35,35,0,13.03269842,0.00217988853669,25,56.14964972,43.1169513,408.285714286,29,1.30226391308,0.714285714286
NostalgiaForInfinityV6HO,bull_trend,165,165,0,317.06580215,0.0109020545811,139,493.52175514,176.45595299,287.212121212,103,2.79685523088,0.842424242424
NostalgiaForInfinityV6HO,high_vol_shock,166,166,0,739.7389999,0.0226616559016,151,865.54772124,125.80872134,162.289156627,81,6.87987058465,0.909638554217
NostalgiaForInfinityV6HO,range_choppy,67,67,0,63.18026603,0.00595919863937,49,161.1470806,97.96681457,419.776119403,51,1.64491497766,0.731343283582
NostalgiaForInfinityV6HO,range_quiet,58,58,0,23.56107667,0.00139466795644,38,92.57385075,69.01277408,388.620689655,42,1.34140167504,0.655172413793
NostalgiaForInfinityV6HO,transition,73,73,0,41.62912045,0.00414380988498,52,192.09248556,150.46336511,356.98630137,59,1.27667279952,0.712328767123
NostalgiaForInfinityV7,bear_trend,36,36,0,12.90873624,0.00180291574657,25,54.34013372,41.43139748,462.361111111,31,1.31156893142,0.694444444444
NostalgiaForInfinityV7,bull_trend,165,165,0,342.05487721,0.0115641394717,143,483.41819461,141.3633174,290.696969697,99,3.41968626304,0.866666666667
NostalgiaForInfinityV7,high_vol_shock,156,156,0,714.93689238,0.0235844972346,147,828.03437826,113.09748588,173.685897436,81,7.32142161974,0.942307692308
NostalgiaForInfinityV7,range_choppy,63,63,0,69.80586713,0.00698203682973,49,156.31981229,86.51394516,467.619047619,48,1.80687416348,0.777777777778
NostalgiaForInfinityV7,range_quiet,53,53,0,20.44739127,0.000992804224963,36,86.5606427,66.11325143,490.188679245,37,1.30927825856,0.679245283019
NostalgiaForInfinityV7,transition,69,69,0,-14.717222,0.00100551537883,50,134.89536671,149.61258871,432.971014493,60,0.901631125249,0.724637681159
NostalgiaForInfinityV7_SMA,bear_trend,46,46,0,28.1719963,0.00235585548322,32,100.10550392,71.93350762,421.739130435,38,1.39163940745,0.695652173913
NostalgiaForInfinityV7_SMA,bull_trend,206,206,0,527.37581495,0.0118958088767,185,688.2451716,160.86935665,222.912621359,113,4.27828634323,0.898058252427
NostalgiaForInfinityV7_SMA,high_vol_shock,239,239,0,1103.30471748,0.02036316716,228,1264.97345538,161.6687379,96.7154811715,99,7.82447782924,0.953974895397
NostalgiaForInfinityV7_SMA,range_choppy,87,87,0,140.92188615,0.00809027471213,70,273.29469494,132.37280879,346.206896552,57,2.06458333428,0.804597701149
NostalgiaForInfinityV7_SMA,range_quiet,56,56,0,70.18213369,0.00352290041314,40,135.90100987,65.71887618,425.089285714,39,2.06791439187,0.714285714286
NostalgiaForInfinityV7_SMA,transition,88,88,0,33.484837,0.00373741409028,69,279.50886679,246.02402979,317.897727273,70,1.13610392866,0.784090909091
NostalgiaForInfinityV7_SMAv2_1,bear_trend,14,14,0,28.22830198,0.0065669619203,10,50.83593633,22.60763435,377.5,12,2.24861812355,0.714285714286
NostalgiaForInfinityV7_SMAv2_1,bull_trend,105,105,0,374.5574183,0.0189895294777,99,436.06800032,61.51058202,340.285714286,58,7.08931676469,0.942857142857
NostalgiaForInfinityV7_SMAv2_1,high_vol_shock,200,200,0,834.12923563,0.0206781873326,191,1116.50626304,282.37702741,199.45,87,3.95395572112,0.955
NostalgiaForInfinityV7_SMAv2_1,range_choppy,37,37,0,131.02153996,0.017156137527,33,153.63540656,22.6138666,261.081081081,22,6.79385835592,0.891891891892
NostalgiaForInfinityV7_SMAv2_1,range_quiet,24,24,0,100.78548826,0.0137668797267,21,130.63618566,29.8506974,1307.91666667,17,4.37631938408,0.875
NostalgiaForInfinityV7_SMAv2_1,transition,45,45,0,-14.72210292,0.00270139099619,40,188.32458862,203.04669154,429.888888889,36,0.927494002447,0.888888888889
NostalgiaForInfinityX,bear_trend,31,31,0,99.22085308,0.0155007820033,29,167.17447005,67.95361697,1521.4516129,16,2.46012614934,0.935483870968
NostalgiaForInfinityX,bull_trend,39,39,0,160.78980537,0.0282729231277,39,160.78980537,0,644.743589744,19,inf,1
NostalgiaForInfinityX,high_vol_shock,135,135,0,497.3403928,0.0222050581895,132,682.09093108,184.75053828,417.814814815,57,3.6919563939,0.977777777778
NostalgiaForInfinityX,range_choppy,24,24,0,138.1729748,0.0278647729108,22,165.1202093,26.9472345,1862.29166667,14,6.12753821918,0.916666666667
NostalgiaForInfinityX,range_quiet,4,4,0,78.14704692,0.0827794661815,4,78.14704692,0,307.5,2,inf,1
NostalgiaForInfinityX,transition,26,26,0,76.02418425,0.0116833379048,23,138.96895251,62.94476826,2651.73076923,17,2.20779194763,0.884615384615
NotAnotherSMAOffsetStrategy,bear_trend,32,32,0,70.94655723,0.00978974601706,23,112.09545686,41.14889963,82.03125,21,2.72414227034,0.71875
NotAnotherSMAOffsetStrategy,bull_trend,162,162,0,285.19155027,0.00975250627595,120,453.81562411,168.62407384,62.2222222222,81,2.69128608849,0.740740740741
NotAnotherSMAOffsetStrategy,high_vol_shock,341,341,0,723.88984228,0.0108103800387,270,1051.22765654,327.33781426,47.0381231672,120,3.21144582369,0.791788856305
NotAnotherSMAOffsetStrategy,range_choppy,64,64,0,110.74966789,0.00882727792039,50,162.75140691,52.00173902,69.609375,41,3.12973008167,0.78125
NotAnotherSMAOffsetStrategy,range_quiet,42,42,0,176.26673226,0.0178211371257,39,197.036723,20.76999074,58.6904761905,22,9.48660620347,0.928571428571
NotAnotherSMAOffsetStrategy,transition,59,59,0,-66.42745287,-0.00171865225315,38,170.5884307,237.01588357,80.4237288136,41,0.719734171949,0.64406779661
NotAnotherSMAOffsetStrategyHO,bear_trend,55,55,0,382.967444,0.0221545238064,51,393.47575094,10.50830694,49.3636363636,22,37.444257499,0.927272727273
NotAnotherSMAOffsetStrategyHO,bull_trend,134,134,0,534.87860399,0.0170527332544,111,685.18544335,150.30683936,58.8059701493,62,4.55857794807,0.828358208955
NotAnotherSMAOffsetStrategyHO,high_vol_shock,321,321,0,1138.31071484,0.0149475908254,271,1794.83998409,656.52926925,46.7757009346,104,2.73383087115,0.844236760125
NotAnotherSMAOffsetStrategyHO,range_choppy,65,65,0,314.83515618,0.0166084617399,58,382.17399065,67.33883447,58.8461538462,37,5.67538766683,0.892307692308
NotAnotherSMAOffsetStrategyHO,range_quiet,48,48,0,-25.14950851,0.00222150639688,42,358.7253671,383.87487561,52.5,19,0.934485140581,0.875
NotAnotherSMAOffsetStrategyHO,transition,72,72,0,131.20238589,0.0110851636203,58,455.19614136,323.99375547,69.5138888889,47,1.40495344023,0.805555555556
NotAnotherSMAOffsetStrategyHOv3,bear_trend,27,27,0,59.57358209,0.00962272560935,22,104.34435932,44.77077723,549.259259259,17,2.33063542283,0.814814814815
NotAnotherSMAOffsetStrategyHOv3,bull_trend,108,108,0,106.88012821,0.00504444269066,78,336.46627671,229.5861485,227.5,52,1.46553387,0.722222222222
NotAnotherSMAOffsetStrategyHOv3,high_vol_shock,382,382,0,736.37076218,0.0110191740821,319,1303.50124584,567.13048366,131.452879581,108,2.29841506213,0.835078534031
NotAnotherSMAOffsetStrategyHOv3,range_choppy,51,51,0,60.04822722,0.00548129689232,39,138.50638126,78.45815404,522.156862745,30,1.76535355636,0.764705882353
NotAnotherSMAOffsetStrategyHOv3,range_quiet,35,35,0,141.92229477,0.0184258548232,33,158.99638498,17.07409021,132.857142857,15,9.312143899,0.942857142857
NotAnotherSMAOffsetStrategyHOv3,transition,47,47,0,-57.02664525,-0.00154599649703,37,139.01438922,196.04103447,135,33,0.7091086292,0.787234042553
NotAnotherSMAOffsetStrategyLite,bear_trend,76,76,0,-14.41135801,-0.000901089828873,47,120.01404911,134.42540712,60.1973684211,46,0.892792900399,0.618421052632
NotAnotherSMAOffsetStrategyLite,bull_trend,259,259,0,189.95197748,0.00406349497104,187,481.59021738,291.6382399,45.8494208494,111,1.65132740324,0.722007722008
NotAnotherSMAOffsetStrategyLite,high_vol_shock,534,534,0,676.05471618,0.0070615310774,418,1270.77125226,594.71653608,37.1348314607,167,2.13676798132,0.782771535581
NotAnotherSMAOffsetStrategyLite,range_choppy,108,108,0,36.95934354,0.00201392032131,67,173.17246317,136.21311963,56.2962962963,66,1.2713346823,0.62037037037
NotAnotherSMAOffsetStrategyLite,range_quiet,33,33,0,68.53528169,0.0102523818053,29,74.95557727,6.42029558,49.0909090909,24,11.6747860493,0.878787878788
NotAnotherSMAOffsetStrategyLite,transition,112,112,0,97.36982034,0.00510388806323,81,221.83906492,124.46924458,51.6964285714,71,1.78228015819,0.723214285714
NotAnotherSMAOffsetStrategyModHO,bear_trend,34,34,0,52.93649322,0.010176325149,26,64.2673244,11.33083118,34.4117647059,17,5.67189850233,0.764705882353
NotAnotherSMAOffsetStrategyModHO,bull_trend,159,159,0,23.10072445,0.000880838784036,90,204.96324218,181.86251773,39.0251572327,70,1.12702301023,0.566037735849
NotAnotherSMAOffsetStrategyModHO,high_vol_shock,597,597,0,273.91976946,0.00314392815091,393,940.42108694,666.50131748,32.0351758794,133,1.4109815874,0.658291457286
NotAnotherSMAOffsetStrategyModHO,range_choppy,78,78,0,58.25404444,0.0051998910292,55,121.48423079,63.23018635,37.5,34,1.92130116646,0.705128205128
NotAnotherSMAOffsetStrategyModHO,range_quiet,23,23,0,33.85678167,0.00881103537892,16,48.30925257,14.4524709,26.9565217391,10,3.34262929185,0.695652173913
NotAnotherSMAOffsetStrategyModHO,transition,60,60,0,12.81530823,0.00195622897819,38,91.51129845,78.69599022,38.25,33,1.16284575865,0.633333333333
NotAnotherSMAOffsetStrategyModHO_LamineDz_20210901,bear_trend,34,34,0,53.24713756,0.0101763251479,26,64.6574785,11.41034094,34.4117647059,17,5.66656849607,0.764705882353
NotAnotherSMAOffsetStrategyModHO_LamineDz_20210901,bull_trend,159,159,0,23.2569414,0.000880838784163,90,205.69532979,182.43838839,39.0251572327,70,1.12747833175,0.566037735849
NotAnotherSMAOffsetStrategyModHO_LamineDz_20210901,high_vol_shock,595,595,0,283.42995586,0.00323334004679,391,920.31257022,636.88261436,32.1848739496,133,1.44502699472,0.657142857143
NotAnotherSMAOffsetStrategyModHO_LamineDz_20210901,range_choppy,78,78,0,58.49416633,0.00519989102882,55,122.03893658,63.54477025,37.5,34,1.92051896796,0.705128205128
NotAnotherSMAOffsetStrategyModHO_LamineDz_20210901,range_quiet,23,23,0,34.0868758,0.00881103537892,16,48.64026847,14.55339267,26.9565217391,10,3.34219446784,0.695652173913
NotAnotherSMAOffsetStrategyModHO_LamineDz_20210901,transition,60,60,0,12.74747336,0.00195622897819,38,91.86383866,79.1163653,38.25,33,1.16112309143,0.633333333333
NotAnotherSMAOffsetStrategyX1,bear_trend,8,8,0,-1.39530339,-0.00173327335693,4,10.6367478,12.03205119,103.125,7,0.884034453647,0.5
NotAnotherSMAOffsetStrategyX1,bull_trend,100,100,0,46.44871175,0.00319479958838,59,142.48114171,96.03242996,69.1,50,1.48367735534,0.59
NotAnotherSMAOffsetStrategyX1,high_vol_shock,293,293,0,304.84328698,0.0070116854507,208,540.82832316,235.98503618,44.9146757679,103,2.29179075044,0.709897610922
NotAnotherSMAOffsetStrategyX1,range_choppy,42,42,0,45.14974251,0.00729216461508,31,69.17711515,24.02737264,63.5714285714,23,2.87909611203,0.738095238095
NotAnotherSMAOffsetStrategyX1,range_quiet,6,6,0,12.35311755,0.0128854996204,6,12.35311755,0,25.8333333333,5,inf,1
NotAnotherSMAOffsetStrategyX1,transition,34,34,0,11.38242048,0.00311054255981,21,53.51602814,42.13360766,65.2941176471,23,1.27015062588,0.617647058824
NotAnotherSMAOffsetStrategy_uzi,bear_trend,9,9,0,-8.45148381,-0.00683580229902,5,9.1095613,17.56104511,121.666666667,7,0.518736854381,0.555555555556
NotAnotherSMAOffsetStrategy_uzi,bull_trend,115,115,0,11.82877839,0.00042623919101,79,222.56851047,210.73973208,63.2173913043,50,1.05612979704,0.686956521739
NotAnotherSMAOffsetStrategy_uzi,high_vol_shock,320,320,0,328.73054465,0.00725005174489,246,823.22845362,494.49790897,45.609375,104,1.66477640994,0.76875
NotAnotherSMAOffsetStrategy_uzi,range_choppy,44,44,0,20.43014653,0.00319970413828,30,87.08036704,66.65022051,76.5909090909,23,1.30652781602,0.681818181818
NotAnotherSMAOffsetStrategy_uzi,range_quiet,7,7,0,19.41483802,0.0188776669237,7,19.41483802,0,37.8571428571,5,inf,1
NotAnotherSMAOffsetStrategy_uzi,transition,34,34,0,-16.15282197,-0.00191749836729,20,54.4466813,70.59950327,79.7058823529,22,0.771204877912,0.588235294118
NowoIchimoku1hV2,bear_trend,762,762,0,2150.42027025,0.00614677932901,568,7183.1542583,5032.73398805,2170.23622047,434,1.42728669454,0.745406824147
NowoIchimoku1hV2,bull_trend,584,584,0,1401.38446145,0.00519974917656,419,4810.24071216,3408.85625071,1862.26027397,376,1.41110107273,0.717465753425
NowoIchimoku1hV2,high_vol_shock,295,295,0,1069.53742496,0.00860584105853,220,3591.73418247,2522.19675751,1355.79661017,180,1.42404995636,0.745762711864
NowoIchimoku1hV2,range_choppy,460,460,0,874.79462161,0.00606439088645,334,4352.20520066,3477.41057905,1736.73913043,331,1.25156495091,0.726086956522
NowoIchimoku1hV2,range_quiet,472,472,0,581.27181975,0.00339746821106,328,4291.84150102,3710.56968127,2318.00847458,325,1.15665298584,0.694915254237
NowoIchimoku1hV2,transition,622,622,0,905.17004623,0.00472301055596,447,4924.12798642,4018.95794019,2076.75241158,458,1.22522506075,0.718649517685
ONUR,bull_trend,274,274,0,584.20799751,0.0230568453357,270,5359.52333811,4775.3153406,39068.8686131,113,1.12233914534,0.985401459854
ONUR,high_vol_shock,184,184,0,1827.35190816,0.0275930160422,182,4250.02933128,2422.67742312,47599.2391304,53,1.75426959063,0.989130434783
ONUR,range_choppy,64,64,0,1024.42409884,0.0348669738682,64,1024.42409884,0,11458.359375,31,inf,1
ONUR,range_quiet,4,4,0,189.22978927,0.0299999885444,4,189.22978927,0,45296.25,4,inf,1
ONUR,transition,106,106,0,659.64929837,0.0225840917171,104,2472.20160636,1812.55230799,48681.509434,56,1.3639339375,0.981132075472
ORBAlgo,bear_trend,2957,1415,1542,-259.24977637,-0.00238176397256,482,292.45914039,551.70891676,123.40209672,1114,0.530096816465,0.163003043625
ORBAlgo,bull_trend,2296,1155,1141,-184.59260254,-0.00168123063592,431,414.17129177,598.76389431,118.7478223,958,0.691710531824,0.187717770035
ORBAlgo,high_vol_shock,1523,727,796,9.48469932,-0.000403150073523,420,624.14315182,614.6584525,120.787918582,604,1.01543084502,0.275771503611
ORBAlgo,range_choppy,2112,1091,1021,-202.63422922,-0.00214500731876,360,259.58968894,462.22391816,122.945075758,1006,0.561610247201,0.170454545455
ORBAlgo,range_quiet,1783,938,845,-106.98457157,-0.00218398407895,242,69.90290668,176.88747825,131.693774537,881,0.395182900291,0.135726303982
ORBAlgo,transition,2475,1275,1200,-173.58557856,-0.00194727221999,436,364.63008684,538.2156654,131.717171717,1401,0.677479512918,0.176161616162
Obelisk_Ichimoku_Slow_v1,bear_trend,713,713,0,-606.7140931,-0.00263378329391,210,2662.15984733,3268.87394043,2189.28471248,399,0.814396607469,0.294530154278
Obelisk_Ichimoku_Slow_v1,bull_trend,546,546,0,495.73393402,0.00516656692684,166,3283.81035093,2788.07641691,2443.62637363,371,1.17780500241,0.304029304029
Obelisk_Ichimoku_Slow_v1,high_vol_shock,224,224,0,-333.74959284,0.00169844236958,68,1951.63664124,2285.38623408,2732.94642857,146,0.853963593609,0.303571428571
Obelisk_Ichimoku_Slow_v1,range_choppy,425,425,0,396.79739985,0.00594518372316,132,2572.29796233,2175.50056248,2342.68235294,317,1.1823936094,0.310588235294
Obelisk_Ichimoku_Slow_v1,range_quiet,468,468,0,277.07796466,0.00487911697237,145,1647.28517763,1370.20721297,2547.69230769,324,1.20221610428,0.309829059829
Obelisk_Ichimoku_Slow_v1,transition,520,520,0,721.86618507,0.00610171746005,161,3109.13237563,2387.26619056,2380.61538462,403,1.30238194129,0.309615384615
Obelisk_Ichimoku_Slow_v1_1,bear_trend,713,713,0,-606.7140931,-0.00263378329391,210,2662.15984733,3268.87394043,2189.28471248,399,0.814396607469,0.294530154278
Obelisk_Ichimoku_Slow_v1_1,bull_trend,546,546,0,495.73393402,0.00516656692684,166,3283.81035093,2788.07641691,2443.62637363,371,1.17780500241,0.304029304029
Obelisk_Ichimoku_Slow_v1_1,high_vol_shock,224,224,0,-333.74959284,0.00169844236958,68,1951.63664124,2285.38623408,2732.94642857,146,0.853963593609,0.303571428571
Obelisk_Ichimoku_Slow_v1_1,range_choppy,425,425,0,396.79739985,0.00594518372316,132,2572.29796233,2175.50056248,2342.68235294,317,1.1823936094,0.310588235294
Obelisk_Ichimoku_Slow_v1_1,range_quiet,468,468,0,277.07796466,0.00487911697237,145,1647.28517763,1370.20721297,2547.69230769,324,1.20221610428,0.309829059829
Obelisk_Ichimoku_Slow_v1_1,transition,520,520,0,721.86618507,0.00610171746005,161,3109.13237563,2387.26619056,2380.61538462,403,1.30238194129,0.309615384615
Obelisk_Ichimoku_Slow_v1_2,bear_trend,716,716,0,-405.04018621,-0.0017332955808,204,2425.59421632,2830.63440253,1920.16759777,399,0.85690833622,0.284916201117
Obelisk_Ichimoku_Slow_v1_2,bull_trend,618,618,0,907.2822286,0.00890734110327,177,3617.60167869,2710.31945009,2072.81553398,393,1.33475103039,0.28640776699
Obelisk_Ichimoku_Slow_v1_2,high_vol_shock,266,266,0,-257.09957476,0.000853100541391,71,1887.29989766,2144.39947242,1946.61654135,162,0.880106492253,0.266917293233
Obelisk_Ichimoku_Slow_v1_2,range_choppy,458,458,0,388.43441215,0.00479923345826,137,2342.51099094,1954.07657879,1951.04803493,331,1.19878157098,0.299126637555
Obelisk_Ichimoku_Slow_v1_2,range_quiet,512,512,0,132.59440804,0.00294192012233,151,1430.17745335,1297.58304531,2069.53125,339,1.10218568169,0.294921875
Obelisk_Ichimoku_Slow_v1_2,transition,553,553,0,174.46842844,0.000477194612516,163,2302.52830641,2128.05987797,1996.81735986,420,1.08198473654,0.294755877034
Obelisk_TradePro_Ichi_v1_1,bear_trend,993,993,0,-76.07295233,-0.000450134746849,229,1236.6116765,1312.68462883,1263.44410876,497,0.942047807478,0.230614300101
Obelisk_TradePro_Ichi_v1_1,bull_trend,919,919,0,79.00135863,0.000906017546864,229,1299.75309422,1220.75173559,1029.46681175,497,1.06471533591,0.249183895539
Obelisk_TradePro_Ichi_v1_1,high_vol_shock,431,431,0,-79.1814731,-0.000197000849658,70,705.42404216,784.60551526,592.204176334,210,0.899081166828,0.162412993039
Obelisk_TradePro_Ichi_v1_1,range_choppy,650,650,0,20.84317336,0.000342461105146,152,945.19399095,924.35081759,987.046153846,397,1.02254898569,0.233846153846
Obelisk_TradePro_Ichi_v1_1,range_quiet,678,678,0,152.34306785,0.00223798856386,173,799.83772144,647.49465359,1433.18584071,405,1.23528081198,0.255162241888
Obelisk_TradePro_Ichi_v1_1,transition,806,806,0,-74.24319016,-0.00077812913674,207,925.84830176,1000.09149192,1167.76674938,533,0.925763601871,0.25682382134
Obelisk_TradePro_Ichi_v2,bear_trend,754,754,0,-192.47581624,-0.00189063930746,325,1575.03244101,1767.50825725,1296.28647215,424,0.891103300112,0.431034482759
Obelisk_TradePro_Ichi_v2,bull_trend,656,656,0,-16.80404077,-9.46296761846e-06,319,1622.14703324,1638.95107401,1102.40853659,414,0.989747076019,0.486280487805
Obelisk_TradePro_Ichi_v2,high_vol_shock,333,333,0,-0.35526489,0.000435591783694,179,920.58293795,920.93820284,487.027027027,179,0.999614235908,0.537537537538
Obelisk_TradePro_Ichi_v2,range_choppy,474,474,0,6.04726657,0.000304337336911,232,1188.25416134,1182.20689477,1009.74683544,332,1.00511523541,0.489451476793
Obelisk_TradePro_Ichi_v2,range_quiet,493,493,0,80.74417105,0.00138201463376,217,965.54716957,884.80299852,1585.80121704,345,1.09125666525,0.440162271805
Obelisk_TradePro_Ichi_v2,transition,578,578,0,37.80926643,0.000373051241041,279,1365.51313519,1327.70386876,1194.18685121,447,1.02847718329,0.482698961938
Obelisk_TradePro_Ichi_v2_1,bear_trend,988,988,0,-321.43833712,-0.00113100376663,477,3849.28116635,4170.71950347,1438.11740891,442,0.922929763833,0.482793522267
Obelisk_TradePro_Ichi_v2_1,bull_trend,1267,1267,0,569.7327204,0.0023200367476,744,6014.88841807,5445.15569767,1115.75374901,518,1.10463111654,0.587213891081
Obelisk_TradePro_Ichi_v2_1,high_vol_shock,758,758,0,-337.84397879,-0.000454125908725,482,4164.67276575,4502.51674454,620.026385224,247,0.924965525292,0.635883905013
Obelisk_TradePro_Ichi_v2_1,range_choppy,847,847,0,809.98162473,0.00454549023753,511,4279.13001781,3469.14839308,1053.57733176,406,1.23348140032,0.603305785124
Obelisk_TradePro_Ichi_v2_1,range_quiet,679,679,0,232.64800317,0.00212431314589,332,2232.97969354,2000.33169037,1647.48159057,380,1.11630471301,0.488954344624
Obelisk_TradePro_Ichi_v2_1,transition,986,986,0,-46.63968849,4.49897149214e-05,530,4139.29641975,4185.93610824,1288.4178499,585,0.988858002778,0.53752535497
Obelisk_TradePro_Ichi_v2_2,bear_trend,2094,2094,0,-204.6383456,-0.00213360499971,1266,471.92546749,676.56381309,470.062082139,527,0.697532824486,0.604584527221
Obelisk_TradePro_Ichi_v2_2,bull_trend,2441,2441,0,-197.50429065,-0.00127426841895,1543,1153.77544589,1351.27973654,490.309299467,645,0.853839079127,0.632117984433
Obelisk_TradePro_Ichi_v2_2,high_vol_shock,929,929,0,-249.86752725,-0.00368088400033,587,914.80802473,1164.67555198,513.218514532,254,0.785461687742,0.631862217438
Obelisk_TradePro_Ichi_v2_2,range_choppy,1569,1569,0,13.67889428,-0.000313379113552,1017,749.97859462,736.29970034,433.33014659,487,1.01857788924,0.648183556405
Obelisk_TradePro_Ichi_v2_2,range_quiet,1648,1648,0,-64.98613755,-0.00114745120838,986,226.43359254,291.41973009,502.257281553,486,0.777001586235,0.598300970874
Obelisk_TradePro_Ichi_v2_2,transition,2037,2037,0,-198.0305904,-0.00210916951253,1214,706.81765519,904.84824559,473.289150712,705,0.781144969485,0.595974472263
OmaGann,bear_trend,2239,2239,0,-254.70986372,-0.00121101968935,671,2171.07370945,2425.78357317,1304.35015632,865,0.894998932907,0.299687360429
OmaGann,bull_trend,1660,1660,0,-163.83047402,-0.00127361270568,467,2162.13695436,2325.96742838,1185.54216867,720,0.929564588041,0.281325301205
OmaGann,high_vol_shock,864,864,0,-135.73938078,-0.000278312946217,255,2143.31020813,2279.04958891,949.444444444,377,0.940440356612,0.295138888889
OmaGann,range_choppy,1361,1361,0,-25.16610205,-0.00146233529789,392,1691.70199226,1716.86809431,1172.53490081,701,0.985341854663,0.288023512123
OmaGann,range_quiet,1509,1509,0,-78.53937037,-0.000678120709606,413,738.34606844,816.88543881,1266.04373757,683,0.90385509811,0.273691186216
OmaGann,transition,1888,1888,0,-162.82343742,-0.00162652557081,539,1990.2489729,2153.07241032,1231.08050847,1054,0.924376237121,0.285487288136
OversoldReversion,bear_trend,60,60,0,201.60272134,0.035523485207,37,395.98980735,194.38708601,4320,45,2.03711993157,0.616666666667
OversoldReversion,high_vol_shock,52,52,0,307.65797315,0.0646205485182,37,409.02467418,101.36670103,4320,31,4.03509900218,0.711538461538
OversoldReversion,range_choppy,3,3,0,-23.38396999,-0.062182698022,1,5.24905671,28.6330267,4320,3,0.183321755153,0.333333333333
OversoldReversion,transition,9,9,0,57.32320701,0.05507760356,7,61.97320497,4.64999796,4320,9,13.3275768082,0.777777777778
PRICEFOLLOWING,bear_trend,42,42,0,9.56532113,0.00182800733968,40,35.70425454,26.13893341,680.952380952,41,1.36594152408,0.952380952381
PRICEFOLLOWING,bull_trend,40,40,0,-9.4591855,-0.00187948200662,37,29.37731805,38.83650355,747.375,40,0.756435707766,0.925
PRICEFOLLOWING,high_vol_shock,29,29,0,-3.67314998,-0.000771111648568,26,35.81314408,39.48629406,495.689655172,27,0.906976583459,0.896551724138
PRICEFOLLOWING,range_choppy,34,34,0,15.96077296,0.00371799333554,33,29.06987176,13.1090988,987.205882353,33,2.21753395893,0.970588235294
PRICEFOLLOWING,range_quiet,29,29,0,12.46519417,0.00340620517529,28,25.54838329,13.08318912,2168.96551724,29,1.95276419653,0.965517241379
PRICEFOLLOWING,transition,36,36,0,14.00366444,0.00313449943039,35,27.31952231,13.31585787,1313.47222222,36,2.05165319251,0.972222222222
PRICEFOLLOWINGX,bear_trend,175,175,0,-91.15678877,-0.00169664342113,169,450.97777416,542.13456293,7226.65714286,145,0.831855788206,0.965714285714
PRICEFOLLOWINGX,bull_trend,238,238,0,-68.02194685,0.00173254598473,232,558.9269833,626.94893015,9952.37394958,193,0.891503209306,0.974789915966
PRICEFOLLOWINGX,high_vol_shock,105,105,0,224.7140432,0.0112223634791,104,296.3798632,71.66582,11688.1428571,86,4.13558183246,0.990476190476
PRICEFOLLOWINGX,range_choppy,164,164,0,-268.00686824,-0.00763155707264,157,400.91788081,668.92474905,10065.0914634,142,0.599346759676,0.957317073171
PRICEFOLLOWINGX,range_quiet,100,100,0,101.40753532,0.00751499352119,99,202.90422112,101.4966858,14067.15,92,1.99912164147,0.99
PRICEFOLLOWINGX,transition,182,182,0,245.66956451,0.00864703589831,179,442.18122323,196.51165872,11963.3241758,166,2.25015261746,0.983516483516
ParabolicSarStrategy,bear_trend,1253,1253,0,-115.56679936,-0.00244029244415,373,95.24894458,210.81574394,53.3599361532,164,0.451811343877,0.297685554669
ParabolicSarStrategy,bull_trend,2559,2559,0,-262.38884594,-0.00231300316988,809,264.89789787,527.28674381,53.4955060571,277,0.502379210135,0.316139116843
ParabolicSarStrategy,high_vol_shock,2897,2897,0,-120.85690642,-0.00267849050161,976,253.79384195,374.65074837,51.9313082499,211,0.677414480164,0.336900241629
ParabolicSarStrategy,range_choppy,1861,1861,0,-146.77313782,-0.00184834217634,583,192.53466239,339.30780021,54.9005910801,232,0.567433646591,0.313272434175
ParabolicSarStrategy,range_quiet,644,644,0,-78.46968729,-0.00241471751015,139,27.28231346,105.75200075,55.8152173913,118,0.257983898806,0.215838509317
ParabolicSarStrategy,transition,2178,2178,0,-241.71057516,-0.00243706732166,600,191.58348975,433.29406491,54.2447199265,309,0.442155813488,0.275482093664
PatternRecognition,bear_trend,95,95,0,-60.3169189,0.00589708410314,74,876.31801954,936.63493844,23767.5789474,84,0.935602531547,0.778947368421
PatternRecognition,bull_trend,164,164,0,368.11886955,0.0145421214363,126,1657.69675984,1289.57789029,29414.6341463,142,1.28545687106,0.768292682927
PatternRecognition,high_vol_shock,85,85,0,-145.06882655,-0.0074388531964,64,1040.87166913,1185.94049568,8978.82352941,70,0.87767613377,0.752941176471
PatternRecognition,range_choppy,74,74,0,-298.30395656,-0.0207884001604,51,686.23652231,984.54047887,24168.6486486,71,0.697011993958,0.689189189189
PatternRecognition,range_quiet,51,51,0,-98.17003411,-0.000469349107879,34,339.78404646,437.95408057,39698.8235294,48,0.775844001768,0.666666666667
PatternRecognition,transition,84,84,0,44.99388875,0.00314145178249,65,746.96236847,701.96847972,25302.8571429,82,1.06409673661,0.77380952381
Patterns2,bear_trend,1221,1221,0,-147.96819082,-0.00114433041103,850,506.51051713,654.47870795,2016.71580672,624,0.773914431405,0.696150696151
Patterns2,bull_trend,1303,1303,0,-273.00126779,-0.00343616574381,922,815.8379272,1088.83919499,2664.23637759,675,0.749273107502,0.707597851113
Patterns2,high_vol_shock,635,635,0,-372.24656731,-0.00317510749656,450,840.79822544,1213.04479275,1283.76377953,353,0.693130402492,0.708661417323
Patterns2,range_choppy,845,845,0,-61.40325602,-0.00269820176618,592,495.44400924,556.84726526,2159.4556213,532,0.889730524238,0.700591715976
Patterns2,range_quiet,550,550,0,40.50493342,0.000185082402598,373,126.35823993,85.85330651,3679.51818182,372,1.47179235217,0.678181818182
Patterns2,transition,1016,1016,0,-66.14132014,-0.00290450744572,714,523.50730928,589.64862942,2791.07775591,683,0.887829265023,0.702755905512
Persia,bear_trend,1213,1213,0,-220.44298706,-0.00144671825729,780,958.35091691,1178.79390397,1646.87139324,305,0.81299276632,0.643033800495
Persia,bull_trend,969,969,0,155.93028202,0.00149704198593,700,1255.96686766,1100.03658564,1525.43859649,246,1.14175008727,0.722394220846
Persia,high_vol_shock,1266,1266,0,-197.44673725,-0.000836668073335,890,3006.19197834,3203.63871559,843.846761453,251,0.938367976299,0.703001579779
Persia,range_choppy,750,750,0,-112.65617097,-0.00170285361579,531,754.95863307,867.61480404,1600.72,211,0.870154162371,0.708
Persia,range_quiet,461,461,0,-26.24690934,-0.000363735449022,298,395.5688095,421.81571884,1949.31670282,152,0.937776360226,0.646420824295
Persia,transition,993,993,0,-73.27299487,-0.0006195670157,684,973.43181162,1046.70480649,1700.05035247,309,0.929996504826,0.688821752266
PolymarketMeanReversionStrategy,bear_trend,28,28,0,-44.24050453,-0.0114122282808,17,123.81468696,168.05519149,5134.28571429,27,0.736750146557,0.607142857143
PolymarketMeanReversionStrategy,bull_trend,19,19,0,79.55266821,0.0347766970664,12,99.46227708,19.90960887,4181.05263158,19,4.99569216701,0.631578947368
PolymarketMeanReversionStrategy,high_vol_shock,35,35,0,-12.80792051,-0.00142162533773,21,238.86875675,251.67667726,3764.57142857,30,0.949109624899,0.6
PolymarketMeanReversionStrategy,range_choppy,28,28,0,40.72912467,0.0119458198165,19,147.97928384,107.25015917,5040,25,1.37975817458,0.678571428571
PolymarketMeanReversionStrategy,range_quiet,14,14,0,-101.40820411,-0.0578883830737,6,13.63031718,115.03852129,6102.85714286,14,0.118484808629,0.428571428571
PolymarketMeanReversionStrategy,transition,23,23,0,90.80127942,0.03213781359,15,124.24322341,33.44194399,4466.08695652,22,3.7151914209,0.652173913043
PolymarketMomentumStrategy,bear_trend,195,195,0,-59.66237024,-0.00284187620756,76,260.39591006,320.0582803,1720.61538462,170,0.81358904327,0.389743589744
PolymarketMomentumStrategy,bull_trend,242,242,0,-55.57284446,-0.00173549397423,96,413.60776502,469.18060948,1569.91735537,195,0.8815534075,0.396694214876
PolymarketMomentumStrategy,high_vol_shock,161,161,0,-112.03690631,-0.00555273082511,61,422.43797258,534.47487889,1168.69565217,112,0.790379472011,0.378881987578
PolymarketMomentumStrategy,range_choppy,172,172,0,20.14924724,0.000396828515855,68,307.5642473,287.41500006,1409.30232558,140,1.07010506493,0.395348837209
PolymarketMomentumStrategy,range_quiet,154,154,0,-29.54802871,-0.00189811619357,48,149.29940177,178.84743048,1812.46753247,136,0.834786395137,0.311688311688
PolymarketMomentumStrategy,transition,201,201,0,-20.02444019,-0.000532842368908,85,317.16091226,337.18535245,1648.95522388,180,0.940612959476,0.422885572139
PowerTower,bear_trend,712,712,0,-300.14613976,-0.00161434951989,472,863.56891426,1163.71505402,2964.5505618,175,0.742079352911,0.662921348315
PowerTower,bull_trend,731,731,0,104.99336484,0.00157696163911,531,1281.93203887,1176.93867403,2883.93296854,168,1.08920886632,0.726402188782
PowerTower,high_vol_shock,986,986,0,87.9520048,0.000870330953479,698,2708.88774689,2620.93574209,1091.68864097,187,1.03355748231,0.707910750507
PowerTower,range_choppy,549,549,0,93.27531935,0.0014904716891,387,729.95320012,636.67788077,1956.63023679,133,1.14650315673,0.704918032787
PowerTower,range_quiet,180,180,0,368.29261422,0.011726924404,131,589.78070323,221.48808901,4191.55555556,53,2.66281002227,0.727777777778
PowerTower,transition,538,538,0,7.75128063,0.000110076272325,363,915.44422068,907.69294005,2233.40148699,139,1.00853954051,0.674721189591
PpoMomentumStrategy,bear_trend,2877,2877,0,-204.56306684,-0.00242521508893,852,247.56681145,452.12987829,96.5571776156,515,0.5475568489,0.29614181439
PpoMomentumStrategy,bull_trend,2803,2803,0,-153.37914755,-0.00156801444794,953,526.27389913,679.65304668,96.1398501605,553,0.774327286107,0.339992864788
PpoMomentumStrategy,high_vol_shock,1913,1913,0,-180.6051503,-0.00225767223411,672,586.33515499,766.94030529,96.1238891793,321,0.764512115149,0.351280710925
PpoMomentumStrategy,range_choppy,2280,2280,0,-129.19850098,-0.0017146269444,769,292.51007647,421.70857745,97.5350877193,493,0.693630843932,0.337280701754
PpoMomentumStrategy,range_quiet,881,881,0,-62.69113314,-0.00225663872374,219,54.34506576,117.0361989,96.7366628831,236,0.464344077053,0.248581157775
PpoMomentumStrategy,transition,2724,2724,0,-235.25497014,-0.00192679017818,884,356.93754464,592.19251478,95.8865638767,714,0.602739034573,0.324522760646
PriceActionCandleStrategy,bear_trend,2598,2598,0,-127.25590647,-0.0019595585371,873,64.22486944,191.48077591,32.981139338,299,0.335411579229,0.336027713626
PriceActionCandleStrategy,bull_trend,3187,3187,0,-243.82103025,-0.00202115549853,1098,139.66797256,383.48900281,35.4283024788,387,0.364203331873,0.344524631315
PriceActionCandleStrategy,high_vol_shock,2008,2008,0,-128.37425498,-0.00211711456244,832,113.17058944,241.54484442,37.0717131474,252,0.468528275616,0.414342629482
PriceActionCandleStrategy,range_choppy,2161,2161,0,-141.81805134,-0.00170783231559,776,89.51267395,231.33072529,34.7570569181,327,0.38694675702,0.359093012494
PriceActionCandleStrategy,range_quiet,707,707,0,-59.17303331,-0.00180383844182,168,17.35066022,76.52369353,33.2602545969,128,0.226735791487,0.237623762376
PriceActionCandleStrategy,transition,2809,2809,0,-265.40145524,-0.00227719890375,883,94.53447091,359.93592615,34.3787824849,464,0.262642498406,0.314346742613
PriceChannelStrategy,bear_trend,1392,1392,0,-118.35006209,-0.00281939179776,375,103.44210881,221.7921709,61.7277298851,244,0.466392066006,0.269396551724
PriceChannelStrategy,bull_trend,2422,2422,0,-238.26936519,-0.002562110449,694,294.32816224,532.59752743,64.4384805945,383,0.552627729348,0.286540049546
PriceChannelStrategy,high_vol_shock,2128,2128,0,-217.40788047,-0.00339138835518,620,291.55354409,508.96142456,61.6165413534,259,0.572840160415,0.291353383459
PriceChannelStrategy,range_choppy,1490,1490,0,-138.94768778,-0.00265204405858,393,156.76003065,295.70771843,61.7583892617,306,0.530118156815,0.263758389262
PriceChannelStrategy,range_quiet,421,421,0,-72.23332551,-0.0028043322227,92,29.47337679,101.7067023,57.6128266033,126,0.289787950287,0.218527315914
PriceChannelStrategy,transition,1847,1847,0,-180.62716762,-0.00247841679328,494,209.56487297,390.19204059,60.2436383324,426,0.537081362944,0.267460747158
PumpDetector,bear_trend,3431,3431,0,-67.51185844,-0.000846639124356,1958,247.85426566,315.3661241,117.812591081,284,0.785925458441,0.570679102303
PumpDetector,bull_trend,4731,4731,0,-295.86729587,-0.00155795843535,2659,542.17291314,838.04020901,112.222574509,400,0.646953341034,0.562037624181
PumpDetector,high_vol_shock,4260,4260,0,-211.34268544,-0.00157408430046,2479,737.7567935,949.09947894,121.48943662,272,0.777322935973,0.581924882629
PumpDetector,range_choppy,3247,3247,0,-114.13434365,-0.000937334878498,1940,365.29877895,479.4331226,112.391438251,323,0.761938968607,0.597474591931
PumpDetector,range_quiet,917,917,0,-62.86696039,-0.00128380352889,428,54.855307,117.72226739,110.136314068,131,0.465972226123,0.466739367503
PumpDetector,transition,3952,3952,0,-214.34202847,-0.00120038661457,2197,386.29962903,600.6416575,113.375506073,457,0.643144917117,0.555921052632
QuickBuyStrategy,bear_trend,952,952,0,-57.78959656,-0.00186007600377,522,30.08190534,87.8715019,385.588235294,110,0.342339719813,0.548319327731
QuickBuyStrategy,bull_trend,2383,2383,0,-406.48203584,-0.00367558969957,1388,173.94010424,580.42214008,364.632815778,236,0.299678617042,0.582459085187
QuickBuyStrategy,high_vol_shock,2730,2730,0,-223.86997508,-0.00374184763805,1582,204.42828081,428.29825589,253.406593407,170,0.477303556572,0.579487179487
QuickBuyStrategy,range_choppy,1593,1593,0,-36.9599024,-0.000967511570875,931,123.93157996,160.89148236,383.352165725,178,0.770280552719,0.584431889517
QuickBuyStrategy,range_quiet,259,259,0,-19.18552039,-0.000732623257227,156,13.30579028,32.49131067,967.644787645,52,0.409518422176,0.602316602317
QuickBuyStrategy,transition,1714,1714,0,-222.09946283,-0.00200474310919,992,95.71842596,317.81788879,473.628938156,250,0.301173814742,0.578763127188
Quickie,bear_trend,1202,1202,0,136.39798725,0.000712036756949,1129,1427.30469719,1290.90670994,2905.09983361,502,1.10566060754,0.939267886855
Quickie,bull_trend,1736,1736,0,159.6044675,0.00113294611759,1650,2858.71354767,2699.10908017,3372.89746544,626,1.05913227764,0.950460829493
Quickie,high_vol_shock,1207,1207,0,-932.23000707,-0.00212830872123,1124,3393.07207736,4325.30208443,1320.74150787,384,0.784470543589,0.931234465617
Quickie,range_choppy,812,812,0,-61.57088705,-0.00258130397534,760,1232.98591739,1294.55680444,2991.5270936,418,0.952438636266,0.935960591133
Quickie,range_quiet,356,356,0,5.92402021,-0.000371023543592,334,371.44119,365.51716979,7140.92696629,242,1.01620722828,0.938202247191
Quickie,transition,1018,1018,0,-22.66905895,-0.00142739016022,958,1491.46888142,1514.13794037,3771.88113949,546,0.985028405705,0.941060903733
RSI,bear_trend,3,3,0,51.42027088,0.0355141564597,3,51.42027088,0,4945,3,inf,1
RSI,bull_trend,216,216,0,66.55655117,0.0179494769626,211,2874.1674927,2807.61094153,51914.375,144,1.02370576001,0.976851851852
RSI,high_vol_shock,107,107,0,690.77688873,0.0293223246581,105,1900.55643054,1209.77954181,78486.3084112,66,1.570994024,0.981308411215
RSI,range_choppy,46,46,0,560.89223879,0.0349166457648,46,560.89223879,0,14916.5217391,36,inf,1
RSI,range_quiet,17,17,0,177.33883265,0.0184256435905,17,177.33883265,0,14609.1176471,17,inf,1
RSI,transition,77,77,0,559.72504486,0.0244602900159,76,1020.27595235,460.55090749,47520.1948052,66,2.21533805657,0.987012987013
RSIBB02,bear_trend,176,176,0,-107.44864077,-0.0051446182485,116,89.32099049,196.76963126,1043.52272727,113,0.453936869821,0.659090909091
RSIBB02,bull_trend,116,116,0,-78.11419252,-0.00672976580892,75,53.7296901,131.84388262,1064.48275862,90,0.407525089767,0.646551724138
RSIBB02,high_vol_shock,29,29,0,7.58222599,0.00282819027505,21,23.95610366,16.37387767,701.379310345,25,1.46306844004,0.724137931034
RSIBB02,range_choppy,85,85,0,-47.79569645,-0.00609273549681,51,38.20398345,85.9996799,1212,65,0.444234019178,0.6
RSIBB02,range_quiet,105,105,0,-55.56190004,-0.00575254624209,59,30.01666773,85.57856777,2178.85714286,83,0.350749825712,0.561904761905
RSIBB02,transition,131,131,0,-96.22922393,-0.00742842418526,92,43.34792587,139.5771498,1777.09923664,104,0.310566062798,0.702290076336
RSIDirectionalWithTrend,bear_trend,110,110,0,-64.26516887,-0.00452601627189,37,106.69577007,170.96093894,728.181818182,80,0.62409443193,0.336363636364
RSIDirectionalWithTrend,bull_trend,217,217,0,76.84863062,0.0027770464594,90,390.815435,313.96680438,1015.02304147,172,1.24476673823,0.414746543779
RSIDirectionalWithTrend,high_vol_shock,66,66,0,-10.85716846,-0.000930776910097,27,179.07804974,189.9352182,757.272727273,47,0.942837518166,0.409090909091
RSIDirectionalWithTrend,range_choppy,101,101,0,-68.72103585,-0.00513563290284,27,96.53795651,165.25899236,743.168316832,82,0.584161594667,0.267326732673
RSIDirectionalWithTrend,range_quiet,105,105,0,36.11318821,0.00267239610333,42,124.52248861,88.4093004,758.285714286,83,1.40847725349,0.4
RSIDirectionalWithTrend,transition,152,152,0,-9.19210004,-0.000479203017427,57,181.26803161,190.46013165,883.026315789,142,0.951737405827,0.375
RSIDirectionalWithTrendSlow,bear_trend,1,1,0,1.662765,0.0116452242221,1,1.662765,0,2580,1,inf,1
RSIDirectionalWithTrendSlow,bull_trend,274,274,0,205.51276156,0.00847795263152,66,1322.20721265,1116.69445109,7413.28467153,163,1.18403669989,0.240875912409
RSIDirectionalWithTrendSlow,high_vol_shock,62,62,0,-176.59289277,-0.0197298390918,14,277.95806338,454.55095615,5460.96774194,48,0.611500338123,0.225806451613
RSIDirectionalWithTrendSlow,range_choppy,54,54,0,135.52646918,0.0224876666145,13,294.65168845,159.12521927,6078.88888889,45,1.85169698305,0.240740740741
RSIDirectionalWithTrendSlow,range_quiet,57,57,0,43.31556064,0.00469170972212,12,152.17753616,108.86197552,5020,46,1.39789431005,0.210526315789
RSIDirectionalWithTrendSlow,transition,89,89,0,-211.22213877,-0.017134714203,13,94.88651506,306.10865383,4129.88764045,73,0.309976584696,0.14606741573
RSI_BB,bear_trend,2733,2733,0,-1083.26093396,-0.000988685310446,1682,11540.6993333,12623.9602673,1810.07135016,949,0.914190086864,0.615440907428
RSI_BB,bull_trend,2243,2243,0,283.19608698,0.00121941401445,1394,12492.4262727,12209.2301858,1746.95497102,879,1.02319524513,0.621489077129
RSI_BB,high_vol_shock,1128,1128,0,-255.75597452,0.00239673245303,689,13739.2772049,13995.0331794,1771.43617021,451,0.981725232714,0.610815602837
RSI_BB,range_choppy,1726,1726,0,48.87690276,0.000219779685637,1098,9566.9773146,9518.10041184,1708.56604867,786,1.00513515309,0.636152954809
RSI_BB,range_quiet,1893,1893,0,-509.4848365,-0.0007481393536,1143,3188.58484718,3698.06968368,1713.09033281,780,0.862229519701,0.603803486529
RSI_BB,transition,2429,2429,0,1030.24553645,0.000128945385499,1489,11349.5959397,10319.3504033,1699.05104981,1215,1.09983627808,0.613009468917
RSI_BB_MACD_Nov_2023_1h_2_Dec,bear_trend,5104,774,4330,2784316.7233,0.00213924555041,4058,339922375.679,337138058.956,691.810344828,1002,1.00825868409,0.795062695925
RSI_BB_MACD_Nov_2023_1h_2_Dec,bull_trend,5172,914,4258,10214705.2732,0.00624261802119,4053,228837123.35,218622418.077,454.153132251,938,1.04672304589,0.783642691415
RSI_BB_MACD_Nov_2023_1h_2_Dec,high_vol_shock,4376,452,3924,19624443.9967,0.0126256362112,3374,98229101.8053,78604657.8086,239.424131627,502,1.24966006524,0.771023765996
RSI_BB_MACD_Nov_2023_1h_2_Dec,range_choppy,3063,580,2483,23669774.9853,0.00107563517809,2395,137580188.329,113910413.344,648.677766895,810,1.20779289874,0.781913157036
RSI_BB_MACD_Nov_2023_1h_2_Dec,range_quiet,2061,481,1580,-30054194.147,-0.00333164919545,1607,122680718.037,152734912.184,1218.51528384,731,0.803226428606,0.779718583212
RSI_BB_MACD_Nov_2023_1h_2_Dec,transition,4358,732,3626,17414804.1341,0.00378280662948,3493,222453901.297,205039097.163,657.934832492,1259,1.08493406562,0.801514456173
RSI_EMA_strategy,bear_trend,1112,1112,0,-145.96528421,-0.0020347275649,945,365.8552903,511.82057451,357.706834532,589,0.714811612742,0.849820143885
RSI_EMA_strategy,bull_trend,657,657,0,-79.37217826,-0.00144979321767,578,223.92002187,303.29220013,350.068493151,433,0.738297990433,0.879756468798
RSI_EMA_strategy,high_vol_shock,406,406,0,-205.43638086,-0.00517945099139,297,198.05772131,403.49410217,174.519704433,244,0.490856545969,0.731527093596
RSI_EMA_strategy,range_choppy,605,605,0,-113.07840059,-0.00268820318155,514,183.62991586,296.70831645,320.760330579,394,0.61889035689,0.84958677686
RSI_EMA_strategy,range_quiet,613,613,0,-64.69397232,-0.00176653578495,550,102.96975448,167.6637268,555.048939641,397,0.61414449294,0.89722675367
RSI_EMA_strategy,transition,835,835,0,-115.10432373,-0.00256173996393,724,232.7008346,347.80515833,403.718562874,587,0.669055156391,0.867065868263
RSIv2,bear_trend,1086,1086,0,-299.81603728,-0.00248761398566,903,971.9016409,1271.71767818,1615.67679558,508,0.7642432417,0.831491712707
RSIv2,bull_trend,961,961,0,147.76932453,0.00146885698994,826,1018.45548999,870.68616546,1279.91675338,494,1.16971594404,0.859521331946
RSIv2,high_vol_shock,646,646,0,195.11325377,0.00210273877017,593,885.58416904,690.47091527,733.885448916,260,1.2825799747,0.917956656347
RSIv2,range_choppy,677,677,0,-375.57212373,-0.00458251296201,554,660.80393796,1036.37606169,1641.93500739,387,0.637610190342,0.818316100443
RSIv2,range_quiet,642,642,0,-101.87713098,-0.00145263525138,505,438.92651284,540.80364382,2094.32242991,380,0.811619000456,0.786604361371
RSIv2,transition,945,945,0,-130.92403838,-0.00132714988646,775,893.94161967,1024.86565805,1614.38095238,601,0.872252487581,0.820105820106
RalliV1,bear_trend,12,12,0,12.6097882,0.00529156021615,7,31.07633233,18.46654413,75.8333333333,9,1.6828450473,0.583333333333
RalliV1,bull_trend,110,110,0,98.1551352,0.00600790941443,70,244.6410799,146.4859447,63.3636363636,62,1.67006520933,0.636363636364
RalliV1,high_vol_shock,301,301,0,650.90966032,0.0122647768768,238,923.01321351,272.10355319,48.5714285714,115,3.39213950972,0.790697674419
RalliV1,range_choppy,44,44,0,89.72772828,0.0109773136554,36,121.05962952,31.33190124,54.5454545455,28,3.863781792,0.818181818182
RalliV1,range_quiet,18,18,0,53.3033687,0.014940360654,16,62.26052089,8.95715219,66.9444444444,14,6.95092810408,0.888888888889
RalliV1,transition,34,34,0,17.82563198,0.00428457638279,22,80.16678859,62.34115661,60,26,1.28593681846,0.647058823529
RalliV1_disable56,bear_trend,11,11,0,6.81092182,0.00300588532418,6,25.3605509,18.54962908,77.2727272727,8,1.36717293864,0.545454545455
RalliV1_disable56,bull_trend,107,107,0,111.41922044,0.0068284445517,69,241.02793005,129.60870961,62.0093457944,61,1.8596584348,0.644859813084
RalliV1_disable56,high_vol_shock,301,301,0,650.62951109,0.0122647768763,238,922.7664065,272.13689541,48.5714285714,115,3.39081698242,0.790697674419
RalliV1_disable56,range_choppy,44,44,0,89.64007134,0.010977313655,36,120.96019945,31.32012811,54.5454545455,28,3.86205953645,0.818181818182
RalliV1_disable56,range_quiet,16,16,0,43.60195623,0.0136637175464,14,52.53410629,8.93215006,68.75,12,5.88146257476,0.875
RalliV1_disable56,transition,34,34,0,17.98165661,0.00428457638247,22,80.28576426,62.30410765,60,26,1.28861109304,0.647058823529
RegimeFilterStrategy,bear_trend,606,195,411,-961.45341947,-0.00893252400545,152,2891.71126533,3853.1646848,4896.33663366,346,0.750476946064,0.250825082508
RegimeFilterStrategy,bull_trend,491,334,157,96.67525988,0.00141090540747,155,2893.87442229,2797.19916241,5083.50305499,327,1.03456145032,0.315682281059
RegimeFilterStrategy,high_vol_shock,353,178,175,300.97074888,0.00729294195337,122,2099.89442683,1798.92367795,1467.87535411,194,1.16730601335,0.345609065156
RegimeFilterStrategy,range_choppy,435,222,213,246.26116021,0.00582302228205,147,2638.88701767,2392.62585746,4228.4137931,301,1.10292506011,0.337931034483
RegimeFilterStrategy,range_quiet,282,140,142,252.57942142,0.0073554355193,98,1683.54711071,1430.96768929,9643.61702128,191,1.17650952101,0.347517730496
RegimeFilterStrategy,transition,469,235,234,114.04340751,0.00107234945401,146,2755.13191615,2641.08850864,5780.08528785,352,1.04318045652,0.311300639659
ReinforcedAverageStrategy,bear_trend,117,117,0,-352.83153458,-0.00788869664746,34,557.573929,910.40546358,4732.30769231,90,0.612445719303,0.290598290598
ReinforcedAverageStrategy,bull_trend,306,306,0,52.21311923,0.00154873788304,79,2228.81016049,2176.59704126,4658.82352941,222,1.02398841781,0.258169934641
ReinforcedAverageStrategy,high_vol_shock,128,128,0,5.08545071,0.0107054986758,37,1730.23541452,1725.14996381,4498.125,92,1.0029478311,0.2890625
ReinforcedAverageStrategy,range_choppy,173,173,0,999.69669901,0.0233014041728,56,2161.49424584,1161.79754683,5285.54913295,131,1.86047410045,0.323699421965
ReinforcedAverageStrategy,range_quiet,167,167,0,915.46785049,0.0226047977205,55,1727.2314869,811.76363641,5190.89820359,132,2.12775173638,0.329341317365
ReinforcedAverageStrategy,transition,205,205,0,430.78551387,0.0126838329125,64,1925.5361054,1494.75059153,5394.73170732,176,1.28819892517,0.312195121951
ReinforcedSmoothScalp,bear_trend,136,136,0,15.25485696,0.000945525941613,84,177.82424494,162.56938798,919.963235294,104,1.09383597459,0.617647058824
ReinforcedSmoothScalp,bull_trend,116,116,0,9.11546929,0.000689020405919,78,171.61634233,162.50087304,964.00862069,104,1.05609489426,0.672413793103
ReinforcedSmoothScalp,high_vol_shock,40,40,0,-13.22529078,-0.00223132470468,32,76.76404101,89.98933179,489,34,0.853034904061,0.8
ReinforcedSmoothScalp,range_choppy,81,81,0,49.62926567,0.00466398299356,60,136.58071643,86.95145076,762.592592593,71,1.57076984037,0.740740740741
ReinforcedSmoothScalp,range_quiet,93,93,0,8.97269275,0.000726743210509,62,99.58270657,90.61001382,1327.74193548,80,1.09902539876,0.666666666667
ReinforcedSmoothScalp,transition,120,120,0,21.58562448,0.00149020781733,82,170.23367855,148.64805407,1170.25,107,1.1452129637,0.683333333333
RobotradingBody,bear_trend,493,493,0,-202.13597427,-0.00330005996754,296,504.37033181,706.50630608,437.160243408,233,0.71389360218,0.600405679513
RobotradingBody,bull_trend,535,535,0,180.37728671,0.00325825736373,347,810.14092509,629.76363838,407.327102804,271,1.28642061198,0.648598130841
RobotradingBody,high_vol_shock,192,192,0,241.52146133,0.0101455882133,136,734.74310147,493.22164014,411.25,100,1.4896813961,0.708333333333
RobotradingBody,range_choppy,305,305,0,-129.01484794,-0.00252602094926,181,376.35724747,505.37209541,439.081967213,182,0.7447131547,0.593442622951
RobotradingBody,range_quiet,375,375,0,-140.00421364,-0.00296205048596,211,210.76826952,350.77248316,430.72,217,0.600868881223,0.562666666667
RobotradingBody,transition,522,522,0,-54.13278797,-0.000821204752748,317,554.12652442,608.25931239,413.333333333,322,0.911003766211,0.607279693487
RocMomentumStrategy,bear_trend,2079,2079,0,-144.73766066,-0.00232869586184,385,60.89541309,205.63307375,29.3073593074,217,0.29613627798,0.185185185185
RocMomentumStrategy,bull_trend,3450,3450,0,-232.34732103,-0.00201346861904,726,186.35744477,418.7047658,28.3695652174,322,0.445080782431,0.210434782609
RocMomentumStrategy,high_vol_shock,3058,3058,0,-109.99073976,-0.00149723189113,776,203.53037413,313.52111389,29.7138652714,258,0.649175972887,0.253760627861
RocMomentumStrategy,range_choppy,1982,1982,0,-159.2258029,-0.00178468456964,409,104.95846108,264.18426398,29.6266397578,237,0.397292630147,0.206357214934
RocMomentumStrategy,range_quiet,785,785,0,-72.09317521,-0.00202108703526,105,18.93694787,91.03012308,27.847133758,113,0.208029465734,0.133757961783
RocMomentumStrategy,transition,2531,2531,0,-247.25681262,-0.00219875122349,467,115.01213468,362.2689473,28.4037929672,356,0.31747721006,0.184512050573
Roth01,bear_trend,1833,1833,0,-23.33221609,0.000567271079233,1256,1493.55539901,1516.8876151,1852.59956356,593,0.984618362061,0.685215493726
Roth01,bull_trend,3011,3011,0,-601.30251066,-0.000424563863145,2118,3496.22062364,4097.5231343,2121.89804052,766,0.853252198718,0.703420790435
Roth01,high_vol_shock,1649,1649,0,-216.01122021,0.000697372692795,1200,5109.02290839,5325.0341286,1089.26622195,422,0.959434772624,0.727713765919
Roth01,range_choppy,1278,1278,0,30.75593788,-0.00106547567578,904,1426.85985347,1396.10391559,1821.84663537,499,1.02202983427,0.707355242567
Roth01,range_quiet,758,758,0,106.11201434,0.000230588221381,538,459.76325179,353.65123745,3091.12137203,323,1.30004706079,0.709762532982
Roth01,transition,1702,1702,0,94.47600634,0.000165687841852,1227,1965.99596103,1871.51995469,2243.16098707,690,1.05048089715,0.720916568743
Roth03,bear_trend,625,625,0,26.34373118,0.000344111581329,445,194.3389564,167.99522522,2090.952,402,1.1568123805,0.712
Roth03,bull_trend,565,565,0,-80.87383192,-0.000916000303054,391,185.70159132,266.57542324,2717.22123894,356,0.696619324704,0.69203539823
Roth03,high_vol_shock,230,230,0,114.5352031,0.00331424664713,159,173.8905519,59.3553488,1350.7826087,171,2.9296525994,0.691304347826
Roth03,range_choppy,422,422,0,-121.36853882,-0.00252497997163,278,138.81576392,260.18430274,1680.23696682,321,0.533528588997,0.658767772512
Roth03,range_quiet,478,478,0,-171.91058624,-0.00372116873789,308,77.00834637,248.91893261,1577.42677824,327,0.309371189899,0.644351464435
Roth03,transition,554,554,0,-305.89429445,-0.00560117928847,372,166.83162165,472.7259161,2284.39530686,435,0.352914058587,0.671480144404
RsiBollingerStrategy,bear_trend,552,552,0,396.59138026,0.00451028843321,362,2442.31296658,2045.72158632,2508.04347826,290,1.19386380968,0.655797101449
RsiBollingerStrategy,bull_trend,432,432,0,144.87444701,0.00323127781752,275,1645.98869237,1501.11424536,2499.58333333,244,1.09651127318,0.636574074074
RsiBollingerStrategy,high_vol_shock,206,206,0,287.64607868,0.00972170008796,135,1524.04334078,1236.3972621,2734.95145631,125,1.23264858917,0.655339805825
RsiBollingerStrategy,range_choppy,339,339,0,-203.32231815,-0.0015149101448,197,1281.80700991,1485.12932806,2810.61946903,217,0.863094537083,0.581120943953
RsiBollingerStrategy,range_quiet,375,375,0,-195.91859468,-0.00232531885371,228,876.22018744,1072.13878212,2441.76,226,0.817263774105,0.608
RsiBollingerStrategy,transition,471,471,0,-63.34070946,0.000497263418018,297,1588.85044985,1652.19115931,2621.52866242,335,0.961662602355,0.630573248408
RsiDivergenceStrategy,bear_trend,100,100,0,-73.51651869,-0.00618360626705,56,68.06517513,141.58169382,570.35,90,0.480748416646,0.56
RsiDivergenceStrategy,bull_trend,62,62,0,-0.37393396,5.40566683752e-05,38,51.3590588,51.73299276,572.903225806,59,0.992771847518,0.612903225806
RsiDivergenceStrategy,high_vol_shock,21,21,0,16.26455264,0.00616354268686,18,35.73916579,19.47461315,306.904761905,19,1.83516691781,0.857142857143
RsiDivergenceStrategy,range_choppy,80,80,0,-0.93298588,-0.000119206835029,57,78.18166873,79.11465461,406.125,73,0.988207167375,0.7125
RsiDivergenceStrategy,range_quiet,53,53,0,9.78037044,0.00162049494408,35,29.00346805,19.22309761,544.150943396,49,1.50878222846,0.660377358491
RsiDivergenceStrategy,transition,88,88,0,-67.02096558,-0.00646052902908,48,55.31623845,122.33720403,683.863636364,85,0.452162029438,0.545454545455
SAR,bear_trend,1209,1209,0,-55.12571379,-0.0019069874444,320,52.00805809,107.13377188,60.2688172043,45,0.485449706263,0.264681555004
SAR,bull_trend,4397,4397,0,-242.97618995,-0.00220472721514,1228,244.94761463,487.92380458,56.7193541051,98,0.502020217769,0.279281328178
SAR,high_vol_shock,1070,1070,0,-181.45665686,-0.00150014536175,337,308.22466352,489.68132038,60.023364486,17,0.629439291825,0.314953271028
SAR,range_choppy,2280,2280,0,-189.16681668,-0.00173297044345,651,234.62092867,423.78774535,61.850877193,73,0.553628393563,0.285526315789
SAR,range_quiet,1193,1193,0,-51.4970555,-0.00222920093209,209,18.42279184,69.91984734,61.5549036044,50,0.263484440268,0.175188600168
SAR,transition,3412,3412,0,-245.5291283,-0.00194971323228,873,248.78041641,494.30954471,59.7420867526,125,0.503288716701,0.255861664713
SARCross,bear_trend,25,25,0,76.98220339,0.0213521951324,24,104.02812141,27.04591802,183.4,14,3.84635202004,0.96
SARCross,bull_trend,52,52,0,175.62611479,0.0248789427608,45,175.66244542,0.03633063,2201.15384615,25,4835.10595385,0.865384615385
SARCross,high_vol_shock,116,116,0,-116.43170319,-0.00411054341338,94,478.60860305,595.04030624,333.318965517,45,0.804329720241,0.810344827586
SARCross,range_choppy,24,24,0,70.6232129,0.0208273612399,22,70.63340456,0.01019166,399.166666667,17,6930.51029567,0.916666666667
SARCross,range_quiet,21,21,0,26.72023746,0.00828036820332,19,62.68695954,35.96672208,2730.23809524,11,1.74291555957,0.904761904762
SARCross,transition,29,29,0,78.90941751,0.0197221334453,26,78.98738751,0.07797,440.344827586,22,1013.04844825,0.896551724138
SMAIP3,bear_trend,3,3,0,9.42168318,0.0202270206957,2,9.43632585,0.01464267,166.666666667,3,644.440245529,0.666666666667
SMAIP3,bull_trend,60,60,0,112.368933,0.0142308843149,48,172.72774436,60.35881136,353.833333333,38,2.86168233715,0.8
SMAIP3,high_vol_shock,180,180,0,276.56512139,0.00996530322251,141,557.44740889,280.8822875,395.166666667,90,1.98462998095,0.783333333333
SMAIP3,range_choppy,26,26,0,60.04650877,0.0139987951821,21,70.45315695,10.40664818,2969.03846154,16,6.7700142958,0.807692307692
SMAIP3,range_quiet,4,4,0,17.99602613,0.0275810053091,4,17.99602613,0,145,4,inf,1
SMAIP3,transition,19,19,0,-64.67898824,-0.0172530675741,13,50.04190164,114.72088988,965.263157895,13,0.436205661343,0.684210526316
SMAIP3v2,bear_trend,3,3,0,1.92554264,0.00430716633686,2,4.20064384,2.2751012,43.3333333333,3,1.8463547204,0.666666666667
SMAIP3v2,bull_trend,78,78,0,28.19777379,0.00267539883715,60,96.56078084,68.36300705,31.858974359,38,1.41247123271,0.769230769231
SMAIP3v2,high_vol_shock,233,233,0,240.33508363,0.00718430273133,188,342.71935568,102.38427205,22.4248927039,91,3.34738284326,0.80686695279
SMAIP3v2,range_choppy,30,30,0,31.6590919,0.00717430942689,24,42.77611828,11.11702638,26.1666666667,16,3.8478021746,0.8
SMAIP3v2,range_quiet,5,5,0,8.88550997,0.0115200886021,5,8.88550997,0,16,4,inf,1
SMAIP3v2,transition,32,32,0,22.74782083,0.00516117324847,25,37.42027312,14.67245229,23.4375,13,2.55037620027,0.78125
SMAOG,bear_trend,7,7,0,1.0918511,0.00106181809338,5,6.46286591,5.37101481,43.5714285714,6,1.20328581071,0.714285714286
SMAOG,bull_trend,87,87,0,50.26388243,0.00406450778949,66,123.64115012,73.37726769,42.7011494253,42,1.68500618805,0.758620689655
SMAOG,high_vol_shock,280,280,0,287.06291201,0.00699044607034,227,440.01142673,152.94851472,30.5892857143,106,2.87685975595,0.810714285714
SMAOG,range_choppy,34,34,0,27.15311944,0.00549206605152,26,44.77506297,17.62194353,34.7058823529,17,2.54086973402,0.764705882353
SMAOG,range_quiet,7,7,0,11.77732302,0.0104171238425,7,11.77732302,0,15.7142857143,5,inf,1
SMAOG,transition,25,25,0,8.28983154,0.00284451507906,13,30.73319316,22.44336162,44.2,16,1.36936674997,0.52
SMAOPv1_TTF,bear_trend,2,2,0,3.45403558,0.0109699316603,2,3.45403558,0,140,2,inf,1
SMAOPv1_TTF,bull_trend,43,43,0,46.40851016,0.00796285764384,34,96.16131786,49.7528077,105.348837209,21,1.93278173244,0.790697674419
SMAOPv1_TTF,high_vol_shock,131,131,0,570.6208193,0.0283092234595,109,703.1529723,132.532153,85.2671755725,60,5.30552742398,0.832061068702
SMAOPv1_TTF,range_choppy,15,15,0,29.04938051,0.0111360069102,12,44.66766199,15.61828148,77,8,2.85996010811,0.8
SMAOPv1_TTF,range_quiet,5,5,0,21.88137454,0.0227048413418,5,21.88137454,0,45,3,inf,1
SMAOPv1_TTF,transition,8,8,0,-2.06995933,0.00168676207797,6,27.92756837,29.9975277,153.75,6,0.93099566902,0.75
SMAOffset,bear_trend,271,271,0,1142.72593733,0.01150608252,191,2336.32379024,1193.59785291,567.509225092,121,1.95737935063,0.70479704797
SMAOffset,bull_trend,322,322,0,925.73029233,0.0110938456077,224,2230.04249011,1304.31219778,758.385093168,156,1.70974594419,0.695652173913
SMAOffset,high_vol_shock,617,617,0,1228.71262782,0.00776879150704,421,4401.74234825,3173.02972043,252.325769854,208,1.38723640687,0.682333873582
SMAOffset,range_choppy,170,170,0,-18.75252965,0.00057330356156,98,1009.4470748,1028.19960445,997.823529412,100,0.981761780914,0.576470588235
SMAOffset,range_quiet,76,76,0,466.24012977,0.0186752001895,52,1253.23514479,786.99501502,4204.67105263,32,1.59243085518,0.684210526316
SMAOffset,transition,207,207,0,63.7866271,0.00420861728222,140,1451.221258,1387.4346309,1073.38164251,136,1.04597450985,0.676328502415
SMAOffsetProtectOpt,bull_trend,29,29,0,62.70009786,0.0148800061528,22,102.05786156,39.3577637,160.689655172,19,2.59308080454,0.758620689655
SMAOffsetProtectOpt,high_vol_shock,110,110,0,561.37757687,0.0321517421425,90,684.68742532,123.30984845,107.181818182,54,5.55257697521,0.818181818182
SMAOffsetProtectOpt,range_choppy,10,10,0,18.45894378,0.00912593569865,8,29.42076307,10.96181929,126.5,7,2.68393067717,0.8
SMAOffsetProtectOpt,range_quiet,5,5,0,27.79131404,0.0285348220655,5,27.79131404,0,98,4,inf,1
SMAOffsetProtectOpt,transition,8,8,0,-6.16069898,0.000863252692264,6,27.75362542,33.9143244,166.875,6,0.818345224651,0.75
SMAOffsetProtectOptV0,bull_trend,50,50,0,46.65008521,0.00660385970045,46,66.92172857,20.27164336,57.5,19,3.30124831922,0.92
SMAOffsetProtectOptV0,high_vol_shock,144,144,0,303.24371325,0.0149013905231,134,389.6215701,86.37785685,43.0208333333,54,4.51066493554,0.930555555556
SMAOffsetProtectOptV0,range_choppy,15,15,0,12.80542906,0.0055887324492,14,21.34725572,8.54182666,57.6666666667,7,2.49914410228,0.933333333333
SMAOffsetProtectOptV0,range_quiet,5,5,0,8.42956252,0.0103149171008,5,8.42956252,0,23,4,inf,1
SMAOffsetProtectOptV0,transition,9,9,0,-13.86608924,-0.0083619035831,7,10.53846909,24.40455833,111.666666667,6,0.43182379896,0.777777777778
SMAOffsetProtectOptV1,bear_trend,1,1,0,6.71552055,0.0365881846803,1,6.71552055,0,30,1,inf,1
SMAOffsetProtectOptV1,bull_trend,30,30,0,15.98883694,0.00326735525354,21,84.13480622,68.14596928,149.666666667,17,1.23462630452,0.7
SMAOffsetProtectOptV1,high_vol_shock,127,127,0,529.07484562,0.0280362210784,99,726.58354259,197.50869697,94.842519685,57,3.67874201864,0.779527559055
SMAOffsetProtectOptV1,range_choppy,14,14,0,29.07989402,0.0104177297089,10,45.67133814,16.59144412,114.285714286,8,2.75270421367,0.714285714286
SMAOffsetProtectOptV1,range_quiet,6,6,0,27.75596798,0.0249439093165,5,34.53362198,6.777654,224.166666667,4,5.09521760479,0.833333333333
SMAOffsetProtectOptV1,transition,4,4,0,-24.77771357,-0.0272059775395,2,14.49993806,39.27765163,228.75,4,0.369165096646,0.5
SMAOffsetProtectOptV1HO1,bear_trend,36,36,0,42.05181817,0.00578324739777,31,52.82134022,10.76952205,23.6111111111,22,4.90470607468,0.861111111111
SMAOffsetProtectOptV1HO1,bull_trend,201,201,0,64.3458219,0.00173555367197,138,249.78973644,185.44391454,32.7611940299,82,1.34698265543,0.686567164179
SMAOffsetProtectOptV1HO1,high_vol_shock,619,619,0,872.00079242,0.00780668554049,481,1284.64185138,412.64105896,25.2827140549,156,3.11321867634,0.777059773829
SMAOffsetProtectOptV1HO1,range_choppy,92,92,0,94.14594304,0.00522400907003,68,144.87716131,50.73121827,27.2282608696,40,2.8557792667,0.739130434783
SMAOffsetProtectOptV1HO1,range_quiet,14,14,0,22.07905146,0.00716703738123,13,22.64547306,0.5664216,23.9285714286,10,39.979889644,0.928571428571
SMAOffsetProtectOptV1HO1,transition,77,77,0,11.76742438,0.00131891225098,47,88.20100952,76.43358514,30.974025974,48,1.15395620078,0.61038961039
SMAOffsetProtectOptV1Mod,bear_trend,1,1,0,2.42329716,0.0160357510448,1,2.42329716,0,15,1,inf,1
SMAOffsetProtectOptV1Mod,bull_trend,32,32,0,33.4827882,0.00803933103323,27,54.31703675,20.83424855,77.65625,16,2.60710323291,0.84375
SMAOffsetProtectOptV1Mod,high_vol_shock,121,121,0,192.29424304,0.0113471345583,112,275.4928196,83.19857656,35.826446281,45,3.31126842538,0.925619834711
SMAOffsetProtectOptV1Mod,range_choppy,12,12,0,16.56077278,0.0102224882607,11,21.77166922,5.21089644,43.75,7,4.17810437622,0.916666666667
SMAOffsetProtectOptV1Mod,range_quiet,4,4,0,7.80157746,0.0132380948996,4,7.80157746,0,31.25,3,inf,1
SMAOffsetProtectOptV1Mod,transition,8,8,0,-0.52758484,0.00116026535047,6,19.60481316,20.132398,85.625,6,0.973794237527,0.75
SMAOffsetProtectOptV1Mod2,bear_trend,1,1,0,2.7107877,0.0179499482952,1,2.7107877,0,10,1,inf,1
SMAOffsetProtectOptV1Mod2,bull_trend,32,32,0,29.813852,0.00720800273799,27,50.63471122,20.82085922,80,16,2.43192227011,0.84375
SMAOffsetProtectOptV1Mod2,high_vol_shock,122,122,0,192.61510259,0.0112763619538,113,276.05582269,83.4407201,34.0983606557,45,3.30840652333,0.926229508197
SMAOffsetProtectOptV1Mod2,range_choppy,13,13,0,19.98123635,0.0114591773153,12,25.19019853,5.20896218,40.3846153846,7,4.83593423402,0.923076923077
SMAOffsetProtectOptV1Mod2,range_quiet,4,4,0,7.64416154,0.0129408597112,4,7.64416154,0,30,3,inf,1
SMAOffsetProtectOptV1Mod2,transition,8,8,0,-2.26033798,-0.000482021742093,6,17.87930502,20.139643,85,6,0.887766730522,0.75
SMAOffsetProtectOptV1Mod2_antipump,bear_trend,1,1,0,2.7107877,0.0179499482952,1,2.7107877,0,10,1,inf,1
SMAOffsetProtectOptV1Mod2_antipump,bull_trend,32,32,0,29.813852,0.00720800273799,27,50.63471122,20.82085922,80,16,2.43192227011,0.84375
SMAOffsetProtectOptV1Mod2_antipump,high_vol_shock,122,122,0,192.61510259,0.0112763619538,113,276.05582269,83.4407201,34.0983606557,45,3.30840652333,0.926229508197
SMAOffsetProtectOptV1Mod2_antipump,range_choppy,13,13,0,19.98123635,0.0114591773153,12,25.19019853,5.20896218,40.3846153846,7,4.83593423402,0.923076923077
SMAOffsetProtectOptV1Mod2_antipump,range_quiet,4,4,0,7.64416154,0.0129408597112,4,7.64416154,0,30,3,inf,1
SMAOffsetProtectOptV1Mod2_antipump,transition,8,8,0,-2.26033798,-0.000482021742093,6,17.87930502,20.139643,85,6,0.887766730522,0.75
SMAOffsetProtectOptV1_kkeue_20210619,bear_trend,1,1,0,2.7107877,0.0179499482952,1,2.7107877,0,10,1,inf,1
SMAOffsetProtectOptV1_kkeue_20210619,bull_trend,32,32,0,29.813852,0.00720800273799,27,50.63471122,20.82085922,80,16,2.43192227011,0.84375
SMAOffsetProtectOptV1_kkeue_20210619,high_vol_shock,122,122,0,192.61510259,0.0112763619538,113,276.05582269,83.4407201,34.0983606557,45,3.30840652333,0.926229508197
SMAOffsetProtectOptV1_kkeue_20210619,range_choppy,13,13,0,19.98123635,0.0114591773153,12,25.19019853,5.20896218,40.3846153846,7,4.83593423402,0.923076923077
SMAOffsetProtectOptV1_kkeue_20210619,range_quiet,4,4,0,7.64416154,0.0129408597112,4,7.64416154,0,30,3,inf,1
SMAOffsetProtectOptV1_kkeue_20210619,transition,8,8,0,-2.26033798,-0.000482021742093,6,17.87930502,20.139643,85,6,0.887766730522,0.75
SMAOffsetV2,bear_trend,40,40,0,-15.03185343,-0.00138373404102,21,111.95250572,126.98435915,136.375,27,0.881624370666,0.525
SMAOffsetV2,bull_trend,155,155,0,409.10360785,0.0135817903472,117,643.14566646,234.04205861,146.516129032,89,2.74799183651,0.754838709677
SMAOffsetV2,high_vol_shock,286,286,0,903.55541408,0.0148645043441,213,1503.65942598,600.1040119,117.325174825,119,2.50566467839,0.744755244755
SMAOffsetV2,range_choppy,56,56,0,76.21367408,0.00747873032897,35,201.41821527,125.20454119,152.142857143,35,1.60871333704,0.625
SMAOffsetV2,range_quiet,17,17,0,130.12176579,0.0277208993587,15,130.78062539,0.6588596,267.941176471,12,198.49543877,0.882352941176
SMAOffsetV2,transition,81,81,0,89.0350887,0.0075433730209,58,361.53763121,272.50254251,159.567901235,54,1.32673122195,0.716049382716
SMAOffset_Hippocritical_dca,bear_trend,1,1,0,0.4414152,0.0179499482952,1,0.4414152,0,10,1,inf,1
SMAOffset_Hippocritical_dca,bull_trend,37,37,0,14.93917794,0.014756096514,36,19.31454981,4.37537187,54.4594594595,16,4.41437902511,0.972972972973
SMAOffset_Hippocritical_dca,high_vol_shock,129,129,0,72.77054641,0.0181194371261,128,72.80026155,0.02971514,20.503875969,43,2449.93836644,0.992248062016
SMAOffset_Hippocritical_dca,range_choppy,13,13,0,6.00028939,0.0153865503019,13,6.00028939,0,25,7,inf,1
SMAOffset_Hippocritical_dca,range_quiet,2,2,0,0.68403845,0.0140010701156,2,0.68403845,0,27.5,2,inf,1
SMAOffset_Hippocritical_dca,transition,8,8,0,-4.57146932,0.0067357504417,6,3.50824413,8.07971345,85,6,0.434204028609,0.75
SMAOffset_Hippocritical_dca_leverage,bear_trend,1,1,0,1.0361996,0.0277978281815,1,1.0361996,0,0,1,inf,1
SMAOffset_Hippocritical_dca_leverage,bull_trend,75,75,0,186.05000065,0.0269477865964,75,186.05000065,0,2.66666666667,17,inf,1
SMAOffset_Hippocritical_dca_leverage,high_vol_shock,276,276,0,689.68886699,0.0195875243625,274,755.51162877,65.82276178,1.90217391304,47,11.4779691453,0.992753623188
SMAOffset_Hippocritical_dca_leverage,range_choppy,30,30,0,109.77719653,0.0266636913455,30,109.77719653,0,2.66666666667,7,inf,1
SMAOffset_Hippocritical_dca_leverage,range_quiet,7,7,0,13.31736367,0.0250858290558,7,13.31736367,0,3.57142857143,3,inf,1
SMAOffset_Hippocritical_dca_leverage,transition,15,15,0,58.62345902,0.024057735114,15,58.62345902,0,6,6,inf,1
SMAOffset_Hippocritical_dca_old,bear_trend,1,1,0,0.4414152,0.0179499482952,1,0.4414152,0,10,1,inf,1
SMAOffset_Hippocritical_dca_old,bull_trend,37,37,0,14.93917794,0.014756096514,36,19.31454981,4.37537187,54.4594594595,16,4.41437902511,0.972972972973
SMAOffset_Hippocritical_dca_old,high_vol_shock,129,129,0,72.77054641,0.0181194371261,128,72.80026155,0.02971514,20.503875969,43,2449.93836644,0.992248062016
SMAOffset_Hippocritical_dca_old,range_choppy,13,13,0,6.00028939,0.0153865503019,13,6.00028939,0,25,7,inf,1
SMAOffset_Hippocritical_dca_old,range_quiet,2,2,0,0.68403845,0.0140010701156,2,0.68403845,0,27.5,2,inf,1
SMAOffset_Hippocritical_dca_old,transition,8,8,0,-4.57146932,0.0067357504417,6,3.50824413,8.07971345,85,6,0.434204028609,0.75
SMAOffset_Hippocritical_dca_protections,bear_trend,1,1,0,0.4414152,0.0179499482952,1,0.4414152,0,10,1,inf,1
SMAOffset_Hippocritical_dca_protections,bull_trend,37,37,0,14.93917794,0.014756096514,36,19.31454981,4.37537187,54.4594594595,16,4.41437902511,0.972972972973
SMAOffset_Hippocritical_dca_protections,high_vol_shock,129,129,0,72.77054641,0.0181194371261,128,72.80026155,0.02971514,20.503875969,43,2449.93836644,0.992248062016
SMAOffset_Hippocritical_dca_protections,range_choppy,13,13,0,6.00028939,0.0153865503019,13,6.00028939,0,25,7,inf,1
SMAOffset_Hippocritical_dca_protections,range_quiet,2,2,0,0.68403845,0.0140010701156,2,0.68403845,0,27.5,2,inf,1
SMAOffset_Hippocritical_dca_protections,transition,8,8,0,-4.57146932,0.0067357504417,6,3.50824413,8.07971345,85,6,0.434204028609,0.75
SMA_BBRSI,bear_trend,30,30,0,0.84170508,0.000269915071986,20,22.07802202,21.23631694,152.833333333,20,1.03963517226,0.666666666667
SMA_BBRSI,bull_trend,113,113,0,-49.59157119,-0.00357514057749,77,104.45624205,154.04781324,68.8495575221,43,0.678076759761,0.681415929204
SMA_BBRSI,high_vol_shock,346,346,0,142.20055508,0.00332542883182,266,486.74274081,344.54218573,35.5780346821,95,1.41272320479,0.768786127168
SMA_BBRSI,range_choppy,63,63,0,-18.68906876,-0.00227159643669,46,55.86034743,74.54941619,107.301587302,34,0.749306302918,0.730158730159
SMA_BBRSI,range_quiet,16,16,0,10.40630642,0.00505984460198,13,15.37468886,4.96838244,87.1875,7,3.0945059173,0.8125
SMA_BBRSI,transition,40,40,0,-8.84895002,-0.00162232664882,29,39.0778346,47.92678462,122.375,25,0.815365247426,0.725
SRsi,bear_trend,1750,1750,0,-66.23459628,-0.00153014800431,850,114.43547837,180.67007465,109.605714286,140,0.633394758881,0.485714285714
SRsi,bull_trend,4376,4376,0,-189.99443466,-0.00161868513614,2238,352.72789851,542.72233317,102.092093236,275,0.649923316127,0.511425959781
SRsi,high_vol_shock,4042,4042,0,-86.75606282,-0.00104379563683,2395,303.97959741,390.73566023,89.7093023256,180,0.777967378844,0.592528451262
SRsi,range_choppy,2954,2954,0,-118.43461097,-0.00124488997966,1545,228.69688741,347.13149838,105.521327014,233,0.658819175089,0.523019634394
SRsi,range_quiet,1167,1167,0,-43.7373469,-0.00114643588296,451,43.67358994,87.41093684,107.857754927,121,0.499635303302,0.38646101114
SRsi,transition,3606,3606,0,-207.19133443,-0.00143447586735,1752,254.77437402,461.96570845,106.785912368,309,0.551500618682,0.485856905158
STRATEGY_RSI_BB_BOUNDS_CROSS,bear_trend,1589,1589,0,-196.4996635,-0.00208077497481,317,91.31899706,287.81866056,12.1397105098,432,0.317279626284,0.199496538704
STRATEGY_RSI_BB_BOUNDS_CROSS,bull_trend,891,891,0,-132.59193279,-0.0020712425901,178,65.44446726,198.03640005,12.4915824916,325,0.330466859847,0.199775533109
STRATEGY_RSI_BB_BOUNDS_CROSS,high_vol_shock,443,443,0,-57.83173907,-0.00164417691574,121,71.76169169,129.59343076,12.3137697517,155,0.553744825406,0.273137697517
STRATEGY_RSI_BB_BOUNDS_CROSS,range_choppy,923,923,0,-115.5290317,-0.00197056494494,174,69.45115634,184.98018804,12.323943662,309,0.375451863661,0.188515709642
STRATEGY_RSI_BB_BOUNDS_CROSS,range_quiet,805,805,0,-86.11772454,-0.00210494612272,109,17.0145813,103.13230584,13.0310559006,295,0.164978191474,0.135403726708
STRATEGY_RSI_BB_BOUNDS_CROSS,transition,1246,1246,0,-189.24350809,-0.00220636201999,216,65.74257472,254.98608281,12.2592295345,465,0.257828090049,0.173354735152
STRATEGY_RSI_BB_CROSS,bear_trend,3023,3023,0,-115.34503722,-0.00202439456193,1992,530.57068707,645.91572429,473.613959643,848,0.821424014183,0.658948064836
STRATEGY_RSI_BB_CROSS,bull_trend,2895,2895,0,-258.70356301,-0.001309280622,1910,834.12089226,1092.82445527,438.215889465,834,0.763270704858,0.6597582038
STRATEGY_RSI_BB_CROSS,high_vol_shock,1519,1519,0,-298.44010839,-0.003318868281,1103,890.9976056,1189.43771399,303.7919684,360,0.749091436332,0.726135615537
STRATEGY_RSI_BB_CROSS,range_choppy,1826,1826,0,-45.59388033,-0.00145125942846,1244,517.83834319,563.43222352,452.182365827,635,0.91907832313,0.681270536692
STRATEGY_RSI_BB_CROSS,range_quiet,1595,1595,0,-47.23264102,-0.00161580555229,971,137.01570839,184.24834941,574.868338558,576,0.743646870264,0.608777429467
STRATEGY_RSI_BB_CROSS,transition,2687,2687,0,-201.19234328,-0.00201177680107,1752,614.90163448,816.09397776,496.710085597,1083,0.753469148452,0.652028284332
SUPPORT_RESISTANCE,bear_trend,182,182,0,-460.71643257,0.0132046101177,21,2016.0663588,2476.78279137,12829.4505495,150,0.81398593604,0.115384615385
SUPPORT_RESISTANCE,bull_trend,84,84,0,695.76274124,0.042847495475,13,1593.08473302,897.32199178,15231.4285714,80,1.7753768966,0.154761904762
SUPPORT_RESISTANCE,high_vol_shock,39,39,0,-413.0554986,-0.00660279786809,3,695.00901341,1108.06451201,14640,29,0.62722793292,0.0769230769231
SUPPORT_RESISTANCE,range_choppy,168,168,0,339.74845843,0.0569430955333,25,3066.20177881,2726.45332038,16791.4285714,139,1.12461187429,0.14880952381
SUPPORT_RESISTANCE,range_quiet,244,244,0,3048.85010151,0.037265465245,41,5228.02782841,2179.1777269,15857.704918,198,2.39908281178,0.168032786885
SUPPORT_RESISTANCE,transition,177,177,0,893.00627183,0.0228373965584,26,2938.76113531,2045.75486348,14757.9661017,164,1.43651675368,0.146892655367
SampleStrategy,bear_trend,2549,2549,0,-68.49051229,-0.000864251941868,2267,845.36959859,913.86011088,1304.24480188,861,0.925053614361,0.889368379757
SampleStrategy,bull_trend,2103,2103,0,-213.75073242,-0.0018999733472,1841,1307.4994677,1521.25020012,1376.26961484,788,0.859490087559,0.875416072278
SampleStrategy,high_vol_shock,1675,1675,0,-541.87315845,-0.0036440419375,1425,1614.51856092,2156.39171937,512.173134328,484,0.748713022044,0.850746268657
SampleStrategy,range_choppy,1641,1641,0,24.04503596,-0.00154580663779,1441,794.03307015,769.98803419,1165.95368678,736,1.03122780471,0.878123095673
SampleStrategy,range_quiet,1055,1055,0,-40.1852713,-0.00229905082089,917,226.67499807,266.86026937,2351.77725118,569,0.849414559182,0.869194312796
SampleStrategy,transition,1976,1976,0,-122.30405932,-0.00260700882049,1721,934.84919402,1057.15325334,1635.0784413,1006,0.884308108655,0.870951417004
SampleStrategyV2,bear_trend,1076,1076,0,18.61991193,0.000506284729402,1007,619.71727076,601.09735883,2377.616171,541,1.0309765326,0.935873605948
SampleStrategyV2,bull_trend,1078,1078,0,-113.12674846,-0.00198167859236,992,851.68018543,964.80693389,2637.61595547,544,0.882746750167,0.920222634508
SampleStrategyV2,high_vol_shock,627,627,0,-443.43002713,-0.0056881409411,578,592.78278232,1036.21280945,1171.49920255,289,0.57206664202,0.921850079745
SampleStrategyV2,range_choppy,685,685,0,-137.60911132,-0.00409287297279,620,503.38316843,640.99227975,2569.48175182,413,0.785318613551,0.905109489051
SampleStrategyV2,range_quiet,533,533,0,7.72691862,-0.00032687193861,486,269.26463415,261.53771553,4346.98874296,345,1.02954418488,0.91181988743
SampleStrategyV2,transition,907,907,0,-121.3134119,-0.0019602884334,835,650.05766308,771.37107498,2888.90297685,607,0.842730151758,0.920617420066
Sar,bear_trend,2549,2549,0,-68.49051229,-0.000864251941868,2267,845.36959859,913.86011088,1304.24480188,861,0.925053614361,0.889368379757
Sar,bull_trend,2103,2103,0,-213.75073242,-0.0018999733472,1841,1307.4994677,1521.25020012,1376.26961484,788,0.859490087559,0.875416072278
Sar,high_vol_shock,1675,1675,0,-541.87315845,-0.0036440419375,1425,1614.51856092,2156.39171937,512.173134328,484,0.748713022044,0.850746268657
Sar,range_choppy,1641,1641,0,24.04503596,-0.00154580663779,1441,794.03307015,769.98803419,1165.95368678,736,1.03122780471,0.878123095673
Sar,range_quiet,1055,1055,0,-40.1852713,-0.00229905082089,917,226.67499807,266.86026937,2351.77725118,569,0.849414559182,0.869194312796
Sar,transition,1976,1976,0,-122.30405932,-0.00260700882049,1721,934.84919402,1057.15325334,1635.0784413,1006,0.884308108655,0.870951417004
Saturn5,bear_trend,500,500,0,247.64046883,0.00372381550915,408,4324.06288554,4076.42241671,10630.41,300,1.06074946203,0.816
Saturn5,bull_trend,600,600,0,433.65641654,0.00514356950248,493,7061.06210911,6627.40569257,9884.35,337,1.06543381176,0.821666666667
Saturn5,high_vol_shock,666,666,0,-2427.75565665,-0.00614291546303,517,8912.01429766,11339.7699543,3289.3018018,287,0.78590785647,0.776276276276
Saturn5,range_choppy,373,373,0,734.24332216,0.00401084011954,304,4243.61963024,3509.37630808,8502.58713137,256,1.20922330856,0.815013404826
Saturn5,range_quiet,161,161,0,97.79268348,0.00534021467255,132,1124.4051167,1026.61243322,12884.1614907,118,1.09525764574,0.819875776398
Saturn5,transition,420,420,0,531.135664,0.00436113081994,343,4555.81863861,4024.68297461,11646.9285714,321,1.13196956564,0.816666666667
Scalp,bear_trend,3775,3775,0,-147.58381742,-0.0016376782957,1689,163.5991894,311.18300682,28.217218543,564,0.525733043947,0.447417218543
Scalp,bull_trend,3183,3183,0,-196.53039614,-0.00158842179632,1513,238.3751328,434.90552894,25.8686773484,610,0.548107846274,0.4753377317
Scalp,high_vol_shock,2393,2393,0,-121.43374222,-0.00104327733547,1400,376.87361015,498.30735237,23.6690346845,324,0.756307544646,0.585039699122
Scalp,range_choppy,2654,2654,0,-160.58991112,-0.00168561115606,1191,128.74197566,289.33188678,27.4943481537,527,0.444962970009,0.448756593821
Scalp,range_quiet,1262,1262,0,-52.5349411,-0.00196367972482,419,21.62926353,74.16420463,26.7551505547,297,0.291640200794,0.332012678288
Scalp,transition,3161,3161,0,-181.31431537,-0.0016792894769,1386,166.53329155,347.84760692,27.5846251186,761,0.478753592772,0.438468838975
Schism2,bear_trend,1068,1068,0,198.70208061,0.00188372626972,943,1323.82318221,1125.1211016,2671.08614232,449,1.17660506085,0.882958801498
Schism2,bull_trend,1667,1667,0,-567.76532527,-0.000304132101278,1471,2670.36818059,3238.13350586,3657.70545891,593,0.824662780505,0.882423515297
Schism2,high_vol_shock,1168,1168,0,-128.68762838,-0.000411238815016,1068,3109.40043088,3238.08805926,1371.2885274,328,0.960258144305,0.914383561644
Schism2,range_choppy,727,727,0,-315.31754495,-0.0027679603118,641,1251.83973617,1567.15728112,2817.83356259,343,0.798796490468,0.881705639615
Schism2,range_quiet,385,385,0,72.48357768,0.000126012963422,323,381.57270119,309.08912351,5503.12987013,210,1.23450704721,0.838961038961
Schism2,transition,1063,1063,0,274.18540058,0.00055674298238,946,1786.88098735,1512.69558677,3517.37064911,526,1.18125616481,0.889934148636
Schism2_BTC,bear_trend,1175,1175,0,382.80696915,0.00204071142231,1076,3008.18447315,2625.377504,3325.6212766,427,1.14581025722,0.915744680851
Schism2_BTC,bull_trend,2146,2146,0,-538.44711015,0.0008475849501,1971,6990.91681964,7529.36392979,3305.87837838,645,0.928487038856,0.918452935694
Schism2_BTC,high_vol_shock,1551,1551,0,-448.54775076,0.0012713502241,1448,8717.70568114,9166.2534319,1341.91489362,361,0.951065312116,0.933591231464
Schism2_BTC,range_choppy,795,795,0,-536.86258384,-0.00186918242895,727,2499.8337648,3036.69634864,3052.24528302,351,0.823208341499,0.914465408805
Schism2_BTC,range_quiet,338,338,0,115.29589115,0.000282831402997,306,768.01919176,652.72330061,6220.42899408,190,1.17663823406,0.905325443787
Schism2_BTC,transition,1128,1128,0,982.63202717,0.00268605403311,1033,3761.60974169,2778.97771452,3800.8643617,505,1.35359478489,0.915780141844
Schism2_ETH,bear_trend,1548,1548,0,-11.51303653,0.00107951499073,1369,2020.05671487,2031.5697514,2371.21124031,483,0.994332935641,0.884366925065
Schism2_ETH,bull_trend,2478,2478,0,-376.64357479,0.000348637710792,2221,4766.91141962,5143.55499441,2935.50847458,637,0.926773685671,0.896287328491
Schism2_ETH,high_vol_shock,2031,2031,0,-729.91551561,-0.000136857565709,1880,6274.29523349,7004.2107491,1164.16543575,364,0.895789041513,0.925652387986
Schism2_ETH,range_choppy,1005,1005,0,21.44275346,-0.000164946441216,897,1829.15665899,1807.71390553,2463.19900498,364,1.011861807,0.892537313433
Schism2_ETH,range_quiet,418,418,0,132.63172798,0.000391191236381,365,521.20151376,388.56978578,5010.38277512,214,1.34133309597,0.873205741627
Schism2_ETH,transition,1374,1374,0,549.87425658,0.00171272611231,1232,2547.2114173,1997.33716072,3265.4657933,538,1.27530367301,0.896652110626
Schism3,bear_trend,1144,1144,0,-192.73382383,-0.00126393571497,977,889.70468591,1082.43850974,3185.13548951,363,0.821944782918,0.854020979021
Schism3,bull_trend,1841,1841,0,-300.89515337,-0.0007158942464,1618,2303.28131898,2604.17647235,3487.39272135,526,0.884456696171,0.87887017925
Schism3,high_vol_shock,1068,1068,0,-747.24325667,-0.00289576909835,971,2057.66701217,2804.91026884,1731.582397,279,0.733594594818,0.909176029963
Schism3,range_choppy,917,917,0,347.19048763,0.00124648212096,818,1098.38875364,751.19826601,2934.08942203,340,1.46218222717,0.892039258451
Schism3,range_quiet,439,439,0,-69.95938925,-0.00243493474728,378,269.3376876,339.29707685,5479.06605923,206,0.793810810575,0.861047835991
Schism3,transition,1020,1020,0,209.0369164,0.000897383509952,905,1219.08751795,1010.05060155,3871.21568627,429,1.20695687531,0.887254901961
Schism4,bear_trend,1438,1438,0,23.05847771,0.000785141584306,1284,911.32348998,888.26501227,2606.05702364,450,1.02595900704,0.892906815021
Schism4,bull_trend,2313,2313,0,-326.48339172,-0.000683774945215,2046,2386.99111491,2713.47450663,3236.29053178,636,0.879680685806,0.884565499351
Schism4,high_vol_shock,1619,1619,0,-1029.65933594,-0.00290746135545,1475,2901.86441738,3931.52375332,1410.46324892,339,0.73810171309,0.911056207536
Schism4,range_choppy,921,921,0,218.62183351,-0.000476855781765,806,893.67509631,675.0532628,2460.34201954,351,1.3238586428,0.875135722041
Schism4,range_quiet,400,400,0,129.66002964,0.00187449688727,347,252.93703594,123.2770063,5708.475,199,2.05177789055,0.8675
Schism4,transition,1241,1241,0,184.38752899,0.00022053168165,1109,1177.8833241,993.49579511,3515.62852538,505,1.18559467478,0.893634165995
Seb,bear_trend,2601,2601,0,-194.95158972,-0.00214325463642,2298,1074.15451375,1269.10610347,1464.14263745,850,0.846386689665,0.883506343714
Seb,bull_trend,2342,2342,0,-438.66938416,-0.00214973025874,2068,1558.70790939,1997.37729355,1478.54184458,808,0.780377304991,0.883005977797
Seb,high_vol_shock,2024,2024,0,-374.64047581,-0.00254809014993,1751,1924.38435027,2299.02482608,563.171936759,503,0.837043745,0.865118577075
Seb,range_choppy,1663,1663,0,69.92690682,-0.00134034085144,1478,994.74759634,924.82068952,1387.38725195,678,1.07561131321,0.888755261575
Seb,range_quiet,873,873,0,-66.85071875,-0.00299397248656,770,214.56303663,281.41375538,2661.44902635,444,0.762446868812,0.882016036655
Seb,transition,2094,2094,0,39.03745397,-0.00104666978475,1872,1178.47638763,1139.43893366,1608.20916905,1009,1.03426024231,0.893982808023
Simple,bear_trend,2687,2687,0,-49.59037846,-0.000749330250425,2284,957.70805455,1007.29843301,1299.05842948,564,0.950768931198,0.850018608113
Simple,bull_trend,2835,2835,0,-258.46763041,-0.00142974545758,2422,2116.59048648,2375.05811689,1324.18165785,559,0.891174187035,0.854320987654
Simple,high_vol_shock,2568,2568,0,-1077.46815768,-0.00319953949075,2323,2777.09464484,3854.56280252,687.122274143,276,0.72046942471,0.904595015576
Simple,range_choppy,1886,1886,0,242.77959447,-0.000596210854381,1633,1216.39338794,973.61379347,1229.23647932,404,1.24935923885,0.865853658537
Simple,range_quiet,1027,1027,0,95.47009203,-0.00211960903426,800,259.8221754,164.35208337,1930,349,1.580887629,0.778967867575
Simple,transition,2284,2284,0,80.29980974,-0.000907709788419,1932,1311.53950774,1231.239698,1420.05472855,658,1.06521866528,0.84588441331
SimpleBollinger,bear_trend,42,42,0,48.55203615,0.00863186871377,34,81.1451282,32.59309205,1603.92857143,32,2.48964191785,0.809523809524
SimpleBollinger,bull_trend,21,21,0,62.58261637,0.0224086388074,18,62.61678009,0.03416372,2380,19,1832.84431818,0.857142857143
SimpleBollinger,high_vol_shock,10,10,0,14.02618744,0.0108103360958,9,14.0271862,0.00099876,560,8,14044.6015059,0.9
SimpleBollinger,range_choppy,21,21,0,25.76056043,0.00935065861221,15,25.84475567,0.08419524,1296.19047619,19,306.962194894,0.714285714286
SimpleBollinger,range_quiet,14,14,0,-20.0641775,-0.00960018296088,7,22.78016489,42.84434239,4789.64285714,12,0.53169598643,0.5
SimpleBollinger,transition,21,21,0,17.61727439,0.00638005561132,14,17.6334226,0.01614821,993.095238095,21,1091.97382249,0.666666666667
SimpleHopt,bear_trend,1763,1763,0,-183.28988128,-0.000778074496222,1626,1228.77350527,1412.06338655,2469.9546228,504,0.870197129232,0.922291548497
SimpleHopt,bull_trend,2271,2271,0,184.82300853,0.000444146818913,2128,2774.31598984,2589.49298131,2379.65874064,551,1.07137420718,0.93703214443
SimpleHopt,high_vol_shock,1935,1935,0,-1635.99318989,-0.00453035939509,1809,2996.7536841,4632.74687399,1093.3875969,330,0.646863246711,0.93488372093
SimpleHopt,range_choppy,1329,1329,0,542.31865829,0.000940993272076,1263,1464.70058364,922.38192535,2383.41610233,389,1.58795455915,0.950338600451
SimpleHopt,range_quiet,740,740,0,62.96630022,-0.000523935226194,682,387.72633983,324.76003961,3889.71621622,285,1.19388561566,0.921621621622
SimpleHopt,transition,1501,1501,0,155.39063716,-0.00116744852646,1389,1620.78466973,1465.39403257,2862.67821452,531,1.1060401733,0.925383077948
SimpleHopt1Along,bear_trend,196,196,0,-57.34285478,-0.00200811913631,187,228.10887856,285.45173334,3901.2244898,93,0.799115408728,0.954081632653
SimpleHopt1Along,bull_trend,663,663,0,126.20476833,0.0016617272614,641,859.11634284,732.91157451,3295.20361991,249,1.17219644596,0.966817496229
SimpleHopt1Along,high_vol_shock,205,205,0,-221.65717457,-0.00657986366088,192,283.09242711,504.74960168,937.756097561,91,0.56085715802,0.936585365854
SimpleHopt1Along,range_choppy,259,259,0,31.50005828,-8.5838690535e-05,249,332.18877793,300.68871965,3616.67953668,129,1.10475969407,0.96138996139
SimpleHopt1Along,range_quiet,228,228,0,-45.89988486,-0.00146817511143,218,254.45509825,300.35498311,4771.57894737,119,0.847181210764,0.956140350877
SimpleHopt1Along,transition,395,395,0,-147.12876322,-0.00323777821703,375,489.19706357,636.32582679,3482.12658228,196,0.768783920084,0.949367088608
SimpleRSI_Shorts,bear_trend,13,0,13,-391.06134821,-0.406066574668,0,0,391.06134821,57156.9230769,8,0,0
SimpleRSI_Shorts,range_quiet,1,0,1,-37.16220713,-0.428531678095,0,0,37.16220713,83520,1,0,0
SlowPotato,bear_trend,26,26,0,24.22294667,0.00384594405939,26,24.22294667,0,329.038461538,6,inf,1
SlowPotato,bull_trend,878,878,0,-419.67640021,0.00108951799677,869,1172.87957145,1592.55597166,12033.001139,227,0.736476200725,0.989749430524
SlowPotato,high_vol_shock,440,440,0,504.7987501,0.00566021260107,437,1180.89550918,676.09675908,18464.875,92,1.7466368435,0.993181818182
SlowPotato,range_choppy,221,221,0,262.90979541,0.00455322239499,221,262.90979541,0,12803.5294118,71,inf,1
SlowPotato,range_quiet,79,79,0,76.26600312,0.00256428744272,79,76.26600312,0,4204.81012658,32,inf,1
SlowPotato,transition,346,346,0,218.81765313,0.00318943185324,344,475.67132404,256.85367091,4468.98843931,133,1.85191561543,0.994219653179
Slowbro,bear_trend,13,13,0,-50.71310926,0.0336958534203,11,301.18778038,351.90088964,278676.923077,13,0.855888090218,0.846153846154
Slowbro,bull_trend,1,1,0,34.7461296,0.137258090746,1,34.7461296,0,36720,1,inf,1
Slowbro,high_vol_shock,23,23,0,762.13111425,0.155439999934,23,762.13111425,0,112001.73913,15,inf,1
Slowbro,range_choppy,15,15,0,224.25973167,0.0821817698496,14,382.16820967,157.908478,312756,14,2.42018803873,0.933333333333
Slowbro,range_quiet,9,9,0,-238.9864786,-0.0662423880522,7,100.94623961,339.93271821,131486.666667,9,0.296959469337,0.777777777778
Slowbro,transition,15,15,0,-275.05263036,-0.0464734452862,12,303.07443501,578.12706537,548088,15,0.524234987712,0.8
SmaRsiStrategy,bear_trend,59,59,0,-71.60420048,0.00819801524118,9,1390.69631348,1462.30051396,13692.2033898,52,0.951033183811,0.152542372881
SmaRsiStrategy,bull_trend,47,47,0,-202.3695773,-0.016887913036,7,1204.98520796,1407.35478526,14706.3829787,41,0.856205713428,0.148936170213
SmaRsiStrategy,high_vol_shock,53,53,0,392.54044333,0.0529294483565,10,2432.46963013,2039.9291868,9536.60377358,45,1.19242846559,0.188679245283
SmaRsiStrategy,range_choppy,118,118,0,1418.59883757,0.0395182863026,31,3881.5336774,2462.93483983,20184.4067797,96,1.57597903713,0.262711864407
SmaRsiStrategy,range_quiet,145,145,0,2341.23265835,0.0589817549191,41,4563.38254512,2222.14988677,20279.1724138,112,2.05358899158,0.28275862069
SmaRsiStrategy,transition,109,109,0,-215.86848335,0.0220701901122,22,2158.54662371,2374.41510706,16157.0642202,98,0.909085617461,0.201834862385
SmartMoneyStrategy,bear_trend,5,5,0,38.99054013,0.0410517006337,5,38.99054013,0,5520,5,inf,1
SmartMoneyStrategy,bull_trend,161,161,0,239.27875535,0.0258912728336,156,3216.57252552,2977.29377017,68146.2111801,113,1.08036786888,0.968944099379
SmartMoneyStrategy,high_vol_shock,75,75,0,1185.29119327,0.0510235042097,73,2394.02377911,1208.73258584,111062.4,52,1.98060663471,0.973333333333
SmartMoneyStrategy,range_choppy,34,34,0,607.64084242,0.0451247093792,34,607.64084242,0,69524.1176471,30,inf,1
SmartMoneyStrategy,range_quiet,12,12,0,169.52067352,0.0248187999973,12,169.52067352,0,26370,11,inf,1
SmartMoneyStrategy,transition,61,61,0,831.43942439,0.0391149062308,60,1362.92104549,531.4816211,29133.442623,57,2.56438038755,0.983606557377
SmartMoneyStrategyHyperopt,bear_trend,2,2,0,54.0774876,0.135145174362,2,54.0774876,0,2190,2,inf,1
SmartMoneyStrategyHyperopt,bull_trend,87,87,0,542.13775525,0.033060694817,85,1304.17283296,762.03507771,65453.7931034,66,1.71143412043,0.977011494253
SmartMoneyStrategyHyperopt,high_vol_shock,48,48,0,314.02679201,0.0519366058431,45,1586.87056335,1272.84377134,226778.75,31,1.24671275382,0.9375
SmartMoneyStrategyHyperopt,range_choppy,24,24,0,115.2336414,0.0505567396661,23,430.79569991,315.56205851,126362.5,21,1.36516950721,0.958333333333
SmartMoneyStrategyHyperopt,range_quiet,19,19,0,-203.10011903,-0.00231087966399,18,170.83152191,373.93164094,44463.1578947,19,0.456852277814,0.947368421053
SmartMoneyStrategyHyperopt,transition,43,43,0,328.52834916,0.0369942675571,42,699.93338012,371.40503096,65120.9302326,39,1.8845554631,0.976744186047
SmoothOperator,bear_trend,3404,3404,0,-122.7997239,-0.00177835804568,2031,1469.5302844,1592.3300083,652.739424207,1054,0.92288048127,0.596650998825
SmoothOperator,bull_trend,2570,2570,0,-257.10840228,-0.00118724135207,1561,1911.83909649,2168.94749877,653.284046693,941,0.881459370305,0.607392996109
SmoothOperator,high_vol_shock,1634,1634,0,-291.69666869,-0.00154407561004,876,2824.82172838,3116.51839707,493.268053856,503,0.906403033281,0.536107711138
SmoothOperator,range_choppy,2054,2054,0,-41.03760046,-0.00186317175275,1235,1178.02263407,1219.06023453,638.356864654,890,0.966336691742,0.601265822785
SmoothOperator,range_quiet,1964,1964,0,-16.21763393,-0.00118773868135,1184,304.80081306,321.01844699,736.265274949,811,0.949480679126,0.602851323829
SmoothOperator,transition,2768,2768,0,-230.45106156,-0.00175145455835,1664,1341.44072853,1571.89179009,670.505780347,1343,0.853392540751,0.601156069364
SmoothScalp,bear_trend,1740,1740,0,-109.70404457,-0.000873684412514,1054,580.15762447,689.86166904,159.307471264,779,0.840976750132,0.605747126437
SmoothScalp,bull_trend,1221,1221,0,-5.21346691,4.75881317659e-05,800,537.80182007,543.01528698,158.263718264,598,0.990399042099,0.655200655201
SmoothScalp,high_vol_shock,717,717,0,26.57440622,0.000432171832788,528,486.83479194,460.26038572,123.389121339,345,1.0577377655,0.73640167364
SmoothScalp,range_choppy,1041,1041,0,-125.66235239,-0.00133160149787,670,403.83219725,529.49454964,162.262247839,566,0.762674889712,0.643611911623
SmoothScalp,range_quiet,951,951,0,-150.12781904,-0.00215842378839,542,201.0603179,351.18813694,182.38170347,531,0.572514549187,0.56992639327
SmoothScalp,transition,1370,1370,0,-117.50902099,-0.0010317160672,836,495.71726299,613.22628398,172.259124088,857,0.80837575939,0.610218978102
Squeeze001,bear_trend,56,56,0,79.67610684,0.0102655388957,42,113.31180081,33.63569397,990.982142857,39,3.36879628264,0.75
Squeeze001,bull_trend,62,62,0,98.09690011,0.0124816174979,55,164.32606121,66.2291611,968.629032258,43,2.48117382858,0.887096774194
Squeeze001,high_vol_shock,143,143,0,30.03293839,0.00158706221949,114,435.85294737,405.82000898,572.377622378,88,1.07400556337,0.797202797203
Squeeze001,range_choppy,48,48,0,40.42457805,0.00668125707233,35,76.60447185,36.1798938,1467.91666667,35,2.11732163376,0.729166666667
Squeeze001,range_quiet,8,8,0,8.66756187,0.00737320758391,6,8.67853945,0.01097758,1564.375,7,790.56945611,0.75
Squeeze001,transition,34,34,0,34.05576421,0.0072995207691,23,68.81730595,34.76154174,568.088235294,30,1.97969659875,0.676470588235
Squeeze002,bear_trend,1681,1681,0,128.1977203,0.00100825942969,1224,1112.46317012,984.26544982,2321.12730518,652,1.13024709983,0.728138013087
Squeeze002,bull_trend,2456,2456,0,-11.8404937,4.52014434745e-05,1772,2322.26781762,2334.10831132,2300.06718241,784,0.994927187551,0.721498371336
Squeeze002,high_vol_shock,1308,1308,0,-971.475061,-0.00357256701198,924,2758.13879043,3729.61385143,1337.3470948,408,0.739523956179,0.706422018349
Squeeze002,range_choppy,1278,1278,0,-130.99466837,-0.00196106511235,907,1163.9361096,1294.93077797,2186.31455399,547,0.898840408616,0.709702660407
Squeeze002,range_quiet,619,619,0,89.21507227,0.000822013834797,432,260.76940354,171.55433127,3312.37479806,334,1.52003975423,0.697899838449
Squeeze002,transition,1537,1537,0,92.43220648,-0.000811643062957,1087,1249.25158647,1156.81937999,2427.89525049,760,1.07990202108,0.707221860768
SqueezeMomentum,bear_trend,3785,3785,0,-207.01714852,-0.00183327519421,1758,752.74299827,959.76014679,169.768824306,941,0.784303245751,0.464464993395
SqueezeMomentum,bull_trend,3716,3716,0,-104.06588444,-0.000840847506191,1859,993.17735423,1097.24323867,163.950484392,937,0.905156959941,0.500269106566
SqueezeMomentum,high_vol_shock,1771,1771,0,-69.43210309,-0.000400016789521,962,1265.55608964,1334.98819273,153.551665726,420,0.947990474022,0.5431959345
SqueezeMomentum,range_choppy,2585,2585,0,-200.59452587,-0.00180777105992,1270,605.00740806,805.60193393,166.65377176,800,0.751000441507,0.491295938104
SqueezeMomentum,range_quiet,2506,2506,0,-120.86911565,-0.00182784230778,1043,142.72849146,263.59760711,174.63886672,746,0.541463532332,0.416201117318
SqueezeMomentum,transition,3495,3495,0,-264.04841654,-0.00180737188257,1650,683.79179589,947.84021243,167.492131617,1260,0.721420959907,0.472103004292
SqueezeMomentumStrategy,bear_trend,1601,1601,0,-111.70777468,-0.00249721580243,367,76.36693615,188.07471083,44.2879450344,235,0.406045745401,0.229231730169
SqueezeMomentumStrategy,bull_trend,2814,2814,0,-223.45011685,-0.00223936653379,761,242.8926428,466.34275965,45.2931769723,356,0.520845746554,0.270433546553
SqueezeMomentumStrategy,high_vol_shock,2672,2672,0,-168.4247395,-0.002396553536,749,244.81815467,413.24289417,45.1777694611,265,0.592431613765,0.280314371257
SqueezeMomentumStrategy,range_choppy,1706,1706,0,-159.3916275,-0.00234101324406,399,121.33371746,280.72534496,44.3200468933,271,0.432215044485,0.23388042204
SqueezeMomentumStrategy,range_quiet,579,579,0,-81.29481487,-0.00255965623181,87,15.77787921,97.07269408,40.0259067358,120,0.162536739704,0.150259067358
SqueezeMomentumStrategy,transition,2079,2079,0,-221.42042006,-0.00234173958437,504,151.25931868,372.67973874,44.0812890813,399,0.405869444879,0.242424242424
SqueezeOff,bear_trend,1884,1884,0,44.26268132,0.000226683049445,1334,1915.76393502,1871.5012537,2303.28821656,598,1.0236508959,0.708067940552
SqueezeOff,bull_trend,2639,2639,0,-6.52766529,0.000879872596978,1908,4032.33460212,4038.86226741,2256.8757105,762,0.998383786112,0.723001136794
SqueezeOff,high_vol_shock,1524,1524,0,-1254.61937543,-0.00160599129948,1120,5409.51079591,6664.13017134,1253.8484252,423,0.811735463868,0.734908136483
SqueezeOff,range_choppy,1355,1355,0,414.9731642,0.000327374526877,994,2150.9461863,1735.9730221,1999.35793358,530,1.23904355593,0.733579335793
SqueezeOff,range_quiet,682,682,0,41.53898419,-0.00104905669364,462,490.14489064,448.60590645,3268.97360704,328,1.09259571395,0.677419354839
SqueezeOff,transition,1650,1650,0,124.76888761,-0.000163056176308,1188,2266.05771896,2141.28883135,2467.13636364,687,1.05826812609,0.72
StarRise,bear_trend,13,13,0,14.15013104,0.00793173188413,12,14.45576651,0.30563547,272.307692308,11,47.2974112265,0.923076923077
StarRise,bull_trend,21,21,0,32.36114241,0.0114977309777,21,32.36114241,0,2129.28571429,20,inf,1
StarRise,high_vol_shock,89,89,0,127.42115448,0.0104754277688,82,129.56360938,2.1424549,4075.11235955,62,60.4743695562,0.921348314607
StarRise,range_choppy,16,16,0,23.53245006,0.0104961791642,16,23.53245006,0,98720.625,14,inf,1
StarRise,range_quiet,1,1,0,0.03109259,0.00021545543934,1,0.03109259,0,1155,1,inf,1
StarRise,transition,18,18,0,22.81658248,0.00918495651225,18,22.81658248,0,671.111111111,15,inf,1
StarRise_V2,bear_trend,13,13,0,9.45205481,0.00581220339326,12,13.10515753,3.65310272,384.615384615,11,3.58740460766,0.923076923077
StarRise_V2,bull_trend,24,24,0,-6.88831431,-0.00213960220721,23,15.92237493,22.81068924,140.833333333,21,0.698022526302,0.958333333333
StarRise_V2,high_vol_shock,106,106,0,-0.73242894,1.69048707006e-05,97,111.05501408,111.78744302,225.330188679,72,0.99344802135,0.915094339623
StarRise_V2,range_choppy,17,17,0,8.24573568,0.00388363297007,16,12.53213241,4.28639673,328.529411765,15,2.923698668,0.941176470588
StarRise_V2,range_quiet,3,3,0,-6.8643683,-0.0180536377521,2,1.25249662,8.11686492,973.333333333,3,0.15430792952,0.666666666667
StarRise_V2,transition,23,23,0,5.61256809,0.00201762708843,21,19.7649908,14.15242271,468.260869565,18,1.39658002061,0.913043478261
StarRise_strat,bear_trend,13,13,0,9.45205481,0.00581220339326,12,13.10515753,3.65310272,384.615384615,11,3.58740460766,0.923076923077
StarRise_strat,bull_trend,24,24,0,-6.88831431,-0.00213960220721,23,15.92237493,22.81068924,140.833333333,21,0.698022526302,0.958333333333
StarRise_strat,high_vol_shock,106,106,0,-0.73242894,1.69048707006e-05,97,111.05501408,111.78744302,225.330188679,72,0.99344802135,0.915094339623
StarRise_strat,range_choppy,17,17,0,8.24573568,0.00388363297007,16,12.53213241,4.28639673,328.529411765,15,2.923698668,0.941176470588
StarRise_strat,range_quiet,3,3,0,-6.8643683,-0.0180536377521,2,1.25249662,8.11686492,973.333333333,3,0.15430792952,0.666666666667
StarRise_strat,transition,23,23,0,5.61256809,0.00201762708843,21,19.7649908,14.15242271,468.260869565,18,1.39658002061,0.913043478261
StochRSITEMA,bear_trend,900,900,0,-165.27608588,-0.00294713465298,482,80.8663243,246.14241018,172.138888889,598,0.328534705746,0.535555555556
StochRSITEMA,bull_trend,705,705,0,-162.65168855,-0.00299924000489,359,90.85920331,253.51089186,164.127659574,483,0.358403548831,0.509219858156
StochRSITEMA,high_vol_shock,354,354,0,-124.86498845,-0.00406906372617,151,89.38485785,214.2498463,76.6384180791,229,0.417199169071,0.426553672316
StochRSITEMA,range_choppy,567,567,0,-91.50636909,-0.00251652655171,314,75.63811202,167.14448111,129.682539683,425,0.452531316127,0.553791887125
StochRSITEMA,range_quiet,575,575,0,-88.83554677,-0.00264739504865,294,23.12485788,111.96040465,273.008695652,407,0.20654496518,0.511304347826
StochRSITEMA,transition,765,765,0,-109.48379162,-0.00233348729124,405,82.78278418,192.2665758,170.673202614,619,0.43056253452,0.529411764706
StochasticCciStrategy,bear_trend,166,166,0,-41.79864302,-0.00197563689993,83,199.45244443,241.25108745,1380,134,0.826742157054,0.5
StochasticCciStrategy,bull_trend,330,330,0,25.16090045,0.000629155972553,196,621.57670739,596.41580694,1326.18181818,255,1.04218684374,0.593939393939
StochasticCciStrategy,high_vol_shock,120,120,0,46.40821313,0.00357998203199,62,341.44401253,295.0357994,1557,96,1.15729688812,0.516666666667
StochasticCciStrategy,range_choppy,174,174,0,6.75959492,5.81262274747e-05,111,316.24331275,309.48371783,1329.65517241,155,1.02184152035,0.637931034483
StochasticCciStrategy,range_quiet,184,184,0,-13.48939232,-0.000206087106253,107,250.48709084,263.97648316,1499.34782609,145,0.94889926497,0.58152173913
StochasticCciStrategy,transition,212,212,0,-81.42943844,-0.00254993667986,123,278.58464842,360.01408686,1483.86792453,186,0.773815966063,0.580188679245
StochasticOversoldStrategy,bear_trend,3106,3106,0,-134.70352176,-0.00185832597645,1651,201.88955238,336.59307414,111.126851256,463,0.599803049709,0.531551835158
StochasticOversoldStrategy,bull_trend,2734,2734,0,-218.72885094,-0.00199649567666,1443,327.67882106,546.407672,107.852962692,521,0.599696596244,0.527798098025
StochasticOversoldStrategy,high_vol_shock,2252,2252,0,-202.85053399,-0.00222222246175,1285,466.75398551,669.6045195,103.421403197,313,0.69705919228,0.570603907638
StochasticOversoldStrategy,range_choppy,2917,2917,0,-151.68967318,-0.00144187593046,1641,246.91589594,398.60556912,107.805965033,497,0.619449187539,0.562564278368
StochasticOversoldStrategy,range_quiet,868,868,0,-36.9807302,-0.00143232342372,369,38.75828074,75.73901094,104.579493088,209,0.51173470922,0.425115207373
StochasticOversoldStrategy,transition,3073,3073,0,-220.90974858,-0.00165151486891,1577,248.73380893,469.64355751,109.960950212,661,0.529622529581,0.513179303612
StochasticRsiStrategy,bear_trend,2956,2956,0,-117.84696821,-0.00173075575344,1283,99.13366802,216.98063623,49.3724627876,376,0.456877948846,0.434032476319
StochasticRsiStrategy,bull_trend,3172,3172,0,-234.20502855,-0.00194613116177,1401,181.4765622,415.68159075,50.5784993695,445,0.436575894238,0.441677175284
StochasticRsiStrategy,high_vol_shock,2503,2503,0,-143.47410334,-0.00157742832146,1369,238.98615919,382.46026253,48.5617259289,286,0.624865332699,0.546943667599
StochasticRsiStrategy,range_choppy,2553,2553,0,-162.50814958,-0.00173036149844,1146,116.73411248,279.24226206,49.4085389738,397,0.418038844188,0.448883666275
StochasticRsiStrategy,range_quiet,675,675,0,-53.83962547,-0.00167172646243,180,16.38089716,70.22052263,47.1111111111,145,0.233277915721,0.266666666667
StochasticRsiStrategy,transition,3147,3147,0,-253.90217212,-0.00197707982521,1331,133.01437191,386.91654403,50.6196377502,562,0.343780523119,0.422942484906
Strategy001,bear_trend,2601,2601,0,-194.95158972,-0.00214325463642,2298,1074.15451375,1269.10610347,1464.14263745,850,0.846386689665,0.883506343714
Strategy001,bull_trend,2342,2342,0,-438.66938416,-0.00214973025874,2068,1558.70790939,1997.37729355,1478.54184458,808,0.780377304991,0.883005977797
Strategy001,high_vol_shock,2024,2024,0,-374.64047581,-0.00254809014993,1751,1924.38435027,2299.02482608,563.171936759,503,0.837043745,0.865118577075
Strategy001,range_choppy,1663,1663,0,69.92690682,-0.00134034085144,1478,994.74759634,924.82068952,1387.38725195,678,1.07561131321,0.888755261575
Strategy001,range_quiet,873,873,0,-66.85071875,-0.00299397248656,770,214.56303663,281.41375538,2661.44902635,444,0.762446868812,0.882016036655
Strategy001,transition,2094,2094,0,39.03745397,-0.00104666978475,1872,1178.47638763,1139.43893366,1608.20916905,1009,1.03426024231,0.893982808023
Strategy001_custom_exit,bear_trend,3110,3110,0,-208.9327228,-0.00141812041304,2889,675.15328847,884.08601127,921.673633441,859,0.763673760091,0.928938906752
Strategy001_custom_exit,bull_trend,3049,3049,0,-388.9758099,-0.00165220185024,2824,1071.64928075,1460.62509065,973.161692358,880,0.733692230546,0.926205313217
Strategy001_custom_exit,high_vol_shock,2113,2113,0,-254.57228621,-0.0017817294798,1894,1464.1728109,1718.74509711,453.272598202,451,0.851884792784,0.896355892097
Strategy001_custom_exit,range_choppy,2133,2133,0,12.0161948,-0.00134772815647,1981,666.62109036,654.60489556,854.774964838,741,1.01835640839,0.928738865448
Strategy001_custom_exit,range_quiet,1392,1392,0,-43.52832385,-0.00251844290975,1300,125.45635238,168.98467623,1457.7658046,555,0.742412597277,0.933908045977
Strategy001_custom_exit,transition,2795,2795,0,-83.06805963,-0.00170388712604,2598,787.94462673,871.01268636,982.479427549,1122,0.904630482505,0.929516994633
Strategy001_custom_sell,bear_trend,3110,3110,0,-208.9327228,-0.00141812041304,2889,675.15328847,884.08601127,921.673633441,859,0.763673760091,0.928938906752
Strategy001_custom_sell,bull_trend,3049,3049,0,-388.9758099,-0.00165220185024,2824,1071.64928075,1460.62509065,973.161692358,880,0.733692230546,0.926205313217
Strategy001_custom_sell,high_vol_shock,2113,2113,0,-254.57228621,-0.0017817294798,1894,1464.1728109,1718.74509711,453.272598202,451,0.851884792784,0.896355892097
Strategy001_custom_sell,range_choppy,2133,2133,0,12.0161948,-0.00134772815647,1981,666.62109036,654.60489556,854.774964838,741,1.01835640839,0.928738865448
Strategy001_custom_sell,range_quiet,1392,1392,0,-43.52832385,-0.00251844290975,1300,125.45635238,168.98467623,1457.7658046,555,0.742412597277,0.933908045977
Strategy001_custom_sell,transition,2795,2795,0,-83.06805963,-0.00170388712604,2598,787.94462673,871.01268636,982.479427549,1122,0.904630482505,0.929516994633
Strategy002,bear_trend,283,283,0,-116.57068474,-0.00398705974334,254,193.44786535,310.01855009,1165.60070671,226,0.623988033277,0.897526501767
Strategy002,bull_trend,144,144,0,-14.46748802,-0.00127412402061,131,134.95361474,149.42110276,814.652777778,122,0.903176407129,0.909722222222
Strategy002,high_vol_shock,103,103,0,-55.88689882,-0.00490819777813,88,118.11977422,174.00667304,658.786407767,91,0.678823243709,0.854368932039
Strategy002,range_choppy,184,184,0,-56.08936524,-0.0029661721902,165,151.42491132,207.51427656,1120.27173913,153,0.729708402864,0.896739130435
Strategy002,range_quiet,185,185,0,-22.6900928,-0.00106654736214,174,93.88532074,116.57541354,1219.94594595,163,0.805361249761,0.940540540541
Strategy002,transition,226,226,0,-100.31758181,-0.00437805474257,203,152.08423204,252.40181385,1597.52212389,208,0.602548094723,0.898230088496
Strategy003,bear_trend,769,769,0,-30.81222166,-0.000475763490991,713,454.58602654,485.3982482,1054.81794538,460,0.936521769961,0.927178153446
Strategy003,bull_trend,498,498,0,-38.46357523,-0.000371148076882,462,326.59664356,365.06021879,1118.69477912,344,0.894637724818,0.927710843373
Strategy003,high_vol_shock,233,233,0,-125.81644312,-0.00470697105058,200,231.87627698,357.6927201,559.034334764,171,0.648255510806,0.858369098712
Strategy003,range_choppy,455,455,0,-104.79524399,-0.00275924429079,412,290.77227894,395.56752293,908.153846154,340,0.735076218559,0.905494505495
Strategy003,range_quiet,435,435,0,-69.70806826,-0.0017209104397,406,176.07434841,245.78241667,1326.1954023,313,0.716383013869,0.933333333333
Strategy003,transition,584,584,0,-108.92583624,-0.00196789495296,535,348.50750545,457.43334169,1377.75684932,441,0.761876045507,0.916095890411
Strategy004,bear_trend,1208,1208,0,-23.98128524,-0.000465334690735,1121,747.80936517,771.79065041,769.064569536,575,0.968927732893,0.92798013245
Strategy004,bull_trend,994,994,0,10.38102244,0.000464927247477,916,944.35116418,933.97014174,758.993963783,504,1.01111494038,0.92152917505
Strategy004,high_vol_shock,552,552,0,-126.95843742,-0.000894426135576,471,1063.39052948,1190.3489669,421.014492754,228,0.893343514423,0.853260869565
Strategy004,range_choppy,711,711,0,-100.47551903,-0.00120257226805,650,516.76261682,617.23813585,664.465541491,403,0.837217577473,0.914205344585
Strategy004,range_quiet,602,602,0,-96.97702424,-0.0016425659274,563,234.713439,331.69046324,1253.13122924,373,0.707627939336,0.935215946844
Strategy004,transition,930,930,0,-163.49809978,-0.00227681169552,847,617.07255333,780.57065311,1039.88172043,603,0.790540293657,0.910752688172
Strategy005,bear_trend,1131,1131,0,-12.54899041,-0.000407888556731,962,1375.08669138,1387.63568179,2155.64986737,619,0.990956566933,0.850574712644
Strategy005,bull_trend,927,927,0,-199.11507696,-0.00215946283116,778,1343.66608166,1542.78115862,2265.99244876,533,0.870937575399,0.839266450917
Strategy005,high_vol_shock,511,511,0,-168.75697438,-0.00246299263059,412,1032.89178153,1201.64875591,970.18590998,302,0.85956214447,0.80626223092
Strategy005,range_choppy,708,708,0,-133.10519863,-0.0026601954009,587,945.63520265,1078.74040128,2169.73870056,490,0.876610537186,0.829096045198
Strategy005,range_quiet,532,532,0,-124.80145181,-0.00379807568141,445,467.97462809,592.7760799,3590.97744361,383,0.78946273974,0.836466165414
Strategy005,transition,950,950,0,-122.62935692,-0.00182802726336,803,1232.5396492,1355.16900612,2619.04736842,698,0.909509916205,0.845263157895
StrategyScalpingFast,bear_trend,271,271,0,1.85624857,0.000568472731267,266,278.54275993,276.68651136,7367.49077491,202,1.00670885097,0.981549815498
StrategyScalpingFast,bull_trend,694,694,0,-21.37363974,0.00103042249044,680,759.70576877,781.07940851,7336.94524496,406,0.972635765958,0.979827089337
StrategyScalpingFast,high_vol_shock,480,480,0,310.2761601,0.00533454138885,475,573.21992883,262.94376873,3495.08333333,251,2.18000955717,0.989583333333
StrategyScalpingFast,range_choppy,354,354,0,-362.39775973,-0.00443393459229,344,399.03482322,761.43258295,8450.2259887,242,0.524057982486,0.971751412429
StrategyScalpingFast,range_quiet,149,149,0,140.22357532,0.00910993253136,148,148.95407032,8.730495,10862.3154362,130,17.0613545188,0.993288590604
StrategyScalpingFast,transition,384,384,0,-119.7471934,-0.00050820772015,375,417.82341313,537.57060653,9931.35416667,308,0.777243785383,0.9765625
SuperHV27_BTC,bear_trend,629,629,0,417.05198873,0.00303642108337,556,1333.65171507,916.59972634,5406.12877583,340,1.45499903256,0.883942766296
SuperHV27_BTC,bull_trend,1448,1448,0,253.30280853,0.00140927584059,1270,3621.99851768,3368.69570915,5240.78729282,630,1.07519314013,0.877071823204
SuperHV27_BTC,high_vol_shock,790,790,0,-150.81439607,0.00200058379115,705,3481.4145236,3632.22891967,3285.50632911,322,0.958478829555,0.892405063291
SuperHV27_BTC,range_choppy,472,472,0,-493.25130647,-0.00423626162134,402,1255.82008385,1749.07139032,5002.70127119,291,0.717992467775,0.851694915254
SuperHV27_BTC,range_quiet,201,201,0,401.44304609,0.00982984790781,173,420.7188386,19.27579251,6583.9800995,153,21.8262796916,0.860696517413
SuperHV27_BTC,transition,587,587,0,-488.78424304,-0.000683491443956,488,1416.2278178,1905.01206084,6115.4770017,396,0.743421969295,0.831345826235
SuperTrend,bear_trend,300,300,0,-55.34487967,-0.00160072337386,185,223.97900936,279.32388903,397.366666667,207,0.801861273441,0.616666666667
SuperTrend,bull_trend,245,245,0,-42.51358771,-0.00147488438212,148,200.30869661,242.82228432,375.693877551,183,0.824918920316,0.604081632653
SuperTrend,high_vol_shock,103,103,0,12.09413842,0.000843978232146,66,106.73123576,94.63709734,149.563106796,72,1.12779490031,0.640776699029
SuperTrend,range_choppy,181,181,0,-32.22373095,-0.00178750606657,109,144.26082225,176.4845532,269.281767956,150,0.817413306911,0.602209944751
SuperTrend,range_quiet,204,204,0,-45.33821005,-0.00204582432329,126,137.03573878,182.37394883,687.450980392,169,0.751399745737,0.617647058824
SuperTrend,transition,268,268,0,-73.21310354,-0.0025291605109,159,192.54673509,265.75983863,431.996268657,218,0.724514042764,0.59328358209
SupertrendStrategy,bear_trend,865,865,0,-393.02102389,0.00105412940968,293,6640.05675626,7033.07778015,3352.92485549,465,0.944118203129,0.338728323699
SupertrendStrategy,bull_trend,550,550,0,305.44331553,0.00165562315446,175,5186.71154327,4881.26822774,3594.76363636,361,1.06257458129,0.318181818182
SupertrendStrategy,high_vol_shock,291,291,0,-348.50444758,0.0077805077485,96,4558.93160666,4907.43605424,3580.6185567,184,0.928984413912,0.329896907216
SupertrendStrategy,range_choppy,486,486,0,532.95784929,0.0057989030633,163,5238.77987185,4705.82202256,3437.5308642,339,1.11325499493,0.335390946502
SupertrendStrategy,range_quiet,540,540,0,2109.51387009,0.0161145101598,177,5289.44695564,3179.93308555,3596.88888889,344,1.66338310063,0.327777777778
SupertrendStrategy,transition,641,641,0,1655.22665312,0.00716897103168,214,6468.03060657,4812.80395345,3521.84087363,478,1.34392147886,0.333853354134
SwingHigh,bear_trend,278,278,0,-7.16444663,-0.000151739648648,199,169.29852371,176.46297034,1623.99280576,188,0.959399716461,0.715827338129
SwingHigh,bull_trend,174,174,0,-55.75385669,-0.00224432835118,122,83.07253054,138.82638723,1523.44827586,125,0.598391503212,0.701149425287
SwingHigh,high_vol_shock,103,103,0,31.16369297,0.002589593875,79,91.48322615,60.31953318,511.165048544,74,1.51664347065,0.766990291262
SwingHigh,range_choppy,169,169,0,47.35292886,0.00223039129867,128,105.99824786,58.645319,859.881656805,127,1.80744601048,0.757396449704
SwingHigh,range_quiet,176,176,0,6.18996611,0.000307902075337,131,64.6665657,58.47659959,2464.26136364,135,1.10585372873,0.744318181818
SwingHigh,transition,210,210,0,11.44768131,0.000476065560549,140,100.11506266,88.66738135,923.857142857,173,1.12910814705,0.666666666667
SwingHighToSky,bear_trend,847,847,0,196.63436409,0.00262389677161,586,480.42402704,283.78966295,2569.26800472,434,1.69288769029,0.691853600945
SwingHighToSky,bull_trend,1599,1599,0,-181.75675846,-0.00125080255633,1116,1123.59075223,1305.34751069,3924.54033771,659,0.860759868946,0.697936210131
SwingHighToSky,high_vol_shock,791,791,0,-301.86485267,4.95776458108e-05,563,1798.6426989,2100.50755157,1728.69785082,349,0.856289565613,0.711757269279
SwingHighToSky,range_choppy,661,661,0,67.75198407,-0.00138498698965,465,514.94346356,447.19147949,2626.27080182,362,1.15150553438,0.703479576399
SwingHighToSky,range_quiet,361,361,0,81.57013033,0.00323985724469,256,157.25414054,75.68401021,4700.9833795,232,2.07777230757,0.709141274238
SwingHighToSky,transition,781,781,0,-528.92772895,-0.00466238943425,539,534.63825747,1063.56598642,4214.76952625,496,0.502684614116,0.69014084507
TD,bear_trend,3492,3492,0,-138.14599893,-0.00192091627753,1160,627.23495015,765.38094908,858.006872852,1099,0.819506875503,0.332187857961
TD,bull_trend,2658,2658,0,-10.99267216,-0.000340551297702,880,608.93516358,619.92783574,806.455981941,966,0.982267819694,0.33107599699
TD,high_vol_shock,1349,1349,0,0.4160523,-0.000196698774899,463,553.80387253,553.38782023,692.868791698,512,1.00075182771,0.343217197924
TD,range_choppy,2083,2083,0,-69.06193871,-0.0018100414361,668,445.9286596,514.99059831,814.767162746,924,0.865896699985,0.32069131061
TD,range_quiet,2318,2318,0,-38.7571695,-0.000822150049224,730,282.30168674,321.05885624,846.626402071,869,0.879283287949,0.314926660915
TD,transition,2927,2927,0,-71.88661566,-0.00122884364875,946,560.03094887,631.91756453,819.296207721,1415,0.886240516651,0.323197813461
TDSequentialStrategy,bear_trend,880,880,0,-92.32127978,-0.00291572500033,442,1246.14424436,1338.46552414,2181.47727273,462,0.931024536594,0.502272727273
TDSequentialStrategy,bull_trend,649,649,0,-181.47930068,-0.00355805635459,326,1147.14068998,1328.61999066,2133.09707242,375,0.863407669645,0.502311248074
TDSequentialStrategy,high_vol_shock,490,490,0,-345.01450735,-0.00756536809971,164,1224.78059791,1569.79510526,1382.93877551,228,0.780216853656,0.334693877551
TDSequentialStrategy,range_choppy,546,546,0,117.87391146,0.00235985367249,288,1067.0811432,949.20723174,2072.74725275,344,1.12418143006,0.527472527473
TDSequentialStrategy,range_quiet,514,514,0,-91.75162736,-0.00250131477775,293,445.3620151,537.11364246,2580.93385214,326,0.829176509202,0.570038910506
TDSequentialStrategy,transition,684,684,0,-219.113688,-0.00422729054597,340,1023.78104412,1242.89473212,2214.12280702,468,0.823706962193,0.497076023392
TEMA,bear_trend,1693,1693,0,-36.10561656,-0.00175729729945,542,28.29712711,64.40274367,79.8139397519,71,0.439377664638,0.320141760189
TEMA,bull_trend,3391,3391,0,-135.1429302,-0.0020168387168,1215,103.93989829,239.08282849,81.4641698614,107,0.434744305756,0.358301386022
TEMA,high_vol_shock,794,794,0,-99.69321669,-0.00195549267712,305,96.07151641,195.7647331,80.9005037783,17,0.490749865355,0.384130982368
TEMA,range_choppy,2063,2063,0,-85.06436972,-0.00148383104865,810,93.51134421,178.57571393,77.8574890936,93,0.523650960996,0.39263208919
TEMA,range_quiet,938,938,0,-29.60343633,-0.00188957773192,191,8.18062848,37.78406481,78.0650319829,51,0.216510016091,0.203624733475
TEMA,transition,3093,3093,0,-143.29632613,-0.00192896605998,1018,90.13244595,233.42877208,81.1913999353,148,0.386123977549,0.329130294213
TEMABounce,bull_trend,1,1,0,4.9989,0.0387367734307,1,4.9989,0,120,1,inf,1
TEMABounce,high_vol_shock,6,6,0,18.34514034,0.0288967696568,4,72.89403595,54.54889561,131.666666667,2,1.33630635662,0.666666666667
TEMABounce,range_choppy,2,2,0,24.317797,0.096488528793,2,24.317797,0,65,1,inf,1
TEMABounce,transition,1,1,0,4.82155753,0.0371652605879,1,4.82155753,0,305,1,inf,1
TRIWAVE,bear_trend,616,616,0,98.53163815,0.00395441331463,582,889.6088025,791.07716435,4103.81493506,336,1.12455376364,0.944805194805
TRIWAVE,bull_trend,833,833,0,7.75329421,0.000323935886297,766,1847.50237145,1839.74907724,5439.18367347,433,1.00421432156,0.919567827131
TRIWAVE,high_vol_shock,538,538,0,-733.17934656,-0.00736696511338,466,1781.10841568,2514.28776224,2572.89033457,270,0.708394815593,0.866171003717
TRIWAVE,range_choppy,375,375,0,-79.32897375,-0.00520478393863,339,824.53757183,903.86654558,6204.08,254,0.912233753824,0.904
TRIWAVE,range_quiet,218,218,0,14.26605719,-0.000975400197871,204,229.25476675,214.98870956,10142.7522936,167,1.06635723903,0.935779816514
TRIWAVE,transition,530,530,0,-16.81253031,-0.00254613302447,488,923.80602176,940.61855207,6067.16037736,379,0.982126091099,0.920754716981
TRIX_spot,bear_trend,1400,1400,0,-164.12139615,-0.00238754749186,494,746.97967239,911.10106854,488.571428571,559,0.819864774813,0.352857142857
TRIX_spot,bull_trend,3217,3217,0,-210.12600269,-0.000564470890114,1242,3285.22423386,3495.35023655,584.87410631,984,0.939884135074,0.386073981971
TRIX_spot,high_vol_shock,1033,1033,0,-202.2482457,-0.000775969384111,394,1779.77441912,1982.02266482,561.839303001,390,0.897958661478,0.381413359148
TRIX_spot,range_choppy,1596,1596,0,96.75184037,-3.91084967056e-05,594,1614.0834447,1517.33160433,546.503759398,661,1.06376446658,0.372180451128
TRIX_spot,range_quiet,1741,1741,0,-64.73601676,-0.000186784559071,639,601.22408937,665.96010613,553.888569787,673,0.902792950863,0.367030442275
TRIX_spot,transition,2144,2144,0,-245.25035736,-0.00197504357117,752,1700.48623634,1945.7365937,552.789179104,1006,0.873955005958,0.350746268657
TWAPStrategy,bear_trend,372,177,195,-16.75028574,0.000150668601062,235,157.41741014,174.16769588,741.048387097,83,0.903826678906,0.631720430108
TWAPStrategy,bull_trend,976,488,488,-142.03552836,-1.841378067e-05,663,450.57452298,592.61005134,499.164959016,169,0.760322107195,0.679303278689
TWAPStrategy,high_vol_shock,1557,752,805,-103.38995448,0.00286704100898,1224,663.56551005,766.95546453,299.412331407,99,0.865194317973,0.78612716763
TWAPStrategy,range_choppy,502,226,276,-34.0210474,0.000554680905492,344,238.12530341,272.14635081,698.90438247,129,0.874989882103,0.685258964143
TWAPStrategy,range_quiet,116,53,63,-16.18322531,-0.00209210765845,70,30.21677876,46.40000407,1072.62931034,42,0.65122362305,0.603448275862
TWAPStrategy,transition,696,348,348,-115.65632628,-0.00119959253652,446,295.00030041,410.65662669,691.422413793,187,0.718362449884,0.640804597701
TechnicalExampleStrategy,bear_trend,1453,1453,0,-39.72396218,-0.00148412556769,461,31.50439241,71.22835459,49.5732966277,42,0.442301280036,0.317274604267
TechnicalExampleStrategy,bull_trend,5122,5122,0,-225.12112231,-0.00173145496557,1815,153.26191491,378.38303722,37.7713783678,91,0.405044359377,0.354353768059
TechnicalExampleStrategy,high_vol_shock,1525,1525,0,-217.1420305,-0.00128587714537,601,257.72107683,474.86310733,44.8163934426,17,0.542727099351,0.394098360656
TechnicalExampleStrategy,range_choppy,2717,2717,0,-198.1971843,-0.00153538192915,899,132.75491107,330.95209537,45.3330879647,66,0.401130293258,0.330879646669
TechnicalExampleStrategy,range_quiet,1425,1425,0,-39.26624323,-0.00186602486064,243,8.41511342,47.68135665,44.649122807,50,0.176486451125,0.170526315789
TechnicalExampleStrategy,transition,4211,4211,0,-246.30933943,-0.00166552458345,1271,151.73555922,398.04489865,44.3172643078,119,0.381202119999,0.301828544289
TemaMaster,bear_trend,1159,1159,0,-233.73784602,-0.000464655594017,848,3264.39222137,3498.13006739,4334.5470233,636,0.933182059696,0.731665228645
TemaMaster,bull_trend,1112,1112,0,-162.69001507,-0.000286230723871,813,4881.708203,5044.39821807,4304.47392086,626,0.967748379879,0.731115107914
TemaMaster,high_vol_shock,878,878,0,-1217.35272848,-0.00299059671184,619,7747.20306962,8964.5557981,2287.90432802,386,0.864203787014,0.705011389522
TemaMaster,range_choppy,777,777,0,424.54779832,-0.000428276689867,557,3138.04067537,2713.49287705,3897.74774775,505,1.15645804782,0.71685971686
TemaMaster,range_quiet,504,504,0,-174.10265006,-0.00255723333948,363,723.25281327,897.35546333,5724.08730159,363,0.805982515096,0.720238095238
TemaMaster,transition,956,956,0,613.49745964,0.00252810522806,718,3585.03776485,2971.54030521,4740.18828452,678,1.20645772785,0.751046025105
TemaMaster3,bear_trend,434,434,0,6.98441194,0.00160812536354,167,4117.25040278,4110.26599084,15028.0184332,268,1.00169926033,0.384792626728
TemaMaster3,bull_trend,283,283,0,383.67944314,0.00703347540831,115,3566.26450824,3182.5850651,11180.8833922,222,1.1205559114,0.406360424028
TemaMaster3,high_vol_shock,333,333,0,-1693.77121639,-0.0164580974509,97,3791.95931435,5485.73053074,5219.18918919,207,0.691240536352,0.291291291291
TemaMaster3,range_choppy,218,218,0,380.58999711,0.00767829667036,85,2763.19373116,2382.60373405,11963.7614679,171,1.15973701026,0.389908256881
TemaMaster3,range_quiet,138,138,0,267.64155215,0.0162835645151,64,1139.08647639,871.44492424,16390.3985507,114,1.30712388667,0.463768115942
TemaMaster3,transition,324,324,0,384.35597194,0.0100330053129,128,3660.10416857,3275.74819663,14109.845679,261,1.11733379639,0.395061728395
TemaPure,bear_trend,1903,1903,0,-248.54433564,-0.00183503912056,1266,1771.12928202,2019.67361766,1969.21439832,874,0.876938365948,0.665265370468
TemaPure,bull_trend,1594,1594,0,-118.72405562,-0.000633512090333,1047,2580.80452684,2699.52858246,1886.33939774,791,0.956020448759,0.656838143036
TemaPure,high_vol_shock,954,954,0,-535.84593378,-0.00334396801452,575,3315.27190372,3851.1178375,1301.48322851,433,0.860859637022,0.602725366876
TemaPure,range_choppy,1230,1230,0,35.68125807,-0.000315534421819,814,1533.78482582,1498.10356775,1784.86585366,724,1.02381761771,0.661788617886
TemaPure,range_quiet,943,943,0,-53.6520146,-0.00111076513967,588,422.4953192,476.1473338,2638.2078473,564,0.887320560693,0.623541887593
TemaPure,transition,1558,1558,0,55.97099197,-0.00164422475541,1010,1837.85124939,1781.88025742,2220.77663671,1020,1.0314111971,0.648267008986
TemaPureNeat,bear_trend,2406,2406,0,-113.75325363,-0.00084340981636,1125,2292.62246085,2406.37571448,1562.2755611,997,0.952728390274,0.467581047382
TemaPureNeat,bull_trend,1827,1827,0,-214.92836384,-0.00183235290815,841,3081.49358529,3296.42194913,1544.06403941,866,0.934799498621,0.460317460317
TemaPureNeat,high_vol_shock,1131,1131,0,-646.28390469,-0.00407316697609,566,3797.73314788,4444.01705257,1158.81078691,459,0.85457213664,0.500442086649
TemaPureNeat,range_choppy,1450,1450,0,161.08075698,-0.000286818057618,688,2040.37142951,1879.29067253,1536.2,789,1.08571359361,0.474482758621
TemaPureNeat,range_quiet,1414,1414,0,-1.25959233,-0.000979528605811,634,641.80531735,643.06490968,1829.85502122,751,0.998041267202,0.448373408769
TemaPureNeat,transition,1959,1959,0,-107.53204016,-0.00217581428038,864,2305.47360091,2413.00564107,1598.67023992,1186,0.955436473778,0.441041347626
TemaPureTwo,bear_trend,2469,2469,0,-674.73685205,-0.00179222534839,1144,4852.05174988,5526.78860193,1621.59376266,1009,0.877915205258,0.463345484002
TemaPureTwo,bull_trend,1884,1884,0,-299.32283713,-0.000969375830464,872,5728.00767034,6027.33050747,1580.4962845,866,0.950339070214,0.462845010616
TemaPureTwo,high_vol_shock,1050,1050,0,-409.32947312,-0.00120357911357,496,7436.86204554,7846.19151866,1418.88571429,456,0.947830807832,0.472380952381
TemaPureTwo,range_choppy,1474,1474,0,390.21513422,0.000781420085075,701,4409.65281586,4019.43768164,1633.40230665,815,1.0970820212,0.475576662144
TemaPureTwo,range_quiet,1520,1520,0,-54.65151609,-0.00041149938445,701,1442.36370403,1497.01522012,1741.44078947,771,0.963493012392,0.461184210526
TemaPureTwo,transition,2014,2014,0,216.37172571,-0.00116617535773,911,5000.29665336,4783.92492765,1616.72293942,1251,1.04522891328,0.45233366435
TemaStrategy,bear_trend,3113,3113,0,-198.26041367,-0.00212452548633,959,329.55226361,527.81267728,88.8371345969,814,0.624373528329,0.308062961773
TemaStrategy,bull_trend,2677,2677,0,-217.22505339,-0.00213697985697,842,400.68737799,617.91243138,90.5659320134,785,0.648453336819,0.314531191632
TemaStrategy,high_vol_shock,1238,1238,0,-101.15194212,-0.00127620926338,470,542.35296541,643.50490753,94.6122778675,327,0.842810923528,0.379644588045
TemaStrategy,range_choppy,1704,1704,0,-147.71827751,-0.0021758477987,527,255.81744412,403.53572163,86.5404929577,578,0.633940021683,0.309272300469
TemaStrategy,range_quiet,1780,1780,0,-73.05325954,-0.00197910396701,476,64.33544183,137.38870137,90.1882022472,580,0.468273163575,0.267415730337
TemaStrategy,transition,2625,2625,0,-228.3360211,-0.00220050810545,775,311.13097102,539.46699212,90.5923809524,1024,0.576737734773,0.295238095238
TenderEnter,bear_trend,513,513,0,217.73728389,0.00279456141566,380,1088.51768986,870.78040597,1561.98830409,260,1.25004844206,0.740740740741
TenderEnter,bull_trend,763,763,0,518.47991962,0.00483963295956,555,1767.40807352,1248.9281539,2311.57273919,342,1.41513990857,0.727391874181
TenderEnter,high_vol_shock,960,960,0,-484.92772796,-0.000218320811843,667,3916.04028579,4400.96801375,1191.328125,313,0.889813394134,0.694791666667
TenderEnter,range_choppy,466,466,0,-75.17857779,-0.000140080622144,339,1041.22801196,1116.40658975,2387.92918455,253,0.932660216734,0.727467811159
TenderEnter,range_quiet,132,132,0,141.46204828,0.00694796064228,100,430.32438045,288.86233217,2313.06818182,77,1.48972133963,0.757575757576
TenderEnter,transition,478,478,0,109.85248305,0.00212505721958,353,1143.96443786,1034.11195481,2112.70920502,307,1.10622881066,0.738493723849
Test_MAMA4,bear_trend,1529,1529,0,-717.22222346,-0.0011479408745,730,7312.36702082,8029.58924428,3908.55461086,793,0.910677594876,0.477436232832
Test_MAMA4,bull_trend,1125,1125,0,-1123.35321385,0.001130298608,541,8133.60566987,9256.95888372,3855.56444444,612,0.878647704072,0.480888888889
Test_MAMA4,high_vol_shock,671,671,0,-2091.37695369,-0.0024196478636,291,9959.45601653,12050.8329702,3206.39344262,358,0.826453743168,0.433681073025
Test_MAMA4,range_choppy,925,925,0,977.88598195,0.00309213820487,469,6684.45146741,5706.56548546,3878.14054054,545,1.17136156318,0.507027027027
Test_MAMA4,range_quiet,939,939,0,215.66877224,0.00301024691584,447,2673.69871759,2458.02994535,4034.75505857,544,1.0877404983,0.476038338658
Test_MAMA4,transition,1258,1258,0,2471.61094077,0.00518582594076,618,9375.87388534,6904.26294457,4027.15023847,823,1.35798331561,0.491255961844
TheForce,bear_trend,2040,2040,0,-82.26431353,-0.00234365616705,547,54.22396479,136.48827832,43.6838235294,86,0.397279278905,0.268137254902
TheForce,bull_trend,3321,3321,0,-240.78161172,-0.00224076362006,1017,194.98259848,435.7642102,40.7091237579,112,0.447449776544,0.306233062331
TheForce,high_vol_shock,831,831,0,-182.75069935,-0.00195069149863,281,192.05896863,374.80966798,42.238267148,17,0.512417328147,0.338146811071
TheForce,range_choppy,2137,2137,0,-167.35000411,-0.00185977617122,652,177.77458629,345.1245904,46.2423958821,108,0.515102636077,0.305100608329
TheForce,range_quiet,976,976,0,-58.66549863,-0.00227976273322,160,17.70380892,76.36930755,55.4969262295,65,0.231818376884,0.16393442623
TheForce,transition,3076,3076,0,-233.9050031,-0.00224037340027,825,193.1632843,427.0682874,45.6046814044,160,0.452300697568,0.268205461638
TheRealPullbackV2,bear_trend,106,106,0,83.1259552,0.00397538110965,58,284.02157476,200.89561956,98.5377358491,63,1.41377684283,0.547169811321
TheRealPullbackV2,bull_trend,171,171,0,202.9021165,0.00815535053375,107,544.88659455,341.98447805,81.3450292398,83,1.59330797017,0.625730994152
TheRealPullbackV2,high_vol_shock,190,190,0,301.64532999,0.0100188817299,106,736.0481845,434.40285451,68.8421052632,90,1.69439076391,0.557894736842
TheRealPullbackV2,range_choppy,96,96,0,116.00261469,0.00648303164289,58,276.3584315,160.35581681,105.833333333,65,1.72340758819,0.604166666667
TheRealPullbackV2,range_quiet,54,54,0,59.13230119,0.00574271083958,33,207.70642581,148.57412462,87.962962963,25,1.39799865112,0.611111111111
TheRealPullbackV2,transition,88,88,0,7.57806283,0.00199962108813,44,236.14844758,228.57038475,88.2386363636,63,1.03315417629,0.5
ToTheMoon,bear_trend,250,129,121,-83.62252467,0.0031730632547,119,1289.8502759,1373.47280057,18793.44,80,0.939115995136,0.476
ToTheMoon,bull_trend,209,105,104,189.61203283,0.0183369646754,106,1170.07332535,980.46129252,18751.8660287,79,1.19339063589,0.507177033493
ToTheMoon,high_vol_shock,108,56,52,352.85484177,0.0744475812037,63,798.1082715,445.25342973,18223.3333333,41,1.79248090685,0.583333333333
ToTheMoon,range_choppy,174,82,92,129.18024209,0.0252695176419,100,910.50648316,781.32624107,18671.3793103,80,1.16533457511,0.574712643678
ToTheMoon,range_quiet,175,99,76,-444.25419913,-0.0409432531842,67,640.07518624,1084.32938537,18324.3428571,63,0.590295896133,0.382857142857
ToTheMoon,transition,227,100,127,-309.80401271,-0.012490404122,102,1031.84468588,1341.64869859,18518.061674,115,0.769087084394,0.449339207048
TouchEmaDelayStrategy,bear_trend,506,506,0,-107.52651885,-0.00291691460606,322,151.11974547,258.64626432,594.088932806,290,0.584271904593,0.636363636364
TouchEmaDelayStrategy,bull_trend,341,341,0,-37.75639182,-0.00125740623517,234,114.90202268,152.6584145,501.140762463,232,0.752674020992,0.686217008798
TouchEmaDelayStrategy,high_vol_shock,175,175,0,-139.78074593,-0.00733767697866,113,85.30655583,225.08730176,415.285714286,115,0.378993195809,0.645714285714
TouchEmaDelayStrategy,range_choppy,294,294,0,-21.69765966,-0.000586118879376,210,86.74337557,108.44103523,563.867346939,204,0.799912831762,0.714285714286
TouchEmaDelayStrategy,range_quiet,263,263,0,-69.32840265,-0.00326057161251,162,40.08024342,109.40864607,1152.79847909,202,0.366335247347,0.615969581749
TouchEmaDelayStrategy,transition,397,397,0,-173.01003835,-0.00511295470493,266,112.42042644,285.43046479,731.569269521,306,0.393862745249,0.670025188917
TouchEmaStrategy,bear_trend,258,258,0,-28.96563704,-0.000841992414042,179,91.48614015,120.45177719,2574.55426357,173,0.759525033871,0.693798449612
TouchEmaStrategy,bull_trend,191,191,0,-43.58559565,-0.00194050308999,128,75.06253883,118.64813448,1909.65968586,127,0.632648285276,0.670157068063
TouchEmaStrategy,high_vol_shock,144,144,0,77.36871852,0.00391088909493,106,115.53540797,38.16668945,890.729166667,88,3.02712678608,0.736111111111
TouchEmaStrategy,range_choppy,187,187,0,7.37349474,0.000700715455142,120,55.85009147,48.47659673,826.203208556,130,1.152104216,0.641711229947
TouchEmaStrategy,range_quiet,171,171,0,-31.44705108,-0.00162274051948,113,42.0932512,73.54030228,2274.35672515,114,0.572383440032,0.66081871345
TouchEmaStrategy,transition,225,225,0,-139.920124,-0.00460607334612,149,71.74775477,211.66787877,1680.55555556,181,0.3389638295,0.662222222222
TrailingBuyStrat2,bear_trend,60,60,0,188.44156307,0.0156499232583,29,208.20623108,19.76466801,11.1666666667,18,10.5342640197,0.483333333333
TrailingBuyStrat2,bull_trend,110,110,0,130.38668173,0.00715799564323,46,237.74382602,107.35714429,20.5909090909,36,2.21451331993,0.418181818182
TrailingBuyStrat2,high_vol_shock,326,326,0,633.75777706,0.0112510796159,160,923.12838421,289.37060715,14.5858895706,82,3.19012491732,0.490797546012
TrailingBuyStrat2,range_choppy,51,51,0,15.16766261,0.000670017661909,19,106.459275,91.29161239,20.9803921569,27,1.16614519355,0.372549019608
TrailingBuyStrat2,range_quiet,38,38,0,89.93086466,0.0103583621364,20,235.05209178,145.12122712,6.05263157895,10,1.61969476447,0.526315789474
TrailingBuyStrat2,transition,54,54,0,48.47873235,0.00557910430311,22,201.85848223,153.37974988,21.9444444444,26,1.31606996613,0.407407407407
TrailingBuyStratCluc,bear_trend,831,831,0,741.96453732,0.00396995327063,582,1648.97119898,907.00666166,122.665463297,289,1.81803648053,0.70036101083
TrailingBuyStratCluc,bull_trend,840,840,0,500.07377469,0.00365670048313,609,1522.1370795,1022.06330481,128.363095238,311,1.48927867025,0.725
TrailingBuyStratCluc,high_vol_shock,1512,1512,0,587.27105228,0.00273312453068,1043,3281.26962446,2693.99857218,113.230820106,366,1.21799233984,0.689814814815
TrailingBuyStratCluc,range_choppy,561,561,0,-16.7609528,0.000196888261506,387,1069.3016861,1086.0626389,146.497326203,255,0.984567231944,0.689839572193
TrailingBuyStratCluc,range_quiet,163,163,0,-53.50140463,1.54709495074e-05,120,355.00574322,408.50714785,120.306748466,77,0.869031900882,0.736196319018
TrailingBuyStratCluc,transition,581,581,0,163.86077904,0.00178341166381,404,975.01876546,811.15798642,135.886402754,304,1.20200846418,0.695352839931
TrailingBuyStratCluc5m,bear_trend,870,870,0,355.65755015,0.00279220379833,596,1287.09641053,931.43886038,112.396551724,291,1.38183671015,0.685057471264
TrailingBuyStratCluc5m,bull_trend,887,887,0,170.76037672,0.00191318858139,625,1567.34627591,1396.58589919,112.85794814,311,1.12226987027,0.704622322435
TrailingBuyStratCluc5m,high_vol_shock,1627,1627,0,27.07426354,0.000595451542866,1078,3493.19888252,3466.12461898,95.6914566687,366,1.00781110506,0.662569145667
TrailingBuyStratCluc5m,range_choppy,583,583,0,18.12571182,-0.000325675164528,399,919.07594046,900.95022864,133.825042882,255,1.02011843856,0.684391080617
TrailingBuyStratCluc5m,range_quiet,168,168,0,51.19887744,0.00181954746733,122,252.31221984,201.1133424,106.547619048,77,1.25457722908,0.72619047619
TrailingBuyStratCluc5m,transition,603,603,0,-22.06387664,-0.000418645292719,412,848.21193722,870.27581386,124.286898839,305,0.974647259767,0.683250414594
TrendAtrStrategy,bear_trend,250,250,0,-153.85690851,-0.00468114957674,55,383.12598458,536.98289309,1274.88,168,0.713478938547,0.22
TrendAtrStrategy,bull_trend,867,867,0,120.40423352,0.00107759320324,269,2192.58136054,2072.17712702,1351.41868512,488,1.05810518413,0.310265282584
TrendAtrStrategy,high_vol_shock,309,309,0,-108.45233125,-0.00153151124599,110,1217.59686782,1326.04919907,1069.51456311,190,0.918213946114,0.355987055016
TrendAtrStrategy,range_choppy,387,387,0,48.58962264,0.000958147928055,115,959.05422845,910.46460581,1242.79069767,257,1.0533679424,0.297157622739
TrendAtrStrategy,range_quiet,353,353,0,59.74191662,0.00157791664487,101,603.34652779,543.60461117,1497.11048159,242,1.10989957663,0.28611898017
TrendAtrStrategy,transition,512,512,0,-105.26313503,-0.00146818725621,140,1110.53927298,1215.80240801,1320.9375,368,0.913420853309,0.2734375
TrendBreakout,bear_trend,1,1,0,-3.06856384,-0.0276080019827,0,0,3.06856384,44640,1,0,0
TrendBreakout,bull_trend,106,106,0,-479.46903895,-0.0368053827559,28,438.88363325,918.3526722,12946.4150943,94,0.477903148252,0.264150943396
TrendBreakout,high_vol_shock,49,49,0,-435.2308642,-0.0815753086882,8,203.74717488,638.97803908,6906.12244898,42,0.318864127433,0.163265306122
TrendBreakout,range_choppy,50,50,0,213.94947755,0.0298620970938,21,522.85339261,308.90391506,14169.6,43,1.69260850096,0.42
TrendBreakout,range_quiet,42,42,0,-54.01374159,-0.00942382036871,15,141.44959389,195.46333548,15051.4285714,39,0.72366305191,0.357142857143
TrendBreakout,transition,74,74,0,229.34945123,0.0235634509776,31,640.7965351,411.44708387,14030.2702703,65,1.55742150138,0.418918918919
TrendFutures,bear_trend,69,1,68,-243.27795986,-0.0633719336225,15,70.78975053,314.06771039,19513.0434783,52,0.225396461298,0.217391304348
TrendFutures,bull_trend,90,90,0,-317.81515002,-0.0431766107416,21,172.0713448,489.88649482,12848,80,0.35124737387,0.233333333333
TrendFutures,high_vol_shock,63,46,17,-440.12351618,-0.0987344354776,11,160.29610241,600.41961859,9005.71428571,52,0.266973458973,0.174603174603
TrendFutures,range_choppy,87,44,43,177.190866,0.0029951514837,34,426.36781764,249.17695164,22063.4482759,66,1.71110455776,0.390804597701
TrendFutures,range_quiet,66,29,37,-34.68961007,-0.011042909528,20,83.18945812,117.87906819,18610.9090909,57,0.705718660635,0.30303030303
TrendFutures,transition,114,58,56,-9.87003607,-0.00679188809556,38,391.42639955,401.29643562,17861.0526316,94,0.975404625624,0.333333333333
Trend_Strength_Directional,bear_trend,1194,1194,0,-626.6064999,-8.19811653878e-05,830,3701.21179193,4327.81829183,4180.2638191,369,0.855214230902,0.695142378559
Trend_Strength_Directional,bull_trend,1967,1967,0,1185.93591652,0.00322848050391,1413,9013.21370677,7827.27779025,4161.35993899,550,1.15151320143,0.718352821556
Trend_Strength_Directional,high_vol_shock,1200,1200,0,-1692.82752095,0.000995976952586,854,12267.6873362,13960.5148572,2305.3,289,0.878741755711,0.711666666667
Trend_Strength_Directional,range_choppy,814,814,0,1164.34520614,0.0045969360279,586,4152.42121332,2988.07600718,3637.05773956,310,1.3896638517,0.719901719902
Trend_Strength_Directional,range_quiet,384,384,0,427.84439357,0.00561328329727,271,1181.19090135,753.34650778,4696.5234375,171,1.56792510372,0.705729166667
Trend_Strength_Directional,transition,1026,1026,0,-248.87500712,7.71524174133e-05,722,4549.58958272,4798.46458984,4631.8128655,419,0.948134449581,0.703703703704
TripleEmaStrategy,bear_trend,2805,2805,0,-195.54864563,-0.00242661075693,610,212.57559021,408.12423584,74.6060606061,618,0.52086000179,0.217468805704
TripleEmaStrategy,bull_trend,2649,2649,0,-214.64339719,-0.00207775634251,599,373.39379751,588.0371947,73.912797282,666,0.634983298464,0.226123065308
TripleEmaStrategy,high_vol_shock,1432,1432,0,-92.34763745,-0.00144199612519,380,491.29900428,583.64664173,78.2332402235,320,0.841774747172,0.265363128492
TripleEmaStrategy,range_choppy,1949,1949,0,-169.25415907,-0.00213950621522,458,235.03530075,404.28945982,76.808619805,514,0.581354015152,0.234992303746
TripleEmaStrategy,range_quiet,1295,1295,0,-58.44360184,-0.00208173453418,251,54.96546682,113.40906866,73.166023166,402,0.484665533978,0.193822393822
TripleEmaStrategy,transition,2463,2463,0,-235.4191726,-0.00230870076759,545,261.52477713,496.94394973,75.1278928136,805,0.526266145854,0.221274868047
TripleSuperTrendADXRSI,bear_trend,1675,705,970,-152.597473,-0.00166235893566,1137,934.85889528,1087.45636828,1701.6,647,0.859674854595,0.678805970149
TripleSuperTrendADXRSI,bull_trend,1461,898,563,-162.55225934,-0.00199494074773,977,1075.21398088,1237.76624022,1394.49691992,557,0.868672893105,0.668720054757
TripleSuperTrendADXRSI,high_vol_shock,1255,593,662,-89.36795829,-0.000881574283802,972,1358.76929039,1448.13724868,1054.56573705,369,0.938287646167,0.774501992032
TripleSuperTrendADXRSI,range_choppy,1298,664,634,-61.35795865,-0.000574120692095,885,812.97320957,874.33116822,1578.99845917,560,0.92982297683,0.681818181818
TripleSuperTrendADXRSI,range_quiet,831,439,392,1.8461997,0.000167679561036,478,276.37604476,274.52984506,2049.74729242,449,1.0067249508,0.575210589651
TripleSuperTrendADXRSI,transition,1409,743,666,-131.55481784,-0.00179227523818,929,908.35992286,1039.9147407,1690.81618169,730,0.873494611922,0.659332860185
TrixSignalStrategy,bear_trend,2668,2668,0,-191.3904898,-0.0024568455076,831,307.13810148,498.52859128,142.488755622,652,0.616089241123,0.311469265367
TrixSignalStrategy,bull_trend,2841,2841,0,-199.3959361,-0.00187291805898,991,567.79693915,767.19287525,141.684266103,725,0.740096731171,0.348820837733
TrixSignalStrategy,high_vol_shock,1490,1490,0,-151.24414043,-0.00196491247037,510,700.26017284,851.50431327,137.651006711,338,0.822380065405,0.342281879195
TrixSignalStrategy,range_choppy,1832,1832,0,-150.24671833,-0.00207686098369,601,327.0468731,477.29359143,143.477074236,534,0.685211113185,0.328056768559
TrixSignalStrategy,range_quiet,1409,1409,0,-56.92284007,-0.00208349902911,413,71.0674862,127.99032627,141.98012775,445,0.555256700027,0.293115684883
TrixSignalStrategy,transition,2507,2507,0,-216.44997643,-0.00209037965944,860,405.14660875,621.59658518,141.424012764,874,0.651783839245,0.34303948943
TrixStrategy,bear_trend,2751,2751,0,-1053.88239272,-0.000626570878204,1146,9481.94451886,10535.8269116,1079.23664122,1008,0.899971554054,0.416575790622
TrixStrategy,bull_trend,2028,2028,0,2422.39822708,0.00408754338422,871,10078.1673995,7655.76917241,1072.92899408,863,1.31641474195,0.429487179487
TrixStrategy,high_vol_shock,1057,1057,0,-227.11999896,0.00344435866549,412,11708.0888333,11935.2088323,1081.98675497,454,0.980970588605,0.389782403027
TrixStrategy,range_choppy,1675,1675,0,-163.94342789,0.00023355379577,656,7643.10785084,7807.05127873,1065.02686567,863,0.979000595483,0.391641791045
TrixStrategy,range_quiet,1819,1819,0,-55.10217454,0.000166366356241,727,3511.56393907,3566.66611361,1072.47938428,818,0.984550789789,0.399670148433
TrixStrategy,transition,2281,2281,0,-361.86160783,-0.000941991373142,884,8361.56757318,8723.42918101,1054.9583516,1265,0.958518422019,0.387549320473
TrixV15Strategy,bear_trend,270,270,0,238.41695573,0.00742883719921,216,395.13364906,156.71669333,5528.44444444,214,2.52132456769,0.8
TrixV15Strategy,bull_trend,241,241,0,53.58451571,-0.000663177444657,192,410.13484908,356.55033337,5887.46887967,200,1.15028597843,0.796680497925
TrixV15Strategy,high_vol_shock,130,130,0,-230.66566084,-0.0124655569518,99,344.30814589,574.97380673,6585.23076923,106,0.598824054,0.761538461538
TrixV15Strategy,range_choppy,178,178,0,-373.46558612,-0.0143410823851,134,245.20937242,618.67495854,5462.35955056,150,0.396346044131,0.752808988764
TrixV15Strategy,range_quiet,176,176,0,73.3097531,0.0043183775106,122,108.32358756,35.01383446,9527.38636364,153,3.09373678235,0.693181818182
TrixV15Strategy,transition,239,239,0,-59.709021,-0.000946375706729,175,363.97521458,423.68423558,6642.92887029,203,0.859071884234,0.732217573222
TrixV21Strategy,bear_trend,176,176,0,-77.60180508,-0.00407817751575,115,236.81445999,314.41626507,1599.20454545,140,0.753187688739,0.653409090909
TrixV21Strategy,bull_trend,236,236,0,27.70336752,0.000854839966076,171,436.58214147,408.87877395,1377.71186441,191,1.06775447708,0.724576271186
TrixV21Strategy,high_vol_shock,96,96,0,-43.84048019,-0.00376174397866,70,258.26804551,302.1085257,1357.5,77,0.854884995091,0.729166666667
TrixV21Strategy,range_choppy,149,149,0,-57.95988796,-0.00274806147986,103,274.09182033,332.05170829,1548.32214765,125,0.825449210129,0.691275167785
TrixV21Strategy,range_quiet,172,172,0,-82.63276381,-0.00386222673453,112,159.1622632,241.79502701,1604.30232558,142,0.658252839887,0.651162790698
TrixV21Strategy,transition,187,187,0,7.28524785,0.000209698894167,131,323.2334017,315.94815385,1394.75935829,162,1.02305836499,0.700534759358
TrixV23Strategy,bear_trend,226,226,0,-20.497442,-0.000998246264396,152,293.57995954,314.07740154,1363.27433628,161,0.934737609584,0.672566371681
TrixV23Strategy,bull_trend,228,228,0,19.99978607,0.000738767549562,153,376.10136908,356.10158301,1227.36842105,183,1.05616314845,0.671052631579
TrixV23Strategy,high_vol_shock,101,101,0,-66.65634846,-0.00522351727016,72,227.34664252,294.00299098,1372.87128713,81,0.77328003284,0.712871287129
TrixV23Strategy,range_choppy,158,158,0,-61.34105968,-0.00279788808654,103,248.1715894,309.51264908,1403.92405063,135,0.801814045848,0.651898734177
TrixV23Strategy,range_quiet,193,193,0,-93.00410324,-0.00390445429901,118,132.02867833,225.03278157,1291.0880829,153,0.586708644887,0.611398963731
TrixV23Strategy,transition,220,220,0,14.70307211,0.000362916178625,149,306.14068624,291.43761413,1288.36363636,181,1.05045015261,0.677272727273
Trump_LIM,bear_trend,13,13,0,-0.71216625,0.0769250238917,12,95.01987422,95.73204047,103489.615385,10,0.992560837035,0.923076923077
Trump_LIM,bull_trend,118,118,0,342.87602649,0.109744125681,115,495.42260236,152.54657587,49665.2118644,71,3.24768091014,0.974576271186
Trump_LIM,high_vol_shock,119,119,0,540.800028,0.115720322951,117,741.34015673,200.54012873,22038.8235294,76,3.69671726764,0.983193277311
Trump_LIM,range_choppy,42,42,0,30.99358201,0.0894476306661,39,216.48917514,185.49559313,114938.571429,35,1.16708527403,0.928571428571
Trump_LIM,range_quiet,14,14,0,90.6504527,0.128884827688,14,90.6504527,0,85166.4285714,12,inf,1
Trump_LIM,transition,42,42,0,203.09110902,0.11625875709,41,234.22161342,31.1305044,93242.1428571,33,7.52386181767,0.97619047619
TwoCandle,bear_trend,1771,1771,0,-72.4251335,-0.00172464099298,738,327.18775499,399.61288849,249.994353473,288,0.818761767736,0.416713721062
TwoCandle,bull_trend,2610,2610,0,-346.80161835,-0.00309090357015,1034,751.70422136,1098.50583971,240.643678161,401,0.684296973386,0.396168582375
TwoCandle,high_vol_shock,2401,2401,0,-182.83326253,-0.00283092433359,1097,641.85114114,824.68440367,155.085381091,271,0.778299114526,0.456892961266
TwoCandle,range_choppy,1725,1725,0,-54.21533934,-0.00154626065037,704,488.89568006,543.1110194,263.095652174,320,0.900176322329,0.408115942029
TwoCandle,range_quiet,456,456,0,-47.25214253,-0.00136123308945,155,123.18096264,170.43310517,355.394736842,126,0.722752557475,0.339912280702
TwoCandle,transition,2112,2112,0,-262.15029731,-0.00253230927353,787,552.72068326,814.87098057,264.517045455,454,0.678292265204,0.372632575758
TwoCandleTheory,bear_trend,260,260,0,-44.97320147,-0.000833660933858,130,1732.89777319,1777.87097466,9951.15384615,194,0.974703900277,0.5
TwoCandleTheory,bull_trend,219,219,0,218.08646202,0.0065999128207,118,1784.65071794,1566.56425592,6819.29223744,157,1.13921322486,0.538812785388
TwoCandleTheory,high_vol_shock,429,429,0,-658.45986854,-0.00769916339332,200,3335.267261,3993.72712954,2719.04428904,219,0.835126475299,0.4662004662
TwoCandleTheory,range_choppy,172,172,0,111.80351227,0.00384483341221,90,1310.51794428,1198.71443201,6932.70348837,135,1.09326951381,0.523255813953
TwoCandleTheory,range_quiet,86,86,0,105.78248995,0.00992752631482,48,573.28428969,467.50179974,13748.3139535,73,1.22627183469,0.558139534884
TwoCandleTheory,transition,190,190,0,55.28832131,0.00285869549267,98,1432.30243805,1377.01411674,9021.68421053,164,1.04015087474,0.515789473684
UltimateMomentumIndicator,bear_trend,1646,1646,0,-1226.67183232,-0.00128634062416,813,8494.77334363,9721.44517595,3460.036452,786,0.873817955035,0.493924665857
UltimateMomentumIndicator,bull_trend,1256,1256,0,599.60437158,0.00437939921139,642,9764.20753017,9164.60315859,3372.12181529,648,1.06542611406,0.511146496815
UltimateMomentumIndicator,high_vol_shock,654,654,0,-2198.08118992,0.00128691616231,305,10462.0049791,12660.086169,3411.68960245,349,0.826377075118,0.466360856269
UltimateMomentumIndicator,range_choppy,1010,1010,0,885.97955338,0.00189590109171,525,7925.46154507,7039.48199169,3495.24752475,598,1.12585862915,0.519801980198
UltimateMomentumIndicator,range_quiet,1036,1036,0,-182.46115339,0.000324835819977,500,2882.76072116,3065.22187455,3572.82818533,570,0.940473753334,0.482625482625
UltimateMomentumIndicator,transition,1359,1359,0,2252.81096312,0.00365551387261,712,10134.946461,7882.13549786,3394.17954378,875,1.28581226036,0.52391464312
UniversalMACD,bear_trend,261,261,0,551.91136915,0.00623770930674,200,1101.44756831,549.53619916,1360.57471264,125,2.00432213564,0.766283524904
UniversalMACD,bull_trend,319,319,0,275.72955544,0.00580359364824,243,1072.58010084,796.8505454,1839.98432602,155,1.3460241786,0.761755485893
UniversalMACD,high_vol_shock,578,578,0,1265.42308677,0.00952360341007,441,2595.06541803,1329.64233126,476.064013841,222,1.95170186525,0.762975778547
UniversalMACD,range_choppy,206,206,0,300.06905241,0.00600599284408,149,703.77888749,403.70983508,2012.0631068,116,1.74327902453,0.723300970874
UniversalMACD,range_quiet,66,66,0,-64.96914005,0.000229265018603,49,193.38789634,258.35703639,665.757575758,30,0.748529627999,0.742424242424
UniversalMACD,transition,199,199,0,98.95612587,0.00256510492314,140,529.68168292,430.72555705,2704.07035176,127,1.22974287049,0.70351758794
Uptrend,bear_trend,29,29,0,1.99616492,0.00160133892455,15,32.16530903,30.16914411,37.9310344828,8,1.06616577894,0.51724137931
Uptrend,bull_trend,62,62,0,-100.73137575,-0.0161534184601,20,41.62727755,142.3586533,27.6612903226,17,0.292411290674,0.322580645161
Uptrend,high_vol_shock,233,233,0,-179.32296899,-0.00735519237057,103,238.05469524,417.37766423,25.9656652361,58,0.570358012998,0.442060085837
Uptrend,range_choppy,23,23,0,-13.43908223,-0.00584470579472,11,20.86292776,34.30200999,39.1304347826,10,0.608212981283,0.478260869565
Uptrend,range_quiet,15,15,0,-13.01107037,-0.00969169595669,6,12.26223445,25.27330482,19.6666666667,5,0.485185239419,0.4
Uptrend,transition,13,13,0,-28.37258937,-0.021710103761,3,3.75898896,32.13157833,45.7692307692,9,0.116987373648,0.230769230769
VWAP,bear_trend,74,74,0,169.3502355,0.0130683691793,71,240.89625995,71.54602445,220,39,3.36701112049,0.959459459459
VWAP,bull_trend,156,156,0,24.13649889,0.00239558573825,140,438.52201003,414.38551114,378.205128205,61,1.05824648363,0.897435897436
VWAP,high_vol_shock,354,354,0,387.29885763,0.00738765707291,328,1101.70389229,714.40503466,136.313559322,111,1.54212783903,0.926553672316
VWAP,range_choppy,71,71,0,-73.41430001,-0.00656812387541,60,195.66749712,269.08179713,724.929577465,43,0.727167349137,0.845070422535
VWAP,range_quiet,18,18,0,-28.49351646,-0.00860769618557,15,50.53569032,79.02920678,4685,7,0.639455871811,0.833333333333
VWAP,transition,78,78,0,44.88301293,0.00461575410018,71,229.82767069,184.94465776,557.948717949,46,1.2426834788,0.910256410256
VolatilitySystem,bear_trend,160,160,0,-5143.04783453,-0.0254819932255,52,12424.6539498,17567.7017844,21527.625,107,0.70724412916,0.325
VolatilitySystem,bull_trend,52,52,0,2030.50061801,0.0412976222614,16,6240.75042079,4210.24980278,24497.3076923,46,1.4822755687,0.307692307692
VolatilitySystem,high_vol_shock,25,25,0,-1495.19117612,-0.206118083705,6,4568.66552395,6063.85670007,28209.6,20,0.753425707421,0.24
VolatilitySystem,range_choppy,78,78,0,439.18390605,0.184072516627,32,8298.09299891,7858.90909286,27050,67,1.05588357123,0.410256410256
VolatilitySystem,range_quiet,89,89,0,9752.20818677,0.213944761184,38,15401.5784687,5649.37028194,25331.4606742,77,2.72624694436,0.426966292135
VolatilitySystem,transition,112,112,0,6680.8855426,0.0594819733111,42,15778.1742364,9097.28869381,21846.4285714,94,1.73438205244,0.375
VolatilitySystemV2,bear_trend,241,160,81,-3988.87994177,-0.0423248398391,77,8713.18032925,12702.060271,22318.5062241,159,0.68596590973,0.319502074689
VolatilitySystemV2,bull_trend,176,52,124,773.93247829,-0.0145379546801,63,8355.37929297,7581.44681468,27596.25,124,1.10208242532,0.357954545455
VolatilitySystemV2,high_vol_shock,59,25,34,-2581.78480259,-0.164620512713,19,2194.20442967,4775.98923226,25485.7627119,44,0.459424073834,0.322033898305
VolatilitySystemV2,range_choppy,158,78,80,-90.16066641,0.0565540485067,60,7493.66768029,7583.8283467,28048.8607595,120,0.988111457395,0.379746835443
VolatilitySystemV2,range_quiet,167,89,78,4075.71643872,0.105384054512,76,10137.4509377,6061.73449903,24403.4730539,124,1.67236802261,0.455089820359
VolatilitySystemV2,transition,223,112,111,5979.49770567,0.0149302470084,82,13479.7020472,7500.20434157,22263.7668161,176,1.79724463939,0.367713004484
VolumeBreakoutStrategy,bear_trend,1342,1342,0,-127.92906595,-0.00301434298971,417,190.95684175,318.8859077,176.300298063,244,0.598824962593,0.310730253353
VolumeBreakoutStrategy,bull_trend,2294,2294,0,-278.1828005,-0.00286040313169,715,493.99516554,772.17796604,168.731473409,383,0.639742633519,0.311682650392
VolumeBreakoutStrategy,high_vol_shock,1907,1907,0,-168.63077288,-0.00353862457057,667,424.15962095,592.79039383,150.896696382,263,0.715530523714,0.349764027268
VolumeBreakoutStrategy,range_choppy,1513,1513,0,-113.66578407,-0.00251442905543,481,318.11920999,431.78499406,178.083278255,314,0.736753741715,0.317911434237
VolumeBreakoutStrategy,range_quiet,405,405,0,-51.00742939,-0.00198315832909,113,77.9160366,128.92346599,184.259259259,122,0.604358841904,0.279012345679
VolumeBreakoutStrategy,transition,1838,1838,0,-226.49583726,-0.00268245516712,580,375.03235624,601.5281935,173.83297062,435,0.623465966005,0.31556039173
VortexStrategy,bear_trend,2060,2060,0,-125.14658849,-0.00238489575703,478,121.55960025,246.70618874,46.6334951456,207,0.492730242686,0.232038834951
VortexStrategy,bull_trend,3542,3542,0,-225.35555451,-0.00170645104565,932,293.04478951,518.40034402,47.8712591756,319,0.565286641667,0.263128176172
VortexStrategy,high_vol_shock,3499,3499,0,-127.27385582,-0.00171775707843,1013,315.29177137,442.56562719,49.6841954844,247,0.712418118352,0.28951128894
VortexStrategy,range_choppy,2118,2118,0,-165.51386347,-0.00159170556242,547,180.67185618,346.18571965,47.6369216242,242,0.521892862486,0.258262511804
VortexStrategy,range_quiet,878,878,0,-87.88785552,-0.00194090531742,172,34.95596205,122.84381757,44.4362186788,120,0.284556135925,0.19589977221
VortexStrategy,transition,2703,2703,0,-234.51387999,-0.00181625673251,663,220.84232147,455.35620146,47.6859045505,349,0.48498806157,0.245283018868
VwapReversionStrategy,bear_trend,3080,3080,0,-83.6698072,-0.00146496971149,1987,836.75944502,920.42925222,548.582792208,536,0.90909697079,0.64512987013
VwapReversionStrategy,bull_trend,3234,3234,0,-305.97746804,-0.00205902020558,2050,1637.95818045,1943.93564849,506.618738404,600,0.842598972719,0.633889919604
VwapReversionStrategy,high_vol_shock,2914,2914,0,-327.84214198,-0.00188181108091,1823,2264.06240363,2591.90454561,316.674673988,334,0.87351303406,0.625600549073
VwapReversionStrategy,range_choppy,2560,2560,0,-23.16082918,-0.000727979051658,1691,1017.02743634,1040.18826552,552.3828125,513,0.977734002634,0.660546875
VwapReversionStrategy,range_quiet,849,849,0,-17.06462984,-0.0015712493916,555,169.60387546,186.6685053,685.42991755,241,0.908583240582,0.65371024735
VwapReversionStrategy,transition,2984,2984,0,-208.73539431,-0.00164075013984,1905,1117.4954498,1326.23084411,553.570710456,750,0.842610058998,0.638404825737
WTDMIPRICEDCAStrategyFuture,bear_trend,91,11,80,-171.57383132,0.0461883392186,68,1050.71599204,1222.28982336,11439.3956044,62,0.859629174652,0.747252747253
WTDMIPRICEDCAStrategyFuture,bull_trend,138,76,62,-177.13119637,0.115502566388,109,1258.14839269,1435.27958906,9486.12318841,88,0.876587671336,0.789855072464
WTDMIPRICEDCAStrategyFuture,high_vol_shock,162,54,108,363.6561968,0.199348275541,137,1360.74328228,997.08708548,4379.25925926,105,1.36471859088,0.845679012346
WTDMIPRICEDCAStrategyFuture,range_choppy,77,37,40,-240.17104055,0.149850012394,66,446.05413822,686.22517877,8592.07792208,59,0.650011325757,0.857142857143
WTDMIPRICEDCAStrategyFuture,range_quiet,10,2,8,-83.93686945,0.0253853049635,8,35.16839953,119.10526898,8559.5,9,0.29527156801,0.8
WTDMIPRICEDCAStrategyFuture,transition,95,40,55,-721.11397646,0.0843663292518,74,370.8271391,1091.94111556,8849.57894737,76,0.339603604824,0.778947368421
WTDMIPRICESDCAtrategy,bear_trend,193,193,0,118.5544286,0.0100042339771,193,118.5544286,0,7178.44559585,103,inf,1
WTDMIPRICESDCAtrategy,bull_trend,318,318,0,64.28124015,0.00963968545744,317,101.45395341,37.17271326,1048.00314465,145,2.72925876302,0.996855345912
WTDMIPRICESDCAtrategy,high_vol_shock,284,284,0,50.43627065,0.00999784063475,284,50.43627065,0,170.633802817,88,inf,1
WTDMIPRICESDCAtrategy,range_choppy,199,199,0,92.01384587,0.00999727726304,199,92.01384587,0,1119.0201005,117,inf,1
WTDMIPRICESDCAtrategy,range_quiet,112,112,0,19.97927569,0.00920875508972,111,62.431143,42.45186731,2695.22321429,74,1.47063361298,0.991071428571
WTDMIPRICESDCAtrategy,transition,247,247,0,-25.34764374,0.00914027049326,246,101.72870695,127.07635069,1371.86234818,141,0.800532171389,0.995951417004
WTHO,bear_trend,1209,1209,0,-204.14381976,-0.00217189527403,236,2003.00618972,2207.15000948,3010.52109181,520,0.907507954202,0.195202646816
WTHO,bull_trend,474,474,0,32.05062312,-0.00080212496135,98,1085.81097445,1053.76035133,2979.24050633,293,1.03041547642,0.206751054852
WTHO,high_vol_shock,699,699,0,-454.31322609,-0.00310478880718,131,1708.07357229,2162.38679838,795.708154506,248,0.789901960912,0.187410586552
WTHO,range_choppy,603,603,0,135.9986563,0.000728373899348,131,1330.96799751,1194.96934121,2656.11940299,357,1.11380932683,0.217247097844
WTHO,range_quiet,379,379,0,-63.52458285,-0.00246572040953,74,491.66033399,555.18491684,5390.18469657,258,0.885579415213,0.195250659631
WTHO,transition,760,760,0,-129.04263212,-0.00189795699838,151,1364.53607868,1493.5787108,3404.84210526,477,0.91360171969,0.198684210526
WTX3,bear_trend,36,12,24,-1.66757896,-0.044324377079,33,0.57218783,2.23976679,234.444444444,3,0.255467592677,0.916666666667
WTX3,bull_trend,174,66,108,-3.08219803,-0.00374197312358,169,3.95514672,7.03734475,194.367816092,26,0.562022589557,0.971264367816
WTX3,high_vol_shock,216,108,108,-84.79851021,-0.0289802135905,203,25.55432395,110.35283416,264.236111111,17,0.23156925823,0.939814814815
WTX3,range_choppy,203,83,120,-21.64242846,-0.0468344759693,186,8.31357587,29.95600433,354.137931034,34,0.277526194028,0.916256157635
WTX3,transition,210,105,105,-10.8589482,-0.014573195047,201,8.42503893,19.28398713,325.69047619,43,0.436892996931,0.957142857143
WaveTrendStra,bear_trend,1899,1899,0,-944.44985626,-0.0010830720845,647,4624.952667,5569.40252326,1784.39178515,774,0.830421692037,0.340705634544
WaveTrendStra,bull_trend,1420,1420,0,562.4125514,0.00285454261266,450,4553.3629712,3990.9504198,1370.53521127,669,1.14092195899,0.316901408451
WaveTrendStra,high_vol_shock,711,711,0,-463.47663676,0.00105750175553,229,5324.21289576,5787.68953252,1538.2278481,343,0.919920266256,0.322081575246
WaveTrendStra,range_choppy,1132,1132,0,467.49887795,0.00206591749518,383,3824.7550983,3357.25622035,1614.69964664,637,1.13925028275,0.338339222615
WaveTrendStra,range_quiet,1260,1260,0,-0.30988462,0.00038280362943,393,1816.00578293,1816.31566755,1597.9047619,638,0.999829388346,0.311904761905
WaveTrendStra,transition,1521,1521,0,564.03194417,0.000369224575154,504,4325.67150616,3761.63956199,1657.27810651,936,1.14994311254,0.331360946746
WilliamsRStrategy,bear_trend,1638,1638,0,-81.95494863,-0.00151107550576,811,93.19811515,175.15306378,76.7094017094,155,0.532095260789,0.495115995116
WilliamsRStrategy,bull_trend,3600,3600,0,-221.74783285,-0.00165069155994,1883,282.80167591,504.54950876,74.9527777778,272,0.560503322271,0.523055555556
WilliamsRStrategy,high_vol_shock,3864,3864,0,-180.06991996,-0.00211475651285,2233,314.17124806,494.24116802,72.380952381,203,0.635663858838,0.577898550725
WilliamsRStrategy,range_choppy,2568,2568,0,-165.05477272,-0.00152944672013,1356,169.00402371,334.05879643,75.050623053,221,0.505911011822,0.528037383178
WilliamsRStrategy,range_quiet,1012,1012,0,-63.52400317,-0.00142907364083,347,24.51579006,88.03979323,75.7213438735,117,0.27846260379,0.342885375494
WilliamsRStrategy,transition,3059,3059,0,-254.26817802,-0.00159388631897,1499,180.34890672,434.61708474,77.432167375,302,0.41496046302,0.49002942138
XebTradeStrat,bear_trend,783,783,0,-23.21987717,-0.00212056766227,517,10.55313445,33.77301162,80.2618135377,42,0.312472413439,0.660280970626
XebTradeStrat,bull_trend,3083,3083,0,-119.15239491,-0.00264073739872,1785,39.80041457,158.95280948,47.2624067467,90,0.25039138786,0.578981511515
XebTradeStrat,high_vol_shock,911,911,0,-90.06068763,-0.00197955478274,581,45.95103979,136.01172742,40.8836443469,17,0.337846159751,0.637760702525
XebTradeStrat,range_choppy,1572,1572,0,-65.96382943,-0.00175954954089,1077,41.06562531,107.02945474,64.5292620865,65,0.383685270655,0.685114503817
XebTradeStrat,range_quiet,510,510,0,-13.38136136,-0.00217091731303,360,5.2692487,18.65061006,174.303921569,50,0.282524200712,0.705882352941
XebTradeStrat,transition,2201,2201,0,-103.6978714,-0.00228534472129,1415,42.31271966,146.01059106,75.6019990913,118,0.289792126399,0.642889595638
XtraThicc,bear_trend,1700,1700,0,32.51195914,-0.00055800749497,1467,2028.31414276,1995.80218362,2042.20882353,776,1.01629017114,0.862941176471
XtraThicc,bull_trend,1588,1588,0,-175.11105231,-0.00103579344424,1362,2509.11941519,2684.2304675,1906.18702771,735,0.934763033789,0.857682619647
XtraThicc,high_vol_shock,1141,1141,0,-675.87594033,-0.00458379110202,918,2350.07224504,3025.94818537,806.441717791,437,0.776639949224,0.804557405784
XtraThicc,range_choppy,1115,1115,0,-10.836861,-0.00126167776945,955,1564.47469049,1575.31155149,1832.42600897,609,0.993120814108,0.856502242152
XtraThicc,range_quiet,751,751,0,75.02500833,0.000953976776443,664,701.97237441,626.94736608,2904.05459387,462,1.11966715611,0.884154460719
XtraThicc,transition,1422,1422,0,-64.72010858,-0.00135822109215,1222,1924.90627398,1989.62638256,2261.24120956,906,0.967471225177,0.85935302391
YOLO,bear_trend,48,48,0,-24.58666667,-0.00446118152222,10,5.92620905,30.51287572,55.5208333333,20,0.194219945192,0.208333333333
YOLO,bull_trend,49,49,0,-24.32519661,-0.00430502517604,11,6.92633119,31.2515278,31.5306122449,15,0.221631762592,0.224489795918
YOLO,high_vol_shock,17,17,0,-10.71087942,-0.00531044419997,3,4.99852382,15.70940324,18.8235294118,3,0.318186741001,0.176470588235
YOLO,range_choppy,71,71,0,-37.26607254,-0.00446985418304,12,15.82735435,53.09342689,14.6478873239,11,0.298103838405,0.169014084507
YOLO,range_quiet,30,30,0,-16.976517,-0.00502387581382,8,4.35154354,21.32806054,86.8333333333,14,0.204029031699,0.266666666667
YOLO,transition,36,36,0,-3.9629522,-0.000925339327951,16,11.74480828,15.70776048,85,17,0.747707370185,0.444444444444
ZScoreMeanReversionStrategy,bull_trend,14,14,0,30.00810045,0.0170225194435,9,51.47603595,21.4679355,1354.28571429,14,2.39781025754,0.642857142857
ZScoreMeanReversionStrategy,high_vol_shock,10,10,0,25.68503458,0.0204000042457,5,55.99537677,30.31034219,984,7,1.84740166967,0.5
ZScoreMeanReversionStrategy,range_choppy,2,2,0,-0.4493343,-0.000859110089543,1,4.09284234,4.54217664,720,2,0.901075115388,0.5
ZScoreMeanReversionStrategy,transition,8,8,0,0.69861368,0.00106545991858,4,16.07933393,15.38072025,1680,8,1.04542138916,0.5
ZaratustraDCA2_06,bear_trend,1652,909,743,-80.5491308,0.00589364052495,1425,1158.80591331,1239.35504411,2053.32627119,719,0.935007219132,0.862590799031
ZaratustraDCA2_06,bull_trend,1356,681,675,-197.00628782,0.00569036034624,1117,1509.22215931,1706.22844713,1917.29719764,624,0.884536980877,0.823746312684
ZaratustraDCA2_06,high_vol_shock,1249,628,621,-202.59131625,0.00876533305166,958,2126.87011202,2329.46142827,1194.30744596,405,0.913030834599,0.767013610889
ZaratustraDCA2_06,range_choppy,1168,641,527,-470.95639627,0.00316426991474,961,960.92957946,1431.88597573,1883.72431507,582,0.671093645547,0.822773972603
ZaratustraDCA2_06,range_quiet,712,356,356,-86.77977191,0.00239282963091,619,277.48154292,364.26131483,2751.79073034,409,0.761765061573,0.869382022472
ZaratustraDCA2_06,transition,1330,689,641,-161.90254673,0.00651540957436,1144,1097.55210225,1259.45464898,1994.61278195,779,0.871450276625,0.86015037594
ZaratustraDCA2_07,bear_trend,2001,1169,832,-143.26424029,0.00166167876698,1610,1040.12126485,1183.38550514,2023.10594703,837,0.878936965454,0.804597701149
ZaratustraDCA2_07,bull_trend,1629,904,725,-310.22466867,0.00243237476017,1267,1419.58817581,1729.81284448,1917.83916513,723,0.820659980841,0.777777777778
ZaratustraDCA2_07,high_vol_shock,1434,810,624,-110.05205562,0.00272961331553,989,2101.89274548,2211.9448011,1224.32705718,481,0.950246472893,0.689679218968
ZaratustraDCA2_07,range_choppy,1442,829,613,-245.04195551,0.00173497755555,1142,941.61369511,1186.65565062,1912.03536755,696,0.793502053117,0.791955617198
ZaratustraDCA2_07,range_quiet,815,438,377,-108.45625568,0.000709707068353,662,305.12745881,413.58371449,2911.26380368,471,0.737764684923,0.81226993865
ZaratustraDCA2_07,transition,1614,881,733,-263.02375524,0.00170496392744,1283,1038.05192275,1301.07567799,2168.5842627,928,0.797841309549,0.794919454771
ZaratustraDCA5,bear_trend,2843,1192,1651,-77.73446919,0.00203295262064,2313,293.95409544,371.68856463,568.016180091,862,0.790861283916,0.813577207176
ZaratustraDCA5,bull_trend,2359,718,1641,-91.45942804,0.00227967086109,1941,458.78747769,550.24690573,458.675286138,752,0.833784748106,0.822806273845
ZaratustraDCA5,high_vol_shock,1749,715,1034,-342.83239093,0.00105889381385,1410,486.10454016,828.93693109,322.184105203,499,0.586419209868,0.806174957118
ZaratustraDCA5,range_choppy,2038,765,1273,-209.06246029,0.000908551920329,1622,300.92639697,509.98885726,538.020117763,750,0.590064650798,0.795878312071
ZaratustraDCA5,range_quiet,1450,528,922,-49.62683144,0.000928309963466,1148,78.69036189,128.31719333,741.844827586,595,0.613248777096,0.791724137931
ZaratustraDCA5,transition,2476,908,1568,-160.88947836,0.00173303250631,1992,379.43315427,540.32263263,577.292003231,1048,0.702234426907,0.804523424879
ZaratustraV31,bear_trend,277,175,102,-4.82611923,-0.00298077130013,61,3.21246593,8.03858516,12.7797833935,5,0.399630764128,0.220216606498
ZaratustraV31,bull_trend,1307,652,655,-26.02755342,-0.0026641493851,314,19.61283779,45.64039121,19.4185156848,26,0.429725453048,0.240244835501
ZaratustraV31,high_vol_shock,1449,712,737,-56.56098893,-0.00219153241565,382,57.23913298,113.80012191,19.6273291925,17,0.502979540086,0.263630089717
ZaratustraV31,range_choppy,851,421,430,-21.65759665,-0.00248600633333,221,17.47710562,39.13470227,23.9012925969,22,0.446588439575,0.259694477086
ZaratustraV31,transition,1201,595,606,-28.14212919,-0.00258789944974,292,21.07509031,49.2172195,27.7768526228,36,0.428205626488,0.243130724396
adaptive,bear_trend,70,70,0,-36.89808598,-0.00422040314804,57,147.77593603,184.67402201,367.785714286,28,0.800198828301,0.814285714286
adaptive,bull_trend,87,87,0,86.11419254,0.00805932146248,79,210.86074122,124.74654868,86.091954023,42,1.69031322671,0.908045977011
adaptive,high_vol_shock,337,337,0,17.94662982,0.000986280177443,288,767.46671019,749.52008037,124.451038576,119,1.02394416146,0.854599406528
adaptive,range_choppy,29,29,0,-9.19330687,-0.00249314326192,24,61.53936861,70.73267548,229.137931034,19,0.870027440534,0.827586206897
adaptive,range_quiet,5,5,0,-19.91896679,-0.0323196903827,3,7.2960352,27.21500199,329,2,0.268088725574,0.6
adaptive,transition,31,31,0,29.78401741,0.00734622060287,28,73.02828321,43.2442658,190.806451613,27,1.68873911625,0.903225806452
adaptive_trend,bear_trend,17,17,0,521.60449947,0.124228108885,13,722.93358818,201.32908871,86400,14,3.59080544601,0.764705882353
adaptive_trend,bull_trend,15,15,0,283.30288709,0.120328769378,8,548.80609001,265.50320292,86400,14,2.06704131617,0.533333333333
adaptive_trend,high_vol_shock,4,4,0,193.62252696,0.345430592028,3,217.58528402,23.96275706,86400,3,9.08014396988,0.75
adaptive_trend,range_choppy,8,8,0,76.70102268,0.101735603166,6,262.98163188,186.2806092,86400,7,1.41174990252,0.75
adaptive_trend,range_quiet,13,13,0,879.03159698,0.248740755334,10,934.96943013,55.93783315,86400,13,16.7144377513,0.769230769231
adaptive_trend,transition,13,13,0,-42.0931867,0.0135445585118,6,494.25262233,536.34580903,86400,13,0.92151856882,0.461538461538
adx_opt_strat,bear_trend,276,276,0,104.40824494,0.00252354636645,211,149.58728919,45.17904425,723.043478261,158,3.31098835031,0.764492753623
adx_opt_strat,bull_trend,360,360,0,177.80414579,0.00457815951879,291,326.29807319,148.4939274,3097.61111111,178,2.19738327959,0.808333333333
adx_opt_strat,high_vol_shock,100,100,0,131.87993892,0.0100214423265,74,174.71840117,42.83846225,548.15,55,4.07854045158,0.74
adx_opt_strat,range_choppy,218,218,0,79.41317899,0.00269264015298,174,173.20020309,93.7870241,846.055045872,125,1.8467395117,0.798165137615
adx_opt_strat,range_quiet,312,312,0,-17.41410121,-0.000181540260781,207,251.64347521,269.05757642,1804.00641026,178,0.935277417415,0.663461538462
adx_opt_strat,transition,311,311,0,15.06074034,0.00102192105279,234,229.66574872,214.60500838,2226.76848875,203,1.07017888564,0.752411575563
adxbbrsi2,bear_trend,142,142,0,-170.5096009,-0.00684352839554,94,149.34360422,319.85320512,5844.50704225,89,0.466912952034,0.661971830986
adxbbrsi2,bull_trend,87,87,0,47.87923053,0.00468508280231,66,105.0443867,57.16515617,1437.93103448,61,1.83755969087,0.758620689655
adxbbrsi2,high_vol_shock,62,62,0,106.59469618,0.0120830157713,56,149.16410778,42.5694116,331.935483871,38,3.50402089607,0.903225806452
adxbbrsi2,range_choppy,84,84,0,116.73854227,0.00902438577247,66,116.9019929,0.16345063,5307.14285714,51,715.212862135,0.785714285714
adxbbrsi2,range_quiet,78,78,0,59.03161111,0.00488042080142,62,59.14935177,0.11774066,2553.84615385,45,502.369799609,0.794871794872
adxbbrsi2,transition,110,110,0,10.16916528,0.000911059632297,83,113.1712776,103.00211232,4809.81818182,82,1.0987277353,0.754545454545
bb_rsi_opt_new,bear_trend,90,90,0,-82.89697019,-0.00674006873217,53,30.0964549,112.99342509,2146,67,0.266355806774,0.588888888889
bb_rsi_opt_new,bull_trend,74,74,0,-66.70864922,-0.00805440570952,49,32.80993232,99.51858154,2855.67567568,64,0.329686494846,0.662162162162
bb_rsi_opt_new,high_vol_shock,17,17,0,13.41323911,0.00700991061266,11,13.46800652,0.05476741,420,15,245.912788646,0.647058823529
bb_rsi_opt_new,range_choppy,40,40,0,-18.28056942,-0.00542969923073,20,8.02571651,26.30628593,6586.5,37,0.305087405016,0.5
bb_rsi_opt_new,range_quiet,64,64,0,-84.81156724,-0.0124940245203,33,6.69890275,91.51046999,3712.5,55,0.0732036755,0.515625
bb_rsi_opt_new,transition,70,70,0,-75.99112275,-0.00994009782521,44,20.85968976,96.85081251,5937.42857143,58,0.215379605182,0.628571428571
bbandrsi,bear_trend,1257,1257,0,-8.72255779,0.000318743520203,787,2860.41474006,2869.13729785,2193.38902148,602,0.996959867415,0.626093874304
bbandrsi,bull_trend,1092,1092,0,-154.761563,0.000456432396241,678,3302.09884438,3456.86040738,2232.52747253,574,0.955230600961,0.620879120879
bbandrsi,high_vol_shock,567,567,0,-272.63821909,0.000324564215815,363,3788.57731303,4061.21553212,1992.43386243,287,0.932867828133,0.640211640212
bbandrsi,range_choppy,746,746,0,-135.55109034,-0.000865863630514,472,2062.98398225,2198.53507259,2265.66353887,457,0.938344813312,0.632707774799
bbandrsi,range_quiet,799,799,0,-173.39493785,-0.00190159529805,482,1052.66514573,1226.06008358,2419.65581977,455,0.858575497097,0.603254067584
bbandrsi,transition,1116,1116,0,260.30538191,0.00108525512078,706,2682.98096924,2422.67558733,2279.40860215,725,1.10744541418,0.632616487455
bbrsi,bear_trend,765,765,0,-52.03789797,-0.00247771777364,454,87.82744609,139.86534406,2414.74509804,346,0.627942873771,0.593464052288
bbrsi,bull_trend,1233,1233,0,-186.40780201,-0.00373260164622,711,209.75912664,396.16692865,3181.31386861,476,0.529471572387,0.576642335766
bbrsi,high_vol_shock,603,603,0,-352.24332207,-0.00657720221238,362,286.2850752,638.52839727,2372.53731343,239,0.44835135982,0.600331674959
bbrsi,range_choppy,658,658,0,-218.34568279,-0.00829898246859,407,93.85817395,312.20385674,3097.38601824,321,0.300631052192,0.618541033435
bbrsi,range_quiet,560,560,0,-38.9804917,-0.0027891214035,329,18.97081454,57.95130624,2699.14285714,294,0.327357841796,0.5875
bbrsi,transition,746,746,0,-98.83530565,-0.00283865862186,450,113.94563668,212.78094233,3818.1233244,405,0.535506777215,0.603217158177
bbrsi1_strategy,bear_trend,4345,4345,0,-247.57758776,-0.00151163877623,3049,1466.6351935,1714.21278126,505.144994246,1075,0.855573595958,0.701726121979
bbrsi1_strategy,bull_trend,3725,3725,0,-330.51908704,-0.000533856564048,2711,2345.48577283,2676.00485987,472.434899329,1000,0.876487859945,0.727785234899
bbrsi1_strategy,high_vol_shock,2446,2446,0,-236.76133847,-0.00061908609536,1910,3512.44088266,3749.20222113,290.061324612,528,0.936850208523,0.780866721177
bbrsi1_strategy,range_choppy,2817,2817,0,31.0933627,-0.00159262020869,2026,1407.95603265,1376.86266995,477.1742989,904,1.02258276252,0.719204827831
bbrsi1_strategy,range_quiet,2341,2341,0,-32.74202635,-0.00169955555389,1561,383.73778306,416.47980941,617.648440837,794,0.921383880778,0.666809055959
bbrsi1_strategy,transition,3640,3640,0,-152.02203442,-0.00137835011995,2557,1569.89641012,1721.91844454,521.006868132,1385,0.911713568722,0.702472527473
bbrsi4Freq,bear_trend,962,962,0,8.19682794,2.4285665595e-05,586,501.07600132,492.87917338,293.201663202,469,1.01663050172,0.609147609148
bbrsi4Freq,bull_trend,695,695,0,-103.17518146,-0.00125224324226,432,376.03203978,479.20722124,288.690647482,388,0.784696104552,0.621582733813
bbrsi4Freq,high_vol_shock,302,302,0,30.18166153,0.00220529342286,191,446.72647391,416.54481238,283.112582781,171,1.07245717779,0.632450331126
bbrsi4Freq,range_choppy,570,570,0,-179.66871508,-0.00339041904496,345,279.49235248,459.16106756,305.684210526,347,0.608702201093,0.605263157895
bbrsi4Freq,range_quiet,635,635,0,-172.24448245,-0.00373994931408,379,168.66513945,340.9096219,314.551181102,369,0.49475030511,0.596850393701
bbrsi4Freq,transition,785,785,0,-180.40414109,-0.00273916080799,477,363.58612622,543.99026731,311.541401274,529,0.668368807438,0.607643312102
bestV2,bear_trend,4,4,0,5.0588897,0.00838226671197,3,11.90641885,6.84752915,401.25,3,1.73879053147,0.75
bestV2,bull_trend,40,40,0,36.28297476,0.00651010875938,30,115.60381501,79.32084025,148.25,26,1.45742045401,0.75
bestV2,high_vol_shock,215,215,0,493.86852548,0.0146571203809,170,832.63206071,338.76353523,79.9069767442,77,2.45785621568,0.790697674419
bestV2,range_choppy,18,18,0,35.2143198,0.0108981855524,13,54.94880824,19.73448844,117.5,12,2.78440499773,0.722222222222
bestV2,range_quiet,5,5,0,28.94327366,0.0334048305642,5,28.94327366,0,61,4,inf,1
bestV2,transition,13,13,0,9.83420401,0.00732384996071,8,57.84390009,48.00969608,137.307692308,9,1.20483787262,0.615384615385
bigshort,bear_trend,139,0,139,-8.5524335,-0.0209449294459,42,0.07020504,8.62263854,10.3956834532,40,0.00814194398551,0.302158273381
bigshort,bull_trend,295,0,295,-31.71503118,-0.0210127860217,90,0.14108985,31.85612103,10.2711864407,80,0.00442897143275,0.305084745763
bigshort,high_vol_shock,88,0,88,-88.49377322,-0.0268192174022,21,0.38585117,88.87962439,8.52272727273,12,0.00434127813487,0.238636363636
bigshort,range_choppy,201,0,201,-39.9156722,-0.0186368912089,62,0.29816992,40.21384212,9.37810945274,66,0.00741460910674,0.308457711443
bigshort,range_quiet,73,0,73,-7.31909097,-0.0252521356015,12,0.02213763,7.3412286,12.8082191781,25,0.00301552113498,0.164383561644
bigshort,transition,264,0,264,-57.98804588,-0.0243337710902,63,0.18432853,58.17237441,10.5303030303,99,0.00316866093003,0.238636363636
binance,bear_trend,20,20,0,241.17137782,0.0451840085978,20,241.17137782,0,22,11,inf,1
binance,bull_trend,54,54,0,281.93658439,0.0277908869081,46,315.83454586,33.89796147,48.9814814815,24,9.31721354806,0.851851851852
binance,high_vol_shock,115,115,0,1003.98713063,0.0436425919809,104,1088.31944871,84.33231808,34.347826087,53,12.9051290595,0.904347826087
binance,range_choppy,19,19,0,106.71817156,0.022594965246,14,111.90918603,5.19101447,27.1052631579,10,21.5582496787,0.736842105263
binance,range_quiet,16,16,0,202.40756822,0.0381118798113,16,202.40756822,0,24.0625,8,inf,1
binance,transition,22,22,0,134.50073163,0.0215025061256,14,163.74443217,29.24370054,33.6363636364,18,5.59930614616,0.636363636364
binance_shorts,bear_trend,7,0,7,-38.78159053,-0.0445810668576,4,30.86607078,69.64766131,20,4,0.443174547421,0.571428571429
binance_shorts,bull_trend,16,0,16,-14.70924078,-0.00630449410831,11,82.93338175,97.64262253,23.125,9,0.849356352801,0.6875
binance_shorts,high_vol_shock,95,0,95,-63.94896448,-0.00445818730343,69,513.76021744,577.70918192,17.7894736842,49,0.889305957943,0.726315789474
binance_shorts,range_choppy,9,0,9,-41.33112284,-0.0361813999886,6,27.67918705,69.01030989,49.4444444444,5,0.401087708404,0.666666666667
binance_shorts,range_quiet,2,0,2,17.98190392,0.0700162257543,2,17.98190392,0,17.5,2,inf,1
binance_shorts,transition,7,0,7,10.76414086,0.0120204653351,5,35.90793384,25.14379298,22.8571428571,6,1.4281033044,0.714285714286
botbaby,bear_trend,2501,2501,0,-191.85036397,-0.00231348848931,836,257.80881505,449.65917902,158.420631747,865,0.57334271617,0.334266293483
botbaby,bull_trend,1864,1864,0,-189.05728669,-0.0021421715175,645,279.88451657,468.94180326,142.033261803,754,0.596842752393,0.346030042918
botbaby,high_vol_shock,990,990,0,-162.87032313,-0.00307164877887,303,179.75741812,342.62774125,44.1818181818,396,0.524643502199,0.306060606061
botbaby,range_choppy,1505,1505,0,-121.70442244,-0.0019497454921,542,213.21219138,334.91661382,121.574750831,725,0.636612764438,0.360132890365
botbaby,range_quiet,1698,1698,0,-100.88331535,-0.00235070240097,525,118.14148649,219.02480184,283.303886926,706,0.539397755403,0.309187279152
botbaby,transition,2031,2031,0,-186.80350979,-0.00246656737689,658,263.10974578,449.91325557,180.635155096,1066,0.584801053365,0.323978335795
chatgpt,bear_trend,1174,1174,0,-744.84491689,-0.00147370956415,418,3443.79768278,4188.64259967,1630.78364566,591,0.822175108244,0.35604770017
chatgpt,bull_trend,1146,1146,0,753.6735767,0.00352497349053,402,5262.38081645,4508.70723975,1577.64397906,603,1.16715957294,0.350785340314
chatgpt,high_vol_shock,483,483,0,-207.06840225,0.0018600634865,172,3960.68568833,4167.75409058,1563.97515528,263,0.950316549933,0.356107660455
chatgpt,range_choppy,754,754,0,313.38995028,0.00204158115332,280,3401.67091858,3088.2809683,1675.94164456,466,1.10147714975,0.371352785146
chatgpt,range_quiet,847,847,0,260.78208142,0.00175999449699,312,2110.65365215,1849.87157073,1641.67650531,494,1.14097307378,0.368358913813
chatgpt,transition,1044,1044,0,537.43950277,0.00193944752271,370,4084.96642836,3547.52692559,1629.25287356,703,1.15149694817,0.354406130268
conny,bear_trend,1281,1281,0,-166.21705572,-0.00146002711078,840,553.29711898,719.5141747,89.3208430913,464,0.768987100512,0.655737704918
conny,bull_trend,617,617,0,-17.0043212,-0.00033604472245,424,330.29903583,347.30335703,86.9854132901,326,0.951038995576,0.687196110211
conny,high_vol_shock,569,569,0,10.57551285,8.22622750567e-05,362,501.05119924,490.47568639,36.4323374341,203,1.02156174739,0.636203866432
conny,range_choppy,705,705,0,-88.38972594,-0.00126162461246,461,364.42708185,452.81680779,79.7446808511,313,0.804800253835,0.65390070922
conny,range_quiet,578,578,0,-74.89529434,-0.00144647915185,370,168.7112077,243.60650204,145.847750865,297,0.692556258914,0.640138408304
conny,transition,913,913,0,-145.02927925,-0.00151320927852,586,403.44317926,548.47245851,97.3603504929,478,0.735576003864,0.641840087623
cryptohassle,bear_trend,1839,1839,0,-397.57949265,-0.00162860539104,618,2147.91165405,2545.4911467,911.353996737,814,0.84381030232,0.336052202284
cryptohassle,bull_trend,1434,1434,0,132.70887704,1.0224519783e-05,504,2510.08692655,2377.37804951,865.815899582,689,1.05582152871,0.351464435146
cryptohassle,high_vol_shock,761,761,0,290.22061681,0.00255271474204,275,2580.69178717,2290.47117036,670.643889619,357,1.12670782351,0.361366622865
cryptohassle,range_choppy,1166,1166,0,-201.2585515,-0.00244738893249,363,1616.52983546,1817.78838696,869.22813036,684,0.889283839118,0.311320754717
cryptohassle,range_quiet,1236,1236,0,-91.72818235,-0.000621510189206,382,812.872739,904.60092135,926.019417476,634,0.898598177179,0.309061488673
cryptohassle,transition,1530,1530,0,-424.88324446,-0.00217944713175,480,1922.20711225,2347.09035671,891.882352941,967,0.818974483345,0.313725490196
cryptotank,bear_trend,341,341,0,-24.44229166,0.00946295408636,284,234.9085314,259.35082306,2161.93548387,121,0.905755873949,0.83284457478
cryptotank,bull_trend,365,365,0,-145.23930066,0.00590937687935,300,690.71933758,835.95863824,2926.52054795,156,0.8262601832,0.821917808219
cryptotank,high_vol_shock,587,587,0,-721.99842866,0.00189688187255,411,1043.90179278,1765.90022144,1559.18228279,183,0.591144267443,0.700170357751
cryptotank,range_choppy,238,238,0,-47.74194091,0.00459948597601,196,240.3456657,288.08760661,3251.09243697,101,0.83427978221,0.823529411765
cryptotank,range_quiet,59,59,0,-7.30081315,0.0032594814346,48,31.88287455,39.1836877,4654.57627119,24,0.813677232069,0.813559322034
cryptotank,transition,211,211,0,39.65263063,0.0081073796254,179,255.51649163,215.863861,4561.99052133,107,1.18369277028,0.848341232227
cryptotankV2,bear_trend,1096,1096,0,-106.25334405,-0.000211732311089,1041,973.43673073,1079.69007478,3961.7290146,495,0.90158903325,0.949817518248
cryptotankV2,bull_trend,1467,1467,0,-205.45029426,-0.0015551887009,1389,2025.75900594,2231.2093002,4186.75869121,623,0.907919757128,0.946830265849
cryptotankV2,high_vol_shock,974,974,0,-774.35046702,-0.00430372930969,880,2408.61529884,3182.96576586,1789.30184805,365,0.756720453822,0.903490759754
cryptotankV2,range_choppy,754,754,0,48.48082269,-0.00144415286279,705,1038.98649136,990.50566867,3754.04509284,392,1.04894552775,0.935013262599
cryptotankV2,range_quiet,371,371,0,-16.61624194,-0.0020590514357,353,208.48189872,225.09814066,5979.40700809,219,0.926182233708,0.951482479784
cryptotankV2,transition,940,940,0,237.93835338,0.00116837951095,899,1128.34805164,890.40969826,3747.28723404,536,1.26722345213,0.956382978723
cryptotankV5,bear_trend,737,737,0,-166.56508297,-0.000455901045973,659,868.46603596,1035.03111893,3909.56580733,377,0.839072391232,0.894165535957
cryptotankV5,bull_trend,1066,1066,0,-153.5330198,-0.0018189147425,962,2020.6553466,2174.1883664,5230.03283302,503,0.929383754337,0.90243902439
cryptotankV5,high_vol_shock,854,854,0,-858.43623881,-0.00393928377999,690,2606.26333737,3464.69957618,1862.28337237,305,0.75223357179,0.807962529274
cryptotankV5,range_choppy,458,458,0,224.51911578,5.24346877784e-05,414,816.84294467,592.32382889,4774.65065502,294,1.3790479208,0.903930131004
cryptotankV5,range_quiet,281,281,0,-15.1910546,-0.00339268206208,253,201.46082598,216.65188058,8264.89323843,206,0.929882655256,0.900355871886
cryptotankV5,transition,655,655,0,156.458146,0.000406357063412,594,1082.05799442,925.59984842,5423.97709924,438,1.16903432543,0.906870229008
custom_sell,bull_trend,18,18,0,-0.197693,-0.001998001998,0,0,0.197693,0,1,0,0
custom_sell,high_vol_shock,13444,13444,0,-964.92878835,-0.00199800199753,0,0,964.92878835,0,12,0,0
custom_sell,range_choppy,9,9,0,-0.09909077,-0.00199800203852,0,0,0.09909077,0,1,0,0
custom_sell,transition,39,39,0,-0.42995298,-0.00199800208164,0,0,0.42995298,0,1,0,0
dualwave,bear_trend,514,514,0,197.95694299,0.00508010203644,482,785.03105345,587.07411046,4901.20622568,296,1.33719242505,0.937743190661
dualwave,bull_trend,653,653,0,-139.12441302,-0.00251358832393,596,1305.456074,1444.58048702,6099.09647779,370,0.90369216927,0.912710566616
dualwave,high_vol_shock,442,442,0,-561.36401155,-0.00861537034033,382,1209.31403125,1770.6780428,2903.92533937,225,0.682966638778,0.864253393665
dualwave,range_choppy,324,324,0,-105.28647519,-0.00460377067583,291,648.68351716,753.96999235,5997.87037037,215,0.860357207504,0.898148148148
dualwave,range_quiet,212,212,0,39.55422093,0.000945985988581,200,226.76482505,187.21060412,8574.55188679,153,1.21128194696,0.943396226415
dualwave,transition,449,449,0,-140.81231899,-0.00310656033116,411,765.33321419,906.14553318,6748.26280624,326,0.844602976195,0.915367483296
e6v34,bear_trend,2583,2583,0,-149.42886737,-0.00206287011971,731,295.09101922,444.51988659,149.81416957,518,0.663842109481,0.283004258614
e6v34,bull_trend,2514,2514,0,-253.16417915,-0.00221565348664,708,556.81180501,809.97598416,147.040572792,577,0.6874423636,0.281622911695
e6v34,high_vol_shock,1660,1660,0,-203.87570221,-0.00269719652428,499,560.71687742,764.59257963,146.277108434,322,0.733353804835,0.300602409639
e6v34,range_choppy,2054,2054,0,-145.36553346,-0.00222024066167,601,336.70168077,482.06721423,146.129503408,503,0.698453806505,0.292599805258
e6v34,range_quiet,842,842,0,-56.08535144,-0.00250197340425,197,84.18824581,140.27359725,138.153206651,235,0.600171717704,0.233966745843
e6v34,transition,2370,2370,0,-157.77060122,-0.00192776060658,671,406.01015796,563.78075918,146.683544304,739,0.720156109177,0.283122362869
eltoro,bear_trend,621,621,0,20.94492978,0.000897836757787,576,852.64364304,831.69871326,4096.30434783,339,1.02518331392,0.927536231884
eltoro,bull_trend,850,850,0,-103.07909675,-0.00180178964996,778,1724.7147872,1827.79388395,5430.91764706,445,0.943604638545,0.915294117647
eltoro,high_vol_shock,572,572,0,-828.89432509,-0.0085375613828,488,1545.87076069,2374.76508578,2484.88636364,288,0.650957338874,0.853146853147
eltoro,range_choppy,390,390,0,-92.79802539,-0.00371423415175,356,728.44915391,821.2471793,5513.88461538,280,0.887003538363,0.912820512821
eltoro,range_quiet,243,243,0,134.36845637,0.00545592544049,233,262.41680963,128.04835326,7857.96296296,183,2.04935716039,0.958847736626
eltoro,transition,502,502,0,129.62007243,9.65023669607e-05,465,923.71926163,794.0991892,5976.33466135,355,1.16322907036,0.926294820717
eltoro1_4,bear_trend,487,487,0,151.84703802,0.0059245976399,411,847.63920047,695.79216245,5242.29979466,227,1.21823620071,0.843942505133
eltoro1_4,bull_trend,217,217,0,31.35623171,0.00191334661888,182,489.80125094,458.44501923,5770.50691244,117,1.06839692961,0.838709677419
eltoro1_4,high_vol_shock,598,598,0,-629.27887788,-0.00747209524696,376,1368.41761198,1997.69648986,1627.22408027,156,0.684997755628,0.628762541806
eltoro1_4,range_choppy,262,262,0,-147.11420524,-0.00747998585371,213,481.02789127,628.14209651,5902.21374046,155,0.765794704642,0.812977099237
eltoro1_4,range_quiet,107,107,0,30.70739407,0.00346312252248,94,163.695588,132.98819393,9709.90654206,69,1.23090315886,0.878504672897
eltoro1_4,transition,273,273,0,85.57139616,0.00462838966018,236,482.4308604,396.85946424,5867.47252747,164,1.21562140725,0.864468864469
eltoro1_4_simple,bear_trend,375,375,0,190.46337838,0.00743088440664,323,1981.3344256,1790.87104722,6779.76,194,1.10635236896,0.861333333333
eltoro1_4_simple,bull_trend,433,433,0,51.22764588,0.00441586633058,377,2501.82288007,2450.59523419,9678.67205543,247,1.02090416449,0.870669745958
eltoro1_4_simple,high_vol_shock,486,486,0,-467.35132016,-0.00190004379526,377,3741.71509002,4209.06641018,3200.09259259,179,0.88896556276,0.775720164609
eltoro1_4_simple,range_choppy,252,252,0,-277.08882357,-0.00340629792039,208,1451.41607403,1728.5048976,8803.98809524,155,0.839694510583,0.825396825397
eltoro1_4_simple,range_quiet,123,123,0,6.88631762,0.00162969318436,103,568.9414465,562.05512888,13388.6585366,75,1.01225203235,0.837398373984
eltoro1_4_simple,transition,321,321,0,380.35069621,0.00852714684647,281,1773.23832671,1392.8876305,10865.7943925,224,1.27306631769,0.8753894081
ema,bear_trend,1920,1920,0,-107.64173757,-0.00200286898157,493,126.09929544,233.74103301,98.3098958333,96,0.539482921831,0.256770833333
ema,bull_trend,4072,4072,0,-264.51902595,-0.0017642017483,1095,466.92096886,731.43999481,98.7549115914,176,0.638358542291,0.268909626719
ema,high_vol_shock,956,956,0,-87.06860599,-0.00218896908373,265,294.43097851,381.4995845,100.533472803,33,0.771772737042,0.27719665272
ema,range_choppy,2436,2436,0,-142.19294868,-0.00144408038943,683,370.45156231,512.64451099,101.582512315,156,0.722628555204,0.280377668309
ema,range_quiet,1504,1504,0,-97.69717819,-0.00189931912072,298,50.65766765,148.35484584,93.9195478723,109,0.34146284446,0.198138297872
ema,transition,3565,3565,0,-266.79649551,-0.00200914530189,880,391.05845807,657.85495358,98.6605890603,211,0.594444802676,0.246844319776
fahmibah,bear_trend,3453,3453,0,-72.53763033,-0.000800915200001,3061,1524.90151563,1597.43914596,1134.95800753,690,0.95459130289,0.886475528526
fahmibah,bull_trend,3529,3529,0,-450.31746029,-0.000891576947039,3086,3330.22169891,3780.5391592,1033.84953245,714,0.880885386627,0.874468688014
fahmibah,high_vol_shock,3880,3880,0,-1075.87387924,-0.0022175968842,3279,5422.13959524,6498.01347448,392.300257732,405,0.83443034037,0.845103092784
fahmibah,range_choppy,2470,2470,0,438.11025911,-0.000965907213344,2185,1851.25955791,1413.1492988,964.212550607,584,1.31002404309,0.884615384615
fahmibah,range_quiet,1032,1032,0,87.74330765,0.000561627215705,933,312.72521521,224.98190756,2170.91569767,358,1.39000161658,0.904069767442
fahmibah,transition,2793,2793,0,105.16628782,-0.00142584627173,2461,1993.66922151,1888.50293369,1193.61081275,865,1.05568764864,0.881131399928
gettinMoist,bear_trend,3283,3283,0,-49.76489903,-0.00041053443407,2226,1324.14883892,1373.91373795,847.960706671,841,0.96377873104,0.678038379531
gettinMoist,bull_trend,3435,3435,0,-429.95644963,-0.00157349976135,2230,2479.63488193,2909.59133156,759.34643377,863,0.852227890231,0.649199417758
gettinMoist,high_vol_shock,2725,2725,0,-474.61160469,-0.00223065578354,1691,3243.74603175,3718.35763644,369.930275229,425,0.872359882751,0.620550458716
gettinMoist,range_choppy,2321,2321,0,71.04119853,-0.00180945869492,1508,1453.50744927,1382.46625074,728.177509694,683,1.05138729317,0.649719948298
gettinMoist,range_quiet,1334,1334,0,43.49681669,-0.000590815516827,911,354.34190773,310.84509104,1518.12593703,564,1.1399308464,0.682908545727
gettinMoist,transition,2917,2917,0,-127.04895618,-0.00218466268729,1908,1643.698778,1770.74773418,890.481659239,1112,0.928251238882,0.654096674666
gpt_reversal,bear_trend,108,108,0,-109.76636099,-0.0034430946371,54,619.11395679,728.88031778,2435.0462963,100,0.8494041363,0.5
gpt_reversal,bull_trend,64,64,0,66.72067475,0.00159801296209,35,468.96515939,402.24448464,2671.484375,54,1.16587094988,0.546875
gpt_reversal,high_vol_shock,36,36,0,-127.05263004,-0.00703858062104,18,181.35728339,308.40991343,864.027777778,27,0.588039733785,0.5
gpt_reversal,range_choppy,66,66,0,-74.85724364,-0.00204848048783,34,385.24990252,460.10714616,2025.83333333,57,0.837304757675,0.515151515152
gpt_reversal,range_quiet,57,57,0,-63.52699089,-0.00478166136339,25,358.55637417,422.08336506,3813.33333333,54,0.849491839412,0.438596491228
gpt_reversal,transition,71,71,0,-363.05626929,-0.0151503323585,25,301.68105604,664.73732533,3397.11267606,69,0.453834987963,0.352112676056
hansencandlepatternV1,bear_trend,3327,3327,0,-338.32295012,-0.00316716254232,979,466.44530824,804.76825836,442.795311091,1063,0.579602020078,0.294259092275
hansencandlepatternV1,bull_trend,2567,2567,0,-118.97737436,-0.000573761687316,799,843.39336629,962.37074065,445.243474873,932,0.876370540651,0.311258278146
hansencandlepatternV1,high_vol_shock,1217,1217,0,-119.54314384,-0.00119958389215,372,1003.74456247,1123.28770631,430.254724733,475,0.893577448441,0.30566967954
hansencandlepatternV1,range_choppy,1937,1937,0,-102.66164601,-0.00205738630727,569,609.56711724,712.22876325,439.050077439,820,0.855858607084,0.293753226639
hansencandlepatternV1,range_quiet,1893,1893,0,-43.44733704,-0.00119052834608,545,152.13987788,195.58721492,455.277337559,760,0.777862080311,0.287902799789
hansencandlepatternV1,transition,2680,2680,0,-242.87088227,-0.00218871279943,760,605.01287771,847.88375998,435.447761194,1287,0.713556393301,0.283582089552
heikin,bear_trend,2842,2842,0,-343.56176856,-0.00275026186645,917,703.95346274,1047.5152313,477.719915552,565,0.672022173717,0.322660098522
heikin,bull_trend,2914,2914,0,-257.34601002,-0.00189310010253,940,1403.07719029,1660.42320031,457.371310913,634,0.845011795805,0.322580645161
heikin,high_vol_shock,1859,1859,0,-226.33428655,-0.00146741477722,614,1790.25638532,2016.59067187,470.575578268,335,0.887763892937,0.330285099516
heikin,range_choppy,2256,2256,0,5.75032499,-0.0006551895533,749,943.91797174,938.16764675,481.622340426,535,1.00612931496,0.332003546099
heikin,range_quiet,1040,1040,0,-26.25111197,-0.00192206554468,301,178.60013299,204.85124496,449.769230769,299,0.871852807264,0.289423076923
heikin,transition,2811,2811,0,-118.18197637,-0.00168747263987,884,1115.96722576,1234.14920213,464.674493063,792,0.904240122535,0.314478833155
hlhb,bear_trend,224,224,0,72.6116696,0.00242249206883,171,343.09516562,270.48349602,2542.5,162,1.26845138675,0.763392857143
hlhb,bull_trend,81,81,0,-33.7715792,-0.00321872497197,59,98.81608202,132.58766122,4071.11111111,68,0.745288672496,0.728395061728
hlhb,high_vol_shock,60,60,0,-81.99119892,-0.0103661099685,50,82.6809984,164.67219732,1064,49,0.502094462487,0.833333333333
hlhb,range_choppy,91,91,0,-36.32895797,-0.00285117933753,73,131.94094537,168.26990334,3462.85714286,80,0.784103055574,0.802197802198
hlhb,range_quiet,103,103,0,-120.60973021,-0.0086634130032,70,88.34466419,208.9543944,4923.49514563,82,0.422793999828,0.679611650485
hlhb,transition,159,159,0,40.93616657,0.00180126891888,114,255.83309653,214.89692996,2981.13207547,131,1.1904920958,0.716981132075
ichi,bear_trend,1106,1106,0,-106.86478294,-0.00157386296925,306,474.00815755,580.87294049,426.238698011,530,0.816027266049,0.276672694394
ichi,bull_trend,1008,1008,0,-138.22824526,-0.00199873716501,270,501.16857203,639.39681729,355.892857143,508,0.783814617899,0.267857142857
ichi,high_vol_shock,543,543,0,-179.12336781,-0.00365136179719,125,239.83537529,418.9587431,94.2541436464,237,0.572455830651,0.230202578269
ichi,range_choppy,748,748,0,-101.54612094,-0.00221775884132,195,351.08095775,452.62707869,317.56684492,418,0.775651688286,0.260695187166
ichi,range_quiet,722,722,0,-99.84292515,-0.00247151442059,181,249.07292267,348.91584782,738.864265928,416,0.713848121907,0.250692520776
ichi,transition,951,951,0,-122.65462579,-0.00192792151875,255,449.42094456,572.07557035,450.347003155,596,0.785597162076,0.268138801262
keltnerchannel,bear_trend,405,405,0,-1075.12465464,-0.00180408385338,126,4765.46818509,5840.59283973,4895.11111111,259,0.815921998992,0.311111111111
keltnerchannel,bull_trend,269,269,0,579.21223467,0.00329352092213,87,4075.58464954,3496.37241487,5069.44237918,207,1.16566090963,0.323420074349
keltnerchannel,high_vol_shock,121,121,0,77.81716848,0.0201429532108,40,2838.93538673,2761.11821825,4912.0661157,82,1.02818320779,0.330578512397
keltnerchannel,range_choppy,235,235,0,1.18597587,0.0115790691007,83,3301.87162038,3300.68564451,5263.65957447,181,1.00035931197,0.353191489362
keltnerchannel,range_quiet,284,284,0,3496.92217807,0.0364004420745,101,5857.82210418,2360.89992611,5689.01408451,206,2.4811818745,0.355633802817
keltnerchannel,transition,299,299,0,1334.64274458,0.0116751738837,91,4956.28566975,3621.64292517,5084.54849498,239,1.36851859009,0.304347826087
mabStra,bear_trend,764,764,0,37.87817042,-0.00112300813244,444,3679.68900005,3641.81082963,7642.30366492,458,1.01040091652,0.581151832461
mabStra,bull_trend,685,685,0,-570.45233522,0.00412175943048,383,4994.45501102,5564.90734624,6965.25547445,447,0.897491135121,0.559124087591
mabStra,high_vol_shock,642,642,0,-2413.94689327,-0.00892542486799,303,8917.31272419,11331.2596175,3593.27102804,306,0.786965705953,0.471962616822
mabStra,range_choppy,503,503,0,1182.32726972,0.00600896120935,291,4015.64265592,2833.3153862,6592.12723658,357,1.41729462081,0.578528827038
mabStra,range_quiet,376,376,0,102.09636971,-0.000229860505479,222,1055.73971451,953.6433448,9297.44680851,292,1.10705927983,0.590425531915
mabStra,transition,622,622,0,1029.53968856,0.00510950105212,376,4281.65836749,3252.11867893,7900.7073955,505,1.31657506696,0.604501607717
macd_recovery,bear_trend,2649,2649,0,-219.88445061,-0.0021939395435,1618,1464.17349879,1684.0579494,1192.25368063,940,0.869431778943,0.610796526991
macd_recovery,bull_trend,2263,2263,0,-287.15416414,-0.00214176489169,1349,2140.25893918,2427.41310332,1060.44851966,845,0.881703627723,0.596111356606
macd_recovery,high_vol_shock,1593,1593,0,-276.11252282,-0.00248699379744,906,2270.41482618,2546.527349,487.972379159,474,0.891572920696,0.568738229755
macd_recovery,range_choppy,1719,1719,0,29.49748805,-0.000904732903676,1060,1451.57323533,1422.07574728,1058.8336242,781,1.02074255757,0.616637579988
macd_recovery,range_quiet,1362,1362,0,-38.11340895,-0.00210673965678,845,450.2851823,488.39859125,1740.82966226,684,0.921962492045,0.620411160059
macd_recovery,transition,2192,2192,0,-174.21698804,-0.00258008617493,1315,1634.53896728,1808.75595532,1221.03558394,1155,0.903681318905,0.599908759124
mark_strat,bear_trend,2315,2315,0,-13.85441992,-0.000855171848368,1441,123.21634989,137.07076981,533.660907127,270,0.898925059375,0.622462203024
mark_strat,bull_trend,3826,3826,0,-237.85925625,-0.00140216102074,2477,378.80557918,616.66483543,598.435703084,425,0.614281141742,0.647412441192
mark_strat,high_vol_shock,3719,3719,0,-227.8877723,-0.000998307897182,2598,859.05676797,1086.94454027,309.59666577,274,0.790340938422,0.698574885722
mark_strat,range_choppy,2285,2285,0,-3.21034378,-0.00115528398549,1466,151.59215596,154.80249974,637.234135667,313,0.979261679977,0.641575492341
mark_strat,range_quiet,551,551,0,5.80977807,-0.000659238859765,327,20.14027501,14.33049694,692.867513612,103,1.40541358017,0.593466424682
mark_strat,transition,2685,2685,0,-67.5199777,-0.00149346866325,1731,209.96296083,277.48293853,617.770949721,426,0.756669804429,0.64469273743
momentum,bear_trend,159,0,159,-82.2393198,-0.00962130295026,120,103.52905511,185.76837491,2040.53459119,56,0.557301829012,0.754716981132
momentum,bull_trend,663,0,663,-136.17974306,-0.00662105032333,517,372.09325725,508.27300031,1171.3800905,143,0.732073623866,0.779788838612
momentum,high_vol_shock,1635,0,1635,-140.76658398,-0.00422546216248,1308,384.50978165,525.27636563,441.718654434,140,0.732014243947,0.8
momentum,range_choppy,419,0,419,-204.95663414,-0.0124284319649,306,186.1237682,391.08040234,1480.72792363,126,0.475922002448,0.73031026253
momentum,range_quiet,65,0,65,-39.74756669,-0.0166323336248,45,40.6386639,80.38623059,4682.46153846,30,0.505542598549,0.692307692308
momentum,transition,443,0,443,-172.82788928,-0.0101751334962,332,257.35025202,430.1781413,1793.16027088,150,0.598241117604,0.749435665914
momentum_long,bear_trend,2363,2363,0,96.02940579,-0.000338503515378,1968,1374.70412692,1278.67472113,2010.92890394,603,1.07510073063,0.832839610664
momentum_long,bull_trend,2604,2604,0,-254.58092963,-0.000798098713004,2159,3770.68941404,4025.27034367,1593.71351767,597,0.936754327562,0.82910906298
momentum_long,high_vol_shock,3542,3542,0,-1402.84043636,-0.00364934953681,2854,5859.41320494,7262.2536413,585.656408809,379,0.80683125299,0.805759457933
momentum_long,range_choppy,1724,1724,0,290.10380192,-0.00144884332117,1420,1892.96125482,1602.8574529,1602.97273782,474,1.18099164177,0.823665893271
momentum_long,range_quiet,659,659,0,181.1411572,0.00190182476975,561,356.89795856,175.75680136,3636.24430956,265,2.03063526304,0.85128983308
momentum_long,transition,1930,1930,0,122.88713718,-0.000623555650572,1603,2039.90395277,1917.01681559,1933.17098446,693,1.06410331729,0.830569948187
momentum_rsi,bear_trend,336,0,336,-113.13360475,-0.00852102472698,257,135.9064123,249.04001705,1604.04761905,106,0.545721181318,0.764880952381
momentum_rsi,bull_trend,909,0,909,-117.90501202,-0.00563726978738,716,458.08467891,575.98969093,1156.32013201,204,0.795300134921,0.787678767877
momentum_rsi,high_vol_shock,2217,0,2217,-126.53300306,-0.00229389944985,1810,534.66262815,661.19563121,458.671628327,235,0.808630007388,0.816418583672
momentum_rsi,range_choppy,381,0,381,-209.78786522,-0.0134105574055,275,191.49413936,401.28200458,1754.9343832,131,0.477205898033,0.721784776903
momentum_rsi,range_quiet,68,0,68,-26.30740652,-0.0132553677303,49,44.79019939,71.09760591,4995.58823529,30,0.629981823111,0.720588235294
momentum_rsi,transition,484,0,484,-214.88251364,-0.00813449888384,371,262.33514811,477.21766175,1844.6177686,191,0.549718019966,0.76652892562
momentum_wick,bear_trend,1667,869,798,-185.09789517,-0.00289772066821,1354,837.92118237,1023.01907754,2147.4865027,693,0.819067015236,0.81223755249
momentum_wick,bull_trend,1685,888,797,-340.21165181,-0.00453658497363,1346,1434.93912143,1775.15077324,1657.6735905,607,0.808347743223,0.79881305638
momentum_wick,high_vol_shock,1943,1057,886,-61.23487638,-0.000663564937838,1614,1601.16633957,1662.40121595,756.587750901,520,0.963164802941,0.830674215131
momentum_wick,range_choppy,1386,717,669,-102.87011034,-0.000969246396582,1147,920.63816558,1023.50827592,1851.68109668,600,0.89949264431,0.827561327561
momentum_wick,range_quiet,569,289,280,-20.88289153,-0.0028700378309,462,251.18076156,272.06365309,3600.33391916,348,0.923242626155,0.811950790861
momentum_wick,transition,1482,770,712,-165.14683849,-0.00208796247652,1214,1058.11418405,1223.26102254,2124.66261808,772,0.86499460422,0.819163292848
moonhouse,bear_trend,22,22,0,-93.99489826,-0.0812569863861,5,105.67034116,199.66523942,124494.545455,8,0.529237545138,0.227272727273
moonhouse,bull_trend,21,21,0,-155.29102214,-0.0727511149632,6,57.408875,212.69989714,103268.571429,5,0.269905513693,0.285714285714
moonhouse,high_vol_shock,9,9,0,-207.69781782,-0.220482710513,0,0,207.69781782,55680,6,0,0
moonhouse,range_choppy,19,19,0,10.80940392,-0.0175980801604,5,464.08859951,453.27919559,111410.526316,7,1.02384712121,0.263157894737
moonhouse,range_quiet,8,8,0,-79.38481362,-0.0997284486413,3,8.2569321,87.64174572,41400,5,0.0942123189374,0.375
moonhouse,transition,11,11,0,-107.44700824,-0.0627409299853,4,97.59015396,205.0371622,166385.454545,7,0.475963249359,0.363636363636
multi_tf,bear_trend,832,832,0,141.03301491,0.0011017863054,541,1605.87982118,1464.84680627,752.1875,319,1.0962783373,0.650240384615
multi_tf,bull_trend,501,501,0,-157.52261146,-0.00146397536036,293,1021.13248597,1178.65509743,807.265469062,210,0.866353938651,0.584830339321
multi_tf,high_vol_shock,332,332,0,290.42538964,0.00799336493386,206,1465.90981948,1175.48442984,616.039156627,125,1.24706868272,0.620481927711
multi_tf,range_choppy,458,458,0,-259.80786801,-0.00370890187958,268,808.52319824,1068.33106625,813.045851528,228,0.756809591879,0.585152838428
multi_tf,range_quiet,389,389,0,-264.28774826,-0.00546867711146,224,335.07851021,599.36625847,845.938303342,178,0.559054677294,0.575835475578
multi_tf,transition,609,609,0,-54.78136304,4.74651074978e-06,372,1068.45815166,1123.2395147,762.11001642,327,0.951229134728,0.610837438424
quantumfirst,bear_trend,2869,2869,0,-189.16799995,-0.00113951345252,2666,1021.97165946,1211.13965941,819.323806204,898,0.843809920284,0.929243638899
quantumfirst,bull_trend,2339,2339,0,-128.14429501,-0.00128681898324,2157,1485.27862235,1613.42291736,779.726378794,787,0.920576128161,0.922188969645
quantumfirst,high_vol_shock,1149,1149,0,-269.45768046,-0.00168242035291,1004,1644.61777232,1914.07545278,434.712793734,427,0.859223062461,0.873803307224
quantumfirst,range_choppy,1889,1889,0,-77.80297242,-0.00129435105877,1747,921.81764042,999.62061284,709.409740603,780,0.922167498928,0.924827951297
quantumfirst,range_quiet,1535,1535,0,-114.45509952,-0.00204812197243,1438,294.8036408,409.25874032,1103.25407166,616,0.720335601311,0.93680781759
quantumfirst,transition,2451,2451,0,-134.72036976,-0.00130941167262,2279,1088.64322798,1223.36359774,913.068135455,1107,0.889877081508,0.929824561404
redditMA,bear_trend,484,484,0,504.59649982,0.00455400935466,478,1249.82164188,745.22514206,4723.04752066,199,1.67710611376,0.987603305785
redditMA,bull_trend,1605,1605,0,-436.9179482,0.0011195570991,1576,4907.37981084,5344.29775904,6744.70093458,558,0.918245957112,0.981931464174
redditMA,high_vol_shock,722,722,0,-111.76155588,0.00206665128439,704,3510.27913847,3622.04069435,5853.38642659,247,0.969144036384,0.975069252078
redditMA,range_choppy,296,296,0,164.69958389,0.00272223684988,291,977.21455871,812.51497482,6026.25,146,1.20270344424,0.983108108108
redditMA,range_quiet,122,122,0,217.29781609,0.0062305377774,121,242.27511065,24.97729456,6477.66393443,76,9.69981396776,0.991803278689
redditMA,transition,449,449,0,-239.84870912,0.00090184030326,440,1509.51078477,1749.35949389,7378.39643653,229,0.862893413299,0.97995545657
simple_vwap_v1,bear_trend,50,50,0,-438.95875269,-0.0136363036045,17,115.30610069,554.26485338,6537.6,44,0.208034299824,0.34
simple_vwap_v1,bull_trend,91,91,0,151.05079226,0.0285908085916,34,1396.77351051,1245.72271825,18068.5714286,78,1.12125554913,0.373626373626
simple_vwap_v1,high_vol_shock,66,66,0,392.44558215,0.0552869530618,31,2181.1642783,1788.71869615,17054.5454545,55,1.21940039146,0.469696969697
simple_vwap_v1,range_choppy,154,154,0,1560.02348751,0.0902699333708,66,3495.89778933,1935.87430182,18945.974026,130,1.80584957714,0.428571428571
simple_vwap_v1,range_quiet,159,159,0,2351.5388032,0.0847953882381,61,3615.49740587,1263.95860267,19006.7924528,142,2.86045555466,0.383647798742
simple_vwap_v1,transition,157,157,0,744.97786501,0.0360083624384,65,2305.13336284,1560.15549783,17004.8407643,147,1.47750231695,0.414012738854
slope_is_dopeCT,bear_trend,1093,1093,0,-96.5094738,-0.00333067374993,1012,840.35104036,936.86051416,4758.96614822,426,0.896986293753,0.925892040256
slope_is_dopeCT,bull_trend,1398,1398,0,-283.95797562,-0.00194760327617,1253,2438.09638087,2722.05435649,4692.01716738,472,0.895682474179,0.896280400572
slope_is_dopeCT,high_vol_shock,1276,1276,0,-1579.80584199,-0.00713334419713,1030,3797.03488959,5376.84073158,1832.46865204,292,0.706183255027,0.807210031348
slope_is_dopeCT,range_choppy,810,810,0,572.9624213,0.00145849176884,741,1244.07556586,671.11314456,3813.92592593,314,1.85374936543,0.914814814815
slope_is_dopeCT,range_quiet,347,347,0,90.16830186,-0.00163143619392,316,201.20446086,111.036159,6954.51008646,193,1.81206250893,0.910662824207
slope_is_dopeCT,transition,938,938,0,362.46382563,0.00127544210492,875,1312.99139319,950.52756756,4039.58955224,444,1.38132910396,0.932835820896
stoploss,bear_trend,2549,2549,0,-68.49051229,-0.000864251941868,2267,845.36959859,913.86011088,1304.24480188,861,0.925053614361,0.889368379757
stoploss,bull_trend,2103,2103,0,-213.75073242,-0.0018999733472,1841,1307.4994677,1521.25020012,1376.26961484,788,0.859490087559,0.875416072278
stoploss,high_vol_shock,1675,1675,0,-541.87315845,-0.0036440419375,1425,1614.51856092,2156.39171937,512.173134328,484,0.748713022044,0.850746268657
stoploss,range_choppy,1641,1641,0,24.04503596,-0.00154580663779,1441,794.03307015,769.98803419,1165.95368678,736,1.03122780471,0.878123095673
stoploss,range_quiet,1055,1055,0,-40.1852713,-0.00229905082089,917,226.67499807,266.86026937,2351.77725118,569,0.849414559182,0.869194312796
stoploss,transition,1976,1976,0,-122.30405932,-0.00260700882049,1721,934.84919402,1057.15325334,1635.0784413,1006,0.884308108655,0.870951417004
strato,bear_trend,1689,1689,0,-64.10502604,-0.00130159365605,809,122.01216278,186.11718882,112.714624038,114,0.655566331909,0.478981645944
strato,bull_trend,4313,4313,0,-209.44518955,-0.00194654776065,2124,371.59611619,581.04130574,105.275910039,233,0.639534767183,0.492464641781
strato,high_vol_shock,3312,3312,0,-63.32632079,-0.00125202088497,1969,278.85920582,342.18552661,88.6926328502,109,0.814935712164,0.594504830918
strato,range_choppy,2265,2265,0,-110.32022627,-0.00125810351621,1174,247.53272561,357.85295188,109.693156733,186,0.691716316184,0.518322295806
strato,range_quiet,1183,1183,0,-44.61104058,-0.00118926001831,462,48.64145893,93.25249951,115.705832629,109,0.521610243002,0.390532544379
strato,transition,3187,3187,0,-209.83598012,-0.00165534945965,1520,280.41055994,490.24654006,111.342955758,242,0.571978661809,0.476937558833
tbtest,bear_trend,710,710,0,565.97383578,0.00371235592895,468,4119.71030807,3553.73647229,551.887323944,273,1.15926162229,0.659154929577
tbtest,bull_trend,737,737,0,631.49270182,0.00457840750189,500,4439.92464836,3808.43194654,558.975576662,282,1.16581435895,0.67842605156
tbtest,high_vol_shock,1140,1140,0,270.55924022,0.00206022972402,749,9033.4320041,8762.87276388,369.530701754,324,1.03087563263,0.65701754386
tbtest,range_choppy,504,504,0,143.5832658,0.0016104827317,310,2873.0118121,2729.4285463,616.706349206,236,1.05260561446,0.615079365079
tbtest,range_quiet,189,189,0,-2.51669298,0.000414769419017,120,967.63159711,970.14829009,702.804232804,79,0.997405867736,0.634920634921
tbtest,transition,541,541,0,221.22064945,0.00285377073054,356,2921.73976786,2700.51911841,569.805914972,292,1.08191782385,0.658040665434
thetank3,bear_trend,1282,1282,0,-20.73984828,-0.00179900965149,1029,501.80707912,522.5469274,1126.69656786,385,0.960310075148,0.802652106084
thetank3,bull_trend,1248,1248,0,-425.66876108,-0.00519649173161,964,1080.54503418,1506.21379526,1210.67307692,423,0.717391540019,0.772435897436
thetank3,high_vol_shock,1620,1620,0,-556.11754351,-0.00648998135781,1134,1453.46245841,2009.58000192,630.287037037,293,0.723266780631,0.7
thetank3,range_choppy,1023,1023,0,105.92903476,-0.00111977348196,849,621.63141444,515.70237968,1364.88269795,399,1.20540730261,0.82991202346
thetank3,range_quiet,183,183,0,26.11470459,0.00107111198854,160,114.09714229,87.9824377,2520.73770492,104,1.29681724299,0.874316939891
thetank3,transition,1136,1136,0,-96.65270237,-0.00343763359209,915,727.35710741,824.00980978,1475.03080986,523,0.882704427517,0.805457746479
thetank4TV,bear_trend,574,574,0,-93.26857822,-0.00211408293735,486,521.33118988,614.5997681,2403.68466899,353,0.8482450156,0.84668989547
thetank4TV,bull_trend,562,562,0,-196.85984962,-0.00378539239211,473,512.27171278,709.1315624,2028.22953737,363,0.722393050799,0.841637010676
thetank4TV,high_vol_shock,113,113,0,-42.98939939,-0.00465606609992,86,178.74248902,221.73188841,1456.32743363,80,0.8061199059,0.761061946903
thetank4TV,range_choppy,393,393,0,-101.19298724,-0.00340018524318,323,404.49686265,505.68984989,2020.8778626,284,0.799891203547,0.821882951654
thetank4TV,range_quiet,496,496,0,-30.49476795,-0.000943373583619,440,355.09468289,385.58945084,2681.31048387,331,0.920913894601,0.887096774194
thetank4TV,transition,538,538,0,-193.75182696,-0.00438692602718,449,465.64539695,659.39722391,2387.87174721,418,0.70616827015,0.834572490706
true_lambo,bear_trend,84,84,0,30.6017827,0.0023034674441,66,228.85999432,198.25821162,258.511904762,48,1.15435316626,0.785714285714
true_lambo,bull_trend,225,225,0,294.1565809,0.00817633760937,187,615.32941148,321.17283058,58.9555555556,98,1.91588251836,0.831111111111
true_lambo,high_vol_shock,364,364,0,264.05542751,0.00412421402892,271,1076.34435084,812.28892333,70.9752747253,129,1.32507574574,0.744505494505
true_lambo,range_choppy,102,102,0,138.9856856,0.00784177785618,88,266.20966775,127.22398215,200.637254902,59,2.0924487919,0.862745098039
true_lambo,range_quiet,64,64,0,225.89791824,0.0173671399554,53,305.32174926,79.42383102,58.75,27,3.84420828533,0.828125
true_lambo,transition,92,92,0,15.06278728,0.0018434677312,73,223.35907978,208.2962925,297.22826087,62,1.07231423613,0.79347826087
twinturboV8,bear_trend,1,1,0,0.31749597,0.00244834145199,1,0.31749597,0,30,1,inf,1
twinturboV8,bull_trend,21,21,0,-9.49900959,-0.00246413507767,19,53.29346762,62.79247721,3093.0952381,12,0.848723764182,0.904761904762
twinturboV8,high_vol_shock,76,76,0,75.9587089,0.00783691616144,60,247.2539072,171.2951983,252.236842105,39,1.44343746733,0.789473684211
twinturboV8,range_choppy,6,6,0,16.41287568,0.0205546688074,5,16.7684083,0.35553262,84.1666666667,4,47.1641907288,0.833333333333
twinturboV8,range_quiet,1,1,0,2.07136286,0.0157563955032,1,2.07136286,0,50,1,inf,1
twinturboV8,transition,5,5,0,17.6295781,0.0273957243468,5,17.6295781,0,776,5,inf,1
twinturboV8_2,bear_trend,1,1,0,3.90780148,0.0301823021955,1,3.90780148,0,5,1,inf,1
twinturboV8_2,bull_trend,21,21,0,-16.96554806,-0.0054687331746,19,37.35926298,54.32481104,702.857142857,12,0.687701664576,0.904761904762
twinturboV8_2,high_vol_shock,49,49,0,54.22045638,0.00884075333139,46,155.06231886,100.84186248,15378.5714286,30,1.537678054,0.938775510204
twinturboV8_2,range_choppy,6,6,0,15.57156363,0.0195093991278,6,15.57156363,0,160,4,inf,1
twinturboV8_2,range_quiet,1,1,0,1.764224,0.0136756381208,1,1.764224,0,50,1,inf,1
twinturboV8_2,transition,5,5,0,-8.68841344,-0.0121396988449,4,18.37503076,27.0634442,2775,5,0.678961281654,0.8
ultratank,bear_trend,448,448,0,-114.21067412,0.00113121462667,384,989.22474608,1103.4354202,6034.01785714,249,0.896495370704,0.857142857143
ultratank,bull_trend,662,662,0,-52.57808272,-0.00142909682881,570,1853.12348681,1905.70156953,7476.25377644,401,0.972410117323,0.861027190332
ultratank,high_vol_shock,458,458,0,-315.61767159,-0.00468961859555,362,1641.53728616,1957.15495775,2861.92139738,224,0.838736493327,0.7903930131
ultratank,range_choppy,339,339,0,147.9794504,0.00300478064706,303,880.27467412,732.29522372,5973.45132743,239,1.20207621954,0.893805309735
ultratank,range_quiet,206,206,0,-102.81378081,-0.00610848767203,169,370.24316415,473.05694496,10849.8058252,164,0.782660878557,0.820388349515
ultratank,transition,424,424,0,-268.02826378,-0.0062750876888,359,1060.55972765,1328.58799143,8125.33018868,331,0.798260811095,0.846698113208
wavetrend,bear_trend,639,639,0,346.52049587,0.0118591217951,620,1451.43500823,1104.91451236,5365.63380282,353,1.31361747175,0.970266040689
wavetrend,bull_trend,1341,1341,0,143.32587677,0.0117349870523,1298,3309.36580246,3166.03992569,6412.61744966,612,1.0452697629,0.96793437733
wavetrend,high_vol_shock,652,652,0,-779.31761753,0.00920520067994,574,3205.31161627,3984.6292338,4037.02453988,277,0.804419038309,0.88036809816
wavetrend,range_choppy,454,454,0,118.30198662,0.0141470928954,431,1319.57475268,1201.27276606,4878.50220264,291,1.09848053661,0.949339207048
wavetrend,range_quiet,267,267,0,363.84568665,0.0145165883457,263,466.50526382,102.65957717,7968.31460674,195,4.54419623264,0.985018726592
wavetrend,transition,632,632,0,350.38348619,0.0113825145795,610,1578.44174363,1228.05825744,6526.70886076,452,1.28531503621,0.965189873418
wavetrend_rsi,bear_trend,256,256,0,84.39211899,0.0129142435969,243,215.102265,130.71014601,13820.859375,181,1.64564321567,0.94921875
wavetrend_rsi,bull_trend,592,592,0,38.24812576,0.00338132268482,552,462.910232,424.66210624,16474.5608108,379,1.09006719742,0.932432432432
wavetrend_rsi,high_vol_shock,288,288,0,-48.33632016,-0.00465294939246,240,379.33099261,427.66731277,9050.41666667,178,0.886976818857,0.833333333333
wavetrend_rsi,range_choppy,152,152,0,32.27320671,0.00901386089531,141,144.30253151,112.0293248,10818.9473684,131,1.28807820423,0.927631578947
wavetrend_rsi,range_quiet,71,71,0,42.37392489,0.0221159143241,70,52.78937739,10.4154525,22707.0422535,68,5.06837099876,0.985915492958
wavetrend_rsi,transition,230,230,0,21.60929444,0.00461090462575,211,208.05873658,186.44944214,16617.1304348,187,1.11589894929,0.917391304348
