strategy_id,coin_phase,episodes,positive_episodes,negative_episodes,median_episode_profit,worst_episode_profit,best_episode_profit,episode_win_rate
ADXDM,bear_trend,93,76,17,0.81014073,-43.64673815,7.4510092,0.817204301075
ADXDM,bull_trend,90,60,30,0.303226435,-32.5620586,9.61517654,0.666666666667
ADXDM,high_vol_shock,28,19,9,0.249067305,-27.55453983,29.45967293,0.678571428571
ADXDM,range_choppy,89,70,19,0.43468554,-32.95675581,8.6309916,0.786516853933
ADXDM,range_quiet,81,68,13,0.5487513,-26.34964794,6.86208592,0.83950617284
ADXDM,transition,128,96,32,0.339205635,-28.28757777,11.01483327,0.75
ADXMomentum,bear_trend,13,8,5,1.1851048,-9.83389344,5.96488168,0.615384615385
ADXMomentum,bull_trend,11,7,4,1.18703266,-9.443794,1.24244894,0.636363636364
ADXMomentum,high_vol_shock,4,1,3,-4.69698315,-14.28863076,1.19470364,0.25
ADXMomentum,range_choppy,3,3,0,1.23259324,1.22689875,1.24231636,1
ADXMomentum,range_quiet,6,3,3,0.553777105,-5.6165582,1.20009039,0.5
ADXMomentum,transition,11,9,2,1.19276114,-2.58442837,2.5051974,0.818181818182
ADX_15M_USDT,bear_trend,148,91,57,0.24012254,-52.97309833,25.65875635,0.614864864865
ADX_15M_USDT,bull_trend,152,69,83,-0.01190409,-52.72522056,56.05718536,0.453947368421
ADX_15M_USDT,high_vol_shock,52,23,29,-1.02761275,-192.31064902,41.03638395,0.442307692308
ADX_15M_USDT,range_choppy,141,74,67,0.01599114,-33.4486205,35.04101553,0.524822695035
ADX_15M_USDT,range_quiet,133,80,53,0.2734227,-9.9246606,10.69198633,0.601503759398
ADX_15M_USDT,transition,211,123,88,0.13138752,-40.24459854,35.1586849,0.582938388626
ADX_15M_USDT2,bear_trend,93,68,25,2.6524189,-108.4883313,110.31805992,0.731182795699
ADX_15M_USDT2,bull_trend,132,81,51,0.54435717,-181.98393747,157.09669902,0.613636363636
ADX_15M_USDT2,high_vol_shock,47,23,24,-0.00886934,-441.94119074,380.49986881,0.489361702128
ADX_15M_USDT2,range_choppy,102,76,26,4.451292445,-110.0740183,142.46796859,0.745098039216
ADX_15M_USDT2,range_quiet,78,57,21,1.26839187,-34.36851033,25.55782249,0.730769230769
ADX_15M_USDT2,transition,166,131,35,2.16434702,-186.1103481,122.15318894,0.789156626506
ASDTSRockwellTrading,bear_trend,17,0,17,-3.14894759,-17.51631554,-0.30591816,0
ASDTSRockwellTrading,bull_trend,16,0,16,-12.93703173,-43.51596565,-0.13901716,0
ASDTSRockwellTrading,high_vol_shock,1,0,1,-182.41654881,-182.41654881,-182.41654881,0
ASDTSRockwellTrading,range_choppy,15,0,15,-3.92678823,-46.47659266,-0.06521731,0
ASDTSRockwellTrading,range_quiet,9,1,8,-6.37231523,-13.42790275,0.16458224,0.111111111111
ASDTSRockwellTrading,transition,21,1,20,-6.36462646,-53.44375733,0.78170196,0.047619047619
ActionZone,bear_trend,19,4,15,-7.35363991,-12.73890404,45.63761047,0.210526315789
ActionZone,bull_trend,67,18,49,-5.30375991,-56.58846905,80.22506039,0.268656716418
ActionZone,high_vol_shock,28,7,21,-5.02460916,-22.1735831,27.3595257,0.25
ActionZone,range_choppy,80,27,53,-3.609724525,-25.88661209,431.38956165,0.3375
ActionZone,range_quiet,77,28,49,-5.99337424,-45.30379742,449.30747406,0.363636363636
ActionZone,transition,83,24,59,-4.54677376,-32.1283967,293.61121236,0.289156626506
AdaptiveMAStrategy,bear_trend,153,26,127,-0.46924657,-15.29541895,4.77438286,0.169934640523
AdaptiveMAStrategy,bull_trend,151,34,117,-0.3988726,-15.4673819,4.33921672,0.225165562914
AdaptiveMAStrategy,high_vol_shock,48,6,42,-0.699411675,-32.80995333,5.79475391,0.125
AdaptiveMAStrategy,range_choppy,149,37,112,-0.26303693,-9.01023949,10.39691498,0.248322147651
AdaptiveMAStrategy,range_quiet,135,24,111,-0.2541684,-6.65697677,1.67404816,0.177777777778
AdaptiveMAStrategy,transition,223,54,169,-0.25605959,-13.24158373,8.35740514,0.242152466368
AdaptiveRegime,bear_trend,50,15,35,-7.17562853,-78.11385787,48.233879,0.3
AdaptiveRegime,bull_trend,34,10,24,-7.22609882,-37.62989643,68.96610984,0.294117647059
AdaptiveRegime,high_vol_shock,21,3,18,-19.79845628,-167.36273568,132.83799835,0.142857142857
AdaptiveRegime,range_choppy,48,16,32,-6.65680488,-54.52600703,192.29316773,0.333333333333
AdaptiveRegime,range_quiet,38,16,22,-3.3678324,-37.61360345,295.25246672,0.421052631579
AdaptiveRegime,transition,65,28,37,-3.04053612,-56.50853181,251.79954108,0.430769230769
AdaptiveRegimeLong,bear_trend,5,2,3,-6.27410425,-53.93143607,50.76088992,0.4
AdaptiveRegimeLong,bull_trend,34,12,22,-16.0871461,-112.011754,314.9912625,0.352941176471
AdaptiveRegimeLong,high_vol_shock,16,5,11,-34.329183885,-241.0115913,337.22644732,0.3125
AdaptiveRegimeLong,range_choppy,22,10,12,-8.244676015,-192.99723144,497.7151574,0.454545454545
AdaptiveRegimeLong,range_quiet,27,12,15,-11.7229168,-103.08266672,554.08471404,0.444444444444
AdaptiveRegimeLong,transition,42,27,15,11.22669449,-241.03279528,1341.79350872,0.642857142857
AdxSmas,bear_trend,146,69,77,-0.23647558,-94.53206294,40.0717021,0.472602739726
AdxSmas,bull_trend,148,60,88,-0.62870455,-62.85866179,67.70475539,0.405405405405
AdxSmas,high_vol_shock,49,25,24,0.209718,-296.37209646,92.64008772,0.510204081633
AdxSmas,range_choppy,145,72,73,-4.274e-05,-37.55541737,67.41889132,0.496551724138
AdxSmas,range_quiet,135,63,72,-0.08822402,-22.2190957,28.52303134,0.466666666667
AdxSmas,transition,215,98,117,-0.45034614,-86.75409431,76.63882124,0.455813953488
AdxSmasS,bear_trend,129,46,83,-0.95116311,-16.36373117,19.21979842,0.356589147287
AdxSmasS,bull_trend,126,74,52,0.588603665,-19.04368196,27.94448979,0.587301587302
AdxSmasS,high_vol_shock,49,27,22,0.79476053,-85.9581733,26.25845152,0.551020408163
AdxSmasS,range_choppy,125,56,69,-0.44751729,-24.27560346,13.93181493,0.448
AdxSmasS,range_quiet,103,54,49,0.2609999,-14.59598185,9.85675957,0.52427184466
AdxSmasS,transition,193,85,108,-0.4186173,-34.05778154,20.57124149,0.440414507772
AdxStrengthStrategy,bear_trend,82,16,66,-0.79060915,-19.09022122,2.88827128,0.19512195122
AdxStrengthStrategy,bull_trend,89,14,75,-0.7092403,-22.25463217,6.37032957,0.157303370787
AdxStrengthStrategy,high_vol_shock,33,3,30,-1.65489524,-36.41786739,5.39402304,0.0909090909091
AdxStrengthStrategy,range_choppy,84,9,75,-0.87642348,-19.89960439,3.02735729,0.107142857143
AdxStrengthStrategy,range_quiet,51,8,43,-0.38264614,-9.5386816,0.67912166,0.156862745098
AdxStrengthStrategy,transition,115,16,99,-0.5587901,-20.90197427,4.81205851,0.139130434783
AlligatorStrat,bear_trend,155,81,74,0.55270065,-53.53882321,55.80427522,0.522580645161
AlligatorStrat,bull_trend,123,53,70,-1.94389877,-80.25198205,79.67050495,0.430894308943
AlligatorStrat,high_vol_shock,47,19,28,-6.25049987,-300.05877534,189.24357162,0.404255319149
AlligatorStrat,range_choppy,131,63,68,-0.17405255,-65.00575717,78.40923607,0.480916030534
AlligatorStrat,range_quiet,132,64,68,-0.67016283,-36.29613534,37.85203748,0.484848484848
AlligatorStrat,transition,211,93,118,-1.9212054,-43.73383189,46.94603904,0.440758293839
AlligatorStrategy,bear_trend,118,45,73,-9.431723325,-243.5790114,672.27264734,0.381355932203
AlligatorStrategy,bull_trend,100,27,73,-23.51608722,-116.77681384,716.19762222,0.27
AlligatorStrategy,high_vol_shock,34,15,19,-6.027120625,-263.14093214,458.90885427,0.441176470588
AlligatorStrategy,range_choppy,103,39,64,-13.45681961,-214.60383811,274.70780603,0.378640776699
AlligatorStrategy,range_quiet,107,51,56,-1.95379115,-148.90937467,1779.3193572,0.476635514019
AlligatorStrategy,transition,141,54,87,-6.95458158,-269.0093271,1067.6330355,0.382978723404
AlmgrenChrissStrategy,bear_trend,85,43,42,0.06809242,-15.78840073,7.7255304,0.505882352941
AlmgrenChrissStrategy,bull_trend,87,40,47,-0.20157383,-39.61668764,8.72507737,0.459770114943
AlmgrenChrissStrategy,high_vol_shock,36,13,23,-0.949247765,-52.39954191,26.72929432,0.361111111111
AlmgrenChrissStrategy,range_choppy,78,33,45,-0.319998835,-17.29330465,23.4945964,0.423076923077
AlmgrenChrissStrategy,range_quiet,54,25,29,-0.15734369,-11.66278266,5.64448298,0.462962962963
AlmgrenChrissStrategy,transition,119,53,66,-0.16502868,-8.52320618,7.74308519,0.445378151261
AlwaysBuy,bear_trend,40,19,21,-0.36451,-26.40829647,7.70220641,0.475
AlwaysBuy,bull_trend,54,11,43,-3.960979145,-51.52516267,27.10862562,0.203703703704
AlwaysBuy,high_vol_shock,25,7,18,-8.95426739,-55.61806031,38.49276675,0.28
AlwaysBuy,range_choppy,49,26,23,0.10915233,-43.02508591,32.1301526,0.530612244898
AlwaysBuy,range_quiet,25,11,14,-0.80430866,-24.41067325,10.26344467,0.44
AlwaysBuy,transition,68,27,41,-1.16628724,-39.2829768,23.99910606,0.397058823529
AntigravityGridStrategy,bear_trend,105,26,79,-0.5282435,-16.5100158,8.22953194,0.247619047619
AntigravityGridStrategy,bull_trend,107,22,85,-0.66378276,-22.40543747,2.73583764,0.205607476636
AntigravityGridStrategy,high_vol_shock,35,5,30,-1.94696297,-11.58044521,5.90695609,0.142857142857
AntigravityGridStrategy,range_choppy,101,33,68,-0.6167206,-21.68800159,2.7674559,0.326732673267
AntigravityGridStrategy,range_quiet,81,24,57,-0.65336666,-10.35404558,3.86228159,0.296296296296
AntigravityGridStrategy,transition,158,39,119,-0.44353401,-21.31369907,4.7881816,0.246835443038
Apollo11,bear_trend,140,85,55,0.644957995,-61.11854717,66.78552705,0.607142857143
Apollo11,bull_trend,134,64,70,-0.769305845,-46.92936465,76.55757857,0.477611940299
Apollo11,high_vol_shock,50,23,27,-1.93885273,-366.06125599,34.36503232,0.46
Apollo11,range_choppy,132,66,66,-0.14268159,-47.8711499,81.89950619,0.5
Apollo11,range_quiet,115,71,44,0.49097355,-18.61987045,21.29593552,0.617391304348
Apollo11,transition,191,110,81,0.4683511,-82.0371733,80.37755666,0.575916230366
Argrelextrema,bear_trend,8,1,7,-0.441320065,-3.06042124,0.04856543,0.125
Argrelextrema,bull_trend,9,0,9,-2.68758827,-7.53780374,-0.77930765,0
Argrelextrema,high_vol_shock,1,0,1,-90.04108077,-90.04108077,-90.04108077,0
Argrelextrema,range_choppy,7,0,7,-2.80166207,-14.44647282,-0.05422185,0
Argrelextrema,range_quiet,3,0,3,-1.73985919,-1.98886697,-0.99157623,0
Argrelextrema,transition,10,0,10,-2.875255205,-25.47902898,-0.57202978,0
AroonTrendStrategy,bear_trend,24,6,18,-1.78266568,-28.4978138,1.40890777,0.25
AroonTrendStrategy,bull_trend,34,5,29,-2.774049345,-43.21767308,3.1025705,0.147058823529
AroonTrendStrategy,high_vol_shock,20,2,18,-0.882785815,-77.32353767,0.19361669,0.1
AroonTrendStrategy,range_choppy,29,6,23,-0.95724059,-36.69300003,12.95435457,0.206896551724
AroonTrendStrategy,range_quiet,17,3,14,-2.44531556,-19.9805778,0.47427671,0.176470588235
AroonTrendStrategy,transition,39,5,34,-2.5547762,-33.24935971,0.72534663,0.128205128205
AtrTrailingStopStrategy,bear_trend,23,0,23,-2.82260967,-25.85640852,-0.13107627,0
AtrTrailingStopStrategy,bull_trend,33,3,30,-4.00169001,-36.90592359,2.02598241,0.0909090909091
AtrTrailingStopStrategy,high_vol_shock,20,2,18,-1.21339093,-69.02599203,0.17936165,0.1
AtrTrailingStopStrategy,range_choppy,31,2,29,-1.38208866,-31.8499232,0.77285218,0.0645161290323
AtrTrailingStopStrategy,range_quiet,17,2,15,-2.33663799,-14.35976143,0.46473519,0.117647058824
AtrTrailingStopStrategy,transition,40,5,35,-2.543395855,-29.09100261,0.83488473,0.125
AverageStrategy,bear_trend,148,56,92,-6.84718165,-272.78225348,189.30534326,0.378378378378
AverageStrategy,bull_trend,97,28,69,-14.30800646,-102.98973126,244.05153517,0.288659793814
AverageStrategy,high_vol_shock,44,17,27,-16.85109032,-539.20876438,257.86083092,0.386363636364
AverageStrategy,range_choppy,107,49,58,-3.41503646,-146.14498806,326.79278865,0.457943925234
AverageStrategy,range_quiet,114,62,52,2.486772125,-108.54060232,188.82227792,0.543859649123
AverageStrategy,transition,183,65,118,-5.8991186,-156.5418339,456.71287692,0.355191256831
AwesomeMacd,bear_trend,140,58,82,-1.21103393,-78.23065681,19.3269041,0.414285714286
AwesomeMacd,bull_trend,133,50,83,-1.45761163,-47.85414702,104.35501895,0.375939849624
AwesomeMacd,high_vol_shock,48,20,28,-2.4655586,-69.83154453,70.71946059,0.416666666667
AwesomeMacd,range_choppy,126,49,77,-1.84930168,-33.34393245,40.42062407,0.388888888889
AwesomeMacd,range_quiet,121,49,72,-0.78249818,-30.92282679,32.96514988,0.404958677686
AwesomeMacd,transition,207,89,118,-0.65322517,-28.28331209,45.1880187,0.429951690821
BB10fall,bear_trend,117,70,47,2.54247376,-227.05343533,86.29100514,0.598290598291
BB10fall,bull_trend,134,69,65,1.28037259,-193.20859242,173.94659146,0.514925373134
BB10fall,high_vol_shock,45,16,29,-10.5747593,-315.40754352,154.79701914,0.355555555556
BB10fall,range_choppy,115,61,54,2.1474264,-146.81916556,188.28776652,0.530434782609
BB10fall,range_quiet,105,62,43,1.84563502,-92.62606449,37.83308648,0.590476190476
BB10fall,transition,185,99,86,1.61527951,-229.26644212,124.62880185,0.535135135135
BBKCBounce,bear_trend,45,35,10,3.21858894,-36.5736275,23.57625656,0.777777777778
BBKCBounce,bull_trend,66,49,17,6.07772595,-51.51502573,74.13883106,0.742424242424
BBKCBounce,high_vol_shock,35,27,8,6.24737782,-76.13779427,122.61272342,0.771428571429
BBKCBounce,range_choppy,47,38,9,6.23040295,-51.2618484,21.46987398,0.808510638298
BBKCBounce,range_quiet,23,18,5,2.75540961,-0.0229409,38.0815919,0.782608695652
BBKCBounce,transition,51,36,15,0.48878526,-53.4904481,29.2597045,0.705882352941
BBMod,bear_trend,120,70,50,0.76821462,-100.3800138,86.13542806,0.583333333333
BBMod,bull_trend,132,83,49,1.2230383,-36.65398571,42.56694734,0.628787878788
BBMod,high_vol_shock,49,33,16,9.63956136,-78.19820414,161.20799034,0.673469387755
BBMod,range_choppy,122,62,60,0.031621185,-42.71035073,44.48789028,0.508196721311
BBMod,range_quiet,84,55,29,1.346765045,-27.05021438,132.40021996,0.654761904762
BBMod,transition,162,85,77,0.48162033,-46.85873366,65.21806428,0.524691358025
BBRSI,bear_trend,77,57,20,0.03067336,-89.45618687,8.0642366,0.74025974026
BBRSI,bull_trend,70,45,25,0.2113433,-49.2381792,5.51390928,0.642857142857
BBRSI,high_vol_shock,16,14,2,1.87553707,-0.0567432,7.76359704,0.875
BBRSI,range_choppy,67,46,21,0.20148849,-32.8900276,4.3026963,0.686567164179
BBRSI,range_quiet,65,44,21,0.09076764,-41.13874343,5.9895613,0.676923076923
BBRSI,transition,92,73,19,0.07267025,-37.94617202,6.2531045,0.79347826087
BBRSI2,bear_trend,158,75,83,-0.046182715,-223.38930973,57.83350628,0.474683544304
BBRSI2,bull_trend,159,69,90,-0.25571319,-164.36899085,88.72254561,0.433962264151
BBRSI2,high_vol_shock,52,24,28,-0.76061719,-876.7475153,363.52028133,0.461538461538
BBRSI2,range_choppy,155,63,92,-0.27931488,-131.85756018,191.86913187,0.406451612903
BBRSI2,range_quiet,147,70,77,-0.0158898,-13.96000515,27.61185792,0.47619047619
BBRSI2,transition,229,109,120,-0.02337276,-114.72689142,246.49781332,0.475982532751
BBRSI21,bear_trend,108,87,21,3.7024372,-83.15239749,33.78317063,0.805555555556
BBRSI21,bull_trend,145,118,27,4.30395821,-88.7448501,76.46456226,0.813793103448
BBRSI21,high_vol_shock,46,35,11,9.640703675,-179.86905826,144.42199463,0.760869565217
BBRSI21,range_choppy,120,95,25,2.827027265,-86.80392462,39.57040949,0.791666666667
BBRSI21,range_quiet,102,83,19,2.080646125,-74.58330465,25.98189462,0.813725490196
BBRSI21,transition,190,153,37,2.69107966,-121.14258428,27.222421,0.805263157895
BBRSI3366,bear_trend,84,33,51,-0.308847255,-35.79674235,15.27527915,0.392857142857
BBRSI3366,bull_trend,94,26,68,-0.61180055,-47.92566348,22.20739918,0.276595744681
BBRSI3366,high_vol_shock,34,20,14,0.429147775,-88.14837591,94.62955853,0.588235294118
BBRSI3366,range_choppy,84,35,49,-0.23152013,-39.15021984,18.63570472,0.416666666667
BBRSI3366,range_quiet,59,19,40,-0.39893434,-19.88032747,6.20998349,0.322033898305
BBRSI3366,transition,120,46,74,-0.469602715,-24.77086484,15.51454951,0.383333333333
BBRSI4cust,bear_trend,88,22,66,-0.51039969,-25.26885549,1.80255958,0.25
BBRSI4cust,bull_trend,88,20,68,-0.45144727,-19.246045,6.3270233,0.227272727273
BBRSI4cust,high_vol_shock,33,5,28,-2.49641977,-24.65467863,6.53570974,0.151515151515
BBRSI4cust,range_choppy,85,21,64,-0.52959548,-22.11234256,0.93636223,0.247058823529
BBRSI4cust,range_quiet,58,15,43,-0.37914467,-8.01622458,1.18238606,0.258620689655
BBRSI4cust,transition,120,26,94,-0.791267015,-16.69782403,1.80567863,0.216666666667
BBRSINaiveStrategy,bear_trend,149,75,74,0.01540153,-69.97525215,24.26993001,0.503355704698
BBRSINaiveStrategy,bull_trend,156,62,94,-0.406547525,-82.45620682,36.89520236,0.397435897436
BBRSINaiveStrategy,high_vol_shock,49,19,30,-1.08154303,-165.27123713,72.53591995,0.387755102041
BBRSINaiveStrategy,range_choppy,148,71,77,-0.15685545,-38.18002958,32.96695823,0.47972972973
BBRSINaiveStrategy,range_quiet,134,67,67,-0.002328055,-17.17026779,22.45705535,0.5
BBRSINaiveStrategy,transition,215,116,99,0.09035197,-59.73285776,41.26572457,0.539534883721
BBRSIOptim2020Strategy,bear_trend,110,30,80,-0.758353315,-33.43750731,14.15099484,0.272727272727
BBRSIOptim2020Strategy,bull_trend,114,37,77,-0.881785195,-43.36845285,31.89296179,0.324561403509
BBRSIOptim2020Strategy,high_vol_shock,37,21,16,0.37602892,-64.09252691,78.58384437,0.567567567568
BBRSIOptim2020Strategy,range_choppy,102,28,74,-1.096050145,-30.7193053,12.15171111,0.274509803922
BBRSIOptim2020Strategy,range_quiet,85,19,66,-0.54881231,-13.01316244,1.70260245,0.223529411765
BBRSIOptim2020Strategy,transition,161,48,113,-0.31128193,-27.91054388,16.22546125,0.298136645963
BBRSIOptimStrategy,bear_trend,84,65,19,9.84473143,-226.44891659,277.49665686,0.77380952381
BBRSIOptimStrategy,bull_trend,119,75,44,4.13872252,-515.67442257,303.69671558,0.63025210084
BBRSIOptimStrategy,high_vol_shock,45,20,25,-11.30847873,-971.06178141,720.56409237,0.444444444444
BBRSIOptimStrategy,range_choppy,101,78,23,6.8651139,-419.77821332,236.27383519,0.772277227723
BBRSIOptimStrategy,range_quiet,72,64,8,3.887414885,-77.5105742,62.51144978,0.888888888889
BBRSIOptimStrategy,transition,157,122,35,4.9218253,-307.423957,289.95688434,0.777070063694
BBRSIOptimizedStrategy,bear_trend,160,73,87,-0.113762265,-64.61887927,40.14135567,0.45625
BBRSIOptimizedStrategy,bull_trend,168,61,107,-0.466936565,-61.04928354,44.30185477,0.363095238095
BBRSIOptimizedStrategy,high_vol_shock,52,30,22,0.28897022,-229.38502161,188.4399873,0.576923076923
BBRSIOptimizedStrategy,range_choppy,155,64,91,-0.3753738,-51.74036796,50.54869704,0.412903225806
BBRSIOptimizedStrategy,range_quiet,143,51,92,-0.64441667,-19.08153946,12.35379554,0.356643356643
BBRSIOptimizedStrategy,transition,231,112,119,-0.03187606,-56.09242991,41.58991806,0.484848484848
BBRSIStrategy,bear_trend,77,58,19,1.64421368,-58.69341553,40.52409634,0.753246753247
BBRSIStrategy,bull_trend,122,86,36,1.85919573,-224.1855476,172.49843771,0.704918032787
BBRSIStrategy,high_vol_shock,47,24,23,0.4222514,-489.59697999,286.91009838,0.510638297872
BBRSIStrategy,range_choppy,107,84,23,1.9902403,-72.70980951,76.88205552,0.785046728972
BBRSIStrategy,range_quiet,80,67,13,0.397638805,-24.4874491,29.19484946,0.8375
BBRSIStrategy,transition,160,127,33,1.11554836,-149.47623792,78.08003244,0.79375
BBRSITV,bear_trend,21,11,10,0.36893312,-26.24682557,9.64659427,0.52380952381
BBRSITV,bull_trend,28,15,13,0.685989475,-19.228275,19.62662092,0.535714285714
BBRSITV,high_vol_shock,27,17,10,2.89262115,-28.94093764,105.14761222,0.62962962963
BBRSITV,range_choppy,32,16,16,-0.257372145,-11.29075391,19.24902299,0.5
BBRSITV,range_quiet,8,5,3,1.57098776,-6.94217704,8.2315304,0.625
BBRSITV,transition,24,11,13,-0.65942301,-13.44958732,20.95990144,0.458333333333
BBRSITV4,bear_trend,18,7,11,-3.099527745,-12.59202261,8.04841363,0.388888888889
BBRSITV4,bull_trend,28,19,9,5.061575465,-20.873475,24.6114472,0.678571428571
BBRSITV4,high_vol_shock,27,17,10,4.97827545,-34.8558738,84.04369273,0.62962962963
BBRSITV4,range_choppy,29,18,11,0.71514988,-8.33705792,30.06532124,0.620689655172
BBRSITV4,range_quiet,7,4,3,1.54939344,-7.07081203,18.62771786,0.571428571429
BBRSITV4,transition,23,11,12,-0.252252,-14.69698344,18.36371086,0.478260869565
BBRSITV5,bear_trend,18,12,6,1.31354222,-5.50812206,4.40717081,0.666666666667
BBRSITV5,bull_trend,29,22,7,1.4655075,-22.72552634,18.80407238,0.758620689655
BBRSITV5,high_vol_shock,27,17,10,2.71472303,-13.89955357,33.14669025,0.62962962963
BBRSITV5,range_choppy,29,19,10,1.3581449,-6.35185544,6.84800838,0.655172413793
BBRSITV5,range_quiet,7,5,2,1.5338149,-2.9727078,6.61712028,0.714285714286
BBRSITV5,transition,23,14,9,1.4479608,-9.71896771,12.08687972,0.608695652174
BBRSIoriginal,bear_trend,117,79,38,0.4546466,-79.338721,11.87164042,0.675213675214
BBRSIoriginal,bull_trend,140,107,33,0.77108756,-51.3296976,19.79584737,0.764285714286
BBRSIoriginal,high_vol_shock,43,31,12,2.494976,-107.79006934,43.27049844,0.720930232558
BBRSIoriginal,range_choppy,123,83,40,0.505591,-26.07639308,10.77454053,0.674796747967
BBRSIoriginal,range_quiet,115,77,38,0.1911807,-37.85254414,4.54730848,0.669565217391
BBRSIoriginal,transition,186,144,42,0.52532979,-59.19216547,16.05864028,0.774193548387
BBRSIv2,bear_trend,32,31,1,9.39407899,-94.01865474,42.64578421,0.96875
BBRSIv2,bull_trend,59,56,3,6.10987863,-234.105237,64.57098236,0.949152542373
BBRSIv2,high_vol_shock,21,20,1,17.96511663,-229.2960995,62.03988157,0.952380952381
BBRSIv2,range_choppy,41,40,1,7.95800367,-215.7563485,36.03701658,0.975609756098
BBRSIv2,range_quiet,20,19,1,4.26682038,-230.23544916,15.6767559,0.95
BBRSIv2,transition,61,60,1,5.38347988,-146.67575104,32.04699125,0.983606557377
BB_RPB_TSL_RNG,bear_trend,27,18,9,4.3912869,-1.2234272,42.94480111,0.666666666667
BB_RPB_TSL_RNG,bull_trend,47,27,20,2.3791394,-28.09781952,28.91005034,0.574468085106
BB_RPB_TSL_RNG,high_vol_shock,26,24,2,9.782732445,-12.8922472,97.73447692,0.923076923077
BB_RPB_TSL_RNG,range_choppy,32,15,17,-0.171841815,-39.2605878,11.8377923,0.46875
BB_RPB_TSL_RNG,range_quiet,21,14,7,4.56600987,-20.5179938,27.41838762,0.666666666667
BB_RPB_TSL_RNG,transition,31,17,14,2.283818,-46.48098842,30.13005807,0.548387096774
BB_RPB_TSL_RNG_2,bear_trend,27,18,9,4.76940971,-1.2256161,44.15874865,0.666666666667
BB_RPB_TSL_RNG_2,bull_trend,47,29,18,3.03449236,-40.09187948,27.14736707,0.617021276596
BB_RPB_TSL_RNG_2,high_vol_shock,26,23,3,8.04592316,-21.64548659,100.65324857,0.884615384615
BB_RPB_TSL_RNG_2,range_choppy,32,16,16,1.18142107,-43.55687336,11.9620075,0.5
BB_RPB_TSL_RNG_2,range_quiet,21,14,7,5.03154118,-20.6756427,27.93601944,0.666666666667
BB_RPB_TSL_RNG_2,transition,31,18,13,2.46425296,-46.55355294,30.70094701,0.58064516129
BB_RPB_TSL_RNG_TBS,bear_trend,27,18,9,4.3912869,-1.2234272,42.94480111,0.666666666667
BB_RPB_TSL_RNG_TBS,bull_trend,47,27,20,2.3791394,-28.09781952,28.91005034,0.574468085106
BB_RPB_TSL_RNG_TBS,high_vol_shock,26,24,2,9.782732445,-12.8922472,97.73447692,0.923076923077
BB_RPB_TSL_RNG_TBS,range_choppy,32,15,17,-0.171841815,-39.2605878,11.8377923,0.46875
BB_RPB_TSL_RNG_TBS,range_quiet,21,14,7,4.56600987,-20.5179938,27.41838762,0.666666666667
BB_RPB_TSL_RNG_TBS,transition,31,17,14,2.283818,-46.48098842,30.13005807,0.548387096774
BB_RPB_TSL_RNG_TBS_GOLD,bear_trend,27,12,15,-0.2849805,-11.29596007,20.75929112,0.444444444444
BB_RPB_TSL_RNG_TBS_GOLD,bull_trend,47,10,37,-0.89189028,-15.01048482,10.21063646,0.212765957447
BB_RPB_TSL_RNG_TBS_GOLD,high_vol_shock,26,15,11,1.071764775,-25.66416836,39.30278022,0.576923076923
BB_RPB_TSL_RNG_TBS_GOLD,range_choppy,32,10,22,-0.27319395,-16.5043446,5.2177086,0.3125
BB_RPB_TSL_RNG_TBS_GOLD,range_quiet,21,9,12,-0.27435523,-15.46884555,12.66782622,0.428571428571
BB_RPB_TSL_RNG_TBS_GOLD,transition,31,11,20,-0.2701685,-17.04643785,13.91783812,0.354838709677
BB_RPB_TSL_RNG_VWAP,bear_trend,44,31,13,4.56908377,-7.16826459,29.62359186,0.704545454545
BB_RPB_TSL_RNG_VWAP,bull_trend,66,45,21,3.71675624,-48.18379985,59.04259383,0.681818181818
BB_RPB_TSL_RNG_VWAP,high_vol_shock,35,23,12,5.90046257,-56.60526653,148.30214047,0.657142857143
BB_RPB_TSL_RNG_VWAP,range_choppy,47,29,18,2.46339808,-60.7844064,23.37666576,0.617021276596
BB_RPB_TSL_RNG_VWAP,range_quiet,26,14,12,2.135727255,-62.17300026,24.45123238,0.538461538462
BB_RPB_TSL_RNG_VWAP,transition,56,34,22,2.59712571,-67.37936338,20.14855184,0.607142857143
BB_RPB_TSL_c7c477d_20211030,bear_trend,10,2,8,-0.4820884,-1.1660936,2.73424539,0.2
BB_RPB_TSL_c7c477d_20211030,bull_trend,36,11,25,-0.42068004,-19.34867846,2.933238,0.305555555556
BB_RPB_TSL_c7c477d_20211030,high_vol_shock,23,11,12,-0.278696,-20.85353774,14.29677763,0.478260869565
BB_RPB_TSL_c7c477d_20211030,range_choppy,15,4,11,-0.45355176,-8.61274148,2.58809924,0.266666666667
BB_RPB_TSL_c7c477d_20211030,range_quiet,10,3,7,-0.44274842,-2.13399274,11.51354142,0.3
BB_RPB_TSL_c7c477d_20211030,transition,18,5,13,-0.463485235,-16.0651311,11.41594245,0.277777777778
BB_RSI,bear_trend,27,17,10,1.03605734,-52.85498078,21.41850899,0.62962962963
BB_RSI,bull_trend,37,5,32,-6.9041816,-79.11738319,3.8198097,0.135135135135
BB_RSI,high_vol_shock,22,6,16,-7.928984195,-195.12826558,27.74302229,0.272727272727
BB_RSI,range_choppy,33,23,10,1.37311323,-40.22910339,18.3699754,0.69696969697
BB_RSI,range_quiet,15,9,6,0.73502235,-17.86851544,14.9322393,0.6
BB_RSI,transition,51,26,25,8.496e-05,-56.86604417,20.56552472,0.509803921569
BB_RTR,bear_trend,37,31,6,6.50441652,-21.62362124,52.99277242,0.837837837838
BB_RTR,bull_trend,49,38,11,5.753385,-24.0512986,30.60188457,0.775510204082
BB_RTR,high_vol_shock,35,31,4,7.9760115,-30.78494643,132.06649676,0.885714285714
BB_RTR,range_choppy,41,35,6,6.119467,-7.0670039,30.85909347,0.853658536585
BB_RTR,range_quiet,19,15,4,8.2797306,-3.43377534,43.40078109,0.789473684211
BB_RTR,transition,44,27,17,2.597461695,-26.3070309,57.0866802,0.613636363636
BB_Strategy04,bear_trend,109,74,35,2.26745288,-75.79734059,58.11400894,0.678899082569
BB_Strategy04,bull_trend,141,78,62,0.22540588,-49.91223505,38.96630413,0.553191489362
BB_Strategy04,high_vol_shock,41,23,18,1.03816452,-78.22379394,47.81847667,0.560975609756
BB_Strategy04,range_choppy,116,60,56,0.00376335,-56.4123066,23.67074987,0.51724137931
BB_Strategy04,range_quiet,114,58,56,1.0675e-05,-28.38463251,8.05932727,0.508771929825
BB_Strategy04,transition,177,101,76,0.0440055,-83.2244818,38.427208,0.570621468927
BBands,high_vol_shock,1,0,1,-33.94399432,-33.94399432,-33.94399432,0
BBandsRSI,bear_trend,46,8,38,-0.25258849,-23.81634685,0.03145549,0.173913043478
BBandsRSI,bull_trend,58,7,51,-1.898880195,-57.51775099,0.0161056,0.120689655172
BBandsRSI,high_vol_shock,27,4,23,-2.31265859,-46.80997878,0.0168842,0.148148148148
BBandsRSI,range_choppy,54,6,48,-0.959756995,-22.92190619,0.03709533,0.111111111111
BBandsRSI,range_quiet,25,2,23,-0.37351288,-13.23951254,0.00069328,0.08
BBandsRSI,transition,76,8,68,-0.42165079,-18.95590808,0.00559752,0.105263157895
BBlower,bear_trend,108,69,39,0.89116732,-37.11828821,23.7436959,0.638888888889
BBlower,bull_trend,104,53,51,0.000199195,-48.63569802,31.81677256,0.509615384615
BBlower,high_vol_shock,41,19,22,-3.71955736,-74.46327539,28.38154971,0.463414634146
BBlower,range_choppy,98,58,40,0.27350025,-27.1143508,20.30119204,0.591836734694
BBlower,range_quiet,91,58,33,0.65768173,-17.88313044,20.35628192,0.637362637363
BBlower,transition,152,106,46,1.314826515,-31.25082298,33.06398073,0.697368421053
Babico_SMA5xBBmid,bear_trend,7,5,2,95.80337234,-1090.3396856,545.0780625,0.714285714286
Babico_SMA5xBBmid,bull_trend,11,10,1,61.12379635,-963.70949804,496.73887016,0.909090909091
Babico_SMA5xBBmid,high_vol_shock,14,12,2,164.089268495,-653.2068761,1877.22812366,0.857142857143
Babico_SMA5xBBmid,range_choppy,13,12,1,42.12655875,-1002.4277412,1104.86734022,0.923076923077
Babico_SMA5xBBmid,range_quiet,4,3,1,89.26185274,-609.29964646,260.93507308,0.75
Babico_SMA5xBBmid,transition,14,13,1,75.48235309,-648.05900771,528.66523689,0.928571428571
Bandtastic,bear_trend,134,58,76,-0.297443755,-135.33028585,42.6545514,0.432835820896
Bandtastic,bull_trend,139,43,96,-0.8774385,-88.60175814,58.73925609,0.309352517986
Bandtastic,high_vol_shock,47,21,26,-0.21452919,-289.24163478,163.01223499,0.446808510638
Bandtastic,range_choppy,131,60,71,-0.2645376,-67.02760625,92.05855556,0.458015267176
Bandtastic,range_quiet,112,42,70,-0.56430549,-20.18127456,25.33724178,0.375
Bandtastic,transition,195,85,110,-0.2089149,-64.48128136,111.21824152,0.435897435897
BbRoi,bear_trend,36,16,20,-0.29844524,-12.75040457,6.06721686,0.444444444444
BbRoi,bull_trend,47,5,42,-2.85090231,-54.87422987,5.54628981,0.106382978723
BbRoi,high_vol_shock,25,1,24,-8.078703,-54.84754906,0.59577458,0.04
BbRoi,range_choppy,36,13,23,-0.765291395,-25.51300193,14.10466917,0.361111111111
BbRoi,range_quiet,19,12,7,0.39540228,-15.02513005,8.01247307,0.631578947368
BbRoi,transition,55,24,31,-0.89548621,-41.19653009,12.05586388,0.436363636364
BbWidthExpansionStrategy,bear_trend,52,5,47,-1.282782,-21.66314783,1.22231485,0.0961538461538
BbWidthExpansionStrategy,bull_trend,61,11,50,-1.17451002,-28.13106121,5.38015273,0.180327868852
BbWidthExpansionStrategy,high_vol_shock,28,5,23,-3.157376795,-40.21193109,2.66131784,0.178571428571
BbWidthExpansionStrategy,range_choppy,61,7,54,-1.0722734,-16.69458416,1.21870711,0.114754098361
BbWidthExpansionStrategy,range_quiet,25,4,21,-0.95014504,-11.09789032,0.23353643,0.16
BbWidthExpansionStrategy,transition,79,13,66,-0.98169084,-15.25012211,2.01032571,0.164556962025
BbandRsi,bear_trend,158,78,80,-0.032311175,-102.74092455,32.1597616,0.493670886076
BbandRsi,bull_trend,163,63,100,-0.78568991,-107.42684503,89.0269077,0.386503067485
BbandRsi,high_vol_shock,51,30,21,0.2222876,-337.37963909,246.77559938,0.588235294118
BbandRsi,range_choppy,153,70,83,-0.34238899,-68.41759429,103.58729362,0.457516339869
BbandRsi,range_quiet,142,64,78,-0.23471966,-12.92541029,19.09309198,0.450704225352
BbandRsi,transition,228,112,116,-0.033715015,-40.17816955,63.31887584,0.491228070175
BbandRsiRolling,bear_trend,155,79,76,0.00139686,-125.55306433,101.68156355,0.509677419355
BbandRsiRolling,bull_trend,161,75,86,-0.85380268,-116.81164791,123.32291492,0.465838509317
BbandRsiRolling,high_vol_shock,51,22,29,-1.9589627,-1068.19484697,294.79481197,0.43137254902
BbandRsiRolling,range_choppy,153,79,74,0.00292725,-95.84506801,298.68894539,0.516339869281
BbandRsiRolling,range_quiet,145,78,67,0.49645644,-24.6661294,64.61092602,0.537931034483
BbandRsiRolling,transition,224,115,109,0.3210578,-125.87443714,178.49036961,0.513392857143
Best5m,bear_trend,68,66,2,2.559931705,-70.44875136,14.91737177,0.970588235294
Best5m,bull_trend,64,60,4,2.149981265,-101.75195735,14.74300013,0.9375
Best5m,high_vol_shock,30,26,4,3.523033395,-118.53542563,13.0686981,0.866666666667
Best5m,range_choppy,56,55,1,1.959525505,-130.5523663,14.66574127,0.982142857143
Best5m,range_quiet,47,45,2,2.08918817,-119.97217198,9.11923735,0.957446808511
Best5m,transition,104,101,3,1.39602735,-92.15103129,9.58876701,0.971153846154
BigDrop,bear_trend,117,93,24,9.2020989,-270.21087527,131.13802498,0.794871794872
BigDrop,bull_trend,149,101,48,6.85977188,-288.06160328,244.19900572,0.677852348993
BigDrop,high_vol_shock,51,29,22,13.82945904,-809.00828125,403.0071369,0.56862745098
BigDrop,range_choppy,130,88,42,4.971670965,-280.0261068,123.1695829,0.676923076923
BigDrop,range_quiet,104,86,18,4.25325282,-130.73578797,66.33425706,0.826923076923
BigDrop,transition,197,152,45,7.77992037,-190.67561335,234.05406665,0.771573604061
BigPete,bear_trend,127,59,68,-0.3659569,-85.81530909,26.85190605,0.464566929134
BigPete,bull_trend,123,36,87,-1.0416557,-91.50588163,30.37071104,0.292682926829
BigPete,high_vol_shock,46,17,29,-0.8711411,-204.21843705,60.83746403,0.369565217391
BigPete,range_choppy,113,55,58,-0.22063873,-35.10324691,79.06771622,0.486725663717
BigPete,range_quiet,101,51,50,0.01687705,-14.25868572,33.66458827,0.50495049505
BigPete,transition,174,84,90,-0.10519401,-56.20589983,75.58904351,0.48275862069
BigTrader,bear_trend,11,11,0,5.456697,3.32293428,16.79189411,1
BigTrader,bull_trend,18,18,0,4.02405169,3.13377618,11.13738883,1
BigTrader,high_vol_shock,14,14,0,11.408864825,4.50033176,51.47446359,1
BigTrader,range_choppy,13,13,0,5.3946635,2.90752011,11.9450428,1
BigTrader,range_quiet,10,10,0,4.692063375,4.1071434,8.6560752,1
BigTrader,transition,19,19,0,4.7458276,2.16308072,18.49698463,1
BigWill,bear_trend,115,51,64,-0.2833084,-24.17592662,8.32844387,0.44347826087
BigWill,bull_trend,140,77,63,0.39335738,-28.37155674,38.7736795,0.55
BigWill,high_vol_shock,44,21,23,-0.991960075,-26.8611062,36.7011386,0.477272727273
BigWill,range_choppy,114,63,51,0.52135241,-39.89188661,15.6124173,0.552631578947
BigWill,range_quiet,114,50,64,-0.29844295,-15.46050177,9.0598983,0.438596491228
BigWill,transition,184,78,106,-0.366188285,-25.40772226,22.96765822,0.423913043478
BigZ03,bear_trend,57,57,0,5.1350307,0.77073064,35.47072344,1
BigZ03,bull_trend,64,58,6,4.2037508,-163.54289754,38.36292166,0.90625
BigZ03,high_vol_shock,33,33,0,8.1011283,0.1696567,81.74276152,1
BigZ03,range_choppy,62,55,7,2.667970815,-9.78848712,15.52785027,0.887096774194
BigZ03,range_quiet,47,42,5,4.4527503,-6.7813238,14.7334688,0.893617021277
BigZ03,transition,67,59,8,3.15267436,-119.02429716,22.10117364,0.880597014925
BigZ03HO,bear_trend,59,36,23,0.5551713,-18.99338593,26.5361198,0.610169491525
BigZ03HO,bull_trend,120,51,69,-0.416919995,-90.80662036,39.60174202,0.425
BigZ03HO,high_vol_shock,44,24,20,0.534625595,-119.03053921,75.44736479,0.545454545455
BigZ03HO,range_choppy,83,51,32,0.848127,-60.71229317,23.56061152,0.614457831325
BigZ03HO,range_quiet,63,48,15,0.75168481,-20.27047524,10.64697967,0.761904761905
BigZ03HO,transition,131,75,56,0.29227226,-90.04524225,22.40862797,0.572519083969
BigZ04_TSL3,bear_trend,78,44,34,0.717844455,-20.01264193,3.66186031,0.564102564103
BigZ04_TSL3,bull_trend,74,48,26,0.76374411,-39.67700063,10.27769504,0.648648648649
BigZ04_TSL3,high_vol_shock,34,19,15,0.692259955,-45.01136098,6.90561882,0.558823529412
BigZ04_TSL3,range_choppy,82,63,19,0.864901905,-29.7541004,5.0093443,0.768292682927
BigZ04_TSL3,range_quiet,64,40,24,0.67173662,-11.9369487,8.92995718,0.625
BigZ04_TSL3,transition,94,63,31,0.860119205,-31.44897047,7.29915022,0.670212765957
BigZ04_TSL4,bear_trend,82,47,35,0.734056455,-19.95417958,3.76230669,0.573170731707
BigZ04_TSL4,bull_trend,80,53,27,0.81682482,-39.6565406,10.28618788,0.6625
BigZ04_TSL4,high_vol_shock,38,22,16,0.8784404,-42.67917493,4.66009854,0.578947368421
BigZ04_TSL4,range_choppy,83,65,18,0.8724507,-37.031802,6.35418922,0.78313253012
BigZ04_TSL4,range_quiet,65,39,26,0.66139842,-11.8240825,8.85957446,0.6
BigZ04_TSL4,transition,96,64,32,0.827314575,-31.19083755,7.26349552,0.666666666667
BigZ07Next,bear_trend,82,69,13,2.386433245,-42.35461774,14.4686403,0.841463414634
BigZ07Next,bull_trend,97,83,14,2.29074054,-18.34411801,38.02557575,0.855670103093
BigZ07Next,high_vol_shock,38,32,6,4.083065385,-21.24383273,103.19642796,0.842105263158
BigZ07Next,range_choppy,93,73,20,1.4638212,-46.6006191,11.1681894,0.784946236559
BigZ07Next,range_quiet,77,59,18,1.01959468,-29.66214659,7.53848361,0.766233766234
BigZ07Next,transition,120,93,27,1.041894385,-50.61282108,17.57725392,0.775
BigZ07Next2,bear_trend,82,68,14,2.5522973,-51.43412602,14.97397931,0.829268292683
BigZ07Next2,bull_trend,97,83,14,2.63188428,-18.93390802,38.39427376,0.855670103093
BigZ07Next2,high_vol_shock,38,32,6,4.178818725,-19.73487993,82.16806545,0.842105263158
BigZ07Next2,range_choppy,93,72,21,2.12647525,-47.5881477,12.44076584,0.774193548387
BigZ07Next2,range_quiet,77,55,22,1.12495576,-30.36978945,8.96576318,0.714285714286
BigZ07Next2,transition,120,91,29,1.09760606,-51.10480476,19.24409965,0.758333333333
BinClucMad,bear_trend,98,64,34,5.22471557,-100.55313812,35.8991372,0.65306122449
BinClucMad,bull_trend,110,71,39,5.865239455,-33.73803199,64.37069844,0.645454545455
BinClucMad,high_vol_shock,38,29,9,16.18879252,-26.95356161,170.0557985,0.763157894737
BinClucMad,range_choppy,109,73,36,4.2541201,-26.67440043,44.37353222,0.669724770642
BinClucMad,range_quiet,105,60,45,0.97768063,-40.27690319,39.5488139,0.571428571429
BinClucMad,transition,146,79,67,1.16515875,-108.83772,39.35390787,0.541095890411
BinClucMadDevelop,bear_trend,42,30,12,1.10062125,-14.56598722,34.44795524,0.714285714286
BinClucMadDevelop,bull_trend,75,64,11,4.36517517,-29.468647,92.83546036,0.853333333333
BinClucMadDevelop,high_vol_shock,33,29,4,12.22070325,-4.0155003,203.00924482,0.878787878788
BinClucMadDevelop,range_choppy,62,53,9,3.29918409,-24.608496,31.5140791,0.854838709677
BinClucMadDevelop,range_quiet,47,32,15,0.56444268,-22.6448487,50.36204162,0.68085106383
BinClucMadDevelop,transition,73,48,25,0.315882,-96.948915,66.3338186,0.657534246575
BinClucMadSMADevelop,bear_trend,32,28,4,3.29793111,-14.217858,20.91165387,0.875
BinClucMadSMADevelop,bull_trend,67,56,11,4.88742057,-25.11441234,48.84572425,0.835820895522
BinClucMadSMADevelop,high_vol_shock,36,34,2,10.5836288,-25.61506248,201.26900807,0.944444444444
BinClucMadSMADevelop,range_choppy,56,46,10,3.280055095,-51.6133715,23.9660881,0.821428571429
BinClucMadSMADevelop,range_quiet,39,31,8,1.95407844,-128.01863949,21.5706591,0.794871794872
BinClucMadSMADevelop,transition,71,43,28,0.30362304,-122.12317174,38.29375722,0.605633802817
BinClucMadV1,bear_trend,39,26,13,3.66349375,-7.9688561,24.35117616,0.666666666667
BinClucMadV1,bull_trend,72,56,16,4.282129245,-12.63498001,54.87080239,0.777777777778
BinClucMadV1,high_vol_shock,36,29,7,11.547228375,-10.9153008,210.08656451,0.805555555556
BinClucMadV1,range_choppy,61,46,15,1.8627648,-17.3536734,14.71952628,0.754098360656
BinClucMadV1,range_quiet,45,36,9,2.605094,-11.66817375,24.9130865,0.8
BinClucMadV1,transition,75,53,22,1.70410374,-20.4352428,32.67773584,0.706666666667
BinHV27,bear_trend,154,67,87,-0.5591093,-44.96660278,21.66581698,0.435064935065
BinHV27,bull_trend,158,77,81,-0.065220375,-52.98859916,35.77759578,0.487341772152
BinHV27,high_vol_shock,51,29,22,1.29846434,-141.35221598,153.80503094,0.56862745098
BinHV27,range_choppy,143,64,79,-0.54147393,-45.09814935,19.37185194,0.447552447552
BinHV27,range_quiet,135,52,83,-0.37209953,-17.72830923,4.62576539,0.385185185185
BinHV27,transition,224,97,127,-0.26544572,-35.03739895,24.37082184,0.433035714286
BinHV27F,bear_trend,110,52,58,-0.01660232,-51.79551935,41.55140847,0.472727272727
BinHV27F,bull_trend,115,55,60,-0.03722937,-72.94658418,77.78855449,0.478260869565
BinHV27F,high_vol_shock,42,24,18,0.28585069,-124.51799427,191.42556976,0.571428571429
BinHV27F,range_choppy,111,51,60,-0.0573846,-56.18404244,23.10949539,0.459459459459
BinHV27F,range_quiet,86,34,52,-0.07877521,-42.42002583,14.76761447,0.395348837209
BinHV27F,transition,174,88,86,0.004162535,-52.39642635,39.99252126,0.505747126437
BinHV27_combined,bear_trend,113,57,56,0.01858257,-16.37916583,13.89673896,0.504424778761
BinHV27_combined,bull_trend,105,54,51,0.10081983,-18.75205545,8.85804324,0.514285714286
BinHV27_combined,high_vol_shock,48,27,21,0.64956304,-30.45929368,10.6478221,0.5625
BinHV27_combined,range_choppy,101,42,59,-0.62698325,-41.55966582,7.45356352,0.415841584158
BinHV27_combined,range_quiet,78,39,39,-0.119262015,-5.90371427,6.76521754,0.5
BinHV27_combined,transition,145,81,64,0.38594957,-13.0318418,7.3881649,0.558620689655
BinHV27_short,bear_trend,116,39,77,-1.6423254,-42.41417267,27.54129086,0.336206896552
BinHV27_short,bull_trend,64,41,23,0.41194591,-21.5881057,14.94095539,0.640625
BinHV27_short,high_vol_shock,23,9,14,-2.8182372,-32.17314931,43.91125636,0.391304347826
BinHV27_short,range_choppy,80,42,38,0.331757675,-29.95470832,29.11367029,0.525
BinHV27_short,range_quiet,65,29,36,-0.2090131,-21.14629856,9.03086432,0.446153846154
BinHV27_short,transition,142,62,80,-0.16345904,-21.75109741,18.2571701,0.43661971831
BinHV27_werkkrew,bear_trend,154,69,85,-0.28095512,-37.29959627,13.75056114,0.448051948052
BinHV27_werkkrew,bull_trend,158,78,80,-0.031663695,-43.53035136,31.26596705,0.493670886076
BinHV27_werkkrew,high_vol_shock,51,30,21,0.28299255,-101.74723257,115.18033163,0.588235294118
BinHV27_werkkrew,range_choppy,143,63,80,-0.32508043,-34.95146356,15.36351774,0.440559440559
BinHV27_werkkrew,range_quiet,135,54,81,-0.27917962,-15.28894303,2.9701727,0.4
BinHV27_werkkrew,transition,224,97,127,-0.35549922,-20.23448089,19.08552387,0.433035714286
BinHV45,bear_trend,46,34,12,1.41934876,-10.93501268,5.99350777,0.739130434783
BinHV45,bull_trend,49,29,20,1.40890619,-10.4877704,7.46233685,0.591836734694
BinHV45,high_vol_shock,36,25,11,1.46614665,-27.1410522,15.09545769,0.694444444444
BinHV45,range_choppy,43,27,16,1.39397237,-11.39008156,5.88857052,0.627906976744
BinHV45,range_quiet,28,21,7,1.40227962,-6.078852,2.81152311,0.75
BinHV45,transition,55,49,6,1.4264614,-6.44551816,4.2867807,0.890909090909
BinHV45HO,bear_trend,27,27,0,3.92196166,1.92963,13.08954638,1
BinHV45HO,bull_trend,38,37,1,2.37342916,-10.61172153,37.25072103,0.973684210526
BinHV45HO,high_vol_shock,30,26,4,4.956501005,-87.79915967,43.0050738,0.866666666667
BinHV45HO,range_choppy,30,30,0,3.509918395,1.681239,12.60323306,1
BinHV45HO,range_quiet,15,12,3,2.2000708,-37.93619572,4.382962,0.8
BinHV45HO,transition,26,24,2,2.17754209,-38.85792936,9.2619431,0.923076923077
BinHV45_kanaxe,bear_trend,90,65,25,0.93074128,-14.72982643,12.01430559,0.722222222222
BinHV45_kanaxe,bull_trend,84,52,32,0.865046365,-43.00745675,10.4801727,0.619047619048
BinHV45_kanaxe,high_vol_shock,44,25,19,0.904338495,-55.03691624,24.90936985,0.568181818182
BinHV45_kanaxe,range_choppy,83,46,37,0.8594688,-15.09717067,7.42209204,0.55421686747
BinHV45_kanaxe,range_quiet,51,36,15,0.87059007,-6.6017021,3.4567401,0.705882352941
BinHV45_kanaxe,transition,109,75,34,0.86956698,-9.7423298,9.93213278,0.688073394495
BinHV45_stash,bear_trend,88,63,25,0.881587515,-14.7512081,12.2924258,0.715909090909
BinHV45_stash,bull_trend,81,49,32,0.83430861,-45.68913852,10.88095968,0.604938271605
BinHV45_stash,high_vol_shock,44,23,21,0.50937247,-56.50654882,19.35105073,0.522727272727
BinHV45_stash,range_choppy,82,46,36,0.8491037,-15.32846177,7.06159598,0.560975609756
BinHV45_stash,range_quiet,49,35,14,0.84510081,-6.4467872,3.34344738,0.714285714286
BinHV45_stash,transition,103,70,33,0.85068224,-10.10007305,10.19739827,0.679611650485
BinHV45_werkkrew,bear_trend,53,45,8,3.33225,-24.74375646,34.72038925,0.849056603774
BinHV45_werkkrew,bull_trend,60,45,15,3.91448313,-28.66652178,31.91823464,0.75
BinHV45_werkkrew,high_vol_shock,36,29,7,10.507913595,-61.77479204,121.04127057,0.805555555556
BinHV45_werkkrew,range_choppy,52,40,12,3.48812508,-23.27935872,17.8403499,0.769230769231
BinHV45_werkkrew,range_quiet,32,22,10,4.45579349,-71.20754749,16.70152976,0.6875
BinHV45_werkkrew,transition,64,51,13,3.195515695,-34.75848467,18.44445703,0.796875
BinMfiBTCv5003,bear_trend,6,3,3,-1.690543075,-5.92585779,3.14435168,0.5
BinMfiBTCv5003,bull_trend,7,4,3,0.59653374,-4.99426021,2.70748686,0.571428571429
BinMfiBTCv5003,high_vol_shock,12,6,6,-0.005669835,-21.31970096,18.51346222,0.5
BinMfiBTCv5003,range_choppy,6,4,2,1.771746,-3.7059692,3.8320542,0.666666666667
BinMfiBTCv5003,range_quiet,4,0,4,-7.468054245,-8.85727884,-1.4611931,0
BinMfiBTCv5003,transition,5,2,3,-1.0317208,-16.06186856,2.37386745,0.4
BollingerBandStrategy,bear_trend,149,88,61,0.02805006,-26.19907398,4.1286239,0.590604026846
BollingerBandStrategy,bull_trend,154,79,75,0.00057614,-20.14452915,10.14486507,0.512987012987
BollingerBandStrategy,high_vol_shock,50,26,24,0.01917459,-61.29155628,10.80031761,0.52
BollingerBandStrategy,range_choppy,142,92,50,0.01591288,-20.61409011,4.23634647,0.647887323944
BollingerBandStrategy,range_quiet,130,84,46,0.00966465,-10.13949862,1.7612724,0.646153846154
BollingerBandStrategy,transition,215,140,75,0.01981494,-21.43338575,3.42705168,0.651162790698
BollingerBounce,bear_trend,72,61,11,2.00608435,-82.56564429,27.27657258,0.847222222222
BollingerBounce,bull_trend,101,83,18,1.76205288,-48.85175059,54.84739361,0.821782178218
BollingerBounce,high_vol_shock,40,30,10,9.62019001,-182.33368099,147.73335034,0.75
BollingerBounce,range_choppy,81,62,19,2.241432,-44.8724036,26.62000933,0.765432098765
BollingerBounce,range_quiet,51,42,9,2.4504258,-51.94479548,30.64036385,0.823529411765
BollingerBounce,transition,103,81,22,1.83626417,-52.8520174,22.37980061,0.78640776699
BollingerBounceStrategy,bear_trend,156,41,115,-1.08502372,-13.76928534,4.32919265,0.262820512821
BollingerBounceStrategy,bull_trend,139,54,85,-0.36385338,-17.39675698,16.87471811,0.388489208633
BollingerBounceStrategy,high_vol_shock,50,26,24,0.317004165,-16.24232322,38.93332135,0.52
BollingerBounceStrategy,range_choppy,142,46,96,-0.420465375,-12.810539,10.18771401,0.323943661972
BollingerBounceStrategy,range_quiet,135,31,104,-0.49729606,-6.82783468,3.22091484,0.22962962963
BollingerBounceStrategy,transition,219,86,133,-0.3621976,-17.09648011,7.35135974,0.392694063927
BollingerBounce_Shorts,bear_trend,70,48,22,1.211408355,-49.02920754,23.5635539,0.685714285714
BollingerBounce_Shorts,bull_trend,68,44,24,1.884615055,-94.35767101,27.55365852,0.647058823529
BollingerBounce_Shorts,high_vol_shock,42,23,19,0.002565735,-71.9319301,68.78223148,0.547619047619
BollingerBounce_Shorts,range_choppy,72,53,19,2.71488645,-68.18584581,25.93845221,0.736111111111
BollingerBounce_Shorts,range_quiet,26,15,11,0.007034835,-34.24185197,5.83259167,0.576923076923
BollingerBounce_Shorts,transition,90,58,32,0.008198695,-39.96278136,36.06962805,0.644444444444
BopTrendStrategy,bear_trend,21,0,21,-2.95603306,-18.60444469,-0.12656235,0
BopTrendStrategy,bull_trend,32,6,26,-2.50678229,-39.58528512,1.51488618,0.1875
BopTrendStrategy,high_vol_shock,18,5,13,-0.70234599,-107.99912095,0.70283486,0.277777777778
BopTrendStrategy,range_choppy,27,7,20,-1.12098181,-41.81075531,5.35517264,0.259259259259
BopTrendStrategy,range_quiet,17,2,15,-1.68348462,-14.43024512,0.18911333,0.117647058824
BopTrendStrategy,transition,37,2,35,-2.22421472,-40.46864372,0.14953894,0.0540540540541
BullishEngulfingStrategy,bear_trend,52,5,47,-1.34826256,-19.39669167,0.56436224,0.0961538461538
BullishEngulfingStrategy,bull_trend,62,10,52,-0.9301617,-32.52043196,4.35566755,0.161290322581
BullishEngulfingStrategy,high_vol_shock,28,4,24,-2.56509651,-51.83624969,13.0553576,0.142857142857
BullishEngulfingStrategy,range_choppy,61,9,52,-0.60416264,-28.28387102,2.61078712,0.147540983607
BullishEngulfingStrategy,range_quiet,25,3,22,-0.46522348,-9.1533557,1.7035292,0.12
BullishEngulfingStrategy,transition,80,11,69,-0.874885245,-27.58854163,1.20530185,0.1375
BuyDips,bear_trend,1,1,0,10.56235112,10.56235112,10.56235112,1
BuyDips,bull_trend,3,2,1,0.0018179,-0.00219373,0.6145293,0.666666666667
BuyDips,high_vol_shock,6,4,2,4.696920015,-29.14926832,4.75336274,0.666666666667
BuyDips,range_quiet,1,1,0,0.00570542,0.00570542,0.00570542,1
BuyDips,transition,2,2,0,0.009394395,0.00590159,0.0128872,1
BuyOnly,bear_trend,123,77,46,1.1981388,-29.84243985,14.50821975,0.626016260163
BuyOnly,bull_trend,121,91,30,1.29095295,-19.51419493,17.52503716,0.752066115702
BuyOnly,high_vol_shock,43,28,15,2.98566927,-37.98158622,21.3463197,0.651162790698
BuyOnly,range_choppy,109,82,27,1.32031722,-34.90625976,10.11094434,0.752293577982
BuyOnly,range_quiet,104,78,26,1.20728689,-24.01230888,12.27825305,0.75
BuyOnly,transition,176,141,35,1.26117195,-37.58902291,15.62993667,0.801136363636
BuyOrDie,bear_trend,73,27,46,-26.92518069,-447.28797951,886.39896783,0.369863013699
BuyOrDie,bull_trend,12,3,9,-20.104125125,-197.95174831,199.59436353,0.25
BuyOrDie,high_vol_shock,34,11,23,-39.330816625,-592.34027604,1806.98809001,0.323529411765
BuyOrDie,range_choppy,46,9,37,-30.542400765,-146.0723145,1186.7008146,0.195652173913
BuyOrDie,range_quiet,26,6,20,-8.63492634,-45.77419,243.324327,0.230769230769
BuyOrDie,transition,68,11,57,-21.20176953,-356.50102684,537.97745167,0.161764705882
CBPete9,bear_trend,99,71,28,2.17482572,-52.81930295,18.1622248,0.717171717172
CBPete9,bull_trend,109,76,33,1.435855,-25.37831942,58.01701762,0.697247706422
CBPete9,high_vol_shock,38,31,7,7.32273435,-11.65264823,104.02418753,0.815789473684
CBPete9,range_choppy,109,73,36,1.2924,-25.720396,18.2218696,0.669724770642
CBPete9,range_quiet,105,69,36,1.15848993,-47.66498434,9.51821057,0.657142857143
CBPete9,transition,146,95,51,1.17022829,-72.0930547,21.01577846,0.650684931507
CCI_BB,bull_trend,40,36,4,70.515478415,-1150.08265942,443.93922204,0.9
CCI_BB,high_vol_shock,19,17,2,205.64556675,-1134.50046812,933.33608332,0.894736842105
CCI_BB,range_choppy,19,19,0,27.00069058,7.24885912,236.78422152,1
CCI_BB,range_quiet,5,5,0,21.25750794,3.75486232,68.90844127,1
CCI_BB,transition,32,30,2,32.01321648,-1005.88453977,388.10701391,0.9375
CMCWinner,bear_trend,141,75,66,9.31e-06,-31.64703151,21.56343931,0.531914893617
CMCWinner,bull_trend,143,78,65,0.00485398,-14.41578153,27.7527676,0.545454545455
CMCWinner,high_vol_shock,47,30,17,0.4793754,-37.23087171,32.13615326,0.63829787234
CMCWinner,range_choppy,134,73,61,0.003783075,-27.24816148,8.5600223,0.544776119403
CMCWinner,range_quiet,117,65,52,0.00305854,-15.77653325,4.32482066,0.555555555556
CMCWinner,transition,199,107,92,0.00420282,-13.4711061,13.07074666,0.537688442211
CTIBS,bear_trend,130,85,45,0.590546205,-30.1836377,47.46045247,0.653846153846
CTIBS,bull_trend,135,68,67,0.02976469,-99.21688292,46.09180917,0.503703703704
CTIBS,high_vol_shock,48,27,21,0.72316697,-245.69240677,87.32550062,0.5625
CTIBS,range_choppy,128,88,40,0.45369578,-69.82278487,41.99102381,0.6875
CTIBS,range_quiet,98,70,28,0.40087927,-10.08436815,13.74567796,0.714285714286
CTIBS,transition,186,139,47,0.63018075,-80.2114797,44.01497598,0.747311827957
Candle2,bear_trend,134,55,79,-0.629240815,-94.93095972,32.888756,0.410447761194
Candle2,bull_trend,150,50,100,-0.78004545,-49.39562897,59.80255247,0.333333333333
Candle2,high_vol_shock,49,11,38,-3.47917437,-222.47716131,34.46181819,0.224489795918
Candle2,range_choppy,137,69,68,0.05227568,-48.34269639,66.5787599,0.503649635036
Candle2,range_quiet,119,50,69,-0.4407032,-18.07369889,26.14458621,0.420168067227
Candle2,transition,203,83,120,-0.47548968,-59.20281208,64.11175893,0.408866995074
CciMeanReversionStrategy,bear_trend,56,15,41,-0.50406772,-15.38244378,4.07995579,0.267857142857
CciMeanReversionStrategy,bull_trend,64,11,53,-0.906194095,-21.34197255,3.52730663,0.171875
CciMeanReversionStrategy,high_vol_shock,28,3,25,-2.56377028,-96.43117569,4.45768985,0.107142857143
CciMeanReversionStrategy,range_choppy,64,13,51,-0.81737689,-19.4212059,3.18860683,0.203125
CciMeanReversionStrategy,range_quiet,29,9,20,-0.23853999,-7.09126329,1.13261751,0.310344827586
CciMeanReversionStrategy,transition,84,18,66,-0.47671476,-26.48233993,4.54070057,0.214285714286
Cenderawasih_30m,bull_trend,2,1,1,-0.339809085,-6.34644417,5.666826,0.5
Cenderawasih_30m,high_vol_shock,10,8,2,4.442817895,-3.4353849,27.23919098,0.8
Cenderawasih_3_kucoin,bear_trend,13,6,7,-0.85595469,-3.90173696,4.7358386,0.461538461538
Cenderawasih_3_kucoin,bull_trend,24,7,17,-0.8662222,-3.7458499,13.64681597,0.291666666667
Cenderawasih_3_kucoin,high_vol_shock,18,5,13,-1.18824558,-26.66021862,16.16894462,0.277777777778
Cenderawasih_3_kucoin,range_choppy,14,7,7,-0.05779754,-6.2283516,2.8821839,0.5
Cenderawasih_3_kucoin,range_quiet,11,6,5,0.4985639,-3.69746616,8.65195344,0.545454545455
Cenderawasih_3_kucoin,transition,17,6,11,-0.84376035,-1.6012311,2.20531064,0.352941176471
ChaikinMoneyFlowStrategy,bear_trend,35,5,30,-0.97793137,-21.08028499,0.86930129,0.142857142857
ChaikinMoneyFlowStrategy,bull_trend,49,10,39,-1.41868114,-24.40838947,4.66262543,0.204081632653
ChaikinMoneyFlowStrategy,high_vol_shock,25,2,23,-2.35010919,-78.44425401,0.85472748,0.08
ChaikinMoneyFlowStrategy,range_choppy,37,5,32,-1.9433247,-35.53221116,1.120933,0.135135135135
ChaikinMoneyFlowStrategy,range_quiet,20,3,17,-1.87033408,-12.47120466,0.33301456,0.15
ChaikinMoneyFlowStrategy,transition,53,6,47,-1.3319303,-32.51668953,1.2177751,0.11320754717
Chandem,bear_trend,160,87,73,0.16688915,-208.3450807,70.69976959,0.54375
Chandem,bull_trend,160,61,99,-1.107736095,-170.37878348,91.56600579,0.38125
Chandem,high_vol_shock,51,23,28,-0.8095436,-283.69140876,280.41822671,0.450980392157
Chandem,range_choppy,154,74,80,-0.05917828,-107.42884682,108.48365731,0.480519480519
Chandem,range_quiet,143,62,81,-0.68194679,-34.6627431,31.25747297,0.433566433566
Chandem,transition,225,116,109,0.1887725,-93.60232328,121.14772026,0.515555555556
Chandemtwo,bear_trend,160,80,80,0.0154562,-115.06695628,50.16480984,0.5
Chandemtwo,bull_trend,161,55,106,-0.77518318,-96.50834754,56.60860252,0.341614906832
Chandemtwo,high_vol_shock,52,24,28,-0.512783015,-233.51598335,129.39257388,0.461538461538
Chandemtwo,range_choppy,155,70,85,-0.55835325,-58.13907676,59.4945644,0.451612903226
Chandemtwo,range_quiet,143,65,78,-0.25402599,-28.46018787,30.59100818,0.454545454545
Chandemtwo,transition,226,97,129,-0.2845225,-54.95467347,67.51792735,0.429203539823
Chispei,bear_trend,139,67,72,-1.61747708,-72.8085804,52.28985684,0.482014388489
Chispei,bull_trend,140,51,89,-3.16104626,-69.95007031,222.2562221,0.364285714286
Chispei,high_vol_shock,45,21,24,-1.46646707,-213.45152476,203.87726156,0.466666666667
Chispei,range_choppy,128,57,71,-1.71809374,-76.46077707,132.42429657,0.4453125
Chispei,range_quiet,126,59,67,-1.34384319,-47.33105115,51.36422658,0.468253968254
Chispei,transition,209,83,126,-2.11131546,-59.02051234,179.10490648,0.397129186603
Cluc4,bear_trend,125,51,74,-0.34709419,-15.67257944,6.84507436,0.408
Cluc4,bull_trend,126,57,69,-0.097943895,-47.43574363,11.63193564,0.452380952381
Cluc4,high_vol_shock,49,14,35,-1.4122832,-84.82477753,10.75970554,0.285714285714
Cluc4,range_choppy,118,43,75,-0.3741754,-21.90986504,2.9606835,0.364406779661
Cluc4,range_quiet,94,51,43,0.03456134,-4.332939,5.19127817,0.542553191489
Cluc4,transition,175,87,88,-0.00079498,-8.9879773,5.21205136,0.497142857143
Cluc4werk,bear_trend,83,25,58,-0.1606762,-8.83765311,2.13566027,0.301204819277
Cluc4werk,bull_trend,95,28,67,-0.1936284,-65.84851403,2.0955577,0.294736842105
Cluc4werk,high_vol_shock,34,2,32,-2.492631065,-132.02774456,1.10624618,0.0588235294118
Cluc4werk,range_choppy,84,18,66,-0.254878955,-9.26700653,1.72051598,0.214285714286
Cluc4werk,range_quiet,51,22,29,-0.0381427,-0.73197108,1.66441697,0.43137254902
Cluc4werk,transition,118,39,79,-0.15017475,-11.86370604,3.07765128,0.330508474576
Cluc5werk,bear_trend,95,72,23,2.99829678,-103.86401852,25.70344579,0.757894736842
Cluc5werk,bull_trend,124,97,27,4.14531514,-76.62763532,95.83089016,0.782258064516
Cluc5werk,high_vol_shock,46,33,13,8.905776985,-98.49008389,143.88782867,0.717391304348
Cluc5werk,range_choppy,112,82,30,3.747093225,-82.48469067,44.30654058,0.732142857143
Cluc5werk,range_quiet,68,49,19,2.32979414,-45.773424,15.92190265,0.720588235294
Cluc5werk,transition,154,121,33,3.11375472,-88.97419093,32.09856177,0.785714285714
Cluc7werk,bear_trend,65,12,53,-0.1488396,-4.51694496,0.5800086,0.184615384615
Cluc7werk,bull_trend,85,11,74,-0.26225967,-43.11830301,0.46411072,0.129411764706
Cluc7werk,high_vol_shock,33,2,31,-2.98331029,-126.94215643,0.40420287,0.0606060606061
Cluc7werk,range_choppy,65,9,56,-0.24867754,-6.38342757,1.01497305,0.138461538462
Cluc7werk,range_quiet,42,18,24,-0.06232383,-0.57152096,1.50261449,0.428571428571
Cluc7werk,transition,88,16,72,-0.185430065,-7.00915597,1.70844438,0.181818181818
ClucFiatROI,bear_trend,98,84,14,11.04456979,-238.84569143,200.08034023,0.857142857143
ClucFiatROI,bull_trend,131,104,27,12.94256645,-399.83136061,205.1493838,0.793893129771
ClucFiatROI,high_vol_shock,48,35,13,38.091219285,-631.97545343,493.46668338,0.729166666667
ClucFiatROI,range_choppy,117,96,21,8.028185,-261.127315,166.03580134,0.820512820513
ClucFiatROI,range_quiet,92,79,13,5.010690695,-239.3668044,73.16168649,0.858695652174
ClucFiatROI,transition,174,150,24,9.48193879,-227.8909525,159.08026146,0.862068965517
ClucFiatSlow,bear_trend,98,84,14,11.04456979,-238.84569143,200.08034023,0.857142857143
ClucFiatSlow,bull_trend,131,104,27,12.94256645,-399.83136061,205.1493838,0.793893129771
ClucFiatSlow,high_vol_shock,48,35,13,38.091219285,-631.97545343,493.46668338,0.729166666667
ClucFiatSlow,range_choppy,117,96,21,8.028185,-261.127315,166.03580134,0.820512820513
ClucFiatSlow,range_quiet,92,79,13,5.010690695,-239.3668044,73.16168649,0.858695652174
ClucFiatSlow,transition,174,150,24,9.48193879,-227.8909525,159.08026146,0.862068965517
ClucHAnix,bear_trend,113,90,23,5.12817959,-66.88411392,57.55451106,0.796460176991
ClucHAnix,bull_trend,121,86,35,3.65409322,-72.19810979,66.94197918,0.710743801653
ClucHAnix,high_vol_shock,50,35,15,7.22671157,-150.24162609,250.23386285,0.7
ClucHAnix,range_choppy,121,78,43,1.15156538,-104.19876012,60.09278016,0.644628099174
ClucHAnix,range_quiet,75,55,20,2.43208221,-96.9852093,18.86973961,0.733333333333
ClucHAnix,transition,165,115,50,2.07884941,-68.5556621,40.7094019,0.69696969697
ClucHAnix_5M_E0V1E,bear_trend,112,79,33,4.2986122,-37.9432621,39.46101502,0.705357142857
ClucHAnix_5M_E0V1E,bull_trend,121,81,40,3.58149168,-69.82266766,65.91171229,0.669421487603
ClucHAnix_5M_E0V1E,high_vol_shock,50,32,18,4.998636235,-191.31582687,269.80897505,0.64
ClucHAnix_5M_E0V1E,range_choppy,121,64,57,0.8721546,-64.8995432,35.5973637,0.528925619835
ClucHAnix_5M_E0V1E,range_quiet,75,49,26,2.441724,-22.86217149,13.0697673,0.653333333333
ClucHAnix_5M_E0V1E,transition,165,109,56,2.28696048,-49.97502186,44.255146,0.660606060606
ClucHAnix_5M_E0V1E_DYNAMIC_TB,bear_trend,112,79,33,4.2986122,-37.9432621,39.46101502,0.705357142857
ClucHAnix_5M_E0V1E_DYNAMIC_TB,bull_trend,121,81,40,3.58149168,-69.82266766,65.91171229,0.669421487603
ClucHAnix_5M_E0V1E_DYNAMIC_TB,high_vol_shock,50,32,18,4.998636235,-191.31582687,269.80897505,0.64
ClucHAnix_5M_E0V1E_DYNAMIC_TB,range_choppy,121,64,57,0.8721546,-64.8995432,35.5973637,0.528925619835
ClucHAnix_5M_E0V1E_DYNAMIC_TB,range_quiet,75,49,26,2.441724,-22.86217149,13.0697673,0.653333333333
ClucHAnix_5M_E0V1E_DYNAMIC_TB,transition,165,109,56,2.28696048,-49.97502186,44.255146,0.660606060606
ClucHAnix_5m,bear_trend,89,65,24,2.8952775,-23.30448275,24.94149929,0.730337078652
ClucHAnix_5m,bull_trend,101,66,35,2.6212432,-27.60314203,40.92135934,0.653465346535
ClucHAnix_5m,high_vol_shock,46,33,13,4.284133685,-78.13668168,199.2417101,0.717391304348
ClucHAnix_5m,range_choppy,91,54,37,2.44019799,-33.9193038,23.64149169,0.593406593407
ClucHAnix_5m,range_quiet,49,31,18,2.6609088,-86.8088219,12.76442915,0.632653061224
ClucHAnix_5m,transition,107,67,40,2.41116221,-66.1862294,19.7399594,0.626168224299
ClucHAnix_5m1,bear_trend,89,61,28,1.363125,-17.9089036,16.89548783,0.685393258427
ClucHAnix_5m1,bull_trend,101,57,44,1.16113385,-27.85524745,37.83314638,0.564356435644
ClucHAnix_5m1,high_vol_shock,46,28,18,1.64715226,-71.80764423,78.26393138,0.608695652174
ClucHAnix_5m1,range_choppy,91,50,41,1.10691599,-25.3415973,9.23626752,0.549450549451
ClucHAnix_5m1,range_quiet,49,30,19,1.13071751,-10.30579681,6.01311222,0.612244897959
ClucHAnix_5m1,transition,107,64,43,1.24190082,-37.1940632,15.35576899,0.598130841121
ClucHAnix_5mTB1,bear_trend,89,61,28,1.363125,-17.9089036,16.89548783,0.685393258427
ClucHAnix_5mTB1,bull_trend,101,57,44,1.16113385,-27.85524745,37.83314638,0.564356435644
ClucHAnix_5mTB1,high_vol_shock,46,28,18,1.64715226,-71.80764423,78.26393138,0.608695652174
ClucHAnix_5mTB1,range_choppy,91,50,41,1.10691599,-25.3415973,9.23626752,0.549450549451
ClucHAnix_5mTB1,range_quiet,49,30,19,1.13071751,-10.30579681,6.01311222,0.612244897959
ClucHAnix_5mTB1,transition,107,64,43,1.24190082,-37.1940632,15.35576899,0.598130841121
ClucHAnix_5m_old,bear_trend,89,65,24,2.8952775,-23.30448275,24.94149929,0.730337078652
ClucHAnix_5m_old,bull_trend,101,66,35,2.6212432,-27.60314203,40.92135934,0.653465346535
ClucHAnix_5m_old,high_vol_shock,46,33,13,4.284133685,-78.13668168,199.2417101,0.717391304348
ClucHAnix_5m_old,range_choppy,91,54,37,2.44019799,-33.9193038,23.64149169,0.593406593407
ClucHAnix_5m_old,range_quiet,49,31,18,2.6609088,-86.8088219,12.76442915,0.632653061224
ClucHAnix_5m_old,transition,107,67,40,2.41116221,-66.1862294,19.7399594,0.626168224299
ClucHAnix_hhll,bear_trend,70,47,23,2.2385868,-25.12774854,20.7851584,0.671428571429
ClucHAnix_hhll,bull_trend,78,49,29,2.10516893,-26.56682568,26.71482367,0.628205128205
ClucHAnix_hhll,high_vol_shock,40,25,15,3.83940732,-63.07461704,176.0531992,0.625
ClucHAnix_hhll,range_choppy,64,45,19,2.257161115,-23.1661537,17.2380714,0.703125
ClucHAnix_hhll,range_quiet,32,16,16,0.13835907,-40.63205464,21.3350593,0.5
ClucHAnix_hhll,transition,84,53,31,2.17939634,-17.0446339,11.3931019,0.630952380952
ClucHAnix_hhll_TB,bear_trend,70,47,23,2.2385868,-25.12774854,20.7851584,0.671428571429
ClucHAnix_hhll_TB,bull_trend,78,49,29,2.10516893,-26.56682568,26.71482367,0.628205128205
ClucHAnix_hhll_TB,high_vol_shock,40,25,15,3.83940732,-63.07461704,176.0531992,0.625
ClucHAnix_hhll_TB,range_choppy,64,45,19,2.257161115,-23.1661537,17.2380714,0.703125
ClucHAnix_hhll_TB,range_quiet,32,16,16,0.13835907,-40.63205464,21.3350593,0.5
ClucHAnix_hhll_TB,transition,84,53,31,2.17939634,-17.0446339,11.3931019,0.630952380952
ClucHAwerk,bear_trend,27,13,14,-0.04295647,-11.08190271,2.44446024,0.481481481481
ClucHAwerk,bull_trend,39,5,34,-1.18505618,-47.16272133,3.79289755,0.128205128205
ClucHAwerk,high_vol_shock,23,3,20,-3.60773474,-103.02011716,1.42717876,0.130434782609
ClucHAwerk,range_choppy,32,14,18,-0.11028762,-10.61408434,3.49743519,0.4375
ClucHAwerk,range_quiet,14,7,7,0.03593744,-4.40500687,1.27476564,0.5
ClucHAwerk,transition,47,23,24,-0.02672254,-16.69294795,2.53111898,0.489361702128
ClucMay72018,bear_trend,77,54,23,1.03029751,-16.86836932,8.61022273,0.701298701299
ClucMay72018,bull_trend,98,63,35,1.048899975,-10.87526706,10.99167267,0.642857142857
ClucMay72018,high_vol_shock,43,30,13,1.06886901,-41.80498241,22.54680709,0.697674418605
ClucMay72018,range_choppy,74,42,32,0.74233442,-18.3638262,6.49295121,0.567567567568
ClucMay72018,range_quiet,54,37,17,1.02555095,-15.400122,4.19196865,0.685185185185
ClucMay72018,transition,92,57,35,1.00895852,-18.90767211,6.75460076,0.619565217391
CofiBitStrategy,bear_trend,103,19,84,-0.64255362,-18.43053717,7.41604669,0.184466019417
CofiBitStrategy,bull_trend,113,24,89,-0.98270754,-20.93682946,15.62833889,0.212389380531
CofiBitStrategy,high_vol_shock,37,21,16,0.3847305,-26.09389312,28.42471111,0.567567567568
CofiBitStrategy,range_choppy,100,22,78,-1.154132265,-20.44852718,2.36069803,0.22
CofiBitStrategy,range_quiet,87,8,79,-0.58464367,-8.37011807,0.25933049,0.0919540229885
CofiBitStrategy,transition,157,28,129,-0.4536051,-20.89236633,6.24147662,0.178343949045
CombinedBinHAndCluc,bear_trend,100,74,26,2.29659321,-37.5543883,21.22913191,0.74
CombinedBinHAndCluc,bull_trend,102,74,28,4.07782245,-27.63735844,38.18270433,0.725490196078
CombinedBinHAndCluc,high_vol_shock,46,29,17,2.46737915,-119.44889831,173.29798128,0.630434782609
CombinedBinHAndCluc,range_choppy,91,55,36,0.57448656,-38.6547829,29.9242097,0.604395604396
CombinedBinHAndCluc,range_quiet,61,48,13,2.49485879,-43.47894967,19.90452725,0.786885245902
CombinedBinHAndCluc,transition,123,87,36,1.9497014,-25.23971236,36.22843541,0.707317073171
CombinedBinHAndCluc2021,bear_trend,105,74,31,3.07416072,-46.71498786,58.42307542,0.704761904762
CombinedBinHAndCluc2021,bull_trend,105,78,27,5.77692686,-48.1331434,70.54574387,0.742857142857
CombinedBinHAndCluc2021,high_vol_shock,46,27,19,1.37280105,-147.03707857,300.4880986,0.586956521739
CombinedBinHAndCluc2021,range_choppy,95,54,41,0.871596,-49.56242075,37.23466268,0.568421052632
CombinedBinHAndCluc2021,range_quiet,71,48,23,3.63369853,-109.97496933,36.89870199,0.676056338028
CombinedBinHAndCluc2021,transition,130,78,52,2.52893541,-57.2329712,39.23273154,0.6
CombinedBinHAndCluc2021Bull,bear_trend,105,77,28,1.28473864,-25.18578871,17.66717988,0.733333333333
CombinedBinHAndCluc2021Bull,bull_trend,105,75,30,1.3529494,-25.57470623,16.78675439,0.714285714286
CombinedBinHAndCluc2021Bull,high_vol_shock,46,29,17,0.99396993,-56.93724834,82.31340513,0.630434782609
CombinedBinHAndCluc2021Bull,range_choppy,95,55,40,1.07883483,-20.8316707,11.92311982,0.578947368421
CombinedBinHAndCluc2021Bull,range_quiet,71,54,17,1.30464004,-33.7276823,6.26011566,0.760563380282
CombinedBinHAndCluc2021Bull,transition,130,86,44,1.232586805,-20.49536772,14.79932162,0.661538461538
CombinedBinHAndClucHyper,bear_trend,90,70,20,0.63424708,-0.039516,27.33625209,0.777777777778
CombinedBinHAndClucHyper,bull_trend,108,80,28,0.778956945,-151.657295,38.14913569,0.740740740741
CombinedBinHAndClucHyper,high_vol_shock,45,39,6,4.18061589,-120.80347731,50.67449214,0.866666666667
CombinedBinHAndClucHyper,range_choppy,96,77,19,0.53472469,-75.31550244,13.73261134,0.802083333333
CombinedBinHAndClucHyper,range_quiet,56,35,21,0.00395666,-0.1347624,4.84528424,0.625
CombinedBinHAndClucHyper,transition,133,98,35,0.3997821,-150.43143004,11.02776047,0.736842105263
CombinedBinHAndClucHyperV0,bear_trend,115,70,45,0.2127246,-8.09516262,3.9904861,0.608695652174
CombinedBinHAndClucHyperV0,bull_trend,124,70,54,0.109414155,-35.96268694,12.86912509,0.564516129032
CombinedBinHAndClucHyperV0,high_vol_shock,47,23,24,-0.07860773,-59.90334,9.96447479,0.489361702128
CombinedBinHAndClucHyperV0,range_choppy,122,71,51,0.15238375,-13.4414593,7.33496194,0.581967213115
CombinedBinHAndClucHyperV0,range_quiet,76,38,38,-0.0203687,-5.02803667,2.3107185,0.5
CombinedBinHAndClucHyperV0,transition,155,93,62,0.1400972,-7.15904627,4.80149964,0.6
CombinedBinHAndClucHyperV3,bear_trend,76,45,31,0.520674015,-8.20997864,6.48357848,0.592105263158
CombinedBinHAndClucHyperV3,bull_trend,91,41,50,-0.1070099,-16.59296374,11.81726697,0.450549450549
CombinedBinHAndClucHyperV3,high_vol_shock,42,19,23,-1.286217135,-48.56202693,6.27121003,0.452380952381
CombinedBinHAndClucHyperV3,range_choppy,67,38,29,0.436579,-7.7291965,7.07651,0.567164179104
CombinedBinHAndClucHyperV3,range_quiet,39,19,20,-0.02430145,-7.81780139,3.0154275,0.487179487179
CombinedBinHAndClucHyperV3,transition,95,56,39,0.45108117,-8.66717047,4.77803708,0.589473684211
CombinedBinHAndClucV2,bear_trend,29,15,14,0.03653914,-12.0006137,5.41954695,0.51724137931
CombinedBinHAndClucV2,bull_trend,59,47,12,2.91902836,-8.77859412,18.02761833,0.796610169492
CombinedBinHAndClucV2,high_vol_shock,35,22,13,1.5175006,-20.84050407,58.50517603,0.628571428571
CombinedBinHAndClucV2,range_choppy,39,26,13,1.50268776,-16.16037677,13.22372277,0.666666666667
CombinedBinHAndClucV2,range_quiet,14,12,2,3.13910613,-2.4389904,6.45817085,0.857142857143
CombinedBinHAndClucV2,transition,44,32,12,1.56396787,-18.0311566,9.57225719,0.727272727273
CombinedBinHAndClucV3,bear_trend,97,79,18,7.69755125,-43.04931134,34.20434652,0.814432989691
CombinedBinHAndClucV3,bull_trend,102,83,19,7.10978096,-55.8608622,66.18419627,0.813725490196
CombinedBinHAndClucV3,high_vol_shock,46,34,12,10.73778994,-179.06302553,252.87381581,0.739130434783
CombinedBinHAndClucV3,range_choppy,90,66,24,4.973149405,-39.78313437,49.29239807,0.733333333333
CombinedBinHAndClucV3,range_quiet,61,48,13,5.09222181,-225.71544428,25.68277356,0.786885245902
CombinedBinHAndClucV3,transition,123,93,30,5.03403354,-224.54284935,29.28232701,0.756097560976
CombinedBinHAndClucV4,bear_trend,100,65,35,4.2384008,-40.6259281,27.9741519,0.65
CombinedBinHAndClucV4,bull_trend,102,65,37,4.644161385,-29.71006358,32.24340899,0.637254901961
CombinedBinHAndClucV4,high_vol_shock,46,28,18,5.283630535,-61.36283167,185.14498866,0.608695652174
CombinedBinHAndClucV4,range_choppy,91,53,38,2.56620568,-20.62575496,27.309393,0.582417582418
CombinedBinHAndClucV4,range_quiet,61,46,15,4.55331244,-18.47462667,20.74828083,0.754098360656
CombinedBinHAndClucV4,transition,123,72,51,2.490314,-54.82357074,21.88454443,0.585365853659
CombinedBinHAndClucV5,bear_trend,100,67,33,4.29529057,-38.24244781,29.88532068,0.67
CombinedBinHAndClucV5,bull_trend,102,70,32,4.2529977,-29.58756764,34.49256734,0.686274509804
CombinedBinHAndClucV5,high_vol_shock,46,32,14,4.12544312,-73.38239666,173.83880122,0.695652173913
CombinedBinHAndClucV5,range_choppy,91,56,35,2.3776107,-20.8454878,26.6821736,0.615384615385
CombinedBinHAndClucV5,range_quiet,61,49,12,4.65461392,-18.6615074,23.05358738,0.803278688525
CombinedBinHAndClucV5,transition,123,75,48,2.46811467,-56.10232239,21.36252564,0.609756097561
CombinedBinHAndClucV5Hyperoptable,bear_trend,93,60,33,4.52047238,-31.76068605,27.62687998,0.645161290323
CombinedBinHAndClucV5Hyperoptable,bull_trend,102,74,28,4.266326065,-30.2817113,38.4672564,0.725490196078
CombinedBinHAndClucV5Hyperoptable,high_vol_shock,45,28,17,3.01340924,-77.52126256,182.55755012,0.622222222222
CombinedBinHAndClucV5Hyperoptable,range_choppy,88,56,32,2.459013295,-21.6079895,32.35976931,0.636363636364
CombinedBinHAndClucV5Hyperoptable,range_quiet,59,47,12,4.4560453,-19.57332592,20.50571513,0.796610169492
CombinedBinHAndClucV5Hyperoptable,transition,109,70,39,2.5428838,-58.21807512,22.045358,0.642201834862
CombinedBinHAndClucV6,bear_trend,79,34,45,-1.7777474,-29.84124848,28.60047718,0.430379746835
CombinedBinHAndClucV6,bull_trend,98,52,46,0.336256655,-20.49009748,28.2064892,0.530612244898
CombinedBinHAndClucV6,high_vol_shock,35,22,13,7.4882388,-16.30989301,71.18344445,0.628571428571
CombinedBinHAndClucV6,range_choppy,89,51,38,1.57774056,-13.65807084,20.9257743,0.573033707865
CombinedBinHAndClucV6,range_quiet,70,36,34,0.178716605,-13.74155332,31.90462506,0.514285714286
CombinedBinHAndClucV6,transition,119,55,64,-1.32749183,-23.88168069,15.38379526,0.46218487395
CombinedBinHAndClucV6H,bear_trend,79,44,35,0.56120025,-23.64548222,10.99941206,0.556962025316
CombinedBinHAndClucV6H,bull_trend,98,58,40,1.572457065,-23.62551294,27.83459519,0.591836734694
CombinedBinHAndClucV6H,high_vol_shock,35,23,12,3.33877464,-12.8034236,61.12198199,0.657142857143
CombinedBinHAndClucV6H,range_choppy,89,63,26,1.876475,-16.64959655,13.89258371,0.707865168539
CombinedBinHAndClucV6H,range_quiet,70,42,28,0.909059775,-11.14081976,11.45307258,0.6
CombinedBinHAndClucV6H,transition,119,77,42,1.01478712,-22.48938,15.13263038,0.647058823529
CombinedBinHAndClucV7,bear_trend,35,18,17,0.4200417,-6.6795495,12.78148856,0.514285714286
CombinedBinHAndClucV7,bull_trend,69,44,25,2.0085884,-24.14004042,26.19124977,0.63768115942
CombinedBinHAndClucV7,high_vol_shock,34,22,12,3.1914782,-8.61898376,81.52823295,0.647058823529
CombinedBinHAndClucV7,range_choppy,53,36,17,2.27315908,-11.72334976,11.93403666,0.679245283019
CombinedBinHAndClucV7,range_quiet,36,25,11,1.17199951,-7.42848782,8.56526133,0.694444444444
CombinedBinHAndClucV7,transition,66,37,29,0.81560425,-20.2750209,15.48585195,0.560606060606
CombinedBinHAndClucV8,bear_trend,32,20,12,1.846808285,-4.90391145,4.92054462,0.625
CombinedBinHAndClucV8,bull_trend,68,50,18,2.059297545,-23.69010862,29.81626617,0.735294117647
CombinedBinHAndClucV8,high_vol_shock,33,27,6,4.70876415,-5.9419085,72.06774105,0.818181818182
CombinedBinHAndClucV8,range_choppy,51,40,11,1.9767552,-11.48318019,9.524195,0.78431372549
CombinedBinHAndClucV8,range_quiet,36,27,9,1.12474652,-7.03412325,6.4494919,0.75
CombinedBinHAndClucV8,transition,65,37,28,0.28844208,-19.68334551,8.69976528,0.569230769231
CombinedBinHAndClucV8Hyper,bear_trend,52,32,20,0.03795878,-19.38642061,6.99619083,0.615384615385
CombinedBinHAndClucV8Hyper,bull_trend,84,57,27,1.47048244,-26.16509088,30.95200976,0.678571428571
CombinedBinHAndClucV8Hyper,high_vol_shock,32,21,11,5.67064797,-13.6333993,97.16680376,0.65625
CombinedBinHAndClucV8Hyper,range_choppy,67,45,22,0.2653938,-11.59253154,13.97221877,0.671641791045
CombinedBinHAndClucV8Hyper,range_quiet,55,34,21,0.21015334,-12.41263452,11.51952269,0.618181818182
CombinedBinHAndClucV8Hyper,transition,87,59,28,0.05702089,-14.95942583,8.89088854,0.67816091954
CombinedBinHAndClucV8XH,bear_trend,29,17,12,1.0860479,-6.19948492,6.57940562,0.586206896552
CombinedBinHAndClucV8XH,bull_trend,62,41,21,1.6311101,-25.17772896,21.95811171,0.661290322581
CombinedBinHAndClucV8XH,high_vol_shock,27,22,5,4.3873727,-8.62513938,50.61886174,0.814814814815
CombinedBinHAndClucV8XH,range_choppy,45,30,15,1.6851143,-8.33285255,9.4615241,0.666666666667
CombinedBinHAndClucV8XH,range_quiet,35,26,9,0.76601859,-6.0243003,3.6301343,0.742857142857
CombinedBinHAndClucV8XH,transition,55,31,24,0.4275926,-18.0249763,8.08793382,0.563636363636
CombinedBinHAndClucV8XHO,bear_trend,31,17,14,0.9349841,-7.09579599,8.66185564,0.548387096774
CombinedBinHAndClucV8XHO,bull_trend,68,49,19,2.080121055,-26.04167064,26.54533452,0.720588235294
CombinedBinHAndClucV8XHO,high_vol_shock,29,25,4,6.16905259,-16.6447926,79.33035566,0.862068965517
CombinedBinHAndClucV8XHO,range_choppy,52,35,17,1.74903129,-8.62716964,11.77862213,0.673076923077
CombinedBinHAndClucV8XHO,range_quiet,37,28,9,1.21008686,-7.00006725,4.18126805,0.756756756757
CombinedBinHAndClucV8XHO,transition,61,36,25,1.20088116,-19.04533041,9.2699665,0.590163934426
CombinedBinHClucAndMADV3,bear_trend,68,54,14,7.62908729,-20.91119463,43.14313553,0.794117647059
CombinedBinHClucAndMADV3,bull_trend,90,69,21,6.45717298,-29.40779688,75.90496052,0.766666666667
CombinedBinHClucAndMADV3,high_vol_shock,43,37,6,11.49223086,-23.7048824,288.17847777,0.860465116279
CombinedBinHClucAndMADV3,range_choppy,71,45,26,5.3851392,-46.34784799,28.89890603,0.633802816901
CombinedBinHClucAndMADV3,range_quiet,50,42,8,6.97777637,-34.00737648,22.37625016,0.84
CombinedBinHClucAndMADV3,transition,88,58,30,5.73403216,-87.11340294,45.34016832,0.659090909091
CombinedBinHClucAndMADV5,bear_trend,74,51,23,1.13873051,-19.83969284,14.77936997,0.689189189189
CombinedBinHClucAndMADV5,bull_trend,94,61,33,1.1410932,-25.24994848,26.62797104,0.648936170213
CombinedBinHClucAndMADV5,high_vol_shock,36,30,6,7.23133022,-8.29447861,94.90589323,0.833333333333
CombinedBinHClucAndMADV5,range_choppy,88,62,26,1.16187969,-21.36093983,20.84526234,0.704545454545
CombinedBinHClucAndMADV5,range_quiet,77,48,29,1.1263845,-19.38435275,11.24344344,0.623376623377
CombinedBinHClucAndMADV5,transition,113,72,41,1.05948214,-24.888678,18.30157863,0.637168141593
CombinedBinHClucAndMADV6,bear_trend,74,51,23,1.250874555,-21.50978379,19.6838633,0.689189189189
CombinedBinHClucAndMADV6,bull_trend,93,62,31,1.24403792,-25.27756373,32.18880228,0.666666666667
CombinedBinHClucAndMADV6,high_vol_shock,36,31,5,8.74692486,-9.0279279,110.97672994,0.861111111111
CombinedBinHClucAndMADV6,range_choppy,88,62,26,1.244466425,-22.65923881,22.32722934,0.704545454545
CombinedBinHClucAndMADV6,range_quiet,77,47,30,1.2268391,-49.67492292,15.1739673,0.61038961039
CombinedBinHClucAndMADV6,transition,113,72,41,1.13406561,-26.8010284,26.88991071,0.637168141593
CombinedBinHClucAndMADV9,bear_trend,100,72,28,1.91625559,-71.86340636,19.7029466,0.72
CombinedBinHClucAndMADV9,bull_trend,109,80,29,1.65653099,-25.27966284,62.92564028,0.733944954128
CombinedBinHClucAndMADV9,high_vol_shock,38,32,6,7.858890785,-13.58069202,116.55705439,0.842105263158
CombinedBinHClucAndMADV9,range_choppy,109,75,34,1.4365986,-23.7519441,20.9704201,0.688073394495
CombinedBinHClucAndMADV9,range_quiet,105,72,33,1.32389872,-45.98049203,19.3522622,0.685714285714
CombinedBinHClucAndMADV9,transition,146,93,53,1.302453195,-86.2745496,23.37644259,0.63698630137
Combined_Indicators,bear_trend,112,73,39,0.57553365,-29.07395328,6.8133214,0.651785714286
Combined_Indicators,bull_trend,117,68,49,0.54627918,-24.09174022,16.21464696,0.581196581197
Combined_Indicators,high_vol_shock,48,30,18,1.2487388,-69.79728124,71.00633419,0.625
Combined_Indicators,range_choppy,105,60,45,0.5247817,-21.24455022,10.69450146,0.571428571429
Combined_Indicators,range_quiet,76,46,30,0.5877917,-18.58094867,4.39366175,0.605263157895
Combined_Indicators,transition,144,82,62,0.66599902,-21.24097775,18.72915988,0.569444444444
Combined_NFIv6_SMA,bear_trend,32,23,9,1.363405995,-9.31783877,16.75127965,0.71875
Combined_NFIv6_SMA,bull_trend,94,82,12,4.763293435,-28.54306968,64.51681351,0.872340425532
Combined_NFIv6_SMA,high_vol_shock,33,32,1,15.03201476,-19.69821228,174.49687433,0.969696969697
Combined_NFIv6_SMA,range_choppy,57,42,15,4.09810442,-30.23039712,20.20225782,0.736842105263
Combined_NFIv6_SMA,range_quiet,43,29,14,0.65968385,-13.47836538,18.7287015,0.674418604651
Combined_NFIv6_SMA,transition,65,45,20,3.00334109,-69.0431021,38.55511181,0.692307692308
Combined_NFIv7_SMA,bear_trend,33,23,10,1.12338584,-10.87453334,16.1569402,0.69696969697
Combined_NFIv7_SMA,bull_trend,91,81,10,4.73255629,-28.24936176,57.38370174,0.89010989011
Combined_NFIv7_SMA,high_vol_shock,32,32,0,20.164529565,0.23563224,181.86449538,1
Combined_NFIv7_SMA,range_choppy,52,39,13,4.152578615,-29.59374432,18.78024649,0.75
Combined_NFIv7_SMA,range_quiet,40,27,13,0.80429693,-19.7496848,18.26798903,0.675
Combined_NFIv7_SMA,transition,61,44,17,1.7222436,-67.1529226,37.25009851,0.72131147541
CompleteIndicatorStrategy2,bull_trend,5,0,5,-0.97484106,-1.59020666,-0.72235813,0
CompleteIndicatorStrategy2,high_vol_shock,1,0,1,-15.56166429,-15.56166429,-15.56166429,0
CompleteIndicatorStrategy2,range_choppy,3,0,3,-1.11607046,-3.4889196,-0.93039432,0
CompleteIndicatorStrategy2,transition,4,0,4,-0.99762306,-4.03287807,-0.42312503,0
CompositeScoreStrategy,bear_trend,19,2,17,-2.4549422,-28.54805665,3.3149127,0.105263157895
CompositeScoreStrategy,bull_trend,28,2,26,-5.204393795,-42.44470628,2.7381423,0.0714285714286
CompositeScoreStrategy,high_vol_shock,11,2,9,-0.38882788,-79.03138823,0.24891812,0.181818181818
CompositeScoreStrategy,range_choppy,25,7,18,-1.65118565,-38.13869908,14.3936287,0.28
CompositeScoreStrategy,range_quiet,17,2,15,-1.49135661,-20.26687588,0.1878969,0.117647058824
CompositeScoreStrategy,transition,33,3,30,-3.203399,-36.35583512,6.03378046,0.0909090909091
ConsensusShort,bear_trend,10,3,7,-10.998026395,-79.04961892,3.34372983,0.3
ConsensusShort,bull_trend,14,6,8,-0.071813105,-3.00928436,4.14591996,0.428571428571
ConsensusShort,high_vol_shock,4,3,1,0.22134575,-0.04769706,0.50011055,0.75
ConsensusShort,range_choppy,7,3,4,-0.04941623,-21.06861947,2.65813186,0.428571428571
ConsensusShort,range_quiet,5,0,5,-1.00119802,-56.56791796,-0.08080296,0
ConsensusShort,transition,14,4,10,-0.132982125,-135.67882055,2.67710481,0.285714285714
CoppockCurveStrategy,bear_trend,64,13,51,-0.971798395,-29.84603357,5.84953555,0.203125
CoppockCurveStrategy,bull_trend,66,11,55,-0.8809582,-22.00821049,7.40881769,0.166666666667
CoppockCurveStrategy,high_vol_shock,30,5,25,-2.55367578,-34.5039567,5.53434116,0.166666666667
CoppockCurveStrategy,range_choppy,64,17,47,-0.50342581,-19.70146676,2.25601274,0.265625
CoppockCurveStrategy,range_quiet,29,6,23,-0.33162454,-11.96142548,1.8487002,0.206896551724
CoppockCurveStrategy,transition,87,15,72,-1.22576485,-29.12479552,5.14178654,0.172413793103
CoreStrategy,bear_trend,20,18,2,4.68100686,-2.84085051,18.5238425,0.9
CoreStrategy,bull_trend,50,46,4,5.42667978,-22.3827975,46.40158324,0.92
CoreStrategy,high_vol_shock,30,27,3,12.080348425,-18.06494169,168.11858987,0.9
CoreStrategy,range_choppy,38,32,6,2.70964986,-45.6260738,21.7918673,0.842105263158
CoreStrategy,range_quiet,31,24,7,1.93643235,-116.84211119,22.5845844,0.774193548387
CoreStrategy,transition,43,28,15,0.5584272,-55.03981304,38.53090729,0.651162790698
CrossEMAStrategy,bear_trend,152,62,90,-2.916646245,-361.37839955,576.78176434,0.407894736842
CrossEMAStrategy,bull_trend,115,38,77,-16.50808341,-143.1286056,659.92660029,0.330434782609
CrossEMAStrategy,high_vol_shock,47,20,27,-20.4561156,-423.1489972,881.43854205,0.425531914894
CrossEMAStrategy,range_choppy,120,51,69,-5.566030855,-336.94307116,822.10602155,0.425
CrossEMAStrategy,range_quiet,118,56,62,-3.248194675,-184.23958069,1652.91388436,0.474576271186
CrossEMAStrategy,transition,201,75,126,-6.9231761,-182.01845627,1123.31920211,0.373134328358
CryptoFrog,bear_trend,139,75,64,0.09192607,-19.88021573,18.14733659,0.539568345324
CryptoFrog,bull_trend,157,79,77,0.00024816,-49.73295946,23.10841854,0.503184713376
CryptoFrog,high_vol_shock,49,32,17,1.2410774,-75.46204378,53.19004149,0.65306122449
CryptoFrog,range_choppy,142,69,73,-0.000236175,-25.48420902,12.45840214,0.485915492958
CryptoFrog,range_quiet,125,49,76,-0.5336897,-13.5634875,8.17261904,0.392
CryptoFrog,transition,222,119,103,0.027700615,-15.04645792,12.27718795,0.536036036036
CryptoFrogHO,bear_trend,141,68,73,-0.16210367,-45.78421136,49.86696293,0.482269503546
CryptoFrogHO,bull_trend,158,74,83,-0.260821615,-23.0322654,51.39967133,0.46835443038
CryptoFrogHO,high_vol_shock,49,39,10,7.80415997,-13.77661338,114.61532683,0.795918367347
CryptoFrogHO,range_choppy,143,54,89,-1.18404375,-62.70412692,29.55032459,0.377622377622
CryptoFrogHO,range_quiet,127,41,86,-2.4265422,-52.67008013,44.1583232,0.322834645669
CryptoFrogHO,transition,224,95,129,-0.72813255,-48.94049831,23.36902304,0.424107142857
CryptoFrogHO2,bear_trend,141,49,92,-0.86357405,-26.83543976,61.09857851,0.347517730496
CryptoFrogHO2,bull_trend,158,68,89,-0.100790065,-25.08941062,39.79926967,0.430379746835
CryptoFrogHO2,high_vol_shock,49,36,13,2.26468,-22.67811864,91.51866932,0.734693877551
CryptoFrogHO2,range_choppy,143,46,97,-0.83007327,-49.29887906,18.56166994,0.321678321678
CryptoFrogHO2,range_quiet,127,20,107,-1.68383834,-31.31838371,2.4600818,0.157480314961
CryptoFrogHO2,transition,224,87,137,-0.565993845,-49.87344576,21.22580655,0.388392857143
CryptoFrogHO2A,bear_trend,141,49,92,-0.81291331,-25.08083539,96.55850991,0.347517730496
CryptoFrogHO2A,bull_trend,158,69,88,-0.09781568,-23.45156934,37.23664065,0.436708860759
CryptoFrogHO2A,high_vol_shock,49,35,14,1.55794849,-23.37388143,90.89895103,0.714285714286
CryptoFrogHO2A,range_choppy,143,46,97,-0.8074723,-46.08652631,18.12528988,0.321678321678
CryptoFrogHO2A,range_quiet,127,20,107,-1.57469532,-29.27123219,2.3014571,0.157480314961
CryptoFrogHO2A,transition,224,87,137,-0.53392259,-46.62059654,19.98690731,0.388392857143
CryptoFrogHO3A1,bear_trend,137,47,90,-0.64703058,-28.86740472,34.37956457,0.343065693431
CryptoFrogHO3A1,bull_trend,151,64,87,-0.23333028,-25.47217412,28.32009078,0.423841059603
CryptoFrogHO3A1,high_vol_shock,47,32,15,2.22531831,-27.26477389,103.27228949,0.68085106383
CryptoFrogHO3A1,range_choppy,140,43,97,-0.769810585,-49.35143055,15.10457989,0.307142857143
CryptoFrogHO3A1,range_quiet,120,16,104,-1.27828868,-28.51300379,12.9857124,0.133333333333
CryptoFrogHO3A1,transition,213,80,133,-0.52615435,-43.73135705,23.72378999,0.37558685446
CryptoFrogHO3A2,bear_trend,131,40,91,-0.7923477,-22.33059026,31.17379566,0.30534351145
CryptoFrogHO3A2,bull_trend,148,59,89,-0.259891835,-28.96407337,33.73092463,0.398648648649
CryptoFrogHO3A2,high_vol_shock,47,30,17,0.66002737,-25.30317342,94.67813698,0.63829787234
CryptoFrogHO3A2,range_choppy,136,41,95,-0.62529271,-46.90017548,9.64814155,0.301470588235
CryptoFrogHO3A2,range_quiet,112,17,95,-1.32790354,-21.71974567,7.5769972,0.151785714286
CryptoFrogHO3A2,transition,209,70,139,-0.50703434,-34.94455459,18.70267267,0.334928229665
CryptoFrogHO3A3,bear_trend,137,42,95,-0.99272288,-36.37593939,40.811422,0.306569343066
CryptoFrogHO3A3,bull_trend,151,58,93,-0.35299839,-30.10552569,47.85999984,0.384105960265
CryptoFrogHO3A3,high_vol_shock,47,32,15,1.87352418,-26.63965085,229.35434054,0.68085106383
CryptoFrogHO3A3,range_choppy,140,42,98,-0.78613629,-40.42811549,31.83446801,0.3
CryptoFrogHO3A3,range_quiet,120,13,107,-1.699332055,-35.40509991,3.5802433,0.108333333333
CryptoFrogHO3A3,transition,213,73,140,-0.80211597,-60.13634603,57.4706683,0.342723004695
CryptoFrogHO3A4,bear_trend,141,44,97,-1.28058686,-25.23515713,30.9408463,0.312056737589
CryptoFrogHO3A4,bull_trend,158,69,89,-0.335935045,-22.48641045,23.62433026,0.436708860759
CryptoFrogHO3A4,high_vol_shock,49,36,13,4.77332146,-13.48693606,103.83324565,0.734693877551
CryptoFrogHO3A4,range_choppy,143,43,100,-0.9868501,-29.41606815,12.7971394,0.300699300699
CryptoFrogHO3A4,range_quiet,127,22,105,-1.90821295,-31.06296219,5.5229788,0.173228346457
CryptoFrogHO3A4,transition,224,82,142,-0.90465992,-39.41458557,47.56854956,0.366071428571
CryptoFrogNFI,bear_trend,146,64,82,-0.45857505,-30.02235025,33.56452736,0.438356164384
CryptoFrogNFI,bull_trend,163,77,86,-0.05001239,-29.44627477,56.85447114,0.472392638037
CryptoFrogNFI,high_vol_shock,49,36,13,2.70082266,-65.87709487,98.83786516,0.734693877551
CryptoFrogNFI,range_choppy,147,61,86,-0.58077637,-44.83933041,19.22528639,0.414965986395
CryptoFrogNFI,range_quiet,132,42,90,-0.84466484,-15.3376882,5.48048725,0.318181818182
CryptoFrogNFI,transition,229,96,133,-0.27687938,-36.24023025,11.28794412,0.419213973799
CryptoFrogNFIHO1A,bear_trend,146,65,81,-0.552233955,-57.76085097,52.83366486,0.445205479452
CryptoFrogNFIHO1A,bull_trend,163,84,79,0.116861,-31.53500524,90.90103247,0.515337423313
CryptoFrogNFIHO1A,high_vol_shock,49,38,11,4.68633244,-94.11873016,187.52514586,0.775510204082
CryptoFrogNFIHO1A,range_choppy,147,60,87,-0.96711706,-47.5309319,24.10581406,0.408163265306
CryptoFrogNFIHO1A,range_quiet,132,43,89,-1.184175535,-23.05493955,13.06845924,0.325757575758
CryptoFrogNFIHO1A,transition,229,96,133,-0.41849042,-46.68071639,15.32554776,0.419213973799
CryptoFrogOffset,bear_trend,146,63,83,-0.160237315,-31.45546992,17.69553188,0.431506849315
CryptoFrogOffset,bull_trend,162,75,87,-0.052411005,-62.93182175,19.71400799,0.462962962963
CryptoFrogOffset,high_vol_shock,49,30,19,0.37951281,-98.88424482,42.82900579,0.612244897959
CryptoFrogOffset,range_choppy,147,62,85,-0.08904434,-21.77284025,19.02572113,0.421768707483
CryptoFrogOffset,range_quiet,131,43,88,-0.18201836,-13.06332396,3.4108089,0.328244274809
CryptoFrogOffset,transition,229,96,133,-0.07367526,-23.73339254,7.14289863,0.419213973799
CryptoFrog_nateema,bear_trend,102,71,31,2.714028405,-43.1738438,85.00048556,0.696078431373
CryptoFrog_nateema,bull_trend,109,66,43,0.57520964,-93.4714684,38.73119932,0.605504587156
CryptoFrog_nateema,high_vol_shock,46,30,16,10.673710295,-127.03741911,172.09309532,0.652173913043
CryptoFrog_nateema,range_choppy,105,71,34,2.38548183,-40.60347208,31.04486383,0.67619047619
CryptoFrog_nateema,range_quiet,63,36,27,1.33460238,-41.99744741,10.25092852,0.571428571429
CryptoFrog_nateema,transition,126,80,46,2.29771788,-64.15122491,23.30245476,0.634920634921
CustomStoplossWithPSAR,bear_trend,21,11,10,38.65703827,-248.54749214,986.71208512,0.52380952381
CustomStoplossWithPSAR,high_vol_shock,7,2,5,-40.54055635,-121.43070807,6370.47000098,0.285714285714
CustomStoplossWithPSAR,range_choppy,4,0,4,-114.7562345,-132.9420633,-99.3921504,0
CustomStoplossWithPSAR,range_quiet,4,0,4,-113.056172395,-114.88456186,-110.013288,0
CustomStoplossWithPSAR,transition,5,0,5,-103.15997577,-120.6391676,-39.4745419,0
DD,bear_trend,66,32,34,-0.16281761,-20.79415152,12.99792887,0.484848484848
DD,bull_trend,72,21,51,-1.213104585,-43.08214129,20.44140643,0.291666666667
DD,high_vol_shock,30,14,16,-0.180368235,-81.48173862,60.693384,0.466666666667
DD,range_choppy,70,21,49,-0.99986746,-43.37492661,13.3377985,0.3
DD,range_quiet,35,12,23,-0.30572495,-16.94325254,4.20125179,0.342857142857
DD,transition,93,33,60,-0.8552349,-20.98052277,13.10114472,0.354838709677
DMIPRICEDCAStrategyFuture,bear_trend,92,55,37,4.29513076,-77.7492218,36.81713039,0.597826086957
DMIPRICEDCAStrategyFuture,bull_trend,87,56,31,5.44278102,-58.86179943,43.12943158,0.64367816092
DMIPRICEDCAStrategyFuture,high_vol_shock,43,31,12,7.22616518,-57.29518477,48.43403755,0.720930232558
DMIPRICEDCAStrategyFuture,range_choppy,54,38,16,4.65131757,-68.91874236,24.80180801,0.703703703704
DMIPRICEDCAStrategyFuture,range_quiet,22,20,2,5.26905696,-7.85418447,11.15088194,0.909090909091
DMIPRICEDCAStrategyFuture,transition,83,61,22,5.5512668,-53.52343855,34.33996346,0.734939759036
DWT_LongShort,bear_trend,33,13,20,-0.21063465,-14.86924742,4.15602045,0.393939393939
DWT_LongShort,bull_trend,44,12,32,-1.264416465,-44.71892017,7.19568882,0.272727272727
DWT_LongShort,high_vol_shock,25,6,19,-3.5141995,-82.42223119,2.4801566,0.24
DWT_LongShort,range_choppy,41,15,26,-0.26851308,-14.84991815,5.18357023,0.365853658537
DWT_LongShort,range_quiet,17,7,10,-0.07716601,-8.76456245,2.62353629,0.411764705882
DWT_LongShort,transition,54,18,36,-0.352908795,-10.34940426,11.58293996,0.333333333333
DWT_short,bear_trend,92,36,56,-0.070489525,-13.18255807,6.34331555,0.391304347826
DWT_short,bull_trend,93,39,54,-0.06619842,-33.1370641,12.79333104,0.41935483871
DWT_short,high_vol_shock,44,12,32,-1.24840614,-72.43475384,9.15305754,0.272727272727
DWT_short,range_choppy,95,39,56,-0.15886699,-22.63553504,6.70454869,0.410526315789
DWT_short,range_quiet,45,18,27,-0.06242169,-11.53785235,0.86465475,0.4
DWT_short,transition,133,60,73,-0.05934464,-24.01932645,8.58905684,0.451127819549
DemaCrossStrategy,bear_trend,65,14,51,-1.12153142,-21.53948879,7.89538863,0.215384615385
DemaCrossStrategy,bull_trend,72,13,59,-1.300773745,-34.04654191,10.01127179,0.180555555556
DemaCrossStrategy,high_vol_shock,30,6,24,-1.692099145,-50.73189994,18.24424694,0.2
DemaCrossStrategy,range_choppy,75,14,61,-1.10553386,-19.63225649,8.1714613,0.186666666667
DemaCrossStrategy,range_quiet,37,16,21,-0.20087143,-14.70392406,0.5244212,0.432432432432
DemaCrossStrategy,transition,95,23,72,-0.48847446,-15.43275488,6.29735923,0.242105263158
DevDsl2Approx,bear_trend,48,26,22,0.530893315,-10.23325536,4.08627664,0.541666666667
DevDsl2Approx,bull_trend,43,30,13,0.89248257,-10.28221802,6.18902038,0.697674418605
DevDsl2Approx,high_vol_shock,35,24,11,1.5740168,-18.68134557,12.06691706,0.685714285714
DevDsl2Approx,range_choppy,42,27,15,1.41360275,-10.06140028,3.29564459,0.642857142857
DevDsl2Approx,range_quiet,20,15,5,1.07192586,-2.79609462,2.13686048,0.75
DevDsl2Approx,transition,56,40,16,0.999110985,-10.18361027,5.21688521,0.714285714286
Diamond,bear_trend,61,45,16,1.2237828,-77.30994247,30.7860748,0.737704918033
Diamond,bull_trend,70,41,29,0.22333214,-48.08368328,51.34626525,0.585714285714
Diamond,high_vol_shock,31,22,9,2.35967319,-278.20142693,48.46182404,0.709677419355
Diamond,range_choppy,70,53,17,1.697269895,-123.23962318,49.06636666,0.757142857143
Diamond,range_quiet,50,34,16,0.149542975,-26.27269176,5.46307067,0.68
Diamond,transition,114,89,25,1.348803775,-37.99334428,45.44842457,0.780701754386
Divergences,bear_trend,141,48,93,-0.49219081,-26.84391408,7.53718042,0.340425531915
Divergences,bull_trend,147,43,104,-0.40518363,-40.38359733,13.63166995,0.292517006803
Divergences,high_vol_shock,48,19,29,-0.95078476,-68.03043043,23.95998012,0.395833333333
Divergences,range_choppy,141,50,91,-0.4464072,-12.69091964,7.982713,0.354609929078
Divergences,range_quiet,118,29,89,-0.58459356,-6.8638397,3.51342517,0.245762711864
Divergences,transition,208,74,134,-0.14947544,-19.87426434,25.02475046,0.355769230769
DonchianBounce,bear_trend,5,4,1,0.0297663,-0.00099841,5.67999688,0.8
DonchianBounce,bull_trend,6,6,0,0.8700696,0.00042042,4.88641572,1
DonchianBounce,high_vol_shock,11,9,2,0.9922809,-0.0562464,9.82692659,0.818181818182
DonchianBounce,range_choppy,1,1,0,5.0708489,5.0708489,5.0708489,1
DonchianBounce,range_quiet,1,1,0,5.02203579,5.02203579,5.02203579,1
DonchianBounce,transition,1,1,0,0.00020835,0.00020835,0.00020835,1
DonchianBreakoutStrategy,bear_trend,34,6,28,-1.338727965,-23.93854038,2.21218817,0.176470588235
DonchianBreakoutStrategy,bull_trend,44,6,38,-2.84766274,-34.47299896,2.82122112,0.136363636364
DonchianBreakoutStrategy,high_vol_shock,23,1,22,-3.8009199,-56.05036951,0.0459249,0.0434782608696
DonchianBreakoutStrategy,range_choppy,37,6,31,-1.68001994,-19.41208488,4.98920275,0.162162162162
DonchianBreakoutStrategy,range_quiet,20,3,17,-2.592805435,-20.06545707,1.2115622,0.15
DonchianBreakoutStrategy,transition,51,8,43,-2.24492653,-19.4458745,1.75808622,0.156862745098
DoubleEMACrossoverWithTrend,bear_trend,100,29,71,-3.24685968,-51.25298742,32.00383695,0.29
DoubleEMACrossoverWithTrend,bull_trend,141,41,100,-4.80135164,-56.26212029,218.69045814,0.290780141844
DoubleEMACrossoverWithTrend,high_vol_shock,41,14,27,-4.37962107,-51.19514047,113.29517996,0.341463414634
DoubleEMACrossoverWithTrend,range_choppy,109,31,78,-4.40452616,-38.16950001,76.2698322,0.284403669725
DoubleEMACrossoverWithTrend,range_quiet,108,51,57,-0.57329255,-26.59021328,69.91712331,0.472222222222
DoubleEMACrossoverWithTrend,transition,182,62,120,-2.75424418,-50.72488087,143.9073245,0.340659340659
Dyna_opti,bear_trend,17,9,8,0.00022992,-35.88642784,13.02863865,0.529411764706
Dyna_opti,bull_trend,42,36,6,3.061550085,-18.3349162,30.5458109,0.857142857143
Dyna_opti,high_vol_shock,31,19,12,1.60136083,-59.75521061,140.10941765,0.612903225806
Dyna_opti,range_choppy,26,23,3,3.117437015,-9.38219776,29.6903936,0.884615384615
Dyna_opti,range_quiet,11,11,0,1.84158805,0.0033976,6.89637864,1
Dyna_opti,transition,29,23,6,3.3211035,-23.9138807,16.21070604,0.793103448276
E0V1E,bear_trend,22,19,3,11.96926046,-2.0007267,30.1391914,0.863636363636
E0V1E,bull_trend,38,34,4,7.72251441,-20.751712,36.42835752,0.894736842105
E0V1E,high_vol_shock,19,18,1,48.41354816,-2.44019775,132.32263729,0.947368421053
E0V1E,range_choppy,16,12,4,6.554956475,-16.3622313,39.4713638,0.75
E0V1E,range_quiet,17,14,3,11.23129943,-2.45081837,28.32590219,0.823529411765
E0V1E,transition,26,20,6,5.424388165,-56.0718576,17.0613447,0.769230769231
E0V1E2,bear_trend,22,17,5,4.05979154,-9.72717768,28.86329347,0.772727272727
E0V1E2,bull_trend,38,25,13,2.01764112,-10.37529278,21.37256062,0.657894736842
E0V1E2,high_vol_shock,19,15,4,17.13206383,-6.30376656,44.63602068,0.789473684211
E0V1E2,range_choppy,16,11,5,0.987913055,-11.1687279,11.2345309,0.6875
E0V1E2,range_quiet,17,14,3,4.5985083,-4.30861464,22.23283007,0.823529411765
E0V1E2,transition,26,18,8,2.42548669,-33.2703984,16.8218846,0.692307692308
E0V1EN,bear_trend,20,17,3,4.07132133,-50.06139394,23.14707317,0.85
E0V1EN,bull_trend,35,27,8,3.32548726,-47.97907668,18.9973967,0.771428571429
E0V1EN,high_vol_shock,25,22,3,16.09030486,-83.45642868,158.87339996,0.88
E0V1EN,range_choppy,20,16,4,3.31598755,-44.32609701,12.40501564,0.8
E0V1EN,range_quiet,6,6,0,2.83582414,1.29456312,7.91053172,1
E0V1EN,transition,17,7,10,-1.14898375,-22.8734298,7.67200122,0.411764705882
E0V1E_3,bear_trend,4,2,2,-5.37104845,-12.87028536,5.59143994,0.5
E0V1E_3,bull_trend,8,5,3,4.219083725,-10.0134702,9.67413818,0.625
E0V1E_3,high_vol_shock,13,10,3,7.95387012,-12.423774,32.7508701,0.769230769231
E0V1E_3,range_choppy,1,1,0,3.83118831,3.83118831,3.83118831,1
E0V1E_3,range_quiet,1,1,0,4.0334371,4.0334371,4.0334371,1
E0V1E_3,transition,3,1,2,-1.2011199,-5.67487598,4.5059415,0.333333333333
E0V1E_DCA3,bear_trend,54,51,3,12.91767606,-2.312496,72.88376852,0.944444444444
E0V1E_DCA3,bull_trend,76,70,6,6.26953852,-35.90723477,120.85547249,0.921052631579
E0V1E_DCA3,high_vol_shock,42,38,4,18.616596935,-22.9122465,479.25112065,0.904761904762
E0V1E_DCA3,range_choppy,60,51,9,4.59948222,-33.41895193,47.0709032,0.85
E0V1E_DCA3,range_quiet,34,27,7,7.660722635,-83.4112714,100.6072812,0.794117647059
E0V1E_DCA3,transition,84,73,11,3.69753817,-164.73984603,46.9350344,0.869047619048
E0V1E_Shorts,bear_trend,6,2,4,-10.264934145,-15.379161,9.55480365,0.333333333333
E0V1E_Shorts,bull_trend,9,4,5,-14.57612218,-27.80098054,9.42009984,0.444444444444
E0V1E_Shorts,high_vol_shock,15,8,7,5.03359476,-86.3283612,37.95567562,0.533333333333
E0V1E_Shorts,range_choppy,5,2,3,-13.80912539,-24.6194091,9.24869407,0.4
E0V1E_Shorts,range_quiet,2,2,0,8.995381995,8.54995284,9.44081115,1
E0V1E_Shorts,transition,6,5,1,7.5746797,-16.871572,9.46721464,0.833333333333
E0V1E_ewo,bear_trend,18,18,0,7.664274935,0.237013,15.88275914,1
E0V1E_ewo,bull_trend,38,34,4,6.06910343,-4.55005899,40.99710791,0.894736842105
E0V1E_ewo,high_vol_shock,19,19,0,26.64298771,1.16579943,76.16345124,1
E0V1E_ewo,range_choppy,15,14,1,7.51261333,-40.401414,27.720451,0.933333333333
E0V1E_ewo,range_quiet,18,15,3,8.344074055,-49.29226211,20.5350624,0.833333333333
E0V1E_ewo,transition,24,21,3,5.812522785,-95.44837421,38.34748958,0.875
E0V1E_protections,bear_trend,22,19,3,11.96926046,-2.0007267,30.1391914,0.863636363636
E0V1E_protections,bull_trend,38,34,4,7.72251441,-20.751712,36.42835752,0.894736842105
E0V1E_protections,high_vol_shock,19,18,1,48.41354816,-2.44019775,132.32263729,0.947368421053
E0V1E_protections,range_choppy,16,12,4,6.554956475,-16.3622313,39.4713638,0.75
E0V1E_protections,range_quiet,17,14,3,11.23129943,-2.45081837,28.32590219,0.823529411765
E0V1E_protections,transition,26,20,6,5.424388165,-56.0718576,17.0613447,0.769230769231
E0V1E_strs,bear_trend,4,4,0,3.328078365,1.20105249,5.56882695,1
E0V1E_strs,bull_trend,16,14,2,0.973957645,-14.45477334,11.36637473,0.875
E0V1E_strs,high_vol_shock,16,16,0,6.945738985,0.69430089,28.5483452,1
E0V1E_strs,range_choppy,3,3,0,2.36805135,1.52130169,6.65280299,1
E0V1E_strs,range_quiet,1,1,0,0.40648176,0.40648176,0.40648176,1
E0V1E_strs,transition,4,4,0,1.47095596,0.4771543,2.79892182,1
EDTMA_Long_Short_prot_CE_1h_3Lev_3mt_March,bear_trend,142,69,73,-1.828606055,-438.19746059,3030.95380137,0.485915492958
EDTMA_Long_Short_prot_CE_1h_3Lev_3mt_March,bull_trend,150,84,66,5.040317755,-764.73652436,665.14091757,0.56
EDTMA_Long_Short_prot_CE_1h_3Lev_3mt_March,high_vol_shock,45,19,26,-11.9848926,-558.84765509,1200.4813423,0.422222222222
EDTMA_Long_Short_prot_CE_1h_3Lev_3mt_March,range_choppy,150,74,76,-0.398239605,-1034.47736439,878.37001632,0.493333333333
EDTMA_Long_Short_prot_CE_1h_3Lev_3mt_March,range_quiet,133,73,60,3.50024539,-1422.02625026,1136.00967581,0.548872180451
EDTMA_Long_Short_prot_CE_1h_3Lev_3mt_March,transition,207,100,107,-0.69741349,-1006.48904498,1590.69406924,0.48309178744
EI3v2_tag_cofi_green,bear_trend,92,80,12,15.148734,-122.5348142,144.30716865,0.869565217391
EI3v2_tag_cofi_green,bull_trend,94,80,14,11.7848462,-92.80562076,237.05635898,0.851063829787
EI3v2_tag_cofi_green,high_vol_shock,48,40,8,36.00490208,-153.01620503,1408.03639486,0.833333333333
EI3v2_tag_cofi_green,range_choppy,89,75,14,13.428963,-156.83603253,104.38097618,0.842696629213
EI3v2_tag_cofi_green,range_quiet,28,22,6,7.39687942,-128.8498435,88.1585972,0.785714285714
EI3v2_tag_cofi_green,transition,119,98,21,8.53301288,-286.60864,106.3326116,0.823529411765
EMA50,bear_trend,90,63,27,1.233864035,-119.53831317,117.94784069,0.7
EMA50,bull_trend,120,77,43,1.07126498,-251.78210313,117.33330581,0.641666666667
EMA50,high_vol_shock,47,21,26,-5.77338782,-439.11201482,328.34972671,0.446808510638
EMA50,range_choppy,106,81,25,1.673352885,-204.4363932,135.21237096,0.764150943396
EMA50,range_quiet,73,59,14,0.62374899,-24.02268806,49.72332365,0.808219178082
EMA50,transition,162,126,36,1.41589037,-150.89359266,159.69974375,0.777777777778
EMA520015_V17,bear_trend,155,63,92,-1.90306874,-59.74217933,29.84737474,0.406451612903
EMA520015_V17,bull_trend,133,52,81,-2.25280155,-31.7991455,88.14673852,0.390977443609
EMA520015_V17,high_vol_shock,49,21,28,-2.04583852,-74.83530904,39.77783462,0.428571428571
EMA520015_V17,range_choppy,132,55,77,-1.38466142,-40.48593078,56.18480144,0.416666666667
EMA520015_V17,range_quiet,124,64,60,0.23302857,-45.44271764,25.37211057,0.516129032258
EMA520015_V17,transition,216,88,128,-0.94468835,-35.72452636,66.38755803,0.407407407407
EMABBRSI,bear_trend,144,79,65,0.002518375,-46.22934863,5.00448127,0.548611111111
EMABBRSI,bull_trend,148,61,87,-0.092711485,-35.58194467,18.97080731,0.412162162162
EMABBRSI,high_vol_shock,49,20,29,-0.26053408,-69.91757866,9.95575947,0.408163265306
EMABBRSI,range_choppy,130,63,67,-2.285e-05,-15.53783198,5.38405968,0.484615384615
EMABBRSI,range_quiet,123,48,75,-0.0236217,-9.72935168,2.63849792,0.390243902439
EMABBRSI,transition,203,100,103,-6.6e-07,-17.17821834,4.34060625,0.492610837438
EMABounce,bear_trend,6,6,0,6.61988897,5.6347164,11.033514,1
EMABounce,bull_trend,5,5,0,4.96736874,0.00300655,9.6882023,1
EMABounce,high_vol_shock,10,10,0,6.03198594,4.9193305,39.10097618,1
EMABounce,range_choppy,7,6,1,5.5917,-0.0075897,11.51477728,0.857142857143
EMABounce,range_quiet,3,3,0,8.1536728,6.10781823,11.766041,1
EMABounce,transition,5,5,0,5.96371138,5.59810984,6.1006692,1
EMABreakout,bear_trend,88,64,24,1.056095905,-64.89317436,84.31149825,0.727272727273
EMABreakout,bull_trend,131,90,41,0.52516041,-95.09842192,62.21271351,0.687022900763
EMABreakout,high_vol_shock,47,23,24,-0.00023346,-254.1621105,167.03389219,0.489361702128
EMABreakout,range_choppy,108,86,22,1.5771728,-66.20499395,70.5145709,0.796296296296
EMABreakout,range_quiet,76,59,17,0.18105295,-17.12911656,23.56435289,0.776315789474
EMABreakout,transition,169,135,34,0.7571784,-85.74803199,119.4473394,0.798816568047
EMACross,bear_trend,29,8,21,-0.57976882,-25.54568972,8.48046973,0.275862068966
EMACross,bull_trend,39,7,32,-5.047536,-57.85154448,4.06109516,0.179487179487
EMACross,high_vol_shock,20,4,16,-3.49225451,-46.24336232,3.20618241,0.2
EMACross,range_choppy,31,10,21,-0.81679106,-29.96527772,22.50322013,0.322580645161
EMACross,range_quiet,20,9,11,-0.18119669,-13.4856453,3.37231965,0.45
EMACross,transition,46,14,32,-1.77987827,-29.93154363,8.13700009,0.304347826087
EMAPriceCrossoverWithThreshold,bear_trend,123,27,96,-7.62149558,-92.08961004,138.92827229,0.219512195122
EMAPriceCrossoverWithThreshold,bull_trend,72,13,59,-7.751921425,-46.33882598,158.84202909,0.180555555556
EMAPriceCrossoverWithThreshold,high_vol_shock,35,12,23,-8.68512953,-109.55863092,138.56351999,0.342857142857
EMAPriceCrossoverWithThreshold,range_choppy,101,32,69,-8.4088719,-72.16190929,181.0154964,0.316831683168
EMAPriceCrossoverWithThreshold,range_quiet,108,43,65,-4.6984424,-64.09314203,258.17538138,0.398148148148
EMAPriceCrossoverWithThreshold,transition,153,36,117,-6.74985048,-92.42702908,234.88552522,0.235294117647
EMASkipPump,bear_trend,61,26,35,-0.2629178,-24.16930248,10.60923665,0.426229508197
EMASkipPump,bull_trend,65,16,49,-1.7179153,-31.15428441,18.4818338,0.246153846154
EMASkipPump,high_vol_shock,28,12,16,-1.445164165,-61.21779157,55.61945396,0.428571428571
EMASkipPump,range_choppy,64,21,43,-1.27668631,-46.81029541,16.98089693,0.328125
EMASkipPump,range_quiet,29,13,16,-0.41664942,-15.69034034,5.91419775,0.448275862069
EMASkipPump,transition,88,34,54,-0.5414444,-32.09139341,18.16880669,0.386363636364
EMAVolume,bear_trend,158,55,103,-1.06376519,-53.00335126,24.16523227,0.348101265823
EMAVolume,bull_trend,154,41,113,-1.44861099,-42.47387954,111.64121422,0.266233766234
EMAVolume,high_vol_shock,51,16,35,-3.05361571,-104.15796987,90.77320332,0.313725490196
EMAVolume,range_choppy,146,53,93,-0.691389545,-34.31965764,76.76365647,0.36301369863
EMAVolume,range_quiet,139,54,85,-0.45115084,-22.83598029,22.14313633,0.388489208633
EMAVolume,transition,224,69,155,-0.861327715,-30.88671944,101.19723319,0.308035714286
EMA_CROSSOVER_STRATEGY,bear_trend,39,5,34,-1.04684731,-25.01673671,2.29013577,0.128205128205
EMA_CROSSOVER_STRATEGY,bull_trend,50,10,40,-1.572317735,-27.25985316,3.54814603,0.2
EMA_CROSSOVER_STRATEGY,high_vol_shock,25,3,22,-3.00516467,-50.20864399,1.88989544,0.12
EMA_CROSSOVER_STRATEGY,range_choppy,44,9,35,-0.98259212,-34.53305804,1.89930774,0.204545454545
EMA_CROSSOVER_STRATEGY,range_quiet,24,6,18,-0.51442112,-23.62590206,0.63773156,0.25
EMA_CROSSOVER_STRATEGY,transition,62,12,50,-0.95038892,-31.304495,1.13921843,0.193548387097
EMA_Trailing_Stoploss,bear_trend,36,1,35,-0.991837715,-18.66143211,0.08601671,0.0277777777778
EMA_Trailing_Stoploss,bull_trend,48,0,48,-1.719679535,-36.62318705,-0.03260876,0
EMA_Trailing_Stoploss,high_vol_shock,25,1,24,-3.139677,-46.72471816,0.24542021,0.04
EMA_Trailing_Stoploss,range_choppy,37,3,34,-1.4257604,-34.26389851,0.91390412,0.0810810810811
EMA_Trailing_Stoploss,range_quiet,20,4,16,-1.55554879,-13.26531936,1.8328984,0.2
EMA_Trailing_Stoploss,transition,53,5,48,-1.75975228,-24.39044294,0.95734543,0.0943396226415
EMA_Trailing_Stoploss_LessMagic,bear_trend,40,1,39,-1.234420865,-17.53734306,0.05641068,0.025
EMA_Trailing_Stoploss_LessMagic,bull_trend,50,2,48,-1.889899675,-28.24030591,0.21172334,0.04
EMA_Trailing_Stoploss_LessMagic,high_vol_shock,25,0,25,-4.0946789,-57.32185195,-0.0794941,0
EMA_Trailing_Stoploss_LessMagic,range_choppy,44,2,42,-1.166345275,-31.67609531,0.28653163,0.0454545454545
EMA_Trailing_Stoploss_LessMagic,range_quiet,24,5,19,-0.378426555,-11.3470614,0.5701653,0.208333333333
EMA_Trailing_Stoploss_LessMagic,transition,62,1,61,-1.43598933,-18.30894363,1.00863749,0.0161290322581
ETCG_Shorts,bear_trend,20,13,7,1.037825095,-34.99561263,8.78922397,0.65
ETCG_Shorts,bull_trend,32,16,16,-1.41804205,-92.75334909,24.91874336,0.5
ETCG_Shorts,high_vol_shock,29,16,13,1.45944856,-83.40619023,53.34523974,0.551724137931
ETCG_Shorts,range_choppy,26,19,7,2.53432676,-44.77193155,18.97011812,0.730769230769
ETCG_Shorts,range_quiet,5,4,1,1.5646864,-23.14631347,11.52734031,0.8
ETCG_Shorts,transition,30,20,10,2.76231436,-20.4038517,25.60568175,0.666666666667
EXPERIMENTAL_STRATEGY,bear_trend,95,25,70,-0.66173398,-23.3259757,6.48167853,0.263157894737
EXPERIMENTAL_STRATEGY,bull_trend,108,26,82,-0.497556925,-24.69847928,11.65024583,0.240740740741
EXPERIMENTAL_STRATEGY,high_vol_shock,36,13,23,-1.470199665,-51.16165178,83.42541942,0.361111111111
EXPERIMENTAL_STRATEGY,range_choppy,90,19,71,-1.53302504,-26.60102986,14.89791887,0.211111111111
EXPERIMENTAL_STRATEGY,range_quiet,71,10,61,-0.7908433,-14.20892902,1.40488095,0.140845070423
EXPERIMENTAL_STRATEGY,transition,140,35,105,-0.456897755,-26.94106344,12.3991003,0.25
EasyInEasyOut,bull_trend,39,35,4,37.7716258,-638.53290555,255.48233402,0.897435897436
EasyInEasyOut,high_vol_shock,16,14,2,85.775517425,-609.97173082,553.17905147,0.875
EasyInEasyOut,range_choppy,17,17,0,11.74901905,2.60346216,202.10898038,1
EasyInEasyOut,range_quiet,6,6,0,5.872736135,1.44035254,64.92224316,1
EasyInEasyOut,transition,28,26,2,25.213421125,-531.39028039,155.62972218,0.928571428571
ElliotV2,bear_trend,6,5,1,6.79332177,-44.95692562,18.2300556,0.833333333333
ElliotV2,bull_trend,20,19,1,7.93473525,-32.02344349,51.59207291,0.95
ElliotV2,high_vol_shock,25,20,5,14.76567685,-44.01873444,110.71587617,0.8
ElliotV2,range_choppy,11,10,1,6.43008152,-39.5304,23.93448088,0.909090909091
ElliotV2,range_quiet,6,6,0,8.3140827,2.4885932,19.05416752,1
ElliotV2,transition,14,11,3,5.23420967,-44.979586,30.74867114,0.785714285714
ElliotV4,bear_trend,28,22,6,2.63067062,-0.221942,24.71238271,0.785714285714
ElliotV4,bull_trend,48,41,7,6.49113858,-164.70465351,86.89841733,0.854166666667
ElliotV4,high_vol_shock,34,30,4,23.37208083,-391.15855566,435.32852907,0.882352941176
ElliotV4,range_choppy,33,29,4,6.27252979,-0.0616494,85.97279528,0.878787878788
ElliotV4,range_quiet,7,6,1,6.49027368,-0.03109873,47.0138945,0.857142857143
ElliotV4,transition,40,28,12,2.508689805,-303.2299473,49.20359889,0.7
ElliotV531,bear_trend,10,8,2,1.97010695,-7.17998108,4.32808478,0.8
ElliotV531,bull_trend,39,26,13,2.32472214,-20.81168875,18.825842,0.666666666667
ElliotV531,high_vol_shock,33,22,11,2.06628138,-35.73262996,67.59449045,0.666666666667
ElliotV531,range_choppy,26,23,3,1.99220157,-8.42798368,15.4934726,0.884615384615
ElliotV531,range_quiet,7,6,1,1.77964864,-6.60520237,7.78329669,0.857142857143
ElliotV531,transition,29,18,11,1.29996328,-20.9603745,14.0808514,0.620689655172
ElliotV5HO,bear_trend,10,6,4,1.22356433,-11.32272338,4.59332618,0.6
ElliotV5HO,bull_trend,40,21,19,0.006483685,-18.99958187,28.74871381,0.525
ElliotV5HO,high_vol_shock,33,28,5,4.021768,-5.86429305,185.02739594,0.848484848485
ElliotV5HO,range_choppy,26,22,4,2.36254534,-5.52202257,19.01302237,0.846153846154
ElliotV5HO,range_quiet,7,7,0,4.09277504,1.48520284,7.27731442,1
ElliotV5HO,transition,29,16,13,0.63279194,-20.037362,22.51684514,0.551724137931
ElliotV5HOMod2,bear_trend,5,5,0,5.0307595,1.82632632,13.01515124,1
ElliotV5HOMod2,bull_trend,30,29,1,8.48652337,-2.23349102,44.59343092,0.966666666667
ElliotV5HOMod2,high_vol_shock,27,26,1,24.02261446,-279.8371416,248.64020391,0.962962962963
ElliotV5HOMod2,range_choppy,18,18,0,8.09924515,3.1694685,42.10644211,1
ElliotV5HOMod2,range_quiet,5,5,0,6.76132336,3.31552618,20.657722,1
ElliotV5HOMod2,transition,19,18,1,4.1135842,-139.316394,43.09552063,0.947368421053
ElliotV5HOMod3,bear_trend,6,2,4,-11.57671379,-16.8657172,30.84612383,0.333333333333
ElliotV5HOMod3,bull_trend,30,17,13,2.843707135,-39.8113091,36.43203001,0.566666666667
ElliotV5HOMod3,high_vol_shock,29,20,9,16.04783407,-30.94853551,163.87870704,0.689655172414
ElliotV5HOMod3,range_choppy,19,14,5,9.41329576,-14.91020118,56.84299051,0.736842105263
ElliotV5HOMod3,range_quiet,6,4,2,12.698181665,-13.63843389,38.8030934,0.666666666667
ElliotV5HOMod3,transition,20,13,7,8.41300239,-34.5689726,33.12153825,0.65
ElliotV5_SMA,bear_trend,22,15,7,5.441749355,-14.39415168,14.2787809,0.681818181818
ElliotV5_SMA,bull_trend,38,29,9,6.101151895,-43.2295806,38.57625887,0.763157894737
ElliotV5_SMA,high_vol_shock,34,25,9,8.6902478,-18.95912881,177.46770323,0.735294117647
ElliotV5_SMA,range_choppy,29,24,5,7.00377327,-23.5491252,33.65008566,0.827586206897
ElliotV5_SMA,range_quiet,8,7,1,3.86206505,-12.07124352,18.20991022,0.875
ElliotV5_SMA,transition,27,19,8,4.53005217,-60.5397,36.07167221,0.703703703704
ElliotV7,bear_trend,7,4,3,0.94616077,-7.42268664,3.6550215,0.571428571429
ElliotV7,bull_trend,34,23,11,1.56719059,-12.36107934,17.88487273,0.676470588235
ElliotV7,high_vol_shock,25,21,4,4.93396183,-3.98902617,120.85576558,0.84
ElliotV7,range_choppy,19,15,4,2.0212629,-2.77095077,17.29799206,0.789473684211
ElliotV7,range_quiet,5,5,0,2.83235514,0.22625236,4.3027028,1
ElliotV7,transition,23,13,10,0.64335075,-13.8218048,15.54154356,0.565217391304
ElliotV8HO,bear_trend,5,5,0,2.99450355,2.34676465,3.27784485,1
ElliotV8HO,bull_trend,21,19,2,4.11667536,-18.58757083,25.92348389,0.904761904762
ElliotV8HO,high_vol_shock,24,20,4,15.282216325,-48.86069575,160.22546127,0.833333333333
ElliotV8HO,range_choppy,9,9,0,2.70597708,2.12532282,16.6267059,1
ElliotV8HO,range_quiet,4,4,0,7.889357085,2.77542204,16.1811905,1
ElliotV8HO,transition,8,6,2,2.63867632,-41.7614889,14.6523764,0.75
ElliotV8_original,bear_trend,7,7,0,3.5333315,1.272e-05,5.71023834,1
ElliotV8_original,bull_trend,34,31,3,5.514380105,-56.60155146,42.45863281,0.911764705882
ElliotV8_original,high_vol_shock,26,25,1,9.844148845,-18.22152288,261.73539602,0.961538461538
ElliotV8_original,range_choppy,20,20,0,3.856177925,0.00053794,29.08142435,1
ElliotV8_original,range_quiet,5,5,0,4.96724418,3.02464136,13.61611292,1
ElliotV8_original,transition,24,19,5,1.448822805,-93.8828148,26.29953796,0.791666666667
ElliotV8_original_ichiv2,bear_trend,33,23,10,5.2010296,-63.9203104,16.23206346,0.69696969697
ElliotV8_original_ichiv2,bull_trend,43,30,13,5.42051831,-23.31377718,57.58548769,0.697674418605
ElliotV8_original_ichiv2,high_vol_shock,38,26,12,7.17927451,-55.83905662,327.88291824,0.684210526316
ElliotV8_original_ichiv2,range_choppy,40,32,8,6.66332958,-28.9862892,53.20709847,0.8
ElliotV8_original_ichiv2,range_quiet,12,11,1,5.88695774,-19.00924284,46.2741278,0.916666666667
ElliotV8_original_ichiv2,transition,43,29,14,4.74327524,-40.9271982,38.05236019,0.674418604651
ElliotV8_original_ichiv2OH,bear_trend,7,6,1,2.79375606,-9.90995549,3.63162732,0.857142857143
ElliotV8_original_ichiv2OH,bull_trend,25,16,9,2.19154496,-25.95585621,19.80809266,0.64
ElliotV8_original_ichiv2OH,high_vol_shock,25,18,7,5.72886853,-31.21237638,91.13414697,0.72
ElliotV8_original_ichiv2OH,range_choppy,13,12,1,3.70025793,-18.36019194,23.00480719,0.923076923077
ElliotV8_original_ichiv2OH,range_quiet,7,7,0,3.50706125,2.7986946,10.26923721,1
ElliotV8_original_ichiv2OH,transition,13,7,6,1.37435472,-16.881272,17.82195934,0.538461538462
ElliotV8_original_ichiv3,bear_trend,33,20,13,1.64662053,-8.19561789,10.09378537,0.606060606061
ElliotV8_original_ichiv3,bull_trend,43,21,22,-0.99246864,-31.43702323,39.30193019,0.488372093023
ElliotV8_original_ichiv3,high_vol_shock,38,25,13,3.05108277,-29.6081212,195.14936417,0.657894736842
ElliotV8_original_ichiv3,range_choppy,40,29,11,2.78853195,-15.34980208,20.16884346,0.725
ElliotV8_original_ichiv3,range_quiet,12,8,4,1.88804278,-6.61759948,23.1357733,0.666666666667
ElliotV8_original_ichiv3,transition,44,25,19,1.915921955,-29.8661798,15.12050717,0.568181818182
Elliotv8,bear_trend,7,4,3,1.01691163,-10.56018076,4.55401823,0.571428571429
Elliotv8,bull_trend,34,24,10,1.60843391,-13.81410294,26.44891618,0.705882352941
Elliotv8,high_vol_shock,26,23,3,6.08069418,-2.80593966,166.55388331,0.884615384615
Elliotv8,range_choppy,20,17,3,2.28652574,-3.18105729,24.37649397,0.85
Elliotv8,range_quiet,5,5,0,3.78853194,0.26371136,5.27960558,1
Elliotv8,transition,24,15,9,1.26349926,-23.9023676,21.29663757,0.625
EmaCrossStrategy,bear_trend,143,53,90,-2.81022435,-101.2877437,175.15124016,0.370629370629
EmaCrossStrategy,bull_trend,91,28,63,-4.60678397,-41.23574717,114.96638316,0.307692307692
EmaCrossStrategy,high_vol_shock,42,11,31,-7.45605085,-158.07437265,254.87704476,0.261904761905
EmaCrossStrategy,range_choppy,104,42,62,-3.456117295,-58.1778619,189.78605694,0.403846153846
EmaCrossStrategy,range_quiet,110,51,59,-0.864827825,-27.47098103,611.250707,0.463636363636
EmaCrossStrategy,transition,160,59,101,-3.55266939,-54.80458209,159.47826012,0.36875
EmaRibbonStrategy,bear_trend,63,10,53,-0.91393537,-19.20506209,2.09955543,0.15873015873
EmaRibbonStrategy,bull_trend,64,13,51,-0.995921315,-32.75293715,7.06031756,0.203125
EmaRibbonStrategy,high_vol_shock,30,2,28,-2.36655151,-29.35965956,3.25300436,0.0666666666667
EmaRibbonStrategy,range_choppy,64,15,49,-0.949317075,-20.75620776,4.1206984,0.234375
EmaRibbonStrategy,range_quiet,29,5,24,-0.51447076,-10.58313028,0.74792708,0.172413793103
EmaRibbonStrategy,transition,87,14,73,-1.1022529,-28.78686823,2.99232851,0.16091954023
FAdxSmaStrategy,bear_trend,87,29,58,-0.98932878,-11.72122134,12.42192717,0.333333333333
FAdxSmaStrategy,bull_trend,81,30,51,-1.42478059,-12.62611038,12.52478406,0.37037037037
FAdxSmaStrategy,high_vol_shock,28,10,18,-1.58681818,-9.309641,30.80161674,0.357142857143
FAdxSmaStrategy,range_choppy,69,20,49,-1.16305611,-9.33206073,7.61043769,0.289855072464
FAdxSmaStrategy,range_quiet,69,27,42,-0.26155999,-7.40643712,15.06243325,0.391304347826
FAdxSmaStrategy,transition,108,31,77,-0.821320935,-18.42545416,14.138,0.287037037037
FBB_DWT,bear_trend,38,28,10,3.720001285,-32.72228022,27.6320744,0.736842105263
FBB_DWT,bull_trend,61,43,18,3.3937029,-89.26735446,62.33791763,0.704918032787
FBB_DWT,high_vol_shock,37,22,15,2.9814746,-97.35030433,204.55632415,0.594594594595
FBB_DWT,range_choppy,47,40,7,5.61803075,-33.54709474,28.66202243,0.851063829787
FBB_DWT,range_quiet,11,8,3,4.5169005,-17.1144742,17.8940034,0.727272727273
FBB_DWT,transition,50,33,17,2.44347951,-17.39696921,23.57461442,0.66
FBB_KalmanSIMD,bear_trend,52,35,17,0.39169575,-10.8427588,8.18919798,0.673076923077
FBB_KalmanSIMD,bull_trend,52,30,22,0.197466485,-14.618829,14.8238899,0.576923076923
FBB_KalmanSIMD,high_vol_shock,33,17,16,0.06925536,-43.19657922,11.39765176,0.515151515152
FBB_KalmanSIMD,range_choppy,43,19,24,-0.21362938,-22.3004591,5.25100075,0.441860465116
FBB_KalmanSIMD,range_quiet,30,13,17,-0.18834275,-11.38018841,7.22481408,0.433333333333
FBB_KalmanSIMD,transition,59,30,29,0.04289408,-14.3536107,4.84251632,0.508474576271
FFT,bear_trend,120,83,37,2.098696575,-65.21821163,22.794967,0.691666666667
FFT,bull_trend,134,78,56,1.08738133,-58.30129315,42.67563372,0.582089552239
FFT,high_vol_shock,47,22,25,-2.08954257,-155.63387699,44.74373763,0.468085106383
FFT,range_choppy,121,83,38,2.45160816,-35.82183928,34.61281205,0.685950413223
FFT,range_quiet,82,54,28,0.947375545,-16.2424486,16.67982877,0.658536585366
FFT,transition,156,97,59,1.4035963,-51.35602828,40.27651332,0.621794871795
FLAGS,bear_trend,57,27,30,-2.65999122,-292.87627289,221.17479838,0.473684210526
FLAGS,bull_trend,42,29,13,46.22466268,-356.74260307,472.40227592,0.690476190476
FLAGS,high_vol_shock,18,8,10,-12.533837595,-314.63174204,323.37231897,0.444444444444
FLAGS,range_choppy,23,14,9,24.22617264,-155.25911908,283.08637433,0.608695652174
FLAGS,range_quiet,19,6,13,-13.37137406,-749.61881907,183.84783045,0.315789473684
FLAGS,transition,36,14,22,-5.220821915,-283.00076841,683.50373997,0.388888888889
FOttStrategy,bear_trend,97,58,39,0.34759206,-25.47608445,19.86699201,0.59793814433
FOttStrategy,bull_trend,106,57,49,0.19057841,-48.40169763,19.06573792,0.537735849057
FOttStrategy,high_vol_shock,44,16,28,-0.900728655,-82.87350276,30.82401482,0.363636363636
FOttStrategy,range_choppy,110,57,53,0.14964817,-38.13729264,16.71861651,0.518181818182
FOttStrategy,range_quiet,83,42,41,0.00626111,-44.60998815,17.57414478,0.506024096386
FOttStrategy,transition,157,99,58,0.30592439,-20.61290714,21.48126911,0.630573248408
FRAYSTRAT,bear_trend,29,17,12,0.61320793,-28.22821351,16.33962291,0.586206896552
FRAYSTRAT,bull_trend,40,6,34,-5.795024215,-63.42875662,19.76922076,0.15
FRAYSTRAT,high_vol_shock,23,5,18,-9.65636228,-128.80789981,23.17443503,0.217391304348
FRAYSTRAT,range_choppy,35,20,15,0.75117042,-47.74373279,28.31981644,0.571428571429
FRAYSTRAT,range_quiet,20,13,7,1.146979255,-23.42244287,17.14092357,0.65
FRAYSTRAT,transition,51,19,32,-0.72041461,-56.94685417,25.4034917,0.372549019608
FReinforcedStrategy,bear_trend,134,26,108,-0.499521115,-11.93706903,2.83949526,0.194029850746
FReinforcedStrategy,bull_trend,133,27,106,-0.56070775,-8.12452223,12.39920553,0.203007518797
FReinforcedStrategy,high_vol_shock,49,10,39,-0.7334906,-28.2155507,13.54975576,0.204081632653
FReinforcedStrategy,range_choppy,136,25,111,-0.38579534,-14.59953152,3.7089904,0.183823529412
FReinforcedStrategy,range_quiet,122,16,106,-0.48086514,-4.82154856,1.75095786,0.131147540984
FReinforcedStrategy,transition,214,39,175,-0.358005895,-15.89779341,9.3502915,0.182242990654
FSampleStrategy,bear_trend,87,31,56,-21.58166433,-281.17666559,342.68549704,0.35632183908
FSampleStrategy,bull_trend,58,12,46,-19.132178575,-115.20430436,404.86597909,0.206896551724
FSampleStrategy,high_vol_shock,36,9,27,-26.928744675,-228.61490193,489.8034005,0.25
FSampleStrategy,range_choppy,59,11,48,-18.78439849,-120.56538757,351.60539103,0.186440677966
FSampleStrategy,range_quiet,48,13,35,-12.815251575,-41.86084976,280.59298329,0.270833333333
FSampleStrategy,transition,91,20,71,-18.33550776,-83.6228751,267.07981118,0.21978021978
FSupertrendStrategy,bear_trend,137,65,72,-0.34166529,-37.74166861,33.84579733,0.474452554745
FSupertrendStrategy,bull_trend,133,46,87,-2.83297597,-34.04199199,80.73927778,0.345864661654
FSupertrendStrategy,high_vol_shock,47,15,32,-5.85329595,-83.42788123,65.76201074,0.31914893617
FSupertrendStrategy,range_choppy,124,60,64,-0.3500246,-30.74847445,42.10681387,0.483870967742
FSupertrendStrategy,range_quiet,124,56,68,-0.245398905,-19.71971239,30.32156743,0.451612903226
FSupertrendStrategy,transition,206,87,119,-0.95755588,-37.33745409,56.36147293,0.422330097087
FSupertrendStrategyBTC,bear_trend,145,68,77,-0.2367018,-53.34053035,50.282285,0.468965517241
FSupertrendStrategyBTC,bull_trend,139,49,90,-3.08599252,-35.65223969,97.23268435,0.352517985612
FSupertrendStrategyBTC,high_vol_shock,47,16,31,-7.81727112,-99.02105998,116.55417542,0.340425531915
FSupertrendStrategyBTC,range_choppy,123,65,58,0.52500966,-26.5669061,44.7229812,0.528455284553
FSupertrendStrategyBTC,range_quiet,130,61,69,-0.63554024,-36.27243161,36.2291221,0.469230769231
FSupertrendStrategyBTC,transition,210,85,125,-1.469719615,-43.85664301,59.76450019,0.404761904762
FTT_DWT_FBB_FUTURES,bear_trend,38,21,17,0.034966985,-16.40199119,7.32679101,0.552631578947
FTT_DWT_FBB_FUTURES,bull_trend,47,16,31,-0.98504486,-26.8447795,6.30400714,0.340425531915
FTT_DWT_FBB_FUTURES,high_vol_shock,25,7,18,-0.73401025,-39.30975281,8.53582108,0.28
FTT_DWT_FBB_FUTURES,range_choppy,42,17,25,-0.19731696,-18.21847156,9.0619218,0.404761904762
FTT_DWT_FBB_FUTURES,range_quiet,17,9,8,0.0188624,-6.45194951,1.0485429,0.529411764706
FTT_DWT_FBB_FUTURES,transition,59,22,37,-0.38979109,-15.55238933,11.83039841,0.372881355932
FUTURES,bear_trend,16,6,10,-0.8244253,-16.05077166,12.98742644,0.375
FUTURES,bull_trend,24,6,18,-1.62445384,-44.10997024,27.82396425,0.25
FUTURES,high_vol_shock,6,2,4,-0.27830484,-517.48196676,0.11222101,0.333333333333
FUTURES,range_choppy,22,10,12,-0.439789035,-82.23535798,24.98940884,0.454545454545
FUTURES,range_quiet,15,4,11,-0.29543113,-17.00681164,6.13037565,0.266666666667
FUTURES,transition,30,9,21,-1.44641787,-148.37782201,14.62470029,0.3
FVGChannel,bear_trend,106,57,49,0.060675285,-33.33964231,12.36885676,0.537735849057
FVGChannel,bull_trend,112,28,84,-0.375067145,-28.96005224,10.75267866,0.25
FVGChannel,high_vol_shock,36,11,25,-1.6884992,-87.98623833,12.30346083,0.305555555556
FVGChannel,range_choppy,103,45,58,-0.0928078,-35.52257114,13.70537986,0.436893203883
FVGChannel,range_quiet,85,42,43,-0.01661758,-6.03232541,7.0864748,0.494117647059
FVGChannel,transition,158,71,87,-0.080266295,-23.72656027,12.51484169,0.449367088608
Fakebuy,bear_trend,14,9,5,0.89830091,-16.29439952,5.8950889,0.642857142857
Fakebuy,bull_trend,11,9,2,2.6043425,-6.66688222,6.2268159,0.818181818182
Fakebuy,high_vol_shock,12,8,4,2.187604635,-14.47721045,35.23196838,0.666666666667
Fakebuy,range_choppy,17,12,5,0.6375004,-15.7322537,5.09393431,0.705882352941
Fakebuy,range_quiet,4,4,0,2.64317682,1.84688444,3.935723,1
Fakebuy,transition,24,20,4,1.0993674,-14.02963366,5.85633143,0.833333333333
FastSupertrendOpt,bear_trend,146,68,78,-0.22867552,-129.35386288,89.19415035,0.465753424658
FastSupertrendOpt,bull_trend,140,54,86,-3.58539623,-92.23112568,103.86244792,0.385714285714
FastSupertrendOpt,high_vol_shock,46,15,31,-13.32676477,-183.71448824,159.46739416,0.326086956522
FastSupertrendOpt,range_choppy,125,62,63,-0.00012448,-61.88506339,92.75193598,0.496
FastSupertrendOpt,range_quiet,132,65,67,-0.005857125,-26.00231127,59.67313469,0.492424242424
FastSupertrendOpt,transition,209,93,116,-0.91551643,-77.0508068,166.7849988,0.444976076555
FastSupertrend_optim3,bear_trend,156,80,76,5.512054065,-37321.655988,88555.7570844,0.512820512821
FastSupertrend_optim3,bull_trend,160,83,77,13.20057085,-14999.4786791,36289.6957716,0.51875
FastSupertrend_optim3,high_vol_shock,51,26,25,9.88926198,-9411.77302123,83125.4100719,0.509803921569
FastSupertrend_optim3,range_choppy,152,99,53,194.62901778,-43398.481034,48422.6375165,0.651315789474
FastSupertrend_optim3,range_quiet,143,95,48,440.82427507,-24907.5367716,36864.1880643,0.664335664336
FastSupertrend_optim3,transition,225,123,102,32.12086133,-42062.4762331,21739.2219259,0.546666666667
FastSupertrend_optim3_rsi_70,bear_trend,156,75,81,-8.206811835,-27151.4990294,41259.3659706,0.480769230769
FastSupertrend_optim3_rsi_70,bull_trend,160,88,72,27.134699495,-9753.45176696,20634.7074153,0.55
FastSupertrend_optim3_rsi_70,high_vol_shock,51,29,22,32.06309655,-6522.65859218,53801.3291156,0.56862745098
FastSupertrend_optim3_rsi_70,range_choppy,151,95,56,109.90514273,-28451.6361722,30533.5560907,0.629139072848
FastSupertrend_optim3_rsi_70,range_quiet,143,98,45,394.57736587,-15224.4085023,19884.9173476,0.685314685315
FastSupertrend_optim3_rsi_70,transition,226,128,98,34.06214954,-26037.429789,18305.6379945,0.566371681416
FastSupertrend_optim3_rsi_75,bear_trend,154,82,72,5.316798905,-30981.2528688,104272.651131,0.532467532468
FastSupertrend_optim3_rsi_75,bull_trend,160,88,72,65.64682696,-15021.5704892,44569.4357388,0.55
FastSupertrend_optim3_rsi_75,high_vol_shock,51,28,23,29.61097824,-22956.1309503,108683.542467,0.549019607843
FastSupertrend_optim3_rsi_75,range_choppy,151,97,54,227.83724818,-55983.0465177,60324.0091244,0.64238410596
FastSupertrend_optim3_rsi_75,range_quiet,143,98,45,684.32330636,-32705.0209299,47900.6284172,0.685314685315
FastSupertrend_optim3_rsi_75,transition,224,126,98,33.820954545,-36577.9729991,32569.294415,0.5625
FastSupertrend_optim3_rsi_752,bear_trend,157,91,66,93.61193118,-14459.1121821,60876.1222074,0.579617834395
FastSupertrend_optim3_rsi_752,bull_trend,160,86,74,23.72845057,-22127.4258329,32502.3016644,0.5375
FastSupertrend_optim3_rsi_752,high_vol_shock,51,27,24,25.92180789,-18208.1007785,72888.1056038,0.529411764706
FastSupertrend_optim3_rsi_752,range_choppy,153,96,57,64.5896259,-59781.9370878,28088.5973435,0.627450980392
FastSupertrend_optim3_rsi_752,range_quiet,146,95,51,273.048177815,-26660.0719896,40136.979588,0.650684931507
FastSupertrend_optim3_rsi_752,transition,230,128,102,21.974647915,-35566.8682643,21610.646917,0.55652173913
FastSupertrend_optim3_rsi_75fix_signal,bear_trend,151,70,81,-8.48394727,-2728.00612996,2446.37669593,0.46357615894
FastSupertrend_optim3_rsi_75fix_signal,bull_trend,164,81,83,-3.17186809,-1364.35124456,2886.35828454,0.493902439024
FastSupertrend_optim3_rsi_75fix_signal,high_vol_shock,50,27,23,10.762612925,-2485.92935112,4407.40074035,0.54
FastSupertrend_optim3_rsi_75fix_signal,range_choppy,150,98,52,45.40052366,-1081.90038832,1180.55960822,0.653333333333
FastSupertrend_optim3_rsi_75fix_signal,range_quiet,136,93,43,87.395916775,-842.19052273,1102.49863215,0.683823529412
FastSupertrend_optim3_rsi_75fix_signal,transition,221,130,91,29.41010436,-903.05892022,1048.27022572,0.588235294118
FastSupertrend_optim3_rsi_75sell,bear_trend,154,81,73,5.01780418,-32065.1236701,103877.711822,0.525974025974
FastSupertrend_optim3_rsi_75sell,bull_trend,159,88,71,62.26673836,-15633.2315907,46806.0625832,0.553459119497
FastSupertrend_optim3_rsi_75sell,high_vol_shock,51,27,24,24.35257245,-23046.2651268,123151.987712,0.529411764706
FastSupertrend_optim3_rsi_75sell,range_choppy,152,98,54,220.10771985,-56360.3776678,60306.8231933,0.644736842105
FastSupertrend_optim3_rsi_75sell,range_quiet,143,98,45,687.85430782,-32738.5557612,40498.3138593,0.685314685315
FastSupertrend_optim3_rsi_75sell,transition,224,124,100,34.417965085,-36796.2135721,32406.4763465,0.553571428571
FastSupertrend_optim3_rsi_80,bear_trend,156,79,77,5.28443695,-38956.4315071,93959.6084128,0.50641025641
FastSupertrend_optim3_rsi_80,bull_trend,160,83,77,13.133425595,-15298.4731515,34936.830631,0.51875
FastSupertrend_optim3_rsi_80,high_vol_shock,51,26,25,10.0041661,-9635.33396303,87019.3426913,0.509803921569
FastSupertrend_optim3_rsi_80,range_choppy,152,99,53,204.97251556,-46049.2885835,51380.462669,0.651315789474
FastSupertrend_optim3_rsi_80,range_quiet,143,95,48,451.89700908,-26425.2558662,39113.6893468,0.664335664336
FastSupertrend_optim3_rsi_80,transition,225,123,102,32.14767746,-44532.7909995,22883.948896,0.546666666667
FastSupertrend_optim_quick,bear_trend,160,100,60,903.633335855,-160636.012905,429136.314973,0.625
FastSupertrend_optim_quick,bull_trend,167,98,69,149.00258351,-288638.903063,256127.432287,0.586826347305
FastSupertrend_optim_quick,high_vol_shock,52,27,25,21.56607333,-76590.4311518,733350.43615,0.519230769231
FastSupertrend_optim_quick,range_choppy,155,102,53,402.22374072,-457647.163443,287171.624517,0.658064516129
FastSupertrend_optim_quick,range_quiet,147,92,55,1143.21655411,-260897.084432,355386.38261,0.625850340136
FastSupertrend_optim_quick,transition,231,134,97,66.66713716,-301670.59937,233711.314745,0.580086580087
FastSupertrend_optim_quick2,bear_trend,18,4,14,-1.33253409,-9.95858743,0.23526572,0.222222222222
FastSupertrend_optim_quick2,bull_trend,26,3,23,-4.52382275,-35.43211749,0.36343796,0.115384615385
FastSupertrend_optim_quick2,high_vol_shock,11,0,11,-2.70644661,-48.03189402,-0.31544784,0
FastSupertrend_optim_quick2,range_choppy,24,8,16,-1.03072819,-24.14415343,9.55950925,0.333333333333
FastSupertrend_optim_quick2,range_quiet,15,4,11,-0.54162231,-8.40810839,1.19001422,0.266666666667
FastSupertrend_optim_quick2,transition,33,7,26,-1.36497275,-24.90900777,5.36361416,0.212121212121
FastSupertrend_optim_quick3,bear_trend,27,12,15,-0.62759175,-21.21463725,8.24556752,0.444444444444
FastSupertrend_optim_quick3,bull_trend,42,8,34,-4.073636015,-40.58678908,19.8038006,0.190476190476
FastSupertrend_optim_quick3,high_vol_shock,22,1,21,-6.8522508,-123.27579693,0.03059052,0.0454545454545
FastSupertrend_optim_quick3,range_choppy,32,16,16,-0.02468621,-43.54484578,27.14566288,0.5
FastSupertrend_optim_quick3,range_quiet,20,9,11,-0.06593041,-18.64043331,7.77523302,0.45
FastSupertrend_optim_quick3,transition,49,19,30,-0.25859973,-28.87404139,23.00591347,0.387755102041
FastSupertrend_optim_quick4,bear_trend,28,13,15,-0.757514375,-20.53056502,9.37227796,0.464285714286
FastSupertrend_optim_quick4,bull_trend,43,8,35,-3.94144078,-47.58621501,16.48168031,0.186046511628
FastSupertrend_optim_quick4,high_vol_shock,22,1,21,-8.04079321,-102.13539284,0.39385252,0.0454545454545
FastSupertrend_optim_quick4,range_choppy,32,15,17,-0.2942889,-38.43721843,14.44126068,0.46875
FastSupertrend_optim_quick4,range_quiet,20,9,11,-0.087431095,-18.71665958,5.51438867,0.45
FastSupertrend_optim_quick4,transition,49,22,27,-0.25859973,-29.37153229,20.02616226,0.448979591837
FastSupertrend_optim_quick5,bear_trend,37,15,22,-0.46921984,-20.61640651,10.0494356,0.405405405405
FastSupertrend_optim_quick5,bull_trend,48,10,38,-2.44168208,-49.68196735,22.24762217,0.208333333333
FastSupertrend_optim_quick5,high_vol_shock,25,1,24,-8.45979333,-100.36821944,0.47106208,0.04
FastSupertrend_optim_quick5,range_choppy,43,21,22,-0.04428654,-34.9416788,15.00149703,0.488372093023
FastSupertrend_optim_quick5,range_quiet,24,10,14,-0.412362505,-17.50338459,7.00410496,0.416666666667
FastSupertrend_optim_quick5,transition,57,23,34,-0.17101811,-24.57661013,26.57314084,0.40350877193
FastSupertrend_ts_origstop_fix,bear_trend,133,53,80,-2.36883913,-41.589412,143.04252339,0.398496240602
FastSupertrend_ts_origstop_fix,bull_trend,133,51,82,-3.80565309,-127.63571415,67.7705415,0.383458646617
FastSupertrend_ts_origstop_fix,high_vol_shock,44,17,27,-6.983036125,-117.45610527,134.25554709,0.386363636364
FastSupertrend_ts_origstop_fix,range_choppy,115,54,61,-1.15918134,-46.47565163,99.7783158,0.469565217391
FastSupertrend_ts_origstop_fix,range_quiet,110,61,49,0.96048429,-35.32696826,100.65553276,0.554545454545
FastSupertrend_ts_origstop_fix,transition,181,73,108,-1.66088774,-56.96945374,202.63274877,0.403314917127
FenixTopProfit,bear_trend,138,105,33,0.65367093,-32.76294899,8.7827303,0.760869565217
FenixTopProfit,bull_trend,124,89,35,0.708703255,-24.72285268,11.1793767,0.717741935484
FenixTopProfit,high_vol_shock,45,33,12,0.98284827,-51.28073179,19.64440874,0.733333333333
FenixTopProfit,range_choppy,118,90,28,0.37136664,-29.04842222,4.80787988,0.762711864407
FenixTopProfit,range_quiet,107,85,22,0.20007177,-21.19350264,4.59092582,0.794392523364
FenixTopProfit,transition,173,136,37,0.73759933,-39.56517292,8.72127529,0.78612716763
Fibbo,bear_trend,19,11,8,0.00025067,-11.39926276,6.34643006,0.578947368421
Fibbo,bull_trend,16,9,7,0.03948612,-10.75085541,3.55610114,0.5625
Fibbo,high_vol_shock,7,2,5,-8.7542519,-10.99021441,0.40312943,0.285714285714
Fibbo,range_choppy,5,2,3,-10.68776121,-11.87082006,1.62441914,0.4
Fibbo,range_quiet,23,16,7,0.06894568,-0.00438591,2.10627274,0.695652173913
Fibbo,transition,17,10,7,0.00025014,-12.04959485,7.89665162,0.588235294118
FibonacciEMATrendStrategy,bear_trend,24,11,13,-0.33562215,-15.80854881,8.31023555,0.458333333333
FibonacciEMATrendStrategy,bull_trend,38,12,26,-3.892770845,-126.42812179,21.00004028,0.315789473684
FibonacciEMATrendStrategy,high_vol_shock,22,6,16,-1.524049895,-51.8636541,41.86277433,0.272727272727
FibonacciEMATrendStrategy,range_choppy,37,19,18,0.10433582,-25.32606685,34.21252161,0.513513513514
FibonacciEMATrendStrategy,range_quiet,12,6,6,-0.166241895,-4.05511241,15.24129143,0.5
FibonacciEMATrendStrategy,transition,48,18,30,-1.182850165,-22.37559207,25.99326042,0.375
FisherHull,bear_trend,47,21,26,-16.97987274,-345.44049188,1217.9208744,0.446808510638
FisherHull,bull_trend,11,7,4,99.95403044,-185.49754056,268.37365236,0.636363636364
FisherHull,high_vol_shock,24,9,15,-29.7426586,-512.55493519,1062.63833182,0.375
FisherHull,range_choppy,26,12,14,-14.96729295,-263.88268088,1026.84690563,0.461538461538
FisherHull,range_quiet,14,8,6,31.28326069,-423.82843179,470.41207608,0.571428571429
FisherHull,transition,36,17,19,-26.75099241,-246.10180972,844.4882144,0.472222222222
FisherTransformStrategy,bear_trend,44,7,37,-1.385444045,-20.915083,6.38033047,0.159090909091
FisherTransformStrategy,bull_trend,55,14,41,-1.93362626,-29.89146304,6.89897403,0.254545454545
FisherTransformStrategy,high_vol_shock,27,5,22,-2.52366073,-43.41748032,9.08947342,0.185185185185
FisherTransformStrategy,range_choppy,51,16,35,-0.42579233,-44.77853082,6.81587115,0.313725490196
FisherTransformStrategy,range_quiet,25,11,14,-0.05654463,-15.19696197,3.46365968,0.44
FisherTransformStrategy,transition,73,17,56,-0.84172298,-30.91915839,4.44203689,0.232876712329
FiveMinCrossAbove,bear_trend,1,1,0,1.54921042,1.54921042,1.54921042,1
FiveMinCrossAbove,bull_trend,43,37,6,28.05483382,-538.62700132,228.34129353,0.860465116279
FiveMinCrossAbove,high_vol_shock,19,17,2,39.12653932,-507.85936776,377.2956187,0.894736842105
FiveMinCrossAbove,range_choppy,22,22,0,11.843336135,2.28489572,70.25080617,1
FiveMinCrossAbove,range_quiet,7,7,0,7.60077012,0.79943811,16.04311577,1
FiveMinCrossAbove,transition,35,35,0,16.54652849,0.71655056,106.8843207,1
FlawlessVictory,bear_trend,155,84,71,1.04367293,-257.77284868,94.38171192,0.541935483871
FlawlessVictory,bull_trend,150,67,83,-1.506566765,-341.8557291,162.67730887,0.446666666667
FlawlessVictory,high_vol_shock,51,24,27,-0.49239441,-1242.22383196,617.96573322,0.470588235294
FlawlessVictory,range_choppy,144,65,79,-1.662687475,-324.88292134,191.72731637,0.451388888889
FlawlessVictory,range_quiet,138,77,61,1.02834299,-50.10957582,75.02530529,0.557971014493
FlawlessVictory,transition,227,119,108,0.51572802,-133.5765246,282.21286934,0.52422907489
ForexSignal,bear_trend,21,0,21,-3.66264379,-17.73845458,-0.02482746,0
ForexSignal,bull_trend,29,3,26,-3.78719029,-58.73185374,1.42263918,0.103448275862
ForexSignal,high_vol_shock,14,2,12,-1.679837975,-95.19621931,0.02707494,0.142857142857
ForexSignal,range_choppy,25,4,21,-1.23351647,-38.22542973,0.99116565,0.16
ForexSignal,range_quiet,17,2,15,-2.45344236,-10.21104535,0.57149006,0.117647058824
ForexSignal,transition,34,3,31,-3.111996655,-42.89697469,0.67887787,0.0882352941176
FrayStratBTC,bear_trend,106,70,36,0.34051268,-53.15753741,24.63471316,0.660377358491
FrayStratBTC,bull_trend,121,62,59,0.0152363,-145.40837243,90.01818178,0.512396694215
FrayStratBTC,high_vol_shock,45,15,30,-2.32940814,-280.68614792,172.70867906,0.333333333333
FrayStratBTC,range_choppy,111,78,33,0.32453744,-45.72600169,57.8883967,0.702702702703
FrayStratBTC,range_quiet,82,65,17,0.20787666,-4.67607492,44.27526255,0.792682926829
FrayStratBTC,transition,166,125,41,0.3052987,-41.38771266,97.89766312,0.753012048193
Freqtrade_backtest_validation_freqtrade1,bear_trend,158,78,80,-0.38478338,-179.67340985,59.38369649,0.493670886076
Freqtrade_backtest_validation_freqtrade1,bull_trend,147,49,98,-2.4165172,-55.51718671,174.0374109,0.333333333333
Freqtrade_backtest_validation_freqtrade1,high_vol_shock,51,21,30,-2.13298184,-555.10322113,275.58289336,0.411764705882
Freqtrade_backtest_validation_freqtrade1,range_choppy,145,49,96,-3.2614253,-63.64519107,125.14016483,0.337931034483
Freqtrade_backtest_validation_freqtrade1,range_quiet,137,66,71,-0.899625,-35.33624074,54.61801852,0.481751824818
Freqtrade_backtest_validation_freqtrade1,transition,226,93,133,-2.001358695,-43.58646075,182.30682037,0.411504424779
FrostAuraM115mStrategy,bear_trend,139,59,80,-0.24470021,-54.9251243,28.21441765,0.424460431655
FrostAuraM115mStrategy,bull_trend,148,65,83,-0.23901219,-72.52546671,68.01465655,0.439189189189
FrostAuraM115mStrategy,high_vol_shock,48,26,22,0.1222516,-176.93267201,144.02022053,0.541666666667
FrostAuraM115mStrategy,range_choppy,142,61,81,-0.120057035,-54.86883459,61.8402564,0.429577464789
FrostAuraM115mStrategy,range_quiet,129,43,86,-0.43771196,-21.36881828,11.04271483,0.333333333333
FrostAuraM115mStrategy,transition,208,93,115,-0.142731455,-46.40457502,47.27052916,0.447115384615
FrostAuraM11hStrategy,bear_trend,55,44,11,12.00804414,-96.55744,87.53684798,0.8
FrostAuraM11hStrategy,bull_trend,126,89,37,6.727810895,-221.65871641,245.94186972,0.706349206349
FrostAuraM11hStrategy,high_vol_shock,40,24,16,5.90118326,-214.1942263,295.62941118,0.6
FrostAuraM11hStrategy,range_choppy,88,68,20,6.49394961,-160.9295617,92.05322974,0.772727272727
FrostAuraM11hStrategy,range_quiet,54,43,11,5.78866122,-105.71950161,49.74684819,0.796296296296
FrostAuraM11hStrategy,transition,133,102,31,5.43752096,-324.51436014,84.07899144,0.766917293233
FrostAuraM21hStrategy,bear_trend,40,8,32,-2.23247305,-20.16366961,2.6311476,0.2
FrostAuraM21hStrategy,bull_trend,54,6,48,-2.449845245,-44.80434157,18.15921745,0.111111111111
FrostAuraM21hStrategy,high_vol_shock,26,5,21,-4.269463105,-52.47923199,31.62025275,0.192307692308
FrostAuraM21hStrategy,range_choppy,49,18,31,-0.74266734,-44.08675637,21.22809261,0.367346938776
FrostAuraM21hStrategy,range_quiet,25,9,16,-0.3336925,-16.04055006,8.01934126,0.36
FrostAuraM21hStrategy,transition,68,17,51,-1.008275825,-26.12279104,13.80204985,0.25
FrostAuraM315mStrategy,bear_trend,144,78,66,0.016342655,-85.39477925,42.19530047,0.541666666667
FrostAuraM315mStrategy,bull_trend,155,85,70,0.0474266,-117.13543678,87.97310298,0.548387096774
FrostAuraM315mStrategy,high_vol_shock,51,32,19,3.1434284,-186.82001597,199.35206609,0.627450980392
FrostAuraM315mStrategy,range_choppy,142,78,64,0.0113349,-97.01495415,44.69717403,0.549295774648
FrostAuraM315mStrategy,range_quiet,127,66,61,0.00717074,-52.16310791,18.99591512,0.51968503937
FrostAuraM315mStrategy,transition,217,130,87,0.66163933,-86.97759508,38.75604202,0.599078341014
FrostAuraM31hStrategy,bear_trend,108,68,40,1.242371145,-162.29267367,75.43043658,0.62962962963
FrostAuraM31hStrategy,bull_trend,132,76,56,0.02703297,-71.33452254,56.05628473,0.575757575758
FrostAuraM31hStrategy,high_vol_shock,40,24,15,2.12391554,-73.95049876,82.31874462,0.6
FrostAuraM31hStrategy,range_choppy,115,67,48,0.0131808,-69.64233108,35.612255,0.582608695652
FrostAuraM31hStrategy,range_quiet,107,55,52,0.00014574,-58.284523,26.68954194,0.514018691589
FrostAuraM31hStrategy,transition,169,102,67,0.0739596,-109.2657187,59.74492444,0.603550295858
GKD_Baseline,bear_trend,59,13,46,-0.557024,-17.48096404,3.6201949,0.220338983051
GKD_Baseline,bull_trend,63,7,56,-1.6339934,-25.29832792,1.77030175,0.111111111111
GKD_Baseline,high_vol_shock,30,2,28,-4.39546652,-35.35529347,7.43735835,0.0666666666667
GKD_Baseline,range_choppy,61,14,47,-0.6566996,-23.98817995,4.85196823,0.229508196721
GKD_Baseline,range_quiet,27,11,16,-0.04634667,-22.08279102,1.25569959,0.407407407407
GKD_Baseline,transition,88,24,64,-0.63076627,-18.67449647,4.59598583,0.272727272727
GKD_BaselineAllMAs,bear_trend,59,13,46,-0.557024,-17.48096404,3.6201949,0.220338983051
GKD_BaselineAllMAs,bull_trend,63,7,56,-1.6339934,-25.29832792,1.77030175,0.111111111111
GKD_BaselineAllMAs,high_vol_shock,30,2,28,-4.39546652,-35.35529347,7.43735835,0.0666666666667
GKD_BaselineAllMAs,range_choppy,61,14,47,-0.6566996,-23.98817995,4.85196823,0.229508196721
GKD_BaselineAllMAs,range_quiet,27,11,16,-0.04634667,-22.08279102,1.25569959,0.407407407407
GKD_BaselineAllMAs,transition,88,24,64,-0.63076627,-18.67449647,4.59598583,0.272727272727
GKD_FisherTransformMTF,bear_trend,146,72,74,-0.877338055,-316.30791787,344.70418705,0.493150684932
GKD_FisherTransformMTF,bull_trend,138,51,87,-8.065735085,-407.62026225,401.72281319,0.369565217391
GKD_FisherTransformMTF,high_vol_shock,50,18,32,-31.942787355,-1221.23218085,640.95685014,0.36
GKD_FisherTransformMTF,range_choppy,137,56,81,-8.42382299,-304.702865,356.73664118,0.408759124088
GKD_FisherTransformMTF,range_quiet,119,62,57,4.32416263,-90.70392047,752.79997678,0.521008403361
GKD_FisherTransformMTF,transition,206,92,114,-2.59409911,-175.51106241,1397.6156372,0.446601941748
GKD_HurstExponent,bear_trend,139,80,59,1.03228767,-40.89375598,36.76486337,0.575539568345
GKD_HurstExponent,bull_trend,132,74,58,0.83007018,-32.92041542,29.36516101,0.560606060606
GKD_HurstExponent,high_vol_shock,48,25,23,1.28064114,-96.74218098,25.99382115,0.520833333333
GKD_HurstExponent,range_choppy,132,84,48,1.56737761,-25.8271554,25.28349173,0.636363636364
GKD_HurstExponent,range_quiet,111,77,34,1.34409408,-25.46643218,9.3310025,0.693693693694
GKD_HurstExponent,transition,187,116,71,1.30861086,-39.61725412,18.33096994,0.620320855615
GKD_PFE,bear_trend,66,23,43,-0.35929098,-16.00839481,5.88114524,0.348484848485
GKD_PFE,bull_trend,69,16,53,-1.3313694,-46.72160951,13.71311459,0.231884057971
GKD_PFE,high_vol_shock,30,5,25,-6.506499405,-71.69803862,6.88538237,0.166666666667
GKD_PFE,range_choppy,64,17,47,-0.725413,-26.88831547,9.32081515,0.265625
GKD_PFE,range_quiet,29,9,20,-0.26953676,-13.52212909,4.74619914,0.310344827586
GKD_PFE,transition,90,26,64,-0.851684945,-24.12722487,17.84370768,0.288888888889
GPTREV,bear_trend,57,32,25,2.94313896,-95.84009425,44.73423159,0.561403508772
GPTREV,bull_trend,46,26,20,1.564581285,-37.75982177,63.9799559,0.565217391304
GPTREV,high_vol_shock,18,6,12,-7.154581055,-56.60091424,24.29830437,0.333333333333
GPTREV,range_choppy,44,21,23,-1.151297445,-37.34621006,31.7310049,0.477272727273
GPTREV,range_quiet,38,16,22,-3.5212149,-34.50395669,65.47692584,0.421052631579
GPTREV,transition,55,19,36,-11.56508975,-56.01886241,24.6754547,0.345454545455
GRIDDMIPRICEStrategyFutureV5Long,bear_trend,1,0,1,-5.7879155,-5.7879155,-5.7879155,0
GRIDDMIPRICEStrategyFutureV5Long,bull_trend,14,8,6,29.177525515,-205.99424427,866.33727869,0.571428571429
GRIDDMIPRICEStrategyFutureV5Long,high_vol_shock,12,6,6,-1.4428535,-3619.32812332,484.30851756,0.5
GRIDDMIPRICEStrategyFutureV5Long,range_choppy,4,3,1,45.01261545,-738.38840731,89.15563518,0.75
GRIDDMIPRICEStrategyFutureV5Long,transition,7,4,3,135.00758441,-791.27169075,2174.17255876,0.571428571429
GRIDDMIPRICEStrategyFutureV5Short,bull_trend,6,0,6,-53.42390201,-282.3476482,-5.09094312,0
GRIDDMIPRICEStrategyFutureV5Short,high_vol_shock,4,0,4,-5.291204675,-18.09770545,-2.45464933,0
GRIDDMIPRICEStrategyFutureV5Short,range_choppy,1,0,1,-87.7142677,-87.7142677,-87.7142677,0
GRIDDMIPRICEStrategySpot,bear_trend,14,7,7,-1.08438652,-127.81158295,399.47947756,0.5
GRIDDMIPRICEStrategySpot,bull_trend,27,8,19,-28.89711628,-1303.5223059,510.01069515,0.296296296296
GRIDDMIPRICEStrategySpot,high_vol_shock,21,11,10,29.92463779,-898.86508414,796.36976057,0.52380952381
GRIDDMIPRICEStrategySpot,range_choppy,13,7,6,27.66494286,-256.55674216,209.95902036,0.538461538462
GRIDDMIPRICEStrategySpot,range_quiet,6,1,5,-30.60980764,-236.57565571,266.18259715,0.166666666667
GRIDDMIPRICEStrategySpot,transition,18,6,12,-10.42430829,-803.48703177,454.66397851,0.333333333333
GnF_V2,bear_trend,111,42,69,-0.60886405,-23.65295096,16.60203417,0.378378378378
GnF_V2,bull_trend,119,48,71,-0.42145448,-45.15763817,37.58696033,0.403361344538
GnF_V2,high_vol_shock,43,23,20,0.5838016,-40.89696874,115.01999422,0.53488372093
GnF_V2,range_choppy,109,45,64,-0.34070403,-26.45768804,15.63842856,0.412844036697
GnF_V2,range_quiet,80,26,54,-0.807609,-12.50361897,9.97586958,0.325
GnF_V2,transition,172,75,97,-0.19951706,-18.78634697,35.77810521,0.436046511628
GodCard,bear_trend,42,37,5,1.159059145,-12.25016135,5.39670931,0.880952380952
GodCard,bull_trend,40,38,2,1.462713965,-0.00017328,6.45331254,0.95
GodCard,high_vol_shock,13,12,1,1.037852,-11.95537476,8.52178096,0.923076923077
GodCard,range_choppy,31,28,3,0.52154069,-12.144426,4.6009722,0.903225806452
GodCard,range_quiet,43,39,4,0.51097287,-13.33219734,12.05863317,0.906976744186
GodCard,transition,48,44,4,0.814833025,-13.64100192,6.04177331,0.916666666667
GoldenCrossStrategy,bear_trend,142,44,98,-1.311834985,-35.96078849,17.63035103,0.30985915493
GoldenCrossStrategy,bull_trend,135,43,92,-0.752586,-18.17144855,18.1397517,0.318518518519
GoldenCrossStrategy,high_vol_shock,47,21,26,-0.75469074,-41.71312828,42.91576137,0.446808510638
GoldenCrossStrategy,range_choppy,123,47,76,-0.53454,-15.79911136,13.69364123,0.382113821138
GoldenCrossStrategy,range_quiet,125,47,78,-0.40758345,-13.44845679,4.8184898,0.376
GoldenCrossStrategy,transition,207,80,127,-0.48875148,-19.54786383,15.02276763,0.386473429952
Gumbo1,bear_trend,50,28,22,0.082584995,-16.66187049,3.9678563,0.56
Gumbo1,bull_trend,56,10,46,-1.63108564,-50.18651477,1.80581153,0.178571428571
Gumbo1,high_vol_shock,26,8,18,-3.352590315,-58.97614122,5.0271031,0.307692307692
Gumbo1,range_choppy,57,19,38,-0.3603963,-25.52164947,2.24424896,0.333333333333
Gumbo1,range_quiet,21,8,13,-0.6654791,-15.63050234,1.24707241,0.380952380952
Gumbo1,transition,79,27,52,-0.5724938,-25.77414451,2.64246817,0.341772151899
HEAD_SHOULDER,bear_trend,59,23,36,-2.84445925,-61.1434029,50.92319495,0.389830508475
HEAD_SHOULDER,bull_trend,56,30,26,1.735804075,-99.01218268,60.63270579,0.535714285714
HEAD_SHOULDER,high_vol_shock,27,12,15,-8.60630213,-82.23890537,291.36745948,0.444444444444
HEAD_SHOULDER,range_choppy,40,22,18,2.667650475,-46.89358121,57.66653369,0.55
HEAD_SHOULDER,range_quiet,45,23,22,1.38339647,-46.22008067,28.52613378,0.511111111111
HEAD_SHOULDER,transition,48,17,31,-5.31250284,-108.20532349,37.81086653,0.354166666667
Hacklemore2,bear_trend,2,2,0,4.09120266,1.20869364,6.97371168,1
Hacklemore2,bull_trend,28,23,5,5.879138765,-201.40527836,46.77519118,0.821428571429
Hacklemore2,high_vol_shock,16,14,2,19.13592974,-201.80960776,151.24319445,0.875
Hacklemore2,range_choppy,18,17,1,4.106086955,-0.00096768,16.66895812,0.944444444444
Hacklemore2,range_quiet,5,5,0,0.5794555,4.06e-06,3.65591908,1
Hacklemore2,transition,25,23,2,4.16597195,-168.42545777,24.2080592,0.92
Hacklemost,bear_trend,15,15,0,3.3719559,0.34319585,17.1839255,1
Hacklemost,bull_trend,10,10,0,2.27015255,0.6736921,9.29613709,1
Hacklemost,high_vol_shock,22,18,4,4.79960794,-69.61371181,27.93465114,0.818181818182
Hacklemost,range_choppy,12,12,0,2.44872004,0.31126585,8.11870848,1
Hacklemost,range_quiet,6,6,0,5.45225434,0.3146997,9.37359865,1
Hacklemost,transition,11,11,0,2.08427978,0.299943,3.54040312,1
Hammer,bear_trend,29,24,5,4.2882372,-2.20869594,43.5516777,0.827586206897
Hammer,bull_trend,44,36,8,6.172166835,-41.71417655,62.77907372,0.818181818182
Hammer,high_vol_shock,24,17,7,5.17393234,-114.15959425,106.49969616,0.708333333333
Hammer,range_choppy,33,26,7,1.96750866,-40.8313896,17.66681703,0.787878787879
Hammer,range_quiet,20,18,2,4.7853363,-42.18494955,72.7111504,0.9
Hammer,transition,40,33,7,3.135163385,-43.8290302,36.90690192,0.825
HansenSmaOffsetV1,bear_trend,7,5,2,80.19639144,-320.0360436,308.310457,0.714285714286
HansenSmaOffsetV1,bull_trend,18,15,3,103.94617084,-362.17214933,812.08285967,0.833333333333
HansenSmaOffsetV1,high_vol_shock,16,10,6,22.17389841,-502.49611054,491.15418826,0.625
HansenSmaOffsetV1,range_choppy,6,5,1,89.097631,-95.37474888,118.38828452,0.833333333333
HansenSmaOffsetV1,range_quiet,7,2,5,-126.1039405,-408.36219942,420.8727228,0.285714285714
HansenSmaOffsetV1,transition,11,8,3,30.14317415,-307.88214491,199.51662665,0.727272727273
HedgeAdaptiveRegimeStrategy,bear_trend,21,1,20,-3.31524634,-24.21897012,0.12872892,0.047619047619
HedgeAdaptiveRegimeStrategy,bull_trend,35,10,25,-0.78925863,-45.22777067,12.48961863,0.285714285714
HedgeAdaptiveRegimeStrategy,high_vol_shock,20,4,16,-2.835439875,-22.46593082,5.29419263,0.2
HedgeAdaptiveRegimeStrategy,range_choppy,32,8,24,-1.25673999,-68.66414546,13.95430462,0.25
HedgeAdaptiveRegimeStrategy,range_quiet,19,4,15,-0.54630622,-17.70843079,3.68699945,0.210526315789
HedgeAdaptiveRegimeStrategy,transition,44,10,34,-1.673278565,-35.56603853,4.59164466,0.227272727273
HeikinAshiStrategy,bear_trend,17,0,17,-3.74966681,-19.70618529,-0.27982123,0
HeikinAshiStrategy,bull_trend,18,0,18,-10.76787404,-38.58085055,-0.0608426,0
HeikinAshiStrategy,high_vol_shock,1,0,1,-180.53732808,-180.53732808,-180.53732808,0
HeikinAshiStrategy,range_choppy,17,1,16,-3.08789437,-53.70180229,3.2596524,0.0588235294118
HeikinAshiStrategy,range_quiet,10,0,10,-4.840144825,-11.41196252,-0.45840765,0
HeikinAshiStrategy,transition,24,0,24,-4.579328585,-47.97608829,-0.12292796,0
HigherHighStrategy,bear_trend,30,1,29,-1.68558759,-17.10506421,0.0524262,0.0333333333333
HigherHighStrategy,bull_trend,41,5,36,-1.52295571,-29.09985806,4.16019118,0.121951219512
HigherHighStrategy,high_vol_shock,23,0,23,-1.66908866,-108.77471611,-0.14231702,0
HigherHighStrategy,range_choppy,35,1,34,-1.94699077,-26.46417924,0.07267041,0.0285714285714
HigherHighStrategy,range_quiet,20,0,20,-1.90176863,-11.70649526,-0.01942215,0
HigherHighStrategy,transition,51,2,49,-1.2893338,-22.66621789,0.10900775,0.0392156862745
HilbertSineWave,bear_trend,127,59,68,-0.39078211,-47.47534987,24.05285466,0.464566929134
HilbertSineWave,bull_trend,127,57,70,-1.19274473,-52.09103915,62.03515505,0.448818897638
HilbertSineWave,high_vol_shock,47,18,29,-3.9390855,-205.33914947,14.62508401,0.382978723404
HilbertSineWave,range_choppy,121,66,55,0.61038297,-25.10344674,40.51026213,0.545454545455
HilbertSineWave,range_quiet,103,53,50,0.22679458,-7.44379007,22.80895988,0.514563106796
HilbertSineWave,transition,188,97,91,0.10871936,-33.42162038,29.97188488,0.515957446809
HourBasedStrategy,bear_trend,148,74,74,-1.195e-05,-142.67533584,46.7455416,0.5
HourBasedStrategy,bull_trend,148,57,91,-0.530445445,-200.04578985,130.90069144,0.385135135135
HourBasedStrategy,high_vol_shock,49,16,33,-1.9408264,-457.49610638,252.52049051,0.326530612245
HourBasedStrategy,range_choppy,142,72,70,0.00056645,-82.91211045,101.86875829,0.507042253521
HourBasedStrategy,range_quiet,127,65,62,0.00026978,-16.36136895,71.20026686,0.511811023622
HourBasedStrategy,transition,211,108,103,0.0012936,-83.9236614,212.01600815,0.511848341232
HourBasedStrategy_5m,bear_trend,155,85,70,0.75436564,-221.56115588,135.74542641,0.548387096774
HourBasedStrategy_5m,bull_trend,158,64,94,-4.3005687,-120.4683356,256.18985532,0.405063291139
HourBasedStrategy_5m,high_vol_shock,51,23,28,-0.3121385,-453.26182052,231.14200029,0.450980392157
HourBasedStrategy_5m,range_choppy,149,75,74,0.00085314,-184.8082349,204.67751434,0.503355704698
HourBasedStrategy_5m,range_quiet,142,81,61,0.30108103,-53.6870295,90.96337532,0.570422535211
HourBasedStrategy_5m,transition,222,115,107,0.00281222,-192.65513858,291.06697198,0.518018018018
INSIDEUP,bear_trend,5,4,1,7.09745894,-8.864e-05,21.41508846,0.8
INSIDEUP,bull_trend,44,39,5,19.330860855,-341.1646626,78.70484075,0.886363636364
INSIDEUP,high_vol_shock,19,17,2,30.3760961,-301.77390398,160.76861121,0.894736842105
INSIDEUP,range_choppy,25,24,1,8.51637364,-0.01248955,63.29362769,0.96
INSIDEUP,range_quiet,7,5,2,3.86366876,-303.83105664,27.88904831,0.714285714286
INSIDEUP,transition,39,34,5,5.29930819,-256.41739485,95.73704848,0.871794871795
Ichess,bear_trend,16,4,12,-13.03798432,-73.8520161,39.23653415,0.25
Ichess,bull_trend,47,25,22,0.0869605,-107.7775678,96.9071966,0.531914893617
Ichess,high_vol_shock,23,11,12,-5.98976088,-80.6074355,199.37356209,0.478260869565
Ichess,range_choppy,48,22,26,-2.164578425,-107.42132141,78.6085003,0.458333333333
Ichess,range_quiet,56,20,36,-9.75970134,-81.27382276,140.15084379,0.357142857143
Ichess,transition,70,30,40,-7.90750942,-131.14596764,177.28375899,0.428571428571
Ichi,bear_trend,115,87,28,0.21535366,-24.98383377,8.3246622,0.75652173913
Ichi,bull_trend,139,90,49,0.09204791,-49.76427116,12.3579105,0.647482014388
Ichi,high_vol_shock,47,23,24,-0.0460151,-89.48897407,23.02803117,0.489361702128
Ichi,range_choppy,121,89,32,0.14733074,-16.60535371,5.49808397,0.735537190083
Ichi,range_quiet,100,73,27,0.04644335,-5.23739557,3.03574194,0.73
Ichi,transition,190,148,42,0.10162112,-23.70811373,10.72459727,0.778947368421
Ichimoku,bear_trend,118,71,47,0.18723332,-48.66168358,24.83798836,0.601694915254
Ichimoku,bull_trend,124,53,71,-0.33623701,-50.9796641,66.586824,0.427419354839
Ichimoku,high_vol_shock,43,15,28,-1.85102068,-157.89274202,78.99849018,0.348837209302
Ichimoku,range_choppy,106,55,51,0.137348255,-35.69656091,31.27666667,0.518867924528
Ichimoku,range_quiet,98,57,41,0.1352968,-16.67919245,16.86953904,0.581632653061
Ichimoku,transition,163,81,82,-0.00654566,-82.38922071,53.42488088,0.496932515337
IchimokuCloudBreakoutStrategy,bear_trend,81,19,62,-0.67345363,-41.9698834,16.38625778,0.234567901235
IchimokuCloudBreakoutStrategy,bull_trend,92,31,61,-0.46289763,-117.33473859,54.78454011,0.336956521739
IchimokuCloudBreakoutStrategy,high_vol_shock,32,4,28,-5.982855015,-103.22798727,98.80623579,0.125
IchimokuCloudBreakoutStrategy,range_choppy,76,42,34,0.45937299,-18.54311891,35.77990911,0.552631578947
IchimokuCloudBreakoutStrategy,range_quiet,52,24,28,-0.292992725,-12.40539713,43.20859491,0.461538461538
IchimokuCloudBreakoutStrategy,transition,116,42,74,-0.28547891,-72.55019566,89.24693707,0.362068965517
IchimokuCloudStrategy,bear_trend,59,18,41,-7.3822334,-65.09803521,511.3918645,0.305084745763
IchimokuCloudStrategy,bull_trend,83,33,50,-5.75048383,-116.71653333,462.94518562,0.397590361446
IchimokuCloudStrategy,high_vol_shock,27,10,17,-6.63083874,-131.33573053,304.85707028,0.37037037037
IchimokuCloudStrategy,range_choppy,68,32,36,-1.70437131,-145.14275618,209.00957168,0.470588235294
IchimokuCloudStrategy,range_quiet,65,27,38,-4.21860054,-70.9382202,270.22141326,0.415384615385
IchimokuCloudStrategy,transition,86,32,54,-6.17865658,-161.53379594,526.12612167,0.372093023256
IchimokuSimpleStrategy,bear_trend,86,15,71,-0.936060195,-18.90491921,2.77272675,0.174418604651
IchimokuSimpleStrategy,bull_trend,97,19,78,-0.6830825,-18.56937345,10.66836897,0.19587628866
IchimokuSimpleStrategy,high_vol_shock,36,7,29,-1.284322115,-29.64199139,14.85310679,0.194444444444
IchimokuSimpleStrategy,range_choppy,88,20,68,-0.804434805,-19.34890962,6.68331014,0.227272727273
IchimokuSimpleStrategy,range_quiet,57,12,45,-0.4358786,-11.9494406,1.82528115,0.210526315789
IchimokuSimpleStrategy,transition,123,27,96,-0.5947811,-18.47592945,16.57071028,0.219512195122
IchimokuStrategy,bear_trend,146,70,76,-1.093424225,-280.46092624,142.01945395,0.479452054795
IchimokuStrategy,bull_trend,147,63,84,-6.19600462,-165.30177838,298.75271793,0.428571428571
IchimokuStrategy,high_vol_shock,50,24,26,-4.16616512,-753.61690111,449.91296054,0.48
IchimokuStrategy,range_choppy,143,71,72,-0.0806088,-140.42549215,297.93002191,0.496503496503
IchimokuStrategy,range_quiet,125,54,71,-2.36334237,-65.29343133,370.78807527,0.432
IchimokuStrategy,transition,213,99,114,-1.40089248,-142.40099983,341.65373853,0.464788732394
Ichimoku_SenkouSpanCross,bear_trend,28,7,21,-21.145282695,-147.77168601,157.44153361,0.25
Ichimoku_SenkouSpanCross,bull_trend,52,23,29,-8.50932426,-115.4170377,338.09912934,0.442307692308
Ichimoku_SenkouSpanCross,high_vol_shock,18,3,15,-74.357932165,-286.42331627,1096.377051,0.166666666667
Ichimoku_SenkouSpanCross,range_choppy,50,22,28,-7.07515905,-176.86029747,427.60275191,0.44
Ichimoku_SenkouSpanCross,range_quiet,52,24,28,-3.37766535,-283.3219363,1288.9203975,0.461538461538
Ichimoku_SenkouSpanCross,transition,53,23,30,-16.3133215,-215.0198954,1616.25247844,0.433962264151
Ichimoku_v12,bull_trend,38,35,3,65.554434225,-921.05191919,456.28968151,0.921052631579
Ichimoku_v12,high_vol_shock,13,11,2,175.26890775,-873.54929659,964.9554784,0.846153846154
Ichimoku_v12,range_choppy,13,13,0,51.79229251,22.81711448,277.15225244,1
Ichimoku_v12,range_quiet,1,1,0,141.05728976,141.05728976,141.05728976,1
Ichimoku_v12,transition,28,25,3,37.604762225,-729.66720009,165.90099112,0.892857142857
Ichimoku_v30,bear_trend,23,12,11,5.37183407,-886.14922192,1775.80931974,0.521739130435
Ichimoku_v30,bull_trend,22,11,11,11.151842425,-710.5252758,1330.03336687,0.5
Ichimoku_v30,high_vol_shock,10,2,8,-134.0158269,-862.20122724,202.170778,0.2
Ichimoku_v30,range_choppy,14,8,6,18.91677303,-622.390446,4121.60717852,0.571428571429
Ichimoku_v30,range_quiet,11,6,5,44.59092432,-255.2932404,2290.8774696,0.545454545455
Ichimoku_v30,transition,10,9,1,37.259592075,-473.5502375,1138.81882464,0.9
Ichimoku_v31,bear_trend,111,29,82,-11.34224614,-197.13314102,509.18842782,0.261261261261
Ichimoku_v31,bull_trend,94,23,71,-15.02549022,-196.38219624,468.84704437,0.244680851064
Ichimoku_v31,high_vol_shock,29,10,19,-12.6604863,-147.73958162,696.07198212,0.344827586207
Ichimoku_v31,range_choppy,95,31,64,-8.7502083,-232.9261515,354.69846217,0.326315789474
Ichimoku_v31,range_quiet,100,46,54,-1.75546922,-106.10921625,1618.7033788,0.46
Ichimoku_v31,transition,127,40,87,-8.84851107,-228.37072813,1322.61686752,0.314960629921
Ichimoku_v32,bear_trend,82,37,45,-26.35541789,-428.64192261,2078.481174,0.451219512195
Ichimoku_v32,bull_trend,18,5,13,-17.65983073,-251.57837858,1469.95058194,0.277777777778
Ichimoku_v32,high_vol_shock,11,4,7,-101.85909591,-215.7108016,1102.36460292,0.363636363636
Ichimoku_v32,range_choppy,33,7,26,-55.67316398,-413.38668953,923.1016816,0.212121212121
Ichimoku_v32,range_quiet,41,22,19,13.01846478,-454.2519366,1048.84821945,0.536585365854
Ichimoku_v32,transition,42,16,26,-8.25264646,-491.98941206,1747.75606896,0.380952380952
Ichimoku_v33,bear_trend,108,36,72,-1.408087525,-30.86182197,96.95734985,0.333333333333
Ichimoku_v33,bull_trend,86,29,57,-2.78424984,-37.8360362,37.32678524,0.337209302326
Ichimoku_v33,high_vol_shock,33,14,19,-2.7923265,-39.14875729,129.91211428,0.424242424242
Ichimoku_v33,range_choppy,95,48,47,0.54293325,-17.96633168,54.12147621,0.505263157895
Ichimoku_v33,range_quiet,99,53,46,0.200185,-20.03149057,79.9669977,0.535353535354
Ichimoku_v33,transition,122,50,72,-1.039970575,-16.40187272,25.33703893,0.409836065574
Ichimoku_v37,bear_trend,30,8,22,-6.695692815,-99.91651624,111.64481205,0.266666666667
Ichimoku_v37,bull_trend,33,7,26,-30.513274,-176.94437167,344.78256721,0.212121212121
Ichimoku_v37,high_vol_shock,15,6,9,-4.6483313,-263.65963592,253.65914375,0.4
Ichimoku_v37,range_choppy,40,11,29,-15.43953966,-288.96739652,1148.74038787,0.275
Ichimoku_v37,range_quiet,58,22,36,-10.338133695,-174.4715366,1252.02251319,0.379310344828
Ichimoku_v37,transition,58,14,44,-10.860892535,-106.928382,1624.53502532,0.241379310345
ImpulseV1,bear_trend,47,29,18,0.8731757,-60.29537382,24.04016991,0.617021276596
ImpulseV1,bull_trend,58,18,40,-2.322624835,-36.42265054,44.9717201,0.310344827586
ImpulseV1,high_vol_shock,27,8,19,-13.48449663,-167.2638602,45.11947764,0.296296296296
ImpulseV1,range_choppy,55,31,24,0.9950556,-52.98414363,42.20148218,0.563636363636
ImpulseV1,range_quiet,23,16,7,2.00553667,-16.41241025,17.389437,0.695652173913
ImpulseV1,transition,74,27,47,-0.662711595,-60.28051409,14.15260333,0.364864864865
InformativeSample,bear_trend,64,30,34,-0.29761285,-37.39817758,21.33165137,0.46875
InformativeSample,bull_trend,67,19,48,-2.7306708,-46.25426467,42.65801773,0.283582089552
InformativeSample,high_vol_shock,30,8,22,-8.25207627,-159.85929377,78.48439437,0.266666666667
InformativeSample,range_choppy,74,40,34,0.21957994,-62.01414982,46.98918879,0.540540540541
InformativeSample,range_quiet,34,22,12,0.33295265,-11.28081116,22.742278,0.647058823529
InformativeSample,transition,94,46,48,-0.100430935,-86.06080408,43.70279046,0.489361702128
Inverse,bear_trend,3,0,3,-3.83876169,-4.8448685,-0.42954898,0
Inverse,bull_trend,119,42,77,-3.66164118,-68.03410337,82.75246661,0.352941176471
Inverse,high_vol_shock,33,14,19,-2.4198372,-55.4925412,39.57380926,0.424242424242
Inverse,range_choppy,79,30,49,-1.96778188,-38.29771888,46.83381663,0.379746835443
Inverse,range_quiet,87,40,47,-0.50388969,-30.73233275,32.07876204,0.459770114943
Inverse,transition,126,49,77,-2.40736441,-54.40514528,60.28640436,0.388888888889
InverseV2,bull_trend,94,34,60,-2.25782867,-40.79848073,80.71063178,0.36170212766
InverseV2,high_vol_shock,27,13,14,-0.00168191,-52.7874579,57.04681209,0.481481481481
InverseV2,range_choppy,61,25,36,-1.6320485,-30.17560465,52.5999175,0.409836065574
InverseV2,range_quiet,55,22,33,-1.00293877,-17.81294822,29.10330643,0.4
InverseV2,transition,82,29,53,-1.81646884,-39.29397761,57.40788872,0.353658536585
JuicyTrend,bear_trend,47,14,33,-0.60645266,-22.68187424,4.04949202,0.297872340426
JuicyTrend,bull_trend,59,18,41,-1.73191367,-51.86195359,26.69432361,0.305084745763
JuicyTrend,high_vol_shock,27,8,19,-4.50139468,-83.41101469,6.38402037,0.296296296296
JuicyTrend,range_choppy,56,13,43,-1.23200864,-26.7699131,22.95236374,0.232142857143
JuicyTrend,range_quiet,25,14,11,0.11426682,-14.35778554,6.65177085,0.56
JuicyTrend,transition,76,24,52,-0.74278239,-29.21884916,25.20101969,0.315789473684
JustROCR,bear_trend,55,24,31,-14.1056256,-122.6292367,169.46483279,0.436363636364
JustROCR,bull_trend,51,19,32,-25.3226316,-166.37239542,219.44719329,0.372549019608
JustROCR,high_vol_shock,36,13,23,-23.07015192,-217.15259998,276.953586,0.361111111111
JustROCR,range_choppy,52,27,25,3.3143571,-83.8119795,80.31356723,0.519230769231
JustROCR,range_quiet,16,9,7,19.78197068,-46.38763392,152.76596713,0.5625
JustROCR,transition,53,27,26,26.12114032,-79.96445999,160.88985302,0.509433962264
JustROCR2,bear_trend,4,2,2,0.516489005,-10.87791555,16.3928444,0.5
JustROCR2,bull_trend,3,1,2,-1.44905134,-2.85663522,6.1114457,0.333333333333
JustROCR2,high_vol_shock,10,0,10,-5.706499605,-13.14074704,-1.44886576,0
JustROCR2,range_quiet,4,0,4,-3.932876315,-6.22560232,-1.8132455,0
JustROCR2,transition,2,0,2,-4.132662775,-6.87301697,-1.39230858,0
JustROCR3,bear_trend,21,1,20,-1.66351266,-10.26487701,28.62206872,0.047619047619
JustROCR3,bull_trend,26,0,26,-1.429741195,-30.87708425,-0.25154438,0
JustROCR3,high_vol_shock,25,0,25,-5.92700674,-117.49904972,-0.63142488,0
JustROCR3,range_choppy,17,0,17,-1.1655164,-8.21579486,-0.379713,0
JustROCR3,range_quiet,11,1,10,-2.87422267,-16.2110503,0.86283224,0.0909090909091
JustROCR3,transition,18,0,18,-1.655806635,-8.79954821,-0.5786678,0
JustROCR4,bear_trend,4,1,3,-15.73453299,-16.39324008,14.80093256,0.25
JustROCR4,bull_trend,3,0,3,-17.0324057,-18.0383846,-16.7174864,0
JustROCR4,high_vol_shock,10,2,8,-17.046385125,-38.39157089,16.84122258,0.2
JustROCR4,range_quiet,4,4,0,15.23170745,14.82625193,15.25653871,1
JustROCR4,transition,2,0,2,-15.74858627,-16.07503484,-15.4221377,0
JustROCR5,bear_trend,12,4,8,-1.243462295,-2.4907196,2.75989134,0.333333333333
JustROCR5,bull_trend,16,2,14,-1.217026715,-5.010997,5.785506,0.125
JustROCR5,high_vol_shock,19,1,18,-4.6911166,-26.8002496,3.1756126,0.0526315789474
JustROCR5,range_choppy,8,0,8,-1.2235422,-3.22747398,-0.6761238,0
JustROCR5,range_quiet,7,2,5,-1.238967,-3.6242064,3.185769,0.285714285714
JustROCR5,transition,11,1,10,-1.235829,-3.62402435,1.4784308,0.0909090909091
KAMACCIRSI,bear_trend,93,65,28,1.0917366,-98.7279189,44.7843772,0.698924731183
KAMACCIRSI,bull_trend,124,73,51,0.180074085,-106.9665796,137.56938581,0.588709677419
KAMACCIRSI,high_vol_shock,46,21,25,-1.807279515,-379.87886145,187.89113663,0.45652173913
KAMACCIRSI,range_choppy,106,82,24,1.251193085,-72.15996521,56.10334492,0.77358490566
KAMACCIRSI,range_quiet,71,57,14,0.4887456,-56.0372941,28.50492638,0.802816901408
KAMACCIRSI,transition,159,121,38,0.49269289,-109.9625258,79.15369879,0.761006289308
KAMACCIRSI_new,bear_trend,30,19,11,0.00384869,-7.5793134,4.67710973,0.633333333333
KAMACCIRSI_new,bull_trend,13,7,6,0.4006464,-2.37309796,8.1600336,0.538461538462
KAMACCIRSI_new,high_vol_shock,10,5,5,-0.000737585,-8.19024453,2.14828226,0.5
KAMACCIRSI_new,range_choppy,21,15,6,0.755457,-5.35108181,6.418258,0.714285714286
KAMACCIRSI_new,range_quiet,12,4,8,-0.00439286,-6.37041533,0.54314272,0.333333333333
KAMACCIRSI_new,transition,26,15,11,0.000692885,-13.9160675,8.29549456,0.576923076923
KC_BB,bear_trend,42,28,14,2.47710053,-25.44594952,24.42939295,0.666666666667
KC_BB,bull_trend,56,40,16,2.444864575,-19.4835683,19.64030503,0.714285714286
KC_BB,high_vol_shock,34,23,11,2.774812175,-53.31648367,59.0805722,0.676470588235
KC_BB,range_choppy,45,28,17,0.8168068,-19.3893792,6.57357283,0.622222222222
KC_BB,range_quiet,17,11,6,0.868476,-22.92624004,16.7102336,0.647058823529
KC_BB,transition,54,32,22,1.025564385,-18.78612087,6.8153655,0.592592592593
KamaFama_2_20250115,bear_trend,33,22,11,1.0406715,-42.76799399,25.1279386,0.666666666667
KamaFama_2_20250115,bull_trend,27,19,8,2.17567896,-22.85311295,26.2759932,0.703703703704
KamaFama_2_20250115,high_vol_shock,35,18,17,0.26520498,-81.17717566,41.27642169,0.514285714286
KamaFama_2_20250115,range_choppy,20,16,4,1.72864679,-16.06226613,8.75323946,0.8
KamaFama_2_20250115,range_quiet,5,2,3,-12.5960088,-12.94161732,0.94513769,0.4
KamaFama_2_20250115,transition,23,17,6,0.29904264,-15.77990778,6.16303016,0.739130434783
KeltnerBounce,bear_trend,1,0,1,-0.00895356,-0.00895356,-0.00895356,0
KeltnerBounce,bull_trend,2,2,0,1.73677769,0.8736244,2.59993098,1
KeltnerBounce,high_vol_shock,7,6,1,3.1430593,-28.76652274,19.3343808,0.857142857143
KeltnerBounce,range_choppy,3,2,1,2.44408517,-0.0165152,4.70048522,0.666666666667
KeltnerBounce,range_quiet,1,1,0,0.88434255,0.88434255,0.88434255,1
KeltnerBounce_Shorts,bear_trend,101,67,34,0.48120408,-25.47504603,15.54443184,0.663366336634
KeltnerBounce_Shorts,bull_trend,85,58,27,0.636376,-48.25268554,51.62133028,0.682352941176
KeltnerBounce_Shorts,high_vol_shock,48,30,18,1.095202605,-65.75965218,23.8578525,0.625
KeltnerBounce_Shorts,range_choppy,96,62,34,0.73148718,-31.29806949,25.84218082,0.645833333333
KeltnerBounce_Shorts,range_quiet,53,39,14,0.19127409,-25.38113955,9.45692529,0.735849056604
KeltnerBounce_Shorts,transition,136,95,41,0.15823376,-73.00024723,8.85636446,0.698529411765
KeltnerChannelStrategy,bear_trend,61,5,56,-1.05176207,-23.89016533,1.39612664,0.0819672131148
KeltnerChannelStrategy,bull_trend,64,10,54,-1.3947951,-33.37624917,15.52815027,0.15625
KeltnerChannelStrategy,high_vol_shock,30,5,25,-1.947299705,-32.91066251,4.27478693,0.166666666667
KeltnerChannelStrategy,range_choppy,64,8,56,-0.98781743,-25.66918336,2.42207722,0.125
KeltnerChannelStrategy,range_quiet,29,2,27,-0.7420763,-11.89206204,1.24320733,0.0689655172414
KeltnerChannelStrategy,transition,87,17,70,-0.77335209,-22.27293399,2.26618442,0.195402298851
KeltnerChannels,bear_trend,20,16,4,0.03536295,-31.22189756,5.03669552,0.8
KeltnerChannels,bull_trend,20,17,3,3.31675278,-31.29705999,5.89717924,0.85
KeltnerChannels,high_vol_shock,4,2,2,0.39205394,-32.46098702,4.08375296,0.5
KeltnerChannels,range_choppy,14,12,2,0.62053943,-0.01652477,4.944042,0.857142857143
KeltnerChannels,range_quiet,13,8,5,0.00294678,-0.0092547,4.8164448,0.615384615385
KeltnerChannels,transition,22,18,4,0.00779653,-31.36578316,4.85956878,0.818181818182
Lateralus,bear_trend,83,57,26,2.4832715,-38.27821396,33.2258296,0.686746987952
Lateralus,bull_trend,81,43,38,0.4589332,-47.0832531,63.77504894,0.530864197531
Lateralus,high_vol_shock,41,21,20,0.42882135,-113.59107179,68.33369186,0.512195121951
Lateralus,range_choppy,79,49,30,2.37624555,-37.98292529,45.51985431,0.620253164557
Lateralus,range_quiet,48,34,14,2.380897285,-25.93836095,12.25203276,0.708333333333
Lateralus,transition,130,87,43,2.446567425,-60.47681207,32.66378057,0.669230769231
LeoStrategy,bear_trend,134,74,60,0.70387034,-24.3695226,4.92075312,0.55223880597
LeoStrategy,bull_trend,69,48,21,0.76310275,-10.308142,4.09100401,0.695652173913
LeoStrategy,high_vol_shock,36,14,22,-2.96490462,-45.7787374,8.56201267,0.388888888889
LeoStrategy,range_choppy,98,61,37,0.799536595,-10.74093652,5.63464183,0.622448979592
LeoStrategy,range_quiet,103,70,33,0.7033776,-12.07146032,11.25559473,0.679611650485
LeoStrategy,transition,146,89,57,0.70745545,-14.52614473,3.82323223,0.609589041096
LinearRegressionStrategy,bear_trend,40,2,38,-1.40800008,-27.49972976,1.62305787,0.05
LinearRegressionStrategy,bull_trend,53,10,43,-1.43746285,-27.11345985,2.75072542,0.188679245283
LinearRegressionStrategy,high_vol_shock,25,4,21,-4.02084979,-56.56668491,7.0249827,0.16
LinearRegressionStrategy,range_choppy,45,7,38,-1.08938914,-24.89176313,6.20656311,0.155555555556
LinearRegressionStrategy,range_quiet,25,4,21,-1.16050238,-11.4174342,0.41669444,0.16
LinearRegressionStrategy,transition,66,8,58,-1.274160365,-28.63007891,1.06575646,0.121212121212
Low_BB,bear_trend,41,13,28,-2.50028603,-9.37318128,73.0474649,0.317073170732
Low_BB,bull_trend,71,24,47,-2.55322228,-13.56811869,93.80259768,0.338028169014
Low_BB,high_vol_shock,25,8,17,-2.75303252,-31.31566394,95.93869546,0.32
Low_BB,range_choppy,43,12,31,-2.5180519,-13.5557307,67.9599399,0.279069767442
Low_BB,range_quiet,30,9,21,-2.80063344,-16.54734872,10.85193168,0.3
Low_BB,transition,52,17,35,-2.51215839,-9.82808512,72.11187255,0.326923076923
LuxOSC,bear_trend,156,71,85,-0.368596995,-137.16213036,68.00924915,0.455128205128
LuxOSC,bull_trend,161,75,86,-0.2870908,-66.78023388,92.92934714,0.465838509317
LuxOSC,high_vol_shock,51,31,20,1.06721,-438.18433316,225.00304378,0.607843137255
LuxOSC,range_choppy,147,74,73,0.08832497,-102.55885204,67.81694853,0.503401360544
LuxOSC,range_quiet,143,70,73,-0.21888877,-22.44414371,27.58838054,0.48951048951
LuxOSC,transition,228,113,115,-0.030367135,-138.00834215,106.17992782,0.495614035088
MAC,bull_trend,31,4,27,-15.4569285,-22.007826,222.10350943,0.129032258065
MAC,high_vol_shock,2,0,2,-15.110691125,-16.3707178,-13.85066445,0
MAC,range_choppy,5,1,4,-14.76181483,-19.8603312,0.06931513,0.2
MAC,range_quiet,3,2,1,196.0616688,-6.8600695,239.9221696,0.666666666667
MAC,transition,5,0,5,-15.0042812,-18.2531394,-6.34433997,0
MACD003,bear_trend,118,98,19,0.769385015,-44.41439913,12.41093415,0.830508474576
MACD003,bull_trend,121,98,23,0.72186835,-45.85726979,9.22797603,0.809917355372
MACD003,high_vol_shock,45,39,6,1.94513869,-44.43385081,12.29869789,0.866666666667
MACD003,range_choppy,111,86,25,0.51848544,-47.0083068,6.73739873,0.774774774775
MACD003,range_quiet,93,74,19,0.4573105,-28.883977,4.62600201,0.795698924731
MACD003,transition,174,141,33,0.42622234,-60.80949735,9.0558949,0.810344827586
MACD9fall,bear_trend,45,37,8,26.1600301,-216.86309536,72.70464386,0.822222222222
MACD9fall,bull_trend,62,49,13,27.137639255,-188.975483,100.273766,0.790322580645
MACD9fall,high_vol_shock,33,28,5,34.12235687,-287.34426654,193.35440582,0.848484848485
MACD9fall,range_choppy,28,22,6,23.492479245,-225.001875,43.8538496,0.785714285714
MACD9fall,range_quiet,11,8,3,23.26858969,-160.74774923,31.78954392,0.727272727273
MACD9fall,transition,36,30,6,27.27507285,-219.69212105,80.23460833,0.833333333333
MACDCCI,bear_trend,7,4,3,2.15696,-42.450343,236.3831514,0.571428571429
MACDCCI,high_vol_shock,1,1,0,2097.72427087,2097.72427087,2097.72427087,1
MACDCCI,range_choppy,3,1,2,-37.3153843,-37.9387898,576.11733481,0.333333333333
MACDCCI,transition,4,2,2,47.95429002,-44.1100485,1560.1019802,0.5
MACDCross,bear_trend,127,94,33,1.70232298,-55.15915803,21.9339379,0.740157480315
MACDCross,bull_trend,151,104,46,1.41035157,-71.26615465,69.49763525,0.688741721854
MACDCross,high_vol_shock,49,29,20,2.12698822,-286.48377444,126.13723934,0.591836734694
MACDCross,range_choppy,128,91,37,1.245489595,-39.30406002,54.6909819,0.7109375
MACDCross,range_quiet,109,87,22,0.95445316,-22.64239245,15.06228299,0.798165137615
MACDCross,transition,200,154,46,1.20446703,-88.09374954,48.38731407,0.77
MACDCrossoverWithTrend,bear_trend,74,14,60,-1.72964206,-12.14885194,28.08276916,0.189189189189
MACDCrossoverWithTrend,bull_trend,119,32,87,-2.60865291,-20.67915609,138.44074543,0.268907563025
MACDCrossoverWithTrend,high_vol_shock,41,13,28,-2.74454084,-46.997715,117.7765085,0.317073170732
MACDCrossoverWithTrend,range_choppy,82,25,57,-1.862304015,-16.93093987,64.08394303,0.30487804878
MACDCrossoverWithTrend,range_quiet,77,30,47,-0.63978906,-9.23673079,30.88271145,0.38961038961
MACDCrossoverWithTrend,transition,127,37,90,-1.42272144,-18.93321816,22.46008524,0.291338582677
MACDRL,bear_trend,131,60,71,-0.34965526,-34.44275592,12.13378397,0.458015267176
MACDRL,bull_trend,125,40,85,-0.65040009,-43.99315051,25.7986879,0.32
MACDRL,high_vol_shock,48,16,32,-1.301253275,-78.7772371,30.62254356,0.333333333333
MACDRL,range_choppy,135,58,77,-0.24862348,-20.87100839,36.66201863,0.42962962963
MACDRL,range_quiet,112,41,71,-0.56794466,-10.98981693,21.77669662,0.366071428571
MACDRL,transition,202,85,117,-0.32576322,-32.38015615,16.72535068,0.420792079208
MACDRS,bear_trend,56,13,43,-0.73723196,-14.06824477,4.34743613,0.232142857143
MACDRS,bull_trend,66,24,42,-0.983677015,-41.78109901,5.72725456,0.363636363636
MACDRS,high_vol_shock,29,8,21,-2.34195731,-36.62460127,3.88139083,0.275862068966
MACDRS,range_choppy,65,21,44,-0.85032949,-20.54826012,17.09451035,0.323076923077
MACDRS,range_quiet,34,13,21,-0.23220052,-9.28446449,8.93139218,0.382352941176
MACDRS,transition,85,32,53,-0.49651994,-30.97508083,7.12780293,0.376470588235
MACDRSI200,bear_trend,157,73,84,-0.25229213,-35.13952659,29.03900728,0.464968152866
MACDRSI200,bull_trend,156,48,108,-0.56329508,-36.19214516,11.58602402,0.307692307692
MACDRSI200,high_vol_shock,51,15,36,-1.4101523,-73.71999677,26.39769302,0.294117647059
MACDRSI200,range_choppy,145,65,80,-0.2149148,-26.02329124,24.82180501,0.448275862069
MACDRSI200,range_quiet,143,69,74,-0.1080069,-18.85572023,20.84782439,0.482517482517
MACDRSI200,transition,223,94,129,-0.2869532,-30.23918021,20.78098268,0.421524663677
MACDStrategy,bear_trend,131,72,59,0.13018024,-26.56909617,25.22392225,0.549618320611
MACDStrategy,bull_trend,131,53,78,-0.4473389,-51.42266345,40.40777634,0.404580152672
MACDStrategy,high_vol_shock,47,22,25,-0.16577853,-133.84132658,61.85739544,0.468085106383
MACDStrategy,range_choppy,116,56,60,-0.08776592,-27.88144732,22.43082041,0.48275862069
MACDStrategy,range_quiet,104,44,60,-0.1703565,-17.00704724,11.69709821,0.423076923077
MACDStrategy,transition,182,82,100,-0.1495836,-45.60948014,39.68063914,0.450549450549
MACDStrategyADA,bear_trend,131,108,23,0.55868535,-30.79520291,15.73291821,0.824427480916
MACDStrategyADA,bull_trend,141,118,23,0.57915113,-32.2680527,10.34721629,0.836879432624
MACDStrategyADA,high_vol_shock,47,39,8,3.07545757,-29.8161384,38.72196675,0.829787234043
MACDStrategyADA,range_choppy,126,108,18,0.72354084,-35.88683124,10.02848545,0.857142857143
MACDStrategyADA,range_quiet,114,90,24,0.52684385,-33.87791624,8.42196525,0.789473684211
MACDStrategyADA,transition,200,156,44,0.415960415,-36.8361375,8.76576939,0.78
MACDStrategyAVAX,bear_trend,117,59,58,6.03e-06,-14.8848388,9.0641067,0.504273504274
MACDStrategyAVAX,bull_trend,120,72,48,0.027601,-25.35947141,8.10973412,0.6
MACDStrategyAVAX,high_vol_shock,41,23,18,0.982164,-13.1619735,9.71127867,0.560975609756
MACDStrategyAVAX,range_choppy,111,65,46,0.05106492,-29.851742,5.0266755,0.585585585586
MACDStrategyAVAX,range_quiet,108,50,58,-0.00488192,-11.1043674,4.2109697,0.462962962963
MACDStrategyAVAX,transition,178,100,78,0.00263059,-30.34950975,5.80355408,0.561797752809
MACDStrategyBTC,bear_trend,97,72,25,5.8569767,-177.40340813,141.38423475,0.742268041237
MACDStrategyBTC,bull_trend,130,84,46,4.179896275,-200.51971755,185.83013975,0.646153846154
MACDStrategyBTC,high_vol_shock,48,25,23,2.37966658,-339.89507764,244.25704528,0.520833333333
MACDStrategyBTC,range_choppy,109,85,24,4.45317924,-194.4666714,80.7645584,0.779816513761
MACDStrategyBTC,range_quiet,65,58,7,3.5826226,-53.87958357,27.30419213,0.892307692308
MACDStrategyBTC,transition,168,146,22,5.80038054,-153.23551639,102.44159273,0.869047619048
MACDStrategyENJ,bear_trend,105,88,17,1.18283402,-28.21934464,10.6253238,0.838095238095
MACDStrategyENJ,bull_trend,113,95,17,0.84487867,-46.11977419,19.1391255,0.840707964602
MACDStrategyENJ,high_vol_shock,40,33,7,3.583026765,-45.66759283,12.82033953,0.825
MACDStrategyENJ,range_choppy,105,89,16,0.6626748,-47.4819826,8.13895893,0.847619047619
MACDStrategyENJ,range_quiet,98,77,21,0.38460459,-45.55607357,4.0935879,0.785714285714
MACDStrategyENJ,transition,156,125,31,0.26055461,-49.51938327,6.26446498,0.801282051282
MACDStrategyETC,bear_trend,87,67,20,2.8444066,-52.42069192,48.15110271,0.770114942529
MACDStrategyETC,bull_trend,138,99,39,2.127854865,-173.22087794,119.71390834,0.717391304348
MACDStrategyETC,high_vol_shock,47,26,21,0.67363537,-213.76573922,177.4292813,0.553191489362
MACDStrategyETC,range_choppy,106,82,24,2.7732013,-80.41557498,51.90614195,0.77358490566
MACDStrategyETC,range_quiet,82,72,10,1.073584085,-41.17447602,22.41027378,0.878048780488
MACDStrategyETC,transition,177,149,28,2.53832807,-147.32971153,84.43150908,0.841807909605
MACDStrategySOL,bear_trend,105,84,21,0.70354638,-23.82775423,10.6129256,0.8
MACDStrategySOL,bull_trend,113,91,22,0.6793513,-26.70222356,10.90478436,0.805309734513
MACDStrategySOL,high_vol_shock,39,29,10,2.9523468,-48.19820335,13.27292266,0.74358974359
MACDStrategySOL,range_choppy,103,81,22,0.74781404,-25.7953324,7.3757318,0.78640776699
MACDStrategySOL,range_quiet,96,72,24,0.39082842,-25.74497632,7.13340922,0.75
MACDStrategySOL,transition,155,122,33,0.3159298,-25.01972704,7.97478336,0.787096774194
MACDStrategyXRP,bear_trend,120,97,23,1.256643645,-41.17162458,23.4160609,0.808333333333
MACDStrategyXRP,bull_trend,143,118,25,0.81137201,-39.51468007,12.20420966,0.825174825175
MACDStrategyXRP,high_vol_shock,48,39,9,3.00746623,-40.57702832,32.967268,0.8125
MACDStrategyXRP,range_choppy,128,108,20,1.158747105,-43.5393228,10.32767838,0.84375
MACDStrategyXRP,range_quiet,107,86,21,0.38419902,-39.69867385,5.60406942,0.803738317757
MACDStrategyXRP,transition,199,166,32,0.73419623,-46.60657052,11.15318805,0.834170854271
MACDStrategy_crossed,bear_trend,124,95,29,1.25611857,-30.26385981,27.37094227,0.766129032258
MACDStrategy_crossed,bull_trend,150,93,57,0.52010291,-56.00118377,35.91396481,0.62
MACDStrategy_crossed,high_vol_shock,48,30,18,2.08754809,-152.05933398,60.95882821,0.625
MACDStrategy_crossed,range_choppy,131,90,41,1.13180488,-40.9039907,24.22826652,0.687022900763
MACDStrategy_crossed,range_quiet,120,81,39,0.728004975,-25.19719241,9.38498055,0.675
MACDStrategy_crossed,transition,195,137,58,0.86343042,-40.7086038,15.79469733,0.702564102564
MACDTurn,bear_trend,3,3,0,4.9347039,3.084e-05,4.95627,1
MACDTurn,bull_trend,2,2,0,2.706731545,0.36810144,5.04536165,1
MACDTurn,high_vol_shock,6,5,1,4.96403756,-27.2020388,15.01471939,0.833333333333
MACDTurn,range_choppy,5,4,1,1.10292798,-0.00106005,6.11667266,0.8
MACDTurn,range_quiet,2,0,2,-0.0028398,-0.0055704,-0.0001092,0
MACDTurn,transition,4,3,1,2.44654792,-0.01679651,4.97887236,0.75
MACDZeroCrossStrategy,bear_trend,3,1,2,-38.43640456,-51.90702142,20.23079296,0.333333333333
MACDZeroCrossStrategy,bull_trend,38,14,24,-22.797960975,-155.47742667,199.00732131,0.368421052632
MACDZeroCrossStrategy,high_vol_shock,14,4,10,-39.86555819,-265.41663849,520.54555808,0.285714285714
MACDZeroCrossStrategy,range_choppy,56,13,43,-20.475933325,-155.76416737,370.04575276,0.232142857143
MACDZeroCrossStrategy,range_quiet,60,26,34,-13.611122405,-370.6084222,754.9031976,0.433333333333
MACDZeroCrossStrategy,transition,62,22,40,-12.3843367,-324.43297476,1229.5305974,0.354838709677
MACD_EMA,bear_trend,52,14,38,-1.644576245,-17.77865846,2.42006074,0.269230769231
MACD_EMA,bull_trend,57,13,44,-1.2092715,-42.59996221,18.25869761,0.228070175439
MACD_EMA,high_vol_shock,27,6,21,-3.03970048,-42.21776042,19.29329939,0.222222222222
MACD_EMA,range_choppy,59,20,39,-0.5020842,-31.35100864,18.4975258,0.338983050847
MACD_EMA,range_quiet,25,8,17,-0.89159361,-16.86912055,3.22929221,0.32
MACD_EMA,transition,78,16,62,-1.04814269,-25.01109422,3.56003153,0.205128205128
MACD_TRIPLE_MA,bear_trend,113,22,91,-0.54921911,-16.23041114,4.21884086,0.194690265487
MACD_TRIPLE_MA,bull_trend,111,33,78,-0.52940878,-20.78732204,18.8047788,0.297297297297
MACD_TRIPLE_MA,high_vol_shock,36,4,32,-3.37676916,-31.48524066,8.0093241,0.111111111111
MACD_TRIPLE_MA,range_choppy,99,29,70,-0.3388691,-14.5242661,6.30109459,0.292929292929
MACD_TRIPLE_MA,range_quiet,86,21,65,-0.213159145,-7.40753157,1.369926,0.244186046512
MACD_TRIPLE_MA,transition,158,47,111,-0.214615025,-16.6561317,7.28404711,0.29746835443
MACD_TRI_EMA,bear_trend,17,0,17,-2.98422724,-17.90628795,-0.3972674,0
MACD_TRI_EMA,bull_trend,16,0,16,-11.061965665,-48.8184194,-0.48888651,0
MACD_TRI_EMA,high_vol_shock,1,0,1,-154.03214915,-154.03214915,-154.03214915,0
MACD_TRI_EMA,range_choppy,14,2,12,-4.209238445,-49.05443233,10.68845034,0.142857142857
MACD_TRI_EMA,range_quiet,9,0,9,-7.28797528,-20.47920836,-0.0668416,0
MACD_TRI_EMA,transition,21,1,20,-7.83189365,-47.48965874,2.35947543,0.047619047619
MADisplaceV3,bear_trend,19,9,10,-1.89748526,-11.62342338,16.29010312,0.473684210526
MADisplaceV3,bull_trend,58,44,14,2.50794526,-13.19926515,10.91239316,0.758620689655
MADisplaceV3,high_vol_shock,33,26,7,2.4622974,-14.34339879,59.67702456,0.787878787879
MADisplaceV3,range_choppy,32,19,13,2.682094415,-12.78577952,12.17967924,0.59375
MADisplaceV3,range_quiet,11,10,1,2.80419375,-0.3875015,7.9602836,0.909090909091
MADisplaceV3,transition,42,25,17,0.951157105,-72.60741113,15.28981163,0.595238095238
MFI,bear_trend,107,43,64,-0.1999233,-26.33631045,15.75168913,0.401869158879
MFI,bull_trend,115,33,82,-0.46672245,-35.09076172,13.63291298,0.286956521739
MFI,high_vol_shock,36,13,23,-1.071261225,-67.71374184,29.94820725,0.361111111111
MFI,range_choppy,106,41,65,-0.274225085,-19.62156769,17.08532997,0.38679245283
MFI,range_quiet,87,34,53,-0.18826,-23.02848952,6.08465551,0.390804597701
MFI,transition,162,64,98,-0.21356722,-25.98414515,12.07589872,0.395061728395
MFI2,bear_trend,56,53,3,14.048873645,-62.89511609,126.50902468,0.946428571429
MFI2,bull_trend,82,71,11,9.98956576,-112.67326705,99.21793991,0.865853658537
MFI2,high_vol_shock,40,34,6,23.351510135,-164.13563345,308.02088951,0.85
MFI2,range_choppy,64,50,14,10.281106825,-97.73689504,79.45839416,0.78125
MFI2,range_quiet,35,31,4,14.27279398,-106.58037775,115.10253554,0.885714285714
MFI2,transition,74,58,16,5.779246185,-201.13983763,81.3385214,0.783783783784
MFIRSICross,bear_trend,112,70,42,3.60077436,-245.13415192,116.31808155,0.625
MFIRSICross,bull_trend,131,73,58,1.27775419,-202.39572801,291.10403114,0.557251908397
MFIRSICross,high_vol_shock,49,21,28,-10.90968134,-607.23130245,567.91157455,0.428571428571
MFIRSICross,range_choppy,117,78,39,5.64539625,-237.77741152,253.20104498,0.666666666667
MFIRSICross,range_quiet,94,66,28,2.579277195,-62.13536222,68.78491456,0.702127659574
MFIRSICross,transition,171,123,48,4.31993751,-201.5366324,412.68607829,0.719298245614
MabStra,bear_trend,138,75,63,0.0051738,-184.08609396,165.84344862,0.54347826087
MabStra,bull_trend,139,66,73,-0.0001629,-158.97565364,156.8775592,0.474820143885
MabStra,high_vol_shock,46,19,27,-9.293625765,-730.77386004,374.94307578,0.413043478261
MabStra,range_choppy,137,75,62,0.5683116,-96.8643736,206.30731786,0.547445255474
MabStra,range_quiet,128,73,55,0.662896685,-34.2254307,79.66043826,0.5703125
MabStra,transition,204,118,86,0.31744714,-103.07810773,438.32218045,0.578431372549
MacdAdxStrategy,bear_trend,24,5,19,-1.105200145,-31.75416461,9.22037419,0.208333333333
MacdAdxStrategy,bull_trend,34,8,26,-4.153874085,-68.19980998,9.4851769,0.235294117647
MacdAdxStrategy,high_vol_shock,20,4,16,-2.96672432,-38.17755548,0.38301329,0.2
MacdAdxStrategy,range_choppy,31,7,24,-1.48455782,-55.48276021,17.0310706,0.225806451613
MacdAdxStrategy,range_quiet,17,3,14,-3.85356576,-29.3600566,1.91228715,0.176470588235
MacdAdxStrategy,transition,40,7,33,-1.855696345,-40.92763831,7.04705246,0.175
MacdZeroCrossStrategy,bear_trend,30,7,23,-0.627546015,-24.02046188,0.44935267,0.233333333333
MacdZeroCrossStrategy,bull_trend,41,8,33,-1.0552553,-31.02698186,2.61990329,0.19512195122
MacdZeroCrossStrategy,high_vol_shock,22,6,16,-0.82871973,-115.428753,1.47730182,0.272727272727
MacdZeroCrossStrategy,range_choppy,35,8,27,-0.85043053,-33.82876844,5.39471571,0.228571428571
MacdZeroCrossStrategy,range_quiet,20,2,18,-1.3318801,-16.02491932,0.63467559,0.1
MacdZeroCrossStrategy,transition,51,5,46,-0.93731753,-35.84466028,0.65714096,0.0980392156863
MacheteV8b,bear_trend,117,63,54,0.22876465,-81.58884072,95.52347658,0.538461538462
MacheteV8b,bull_trend,133,69,64,0.83405097,-66.57435077,288.73118195,0.518796992481
MacheteV8b,high_vol_shock,42,29,13,10.006956415,-47.87155239,229.42875257,0.690476190476
MacheteV8b,range_choppy,111,72,39,5.69170251,-82.7628928,133.74028,0.648648648649
MacheteV8b,range_quiet,115,50,65,-0.79827348,-89.87011676,91.59377256,0.434782608696
MacheteV8b,transition,177,90,87,0.21954168,-43.4134199,81.89749167,0.508474576271
MacheteV8bRallimod,bear_trend,99,54,45,0.65127555,-38.45564655,29.66948801,0.545454545455
MacheteV8bRallimod,bull_trend,115,73,42,1.99585892,-21.96706041,36.99426624,0.634782608696
MacheteV8bRallimod,high_vol_shock,45,27,18,2.21092786,-31.23192005,81.38546759,0.6
MacheteV8bRallimod,range_choppy,100,64,36,1.45749906,-32.88340755,106.7053702,0.64
MacheteV8bRallimod,range_quiet,70,52,18,1.91927744,-13.87624728,80.2781234,0.742857142857
MacheteV8bRallimod,transition,132,80,52,1.64249391,-28.14160576,43.44842096,0.606060606061
MacheteV8bRallimod2,bear_trend,3,2,1,0.90335788,-5.68422416,1.53477246,0.666666666667
MacheteV8bRallimod2,bull_trend,19,18,1,3.79080667,-9.89337355,16.66393009,0.947368421053
MacheteV8bRallimod2,high_vol_shock,23,23,0,7.22978931,0.07276002,64.83126863,1
MacheteV8bRallimod2,range_choppy,11,7,4,1.64295959,-8.93907542,20.19340712,0.636363636364
MacheteV8bRallimod2,range_quiet,2,2,0,6.325753875,6.16406819,6.48743956,1
MacheteV8bRallimod2,transition,11,9,2,3.13784325,-8.83099274,9.90118948,0.818181818182
Magic_Trailing_Stoploss,bear_trend,4,0,4,-1.9848712,-6.54975298,-0.39048409,0
Magic_Trailing_Stoploss,bull_trend,7,0,7,-14.36397154,-37.05314403,-1.09516799,0
Magic_Trailing_Stoploss,high_vol_shock,1,0,1,-529.00314055,-529.00314055,-529.00314055,0
Magic_Trailing_Stoploss,range_choppy,7,0,7,-3.6073064,-82.02263007,-0.76683863,0
Magic_Trailing_Stoploss,transition,7,0,7,-13.65542998,-96.48908883,-1.7854384,0
MarketChyperHyperStrategy,bear_trend,134,76,58,0.837635,-63.95284769,28.9103772,0.567164179104
MarketChyperHyperStrategy,bull_trend,132,63,69,-0.256222445,-77.71434451,33.12396357,0.477272727273
MarketChyperHyperStrategy,high_vol_shock,46,22,24,-0.110913605,-109.94365508,72.16159485,0.478260869565
MarketChyperHyperStrategy,range_choppy,129,68,61,0.00027855,-51.28430463,28.49476167,0.527131782946
MarketChyperHyperStrategy,range_quiet,114,61,53,0.001942545,-25.15356425,20.09127594,0.535087719298
MarketChyperHyperStrategy,transition,194,111,83,0.380171355,-49.87856979,43.25061314,0.572164948454
Maro4hMacdSd,bear_trend,52,19,33,-0.742814295,-21.88349618,2.78964934,0.365384615385
Maro4hMacdSd,bull_trend,64,22,42,-0.72977011,-25.65937919,11.29754863,0.34375
Maro4hMacdSd,high_vol_shock,28,9,19,-4.265771765,-63.15734577,24.63531653,0.321428571429
Maro4hMacdSd,range_choppy,61,21,40,-0.9174432,-26.31519576,8.06745112,0.344262295082
Maro4hMacdSd,range_quiet,26,9,17,-0.431276375,-14.38981244,4.93714626,0.346153846154
Maro4hMacdSd,transition,81,24,57,-0.7409861,-46.6471751,5.66103262,0.296296296296
Martin,bear_trend,148,84,64,0.22065405,-50.4651237,18.05123733,0.567567567568
Martin,bull_trend,158,71,87,-0.478187735,-59.23288742,44.37031947,0.449367088608
Martin,high_vol_shock,51,23,28,-0.23292516,-135.9754374,32.04884197,0.450980392157
Martin,range_choppy,146,83,63,0.201897785,-34.37856661,25.54242989,0.568493150685
Martin,range_quiet,138,77,61,0.09696223,-13.10000077,9.91045243,0.557971014493
Martin,transition,219,114,105,0.0823004,-51.15437774,32.08806388,0.520547945205
MeanReversionTrend,bear_trend,2,0,2,-1.2266166,-1.504062,-0.9491712,0
MeanReversionTrend,bull_trend,11,8,3,3.94506282,-10.82475576,9.0010464,0.727272727273
MeanReversionTrend,high_vol_shock,17,8,9,-0.23479992,-12.64697014,12.26924692,0.470588235294
MeanReversionTrend,range_choppy,2,2,0,7.91562722,4.3590438,11.47221064,1
MeanReversionTrend,transition,5,4,1,3.20749763,-4.59668842,4.39735007,0.8
MiniLambo,bear_trend,75,50,25,0.40500324,-15.3576364,4.70115375,0.666666666667
MiniLambo,bull_trend,89,50,39,0.07565885,-21.82509208,14.55844707,0.561797752809
MiniLambo,high_vol_shock,41,25,16,0.4872106,-55.9556183,15.494078,0.609756097561
MiniLambo,range_choppy,68,45,23,0.291723465,-15.0684487,3.21586485,0.661764705882
MiniLambo,range_quiet,40,26,14,0.51658779,-9.07604517,3.7585697,0.65
MiniLambo,transition,92,60,32,0.265379865,-9.68520752,5.97525698,0.652173913043
MiniLambo_TBS,bear_trend,75,50,25,0.40500324,-15.3576364,4.70115375,0.666666666667
MiniLambo_TBS,bull_trend,89,50,39,0.07565885,-21.82509208,14.55844707,0.561797752809
MiniLambo_TBS,high_vol_shock,41,25,16,0.4872106,-55.9556183,15.494078,0.609756097561
MiniLambo_TBS,range_choppy,68,45,23,0.291723465,-15.0684487,3.21586485,0.661764705882
MiniLambo_TBS,range_quiet,40,26,14,0.51658779,-9.07604517,3.7585697,0.65
MiniLambo_TBS,transition,92,60,32,0.265379865,-9.68520752,5.97525698,0.652173913043
Minmax,bear_trend,122,76,46,2.56664628,-93.81724182,49.71225527,0.622950819672
Minmax,bull_trend,132,51,81,-3.43745539,-51.75148577,59.77492622,0.386363636364
Minmax,high_vol_shock,45,23,22,0.23438976,-119.20037477,67.62562299,0.511111111111
Minmax,range_choppy,126,62,64,-0.08424196,-50.9988069,39.39672258,0.492063492063
Minmax,range_quiet,116,58,58,-0.062967695,-35.0767149,16.00925018,0.5
Minmax,transition,178,93,85,0.86521577,-73.32124401,46.36813669,0.522471910112
MomStrategy,bear_trend,66,21,45,-0.46940337,-18.66209579,1.93392364,0.318181818182
MomStrategy,bull_trend,70,14,56,-0.886363335,-34.42273251,4.69793413,0.2
MomStrategy,high_vol_shock,30,5,25,-3.576046625,-30.73457076,5.56237582,0.166666666667
MomStrategy,range_choppy,72,19,53,-0.630247495,-21.44235365,4.94386257,0.263888888889
MomStrategy,range_quiet,35,13,22,-0.1550496,-16.23315038,3.22128422,0.371428571429
MomStrategy,transition,94,28,66,-0.587006385,-22.49797374,6.0865723,0.297872340426
MomentumCCITrendStrategy,bear_trend,56,30,26,1.14756823,-13.86197127,18.06476188,0.535714285714
MomentumCCITrendStrategy,bull_trend,51,24,27,-6.00144861,-14.16343955,17.50492059,0.470588235294
MomentumCCITrendStrategy,high_vol_shock,21,6,15,-8.35609105,-37.25407145,51.96801834,0.285714285714
MomentumCCITrendStrategy,range_choppy,66,29,37,-1.247333405,-24.6567767,20.76571523,0.439393939394
MomentumCCITrendStrategy,range_quiet,65,39,26,1.10257274,-12.71870554,21.07518241,0.6
MomentumCCITrendStrategy,transition,79,45,34,1.24829573,-26.67023873,19.43568902,0.569620253165
MomentumScoreStrategy,bear_trend,14,0,14,-2.20197288,-16.93611223,-0.33051017,0
MomentumScoreStrategy,bull_trend,16,0,16,-8.866667435,-40.89221755,-0.06761778,0
MomentumScoreStrategy,high_vol_shock,1,0,1,-213.31211957,-213.31211957,-213.31211957,0
MomentumScoreStrategy,range_choppy,14,1,13,-1.768829115,-75.08571321,0.05109433,0.0714285714286
MomentumScoreStrategy,range_quiet,8,0,8,-4.705941825,-11.67274881,-0.19855024,0
MomentumScoreStrategy,transition,19,1,18,-4.98012912,-61.79167604,0.07592244,0.0526315789474
Momentumv2,bear_trend,92,30,62,-4.66854756,-58.49352492,22.06966382,0.326086956522
Momentumv2,bull_trend,112,50,62,-4.232053025,-68.05522198,135.03002141,0.446428571429
Momentumv2,high_vol_shock,34,13,21,-7.41210828,-55.39729832,199.55402897,0.382352941176
Momentumv2,range_choppy,99,45,54,-2.38678664,-47.35398913,93.7769868,0.454545454545
Momentumv2,range_quiet,100,44,56,-1.988387865,-43.33264379,40.39537722,0.44
Momentumv2,transition,156,63,93,-2.311448425,-27.38391475,77.00234499,0.403846153846
MoneyFlowStrategy,bear_trend,141,50,91,-0.43900736,-40.97209894,11.92208421,0.354609929078
MoneyFlowStrategy,bull_trend,143,50,93,-0.31110002,-28.33787815,23.27479881,0.34965034965
MoneyFlowStrategy,high_vol_shock,48,18,30,-0.91341028,-69.2609877,27.85951741,0.375
MoneyFlowStrategy,range_choppy,142,49,93,-0.33368131,-25.63229901,26.11023629,0.345070422535
MoneyFlowStrategy,range_quiet,126,45,81,-0.34644404,-9.41125129,6.6750697,0.357142857143
MoneyFlowStrategy,transition,211,98,113,-0.0891448,-26.23325255,18.83330233,0.464454976303
MontrealStrategy,bear_trend,151,67,84,-0.170855,-116.52728473,32.72110573,0.443708609272
MontrealStrategy,bull_trend,156,66,90,-0.304421585,-88.66746472,44.71260087,0.423076923077
MontrealStrategy,high_vol_shock,50,23,27,-0.149076865,-221.76254539,186.65620885,0.46
MontrealStrategy,range_choppy,151,70,81,-0.1130605,-46.2566846,50.500644,0.46357615894
MontrealStrategy,range_quiet,131,51,80,-0.29604589,-19.67929199,16.11455721,0.389312977099
MontrealStrategy,transition,217,104,113,-0.06202743,-41.15937776,63.09370981,0.479262672811
MultiActionZone,bear_trend,3,1,2,-13.76912981,-23.37233673,2.57644352,0.333333333333
MultiActionZone,bull_trend,34,14,20,-4.700865795,-25.99179228,47.64440024,0.411764705882
MultiActionZone,high_vol_shock,14,4,10,-4.99774808,-13.3967077,30.18516463,0.285714285714
MultiActionZone,range_choppy,58,16,42,-5.48213568,-26.4744975,366.7269236,0.275862068966
MultiActionZone,range_quiet,61,25,36,-6.43739782,-67.59714184,846.44807703,0.409836065574
MultiActionZone,transition,64,24,40,-4.968077805,-33.96852686,794.40293223,0.375
MultiFactorConfluenceStrategy,bear_trend,146,70,76,-0.646001075,-58.87253295,28.90599739,0.479452054795
MultiFactorConfluenceStrategy,bull_trend,131,47,84,-1.88941776,-60.79965613,35.61852965,0.358778625954
MultiFactorConfluenceStrategy,high_vol_shock,49,17,32,-3.00528614,-112.54451963,87.27001848,0.34693877551
MultiFactorConfluenceStrategy,range_choppy,131,59,72,-0.68826456,-30.69823615,52.53087738,0.450381679389
MultiFactorConfluenceStrategy,range_quiet,112,50,62,-0.476542285,-18.228187,27.15676535,0.446428571429
MultiFactorConfluenceStrategy,transition,209,100,109,-0.72160927,-37.05030742,32.42442083,0.478468899522
MultiMA_TSL,bear_trend,1,1,0,1.5386425,1.5386425,1.5386425,1
MultiMA_TSL,bull_trend,14,7,7,0.45689343,-8.64020227,5.50800632,0.5
MultiMA_TSL,high_vol_shock,16,14,2,9.64958971,-37.53816451,103.88269735,0.875
MultiMA_TSL,range_choppy,6,4,2,3.522419135,-9.97822062,6.80715877,0.666666666667
MultiMA_TSL,range_quiet,3,3,0,3.4288683,1.20907525,5.9619676,1
MultiMA_TSL,transition,3,2,1,2.81159393,-26.8080429,6.3619206,0.666666666667
MultiMA_TSL3b,bear_trend,1,1,0,0.3599312,0.3599312,0.3599312,1
MultiMA_TSL3b,bull_trend,13,11,2,4.84069914,-13.98814155,45.95387157,0.846153846154
MultiMA_TSL3b,high_vol_shock,18,16,2,24.428566095,-3.35869524,109.57806,0.888888888889
MultiMA_TSL3b,range_choppy,4,3,1,8.728667905,-3.48172186,22.1016007,0.75
MultiMA_TSL3b,range_quiet,1,1,0,0.90618612,0.90618612,0.90618612,1
MultiMA_TSL3b,transition,2,1,1,3.03942887,-4.9473459,11.02620364,0.5
MultiOffsetLamboV0,bull_trend,13,12,1,2.56126565,-8.66175307,12.08061598,0.923076923077
MultiOffsetLamboV0,high_vol_shock,19,18,1,4.8105459,-0.68525365,82.68135892,0.947368421053
MultiOffsetLamboV0,range_choppy,7,6,1,1.72228848,-6.45073341,9.09385854,0.857142857143
MultiOffsetLamboV0,range_quiet,2,2,0,3.081686765,1.59292632,4.57044721,1
MultiOffsetLamboV0,transition,5,3,2,3.135422,-16.9432744,4.02598811,0.6
NASOSv4,bear_trend,30,29,1,5.43404486,-58.7266972,14.18634399,0.966666666667
NASOSv4,bull_trend,60,52,8,5.47539465,-35.87667327,109.82594306,0.866666666667
NASOSv4,high_vol_shock,36,26,10,14.958967995,-58.13613488,332.70231024,0.722222222222
NASOSv4,range_choppy,43,39,4,7.1634305,-50.1345684,62.53590656,0.906976744186
NASOSv4,range_quiet,27,24,3,6.0409072,-144.8062574,40.9840452,0.888888888889
NASOSv4,transition,54,48,6,4.33662975,-173.61331566,45.99898588,0.888888888889
NASOSv5,bear_trend,22,10,12,-0.58403243,-4.91843875,5.1699236,0.454545454545
NASOSv5,bull_trend,46,26,20,0.822881925,-19.23225759,21.10478253,0.565217391304
NASOSv5,high_vol_shock,27,18,9,2.53130878,-36.71667704,64.88744849,0.666666666667
NASOSv5,range_choppy,27,17,10,1.3635476,-24.2343948,17.4171067,0.62962962963
NASOSv5,range_quiet,24,9,15,-0.75005344,-55.9003289,13.29001493,0.375
NASOSv5,transition,36,15,21,-0.28182404,-56.86043467,10.7779201,0.416666666667
NASOSv5_mod1,bear_trend,15,15,0,10.49606546,5.05357655,31.60661751,1
NASOSv5_mod1,bull_trend,26,23,3,13.14093985,-72.688358,58.81651331,0.884615384615
NASOSv5_mod1,high_vol_shock,27,23,4,21.82592712,-97.87143992,297.89477463,0.851851851852
NASOSv5_mod1,range_choppy,21,21,0,12.34523776,4.30960768,30.22092436,1
NASOSv5_mod1,range_quiet,8,8,0,15.810438965,6.9287704,145.14802492,1
NASOSv5_mod1,transition,17,14,3,6.7042752,-122.916188,35.80804519,0.823529411765
NASOSv5_mod1_DanMod,bear_trend,12,12,0,8.8617499,5.31829034,27.5653701,1
NASOSv5_mod1_DanMod,bull_trend,21,18,3,7.85411027,-66.34407148,42.6347918,0.857142857143
NASOSv5_mod1_DanMod,high_vol_shock,25,22,3,18.5913599,-52.40367297,273.54535255,0.88
NASOSv5_mod1_DanMod,range_choppy,18,18,0,9.69036129,4.23226368,25.8638064,1
NASOSv5_mod1_DanMod,range_quiet,8,8,0,9.332476255,5.9543808,114.8597906,1
NASOSv5_mod1_DanMod,transition,11,8,3,5.53000734,-99.879912,23.98800052,0.727272727273
NASOSv5_mod2,bear_trend,18,18,0,14.344579085,3.89690434,45.03125698,1
NASOSv5_mod2,bull_trend,16,16,0,7.45066839,3.52379417,39.60364383,1
NASOSv5_mod2,high_vol_shock,24,21,3,10.932476985,-76.16646972,71.16761277,0.875
NASOSv5_mod2,range_choppy,18,18,0,9.677724325,5.8214472,20.020683,1
NASOSv5_mod2,range_quiet,3,3,0,14.11625664,14.0506376,105.71874732,1
NASOSv5_mod2,transition,11,10,1,7.19366096,-22.2505908,19.26422578,0.909090909091
NASOSv5_mod3,bear_trend,20,20,0,17.184975425,4.99290868,57.42892626,1
NASOSv5_mod3,bull_trend,28,26,2,15.159978075,-74.33555012,69.75202643,0.928571428571
NASOSv5_mod3,high_vol_shock,29,23,6,30.78481551,-104.77489011,201.37915925,0.793103448276
NASOSv5_mod3,range_choppy,28,28,0,13.20931122,4.40242048,30.16588094,1
NASOSv5_mod3,range_quiet,5,5,0,20.30397508,11.0853922,152.03055176,1
NASOSv5_mod3,transition,24,21,3,8.71510787,-128.637049,38.10316676,0.875
NDrop,bear_trend,124,92,32,7.14499175,-341.16447708,193.47839834,0.741935483871
NDrop,bull_trend,144,91,53,3.37704425,-270.96574341,339.24460235,0.631944444444
NDrop,high_vol_shock,51,24,27,-0.01787256,-711.35439029,537.98674302,0.470588235294
NDrop,range_choppy,126,86,40,8.082128565,-291.05726474,310.22231257,0.68253968254
NDrop,range_quiet,97,81,16,7.09646419,-147.76686993,83.42061075,0.835051546392
NDrop,transition,191,139,52,4.1319361,-198.72569618,399.58043411,0.727748691099
NEWTEST15m,bear_trend,89,59,30,6.94647536,-151.1348787,72.23134915,0.662921348315
NEWTEST15m,bull_trend,125,69,56,4.02190305,-153.51676303,199.28491257,0.552
NEWTEST15m,high_vol_shock,43,19,24,-10.05982909,-391.91828195,161.99283292,0.441860465116
NEWTEST15m,range_choppy,96,76,20,6.68246445,-84.92664086,91.78087618,0.791666666667
NEWTEST15m,range_quiet,47,42,5,5.04984157,-84.134818,23.59689445,0.893617021277
NEWTEST15m,transition,137,109,28,8.0038652,-118.51111809,82.15993189,0.795620437956
NFI46,bull_trend,11,10,1,3.55721696,-7.90552549,12.49348311,0.909090909091
NFI46,high_vol_shock,12,12,0,6.071104945,2.8287206,33.16806341,1
NFI46,range_choppy,4,4,0,2.53572048,1.59991806,7.53758422,1
NFI46,transition,2,2,0,3.17191047,2.989023,3.35479794,1
NFI46Frog,bear_trend,145,62,83,-0.47937615,-26.69980318,16.0884338,0.427586206897
NFI46Frog,bull_trend,162,77,85,-0.065061695,-31.80309552,25.96648598,0.475308641975
NFI46Frog,high_vol_shock,49,31,18,1.14415013,-77.72395488,109.03657096,0.632653061224
NFI46Frog,range_choppy,146,62,84,-0.132897095,-32.73563168,25.6847348,0.424657534247
NFI46Frog,range_quiet,132,46,86,-0.522977735,-13.22083278,8.88571345,0.348484848485
NFI46Frog,transition,229,102,127,-0.14008512,-22.9586681,8.68920763,0.445414847162
NFI46FrogZ,bear_trend,145,60,85,-0.27672508,-25.95991048,16.0318971,0.413793103448
NFI46FrogZ,bull_trend,162,77,85,-0.111221435,-29.77075918,22.12011662,0.475308641975
NFI46FrogZ,high_vol_shock,49,29,20,0.35387303,-62.04945252,90.69015216,0.591836734694
NFI46FrogZ,range_choppy,147,66,81,-0.1056201,-31.33219316,16.47361856,0.448979591837
NFI46FrogZ,range_quiet,132,48,84,-0.34877675,-13.20217873,3.6488162,0.363636363636
NFI46FrogZ,transition,229,97,132,-0.14154796,-24.04681179,6.04632892,0.423580786026
NFI46Offset,bear_trend,19,14,5,0.28371624,-6.3957468,20.14285675,0.736842105263
NFI46Offset,bull_trend,67,51,16,3.27739968,-25.60061639,42.63112471,0.761194029851
NFI46Offset,high_vol_shock,30,23,7,10.70611479,-15.01821381,145.51420368,0.766666666667
NFI46Offset,range_choppy,31,22,9,1.67740366,-9.88331042,25.18278818,0.709677419355
NFI46Offset,range_quiet,17,15,2,3.24121813,-2.89664535,10.58182914,0.882352941176
NFI46Offset,transition,45,32,13,1.12981018,-23.6743767,7.28163546,0.711111111111
NFI46OffsetHOA1,bear_trend,16,12,4,3.2442359,-6.60168945,22.7016815,0.75
NFI46OffsetHOA1,bull_trend,50,39,11,4.289467415,-21.1712272,105.97363928,0.78
NFI46OffsetHOA1,high_vol_shock,33,25,8,5.1483688,-19.3544791,173.11898388,0.757575757576
NFI46OffsetHOA1,range_choppy,35,29,6,3.1828015,-22.61055456,27.46968808,0.828571428571
NFI46OffsetHOA1,range_quiet,12,11,1,3.624146995,-2.04345325,67.59277031,0.916666666667
NFI46OffsetHOA1,transition,43,33,10,2.92617984,-23.999169,18.38371506,0.767441860465
NFI46Z,bear_trend,45,30,15,0.67024976,-16.86975374,6.34012167,0.666666666667
NFI46Z,bull_trend,43,34,9,2.3262864,-15.57107776,14.73110671,0.790697674419
NFI46Z,high_vol_shock,22,15,7,3.81115289,-16.11682858,24.1245176,0.681818181818
NFI46Z,range_choppy,40,26,14,0.851771365,-19.3326295,5.27240502,0.65
NFI46Z,range_quiet,38,23,15,0.56200851,-18.91297446,4.58946169,0.605263157895
NFI46Z,transition,49,32,17,0.6760422,-30.4675841,7.89270016,0.65306122449
NFI47V2,bear_trend,5,4,1,4.13507099,-5.34762249,9.864008,0.8
NFI47V2,bull_trend,57,48,9,3.5027482,-37.63727512,47.39121827,0.842105263158
NFI47V2,high_vol_shock,33,32,1,7.21812092,-14.50266925,95.87026963,0.969696969697
NFI47V2,range_choppy,28,23,5,3.25474756,-10.0847516,19.31584284,0.821428571429
NFI47V2,range_quiet,11,11,0,2.90202831,0.408096,9.857754,1
NFI47V2,transition,35,27,8,2.27150011,-53.3717957,31.9870624,0.771428571429
NFI4Frog,bear_trend,145,59,86,-0.56289031,-31.19787633,26.08763528,0.406896551724
NFI4Frog,bull_trend,163,73,90,-0.1541036,-30.28515757,21.72634331,0.447852760736
NFI4Frog,high_vol_shock,49,31,18,1.65837613,-75.29334273,112.27661761,0.632653061224
NFI4Frog,range_choppy,146,56,90,-0.351692845,-26.66447859,21.02885564,0.383561643836
NFI4Frog,range_quiet,132,40,92,-0.890518735,-14.51113565,9.71370732,0.30303030303
NFI4Frog,transition,229,88,141,-0.24182988,-18.3026976,8.09444062,0.384279475983
NFI5MOHO,bear_trend,8,7,1,5.97699319,-9.0779807,10.51526172,0.875
NFI5MOHO,bull_trend,20,16,4,4.76274157,-17.06296205,20.87104499,0.8
NFI5MOHO,high_vol_shock,27,24,3,8.64962802,-41.65235209,56.95419264,0.888888888889
NFI5MOHO,range_choppy,16,16,0,6.12103312,1.47335628,23.1009908,1
NFI5MOHO,range_quiet,6,6,0,8.53258217,1.75771128,54.7902198,1
NFI5MOHO,transition,10,6,4,3.312792535,-21.6781675,12.10527465,0.6
NFI5MOHO2,bear_trend,48,29,19,0.297607805,-16.47703952,12.79718873,0.604166666667
NFI5MOHO2,bull_trend,101,69,32,2.539788,-24.76126671,82.02392742,0.683168316832
NFI5MOHO2,high_vol_shock,36,27,9,4.280199905,-19.5061863,174.14540015,0.75
NFI5MOHO2,range_choppy,62,42,20,1.841725885,-9.78411661,27.95704809,0.677419354839
NFI5MOHO2,range_quiet,66,47,19,1.61899986,-17.12187792,150.6906651,0.712121212121
NFI5MOHO2,transition,87,61,26,1.56767565,-33.049849,56.09746658,0.701149425287
NFI5MOHO_WIP,bear_trend,25,22,3,2.9789348,-8.12337105,36.79193565,0.88
NFI5MOHO_WIP,bull_trend,79,67,12,3.68576487,-27.4987179,75.44933027,0.848101265823
NFI5MOHO_WIP,high_vol_shock,32,29,3,20.400001965,-21.4751589,312.91090656,0.90625
NFI5MOHO_WIP,range_choppy,44,31,13,2.2684668,-29.96512512,31.06731317,0.704545454545
NFI5MOHO_WIP,range_quiet,44,35,9,2.318774455,-13.12831617,206.45576848,0.795454545455
NFI5MOHO_WIP,transition,57,43,14,1.9232731,-69.3524042,28.97439804,0.754385964912
NFI5MOHO_WIP_1,bear_trend,25,22,3,2.04957548,-8.28658459,30.14698286,0.88
NFI5MOHO_WIP_1,bull_trend,79,67,12,3.59350132,-27.4130148,34.22137235,0.848101265823
NFI5MOHO_WIP_1,high_vol_shock,32,29,3,19.95097478,-21.03761928,393.39401714,0.90625
NFI5MOHO_WIP_1,range_choppy,44,32,12,2.303717515,-30.52750176,29.93430888,0.727272727273
NFI5MOHO_WIP_1,range_quiet,44,36,8,1.68233888,-13.39894245,76.14197132,0.818181818182
NFI5MOHO_WIP_1,transition,57,44,13,1.7113828,-70.5896126,41.39275105,0.771929824561
NFI5MOHO_WIP_2,bear_trend,25,22,3,2.84468835,-7.92285156,28.45451957,0.88
NFI5MOHO_WIP_2,bull_trend,79,66,13,3.55693436,-25.62206445,43.32285711,0.835443037975
NFI5MOHO_WIP_2,high_vol_shock,32,29,3,16.85311968,-23.87744254,309.91445656,0.90625
NFI5MOHO_WIP_2,range_choppy,44,31,13,2.46948364,-29.24358528,25.8544227,0.704545454545
NFI5MOHO_WIP_2,range_quiet,44,35,9,2.212365215,-12.53705658,71.04816199,0.795454545455
NFI5MOHO_WIP_2,transition,57,43,14,1.7387244,-66.0875487,39.81436395,0.754385964912
NFI7MOHO,bear_trend,53,35,18,0.88796446,-26.77494673,8.80841505,0.660377358491
NFI7MOHO,bull_trend,115,81,34,2.5787464,-24.82123745,50.06582114,0.704347826087
NFI7MOHO,high_vol_shock,40,35,5,6.458385545,-19.6634497,192.64486244,0.875
NFI7MOHO,range_choppy,74,47,27,1.2867079,-15.81436644,13.9816095,0.635135135135
NFI7MOHO,range_quiet,78,54,24,1.319709555,-17.80851688,18.68659394,0.692307692308
NFI7MOHO,transition,107,69,38,0.55860971,-29.5341056,11.87988101,0.644859813084
NFINextMOHO,bear_trend,50,26,24,0.069805855,-58.46200276,19.88233656,0.52
NFINextMOHO,bull_trend,110,78,32,3.4908989,-49.5499764,72.9450383,0.709090909091
NFINextMOHO,high_vol_shock,39,27,12,10.60104519,-71.69178517,190.35957721,0.692307692308
NFINextMOHO,range_choppy,66,45,21,1.47450277,-44.3264177,28.68061713,0.681818181818
NFINextMOHO,range_quiet,71,47,24,0.5851376,-47.6140818,60.53898632,0.661971830986
NFINextMOHO,transition,103,64,39,0.50022499,-74.8256368,37.65154074,0.621359223301
NFINextMOHO2,bear_trend,50,31,19,1.014547995,-55.83431234,6.76801506,0.62
NFINextMOHO2,bull_trend,110,83,27,2.439667835,-60.5386223,33.11102248,0.754545454545
NFINextMOHO2,high_vol_shock,39,34,5,4.86811362,-34.22418172,157.07404377,0.871794871795
NFINextMOHO2,range_choppy,67,51,16,2.40528,-36.0472959,21.26805723,0.761194029851
NFINextMOHO2,range_quiet,71,47,24,1.21736643,-43.859274,10.12389659,0.661971830986
NFINextMOHO2,transition,103,75,28,1.757821,-59.29830651,12.09411014,0.728155339806
NFINextMultiOffsetAndHO,bear_trend,40,29,11,1.337870535,-49.2354918,49.73444367,0.725
NFINextMultiOffsetAndHO,bull_trend,73,61,12,4.5098298,-12.65819776,49.30685905,0.835616438356
NFINextMultiOffsetAndHO,high_vol_shock,31,28,3,23.1352291,-33.22922277,191.08527533,0.903225806452
NFINextMultiOffsetAndHO,range_choppy,46,30,16,2.606098225,-24.26980326,42.545498,0.652173913043
NFINextMultiOffsetAndHO,range_quiet,38,30,8,1.647001585,-6.26949018,200.33429221,0.789473684211
NFINextMultiOffsetAndHO,transition,55,42,13,2.75991776,-92.6166869,30.23106683,0.763636363636
NSeq,bear_trend,123,93,30,1.59427324,-65.24299741,30.32130516,0.756097560976
NSeq,bull_trend,142,98,44,0.58557632,-90.94296113,45.63261409,0.69014084507
NSeq,high_vol_shock,48,31,17,3.066317285,-170.59029334,140.41970629,0.645833333333
NSeq,range_choppy,131,90,41,0.47036849,-84.37554881,46.49065343,0.687022900763
NSeq,range_quiet,109,87,22,0.55731738,-31.83010907,7.5259822,0.798165137615
NSeq,transition,196,144,52,0.5741939,-78.49721336,23.10132934,0.734693877551
NWEv6_new,bear_trend,144,64,80,-0.24731449,-37.68450237,5.4401081,0.444444444444
NWEv6_new,bull_trend,147,60,87,-0.33103048,-23.25373604,14.95256569,0.408163265306
NWEv6_new,high_vol_shock,51,23,28,-0.50255998,-37.81597302,8.9592607,0.450980392157
NWEv6_new,range_choppy,133,52,81,-0.46318461,-29.49423939,16.48691657,0.390977443609
NWEv6_new,range_quiet,130,67,63,0.00572741,-8.78824966,5.13973999,0.515384615385
NWEv6_new,transition,207,107,100,0.04405,-24.94624388,11.51533351,0.51690821256
NormalizerStrategy,bear_trend,112,35,77,-0.973870405,-37.60847048,65.29907059,0.3125
NormalizerStrategy,bull_trend,36,15,21,-0.347410805,-4.66593972,3.48129431,0.416666666667
NormalizerStrategy,high_vol_shock,28,13,15,-0.480137715,-58.47139106,8.585125,0.464285714286
NormalizerStrategy,range_choppy,91,28,63,-0.78883313,-15.25561083,4.55849898,0.307692307692
NormalizerStrategy,range_quiet,97,35,62,-0.32804604,-9.2637095,2.96076758,0.360824742268
NormalizerStrategy,transition,127,39,88,-0.50553479,-21.41426373,2.7796448,0.307086614173
NormalizerStrategyHO2,bear_trend,112,62,50,2.54895128,-60.86183889,57.96932682,0.553571428571
NormalizerStrategyHO2,bull_trend,36,13,23,-1.45320924,-13.41494627,20.95882166,0.361111111111
NormalizerStrategyHO2,high_vol_shock,28,20,8,8.93073094,-28.40925427,87.61273011,0.714285714286
NormalizerStrategyHO2,range_choppy,91,47,44,0.6080999,-40.5808713,24.80738788,0.516483516484
NormalizerStrategyHO2,range_quiet,97,40,57,-1.13248737,-35.4433696,20.25994034,0.412371134021
NormalizerStrategyHO2,transition,126,62,64,-0.569580555,-39.64045988,28.03195175,0.492063492063
Nostalgia,bear_trend,34,24,10,0.84658605,-30.29959622,13.9706511,0.705882352941
Nostalgia,bull_trend,85,69,16,3.14467233,-24.47511002,32.87342186,0.811764705882
Nostalgia,high_vol_shock,31,29,2,16.71100979,-3.93812396,127.25025167,0.935483870968
Nostalgia,range_choppy,48,36,12,2.011520295,-20.69509071,19.30816874,0.75
Nostalgia,range_quiet,51,41,10,0.80247699,-35.355843,14.29877992,0.803921568627
Nostalgia,transition,57,42,15,1.6343532,-19.0917936,19.45417144,0.736842105263
NostalgiaForInfinityNextGen,bear_trend,12,11,1,4.15102695,-9.81880844,7.741552,0.916666666667
NostalgiaForInfinityNextGen,bull_trend,26,23,3,3.547667115,-16.6340928,12.59495698,0.884615384615
NostalgiaForInfinityNextGen,high_vol_shock,26,23,3,4.22942708,-39.18383311,25.33612702,0.884615384615
NostalgiaForInfinityNextGen,range_choppy,10,7,3,2.816954765,-17.00793635,6.9996528,0.7
NostalgiaForInfinityNextGen,range_quiet,4,4,0,2.433484375,1.54224486,4.5762948,1
NostalgiaForInfinityNextGen,transition,13,11,2,3.50776,-17.3101905,11.4713092,0.846153846154
NostalgiaForInfinityNextGen_TSL,bear_trend,9,5,4,3.4386552,-13.2403301,4.14191912,0.555555555556
NostalgiaForInfinityNextGen_TSL,bull_trend,17,9,8,1.65579381,-13.31897645,6.73113142,0.529411764706
NostalgiaForInfinityNextGen_TSL,high_vol_shock,25,18,7,3.84209652,-31.18686869,25.39157666,0.72
NostalgiaForInfinityNextGen_TSL,range_choppy,10,6,4,2.653442525,-12.9702368,7.20525644,0.6
NostalgiaForInfinityNextGen_TSL,range_quiet,5,4,1,2.73769365,-12.3070156,4.952202,0.8
NostalgiaForInfinityNextGen_TSL,transition,9,7,2,2.70088624,-24.9007173,4.16340312,0.777777777778
NostalgiaForInfinityNext_ChangeToTower_V6_Short,bear_trend,120,62,58,0.16802388,-14.81681945,12.01386056,0.516666666667
NostalgiaForInfinityNext_ChangeToTower_V6_Short,bull_trend,70,34,36,-0.230279095,-22.32244578,4.6436903,0.485714285714
NostalgiaForInfinityNext_ChangeToTower_V6_Short,high_vol_shock,36,29,7,2.07913435,-3.89336683,10.26797998,0.805555555556
NostalgiaForInfinityNext_ChangeToTower_V6_Short,range_choppy,82,53,29,0.71943886,-12.46539057,6.20136566,0.646341463415
NostalgiaForInfinityNext_ChangeToTower_V6_Short,range_quiet,87,46,41,0.1206772,-15.54249692,4.12879638,0.528735632184
NostalgiaForInfinityNext_ChangeToTower_V6_Short,transition,148,85,63,0.526889315,-10.87016516,5.40786357,0.574324324324
NostalgiaForInfinityV1,bear_trend,113,52,61,-0.66524064,-39.48170643,27.80354289,0.46017699115
NostalgiaForInfinityV1,bull_trend,124,65,59,0.37083399,-46.76088982,96.5161234,0.524193548387
NostalgiaForInfinityV1,high_vol_shock,40,26,14,10.50296953,-22.2372814,178.14103546,0.65
NostalgiaForInfinityV1,range_choppy,104,58,46,0.61643077,-121.37440476,58.49413441,0.557692307692
NostalgiaForInfinityV1,range_quiet,109,60,49,1.14940253,-36.98253352,62.41394768,0.550458715596
NostalgiaForInfinityV1,transition,170,101,69,1.15453866,-43.304576,54.32145802,0.594117647059
NostalgiaForInfinityV2,bear_trend,29,8,21,-4.89999685,-17.2249869,40.82086855,0.275862068966
NostalgiaForInfinityV2,bull_trend,70,41,29,3.475089245,-44.34648258,110.0071927,0.585714285714
NostalgiaForInfinityV2,high_vol_shock,34,18,16,3.747637225,-34.09676256,241.66376566,0.529411764706
NostalgiaForInfinityV2,range_choppy,56,31,25,1.68130054,-28.4853565,85.92386893,0.553571428571
NostalgiaForInfinityV2,range_quiet,27,18,9,3.82298454,-14.11175025,207.235632,0.666666666667
NostalgiaForInfinityV2,transition,50,28,22,1.407350375,-31.83821315,94.88920892,0.56
NostalgiaForInfinityV3,bear_trend,57,26,31,-1.15946829,-19.05454815,13.67799474,0.456140350877
NostalgiaForInfinityV3,bull_trend,91,53,38,1.38392355,-24.18480744,59.41518023,0.582417582418
NostalgiaForInfinityV3,high_vol_shock,32,29,3,13.995550565,-6.19008946,144.24467013,0.90625
NostalgiaForInfinityV3,range_choppy,64,41,23,1.607096745,-17.29534143,16.63509159,0.640625
NostalgiaForInfinityV3,range_quiet,53,24,29,-0.65527409,-7.99884675,11.44497347,0.452830188679
NostalgiaForInfinityV3,transition,85,39,46,-0.31116827,-41.45170541,12.02100467,0.458823529412
NostalgiaForInfinityV4,bear_trend,9,4,5,-0.10731692,-2.30520736,21.2984534,0.444444444444
NostalgiaForInfinityV4,bull_trend,54,38,16,3.101983595,-16.07183176,23.9552996,0.703703703704
NostalgiaForInfinityV4,high_vol_shock,24,18,6,13.462531075,-19.0461096,89.63815456,0.75
NostalgiaForInfinityV4,range_choppy,18,12,6,2.56448728,-4.76643348,18.54364913,0.666666666667
NostalgiaForInfinityV4,range_quiet,12,9,3,4.531027725,-1.16971273,5.502032,0.75
NostalgiaForInfinityV4,transition,32,20,12,1.247339975,-53.6404149,38.23774464,0.625
NostalgiaForInfinityV4HO,bear_trend,3,3,0,3.26629399,2.56214085,3.4210737,1
NostalgiaForInfinityV4HO,bull_trend,36,33,3,4.369305125,-10.20550714,32.88792282,0.916666666667
NostalgiaForInfinityV4HO,high_vol_shock,24,20,4,7.51436968,-20.25189968,51.89325381,0.833333333333
NostalgiaForInfinityV4HO,range_choppy,23,21,2,2.64074673,-3.2784336,12.21064843,0.913043478261
NostalgiaForInfinityV4HO,range_quiet,6,6,0,3.010362705,2.43506468,4.88416555,1
NostalgiaForInfinityV4HO,transition,24,24,0,2.6192066,0.05541133,20.38536824,1
NostalgiaForInfinityV5,bear_trend,20,15,5,0.681362575,-5.62387226,21.29672635,0.75
NostalgiaForInfinityV5,bull_trend,77,63,14,2.4599962,-19.26596928,33.16555087,0.818181818182
NostalgiaForInfinityV5,high_vol_shock,29,28,1,9.98209395,-15.84072012,86.01256319,0.965517241379
NostalgiaForInfinityV5,range_choppy,39,27,12,1.97267816,-10.553284,19.53959662,0.692307692308
NostalgiaForInfinityV5,range_quiet,38,25,13,0.41025333,-12.2875137,9.92964242,0.657894736842
NostalgiaForInfinityV5,transition,51,35,16,1.10809972,-50.1413071,26.5538126,0.686274509804
NostalgiaForInfinityV5MultiOffsetAndHO,bear_trend,50,28,22,0.15971174,-23.35114981,6.90662922,0.56
NostalgiaForInfinityV5MultiOffsetAndHO,bull_trend,110,69,41,2.30463748,-23.69324089,34.66317755,0.627272727273
NostalgiaForInfinityV5MultiOffsetAndHO,high_vol_shock,40,32,8,3.146395205,-15.61958335,138.82208399,0.8
NostalgiaForInfinityV5MultiOffsetAndHO,range_choppy,67,38,29,0.46373678,-14.29460142,24.38841157,0.567164179104
NostalgiaForInfinityV5MultiOffsetAndHO,range_quiet,71,48,23,0.5443754,-16.57382664,11.25649732,0.676056338028
NostalgiaForInfinityV5MultiOffsetAndHO,transition,101,65,36,1.27444975,-22.0083967,7.63171006,0.643564356436
NostalgiaForInfinityV5MultiOffsetAndHO2,bear_trend,46,24,22,0.050835605,-19.87524324,4.39237477,0.521739130435
NostalgiaForInfinityV5MultiOffsetAndHO2,bull_trend,104,65,39,1.7612876,-20.07882706,24.00501202,0.625
NostalgiaForInfinityV5MultiOffsetAndHO2,high_vol_shock,35,28,7,4.48640388,-16.3787442,84.87273621,0.8
NostalgiaForInfinityV5MultiOffsetAndHO2,range_choppy,65,38,27,0.6291785,-12.58703054,17.2790859,0.584615384615
NostalgiaForInfinityV5MultiOffsetAndHO2,range_quiet,70,45,25,0.4631189,-14.1422428,9.62002772,0.642857142857
NostalgiaForInfinityV5MultiOffsetAndHO2,transition,97,60,37,0.35362816,-18.50432838,6.6541941,0.618556701031
NostalgiaForInfinityV6,bear_trend,25,17,8,0.77246406,-7.48924221,15.68102058,0.68
NostalgiaForInfinityV6,bull_trend,86,71,15,3.066028405,-20.47009236,32.82187809,0.825581395349
NostalgiaForInfinityV6,high_vol_shock,32,31,1,14.400297645,-16.80509316,100.26140432,0.96875
NostalgiaForInfinityV6,range_choppy,48,33,15,2.32977198,-22.37834592,17.97953975,0.6875
NostalgiaForInfinityV6,range_quiet,41,26,15,0.45654912,-13.4673847,12.8220512,0.634146341463
NostalgiaForInfinityV6,transition,55,36,19,1.4633577,-54.8839393,33.73437088,0.654545454545
NostalgiaForInfinityV6HO,bear_trend,25,17,8,0.77246406,-7.48924221,15.68102058,0.68
NostalgiaForInfinityV6HO,bull_trend,86,71,15,3.066028405,-20.47009236,32.82187809,0.825581395349
NostalgiaForInfinityV6HO,high_vol_shock,32,31,1,14.400297645,-16.80509316,100.26140432,0.96875
NostalgiaForInfinityV6HO,range_choppy,48,33,15,2.32977198,-22.37834592,17.97953975,0.6875
NostalgiaForInfinityV6HO,range_quiet,41,26,15,0.45654912,-13.4673847,12.8220512,0.634146341463
NostalgiaForInfinityV6HO,transition,55,36,19,1.4633577,-54.8839393,33.73437088,0.654545454545
NostalgiaForInfinityV7,bear_trend,27,19,8,0.8231622,-6.0173323,10.66256654,0.703703703704
NostalgiaForInfinityV7,bull_trend,82,70,12,3.28302276,-19.74420256,37.72459435,0.853658536585
NostalgiaForInfinityV7,high_vol_shock,31,31,0,15.76090056,0.22192218,126.71172756,1
NostalgiaForInfinityV7,range_choppy,44,33,11,3.0256989,-21.31725792,19.30719362,0.75
NostalgiaForInfinityV7,range_quiet,38,24,14,0.46017595,-16.1381384,12.35827488,0.631578947368
NostalgiaForInfinityV7,transition,52,35,17,1.118942485,-52.0658535,11.10528959,0.673076923077
NostalgiaForInfinityV7_SMA,bear_trend,33,23,10,1.12338584,-10.87453334,16.1569402,0.69696969697
NostalgiaForInfinityV7_SMA,bull_trend,91,81,10,4.73255629,-28.24936176,57.38370174,0.89010989011
NostalgiaForInfinityV7_SMA,high_vol_shock,32,32,0,20.164529565,0.23563224,181.86449538,1
NostalgiaForInfinityV7_SMA,range_choppy,52,39,13,4.152578615,-29.59374432,18.78024649,0.75
NostalgiaForInfinityV7_SMA,range_quiet,40,27,13,0.80429693,-19.7496848,18.26798903,0.675
NostalgiaForInfinityV7_SMA,transition,61,44,17,1.7222436,-67.1529226,37.25009851,0.72131147541
NostalgiaForInfinityV7_SMAv2_1,bear_trend,12,8,4,1.77620146,-11.54055975,15.68797384,0.666666666667
NostalgiaForInfinityV7_SMAv2_1,bull_trend,53,48,5,6.3496625,-25.44578616,54.23889777,0.905660377358
NostalgiaForInfinityV7_SMAv2_1,high_vol_shock,29,27,2,15.28993424,-10.02314949,144.06465163,0.931034482759
NostalgiaForInfinityV7_SMAv2_1,range_choppy,26,23,3,5.5094834,-13.20214417,17.50453731,0.884615384615
NostalgiaForInfinityV7_SMAv2_1,range_quiet,21,18,3,6.7068504,-18.7071538,12.78005123,0.857142857143
NostalgiaForInfinityV7_SMAv2_1,transition,36,31,5,3.88928239,-91.8674396,17.44209077,0.861111111111
NostalgiaForInfinityX,bear_trend,18,16,2,7.047944915,-54.55895335,36.3312606,0.888888888889
NostalgiaForInfinityX,bull_trend,22,22,0,4.61689249,0.3534537,25.1738668,1
NostalgiaForInfinityX,high_vol_shock,25,23,2,16.61053528,-44.09513073,79.10146041,0.92
NostalgiaForInfinityX,range_choppy,16,15,1,7.679402175,-16.1435361,34.1598696,0.9375
NostalgiaForInfinityX,range_quiet,3,3,0,31.0264663,5.05512944,42.06545118,1
NostalgiaForInfinityX,transition,20,17,3,4.19611933,-27.61887905,32.26907051,0.85
NotAnotherSMAOffsetStrategy,bear_trend,25,19,6,4.85903378,-12.85952936,14.1954189,0.76
NotAnotherSMAOffsetStrategy,bull_trend,63,50,13,4.87886575,-19.57763916,32.89030946,0.793650793651
NotAnotherSMAOffsetStrategy,high_vol_shock,29,25,4,8.30031331,-9.3775821,188.07280697,0.862068965517
NotAnotherSMAOffsetStrategy,range_choppy,39,32,7,3.76052656,-14.07262592,14.37971346,0.820512820513
NotAnotherSMAOffsetStrategy,range_quiet,26,23,3,5.48400365,-7.7539046,27.7374215,0.884615384615
NotAnotherSMAOffsetStrategy,transition,47,28,19,2.53921988,-96.29348954,24.99955171,0.595744680851
NotAnotherSMAOffsetStrategyHO,bear_trend,30,29,1,8.6152011,-5.17030164,64.87082542,0.966666666667
NotAnotherSMAOffsetStrategyHO,bull_trend,63,54,9,6.96076679,-22.23078233,59.14320578,0.857142857143
NotAnotherSMAOffsetStrategyHO,high_vol_shock,28,23,5,11.01574024,-48.61096951,264.47064326,0.821428571429
NotAnotherSMAOffsetStrategyHO,range_choppy,43,39,4,7.65960786,-25.4897924,28.4671327,0.906976744186
NotAnotherSMAOffsetStrategyHO,range_quiet,29,23,6,8.11712566,-139.228122,38.7735888,0.793103448276
NotAnotherSMAOffsetStrategyHO,transition,51,39,12,6.298278,-137.88968073,32.97555262,0.764705882353
NotAnotherSMAOffsetStrategyHOv3,bear_trend,23,18,5,4.4823558,-21.06861036,15.16896046,0.782608695652
NotAnotherSMAOffsetStrategyHOv3,bull_trend,40,28,12,4.063451235,-25.10373458,21.84005333,0.7
NotAnotherSMAOffsetStrategyHOv3,high_vol_shock,27,21,6,15.7227084,-32.54338646,114.56124988,0.777777777778
NotAnotherSMAOffsetStrategyHOv3,range_choppy,26,19,7,3.18031616,-22.2027144,20.06013112,0.730769230769
NotAnotherSMAOffsetStrategyHOv3,range_quiet,22,21,1,5.36351375,-14.55801445,30.0924356,0.954545454545
NotAnotherSMAOffsetStrategyHOv3,transition,32,25,7,3.4944246,-74.9034308,22.70179022,0.78125
NotAnotherSMAOffsetStrategyLite,bear_trend,51,31,20,0.72049154,-18.522013,6.93862505,0.607843137255
NotAnotherSMAOffsetStrategyLite,bull_trend,72,50,22,2.350418085,-20.67865998,32.12602096,0.694444444444
NotAnotherSMAOffsetStrategyLite,high_vol_shock,41,35,6,5.44475883,-24.57694534,124.92534959,0.853658536585
NotAnotherSMAOffsetStrategyLite,range_choppy,55,31,24,1.373337,-20.30567032,20.13334294,0.563636363636
NotAnotherSMAOffsetStrategyLite,range_quiet,27,23,4,2.89815552,-3.47319776,6.25412918,0.851851851852
NotAnotherSMAOffsetStrategyLite,transition,68,47,21,1.626156035,-17.1220071,21.43985854,0.691176470588
NotAnotherSMAOffsetStrategyModHO,bear_trend,18,14,4,1.9955694,-5.17028265,19.092068,0.777777777778
NotAnotherSMAOffsetStrategyModHO,bull_trend,39,23,16,1.32960677,-8.90755756,15.41407643,0.589743589744
NotAnotherSMAOffsetStrategyModHO,high_vol_shock,33,25,8,3.14564283,-57.4204784,83.88763161,0.757575757576
NotAnotherSMAOffsetStrategyModHO,range_choppy,31,24,7,2.22237535,-12.69206375,7.27448,0.774193548387
NotAnotherSMAOffsetStrategyModHO,range_quiet,10,8,2,1.094353275,-1.6065301,18.45344488,0.8
NotAnotherSMAOffsetStrategyModHO,transition,30,18,12,0.983885065,-23.9111349,14.68877866,0.6
NotAnotherSMAOffsetStrategyModHO_LamineDz_20210901,bear_trend,18,14,4,2.00955855,-5.20682175,19.2301566,0.777777777778
NotAnotherSMAOffsetStrategyModHO_LamineDz_20210901,bull_trend,39,23,16,1.33899308,-8.90755756,15.41157017,0.589743589744
NotAnotherSMAOffsetStrategyModHO_LamineDz_20210901,high_vol_shock,33,25,8,3.14564283,-49.30015712,84.49232009,0.757575757576
NotAnotherSMAOffsetStrategyModHO_LamineDz_20210901,range_choppy,31,24,7,2.23793104,-12.78068781,7.328374,0.774193548387
NotAnotherSMAOffsetStrategyModHO_LamineDz_20210901,range_quiet,10,8,2,1.102468005,-1.6172546,18.58716183,0.8
NotAnotherSMAOffsetStrategyModHO_LamineDz_20210901,transition,30,18,12,0.987104105,-24.0684094,14.79419645,0.6
NotAnotherSMAOffsetStrategyX1,bear_trend,7,4,3,0.88491375,-5.85495727,3.85523232,0.571428571429
NotAnotherSMAOffsetStrategyX1,bull_trend,34,23,11,1.44306677,-11.71759746,19.45256192,0.676470588235
NotAnotherSMAOffsetStrategyX1,high_vol_shock,26,19,7,3.40077387,-27.77321851,77.22828863,0.730769230769
NotAnotherSMAOffsetStrategyX1,range_choppy,20,16,4,1.53892291,-6.69106258,20.5347677,0.8
NotAnotherSMAOffsetStrategyX1,range_quiet,5,5,0,3.1946172,0.22138269,4.27006793,1
NotAnotherSMAOffsetStrategyX1,transition,24,16,8,1.55614282,-19.217984,12.18142095,0.666666666667
NotAnotherSMAOffsetStrategy_uzi,bear_trend,7,4,3,0.25681656,-9.57159833,3.325917,0.571428571429
NotAnotherSMAOffsetStrategy_uzi,bull_trend,34,24,10,1.18183788,-24.43780256,15.22017899,0.705882352941
NotAnotherSMAOffsetStrategy_uzi,high_vol_shock,27,23,4,6.1435909,-33.60441953,114.73077389,0.851851851852
NotAnotherSMAOffsetStrategy_uzi,range_choppy,20,13,7,1.5857487,-7.94594284,10.67605648,0.65
NotAnotherSMAOffsetStrategy_uzi,range_quiet,5,5,0,4.81514204,1.1133914,5.34798338,1
NotAnotherSMAOffsetStrategy_uzi,transition,23,13,10,0.64082172,-24.4861969,18.31999359,0.565217391304
NowoIchimoku1hV2,bear_trend,149,102,47,11.79616633,-138.234025,227.00048767,0.684563758389
NowoIchimoku1hV2,bull_trend,127,74,53,6.27365934,-125.92988188,224.36903335,0.582677165354
NowoIchimoku1hV2,high_vol_shock,45,32,13,14.83538236,-223.58936852,685.29689402,0.711111111111
NowoIchimoku1hV2,range_choppy,123,74,49,7.94263608,-223.8945816,170.13532458,0.60162601626
NowoIchimoku1hV2,range_quiet,122,80,42,7.958948385,-174.44068747,182.496619,0.655737704918
NowoIchimoku1hV2,transition,209,143,66,7.69516254,-187.05474328,130.51986995,0.684210526316
ONUR,bull_trend,40,36,4,80.22736697,-1217.8226399,467.14999416,0.9
ONUR,high_vol_shock,15,13,2,236.29712045,-1222.1616436,1189.20013492,0.866666666667
ONUR,range_choppy,16,16,0,36.31567716,5.93241938,204.49901047,1
ONUR,range_quiet,3,3,0,51.56585207,33.52492744,104.13900976,1
ONUR,transition,30,28,2,34.724232095,-924.96335489,315.52017804,0.933333333333
ORBAlgo,bear_trend,136,22,114,-0.81728741,-19.6805036,6.36957748,0.161764705882
ORBAlgo,bull_trend,138,32,106,-0.54686053,-16.4433256,14.70446091,0.231884057971
ORBAlgo,high_vol_shock,50,19,31,-0.396348495,-17.45369962,38.90641812,0.38
ORBAlgo,range_choppy,146,35,111,-0.35862745,-18.62969842,13.0112619,0.239726027397
ORBAlgo,range_quiet,113,18,95,-0.47059737,-9.65233259,2.66375756,0.159292035398
ORBAlgo,transition,207,54,153,-0.31020962,-17.03538421,6.80097658,0.260869565217
Obelisk_Ichimoku_Slow_v1,bear_trend,145,50,95,-5.2674901,-100.459252,177.86160465,0.344827586207
Obelisk_Ichimoku_Slow_v1,bull_trend,114,40,74,-5.71284304,-97.1272954,330.74217066,0.350877192982
Obelisk_Ichimoku_Slow_v1,high_vol_shock,44,12,32,-16.799499025,-188.40755367,210.55800572,0.272727272727
Obelisk_Ichimoku_Slow_v1,range_choppy,118,52,66,-4.29989432,-76.73974427,122.95021252,0.440677966102
Obelisk_Ichimoku_Slow_v1,range_quiet,116,49,67,-2.44610247,-66.80819784,115.0663111,0.422413793103
Obelisk_Ichimoku_Slow_v1,transition,185,64,121,-4.5503589,-74.43044758,574.26049352,0.345945945946
Obelisk_Ichimoku_Slow_v1_1,bear_trend,145,50,95,-5.2674901,-100.459252,177.86160465,0.344827586207
Obelisk_Ichimoku_Slow_v1_1,bull_trend,114,40,74,-5.71284304,-97.1272954,330.74217066,0.350877192982
Obelisk_Ichimoku_Slow_v1_1,high_vol_shock,44,12,32,-16.799499025,-188.40755367,210.55800572,0.272727272727
Obelisk_Ichimoku_Slow_v1_1,range_choppy,118,52,66,-4.29989432,-76.73974427,122.95021252,0.440677966102
Obelisk_Ichimoku_Slow_v1_1,range_quiet,116,49,67,-2.44610247,-66.80819784,115.0663111,0.422413793103
Obelisk_Ichimoku_Slow_v1_1,transition,185,64,121,-4.5503589,-74.43044758,574.26049352,0.345945945946
Obelisk_Ichimoku_Slow_v1_2,bear_trend,145,51,94,-4.88354703,-91.56770221,174.02255122,0.351724137931
Obelisk_Ichimoku_Slow_v1_2,bull_trend,117,41,76,-6.38775157,-75.58374153,508.417812,0.350427350427
Obelisk_Ichimoku_Slow_v1_2,high_vol_shock,44,13,31,-15.130352495,-129.48758029,190.02613305,0.295454545455
Obelisk_Ichimoku_Slow_v1_2,range_choppy,116,51,65,-3.757434175,-66.02313029,103.945287,0.439655172414
Obelisk_Ichimoku_Slow_v1_2,range_quiet,118,51,67,-2.117572565,-59.3226666,105.19839541,0.432203389831
Obelisk_Ichimoku_Slow_v1_2,transition,184,63,121,-3.9634874,-49.7995,432.76688862,0.342391304348
Obelisk_TradePro_Ichi_v1_1,bear_trend,148,53,95,-2.020093275,-55.19407261,76.57612561,0.358108108108
Obelisk_TradePro_Ichi_v1_1,bull_trend,129,42,87,-2.24676841,-38.85753144,88.65126452,0.325581395349
Obelisk_TradePro_Ichi_v1_1,high_vol_shock,45,9,36,-4.48363135,-58.31181638,135.25454107,0.2
Obelisk_TradePro_Ichi_v1_1,range_choppy,119,42,77,-2.204172,-25.21712336,52.29329533,0.352941176471
Obelisk_TradePro_Ichi_v1_1,range_quiet,120,43,77,-1.721294035,-22.3630404,105.57850566,0.358333333333
Obelisk_TradePro_Ichi_v1_1,transition,197,66,131,-2.45273307,-19.08366452,95.06170982,0.335025380711
Obelisk_TradePro_Ichi_v2,bear_trend,148,69,79,-1.38041851,-47.57726523,47.88741534,0.466216216216
Obelisk_TradePro_Ichi_v2,bull_trend,120,52,68,-1.7913673,-25.9897035,40.64468697,0.433333333333
Obelisk_TradePro_Ichi_v2,high_vol_shock,44,19,25,-4.1991542,-45.77369078,68.77608175,0.431818181818
Obelisk_TradePro_Ichi_v2,range_choppy,119,59,60,-0.25470415,-29.75426197,38.71994493,0.495798319328
Obelisk_TradePro_Ichi_v2,range_quiet,119,63,56,0.4364547,-42.41736955,33.59268922,0.529411764706
Obelisk_TradePro_Ichi_v2,transition,193,87,106,-1.11245838,-27.48654758,31.51122323,0.450777202073
Obelisk_TradePro_Ichi_v2_1,bear_trend,146,69,77,-1.56560282,-79.90103371,69.85247938,0.472602739726
Obelisk_TradePro_Ichi_v2_1,bull_trend,132,57,75,-5.20512139,-61.29171342,163.98130764,0.431818181818
Obelisk_TradePro_Ichi_v2_1,high_vol_shock,48,16,32,-10.91559305,-149.55732081,174.2530573,0.333333333333
Obelisk_TradePro_Ichi_v2_1,range_choppy,122,69,53,3.175902665,-77.62189055,86.2432198,0.565573770492
Obelisk_TradePro_Ichi_v2_1,range_quiet,125,64,61,0.41587788,-67.00231506,47.7564168,0.512
Obelisk_TradePro_Ichi_v2_1,transition,203,86,117,-3.22514142,-63.4122611,121.78298595,0.423645320197
Obelisk_TradePro_Ichi_v2_2,bear_trend,146,59,87,-0.35486355,-24.28698239,19.06872339,0.404109589041
Obelisk_TradePro_Ichi_v2_2,bull_trend,139,45,94,-1.16869338,-40.91832412,35.15487552,0.323741007194
Obelisk_TradePro_Ichi_v2_2,high_vol_shock,48,17,31,-2.59520343,-57.42940912,30.28064184,0.354166666667
Obelisk_TradePro_Ichi_v2_2,range_choppy,125,59,66,-0.11784988,-20.94374939,25.98346545,0.472
Obelisk_TradePro_Ichi_v2_2,range_quiet,127,44,83,-0.3606608,-8.62408098,11.14300889,0.346456692913
Obelisk_TradePro_Ichi_v2_2,transition,205,77,128,-0.38117609,-19.4407352,30.96009206,0.375609756098
OmaGann,bear_trend,159,73,86,-0.3292575,-66.91823025,57.22765464,0.459119496855
OmaGann,bull_trend,147,50,97,-1.4863814,-34.87950274,54.69513889,0.340136054422
OmaGann,high_vol_shock,51,24,27,-0.78947826,-93.63684851,61.51600822,0.470588235294
OmaGann,range_choppy,146,56,90,-1.204437285,-41.01307658,47.56353606,0.383561643836
OmaGann,range_quiet,136,60,76,-0.474350895,-34.7112047,23.7168506,0.441176470588
OmaGann,transition,226,90,136,-1.163222065,-41.63446155,70.92593346,0.398230088496
OversoldReversion,bear_trend,31,25,6,8.58953814,-42.90999256,37.6728284,0.806451612903
OversoldReversion,high_vol_shock,15,13,2,15.08880011,-4.67777921,65.42988402,0.866666666667
OversoldReversion,range_choppy,3,1,2,-6.1117927,-22.521234,5.24905671,0.333333333333
OversoldReversion,transition,7,6,1,4.11445067,-0.21973189,22.34470282,0.857142857143
PRICEFOLLOWING,bear_trend,32,30,2,0.349419985,-13.15620633,5.19785554,0.9375
PRICEFOLLOWING,bull_trend,34,31,3,0.4449707,-13.07694551,3.200981,0.911764705882
PRICEFOLLOWING,high_vol_shock,19,16,3,1.1586102,-13.1648664,5.42884228,0.842105263158
PRICEFOLLOWING,range_choppy,28,27,1,0.44295025,-13.0116378,6.3161254,0.964285714286
PRICEFOLLOWING,range_quiet,22,21,1,0.423238,-7.73001783,3.60024929,0.954545454545
PRICEFOLLOWING,transition,34,33,1,0.357039515,-13.31585787,3.23632009,0.970588235294
PRICEFOLLOWINGX,bear_trend,76,70,6,4.29803763,-115.2598779,30.28392787,0.921052631579
PRICEFOLLOWINGX,bull_trend,90,84,6,4.4447064,-118.9446835,26.06225355,0.933333333333
PRICEFOLLOWINGX,high_vol_shock,37,36,1,5.2785188,-67.1918892,31.64945996,0.972972972973
PRICEFOLLOWINGX,range_choppy,78,71,7,3.20556679,-120.874539,17.96603231,0.910256410256
PRICEFOLLOWINGX,range_quiet,57,56,1,2.83880488,-101.4966858,14.23391938,0.982456140351
PRICEFOLLOWINGX,transition,104,101,3,2.880439585,-121.93767896,21.67597134,0.971153846154
ParabolicSarStrategy,bear_trend,30,4,26,-1.47919976,-19.29288391,2.08453136,0.133333333333
ParabolicSarStrategy,bull_trend,41,6,35,-1.65454659,-32.36464172,1.87480982,0.146341463415
ParabolicSarStrategy,high_vol_shock,23,2,21,-2.31150061,-35.01952155,0.93882607,0.0869565217391
ParabolicSarStrategy,range_choppy,35,3,32,-1.80969012,-25.19753723,6.12509952,0.0857142857143
ParabolicSarStrategy,range_quiet,20,1,19,-1.862032075,-17.2060961,0.05982956,0.05
ParabolicSarStrategy,transition,51,5,46,-1.47526248,-28.62402337,1.03576925,0.0980392156863
PatternRecognition,bear_trend,60,43,17,7.699609055,-96.65809352,80.34278702,0.716666666667
PatternRecognition,bull_trend,91,61,30,9.4629623,-93.4680796,89.79843971,0.67032967033
PatternRecognition,high_vol_shock,35,18,17,10.77455386,-153.80469557,177.68446159,0.514285714286
PatternRecognition,range_choppy,61,41,20,8.88374487,-96.88634202,56.49557726,0.672131147541
PatternRecognition,range_quiet,40,25,15,6.955561965,-82.72210482,32.04453059,0.625
PatternRecognition,transition,73,55,18,9.06947838,-93.428668,35.4483029,0.753424657534
Patterns2,bear_trend,122,94,28,0.757689075,-43.10256784,22.86391994,0.770491803279
Patterns2,bull_trend,149,102,47,0.3846149,-59.89086395,52.3850924,0.684563758389
Patterns2,high_vol_shock,50,30,20,0.9984646,-203.06361302,81.81328987,0.6
Patterns2,range_choppy,127,88,39,0.55182119,-37.81245607,35.268205,0.692913385827
Patterns2,range_quiet,94,75,19,0.4314896,-14.96221251,12.81250077,0.797872340426
Patterns2,transition,189,136,53,0.27828521,-45.4049182,23.68495472,0.719576719577
Persia,bear_trend,65,39,26,0.50419655,-96.6086816,54.69127143,0.6
Persia,bull_trend,59,32,27,0.0233275,-64.8379008,90.054346,0.542372881356
Persia,high_vol_shock,21,10,11,-1.28071537,-276.36671023,229.72904453,0.47619047619
Persia,range_choppy,57,31,26,0.28333776,-33.9238755,49.61937853,0.543859649123
Persia,range_quiet,47,30,17,1.27837027,-39.68273375,30.12899423,0.63829787234
Persia,transition,104,61,43,0.66633266,-49.82685908,119.06808087,0.586538461538
PolymarketMeanReversionStrategy,bear_trend,19,11,8,3.50686396,-45.15922718,16.8867504,0.578947368421
PolymarketMeanReversionStrategy,bull_trend,15,11,4,5.36384648,-6.43164788,22.29304682,0.733333333333
PolymarketMeanReversionStrategy,high_vol_shock,9,6,3,1.72971895,-70.35688598,47.28501613,0.666666666667
PolymarketMeanReversionStrategy,range_choppy,20,13,7,3.974987585,-21.13705274,17.1033653,0.65
PolymarketMeanReversionStrategy,range_quiet,13,5,8,-0.25082602,-39.5923994,3.0532172,0.384615384615
PolymarketMeanReversionStrategy,transition,21,14,7,3.58113075,-12.41594597,18.825143,0.666666666667
PolymarketMomentumStrategy,bear_trend,55,23,32,-0.66153336,-21.96978355,20.50247354,0.418181818182
PolymarketMomentumStrategy,bull_trend,54,22,32,-2.41275549,-18.05279659,23.04571637,0.407407407407
PolymarketMomentumStrategy,high_vol_shock,18,7,11,-2.31706437,-45.16888061,24.8722237,0.388888888889
PolymarketMomentumStrategy,range_choppy,46,20,26,-2.1531408,-20.88696637,41.37103104,0.434782608696
PolymarketMomentumStrategy,range_quiet,41,17,24,-1.0792752,-10.88978332,13.03432168,0.414634146341
PolymarketMomentumStrategy,transition,89,42,47,-0.2253333,-13.47231928,23.3238461,0.47191011236
PowerTower,bear_trend,46,30,16,3.793911215,-143.39413228,48.96293852,0.652173913043
PowerTower,bull_trend,47,29,18,2.44148608,-130.582644,89.91528426,0.617021276596
PowerTower,high_vol_shock,18,9,9,-6.155759835,-130.08765816,231.51582084,0.5
PowerTower,range_choppy,42,30,12,4.427851635,-82.13881828,57.873031,0.714285714286
PowerTower,range_quiet,30,27,3,6.03669838,-38.23258538,88.7173303,0.9
PowerTower,transition,70,50,20,2.93586106,-76.05334183,115.36096625,0.714285714286
PpoMomentumStrategy,bear_trend,76,13,63,-1.198298445,-16.68792466,3.19150391,0.171052631579
PpoMomentumStrategy,bull_trend,85,18,67,-0.53518633,-20.09943125,11.62150864,0.211764705882
PpoMomentumStrategy,high_vol_shock,33,7,26,-2.20538784,-27.65725272,19.11120451,0.212121212121
PpoMomentumStrategy,range_choppy,81,17,64,-0.7895444,-24.26748833,5.10628889,0.20987654321
PpoMomentumStrategy,range_quiet,48,11,37,-0.422091365,-11.81872879,1.86082229,0.229166666667
PpoMomentumStrategy,transition,109,24,85,-0.5771534,-23.06559786,8.34748685,0.220183486239
PriceActionCandleStrategy,bear_trend,47,2,45,-1.2370791,-19.27538869,0.42280568,0.0425531914894
PriceActionCandleStrategy,bull_trend,52,7,45,-1.350751755,-31.16947258,0.65823366,0.134615384615
PriceActionCandleStrategy,high_vol_shock,27,1,26,-1.81441591,-64.41763185,0.04648303,0.037037037037
PriceActionCandleStrategy,range_choppy,52,8,44,-0.62614653,-36.72498071,0.72943886,0.153846153846
PriceActionCandleStrategy,range_quiet,25,7,18,-1.11627844,-10.72505253,0.77965649,0.28
PriceActionCandleStrategy,transition,75,5,70,-0.74253798,-29.16572612,0.73590142,0.0666666666667
PriceChannelStrategy,bear_trend,38,9,29,-1.63823915,-25.07964969,1.22510487,0.236842105263
PriceChannelStrategy,bull_trend,54,6,48,-2.39473377,-25.67115857,6.73120522,0.111111111111
PriceChannelStrategy,high_vol_shock,25,3,22,-4.41686944,-43.3034971,1.08307735,0.12
PriceChannelStrategy,range_choppy,49,5,44,-1.07648371,-14.87307876,1.28468163,0.102040816327
PriceChannelStrategy,range_quiet,25,1,24,-1.67764192,-18.79171519,0.03536273,0.04
PriceChannelStrategy,transition,68,11,57,-1.264913645,-18.75330978,2.85749005,0.161764705882
PumpDetector,bear_trend,44,13,31,-0.56357917,-15.7708378,5.13359954,0.295454545455
PumpDetector,bull_trend,55,6,49,-2.07819851,-41.75629136,8.10645161,0.109090909091
PumpDetector,high_vol_shock,27,10,17,-1.16951628,-96.12677397,16.72589939,0.37037037037
PumpDetector,range_choppy,49,18,31,-0.8844596,-20.16797883,2.96790958,0.367346938776
PumpDetector,range_quiet,25,9,16,-0.5747332,-14.34231219,1.303224,0.36
PumpDetector,transition,71,21,50,-0.97508524,-35.56936471,4.99796218,0.295774647887
QuickBuyStrategy,bear_trend,27,14,13,0.0002641,-21.69412306,2.75645468,0.518518518519
QuickBuyStrategy,bull_trend,37,4,33,-8.64705223,-39.86819965,3.60250023,0.108108108108
QuickBuyStrategy,high_vol_shock,22,2,20,-5.132799745,-82.550658,1.22673667,0.0909090909091
QuickBuyStrategy,range_choppy,33,16,17,-0.00138613,-16.46708859,12.99782146,0.484848484848
QuickBuyStrategy,range_quiet,19,13,6,0.07461595,-8.81437451,2.74654094,0.684210526316
QuickBuyStrategy,transition,48,17,31,-0.87501392,-38.77039348,4.35294553,0.354166666667
Quickie,bear_trend,110,78,32,2.38615427,-79.60135945,73.24620403,0.709090909091
Quickie,bull_trend,141,93,48,2.05541544,-125.91411265,118.6831006,0.659574468085
Quickie,high_vol_shock,48,26,22,0.983984125,-318.47623095,184.89137138,0.541666666667
Quickie,range_choppy,115,80,35,2.29233836,-94.83632483,61.90491673,0.695652173913
Quickie,range_quiet,86,71,15,1.781836925,-39.85859597,18.71927996,0.825581395349
Quickie,transition,180,137,43,3.104603885,-83.24796978,76.06098067,0.761111111111
RSI,bear_trend,3,3,0,12.33337889,3.81778669,35.2691053,1
RSI,bull_trend,42,37,5,58.675987835,-665.91448669,239.94749196,0.880952380952
RSI,high_vol_shock,18,16,2,73.378034945,-556.49360271,305.48371399,0.888888888889
RSI,range_choppy,22,22,0,15.209197865,1.40964363,117.84111968,1
RSI,range_quiet,8,8,0,14.756185195,0.39069162,68.86450051,1
RSI,transition,37,36,1,16.96933449,-460.55090749,148.61241604,0.972972972973
RSIBB02,bear_trend,82,54,28,0.00368173,-40.76638391,10.723296,0.658536585366
RSIBB02,bull_trend,68,41,27,0.233788155,-16.29887,4.53116473,0.602941176471
RSIBB02,high_vol_shock,17,13,4,1.14518577,-9.25884664,4.77514146,0.764705882353
RSIBB02,range_choppy,64,40,24,0.0222573,-14.2972413,2.62845699,0.625
RSIBB02,range_quiet,59,34,25,0.00898042,-12.01381965,4.3754473,0.576271186441
RSIBB02,transition,91,63,28,0.0176095,-16.11628906,4.03324922,0.692307692308
RSIDirectionalWithTrend,bear_trend,66,21,45,-1.242112825,-12.4069058,11.39174941,0.318181818182
RSIDirectionalWithTrend,bull_trend,92,43,49,-0.58053007,-11.63473975,22.90171892,0.467391304348
RSIDirectionalWithTrend,high_vol_shock,28,13,15,-1.396793475,-15.71156574,24.18839284,0.464285714286
RSIDirectionalWithTrend,range_choppy,66,21,45,-1.57121405,-13.17303066,9.28121924,0.318181818182
RSIDirectionalWithTrend,range_quiet,63,30,33,-0.11579617,-14.04790926,12.44389003,0.47619047619
RSIDirectionalWithTrend,transition,103,40,63,-0.81974911,-10.3136034,16.5252217,0.388349514563
RSIDirectionalWithTrendSlow,bear_trend,1,1,0,1.662765,1.662765,1.662765,1
RSIDirectionalWithTrendSlow,bull_trend,115,32,83,-4.531895,-42.1943376,117.18799172,0.278260869565
RSIDirectionalWithTrendSlow,high_vol_shock,25,5,20,-9.3932757,-38.87580704,45.20173968,0.2
RSIDirectionalWithTrendSlow,range_choppy,44,12,32,-1.88370048,-25.68046348,44.9076511,0.272727272727
RSIDirectionalWithTrendSlow,range_quiet,40,10,30,-1.809544375,-10.72854398,39.91400824,0.25
RSIDirectionalWithTrendSlow,transition,66,9,57,-3.63170796,-25.403645,25.73134634,0.136363636364
RSI_BB,bear_trend,154,78,76,0.21901261,-501.16204411,239.91645426,0.506493506494
RSI_BB,bull_trend,154,64,90,-3.7189073,-257.05606845,304.56723636,0.415584415584
RSI_BB,high_vol_shock,50,27,23,9.569709745,-1141.46986936,627.77549999,0.54
RSI_BB,range_choppy,149,68,81,-2.83237886,-325.61314014,382.99853583,0.456375838926
RSI_BB,range_quiet,145,67,78,-1.67626038,-80.47344007,61.76971928,0.462068965517
RSI_BB,transition,230,123,107,0.517660435,-350.6928843,343.89730038,0.534782608696
RSI_BB_MACD_Nov_2023_1h_2_Dec,bear_trend,156,71,85,-72.10066291,-6205409.30677,8776648.27378,0.455128205128
RSI_BB_MACD_Nov_2023_1h_2_Dec,bull_trend,157,104,53,35868.47994,-6193552.58671,2901097.80461,0.662420382166
RSI_BB_MACD_Nov_2023_1h_2_Dec,high_vol_shock,51,34,17,24147.4217321,-3764942.30572,11140805.5512,0.666666666667
RSI_BB_MACD_Nov_2023_1h_2_Dec,range_choppy,142,82,60,1661.29569253,-3327191.75339,5911374.07818,0.577464788732
RSI_BB_MACD_Nov_2023_1h_2_Dec,range_quiet,139,60,79,-355.93974211,-5336777.86584,3837924.81398,0.431654676259
RSI_BB_MACD_Nov_2023_1h_2_Dec,transition,224,121,103,71.98833355,-4291537.4365,6218695.93668,0.540178571429
RSI_EMA_strategy,bear_trend,131,68,63,0.0441441,-30.70195626,51.41863436,0.519083969466
RSI_EMA_strategy,bull_trend,136,84,52,0.12509696,-15.91910877,6.16218932,0.617647058824
RSI_EMA_strategy,high_vol_shock,47,21,26,-1.05294713,-31.79606195,4.86977032,0.446808510638
RSI_EMA_strategy,range_choppy,125,71,54,0.099574,-16.49481263,5.44619436,0.568
RSI_EMA_strategy,range_quiet,120,79,41,0.25734466,-11.74612797,3.51302031,0.658333333333
RSI_EMA_strategy,transition,197,119,78,0.1621107,-10.23292256,6.5959473,0.604060913706
RSIv2,bear_trend,140,94,46,1.38930428,-140.82407526,24.27407885,0.671428571429
RSIv2,bull_trend,152,108,44,1.68850536,-68.39592243,32.41741588,0.710526315789
RSIv2,high_vol_shock,46,37,9,3.58726204,-160.66026088,93.9343564,0.804347826087
RSIv2,range_choppy,129,77,52,1.00257356,-53.8427114,22.73536351,0.596899224806
RSIv2,range_quiet,117,70,47,1.02466162,-26.49762146,12.84216416,0.598290598291
RSIv2,transition,201,135,66,1.29867639,-68.74997085,17.8221562,0.671641791045
RalliV1,bear_trend,11,7,4,2.58363219,-10.87975426,7.6872566,0.636363636364
RalliV1,bull_trend,47,30,17,3.22580872,-16.51468424,12.1547559,0.63829787234
RalliV1,high_vol_shock,29,27,2,6.2061889,-4.13901792,179.86660383,0.931034482759
RalliV1,range_choppy,25,21,4,3.4537724,-3.46847614,13.47584929,0.84
RalliV1,range_quiet,15,13,2,4.05472066,-8.4027152,9.82093332,0.866666666667
RalliV1,transition,27,16,11,0.712411,-18.262368,20.74179107,0.592592592593
RalliV1_disable56,bear_trend,10,6,4,2.41937201,-10.9587123,7.6572751,0.6
RalliV1_disable56,bull_trend,45,30,15,4.09505643,-12.66596388,12.144287,0.666666666667
RalliV1_disable56,high_vol_shock,29,27,2,6.20623798,-4.1691564,179.64294146,0.931034482759
RalliV1_disable56,range_choppy,25,21,4,3.4426132,-3.46736975,13.48442609,0.84
RalliV1_disable56,range_quiet,14,12,2,3.712476815,-8.37374032,9.80798268,0.857142857143
RalliV1_disable56,transition,27,16,11,0.712411,-18.241231,20.7472227,0.592592592593
RegimeFilterStrategy,bear_trend,127,35,92,-8.89421571,-74.03309309,90.704618,0.275590551181
RegimeFilterStrategy,bull_trend,122,50,72,-5.92529543,-80.65901139,121.81914498,0.409836065574
RegimeFilterStrategy,high_vol_shock,44,23,21,1.521109955,-46.16209388,111.19993158,0.522727272727
RegimeFilterStrategy,range_choppy,126,68,58,2.04393163,-72.69124559,73.01039531,0.539682539683
RegimeFilterStrategy,range_quiet,119,63,56,1.70367045,-65.63947361,66.67562714,0.529411764706
RegimeFilterStrategy,transition,181,85,96,-3.57582549,-67.13615987,98.55992511,0.469613259669
ReinforcedAverageStrategy,bear_trend,60,20,40,-6.853635525,-75.1604957,52.75287075,0.333333333333
ReinforcedAverageStrategy,bull_trend,88,24,64,-11.54460214,-67.78755425,189.62258319,0.272727272727
ReinforcedAverageStrategy,high_vol_shock,32,15,17,-5.726007175,-272.80434102,182.81386123,0.46875
ReinforcedAverageStrategy,range_choppy,68,31,37,-4.8990669,-78.80282402,231.68675518,0.455882352941
ReinforcedAverageStrategy,range_quiet,65,33,32,1.51801465,-89.33323772,172.68134,0.507692307692
ReinforcedAverageStrategy,transition,111,42,69,-4.11944264,-106.54527312,280.85421539,0.378378378378
ReinforcedSmoothScalp,bear_trend,78,50,28,1.30293657,-13.5251153,9.0975852,0.641025641026
ReinforcedSmoothScalp,bull_trend,71,52,19,2.36941796,-26.4592517,7.75607959,0.732394366197
ReinforcedSmoothScalp,high_vol_shock,23,16,7,2.5288404,-13.74970429,9.95062298,0.695652173913
ReinforcedSmoothScalp,range_choppy,53,37,16,2.2849344,-11.84854452,8.88746344,0.698113207547
ReinforcedSmoothScalp,range_quiet,58,39,19,1.00092813,-13.34683364,5.47555325,0.672413793103
ReinforcedSmoothScalp,transition,84,57,27,1.5772237,-14.0700266,8.14399618,0.678571428571
RobotradingBody,bear_trend,117,63,54,0.1484546,-47.75433806,21.02875479,0.538461538462
RobotradingBody,bull_trend,130,80,50,0.876764605,-35.1165109,41.5306728,0.615384615385
RobotradingBody,high_vol_shock,42,33,9,5.370171455,-44.17569781,66.86217776,0.785714285714
RobotradingBody,range_choppy,109,54,55,-0.0166894,-22.5313303,18.17914267,0.495412844037
RobotradingBody,range_quiet,112,49,63,-0.12842377,-25.18409121,24.21471311,0.4375
RobotradingBody,transition,181,111,70,0.84792654,-32.72421954,17.35353257,0.613259668508
RocMomentumStrategy,bear_trend,39,2,37,-1.41347728,-27.793628,0.12953657,0.0512820512821
RocMomentumStrategy,bull_trend,49,6,43,-1.35222902,-28.9776814,2.40908558,0.122448979592
RocMomentumStrategy,high_vol_shock,25,2,23,-2.58768074,-58.38823972,1.13501552,0.08
RocMomentumStrategy,range_choppy,38,7,31,-1.867703315,-27.16116353,0.76025285,0.184210526316
RocMomentumStrategy,range_quiet,20,2,18,-1.53190099,-10.87048129,0.45346986,0.1
RocMomentumStrategy,transition,56,2,54,-1.20258052,-28.91450948,0.82906136,0.0357142857143
Roth01,bear_trend,96,73,23,3.77122862,-103.41031794,145.81532138,0.760416666667
Roth01,bull_trend,136,87,49,1.55036467,-125.660534,163.03703925,0.639705882353
Roth01,high_vol_shock,48,29,19,7.764484115,-471.9529008,481.23096362,0.604166666667
Roth01,range_choppy,116,83,33,2.45665758,-103.57080361,144.09100037,0.715517241379
Roth01,range_quiet,99,80,19,0.9566693,-38.45197287,37.69836528,0.808080808081
Roth01,transition,179,144,35,2.75920296,-148.4804161,102.65112211,0.804469273743
Roth03,bear_trend,112,89,23,0.64760002,-39.8863167,12.6241165,0.794642857143
Roth03,bull_trend,127,103,24,0.53749258,-46.46902538,12.58202875,0.811023622047
Roth03,high_vol_shock,40,33,7,1.572771575,-29.358694,31.51009787,0.825
Roth03,range_choppy,108,86,21,0.45494463,-46.38683649,7.4857991,0.796296296296
Roth03,range_quiet,108,84,24,0.135106155,-35.12103394,6.37162897,0.777777777778
Roth03,transition,173,128,45,0.29125382,-84.33719398,8.8365846,0.739884393064
RsiBollingerStrategy,bear_trend,112,77,35,5.7937557,-165.63297519,86.10653784,0.6875
RsiBollingerStrategy,bull_trend,138,78,60,2.01005059,-121.04338061,53.6202723,0.565217391304
RsiBollingerStrategy,high_vol_shock,43,30,13,8.3495829,-160.21840786,130.8188775,0.697674418605
RsiBollingerStrategy,range_choppy,121,67,54,1.40045084,-75.59471036,38.93761307,0.553719008264
RsiBollingerStrategy,range_quiet,113,54,59,-0.484875,-44.1375389,27.09142928,0.477876106195
RsiBollingerStrategy,transition,176,101,75,2.45161777,-77.2369633,68.5082765,0.573863636364
RsiDivergenceStrategy,bear_trend,66,34,32,0.021562105,-12.57199722,5.57817072,0.515151515152
RsiDivergenceStrategy,bull_trend,39,23,16,0.2938592,-7.53644438,7.1070318,0.589743589744
RsiDivergenceStrategy,high_vol_shock,15,13,2,1.40474584,-6.63546422,5.75142423,0.866666666667
RsiDivergenceStrategy,range_choppy,53,37,16,0.84537824,-10.98750831,5.91117912,0.698113207547
RsiDivergenceStrategy,range_quiet,38,25,13,0.39253671,-5.91778638,2.76506848,0.657894736842
RsiDivergenceStrategy,transition,65,33,32,0.020315,-13.00506606,3.55031775,0.507692307692
SAR,bear_trend,13,0,13,-1.7423714,-17.26374915,-0.00023366,0
SAR,bull_trend,15,0,15,-12.55188067,-53.68486146,-0.18240738,0
SAR,high_vol_shock,1,0,1,-181.45665686,-181.45665686,-181.45665686,0
SAR,range_choppy,14,0,14,-2.275590565,-66.43415127,-0.08436966,0
SAR,range_quiet,8,0,8,-5.174056875,-14.8879626,-0.15495682,0
SAR,transition,19,1,18,-6.52356124,-56.86042761,0.85728321,0.0526315789474
SARCross,bear_trend,21,20,1,5.58768886,-27.04591802,21.1846006,0.952380952381
SARCross,bull_trend,41,36,5,4.83959214,-0.01434161,18.88171179,0.878048780488
SARCross,high_vol_shock,22,16,6,2.273418415,-86.56194373,53.6651415,0.727272727273
SARCross,range_choppy,21,20,1,3.11649524,-0.0069417,9.8826722,0.952380952381
SARCross,range_quiet,19,17,2,2.3586684,-35.96326208,11.6120928,0.894736842105
SARCross,transition,25,22,3,1.54156984,-0.0423456,11.1803646,0.88
SMAIP3,bear_trend,3,2,1,3.71100918,-0.01464267,5.72531667,0.666666666667
SMAIP3,bull_trend,25,20,5,4.58475885,-53.64913063,25.93296887,0.8
SMAIP3,high_vol_shock,23,21,2,6.76550839,-40.45691544,59.44578205,0.913043478261
SMAIP3,range_choppy,16,13,3,3.947273015,-10.40006331,17.66459502,0.8125
SMAIP3,range_quiet,4,4,0,5.048842835,1.67829174,6.22004872,1
SMAIP3,transition,15,9,6,0.91877213,-60.5105062,22.48734865,0.6
SMAIP3v2,bear_trend,3,2,1,1.90058708,-2.2751012,2.30005676,0.666666666667
SMAIP3v2,bull_trend,25,18,7,1.70500563,-9.73009731,8.94747074,0.72
SMAIP3v2,high_vol_shock,23,18,5,3.21951277,-17.18919411,59.0459324,0.782608695652
SMAIP3v2,range_choppy,16,11,5,1.192008435,-3.10512636,15.66861218,0.6875
SMAIP3v2,range_quiet,4,4,0,2.1590324,1.25832888,3.30911629,1
SMAIP3v2,transition,15,11,4,1.82700133,-6.0404706,10.28558406,0.733333333333
SMAOG,bear_trend,6,4,2,0.642831315,-3.20104601,3.9057121,0.666666666667
SMAOG,bull_trend,28,20,8,1.027389575,-9.3668028,16.10784564,0.714285714286
SMAOG,high_vol_shock,30,24,6,3.338534,-10.13666655,76.53014634,0.8
SMAOG,range_choppy,17,13,4,1.25117035,-5.81260457,19.60983034,0.764705882353
SMAOG,range_quiet,5,5,0,2.0061475,0.65915416,4.8124876,1
SMAOG,transition,18,9,9,0.06565917,-11.0285086,15.24542268,0.5
SMAOPv1_TTF,bear_trend,2,2,0,1.72701779,1.0820959,2.37193968,1
SMAOPv1_TTF,bull_trend,16,14,2,3.3049915,-22.35474658,16.43271168,0.875
SMAOPv1_TTF,high_vol_shock,22,18,4,10.403270365,-19.5079962,108.9409101,0.818181818182
SMAOPv1_TTF,range_choppy,8,7,1,4.10621348,-8.73141641,13.06388264,0.875
SMAOPv1_TTF,range_quiet,3,3,0,7.5971804,4.985968,9.29822614,1
SMAOPv1_TTF,transition,5,3,2,6.61831662,-17.7571573,12.7898816,0.6
SMAOffset,bear_trend,90,69,21,8.88893015,-52.5224825,101.36785035,0.766666666667
SMAOffset,bull_trend,102,70,32,7.372145575,-64.80116545,111.56651975,0.686274509804
SMAOffset,high_vol_shock,44,32,12,12.68951002,-263.26769056,339.95886707,0.727272727273
SMAOffset,range_choppy,83,46,37,2.5122699,-64.64928,46.87514897,0.55421686747
SMAOffset,range_quiet,52,36,16,9.4455173,-90.8820694,100.47719416,0.692307692308
SMAOffset,transition,113,76,37,4.7522783,-162.50775158,51.19312492,0.672566371681
SMAOffsetProtectOpt,bull_trend,15,11,4,4.91473765,-23.00111939,20.84747913,0.733333333333
SMAOffsetProtectOpt,high_vol_shock,20,18,2,15.496822315,-8.11521404,83.99990866,0.9
SMAOffsetProtectOpt,range_choppy,7,6,1,4.75320216,-10.12794229,6.9306081,0.857142857143
SMAOffsetProtectOpt,range_quiet,4,4,0,6.53170235,2.53147944,12.1964299,1
SMAOffsetProtectOpt,transition,5,3,2,4.6541075,-23.9232246,13.85593344,0.6
SMAOffsetProtectOptV0,bull_trend,15,14,1,3.35581582,-4.51900863,10.46166861,0.933333333333
SMAOffsetProtectOptV0,high_vol_shock,20,18,2,8.055973265,-3.07221629,75.26321302,0.9
SMAOffsetProtectOptV0,range_choppy,7,6,1,1.70852352,-8.54182666,11.06532077,0.857142857143
SMAOffsetProtectOptV0,range_quiet,4,4,0,1.64463083,1.5875006,3.55280026,1
SMAOffsetProtectOptV0,transition,5,3,2,3.1389076,-16.277492,4.21329989,0.6
SMAOffsetProtectOptV1,bear_trend,1,1,0,6.71552055,6.71552055,6.71552055,1
SMAOffsetProtectOptV1,bull_trend,15,10,5,4.64851876,-20.85551911,15.359305,0.666666666667
SMAOffsetProtectOptV1,high_vol_shock,21,19,2,13.28149531,-17.39392536,87.08728482,0.904761904762
SMAOffsetProtectOptV1,range_choppy,8,6,2,2.62121141,-10.8372481,14.80623278,0.75
SMAOffsetProtectOptV1,range_quiet,4,3,1,9.324954215,-6.777654,15.88371355,0.75
SMAOffsetProtectOptV1,transition,4,2,2,-0.892391765,-30.3612943,7.36836426,0.5
SMAOffsetProtectOptV1HO1,bear_trend,23,20,3,1.50465251,-4.51585598,7.49208822,0.869565217391
SMAOffsetProtectOptV1HO1,bull_trend,50,32,18,1.1247239,-9.86599303,19.48015631,0.64
SMAOffsetProtectOptV1HO1,high_vol_shock,39,30,9,4.3021334,-6.56895984,185.1710387,0.769230769231
SMAOffsetProtectOptV1HO1,range_choppy,34,26,8,1.85710677,-7.50142742,16.802481,0.764705882353
SMAOffsetProtectOptV1HO1,range_quiet,9,8,1,2.05128898,-0.5664216,6.7832439,0.888888888889
SMAOffsetProtectOptV1HO1,transition,41,21,20,0.29083661,-11.4855428,11.34200496,0.512195121951
SMAOffsetProtectOptV1Mod,bear_trend,1,1,0,2.42329716,2.42329716,2.42329716,1
SMAOffsetProtectOptV1Mod,bull_trend,13,11,2,3.47184765,-6.44407255,5.64747141,0.846153846154
SMAOffsetProtectOptV1Mod,high_vol_shock,18,16,2,4.95037566,-5.54222273,39.89161644,0.888888888889
SMAOffsetProtectOptV1Mod,range_choppy,7,6,1,0.80021442,-2.72320972,12.55853058,0.857142857143
SMAOffsetProtectOptV1Mod,range_quiet,3,3,0,2.33511054,2.29521444,3.17125248,1
SMAOffsetProtectOptV1Mod,transition,5,3,2,6.345212,-15.0355405,6.88958344,0.6
SMAOffsetProtectOptV1Mod2,bear_trend,1,1,0,2.7107877,2.7107877,2.7107877,1
SMAOffsetProtectOptV1Mod2,bull_trend,13,11,2,2.22966458,-5.8108729,6.65105105,0.846153846154
SMAOffsetProtectOptV1Mod2,high_vol_shock,18,16,2,4.473567965,-6.39949418,39.01675282,0.888888888889
SMAOffsetProtectOptV1Mod2,range_choppy,7,6,1,0.79902997,-2.40643426,13.11843424,0.857142857143
SMAOffsetProtectOptV1Mod2,range_quiet,3,3,0,2.6098488,1.44830104,3.5860117,1
SMAOffsetProtectOptV1Mod2,transition,5,3,2,5.22158,-15.0355405,6.6307306,0.6
SMAOffsetProtectOptV1Mod2_antipump,bear_trend,1,1,0,2.7107877,2.7107877,2.7107877,1
SMAOffsetProtectOptV1Mod2_antipump,bull_trend,13,11,2,2.22966458,-5.8108729,6.65105105,0.846153846154
SMAOffsetProtectOptV1Mod2_antipump,high_vol_shock,18,16,2,4.473567965,-6.39949418,39.01675282,0.888888888889
SMAOffsetProtectOptV1Mod2_antipump,range_choppy,7,6,1,0.79902997,-2.40643426,13.11843424,0.857142857143
SMAOffsetProtectOptV1Mod2_antipump,range_quiet,3,3,0,2.6098488,1.44830104,3.5860117,1
SMAOffsetProtectOptV1Mod2_antipump,transition,5,3,2,5.22158,-15.0355405,6.6307306,0.6
SMAOffsetProtectOptV1_kkeue_20210619,bear_trend,1,1,0,2.7107877,2.7107877,2.7107877,1
SMAOffsetProtectOptV1_kkeue_20210619,bull_trend,13,11,2,2.22966458,-5.8108729,6.65105105,0.846153846154
SMAOffsetProtectOptV1_kkeue_20210619,high_vol_shock,18,16,2,4.473567965,-6.39949418,39.01675282,0.888888888889
SMAOffsetProtectOptV1_kkeue_20210619,range_choppy,7,6,1,0.79902997,-2.40643426,13.11843424,0.857142857143
SMAOffsetProtectOptV1_kkeue_20210619,range_quiet,3,3,0,2.6098488,1.44830104,3.5860117,1
SMAOffsetProtectOptV1_kkeue_20210619,transition,5,3,2,5.22158,-15.0355405,6.6307306,0.6
SMAOffsetV2,bear_trend,27,14,13,0.30116269,-23.27496728,16.81573098,0.518518518519
SMAOffsetV2,bull_trend,64,49,15,5.399934645,-38.10768815,41.91445502,0.765625
SMAOffsetV2,high_vol_shock,34,25,9,8.8785904,-19.72636784,193.90811696,0.735294117647
SMAOffsetV2,range_choppy,40,24,16,1.96701154,-15.38472522,30.92528272,0.6
SMAOffsetV2,range_quiet,16,14,2,9.987501495,-0.600084,13.17813244,0.875
SMAOffsetV2,transition,59,40,19,3.48020442,-59.12888844,19.37463536,0.677966101695
SMAOffset_Hippocritical_dca,bear_trend,1,1,0,0.4414152,0.4414152,0.4414152,1
SMAOffset_Hippocritical_dca,bull_trend,13,12,1,0.63819973,-3.23617713,5.73403431,0.923076923077
SMAOffset_Hippocritical_dca,high_vol_shock,18,18,0,1.78735974,0.2468466,22.01831853,1
SMAOffset_Hippocritical_dca,range_choppy,7,7,0,0.6946832,0.1230656,2.8249177,1
SMAOffset_Hippocritical_dca,range_quiet,2,2,0,0.342019225,0.24320822,0.44083023,1
SMAOffset_Hippocritical_dca,transition,5,3,2,1.08289421,-6.915597,1.32019332,0.6
SMAOffset_Hippocritical_dca_leverage,bear_trend,1,1,0,1.0361996,1.0361996,1.0361996,1
SMAOffset_Hippocritical_dca_leverage,bull_trend,14,14,0,9.719783605,0.668538,46.93796559,1
SMAOffset_Hippocritical_dca_leverage,high_vol_shock,19,17,2,8.16615369,-28.08946197,316.96972353,0.894736842105
SMAOffset_Hippocritical_dca_leverage,range_choppy,7,7,0,14.17564427,0.9415784,39.32092564,1
SMAOffset_Hippocritical_dca_leverage,range_quiet,3,3,0,2.73103025,0.89306118,9.69327224,1
SMAOffset_Hippocritical_dca_leverage,transition,5,5,0,7.22223324,1.59400296,36.75925588,1
SMAOffset_Hippocritical_dca_old,bear_trend,1,1,0,0.4414152,0.4414152,0.4414152,1
SMAOffset_Hippocritical_dca_old,bull_trend,13,12,1,0.63819973,-3.23617713,5.73403431,0.923076923077
SMAOffset_Hippocritical_dca_old,high_vol_shock,18,18,0,1.78735974,0.2468466,22.01831853,1
SMAOffset_Hippocritical_dca_old,range_choppy,7,7,0,0.6946832,0.1230656,2.8249177,1
SMAOffset_Hippocritical_dca_old,range_quiet,2,2,0,0.342019225,0.24320822,0.44083023,1
SMAOffset_Hippocritical_dca_old,transition,5,3,2,1.08289421,-6.915597,1.32019332,0.6
SMAOffset_Hippocritical_dca_protections,bear_trend,1,1,0,0.4414152,0.4414152,0.4414152,1
SMAOffset_Hippocritical_dca_protections,bull_trend,13,12,1,0.63819973,-3.23617713,5.73403431,0.923076923077
SMAOffset_Hippocritical_dca_protections,high_vol_shock,18,18,0,1.78735974,0.2468466,22.01831853,1
SMAOffset_Hippocritical_dca_protections,range_choppy,7,7,0,0.6946832,0.1230656,2.8249177,1
SMAOffset_Hippocritical_dca_protections,range_quiet,2,2,0,0.342019225,0.24320822,0.44083023,1
SMAOffset_Hippocritical_dca_protections,transition,5,3,2,1.08289421,-6.915597,1.32019332,0.6
SMA_BBRSI,bear_trend,18,12,6,0.631768755,-4.72075878,5.04392673,0.666666666667
SMA_BBRSI,bull_trend,29,13,16,-0.33640918,-17.97974935,15.16383171,0.448275862069
SMA_BBRSI,high_vol_shock,27,18,9,2.64588363,-18.70462996,37.04493435,0.666666666667
SMA_BBRSI,range_choppy,29,17,12,0.61275086,-9.59589785,12.28121507,0.586206896552
SMA_BBRSI,range_quiet,8,6,2,0.97011099,-1.9332261,5.59750241,0.75
SMA_BBRSI,transition,25,15,10,0.62754131,-10.7501032,6.57490663,0.6
SRsi,bear_trend,29,5,24,-0.81082241,-14.37804824,4.33778277,0.172413793103
SRsi,bull_trend,41,7,34,-1.75931251,-23.96829907,2.13494045,0.170731707317
SRsi,high_vol_shock,20,4,16,-1.193463,-53.57193536,0.84842633,0.2
SRsi,range_choppy,35,5,30,-0.75753896,-29.30896116,1.57324474,0.142857142857
SRsi,range_quiet,20,4,16,-1.148167085,-6.72897404,1.71041619,0.2
SRsi,transition,51,12,39,-1.02373013,-38.38804645,0.83226255,0.235294117647
STRATEGY_RSI_BB_BOUNDS_CROSS,bear_trend,134,16,118,-0.727709055,-13.6414016,1.5956677,0.119402985075
STRATEGY_RSI_BB_BOUNDS_CROSS,bull_trend,129,16,113,-0.52592493,-9.19335055,2.67830862,0.124031007752
STRATEGY_RSI_BB_BOUNDS_CROSS,high_vol_shock,45,15,30,-0.3774879,-10.74259751,10.28994875,0.333333333333
STRATEGY_RSI_BB_BOUNDS_CROSS,range_choppy,120,22,98,-0.66389275,-5.75430576,4.3997023,0.183333333333
STRATEGY_RSI_BB_BOUNDS_CROSS,range_quiet,108,7,101,-0.526622955,-4.46378693,0.65865782,0.0648148148148
STRATEGY_RSI_BB_BOUNDS_CROSS,transition,191,27,164,-0.58498084,-10.71898258,4.154259,0.141361256545
STRATEGY_RSI_BB_CROSS,bear_trend,119,58,61,-0.01403759,-26.63030974,8.50104602,0.487394957983
STRATEGY_RSI_BB_CROSS,bull_trend,120,48,72,-0.447307485,-43.5372768,10.46829943,0.4
STRATEGY_RSI_BB_CROSS,high_vol_shock,37,15,22,-0.61051293,-83.41410408,20.28568349,0.405405405405
STRATEGY_RSI_BB_CROSS,range_choppy,107,49,58,-0.20463637,-35.8498353,19.53003623,0.457943925234
STRATEGY_RSI_BB_CROSS,range_quiet,95,41,54,-0.17232524,-14.77156892,5.41225897,0.431578947368
STRATEGY_RSI_BB_CROSS,transition,171,66,105,-0.18337468,-29.23515465,12.5175332,0.385964912281
SUPPORT_RESISTANCE,bear_trend,68,19,49,-15.698742385,-194.043226,645.15664443,0.279411764706
SUPPORT_RESISTANCE,bull_trend,41,10,31,-10.18296233,-106.36138412,564.99586158,0.243902439024
SUPPORT_RESISTANCE,high_vol_shock,15,2,13,-25.7913774,-234.56702809,532.45323712,0.133333333333
SUPPORT_RESISTANCE,range_choppy,73,16,57,-18.1689856,-248.22090755,1134.70625643,0.219178082192
SUPPORT_RESISTANCE,range_quiet,89,33,56,-11.2067435,-141.27349697,739.2982211,0.370786516854
SUPPORT_RESISTANCE,transition,109,23,86,-9.762753,-159.6112229,1096.76781798,0.211009174312
SampleStrategy,bear_trend,148,84,64,0.22065405,-50.4651237,18.05123733,0.567567567568
SampleStrategy,bull_trend,158,71,87,-0.478187735,-59.23288742,44.37031947,0.449367088608
SampleStrategy,high_vol_shock,51,23,28,-0.23292516,-135.9754374,32.04884197,0.450980392157
SampleStrategy,range_choppy,146,83,63,0.201897785,-34.37856661,25.54242989,0.568493150685
SampleStrategy,range_quiet,138,77,61,0.09696223,-13.10000077,9.91045243,0.557971014493
SampleStrategy,transition,219,114,105,0.0823004,-51.15437774,32.08806388,0.520547945205
SampleStrategyV2,bear_trend,130,96,34,1.42931098,-36.6304618,10.93284739,0.738461538462
SampleStrategyV2,bull_trend,138,89,49,0.805252765,-54.84371501,48.06742819,0.644927536232
SampleStrategyV2,high_vol_shock,49,25,24,0.53888595,-96.7495553,49.41054408,0.510204081633
SampleStrategyV2,range_choppy,120,79,41,0.796419525,-36.38460268,21.47829445,0.658333333333
SampleStrategyV2,range_quiet,115,84,31,1.09227252,-15.44992238,15.73718113,0.730434782609
SampleStrategyV2,transition,199,148,51,1.17809073,-30.01893787,17.42796242,0.743718592965
Sar,bear_trend,148,84,64,0.22065405,-50.4651237,18.05123733,0.567567567568
Sar,bull_trend,158,71,87,-0.478187735,-59.23288742,44.37031947,0.449367088608
Sar,high_vol_shock,51,23,28,-0.23292516,-135.9754374,32.04884197,0.450980392157
Sar,range_choppy,146,83,63,0.201897785,-34.37856661,25.54242989,0.568493150685
Sar,range_quiet,138,77,61,0.09696223,-13.10000077,9.91045243,0.557971014493
Sar,transition,219,114,105,0.0823004,-51.15437774,32.08806388,0.520547945205
Saturn5,bear_trend,114,77,37,8.50844214,-123.15676439,149.41014205,0.675438596491
Saturn5,bull_trend,125,67,58,6.8207503,-138.69230312,248.88598809,0.536
Saturn5,high_vol_shock,46,20,26,-13.44297605,-1173.18606907,293.95074978,0.434782608696
Saturn5,range_choppy,109,65,44,8.2412616,-212.50431141,368.49397555,0.596330275229
Saturn5,range_quiet,81,54,27,7.62414464,-110.92830637,61.3092304,0.666666666667
Saturn5,transition,159,99,60,7.8226461,-158.7458301,159.70231568,0.622641509434
Scalp,bear_trend,84,19,65,-0.407699565,-12.76302006,5.21176307,0.22619047619
Scalp,bull_trend,92,15,77,-0.630391445,-17.29166611,5.14607459,0.163043478261
Scalp,high_vol_shock,34,10,24,-0.541023965,-31.60582697,4.92326244,0.294117647059
Scalp,range_choppy,86,15,71,-0.83118035,-18.1824363,2.0294407,0.174418604651
Scalp,range_quiet,57,6,51,-0.4528249,-7.41780861,0.1317024,0.105263157895
Scalp,transition,120,22,98,-0.50338201,-24.65253628,3.17112794,0.183333333333
Schism2,bear_trend,98,80,18,6.421297265,-110.98063612,68.52304592,0.816326530612
Schism2,bull_trend,130,88,42,3.740700255,-136.46973967,159.37065272,0.676923076923
Schism2,high_vol_shock,51,27,24,0.00313642,-222.52166844,325.66927817,0.529411764706
Schism2,range_choppy,104,78,26,3.24340137,-204.6200713,131.24043029,0.75
Schism2,range_quiet,71,60,11,3.26092128,-63.70294283,19.99359144,0.845070422535
Schism2,transition,184,153,31,3.43525756,-137.4100678,113.55511125,0.83152173913
Schism2_BTC,bear_trend,96,77,19,12.999639165,-348.32593847,114.41665854,0.802083333333
Schism2_BTC,bull_trend,133,87,46,7.1558196,-396.22594318,303.68457797,0.654135338346
Schism2_BTC,high_vol_shock,47,26,21,5.03775246,-861.7190716,765.60526534,0.553191489362
Schism2_BTC,range_choppy,108,77,31,4.504147975,-235.8865276,181.29672528,0.712962962963
Schism2_BTC,range_quiet,72,62,10,4.378307955,-84.44308811,68.80467236,0.861111111111
Schism2_BTC,transition,174,148,26,8.193616805,-201.42925445,205.27852174,0.850574712644
Schism2_ETH,bear_trend,91,67,24,7.20566007,-169.91146166,94.5260131,0.736263736264
Schism2_ETH,bull_trend,132,84,48,3.63425741,-256.08752551,202.27020369,0.636363636364
Schism2_ETH,high_vol_shock,48,26,22,6.393981475,-504.56768343,475.5719043,0.541666666667
Schism2_ETH,range_choppy,112,84,28,4.06744479,-237.2539705,110.83143084,0.75
Schism2_ETH,range_quiet,76,64,12,3.77539794,-75.04428504,33.97329814,0.842105263158
Schism2_ETH,transition,175,144,31,4.30414514,-168.09187275,150.90953441,0.822857142857
Schism3,bear_trend,103,75,28,2.04157691,-81.76202239,94.74266291,0.728155339806
Schism3,bull_trend,120,71,49,1.412553595,-119.59573162,91.30905379,0.591666666667
Schism3,high_vol_shock,47,21,26,-3.8731346,-304.25533762,182.08753255,0.446808510638
Schism3,range_choppy,99,78,21,3.0285558,-112.30209971,83.75869214,0.787878787879
Schism3,range_quiet,76,59,17,1.07927936,-74.044489,27.28341407,0.776315789474
Schism3,transition,165,135,30,2.0530806,-101.16904448,129.09232324,0.818181818182
Schism4,bear_trend,96,74,22,2.22570585,-106.64042245,56.95153826,0.770833333333
Schism4,bull_trend,132,84,48,1.16084149,-143.23872154,87.76948287,0.636363636364
Schism4,high_vol_shock,48,25,23,0.960466825,-333.31534853,160.16335595,0.520833333333
Schism4,range_choppy,106,81,25,1.968628535,-102.6505099,67.44363189,0.764150943396
Schism4,range_quiet,80,66,14,1.315732455,-18.53425733,22.37675994,0.825
Schism4,transition,168,137,31,1.97222515,-98.41750168,37.1268837,0.815476190476
Seb,bear_trend,148,80,68,0.09392606,-53.1614676,18.47351489,0.540540540541
Seb,bull_trend,148,60,88,-0.67059917,-51.43546842,42.91379415,0.405405405405
Seb,high_vol_shock,49,18,31,-1.6460177,-148.148811,61.77879722,0.367346938776
Seb,range_choppy,138,76,62,0.10096604,-44.30011528,24.48611286,0.550724637681
Seb,range_quiet,116,60,56,0.075057375,-15.15408529,16.868991,0.51724137931
Seb,transition,207,121,86,0.25335937,-52.68273001,44.15871609,0.584541062802
Simple,bear_trend,107,61,46,0.1297135,-75.4475941,24.53440268,0.570093457944
Simple,bull_trend,101,38,63,-0.36611009,-82.19628506,73.71036505,0.376237623762
Simple,high_vol_shock,35,12,23,-2.6555939,-218.79070889,81.94467782,0.342857142857
Simple,range_choppy,95,46,49,-0.04841441,-49.15727308,50.6006956,0.484210526316
Simple,range_quiet,82,43,39,0.144529125,-16.77747045,31.30096328,0.524390243902
Simple,transition,156,89,67,0.168289865,-37.95752209,60.93963923,0.570512820513
SimpleBollinger,bear_trend,32,26,6,1.550691755,-26.88739247,10.12752477,0.8125
SimpleBollinger,bull_trend,16,14,2,0.958347935,-0.0305371,41.4902174,0.875
SimpleBollinger,high_vol_shock,9,8,1,0.0112398,-0.00099876,5.74015638,0.888888888889
SimpleBollinger,range_choppy,19,14,5,0.00311133,-0.0279888,6.34773784,0.736842105263
SimpleBollinger,range_quiet,13,6,7,-5.51e-06,-35.1026277,20.9222606,0.461538461538
SimpleBollinger,transition,21,14,7,0.0083511,-0.00509729,6.08135787,0.666666666667
SimpleHopt,bear_trend,126,80,46,1.319768855,-96.29838406,43.17998683,0.634920634921
SimpleHopt,bull_trend,131,67,64,0.16380738,-64.72102593,142.60422147,0.511450381679
SimpleHopt,high_vol_shock,47,13,34,-11.8939199,-237.57907839,137.52035117,0.276595744681
SimpleHopt,range_choppy,126,83,43,1.01688858,-73.52069425,84.78701992,0.65873015873
SimpleHopt,range_quiet,108,76,32,0.95257115,-21.16544946,37.33614915,0.703703703704
SimpleHopt,transition,191,127,64,1.01181491,-69.62189166,115.56243016,0.664921465969
SimpleHopt1Along,bear_trend,68,59,9,2.363579865,-36.70781298,10.6328372,0.867647058824
SimpleHopt1Along,bull_trend,106,85,21,3.46389387,-43.70227667,34.66158429,0.801886792453
SimpleHopt1Along,high_vol_shock,34,24,10,2.44345266,-96.96849852,28.036923,0.705882352941
SimpleHopt1Along,range_choppy,77,67,10,2.7540018,-32.57939223,20.02050881,0.87012987013
SimpleHopt1Along,range_quiet,73,63,10,2.6203342,-32.772486,13.66730971,0.86301369863
SimpleHopt1Along,transition,123,104,19,2.2729693,-52.15417546,23.89021407,0.845528455285
SimpleRSI_Shorts,bear_trend,13,0,13,-30.05980543,-56.82153934,-4.46232568,0
SimpleRSI_Shorts,range_quiet,1,0,1,-37.16220713,-37.16220713,-37.16220713,0
SlowPotato,bear_trend,4,4,0,3.71055166,0.76021163,16.04163172,1
SlowPotato,bull_trend,44,39,5,16.69415381,-314.35721468,62.93053681,0.886363636364
SlowPotato,high_vol_shock,18,16,2,25.679594125,-349.19503216,221.36069686,0.888888888889
SlowPotato,range_choppy,27,27,0,6.21840479,0.12298676,32.31776809,1
SlowPotato,range_quiet,8,8,0,2.952329825,0.34462057,57.81694144,1
SlowPotato,transition,43,42,1,5.57459138,-250.41238051,61.37516618,0.976744186047
Slowbro,bear_trend,13,11,2,24.56890168,-232.13465541,76.67581849,0.846153846154
Slowbro,bull_trend,1,1,0,34.7461296,34.7461296,34.7461296,1
Slowbro,high_vol_shock,12,12,0,68.68935586,11.8223289,145.78789999,1
Slowbro,range_choppy,15,14,1,22.82982935,-157.908478,56.67997608,0.933333333333
Slowbro,range_quiet,9,7,2,5.24314539,-191.67416708,41.86923879,0.777777777778
Slowbro,transition,14,11,3,19.17327299,-221.865912,68.21949368,0.785714285714
SmaRsiStrategy,bear_trend,42,8,34,-26.277742085,-114.15601658,515.5935145,0.190476190476
SmaRsiStrategy,bull_trend,38,7,31,-27.808885485,-128.74217255,450.63816844,0.184210526316
SmaRsiStrategy,high_vol_shock,27,8,19,-52.13142606,-257.89670192,577.53714807,0.296296296296
SmaRsiStrategy,range_choppy,71,25,46,-23.6593966,-253.90263366,913.05515924,0.352112676056
SmaRsiStrategy,range_quiet,79,33,46,-9.915587,-114.40659145,399.355129,0.417721518987
SmaRsiStrategy,transition,83,21,62,-19.72956384,-206.96924159,408.027204,0.253012048193
SmartMoneyStrategy,bear_trend,3,3,0,12.92646893,2.48897304,23.57509816,1
SmartMoneyStrategy,bull_trend,43,38,5,38.92088652,-678.05370456,486.3589847,0.883720930233
SmartMoneyStrategy,high_vol_shock,18,16,2,55.571787315,-591.11909859,462.95953657,0.888888888889
SmartMoneyStrategy,range_choppy,20,20,0,23.90864197,1.63205147,104.36282844,1
SmartMoneyStrategy,range_quiet,8,8,0,8.62010769,2.71473177,97.95575759,1
SmartMoneyStrategy,transition,35,34,1,17.75303764,-531.4816211,291.4080417,0.971428571429
SmartMoneyStrategyHyperopt,bear_trend,2,2,0,27.0387438,15.63822678,38.43926082,1
SmartMoneyStrategyHyperopt,bull_trend,39,37,2,20.80880583,-458.0416637,196.10419532,0.948717948718
SmartMoneyStrategyHyperopt,high_vol_shock,17,14,3,41.02473298,-430.13424064,307.30877814,0.823529411765
SmartMoneyStrategyHyperopt,range_choppy,18,17,1,17.165290635,-315.56205851,113.92860234,0.944444444444
SmartMoneyStrategyHyperopt,range_quiet,9,8,1,14.83655984,-360.56930174,37.87595983,0.888888888889
SmartMoneyStrategyHyperopt,transition,28,27,1,13.886334135,-371.40503096,117.29204928,0.964285714286
SmoothOperator,bear_trend,156,70,86,-0.26232797,-45.60992561,34.34168745,0.448717948718
SmoothOperator,bull_trend,164,62,102,-0.262455865,-88.29596176,36.05393328,0.378048780488
SmoothOperator,high_vol_shock,51,24,27,-0.656295,-103.0950964,138.14034335,0.470588235294
SmoothOperator,range_choppy,152,70,82,-0.097968895,-21.59793667,21.28628403,0.460526315789
SmoothOperator,range_quiet,141,75,66,0.06800503,-14.78659689,12.45208756,0.531914893617
SmoothOperator,transition,228,92,136,-0.157215455,-27.59374062,43.19493118,0.40350877193
SmoothScalp,bear_trend,149,82,67,0.14005652,-42.6592373,11.05570133,0.55033557047
SmoothScalp,bull_trend,150,89,61,0.617660215,-23.56541099,17.43673055,0.593333333333
SmoothScalp,high_vol_shock,51,36,15,1.02837832,-59.54069899,33.11984249,0.705882352941
SmoothScalp,range_choppy,142,72,70,0.040381735,-22.54269695,5.961545,0.507042253521
SmoothScalp,range_quiet,129,58,71,-0.1302376,-34.35757533,3.27347088,0.449612403101
SmoothScalp,transition,216,115,101,0.09580309,-22.67993423,9.81750076,0.532407407407
Squeeze001,bear_trend,39,30,9,2.01397875,-33.51828,10.7520481,0.769230769231
Squeeze001,bull_trend,37,33,4,2.30544745,-35.06049664,23.20829916,0.891891891892
Squeeze001,high_vol_shock,33,23,10,1.51322692,-55.51268465,25.73575556,0.69696969697
Squeeze001,range_choppy,37,30,7,1.35066096,-36.05575248,9.1681178,0.810810810811
Squeeze001,range_quiet,8,6,2,0.029010955,-0.010947,5.91375737,0.75
Squeeze001,transition,27,20,7,1.1617204,-28.0528406,10.03412357,0.740740740741
Squeeze002,bear_trend,118,86,32,2.233855215,-65.52774659,75.05855343,0.728813559322
Squeeze002,bull_trend,147,93,54,0.60897695,-84.20720534,105.44162484,0.632653061224
Squeeze002,high_vol_shock,49,25,24,0.005226,-321.243633,99.2831592,0.510204081633
Squeeze002,range_choppy,121,77,44,0.7310015,-93.1477469,60.49696832,0.636363636364
Squeeze002,range_quiet,98,83,15,0.91761064,-16.78063469,38.15167403,0.84693877551
Squeeze002,transition,198,147,51,0.96782205,-66.81610251,86.0963903,0.742424242424
SqueezeMomentum,bear_trend,140,48,92,-0.34472425,-38.99082554,42.22800821,0.342857142857
SqueezeMomentum,bull_trend,146,60,86,-0.25614841,-30.92705574,29.86272102,0.41095890411
SqueezeMomentum,high_vol_shock,48,22,26,-0.09269403,-86.81842833,85.66820971,0.458333333333
SqueezeMomentum,range_choppy,134,40,94,-0.36787437,-21.0407152,13.16422688,0.298507462687
SqueezeMomentum,range_quiet,123,31,92,-0.35687512,-18.90883373,4.3841081,0.252032520325
SqueezeMomentum,transition,208,71,137,-0.220304195,-20.2399591,9.68604071,0.341346153846
SqueezeMomentumStrategy,bear_trend,39,3,36,-1.1722586,-14.87363418,0.52409212,0.0769230769231
SqueezeMomentumStrategy,bull_trend,51,6,45,-1.59978097,-31.88549104,2.01491589,0.117647058824
SqueezeMomentumStrategy,high_vol_shock,24,3,21,-3.09809607,-57.57351248,1.00311285,0.125
SqueezeMomentumStrategy,range_choppy,40,4,36,-1.30865695,-36.00723113,2.5485536,0.1
SqueezeMomentumStrategy,range_quiet,24,3,21,-1.850633535,-10.50335094,0.07930681,0.125
SqueezeMomentumStrategy,transition,61,3,58,-1.38762372,-27.6934807,1.02465751,0.0491803278689
SqueezeOff,bear_trend,112,80,32,2.69197352,-159.64703103,111.52352811,0.714285714286
SqueezeOff,bull_trend,139,83,56,1.94141848,-198.34883162,158.9584863,0.597122302158
SqueezeOff,high_vol_shock,48,29,19,4.77686035,-788.55871411,240.68759237,0.604166666667
SqueezeOff,range_choppy,123,76,47,1.57368775,-138.98535523,152.7695671,0.617886178862
SqueezeOff,range_quiet,96,71,25,0.73836794,-46.84934609,75.78058346,0.739583333333
SqueezeOff,transition,188,138,50,2.52517635,-159.20570799,97.9492077,0.734042553191
StarRise,bear_trend,9,8,1,0.75816,-0.30563547,4.68718361,0.888888888889
StarRise,bull_trend,15,15,0,1.69013852,0.61826512,7.36187046,1
StarRise,high_vol_shock,26,26,0,3.07003885,0.61475232,20.49514656,1
StarRise,range_choppy,12,12,0,1.93940356,0.65095472,3.98744652,1
StarRise,range_quiet,1,1,0,0.03109259,0.03109259,0.03109259,1
StarRise,transition,17,17,0,1.46788323,0.6319635,2.2466066,1
StarRise_V2,bear_trend,9,9,0,0.6447616,0.21035175,3.42953877,1
StarRise_V2,bull_trend,16,15,1,0.630395405,-22.81068924,3.0787236,0.9375
StarRise_V2,high_vol_shock,27,22,5,0.64908,-22.5714192,9.37198913,0.814814814815
StarRise_V2,range_choppy,13,12,1,0.62776285,-3.65888401,2.52008476,0.923076923077
StarRise_V2,range_quiet,3,2,1,0.61698662,-8.11686492,0.63551,0.666666666667
StarRise_V2,transition,20,18,2,0.62986955,-8.26450317,3.20260069,0.9
StarRise_strat,bear_trend,9,9,0,0.6447616,0.21035175,3.42953877,1
StarRise_strat,bull_trend,16,15,1,0.630395405,-22.81068924,3.0787236,0.9375
StarRise_strat,high_vol_shock,27,22,5,0.64908,-22.5714192,9.37198913,0.814814814815
StarRise_strat,range_choppy,13,12,1,0.62776285,-3.65888401,2.52008476,0.923076923077
StarRise_strat,range_quiet,3,2,1,0.61698662,-8.11686492,0.63551,0.666666666667
StarRise_strat,transition,20,18,2,0.62986955,-8.26450317,3.20260069,0.9
StochRSITEMA,bear_trend,135,51,84,-0.74786711,-11.07051855,2.63692109,0.377777777778
StochRSITEMA,bull_trend,129,42,87,-0.97249704,-11.1457099,3.0427463,0.325581395349
StochRSITEMA,high_vol_shock,43,12,31,-1.78045569,-18.08771066,4.25588076,0.279069767442
StochRSITEMA,range_choppy,124,53,71,-0.0239405,-9.82906591,2.19616128,0.427419354839
StochRSITEMA,range_quiet,120,46,74,-0.01215103,-5.47727809,1.21982368,0.383333333333
StochRSITEMA,transition,195,84,111,-0.0028829,-6.55709891,4.21729239,0.430769230769
StochasticCciStrategy,bear_trend,81,42,39,0.09711804,-15.7192699,14.25075986,0.518518518519
StochasticCciStrategy,bull_trend,117,64,53,0.36442697,-36.5065368,28.38063451,0.547008547009
StochasticCciStrategy,high_vol_shock,37,20,17,0.40367315,-27.76734669,49.54948082,0.540540540541
StochasticCciStrategy,range_choppy,84,52,32,0.771181415,-35.03738159,24.77451493,0.619047619048
StochasticCciStrategy,range_quiet,77,49,28,0.69412257,-22.8398154,15.790446,0.636363636364
StochasticCciStrategy,transition,125,68,57,0.30785867,-31.47440167,14.47144273,0.544
StochasticOversoldStrategy,bear_trend,67,20,47,-0.6499586,-14.22343197,3.52645529,0.298507462687
StochasticOversoldStrategy,bull_trend,74,17,57,-1.05964957,-16.84623228,2.91670697,0.22972972973
StochasticOversoldStrategy,high_vol_shock,30,5,25,-2.50361746,-46.01142601,6.31607819,0.166666666667
StochasticOversoldStrategy,range_choppy,79,14,65,-0.5382915,-23.21699633,2.76801034,0.177215189873
StochasticOversoldStrategy,range_quiet,45,10,35,-0.2501334,-8.7709444,5.14887808,0.222222222222
StochasticOversoldStrategy,transition,100,26,74,-0.50772293,-26.33043021,4.83502787,0.26
StochasticRsiStrategy,bear_trend,61,10,51,-0.6542637,-13.54967755,2.7566229,0.16393442623
StochasticRsiStrategy,bull_trend,63,10,53,-0.9123269,-25.93147617,1.92985332,0.15873015873
StochasticRsiStrategy,high_vol_shock,30,3,27,-2.612690605,-56.99871492,0.65885105,0.1
StochasticRsiStrategy,range_choppy,64,9,55,-0.83383813,-34.29229321,0.6065855,0.140625
StochasticRsiStrategy,range_quiet,29,4,25,-0.72697456,-8.54936112,0.28157662,0.137931034483
StochasticRsiStrategy,transition,87,10,77,-0.97601927,-22.14026999,1.96602997,0.114942528736
Strategy001,bear_trend,148,80,68,0.09392606,-53.1614676,18.47351489,0.540540540541
Strategy001,bull_trend,148,60,88,-0.67059917,-51.43546842,42.91379415,0.405405405405
Strategy001,high_vol_shock,49,18,31,-1.6460177,-148.148811,61.77879722,0.367346938776
Strategy001,range_choppy,138,76,62,0.10096604,-44.30011528,24.48611286,0.550724637681
Strategy001,range_quiet,116,60,56,0.075057375,-15.15408529,16.868991,0.51724137931
Strategy001,transition,207,121,86,0.25335937,-52.68273001,44.15871609,0.584541062802
Strategy001_custom_exit,bear_trend,141,77,64,0.0789349,-52.67127695,14.61615094,0.54609929078
Strategy001_custom_exit,bull_trend,143,65,78,-0.418516,-50.29144117,24.66355044,0.454545454545
Strategy001_custom_exit,high_vol_shock,47,18,29,-1.08355682,-123.13857619,38.84373369,0.382978723404
Strategy001_custom_exit,range_choppy,137,81,56,0.06292203,-28.97131818,17.14506571,0.591240875912
Strategy001_custom_exit,range_quiet,120,67,53,0.013623795,-12.5158339,9.07803114,0.558333333333
Strategy001_custom_exit,transition,203,118,85,0.08520779,-43.39020631,32.05450344,0.581280788177
Strategy001_custom_sell,bear_trend,141,77,64,0.0789349,-52.67127695,14.61615094,0.54609929078
Strategy001_custom_sell,bull_trend,143,65,78,-0.418516,-50.29144117,24.66355044,0.454545454545
Strategy001_custom_sell,high_vol_shock,47,18,29,-1.08355682,-123.13857619,38.84373369,0.382978723404
Strategy001_custom_sell,range_choppy,137,81,56,0.06292203,-28.97131818,17.14506571,0.591240875912
Strategy001_custom_sell,range_quiet,120,67,53,0.013623795,-12.5158339,9.07803114,0.558333333333
Strategy001_custom_sell,transition,203,118,85,0.08520779,-43.39020631,32.05450344,0.581280788177
Strategy002,bear_trend,103,79,24,1.1037096,-19.69046603,9.50418805,0.766990291262
Strategy002,bull_trend,74,61,13,1.2608983,-13.51053672,6.49187151,0.824324324324
Strategy002,high_vol_shock,36,23,13,1.18556064,-20.38737715,11.98565439,0.638888888889
Strategy002,range_choppy,88,70,18,1.11562638,-19.17144552,7.64568754,0.795454545455
Strategy002,range_quiet,82,72,10,0.73354743,-17.22240592,5.29284115,0.878048780488
Strategy002,transition,129,107,22,0.83573257,-21.07894678,9.02431612,0.829457364341
Strategy003,bear_trend,140,98,42,0.905480095,-24.84120095,8.61408944,0.7
Strategy003,bull_trend,121,88,33,0.88320736,-22.45984648,11.6498118,0.727272727273
Strategy003,high_vol_shock,49,27,22,0.66166308,-22.18801961,10.47825567,0.551020408163
Strategy003,range_choppy,117,79,38,0.85314462,-26.1499069,10.26712133,0.675213675214
Strategy003,range_quiet,107,79,28,0.8927616,-12.13376638,5.67113028,0.738317757009
Strategy003,transition,188,144,44,0.89531659,-18.00547641,8.62233342,0.765957446809
Strategy004,bear_trend,137,95,42,1.02684821,-29.12161396,17.46656627,0.693430656934
Strategy004,bull_trend,145,102,43,0.92072806,-43.72854599,25.80865043,0.703448275862
Strategy004,high_vol_shock,47,28,19,1.13106567,-77.02035355,53.82465603,0.595744680851
Strategy004,range_choppy,139,102,37,1.0606089,-35.04382416,19.77231649,0.73381294964
Strategy004,range_quiet,120,87,33,0.750541865,-16.30490711,7.77296508,0.725
Strategy004,transition,204,149,55,0.882861305,-28.62632042,15.26622521,0.730392156863
Strategy005,bear_trend,143,92,51,1.32903071,-71.68529002,22.60055321,0.643356643357
Strategy005,bull_trend,152,82,70,0.58887997,-45.12368066,43.93692,0.539473684211
Strategy005,high_vol_shock,50,24,26,-1.5277576,-58.76180847,38.10588754,0.48
Strategy005,range_choppy,132,82,50,0.804713405,-32.47894834,14.09622686,0.621212121212
Strategy005,range_quiet,116,65,51,0.633211475,-25.33168506,20.93777063,0.560344827586
Strategy005,transition,208,118,90,0.756449225,-36.9935187,30.77962101,0.567307692308
StrategyScalpingFast,bear_trend,64,59,5,1.93259563,-84.5112376,19.99185032,0.921875
StrategyScalpingFast,bull_trend,108,94,14,3.80604637,-77.9001954,27.79095112,0.87037037037
StrategyScalpingFast,high_vol_shock,44,39,5,8.780834295,-65.38438323,41.87903555,0.886363636364
StrategyScalpingFast,range_choppy,87,78,9,2.60442352,-171.21661062,17.74735364,0.896551724138
StrategyScalpingFast,range_quiet,55,54,1,2.13494231,-8.730495,10.29864511,0.981818181818
StrategyScalpingFast,transition,128,119,9,1.93286202,-81.0069308,15.24498973,0.9296875
SuperHV27_BTC,bear_trend,65,55,10,9.43545628,-148.54641392,95.92575679,0.846153846154
SuperHV27_BTC,bull_trend,124,91,33,6.46691446,-226.28343344,212.54819559,0.733870967742
SuperHV27_BTC,high_vol_shock,44,34,10,24.8192568,-439.0324845,306.26563833,0.772727272727
SuperHV27_BTC,range_choppy,91,73,18,6.40225126,-358.53517849,98.61691951,0.802197802198
SuperHV27_BTC,range_quiet,63,57,6,3.66987841,-18.99653588,49.2973745,0.904761904762
SuperHV27_BTC,transition,145,118,27,4.41718266,-221.5670157,85.81360964,0.813793103448
SuperTrend,bear_trend,109,45,64,-0.39525416,-8.14980104,6.02587336,0.412844036697
SuperTrend,bull_trend,100,49,51,-0.17139397,-10.53239823,7.28229193,0.49
SuperTrend,high_vol_shock,33,18,15,1.00127,-10.58033583,19.54055436,0.545454545455
SuperTrend,range_choppy,89,39,50,-1.11151926,-6.79555207,6.08354438,0.438202247191
SuperTrend,range_quiet,90,41,49,-0.251394245,-8.7652764,7.17072574,0.455555555556
SuperTrend,transition,139,59,80,-0.24750564,-7.46511377,3.89566294,0.424460431655
SupertrendStrategy,bear_trend,150,68,82,-3.97608643,-263.9858566,398.14725028,0.453333333333
SupertrendStrategy,bull_trend,122,36,86,-12.57074785,-105.48423667,393.49393898,0.295081967213
SupertrendStrategy,high_vol_shock,48,17,31,-20.419881175,-408.55030852,509.35137663,0.354166666667
SupertrendStrategy,range_choppy,124,55,69,-6.159060385,-197.5104328,616.25734475,0.443548387097
SupertrendStrategy,range_quiet,123,56,67,-3.42327384,-139.70948873,1414.00111314,0.455284552846
SupertrendStrategy,transition,203,80,123,-5.05227844,-171.03532063,956.8217803,0.394088669951
SwingHigh,bear_trend,91,71,20,1.48155003,-30.74625135,6.98975894,0.78021978022
SwingHigh,bull_trend,86,66,20,0.513219005,-31.46397815,4.40870472,0.767441860465
SwingHigh,high_vol_shock,32,24,8,1.780007325,-28.38252969,10.74593983,0.75
SwingHigh,range_choppy,87,74,13,0.72455826,-29.94461981,6.27108756,0.850574712644
SwingHigh,range_quiet,78,62,16,0.26484863,-27.78242626,4.83946908,0.794871794872
SwingHigh,transition,127,96,31,0.3036,-29.85835732,4.00362286,0.755905511811
SwingHighToSky,bear_trend,77,66,11,2.55637537,-29.71784844,22.94824152,0.857142857143
SwingHighToSky,bull_trend,141,104,37,1.2669048,-96.16319095,74.20544645,0.737588652482
SwingHighToSky,high_vol_shock,44,32,12,3.146198655,-351.26509112,194.022518,0.727272727273
SwingHighToSky,range_choppy,103,76,27,1.42291057,-53.93124313,31.89942503,0.73786407767
SwingHighToSky,range_quiet,74,60,14,0.58798212,-26.54232981,20.16957328,0.810810810811
SwingHighToSky,transition,164,125,39,0.9591409,-156.654281,36.09519073,0.762195121951
TD,bear_trend,162,59,103,-0.44317373,-13.17261245,5.39534374,0.364197530864
TD,bull_trend,159,60,99,-0.49975742,-6.50729323,6.92605494,0.377358490566
TD,high_vol_shock,52,24,28,-0.144042605,-6.7801976,11.01901505,0.461538461538
TD,range_choppy,152,56,96,-0.423283415,-9.39938866,7.9481097,0.368421052632
TD,range_quiet,141,60,81,-0.22883944,-6.63376572,5.67702882,0.425531914894
TD,transition,227,90,137,-0.40416736,-8.57719,9.61287484,0.396475770925
TDSequentialStrategy,bear_trend,129,62,67,-0.37287362,-66.0659391,22.37465866,0.480620155039
TDSequentialStrategy,bull_trend,144,60,84,-1.93785024,-74.55600557,38.88369219,0.416666666667
TDSequentialStrategy,high_vol_shock,47,13,34,-3.3143483,-132.9660394,53.9790107,0.276595744681
TDSequentialStrategy,range_choppy,127,67,60,0.42369292,-23.38572571,33.45262833,0.527559055118
TDSequentialStrategy,range_quiet,120,62,58,0.07643374,-12.29511374,11.58009883,0.516666666667
TDSequentialStrategy,transition,196,83,113,-0.793956815,-31.74869712,31.83845651,0.423469387755
TEMA,bear_trend,17,1,16,-1.51973527,-10.56137506,1.46267449,0.0588235294118
TEMA,bull_trend,16,0,16,-5.076860125,-34.42430188,-0.33105736,0
TEMA,high_vol_shock,1,0,1,-99.69321669,-99.69321669,-99.69321669,0
TEMA,range_choppy,14,1,13,-1.91604436,-30.86386407,3.4454557,0.0714285714286
TEMA,range_quiet,9,0,9,-3.46715221,-6.94669344,-0.11121649,0
TEMA,transition,21,1,20,-3.61812609,-40.09310916,0.12687445,0.047619047619
TEMABounce,bull_trend,1,1,0,4.9989,4.9989,4.9989,1
TEMABounce,high_vol_shock,5,4,1,18.14583978,-54.54889561,18.4763086,0.8
TEMABounce,range_choppy,2,2,0,12.1588985,11.5530585,12.7647385,1
TEMABounce,transition,1,1,0,4.82155753,4.82155753,4.82155753,1
TRIWAVE,bear_trend,103,81,22,3.3236533,-58.36208201,51.94260922,0.78640776699
TRIWAVE,bull_trend,143,100,43,2.44370358,-81.23629491,90.42214281,0.699300699301
TRIWAVE,high_vol_shock,50,25,25,-0.59812258,-248.75147555,91.63984476,0.5
TRIWAVE,range_choppy,97,65,32,2.45062428,-79.55307962,62.45812827,0.670103092784
TRIWAVE,range_quiet,80,68,12,1.452471295,-18.57552581,18.16237002,0.85
TRIWAVE,transition,176,141,35,2.246432915,-72.47274855,39.0718674,0.801136363636
TRIX_spot,bear_trend,146,52,94,-0.94036882,-39.43536443,34.14273435,0.356164383562
TRIX_spot,bull_trend,162,46,116,-1.76516569,-47.55709292,82.43988192,0.283950617284
TRIX_spot,high_vol_shock,48,18,30,-3.653337385,-86.77747982,40.67285193,0.375
TRIX_spot,range_choppy,133,52,81,-0.82708253,-57.36772077,77.32886247,0.390977443609
TRIX_spot,range_quiet,134,62,72,-0.285652535,-18.00263787,23.05481579,0.462686567164
TRIX_spot,transition,206,69,137,-1.405712175,-29.16537805,105.21284508,0.334951456311
TWAPStrategy,bear_trend,15,11,4,1.3993588,-46.78377162,8.92618757,0.733333333333
TWAPStrategy,bull_trend,25,9,16,-3.7300327,-19.44925416,14.49351497,0.36
TWAPStrategy,high_vol_shock,12,4,8,-2.371212445,-44.36678795,7.45040139,0.333333333333
TWAPStrategy,range_choppy,21,8,13,-1.24590139,-13.75916047,25.38959752,0.380952380952
TWAPStrategy,range_quiet,12,4,8,-0.281005135,-9.81548373,4.38307722,0.333333333333
TWAPStrategy,transition,32,9,23,-3.699529935,-14.8272303,8.92275286,0.28125
TechnicalExampleStrategy,bear_trend,12,0,12,-1.79060144,-12.09009126,-0.40681395,0
TechnicalExampleStrategy,bull_trend,14,0,14,-10.97993044,-66.07927924,-0.78580885,0
TechnicalExampleStrategy,high_vol_shock,1,0,1,-217.1420305,-217.1420305,-217.1420305,0
TechnicalExampleStrategy,range_choppy,12,0,12,-6.888828675,-79.76481285,-0.24686246,0
TechnicalExampleStrategy,range_quiet,8,0,8,-4.600649,-9.64606511,-0.1353758,0
TechnicalExampleStrategy,transition,18,0,18,-6.34351373,-70.53616584,-0.15528136,0
TemaMaster,bear_trend,140,73,67,0.00169971,-141.14609892,78.46721725,0.521428571429
TemaMaster,bull_trend,144,58,86,-2.970548775,-150.20740305,216.542702,0.402777777778
TemaMaster,high_vol_shock,50,25,25,-2.4779374,-687.76609145,122.70282381,0.5
TemaMaster,range_choppy,134,76,58,1.127564785,-118.08184676,171.4261148,0.567164179104
TemaMaster,range_quiet,121,65,56,0.02519886,-51.5842742,58.53709594,0.537190082645
TemaMaster,transition,206,135,71,2.242977595,-116.23041346,129.96922075,0.655339805825
TemaMaster3,bear_trend,133,60,73,-5.33493162,-126.35617635,181.3608606,0.451127819549
TemaMaster3,bull_trend,100,40,60,-9.30846512,-105.39922043,213.23760779,0.4
TemaMaster3,high_vol_shock,48,13,35,-24.17237064,-358.25558585,184.53261298,0.270833333333
TemaMaster3,range_choppy,106,45,61,-8.19959091,-92.1044314,172.10814833,0.424528301887
TemaMaster3,range_quiet,80,37,43,-3.66838102,-44.71629192,102.26710926,0.4625
TemaMaster3,transition,162,73,89,-4.64349069,-87.4709835,164.96732402,0.450617283951
TemaPure,bear_trend,156,91,65,0.21918129,-114.89362482,36.95822564,0.583333333333
TemaPure,bull_trend,146,63,83,-1.556387345,-112.73003749,96.96618552,0.431506849315
TemaPure,high_vol_shock,52,17,35,-7.344931055,-166.8687687,194.20330362,0.326923076923
TemaPure,range_choppy,146,79,67,0.197450685,-56.63044164,62.44865873,0.541095890411
TemaPure,range_quiet,132,72,60,0.117432935,-25.55356701,26.41708989,0.545454545455
TemaPure,transition,218,120,98,0.06875182,-52.65651496,68.0201756,0.550458715596
TemaPureNeat,bear_trend,159,86,73,0.15173845,-66.11690661,42.6527908,0.540880503145
TemaPureNeat,bull_trend,156,53,103,-0.85125978,-56.36595194,78.03094354,0.339743589744
TemaPureNeat,high_vol_shock,51,19,32,-1.6141854,-173.81089379,82.75028297,0.372549019608
TemaPureNeat,range_choppy,145,66,79,-0.513684,-69.55633077,60.2357408,0.455172413793
TemaPureNeat,range_quiet,141,67,74,-0.3437501,-22.6812031,42.59283411,0.475177304965
TemaPureNeat,transition,229,101,128,-0.23487537,-82.64485259,72.39556484,0.441048034934
TemaPureTwo,bear_trend,161,70,91,-1.27441943,-186.11047368,90.6086193,0.434782608696
TemaPureTwo,bull_trend,154,50,104,-2.88138434,-93.10220386,145.956419,0.324675324675
TemaPureTwo,high_vol_shock,51,19,32,-2.90278606,-369.65402074,302.86394368,0.372549019608
TemaPureTwo,range_choppy,152,73,79,-0.60668097,-84.7928753,138.83044387,0.480263157895
TemaPureTwo,range_quiet,140,61,79,-1.222160955,-40.26806847,72.78637109,0.435714285714
TemaPureTwo,transition,226,99,127,-0.89196522,-76.3846532,213.74758016,0.438053097345
TemaStrategy,bear_trend,115,28,87,-0.51309594,-30.35908192,2.81753218,0.24347826087
TemaStrategy,bull_trend,120,22,98,-0.654634855,-22.50080309,3.34057871,0.183333333333
TemaStrategy,high_vol_shock,35,12,23,-0.6681626,-28.6836246,16.57011025,0.342857142857
TemaStrategy,range_choppy,102,22,80,-0.37624395,-13.36118066,8.64691762,0.21568627451
TemaStrategy,range_quiet,96,16,80,-0.28063439,-7.92191969,2.14734294,0.166666666667
TemaStrategy,transition,169,40,129,-0.3339236,-13.93291226,12.76799658,0.236686390533
TenderEnter,bear_trend,103,84,19,4.21963127,-76.63695869,45.99236576,0.815533980583
TenderEnter,bull_trend,124,90,34,2.78382256,-85.5740493,81.06322472,0.725806451613
TenderEnter,high_vol_shock,46,26,20,0.48721908,-251.61797084,219.69835355,0.565217391304
TenderEnter,range_choppy,112,77,35,2.189034155,-113.4295385,49.53545121,0.6875
TenderEnter,range_quiet,73,57,16,1.25449201,-42.30835943,57.1534942,0.780821917808
TenderEnter,transition,159,122,37,1.17385461,-58.05325348,85.05399239,0.767295597484
Test_MAMA4,bear_trend,145,73,72,0.25728821,-312.18740398,177.9904994,0.503448275862
Test_MAMA4,bull_trend,149,60,89,-5.81008713,-177.52488403,179.58792773,0.402684563758
Test_MAMA4,high_vol_shock,51,23,28,-9.982467,-820.96607926,406.90145916,0.450980392157
Test_MAMA4,range_choppy,147,66,81,-1.81257383,-193.5999481,286.50990211,0.448979591837
Test_MAMA4,range_quiet,122,59,63,-1.782101115,-99.6658527,279.28117446,0.483606557377
Test_MAMA4,transition,219,113,106,0.51828229,-215.27469635,587.00313686,0.51598173516
TheForce,bear_trend,17,1,16,-3.86205241,-19.65864983,0.12230064,0.0588235294118
TheForce,bull_trend,17,0,17,-11.71251287,-51.21279868,-0.216756,0
TheForce,high_vol_shock,1,0,1,-182.75069935,-182.75069935,-182.75069935,0
TheForce,range_choppy,16,1,15,-3.573230805,-47.85697172,0.55824618,0.0625
TheForce,range_quiet,10,0,10,-4.2774576,-14.88182505,-0.12721942,0
TheForce,transition,22,0,22,-5.255228545,-39.59395648,-0.39882649,0
TheRealPullbackV2,bear_trend,53,27,26,0.1611238,-26.66777768,30.95666345,0.509433962264
TheRealPullbackV2,bull_trend,76,48,28,2.32175588,-14.36421755,21.8996834,0.631578947368
TheRealPullbackV2,high_vol_shock,33,24,9,5.40464134,-24.59688358,89.59236591,0.727272727273
TheRealPullbackV2,range_choppy,61,38,23,1.72506884,-18.7547119,25.8839855,0.622950819672
TheRealPullbackV2,range_quiet,37,25,12,2.56420944,-15.27154847,28.75015676,0.675675675676
TheRealPullbackV2,transition,58,30,28,0.19755501,-22.1628662,35.22250176,0.51724137931
ToTheMoon,bear_trend,103,47,56,-2.0688626,-116.53388247,178.03152027,0.456310679612
ToTheMoon,bull_trend,102,57,45,0.82768049,-94.16375341,59.63320664,0.558823529412
ToTheMoon,high_vol_shock,40,27,13,6.74200432,-95.45506749,55.46648044,0.675
ToTheMoon,range_choppy,100,59,41,2.142487605,-47.81732443,40.83088817,0.59
ToTheMoon,range_quiet,92,34,58,-4.966705705,-59.82527177,68.53177844,0.369565217391
ToTheMoon,transition,151,72,79,-0.58033218,-72.03510678,55.17988799,0.476821192053
TouchEmaDelayStrategy,bear_trend,116,77,39,0.180004215,-15.67351623,7.87558768,0.663793103448
TouchEmaDelayStrategy,bull_trend,121,94,27,0.28949997,-24.74167471,6.31167957,0.776859504132
TouchEmaDelayStrategy,high_vol_shock,40,22,18,0.06570527,-31.31052882,11.4706182,0.55
TouchEmaDelayStrategy,range_choppy,110,83,27,0.1902932,-17.48463116,3.64838449,0.754545454545
TouchEmaDelayStrategy,range_quiet,100,68,31,0.103630615,-13.02787805,7.21803344,0.68
TouchEmaDelayStrategy,transition,168,115,53,0.053115185,-15.81108207,4.70887383,0.684523809524
TouchEmaStrategy,bear_trend,90,70,20,0.19972712,-44.14805916,8.15914963,0.777777777778
TouchEmaStrategy,bull_trend,102,75,27,0.01000171,-42.5759753,7.04383066,0.735294117647
TouchEmaStrategy,high_vol_shock,37,31,6,1.75155391,-36.37197832,11.24499538,0.837837837838
TouchEmaStrategy,range_choppy,83,56,27,0.0142274,-42.41376032,7.01669472,0.674698795181
TouchEmaStrategy,range_quiet,81,60,21,0.01204467,-36.95758528,12.86581262,0.740740740741
TouchEmaStrategy,transition,122,89,33,0.01057866,-47.89971296,4.8291793,0.729508196721
TrailingBuyStrat2,bear_trend,27,18,9,4.3912869,-1.2234272,42.94480111,0.666666666667
TrailingBuyStrat2,bull_trend,47,27,20,2.3791394,-28.09781952,28.91005034,0.574468085106
TrailingBuyStrat2,high_vol_shock,26,24,2,9.782732445,-12.8922472,97.73447692,0.923076923077
TrailingBuyStrat2,range_choppy,32,15,17,-0.171841815,-39.2605878,11.8377923,0.46875
TrailingBuyStrat2,range_quiet,21,14,7,4.56600987,-20.5179938,27.41838762,0.666666666667
TrailingBuyStrat2,transition,31,17,14,2.283818,-46.48098842,30.13005807,0.548387096774
TrailingBuyStratCluc,bear_trend,113,90,23,5.12817959,-66.88411392,57.55451106,0.796460176991
TrailingBuyStratCluc,bull_trend,121,86,35,3.65409322,-72.19810979,66.94197918,0.710743801653
TrailingBuyStratCluc,high_vol_shock,50,35,15,7.22671157,-150.24162609,250.23386285,0.7
TrailingBuyStratCluc,range_choppy,121,78,43,1.15156538,-104.19876012,60.09278016,0.644628099174
TrailingBuyStratCluc,range_quiet,75,55,20,2.43208221,-96.9852093,18.86973961,0.733333333333
TrailingBuyStratCluc,transition,165,115,50,2.07884941,-68.5556621,40.7094019,0.69696969697
TrailingBuyStratCluc5m,bear_trend,113,86,27,4.0039104,-41.40346805,29.970678,0.761061946903
TrailingBuyStratCluc5m,bull_trend,121,80,41,2.04879806,-92.84131673,78.9865545,0.661157024793
TrailingBuyStratCluc5m,high_vol_shock,50,33,17,4.408348995,-177.26933103,221.12446613,0.66
TrailingBuyStratCluc5m,range_choppy,121,77,44,0.7881259,-59.20389818,60.48735405,0.636363636364
TrailingBuyStratCluc5m,range_quiet,75,55,20,1.94413495,-23.3299522,12.97256215,0.733333333333
TrailingBuyStratCluc5m,transition,165,111,54,1.50141873,-49.23594331,40.59756375,0.672727272727
TrendAtrStrategy,bear_trend,88,25,63,-2.82642536,-24.1607217,25.67733006,0.284090909091
TrendAtrStrategy,bull_trend,142,54,88,-2.25009851,-29.55469467,65.87646955,0.380281690141
TrendAtrStrategy,high_vol_shock,41,17,24,-4.9222152,-95.73797323,95.2802516,0.414634146341
TrendAtrStrategy,range_choppy,105,41,64,-2.4528594,-26.9948471,33.71880493,0.390476190476
TrendAtrStrategy,range_quiet,99,45,54,-1.1507013,-13.83233866,32.88462801,0.454545454545
TrendAtrStrategy,transition,165,63,102,-1.44647844,-35.8275636,32.81046033,0.381818181818
TrendBreakout,bear_trend,1,0,1,-3.06856384,-3.06856384,-3.06856384,0
TrendBreakout,bull_trend,63,13,50,-10.50178739,-53.92317121,77.21809007,0.206349206349
TrendBreakout,high_vol_shock,23,4,19,-20.1257832,-74.12290725,12.21995496,0.173913043478
TrendBreakout,range_choppy,39,14,25,-3.60195876,-23.9651094,133.79903736,0.358974358974
TrendBreakout,range_quiet,36,14,22,-3.0516473,-18.46487104,31.51709207,0.388888888889
TrendBreakout,transition,61,25,36,-4.12363158,-30.41295011,82.4388721,0.409836065574
TrendFutures,bear_trend,52,11,41,-2.91657004,-37.88882393,17.37117288,0.211538461538
TrendFutures,bull_trend,56,11,45,-3.767003585,-38.4420872,60.92768739,0.196428571429
TrendFutures,high_vol_shock,29,2,27,-5.21807202,-78.14962379,10.42609539,0.0689655172414
TrendFutures,range_choppy,68,27,41,-0.97581799,-17.62971012,112.97515358,0.397058823529
TrendFutures,range_quiet,54,16,38,-1.446143975,-9.28589637,10.31354248,0.296296296296
TrendFutures,transition,81,27,54,-1.87515119,-22.68703152,60.77017798,0.333333333333
Trend_Strength_Directional,bear_trend,92,59,33,7.785833685,-282.57070999,482.84894462,0.641304347826
Trend_Strength_Directional,bull_trend,121,77,44,2.53339728,-263.5250068,335.55613335,0.636363636364
Trend_Strength_Directional,high_vol_shock,47,19,28,-27.61799539,-902.67885799,465.75129736,0.404255319149
Trend_Strength_Directional,range_choppy,107,79,28,7.83475458,-219.6385482,257.48024901,0.738317757009
Trend_Strength_Directional,range_quiet,79,63,16,4.63824131,-95.8814742,113.87026482,0.79746835443
Trend_Strength_Directional,transition,159,115,44,3.60614256,-294.91632334,418.06046699,0.723270440252
TripleEmaStrategy,bear_trend,97,12,85,-0.93518026,-11.79649539,2.30835234,0.123711340206
TripleEmaStrategy,bull_trend,104,15,89,-0.647887995,-22.87777039,8.72208723,0.144230769231
TripleEmaStrategy,high_vol_shock,36,9,27,-1.224076055,-25.43258566,18.60022507,0.25
TripleEmaStrategy,range_choppy,85,17,68,-0.7960413,-20.05990493,2.50215936,0.2
TripleEmaStrategy,range_quiet,72,14,58,-0.31965818,-9.04625339,1.12103619,0.194444444444
TripleEmaStrategy,transition,142,29,113,-0.46339083,-17.87526801,4.31700935,0.204225352113
TripleSuperTrendADXRSI,bear_trend,126,52,74,-0.521059165,-26.22255101,40.48349096,0.412698412698
TripleSuperTrendADXRSI,bull_trend,126,60,66,-0.265627355,-36.45959155,34.70588045,0.47619047619
TripleSuperTrendADXRSI,high_vol_shock,47,18,29,-2.23912014,-35.86676818,30.23755561,0.382978723404
TripleSuperTrendADXRSI,range_choppy,134,66,68,-0.01951594,-20.2814191,18.89716387,0.492537313433
TripleSuperTrendADXRSI,range_quiet,111,64,47,0.19235938,-9.55606367,9.06677061,0.576576576577
TripleSuperTrendADXRSI,transition,198,88,110,-0.288827455,-27.9092834,20.9974942,0.444444444444
TrixSignalStrategy,bear_trend,93,22,71,-0.63054909,-18.95744573,12.90509749,0.236559139785
TrixSignalStrategy,bull_trend,108,20,88,-0.60122615,-18.18720024,15.85245899,0.185185185185
TrixSignalStrategy,high_vol_shock,36,9,27,-1.962194285,-22.95169901,19.90645718,0.25
TrixSignalStrategy,range_choppy,91,29,62,-0.62199092,-18.64252961,12.05745855,0.318681318681
TrixSignalStrategy,range_quiet,75,17,58,-0.4211998,-5.83323937,3.17788202,0.226666666667
TrixSignalStrategy,transition,142,35,107,-0.36806717,-20.54424777,10.88293402,0.246478873239
TrixStrategy,bear_trend,160,85,75,0.698931535,-228.71747148,145.34781991,0.53125
TrixStrategy,bull_trend,156,68,88,-2.300933585,-154.79271126,290.08738692,0.435897435897
TrixStrategy,high_vol_shock,53,26,27,-0.25677,-653.72095503,694.44532366,0.490566037736
TrixStrategy,range_choppy,153,71,82,-3.54532672,-226.43230137,255.91030171,0.464052287582
TrixStrategy,range_quiet,144,69,75,-1.368555785,-85.46010247,136.40854429,0.479166666667
TrixStrategy,transition,227,102,125,-1.27213118,-199.73086104,511.3463988,0.449339207048
TrixV15Strategy,bear_trend,106,90,16,1.640316375,-45.0258886,43.58105731,0.849056603774
TrixV15Strategy,bull_trend,93,77,16,0.8406112,-65.37346324,28.26597542,0.827956989247
TrixV15Strategy,high_vol_shock,41,26,15,0.0295644,-83.17682504,37.01757643,0.634146341463
TrixV15Strategy,range_choppy,80,57,23,0.55019741,-85.4563789,26.46559683,0.7125
TrixV15Strategy,range_quiet,82,59,23,0.25034317,-29.95103028,12.55104654,0.719512195122
TrixV15Strategy,transition,131,99,32,0.26590654,-58.86676523,21.9389148,0.75572519084
TrixV21Strategy,bear_trend,82,45,37,0.07492705,-23.48501725,18.58446693,0.548780487805
TrixV21Strategy,bull_trend,92,59,33,0.5004265,-23.03848066,20.21128936,0.641304347826
TrixV21Strategy,high_vol_shock,34,19,15,0.46654387,-27.23564095,24.77513367,0.558823529412
TrixV21Strategy,range_choppy,74,41,33,0.42424787,-23.52358041,32.27371681,0.554054054054
TrixV21Strategy,range_quiet,85,43,42,0.03037944,-15.64070346,15.45991666,0.505882352941
TrixV21Strategy,transition,112,72,40,0.328841935,-16.00383926,18.80637955,0.642857142857
TrixV23Strategy,bear_trend,94,57,37,0.428316325,-18.22173566,18.2608122,0.606382978723
TrixV23Strategy,bull_trend,90,58,32,0.28089892,-23.26465752,16.61145167,0.644444444444
TrixV23Strategy,high_vol_shock,34,18,16,0.000792945,-38.27360077,24.67545354,0.529411764706
TrixV23Strategy,range_choppy,76,43,33,0.27039897,-31.29232409,31.83309242,0.565789473684
TrixV23Strategy,range_quiet,86,44,42,0.002429555,-12.37445542,15.02021149,0.511627906977
TrixV23Strategy,transition,129,80,49,0.11778408,-16.11548661,18.61793573,0.62015503876
Trump_LIM,bear_trend,11,10,1,5.71561802,-95.73204047,20.8137346,0.909090909091
Trump_LIM,bull_trend,55,52,3,7.10274728,-60.51645996,27.07833452,0.945454545455
Trump_LIM,high_vol_shock,22,20,2,17.65103768,-111.46301658,122.15591166,0.909090909091
Trump_LIM,range_choppy,30,27,3,4.527446755,-113.61342022,24.2992093,0.9
Trump_LIM,range_quiet,14,14,0,4.78323066,2.89274703,16.36655397,1
Trump_LIM,transition,34,33,1,4.302954005,-31.1305044,21.18401753,0.970588235294
TwoCandle,bear_trend,44,14,30,-1.272155195,-15.88012087,15.87966246,0.318181818182
TwoCandle,bull_trend,54,7,47,-2.97949424,-34.6227173,5.19114697,0.12962962963
TwoCandle,high_vol_shock,27,5,22,-3.2277967,-51.87013388,9.61141701,0.185185185185
TwoCandle,range_choppy,51,21,30,-0.58848969,-43.5674783,15.76834965,0.411764705882
TwoCandle,range_quiet,24,12,12,-0.0952092,-18.6213634,9.38762133,0.5
TwoCandle,transition,72,19,53,-1.21196618,-37.85988849,5.92764818,0.263888888889
TwoCandleTheory,bear_trend,70,29,41,-0.74991302,-110.57592437,86.78847326,0.414285714286
TwoCandleTheory,bull_trend,51,21,30,-1.54210398,-73.69355481,111.1646924,0.411764705882
TwoCandleTheory,high_vol_shock,25,4,21,-20.03717489,-176.45258281,85.95711605,0.16
TwoCandleTheory,range_choppy,63,27,36,-0.6940335,-44.51288648,72.88515092,0.428571428571
TwoCandleTheory,range_quiet,48,22,26,-0.31284408,-28.16517411,63.74906345,0.458333333333
TwoCandleTheory,transition,92,46,46,0.8826129,-49.09825645,110.20984076,0.5
UltimateMomentumIndicator,bear_trend,146,69,77,-1.682886745,-328.67861661,154.06693217,0.472602739726
UltimateMomentumIndicator,bull_trend,149,67,82,-2.63112252,-203.15880916,243.04198868,0.44966442953
UltimateMomentumIndicator,high_vol_shock,47,21,26,-8.16957417,-1209.67396022,736.44159364,0.446808510638
UltimateMomentumIndicator,range_choppy,142,62,80,-2.83591019,-174.2033559,334.93825475,0.43661971831
UltimateMomentumIndicator,range_quiet,128,63,65,-0.61244582,-73.08901637,118.72754488,0.4921875
UltimateMomentumIndicator,transition,216,113,103,1.14830362,-353.73673822,1578.0168959,0.523148148148
UniversalMACD,bear_trend,83,71,12,5.93442806,-176.16549332,70.83082885,0.855421686747
UniversalMACD,bull_trend,103,78,25,3.58482988,-108.43159661,52.85895488,0.757281553398
UniversalMACD,high_vol_shock,42,33,9,10.613742835,-157.23926458,269.363959,0.785714285714
UniversalMACD,range_choppy,89,68,21,3.69138,-98.01413139,86.24052966,0.76404494382
UniversalMACD,range_quiet,45,36,9,1.75804002,-128.97474659,32.96960847,0.8
UniversalMACD,transition,108,83,25,2.007820455,-98.00497386,29.74550908,0.768518518519
Uptrend,bear_trend,11,5,6,-1.23803335,-5.17937341,7.80247434,0.454545454545
Uptrend,bull_trend,18,4,14,-4.847069875,-16.04440427,2.02979781,0.222222222222
Uptrend,high_vol_shock,21,4,17,-4.80905313,-47.36342493,1.84823509,0.190476190476
Uptrend,range_choppy,11,3,8,-1.24085277,-4.03271179,1.0347597,0.272727272727
Uptrend,range_quiet,5,1,4,-1.81877734,-8.77808379,1.5325291,0.2
Uptrend,transition,9,3,6,-2.87068764,-15.5185102,1.5494663,0.333333333333
VWAP,bear_trend,37,35,2,3.59993152,-24.90228983,18.46059335,0.945945945946
VWAP,bull_trend,57,43,14,3.40545,-26.32450937,53.66073726,0.754385964912
VWAP,high_vol_shock,35,28,7,6.8425116,-47.80479218,82.39086128,0.8
VWAP,range_choppy,42,32,10,3.23238154,-41.626242,15.00110586,0.761904761905
VWAP,range_quiet,12,9,3,3.252837345,-26.33033014,6.7178718,0.75
VWAP,transition,50,44,6,3.336063765,-41.98656633,14.91891916,0.88
VolatilitySystem,bear_trend,95,37,58,-35.00719545,-2051.89501296,1426.76393324,0.389473684211
VolatilitySystem,bull_trend,42,14,28,-42.48207004,-703.73401532,2683.58544558,0.333333333333
VolatilitySystem,high_vol_shock,17,3,14,-224.41725884,-1276.59230372,2570.92153315,0.176470588235
VolatilitySystem,range_choppy,63,28,35,-10.38770364,-1340.70763611,2754.77675333,0.444444444444
VolatilitySystem,range_quiet,65,35,30,25.51833223,-810.10327272,4484.40779734,0.538461538462
VolatilitySystem,transition,90,35,55,-28.82804579,-2309.45086066,4741.45422668,0.388888888889
VolatilitySystemV2,bear_trend,97,36,61,-40.38785698,-1333.17808745,1377.74417263,0.371134020619
VolatilitySystemV2,bull_trend,89,41,48,-14.20766781,-641.00042594,1234.43723037,0.460674157303
VolatilitySystemV2,high_vol_shock,27,9,18,-76.94773765,-1131.15312618,380.93215204,0.333333333333
VolatilitySystemV2,range_choppy,89,41,48,-2.81643128,-700.32559752,1432.03634857,0.460674157303
VolatilitySystemV2,range_quiet,82,42,40,0.834097035,-683.63762691,2343.87269202,0.512195121951
VolatilitySystemV2,transition,126,56,70,-10.66197207,-540.81593052,2248.12138441,0.444444444444
VolumeBreakoutStrategy,bear_trend,40,7,33,-1.46052774,-24.86877827,3.95862949,0.175
VolumeBreakoutStrategy,bull_trend,54,8,46,-1.778856625,-29.48311864,4.05830452,0.148148148148
VolumeBreakoutStrategy,high_vol_shock,25,2,23,-4.34316438,-25.48319587,2.12712233,0.08
VolumeBreakoutStrategy,range_choppy,49,13,36,-0.78942354,-18.79579493,10.31156821,0.265306122449
VolumeBreakoutStrategy,range_quiet,25,9,16,-0.43173798,-16.28942464,2.43147292,0.36
VolumeBreakoutStrategy,transition,68,14,54,-1.16369073,-26.17339788,7.1269948,0.205882352941
VortexStrategy,bear_trend,34,3,31,-1.786275225,-21.86394183,1.52090302,0.0882352941176
VortexStrategy,bull_trend,47,8,39,-2.07095793,-44.10475588,3.82294,0.170212765957
VortexStrategy,high_vol_shock,23,1,22,-2.59685598,-50.7601561,0.55552073,0.0434782608696
VortexStrategy,range_choppy,37,7,30,-1.50172093,-26.37664276,4.41533898,0.189189189189
VortexStrategy,range_quiet,20,2,18,-1.409391965,-14.53240792,0.57204816,0.1
VortexStrategy,transition,52,10,42,-1.790546125,-28.07049083,2.09104862,0.192307692308
VwapReversionStrategy,bear_trend,79,37,42,-0.103617,-20.69585256,10.7059495,0.46835443038
VwapReversionStrategy,bull_trend,89,21,68,-1.0363364,-41.58184898,23.90324911,0.23595505618
VwapReversionStrategy,high_vol_shock,34,9,25,-2.25358613,-89.54602642,19.02505909,0.264705882353
VwapReversionStrategy,range_choppy,82,36,46,-0.1795975,-33.9090724,22.67184467,0.439024390244
VwapReversionStrategy,range_quiet,50,16,34,-0.344091485,-7.48898759,9.41441796,0.32
VwapReversionStrategy,transition,111,43,68,-0.3619242,-27.16292111,16.22373101,0.387387387387
WTDMIPRICEDCAStrategyFuture,bear_trend,40,23,17,1.900738265,-205.80183972,283.77055482,0.575
WTDMIPRICEDCAStrategyFuture,bull_trend,45,26,19,2.2513684,-149.41297578,133.02731443,0.577777777778
WTDMIPRICEDCAStrategyFuture,high_vol_shock,28,21,7,14.53885249,-176.90502564,126.25765114,0.75
WTDMIPRICEDCAStrategyFuture,range_choppy,33,22,11,4.0260018,-147.839343,116.3098967,0.666666666667
WTDMIPRICEDCAStrategyFuture,range_quiet,7,5,2,1.30847201,-94.90672194,24.47631203,0.714285714286
WTDMIPRICEDCAStrategyFuture,transition,44,30,14,1.90660011,-166.73967044,46.54790858,0.681818181818
WTDMIPRICESDCAtrategy,bear_trend,61,61,0,0.53636649,0.0957644,12.39600784,1
WTDMIPRICESDCAtrategy,bull_trend,83,82,1,0.65920002,-37.17271326,14.31378445,0.987951807229
WTDMIPRICESDCAtrategy,high_vol_shock,28,28,0,1.22468257,0.09820142,10.70741647,1
WTDMIPRICESDCAtrategy,range_choppy,62,62,0,0.609826025,0.095013,12.92076888,1
WTDMIPRICESDCAtrategy,range_quiet,38,37,1,0.519082175,-41.57675444,13.72532321,0.973684210526
WTDMIPRICESDCAtrategy,transition,83,82,1,0.64128731,-127.07635069,15.76784847,0.987951807229
WTHO,bear_trend,145,67,78,-0.98667337,-69.8310823,31.06919297,0.462068965517
WTHO,bull_trend,108,39,69,-2.420086915,-35.88856692,86.54902722,0.361111111111
WTHO,high_vol_shock,47,15,32,-3.52124554,-80.3402588,54.11431812,0.31914893617
WTHO,range_choppy,131,54,77,-1.3122328,-24.14375805,41.11158995,0.412213740458
WTHO,range_quiet,114,50,64,-1.240799105,-19.201081,18.0021006,0.438596491228
WTHO,transition,193,80,113,-1.35722895,-44.87630018,43.87254783,0.414507772021
WTX3,bear_trend,3,1,2,-0.53075136,-1.37121767,0.23439007,0.333333333333
WTX3,bull_trend,8,5,3,0.06130891,-2.42358397,0.72962727,0.625
WTX3,high_vol_shock,1,0,1,-84.79851021,-84.79851021,-84.79851021,0
WTX3,range_choppy,6,0,6,-2.411605295,-12.02129471,-0.31505212,0
WTX3,transition,7,1,6,-0.43896312,-5.0805284,0.12780448,0.142857142857
WaveTrendStra,bear_trend,158,75,83,-0.902937075,-102.80942062,73.79000896,0.474683544304
WaveTrendStra,bull_trend,142,49,93,-3.606612435,-143.05892111,161.65812331,0.345070422535
WaveTrendStra,high_vol_shock,49,20,29,-6.24673463,-517.27077688,295.72286052,0.408163265306
WaveTrendStra,range_choppy,146,66,80,-1.2063333,-76.3258346,165.35293452,0.452054794521
WaveTrendStra,range_quiet,136,60,76,-1.50610468,-41.58206796,90.07941115,0.441176470588
WaveTrendStra,transition,222,96,126,-1.924175425,-71.82349579,327.45033147,0.432432432432
WilliamsRStrategy,bear_trend,29,5,24,-1.3192058,-16.63302887,2.19373235,0.172413793103
WilliamsRStrategy,bull_trend,41,9,32,-1.36814267,-24.83009309,5.471631,0.219512195122
WilliamsRStrategy,high_vol_shock,23,2,21,-2.60730842,-104.84398998,2.23512485,0.0869565217391
WilliamsRStrategy,range_choppy,35,4,31,-1.88839006,-32.42696839,2.24174298,0.114285714286
WilliamsRStrategy,range_quiet,20,8,12,-1.81024509,-9.62383848,0.6065014,0.4
WilliamsRStrategy,transition,51,6,45,-1.4253159,-44.75852123,1.27953316,0.117647058824
XebTradeStrat,bear_trend,12,2,10,-1.213422395,-6.46523232,0.21403508,0.166666666667
XebTradeStrat,bull_trend,14,0,14,-6.88024847,-30.59996787,-0.07372944,0
XebTradeStrat,high_vol_shock,1,0,1,-90.06068763,-90.06068763,-90.06068763,0
XebTradeStrat,range_choppy,12,0,12,-2.84504342,-20.27228818,-0.01551012,0
XebTradeStrat,range_quiet,8,0,8,-1.21465714,-4.17104512,-0.01467883,0
XebTradeStrat,transition,18,0,18,-2.5357381,-25.34600367,-0.11405774,0
XtraThicc,bear_trend,146,84,62,1.33685905,-58.92916594,47.94666926,0.575342465753
XtraThicc,bull_trend,150,76,74,0.241486175,-40.91940237,53.97351073,0.506666666667
XtraThicc,high_vol_shock,51,20,31,-3.6315713,-170.10011823,40.64746256,0.392156862745
XtraThicc,range_choppy,141,74,67,0.51703356,-55.6329233,34.38471505,0.524822695035
XtraThicc,range_quiet,128,77,51,0.80943276,-16.29841257,19.61227162,0.6015625
XtraThicc,transition,218,118,100,0.56039481,-60.78006447,48.92328416,0.54128440367
YOLO,bear_trend,20,5,15,-1.02493425,-5.01632304,0.67873738,0.25
YOLO,bull_trend,14,4,10,-1.28275332,-6.4448279,1.22395014,0.285714285714
YOLO,high_vol_shock,2,0,2,-5.35543971,-7.58300743,-3.12787199,0
YOLO,range_choppy,11,0,11,-2.39353057,-9.48795405,-0.35743932,0
YOLO,range_quiet,12,1,11,-1.52674478,-2.7283829,0.57366745,0.0833333333333
YOLO,transition,18,5,13,-0.37015538,-1.14636381,1.70249139,0.277777777778
ZScoreMeanReversionStrategy,bull_trend,12,9,3,3.909739155,-10.5239011,10.1515514,0.75
ZScoreMeanReversionStrategy,high_vol_shock,9,5,4,3.52000507,-6.61187373,15.2774937,0.555555555556
ZScoreMeanReversionStrategy,range_choppy,2,1,1,-0.22466715,-4.54217664,4.09284234,0.5
ZScoreMeanReversionStrategy,transition,8,4,4,-0.421729045,-4.6932626,10.6797468,0.5
ZaratustraDCA2_06,bear_trend,135,71,64,0.03647285,-38.02748241,31.89532885,0.525925925926
ZaratustraDCA2_06,bull_trend,127,64,63,0.03023516,-52.50977934,43.31957477,0.503937007874
ZaratustraDCA2_06,high_vol_shock,51,26,25,0.04753257,-131.52139262,44.08987532,0.509803921569
ZaratustraDCA2_06,range_choppy,135,66,69,-0.13946467,-65.62564824,42.82906437,0.488888888889
ZaratustraDCA2_06,range_quiet,112,63,49,0.071107085,-35.41731321,19.75942551,0.5625
ZaratustraDCA2_06,transition,193,111,82,0.15591066,-36.61823313,27.95871714,0.575129533679
ZaratustraDCA2_07,bear_trend,144,80,64,0.16239928,-49.82337613,42.06161823,0.555555555556
ZaratustraDCA2_07,bull_trend,138,63,75,-0.628912425,-53.38245459,32.15080967,0.45652173913
ZaratustraDCA2_07,high_vol_shock,52,23,29,-0.458895735,-48.03145136,82.55279468,0.442307692308
ZaratustraDCA2_07,range_choppy,143,76,67,0.10005603,-35.58684243,16.92236441,0.531468531469
ZaratustraDCA2_07,range_quiet,122,62,60,0.01034087,-23.01918337,14.53283651,0.508196721311
ZaratustraDCA2_07,transition,201,103,98,0.02616244,-30.56431635,20.96470245,0.512437810945
ZaratustraDCA5,bear_trend,118,79,39,0.21279422,-31.53790374,10.41444292,0.669491525424
ZaratustraDCA5,bull_trend,124,80,44,0.18401532,-43.42297629,10.27148811,0.645161290323
ZaratustraDCA5,high_vol_shock,46,17,29,-1.09578378,-131.18594651,2.60290128,0.369565217391
ZaratustraDCA5,range_choppy,126,70,56,0.04223111,-39.26156097,8.40451887,0.555555555556
ZaratustraDCA5,range_quiet,92,60,32,0.11305395,-15.24298236,4.10127471,0.652173913043
ZaratustraDCA5,transition,180,117,63,0.130806645,-23.05927192,16.47631481,0.65
ZaratustraV31,bear_trend,4,0,4,-1.24560616,-2.00498086,-0.32992605,0
ZaratustraV31,bull_trend,7,0,7,-2.75846048,-7.26137432,-0.84045085,0
ZaratustraV31,high_vol_shock,1,0,1,-56.56098893,-56.56098893,-56.56098893,0
ZaratustraV31,range_choppy,4,0,4,-3.97416317,-11.96610164,-1.74316867,0
ZaratustraV31,transition,6,0,6,-2.762352625,-14.22808322,-0.80629688,0
adaptive,bear_trend,30,19,11,2.5212647,-23.61824635,13.92965123,0.633333333333
adaptive,bull_trend,30,25,5,4.979070635,-33.82452433,27.06113313,0.833333333333
adaptive,high_vol_shock,34,25,9,2.81794177,-66.53100764,67.61616271,0.735294117647
adaptive,range_choppy,20,15,5,2.59924144,-14.8726287,9.57594222,0.75
adaptive,range_quiet,4,2,2,-5.60370403,-13.61077293,4.8992142,0.5
adaptive,transition,23,20,3,2.513592,-13.5268816,6.04637076,0.869565217391
adaptive_trend,bear_trend,17,13,4,34.01710526,-130.77645549,120.80201384,0.764705882353
adaptive_trend,bull_trend,15,8,7,4.91442322,-117.20985822,215.18641981,0.533333333333
adaptive_trend,high_vol_shock,3,2,1,78.50335293,-23.96275706,139.08193109,0.666666666667
adaptive_trend,range_choppy,8,6,2,19.53243202,-96.60028784,89.17903343,0.75
adaptive_trend,range_quiet,12,9,3,55.232546075,-28.83819836,209.00929892,0.75
adaptive_trend,transition,13,6,7,-38.16183624,-117.0369674,161.25686964,0.461538461538
adx_opt_strat,bear_trend,80,68,12,1.149116845,-40.13131433,16.97431921,0.85
adx_opt_strat,bull_trend,104,87,17,1.36708081,-58.17232559,23.45251909,0.836538461538
adx_opt_strat,high_vol_shock,31,24,7,2.38884702,-41.70426708,42.72744171,0.774193548387
adx_opt_strat,range_choppy,85,76,9,1.06638496,-46.9877013,11.6846891,0.894117647059
adx_opt_strat,range_quiet,93,69,24,0.41765139,-45.23852986,12.66790738,0.741935483871
adx_opt_strat,transition,126,105,21,0.88579015,-58.15902946,44.7201665,0.833333333333
adxbbrsi2,bear_trend,68,51,16,1.668921055,-57.11030052,10.96317609,0.75
adxbbrsi2,bull_trend,56,46,10,1.59347081,-57.04969024,10.49860402,0.821428571429
adxbbrsi2,high_vol_shock,30,29,1,2.02093878,-32.4089397,36.53423459,0.966666666667
adxbbrsi2,range_choppy,59,50,9,1.7750856,-0.022533,13.8689709,0.847457627119
adxbbrsi2,range_quiet,41,33,8,0.83829103,-0.0440177,5.28362469,0.80487804878
adxbbrsi2,transition,69,57,12,1.2614293,-51.05789106,7.07256508,0.826086956522
bb_rsi_opt_new,bear_trend,54,32,22,0.000322205,-37.91820718,12.2965164,0.592592592593
bb_rsi_opt_new,bull_trend,49,33,16,0.1667441,-37.109964,3.94152997,0.673469387755
bb_rsi_opt_new,high_vol_shock,11,8,3,1.04798944,-0.0333408,4.33351347,0.727272727273
bb_rsi_opt_new,range_choppy,34,17,17,7.6485e-05,-26.1401424,2.7517236,0.5
bb_rsi_opt_new,range_quiet,40,24,16,0.002507725,-30.54743165,2.35462089,0.6
bb_rsi_opt_new,transition,55,35,20,0.00011275,-33.21804486,5.15959042,0.636363636364
bbandrsi,bear_trend,142,82,60,2.38829132,-106.7920504,61.8379731,0.577464788732
bbandrsi,bull_trend,156,77,79,-0.08852987,-106.64500884,113.91124928,0.49358974359
bbandrsi,high_vol_shock,48,24,24,-0.05208913,-313.9978911,193.84951102,0.5
bbandrsi,range_choppy,138,72,66,0.32478993,-79.94812734,104.97201042,0.521739130435
bbandrsi,range_quiet,127,65,62,0.22398721,-41.39302106,26.95911033,0.511811023622
bbandrsi,transition,220,131,89,2.1827442,-77.33206982,89.5649928,0.595454545455
bbrsi,bear_trend,89,68,21,0.19369766,-40.05822075,7.61865007,0.76404494382
bbrsi,bull_trend,129,99,30,0.11495263,-49.16476178,33.55495525,0.767441860465
bbrsi,high_vol_shock,41,28,13,0.260609,-139.57255507,14.44659845,0.682926829268
bbrsi,range_choppy,103,69,34,0.0437024,-49.00977373,11.6123379,0.669902912621
bbrsi,range_quiet,87,64,23,0.02974593,-20.784314,2.47835049,0.735632183908
bbrsi,transition,155,112,43,0.04278086,-76.61806602,7.53586503,0.722580645161
bbrsi1_strategy,bear_trend,152,68,84,-0.14102339,-128.83588485,26.59534406,0.447368421053
bbrsi1_strategy,bull_trend,154,66,88,-0.171375465,-43.59178749,30.16072088,0.428571428571
bbrsi1_strategy,high_vol_shock,49,26,23,0.56902105,-196.26226057,161.00749823,0.530612244898
bbrsi1_strategy,range_choppy,146,65,81,-0.124085245,-33.63429553,37.65660081,0.445205479452
bbrsi1_strategy,range_quiet,128,59,69,-0.080136785,-14.41943993,17.0983569,0.4609375
bbrsi1_strategy,transition,217,110,107,0.01770495,-41.97625176,38.07521696,0.506912442396
bbrsi4Freq,bear_trend,129,74,55,0.3046877,-27.38152882,22.06325593,0.573643410853
bbrsi4Freq,bull_trend,140,68,72,-0.001389605,-45.91635142,20.9640366,0.485714285714
bbrsi4Freq,high_vol_shock,45,32,13,2.6570433,-53.67106435,33.62607951,0.711111111111
bbrsi4Freq,range_choppy,127,63,64,-0.00012168,-33.88813441,10.56775305,0.496062992126
bbrsi4Freq,range_quiet,119,48,71,-0.65001364,-24.58715624,5.87026065,0.403361344538
bbrsi4Freq,transition,197,104,93,0.1405152,-24.17302634,11.62870982,0.527918781726
bestV2,bear_trend,4,3,1,3.826563685,-6.84752915,4.25329148,0.75
bestV2,bull_trend,20,15,5,2.93022643,-24.90210969,16.93112408,0.75
bestV2,high_vol_shock,25,20,5,6.53518573,-15.36992604,106.48108411,0.8
bestV2,range_choppy,11,9,2,3.64831308,-8.8212705,12.39860744,0.818181818182
bestV2,range_quiet,4,4,0,4.93553969,3.877951,15.19424328,1
bestV2,transition,9,5,4,0.88192422,-19.3691585,24.21172796,0.555555555556
bigshort,bear_trend,14,0,14,-0.51558756,-2.24828241,-4.129e-05,0
bigshort,bull_trend,13,1,12,-2.07843784,-8.61925641,0.0051107,0.0769230769231
bigshort,high_vol_shock,1,0,1,-88.49377322,-88.49377322,-88.49377322,0
bigshort,range_choppy,12,2,10,-1.020575925,-22.12039746,0.00270941,0.166666666667
bigshort,range_quiet,7,0,7,-0.82997494,-2.21951103,-0.00105472,0
bigshort,transition,20,0,20,-0.91952719,-19.01795494,-0.03138124,0
binance,bear_trend,16,16,0,11.8680328,0.5504872,56.5248838,1
binance,bull_trend,35,31,4,5.93111367,-15.58018494,46.48852501,0.885714285714
binance,high_vol_shock,21,21,0,33.03737777,2.96853816,148.55380671,1
binance,range_choppy,18,13,5,5.024123665,-2.0781228,22.6632783,0.722222222222
binance,range_quiet,12,12,0,13.1520025,2.09138352,72.24238662,1
binance,transition,21,14,7,7.69088385,-2.81954736,25.97416,0.666666666667
binance_shorts,bear_trend,6,3,3,-5.23041681,-23.40775021,9.52907643,0.5
binance_shorts,bull_trend,9,5,4,2.52387115,-25.49044946,9.36865512,0.555555555556
binance_shorts,high_vol_shock,15,9,6,6.18598647,-71.12250004,35.2473966,0.6
binance_shorts,range_choppy,5,2,3,-11.53441274,-25.21875642,8.64755122,0.4
binance_shorts,range_quiet,2,2,0,8.99095196,8.56507212,9.4168318,1
binance_shorts,transition,6,5,1,7.9918758,-25.14379298,9.18144672,0.833333333333
botbaby,bear_trend,158,36,122,-0.403034915,-15.26492638,1.8485614,0.227848101266
botbaby,bull_trend,150,32,118,-0.41425511,-19.23445915,2.09056662,0.213333333333
botbaby,high_vol_shock,50,11,39,-0.921843865,-21.37419915,1.57158529,0.22
botbaby,range_choppy,146,41,105,-0.326422345,-17.19017037,2.71586196,0.280821917808
botbaby,range_quiet,137,33,104,-0.31367499,-12.56807201,2.3994558,0.240875912409
botbaby,transition,226,64,162,-0.33474037,-9.04429988,7.11876122,0.283185840708
chatgpt,bear_trend,145,63,82,-1.60635,-153.03064719,100.08928096,0.434482758621
chatgpt,bull_trend,140,52,88,-3.406042695,-144.45517531,248.94525002,0.371428571429
chatgpt,high_vol_shock,49,17,32,-11.1785399,-172.66365589,298.75583131,0.34693877551
chatgpt,range_choppy,127,58,69,-1.86227315,-135.11079884,122.20801713,0.456692913386
chatgpt,range_quiet,130,67,63,0.53718669,-45.78499056,119.16155227,0.515384615385
chatgpt,transition,212,98,114,-1.046785645,-89.85885529,244.3870591,0.462264150943
conny,bear_trend,131,61,70,-0.31527319,-26.25914577,29.43401516,0.465648854962
conny,bull_trend,132,71,61,0.260090475,-16.27685346,11.95116931,0.537878787879
conny,high_vol_shock,46,22,24,-0.45402231,-16.16726359,42.82105497,0.478260869565
conny,range_choppy,122,62,60,0.11897637,-13.3550185,7.3912721,0.508196721311
conny,range_quiet,107,49,58,-0.6617248,-11.64222075,8.27807168,0.457943925234
conny,transition,189,102,87,0.03711319,-14.89028492,9.33250708,0.539682539683
cryptohassle,bear_trend,155,71,84,-0.48443093,-53.08136427,22.75554017,0.458064516129
cryptohassle,bull_trend,147,55,92,-1.52504645,-32.41870527,88.87444789,0.374149659864
cryptohassle,high_vol_shock,50,28,22,0.564240805,-56.91164782,119.83494159,0.56
cryptohassle,range_choppy,138,52,86,-1.561336145,-57.8593303,43.51570477,0.376811594203
cryptohassle,range_quiet,131,57,74,-0.9442251,-23.39719615,22.34196696,0.435114503817
cryptohassle,transition,220,81,139,-1.24209361,-87.31386163,69.99095607,0.368181818182
cryptotank,bear_trend,80,64,16,1.266169245,-58.9893456,22.79982173,0.8
cryptotank,bull_trend,83,61,22,1.359721,-143.6708972,54.12073416,0.734939759036
cryptotank,high_vol_shock,39,19,20,-1.0705432,-154.0572641,30.20542024,0.487179487179
cryptotank,range_choppy,67,50,17,1.089049,-63.90892989,29.69766356,0.746268656716
cryptotank,range_quiet,29,22,7,0.88913589,-9.69771834,3.64409346,0.758620689655
cryptotank,transition,81,68,13,0.88790561,-60.98887032,25.5432058,0.83950617284
cryptotankV2,bear_trend,111,76,35,2.01453161,-61.02359528,50.25214476,0.684684684685
cryptotankV2,bull_trend,135,83,52,0.61748177,-105.91360738,91.37861296,0.614814814815
cryptotankV2,high_vol_shock,49,20,29,-6.7568067,-226.23132433,129.12775357,0.408163265306
cryptotankV2,range_choppy,124,88,36,1.04820215,-69.64103202,48.5918987,0.709677419355
cryptotankV2,range_quiet,77,61,16,0.83367606,-40.8371669,22.50960887,0.792207792208
cryptotankV2,transition,176,143,33,1.75897168,-71.53343042,72.13664039,0.8125
cryptotankV5,bear_trend,101,71,30,1.78214918,-54.13994882,47.86132095,0.70297029703
cryptotankV5,bull_trend,148,97,51,1.07590673,-86.98641205,97.53248474,0.655405405405
cryptotankV5,high_vol_shock,46,25,21,1.51725054,-289.99355334,81.28776561,0.54347826087
cryptotankV5,range_choppy,102,73,29,1.99768776,-46.15988231,51.37040426,0.71568627451
cryptotankV5,range_quiet,82,66,16,1.008102875,-26.32932219,10.72006677,0.80487804878
cryptotankV5,transition,173,136,37,2.14794349,-76.20060435,55.2220632,0.78612716763
custom_sell,bull_trend,1,0,1,-0.197693,-0.197693,-0.197693,0
custom_sell,high_vol_shock,1,0,1,-964.92878835,-964.92878835,-964.92878835,0
custom_sell,range_choppy,1,0,1,-0.09909077,-0.09909077,-0.09909077,0
custom_sell,transition,1,0,1,-0.42995298,-0.42995298,-0.42995298,0
dualwave,bear_trend,102,84,18,2.954343035,-53.59509231,45.91376913,0.823529411765
dualwave,bull_trend,142,98,44,1.57333025,-84.81198451,78.29281776,0.69014084507
dualwave,high_vol_shock,48,28,20,1.30323275,-196.53946933,125.17453553,0.583333333333
dualwave,range_choppy,101,73,28,1.9434954,-76.36696891,41.31461553,0.722772277228
dualwave,range_quiet,84,72,12,1.506685285,-17.33891348,15.26951304,0.857142857143
dualwave,transition,169,136,33,1.48125153,-83.32830466,25.20431074,0.804733727811
e6v34,bear_trend,75,21,54,-0.8036132,-15.39876976,7.35702867,0.28
e6v34,bull_trend,86,12,74,-0.739042755,-34.14480397,14.14797283,0.139534883721
e6v34,high_vol_shock,34,5,29,-2.14496761,-45.00326377,15.48791083,0.147058823529
e6v34,range_choppy,81,23,58,-0.69792661,-21.42316274,11.48676509,0.283950617284
e6v34,range_quiet,50,10,40,-0.360674405,-11.66355352,9.16629068,0.2
e6v34,transition,109,26,83,-0.62431658,-27.50300968,13.97065637,0.238532110092
eltoro,bear_trend,100,75,25,3.18113109,-71.11991425,56.53375039,0.75
eltoro,bull_trend,146,96,50,1.6783337,-73.78373336,94.64554706,0.657534246575
eltoro,high_vol_shock,48,28,20,1.990494725,-261.5935497,66.15949973,0.583333333333
eltoro,range_choppy,107,76,31,1.81690833,-75.16866543,39.71127884,0.710280373832
eltoro,range_quiet,85,76,9,1.40424752,-15.11689755,18.72951011,0.894117647059
eltoro,transition,175,143,32,1.7430126,-65.50810058,42.42129378,0.817142857143
eltoro1_4,bear_trend,106,81,25,3.354662,-35.83709258,34.67581798,0.764150943396
eltoro1_4,bull_trend,90,76,14,2.01702401,-106.41076057,18.81891073,0.844444444444
eltoro1_4,high_vol_shock,41,21,20,2.91460302,-177.33355156,44.50523482,0.512195121951
eltoro1_4,range_choppy,100,70,30,2.15778328,-39.5307866,25.41748969,0.7
eltoro1_4,range_quiet,67,56,11,1.7873376,-18.95003985,7.29105405,0.835820895522
eltoro1_4,transition,114,94,20,2.49042694,-58.60390932,15.26431481,0.824561403509
eltoro1_4_simple,bear_trend,84,59,25,5.69970656,-95.11545736,69.04726616,0.702380952381
eltoro1_4_simple,bull_trend,132,91,41,4.03004541,-147.93651893,102.65766829,0.689393939394
eltoro1_4_simple,high_vol_shock,42,22,20,2.908670135,-180.36443594,94.06945372,0.52380952381
eltoro1_4_simple,range_choppy,91,62,29,5.58265629,-93.9478101,60.42215905,0.681318681319
eltoro1_4_simple,range_quiet,65,53,12,6.7858716,-63.14668345,33.41527902,0.815384615385
eltoro1_4_simple,transition,150,119,31,7.34797769,-69.29263774,41.50353756,0.793333333333
ema,bear_trend,18,3,15,-4.17265053,-27.09999794,0.46969699,0.166666666667
ema,bull_trend,25,2,23,-5.4454813,-38.85288051,2.66952716,0.08
ema,high_vol_shock,7,0,7,-1.50708312,-78.87629107,-0.15431754,0
ema,range_choppy,22,4,18,-1.569541865,-46.8342709,11.68732731,0.181818181818
ema,range_quiet,17,3,14,-2.39252963,-24.75307228,0.49239469,0.176470588235
ema,transition,31,3,28,-4.60049012,-41.64809986,1.79466397,0.0967741935484
fahmibah,bear_trend,126,69,57,0.25085379,-73.381131,29.00757361,0.547619047619
fahmibah,bull_trend,129,51,78,-0.88304647,-130.01116434,49.71639536,0.395348837209
fahmibah,high_vol_shock,46,21,25,-0.392545545,-259.51989987,91.88098231,0.45652173913
fahmibah,range_choppy,115,59,56,0.10186483,-31.71296822,79.81681408,0.513043478261
fahmibah,range_quiet,100,56,44,0.16719009,-11.47829458,22.42921705,0.56
fahmibah,transition,172,88,84,0.070010775,-71.27410525,60.9034201,0.511627906977
gettinMoist,bear_trend,128,70,58,0.113448735,-39.86058708,19.0686679,0.546875
gettinMoist,bull_trend,128,47,81,-0.400370815,-70.70632081,34.23603672,0.3671875
gettinMoist,high_vol_shock,45,16,29,-0.92955497,-117.53621007,54.97225565,0.355555555556
gettinMoist,range_choppy,114,42,72,-0.500062925,-32.20022185,47.376983,0.368421052632
gettinMoist,range_quiet,104,50,54,-0.13095046,-12.52122087,24.99178539,0.480769230769
gettinMoist,transition,177,77,100,-0.13604517,-42.18502315,31.72535253,0.435028248588
gpt_reversal,bear_trend,57,32,25,2.94313896,-95.84009425,44.73423159,0.561403508772
gpt_reversal,bull_trend,46,26,20,1.564581285,-37.75982177,63.9799559,0.565217391304
gpt_reversal,high_vol_shock,18,6,12,-7.154581055,-56.60091424,24.29830437,0.333333333333
gpt_reversal,range_choppy,44,21,23,-1.151297445,-37.34621006,31.7310049,0.477272727273
gpt_reversal,range_quiet,38,16,22,-3.5212149,-34.50395669,65.47692584,0.421052631579
gpt_reversal,transition,55,19,36,-11.56508975,-56.01886241,24.6754547,0.345454545455
hansencandlepatternV1,bear_trend,154,41,113,-0.58745151,-33.32665792,8.989866,0.266233766234
hansencandlepatternV1,bull_trend,147,40,107,-0.3530246,-22.64752314,33.13844604,0.272108843537
hansencandlepatternV1,high_vol_shock,49,16,33,-0.44343874,-40.47241718,36.4023432,0.326530612245
hansencandlepatternV1,range_choppy,145,43,102,-0.47476663,-23.71112784,37.07400936,0.296551724138
hansencandlepatternV1,range_quiet,126,44,82,-0.214674295,-12.57199602,17.82113662,0.349206349206
hansencandlepatternV1,transition,216,73,143,-0.287285305,-29.02937435,32.23794613,0.337962962963
heikin,bear_trend,84,24,60,-1.849999505,-50.35571421,12.67164429,0.285714285714
heikin,bull_trend,89,15,74,-1.3064871,-39.71928963,35.68251413,0.168539325843
heikin,high_vol_shock,34,11,23,-0.757230985,-55.9260807,52.69988789,0.323529411765
heikin,range_choppy,83,37,46,-0.464894,-41.02486889,25.37530633,0.44578313253
heikin,range_quiet,54,18,36,-0.378407845,-12.42187443,13.59902951,0.333333333333
heikin,transition,114,32,82,-1.03657149,-27.18244118,62.08549613,0.280701754386
hlhb,bear_trend,110,73,37,1.17464593,-38.11631859,34.84650494,0.663636363636
hlhb,bull_trend,49,35,14,1.33716615,-46.7806724,8.89662917,0.714285714286
hlhb,high_vol_shock,27,20,7,1.98868187,-41.71686019,10.36759443,0.740740740741
hlhb,range_choppy,65,48,17,1.07870508,-48.27567674,9.84997922,0.738461538462
hlhb,range_quiet,62,40,22,0.748947935,-46.86666943,3.07506146,0.645161290323
hlhb,transition,103,74,29,1.620253,-38.40586596,13.38544463,0.718446601942
ichi,bear_trend,145,66,79,-0.43140708,-15.37470857,5.33269883,0.455172413793
ichi,bull_trend,128,49,79,-0.83958638,-15.73635448,9.19350537,0.3828125
ichi,high_vol_shock,47,14,33,-1.89879736,-27.9285133,2.28488152,0.297872340426
ichi,range_choppy,118,45,73,-0.85681755,-14.04459504,7.4394363,0.381355932203
ichi,range_quiet,124,53,71,-0.42360015,-10.16727389,5.39935111,0.427419354839
ichi,transition,210,94,116,-0.38657854,-12.07533626,8.06280651,0.447619047619
keltnerchannel,bear_trend,138,54,84,-10.4302402,-236.84449734,484.58605539,0.391304347826
keltnerchannel,bull_trend,95,34,61,-13.09145719,-127.82948594,536.52004263,0.357894736842
keltnerchannel,high_vol_shock,38,14,24,-15.97417115,-259.49147618,401.79646436,0.368421052632
keltnerchannel,range_choppy,105,43,62,-9.22038336,-214.78374263,204.69995441,0.409523809524
keltnerchannel,range_quiet,110,54,56,-0.1129455,-104.64284745,1590.8812014,0.490909090909
keltnerchannel,transition,162,55,107,-8.79017387,-160.01431104,761.72774007,0.33950617284
mabStra,bear_trend,138,75,63,0.0051738,-184.08609396,165.84344862,0.54347826087
mabStra,bull_trend,139,66,73,-0.0001629,-158.97565364,156.8775592,0.474820143885
mabStra,high_vol_shock,46,19,27,-9.293625765,-730.77386004,374.94307578,0.413043478261
mabStra,range_choppy,137,75,62,0.5683116,-96.8643736,206.30731786,0.547445255474
mabStra,range_quiet,128,73,55,0.662896685,-34.2254307,79.66043826,0.5703125
mabStra,transition,204,118,86,0.31744714,-103.07810773,438.32218045,0.578431372549
macd_recovery,bear_trend,154,71,83,-0.218305955,-55.83837819,25.56168692,0.461038961039
macd_recovery,bull_trend,147,48,99,-0.46352489,-34.63932385,28.15943111,0.326530612245
macd_recovery,high_vol_shock,50,17,33,-1.67444611,-114.74593852,44.12453336,0.34
macd_recovery,range_choppy,145,67,78,-0.22458818,-23.92075464,28.42027216,0.462068965517
macd_recovery,range_quiet,140,54,86,-0.382306445,-16.51630362,25.88635525,0.385714285714
macd_recovery,transition,221,95,126,-0.34880566,-29.37566973,25.21050714,0.429864253394
mark_strat,bear_trend,49,33,16,0.32186287,-16.04411333,6.89447961,0.673469387755
mark_strat,bull_trend,67,29,38,-0.15988781,-46.21694707,15.01275205,0.432835820896
mark_strat,high_vol_shock,30,14,16,-0.21844604,-92.68989996,32.86955695,0.466666666667
mark_strat,range_choppy,65,38,27,0.30047749,-19.93552008,14.92632292,0.584615384615
mark_strat,range_quiet,31,22,9,0.09609909,-3.04201316,2.9102377,0.709677419355
mark_strat,transition,89,52,37,0.13476137,-22.43223247,21.8538686,0.584269662921
momentum,bear_trend,17,5,12,-4.53761796,-25.21984643,3.50624185,0.294117647059
momentum,bull_trend,31,12,19,-0.49327174,-39.62551059,12.73431573,0.387096774194
momentum,high_vol_shock,14,4,10,-2.64019647,-68.37775172,1.42638368,0.285714285714
momentum,range_choppy,29,8,21,-2.74462705,-59.9007275,8.93631743,0.275862068966
momentum,range_quiet,16,4,12,-2.9859669,-9.02884462,5.06497764,0.25
momentum,transition,37,7,30,-2.08835481,-39.27955185,17.52874791,0.189189189189
momentum_long,bear_trend,126,68,58,0.20805217,-43.04316141,42.32450421,0.539682539683
momentum_long,bull_trend,125,53,72,-0.59169422,-63.08353059,79.26338413,0.424
momentum_long,high_vol_shock,45,14,31,-3.45738344,-238.03719366,69.11275812,0.311111111111
momentum_long,range_choppy,111,53,58,-0.35471124,-69.68786416,67.17081371,0.477477477477
momentum_long,range_quiet,99,61,38,0.18417042,-12.50394218,39.11694131,0.616161616162
momentum_long,transition,168,82,86,-0.03316011,-95.12453534,102.10951824,0.488095238095
momentum_rsi,bear_trend,28,6,22,-1.310389075,-29.03540827,4.0768097,0.214285714286
momentum_rsi,bull_trend,41,16,25,-1.34660623,-34.75284267,21.49803089,0.390243902439
momentum_rsi,high_vol_shock,22,5,17,-1.611853985,-43.86108173,2.5354131,0.227272727273
momentum_rsi,range_choppy,37,8,29,-2.27793147,-53.96430219,10.86671376,0.216216216216
momentum_rsi,range_quiet,19,6,13,-0.66895144,-8.5361986,5.61659262,0.315789473684
momentum_rsi,transition,47,12,35,-1.41855691,-43.65686065,17.06397598,0.255319148936
momentum_wick,bear_trend,125,59,66,-0.27869061,-48.43173855,14.64729582,0.472
momentum_wick,bull_trend,126,51,75,-0.721134505,-57.69986048,26.74728249,0.404761904762
momentum_wick,high_vol_shock,49,24,25,-0.40635695,-78.41747393,34.163998,0.489795918367
momentum_wick,range_choppy,129,67,62,0.23459577,-27.00399282,20.58881474,0.519379844961
momentum_wick,range_quiet,99,51,48,0.13279768,-17.46855337,18.0193643,0.515151515152
momentum_wick,transition,185,96,89,0.12453353,-34.06561338,23.44800315,0.518918918919
moonhouse,bear_trend,21,5,16,-7.09114989,-32.3582265,61.16056569,0.238095238095
moonhouse,bull_trend,20,6,14,-3.081543875,-39.40399844,24.37765,0.3
moonhouse,high_vol_shock,9,0,9,-12.59838384,-49.213038,-4.874274,0
moonhouse,range_choppy,19,5,14,-28.23984946,-49.23053409,183.33059782,0.263157894737
moonhouse,range_quiet,8,3,5,-1.07678391,-34.68034031,3.6823046,0.375
moonhouse,transition,11,4,7,-8.65667088,-49.1891892,55.71784316,0.363636363636
multi_tf,bear_trend,122,73,49,1.40194764,-74.09213012,50.63177173,0.598360655738
multi_tf,bull_trend,133,63,70,-0.3028129,-40.583228,34.57337309,0.473684210526
multi_tf,high_vol_shock,40,28,12,4.979039625,-64.76064537,79.86145161,0.7
multi_tf,range_choppy,120,62,58,0.47855346,-43.0819016,22.89367605,0.516666666667
multi_tf,range_quiet,104,50,54,-0.35500495,-32.7139137,8.4586089,0.480769230769
multi_tf,transition,181,104,77,0.67886856,-51.40909107,22.65267013,0.574585635359
quantumfirst,bear_trend,150,91,59,0.287354925,-54.91829607,19.67055291,0.606666666667
quantumfirst,bull_trend,157,80,77,0.017818,-38.69030288,29.26392746,0.509554140127
quantumfirst,high_vol_shock,51,26,25,0.22726307,-133.69561346,110.37275625,0.509803921569
quantumfirst,range_choppy,142,84,58,0.21924586,-37.9997356,33.76855871,0.591549295775
quantumfirst,range_quiet,129,74,55,0.1021477,-14.71404312,14.73322916,0.573643410853
quantumfirst,transition,223,140,83,0.37403006,-39.63690722,22.92141144,0.627802690583
redditMA,bear_trend,42,36,6,13.683006505,-188.59150394,100.6309332,0.857142857143
redditMA,bull_trend,108,82,26,14.91204599,-543.14015532,268.69178644,0.759259259259
redditMA,high_vol_shock,41,28,13,16.30367684,-474.44868616,452.95566859,0.682926829268
redditMA,range_choppy,61,56,5,10.91345515,-176.25487246,75.5549374,0.918032786885
redditMA,range_quiet,33,32,1,5.75096245,-24.97729456,30.24938102,0.969696969697
redditMA,transition,103,95,8,6.68829019,-549.29245071,196.06676203,0.922330097087
simple_vwap_v1,bear_trend,39,14,25,-2.39560033,-193.03666817,14.62354832,0.358974358974
simple_vwap_v1,bull_trend,64,22,42,-5.624680785,-127.57952334,207.87779276,0.34375
simple_vwap_v1,high_vol_shock,30,14,16,-2.869147555,-418.49237218,1048.88922729,0.466666666667
simple_vwap_v1,range_choppy,89,38,51,-3.84009528,-263.37545972,870.80526148,0.426966292135
simple_vwap_v1,range_quiet,82,39,43,-1.381745025,-129.5797888,984.79893337,0.475609756098
simple_vwap_v1,transition,105,48,57,-1.9575535,-276.58897774,845.29910542,0.457142857143
slope_is_dopeCT,bear_trend,115,73,42,0.42219466,-60.39506686,47.86438783,0.634782608696
slope_is_dopeCT,bull_trend,122,64,58,0.0411891,-90.16887199,102.73964897,0.524590163934
slope_is_dopeCT,high_vol_shock,46,12,34,-6.51891358,-397.98499755,177.716215,0.260869565217
slope_is_dopeCT,range_choppy,113,77,36,0.70811304,-70.74915319,80.79737103,0.681415929204
slope_is_dopeCT,range_quiet,82,64,18,0.448694675,-12.67321914,55.01290456,0.780487804878
slope_is_dopeCT,transition,164,129,35,0.77411551,-66.6550201,144.58113289,0.786585365854
stoploss,bear_trend,148,84,64,0.22065405,-50.4651237,18.05123733,0.567567567568
stoploss,bull_trend,158,71,87,-0.478187735,-59.23288742,44.37031947,0.449367088608
stoploss,high_vol_shock,51,23,28,-0.23292516,-135.9754374,32.04884197,0.450980392157
stoploss,range_choppy,146,83,63,0.201897785,-34.37856661,25.54242989,0.568493150685
stoploss,range_quiet,138,77,61,0.09696223,-13.10000077,9.91045243,0.557971014493
stoploss,transition,219,114,105,0.0823004,-51.15437774,32.08806388,0.520547945205
strato,bear_trend,23,6,17,-0.86881214,-16.88018217,2.68602573,0.260869565217
strato,bull_trend,34,3,31,-3.05738026,-23.17916591,0.34071599,0.0882352941176
strato,high_vol_shock,19,5,14,-0.52092693,-34.56002054,1.05083687,0.263157894737
strato,range_choppy,27,5,22,-0.8182897,-27.79729389,4.73392958,0.185185185185
strato,range_quiet,17,6,11,-2.31495225,-8.3920639,0.58345349,0.352941176471
strato,transition,37,5,32,-2.60527624,-28.97360639,0.44191462,0.135135135135
tbtest,bear_trend,118,82,36,5.24111419,-104.25254068,103.54303888,0.694915254237
tbtest,bull_trend,126,85,41,5.01241485,-215.82652852,96.57589583,0.674603174603
tbtest,high_vol_shock,49,31,18,6.2164284,-208.72090119,344.47394064,0.632653061224
tbtest,range_choppy,120,77,43,4.459671365,-88.18743754,77.12014781,0.641666666667
tbtest,range_quiet,83,53,30,3.861263,-106.87223296,39.30512757,0.638554216867
tbtest,transition,154,100,54,4.594183215,-72.99969267,79.28866241,0.649350649351
thetank3,bear_trend,64,37,27,0.19917377,-37.13675505,15.96972933,0.578125
thetank3,bull_trend,71,17,54,-2.63151309,-53.51956792,33.56515179,0.239436619718
thetank3,high_vol_shock,30,8,22,-2.825947255,-109.64422027,58.05600832,0.266666666667
thetank3,range_choppy,73,36,37,-0.1370941,-33.64399776,31.56390664,0.493150684932
thetank3,range_quiet,42,28,14,0.23076779,-11.57924007,14.4301637,0.666666666667
thetank3,transition,98,47,51,-0.15679366,-56.04902464,41.68788145,0.479591836735
thetank4TV,bear_trend,125,79,46,0.77670676,-26.32322024,15.79624706,0.632
thetank4TV,bull_trend,126,72,54,0.149544055,-25.6806411,17.52094505,0.571428571429
thetank4TV,high_vol_shock,38,20,18,0.3452424,-15.04187838,28.58314405,0.526315789474
thetank4TV,range_choppy,112,61,51,0.161759195,-15.78267848,17.6032449,0.544642857143
thetank4TV,range_quiet,105,64,41,0.81201069,-14.59603965,12.90517341,0.609523809524
thetank4TV,transition,192,122,70,0.614872555,-18.39823082,10.74023259,0.635416666667
true_lambo,bear_trend,52,42,10,2.946909,-36.96439288,13.3885337,0.807692307692
true_lambo,bull_trend,81,69,12,4.10389847,-38.06312607,20.32310853,0.851851851852
true_lambo,high_vol_shock,33,25,8,5.44284557,-21.89964836,52.19751071,0.757575757576
true_lambo,range_choppy,63,56,7,2.52004077,-24.37705459,16.18673806,0.888888888889
true_lambo,range_quiet,37,32,5,3.43355306,-12.97564898,59.53065667,0.864864864865
true_lambo,transition,57,42,15,2.7395574,-27.861354,15.5771268,0.736842105263
twinturboV8,bear_trend,1,1,0,0.31749597,0.31749597,0.31749597,1
twinturboV8,bull_trend,13,11,2,3.67785823,-31.62770707,16.18063599,0.846153846154
twinturboV8,high_vol_shock,14,11,3,4.492457715,-31.51924864,64.42800924,0.785714285714
twinturboV8,range_choppy,4,4,0,3.71007932,3.52585568,5.46686136,1
twinturboV8,range_quiet,1,1,0,2.07136286,2.07136286,2.07136286,1
twinturboV8,transition,5,5,0,3.9287148,0.1865661,7.65991018,1
twinturboV8_2,bear_trend,1,1,0,3.90780148,3.90780148,3.90780148,1
twinturboV8_2,bull_trend,13,11,2,2.15188626,-44.52009534,10.94368774,0.846153846154
twinturboV8_2,high_vol_shock,13,11,2,5.1805609,-29.05388342,25.11455592,0.846153846154
twinturboV8_2,range_choppy,4,4,0,3.432634505,0.95399222,7.7523024,1
twinturboV8_2,range_quiet,1,1,0,1.764224,1.764224,1.764224,1
twinturboV8_2,transition,5,4,1,3.952241,-27.0634442,6.01929744,0.8
ultratank,bear_trend,99,71,28,2.720772,-134.20428559,61.44858087,0.717171717172
ultratank,bull_trend,144,89,55,1.539554435,-89.38983561,71.17165128,0.618055555556
ultratank,high_vol_shock,46,23,23,-1.18408222,-147.28845026,67.18366738,0.5
ultratank,range_choppy,112,88,24,3.67869211,-67.9294853,34.0739961,0.785714285714
ultratank,range_quiet,90,63,27,1.868904135,-40.29393089,26.58488889,0.7
ultratank,transition,168,122,46,2.308094375,-102.95459582,42.89849063,0.72619047619
wavetrend,bear_trend,75,62,13,9.24120642,-85.19447566,78.03181679,0.826666666667
wavetrend,bull_trend,129,99,30,7.69969218,-213.63166967,174.14183902,0.767441860465
wavetrend,high_vol_shock,42,20,22,-8.80403588,-239.25662432,266.10805752,0.47619047619
wavetrend,range_choppy,97,85,12,7.71585672,-230.95348762,83.51328299,0.876288659794
wavetrend,range_quiet,65,62,3,4.10285263,-68.4512781,28.6258155,0.953846153846
wavetrend,transition,153,138,15,5.8391517,-121.02191463,53.24509682,0.901960784314
wavetrend_rsi,bear_trend,58,47,11,2.156745105,-11.8208427,10.15390146,0.810344827586
wavetrend_rsi,bull_trend,117,86,31,1.13249414,-21.16825742,17.87457762,0.735042735043
wavetrend_rsi,high_vol_shock,39,20,19,0.08963699,-40.95261877,33.70356644,0.512820512821
wavetrend_rsi,range_choppy,73,62,11,1.3281072,-11.5657422,11.13676699,0.849315068493
wavetrend_rsi,range_quiet,42,41,1,1.069580605,-10.4154525,3.3808035,0.97619047619
wavetrend_rsi,transition,115,97,18,1.6404552,-20.2361709,8.67957138,0.84347826087
