strategy_id,run_profile,implementation_id,expansion_wave,scheduled,baseline_eligibility_status,baseline_exclusion_reasons,baseline_pending_reasons,baseline_recursive_kind,baseline_canonical_measured,baseline_canonical_observed_trades,terminal_status,source_repo,canonical_file,execution_timeframe,artifact_role,canonical_population,repair_class,repair_rules,equivalence_status,runtime_smoke_status,classification_status,classification_reason,taxonomy_logic,taxonomy_speed,taxonomy_complexity,taxonomy_regime_hypothesis,family_id,family_evidence
RegimeFilterStrategy,futures_long_short,RegimeFilterStrategy:11c48354d533,E0_strict67,true,eligible,,,,true,65,admitted_E0,Bananajoexxc/RegimeFilterStrategy-Freqtrade,repos/Bananajoexxc_RegimeFilterStrategy-Freqtrade/strategies/RegimeFilterStrategy.py,1h,strategy,original,,,not_applicable,measured,validated,mode and direction agree with static source evidence,trend_following,intraday,simple,bear+range,,pending_dedicated_family_manifest
AdvancedRiskFilterStrategy,spot_long,AdvancedRiskFilterStrategy:bcb660284ad4,C_measurement_recovery,true,ineligible,canonical_implementation_not_measured,native_mode_not_runtime_validated;lookahead_not_completed,,false,,queued,DonaldSimpson/remora-freqtrade,repos/DonaldSimpson_remora-freqtrade/examples/advanced_risk_filter_strategy.py,5m,strategy,original,,,not_applicable,not_run,provisional,mode and direction agree with static source evidence,unclear,scalp,simple,undetermined,,pending_dedicated_family_manifest
SimpleRiskFilterStrategy,spot_long,SimpleRiskFilterStrategy:349288612da4,C_measurement_recovery,true,ineligible,canonical_implementation_not_measured,native_mode_not_runtime_validated;lookahead_not_completed;recursive_bias_not_completed,,false,,queued,DonaldSimpson/remora-freqtrade,repos/DonaldSimpson_remora-freqtrade/examples/simple_risk_filter_strategy.py,5m,strategy,original,,,not_applicable,not_run,provisional,mode and direction agree with static source evidence,unclear,scalp,simple,undetermined,,pending_dedicated_family_manifest
MacdStrategy,spot_long,MacdStrategy:e06777de204f,E0_strict67,true,eligible,,,,true,454,admitted_E0,DutchCryptoDad/FreqtradeBotStrategyDevelopmentForBeginners,repos/DutchCryptoDad_FreqtradeBotStrategyDevelopmentForBeginners/MacdStrategy.py,1d,strategy,original,,,not_applicable,not_run,provisional,mode and direction agree with static source evidence,momentum,position,simple,bull,,pending_dedicated_family_manifest
MyStrategyTemplate,spot_long,MyStrategyTemplate:2a53430c587a,C_measurement_recovery,true,ineligible,canonical_implementation_not_measured,native_mode_not_runtime_validated;lookahead_not_completed,,false,,queued,DutchCryptoDad/FreqtradeBotStrategyDevelopmentForBeginners,repos/DutchCryptoDad_FreqtradeBotStrategyDevelopmentForBeginners/MyStrategyTemplate.py,5m,strategy,original,,,not_applicable,not_run,provisional,mode and direction agree with static source evidence,unclear,scalp,simple,undetermined,,pending_dedicated_family_manifest
SmaRsiStrategy,spot_long,SmaRsiStrategy:d2d0c1e93cee,D_recursive_drift,true,ineligible,recursive_bias_found,,drift_measured,true,575,queued,DutchCryptoDad/FreqtradeBotStrategyDevelopmentForBeginners,repos/DutchCryptoDad_FreqtradeBotStrategyDevelopmentForBeginners/SmaRsiStrategy.py,1d,strategy,original,,,not_applicable,not_run,provisional,mode and direction agree with static source evidence,hybrid,position,simple,undetermined,,pending_dedicated_family_manifest
SampleStrategy,spot_long,SampleStrategy:3ec261a86d86,D_recursive_drift,true,ineligible,recursive_bias_found,,drift_measured,true,12724,queued,DutchCryptoDad/FreqtradeBotStrategyDevelopmentForBeginners,repos/DutchCryptoDad_FreqtradeBotStrategyDevelopmentForBeginners/sample_strategy.py,5m,strategy,original,,,not_applicable,not_run,provisional,mode and direction agree with static source evidence,volatility,scalp,simple,high_vol,,pending_dedicated_family_manifest
ASDTSRockwellTrading,spot_long,ASDTSRockwellTrading:a8bfcc43a306,B_warmup_refusal,true,ineligible,recursive_bias_found,,refused_no_warmup,true,29952,queued,Foxel05/freqtrade-stuff,repos/Foxel05_freqtrade-stuff/strategies/ASDTSRockwellTrading.py,5m,strategy,original,,,not_applicable,not_run,provisional,mode and direction agree with static source evidence,momentum,scalp,simple,bull,,pending_dedicated_family_manifest
BBRSI,spot_long,BBRSI:8a5058ea5a2e,C_measurement_recovery,true,ineligible,canonical_implementation_not_measured,native_mode_not_runtime_validated;lookahead_not_completed,,false,,queued,Foxel05/freqtrade-stuff,repos/Foxel05_freqtrade-stuff/strategies/BBRSI.py,1h,strategy,original,,,not_applicable,not_run,provisional,mode and direction agree with static source evidence,mean_reversion,unknown,simple,range,,pending_dedicated_family_manifest
BigZ04_TSL4,spot_long,BigZ04_TSL4:51f93fa45411,E0_strict67,true,eligible,,,,true,1756,admitted_E0,Foxel05/freqtrade-stuff,repos/Foxel05_freqtrade-stuff/strategies/BigZ04_TSL4.py,5m,strategy,original,,,not_applicable,not_run,provisional,mode and direction agree with static source evidence,trend_following,scalp,moderate,bull,,pending_dedicated_family_manifest
BinHV45,spot_long,BinHV45:dad74375f7b6,B_warmup_refusal,true,ineligible,recursive_bias_found,,refused_no_warmup,true,749,queued,Foxel05/freqtrade-stuff,repos/Foxel05_freqtrade-stuff/strategies/BinHV45.py,1m,strategy,original,,,not_applicable,not_run,provisional,mode and direction agree with static source evidence,volatility,scalp,simple,high_vol,,pending_dedicated_family_manifest
Combined_NFIv7_SMA,spot_long,Combined_NFIv7_SMA:cc7aa357999a,D_recursive_drift,true,ineligible,recursive_bias_found,,drift_measured,true,927,queued,Foxel05/freqtrade-stuff,repos/Foxel05_freqtrade-stuff/strategies/Combined_NFIv7_SMA.py,5m,strategy,original,,,not_applicable,not_run,provisional,mode and direction agree with static source evidence,trend_following,scalp,complex,bull,,pending_dedicated_family_manifest
Dimond,spot_long,Dimond:4376ba0fb9f4,not_scheduled,false,ineligible,recursive_bias_found,lookahead_not_completed,,true,3,baseline_excluded,Foxel05/freqtrade-stuff,repos/Foxel05_freqtrade-stuff/strategies/Dimond.py,5m,strategy,repaired,class1,environment_compatibility,strict_equivalent,not_run,provisional,mode and direction agree with static source evidence,trend_following,scalp,simple,bull,,pending_dedicated_family_manifest
ElliotV7,spot_long,ElliotV7:33e3212d178f,not_scheduled,false,ineligible,recursive_bias_found,lookahead_not_completed,drift_measured,true,554,baseline_excluded,Foxel05/freqtrade-stuff,repos/Foxel05_freqtrade-stuff/strategies/ElliotV7.py,5m,strategy,original,,,not_applicable,not_run,provisional,mode and direction agree with static source evidence,trend_following,scalp,moderate,bull,,pending_dedicated_family_manifest
Elliotv8,spot_long,Elliotv8:8881381c69d4,not_scheduled,false,ineligible,recursive_bias_found;technical_trap_found,lookahead_not_completed,drift_measured,true,620,baseline_excluded,Foxel05/freqtrade-stuff,repos/Foxel05_freqtrade-stuff/strategies/ElliotV8.py,5m,strategy,original,,,not_applicable,not_run,provisional,mode and direction agree with static source evidence,trend_following,scalp,moderate,bull,,pending_dedicated_family_manifest
ElliotV8_original_ichiv3,spot_long,ElliotV8_original_ichiv3:348d96d3ab08,not_scheduled,false,ineligible,recursive_bias_found;technical_trap_found,lookahead_not_completed,drift_measured,true,1456,baseline_excluded,Foxel05/freqtrade-stuff,repos/Foxel05_freqtrade-stuff/strategies/ElliotV8_original_ichiv3.py,5m,strategy,original,,,not_applicable,not_run,provisional,mode and direction agree with static source evidence,trend_following,scalp,moderate,bull,,pending_dedicated_family_manifest
Inverse,spot_long,Inverse:28baa0e82861,D_recursive_drift,true,ineligible,recursive_bias_found,,drift_measured,true,2470,queued,Foxel05/freqtrade-stuff,repos/Foxel05_freqtrade-stuff/strategies/Inverse.py,1h,strategy,original,,,not_applicable,not_run,provisional,mode and direction agree with static source evidence,trend_following,intraday,moderate,bull,,pending_dedicated_family_manifest
InverseV2,spot_long,InverseV2:cff8f7be447a,D_recursive_drift,true,ineligible,recursive_bias_found,,drift_measured,true,989,queued,Foxel05/freqtrade-stuff,repos/Foxel05_freqtrade-stuff/strategies/InverseV2.py,1h,strategy,original,,,not_applicable,not_run,provisional,mode and direction agree with static source evidence,trend_following,intraday,moderate,bull,,pending_dedicated_family_manifest
MacheteV8b,spot_long,MacheteV8b:03e93809d877,not_scheduled,false,ineligible,canonical_implementation_not_measured;recursive_bias_found,native_mode_not_runtime_validated;lookahead_not_completed,drift_measured,false,,baseline_excluded,Foxel05/freqtrade-stuff,repos/Foxel05_freqtrade-stuff/strategies/MacheteV8b.py,15m,strategy,original,,,not_applicable,not_run,provisional,mode and direction agree with static source evidence,trend_following,intraday,complex,bull,,pending_dedicated_family_manifest
MultiMA_TSL,spot_long,MultiMA_TSL:7e8f8a956c7f,not_scheduled,false,ineligible,canonical_implementation_not_measured;recursive_bias_found,native_mode_not_runtime_validated;lookahead_not_completed,drift_measured,false,,baseline_excluded,Foxel05/freqtrade-stuff,repos/Foxel05_freqtrade-stuff/strategies/MultiMA_TSL.py,5m,strategy,original,,,not_applicable,not_run,provisional,mode and direction agree with static source evidence,trend_following,scalp,moderate,bull,,pending_dedicated_family_manifest
MultiOffsetLamboV0,spot_long,MultiOffsetLamboV0:e23c904ac28e,not_scheduled,false,ineligible,recursive_bias_found,lookahead_not_completed,drift_measured,true,200,baseline_excluded,Foxel05/freqtrade-stuff,repos/Foxel05_freqtrade-stuff/strategies/MultiOffsetLamboV0.py,5m,strategy,original,,,not_applicable,not_run,provisional,mode and direction agree with static source evidence,trend_following,scalp,moderate,bull,,pending_dedicated_family_manifest
NASOSv4,spot_long,NASOSv4:95f4a4295729,not_scheduled,false,ineligible,recursive_bias_found;technical_trap_found,lookahead_not_completed,drift_measured,true,1352,baseline_excluded,Foxel05/freqtrade-stuff,repos/Foxel05_freqtrade-stuff/strategies/NASOSv4.py,5m,strategy,original,,,not_applicable,not_run,provisional,mode and direction agree with static source evidence,trend_following,scalp,moderate,bull,,pending_dedicated_family_manifest
Nostalgia,spot_long,Nostalgia:e471c36ab08b,D_recursive_drift,true,ineligible,recursive_bias_found,,drift_measured,true,834,queued,Foxel05/freqtrade-stuff,repos/Foxel05_freqtrade-stuff/strategies/Nostalgia.py,5m,strategy,original,,,not_applicable,not_run,provisional,mode and direction agree with static source evidence,trend_following,scalp,complex,bull,,pending_dedicated_family_manifest
NostalgiaForInfinityNext,spot_long,NostalgiaForInfinityNext:6699a897dded,C_measurement_recovery,true,ineligible,canonical_implementation_not_measured,native_mode_not_runtime_validated;lookahead_not_completed;recursive_bias_not_completed,,false,,queued,Foxel05/freqtrade-stuff,repair/patched/repos/Foxel05_freqtrade-stuff/strategies/NostalgiaForInfinityNext.py,5m,strategy,repaired,class2,dead_np_where_dtype,strict_equivalent,not_run,provisional,mode and direction agree with static source evidence,trend_following,scalp,complex,bull,,pending_dedicated_family_manifest
NostalgiaForInfinityV5MultiOffsetAndHO,spot_long,NostalgiaForInfinityV5MultiOffsetAndHO:c45e11c692e5,D_recursive_drift,true,ineligible,recursive_bias_found,,drift_measured,true,1766,queued,Foxel05/freqtrade-stuff,repos/Foxel05_freqtrade-stuff/strategies/NostalgiaForInfinityV5MultiOffsetAndHO.py,5m,strategy,original,,,not_applicable,not_run,provisional,mode and direction agree with static source evidence,volatility,scalp,moderate,high_vol,,pending_dedicated_family_manifest
NotAnotherSMAOffSetStrategy_V2,spot_long,NotAnotherSMAOffSetStrategy_V2:be38c0ea3f29,not_scheduled,false,ineligible,recursive_bias_found,lookahead_not_completed,drift_measured,true,3,baseline_excluded,Foxel05/freqtrade-stuff,repos/Foxel05_freqtrade-stuff/strategies/NotAnotherSMAOffSetStrategy_V2.py,5m,strategy,repaired,class1,environment_compatibility,strict_equivalent,not_run,provisional,mode and direction agree with static source evidence,trend_following,scalp,moderate,bull,,pending_dedicated_family_manifest
NotAnotherSMAOffsetStrategyHOv3,spot_long,NotAnotherSMAOffsetStrategyHOv3:b083a1a126cd,not_scheduled,false,ineligible,recursive_bias_found,lookahead_not_completed,drift_measured,true,752,baseline_excluded,Foxel05/freqtrade-stuff,repos/Foxel05_freqtrade-stuff/strategies/NotAnotherSMAOffsetStrategyHOv3_b.py,5m,strategy,original,,,not_applicable,not_run,provisional,mode and direction agree with static source evidence,trend_following,scalp,moderate,bull,,pending_dedicated_family_manifest
NotAnotherSMAOffsetStrategyLite,spot_long,NotAnotherSMAOffsetStrategyLite:bd75cf33eb1e,D_recursive_drift,true,ineligible,recursive_bias_found,,drift_measured,true,1415,queued,Foxel05/freqtrade-stuff,repos/Foxel05_freqtrade-stuff/strategies/NotAnotherSMAOffsetStrategyLite.py,5m,strategy,original,,,not_applicable,not_run,provisional,mode and direction agree with static source evidence,trend_following,scalp,simple,bull,,pending_dedicated_family_manifest
NotAnotherSMAOffsetStrategyModHO,spot_long,NotAnotherSMAOffsetStrategyModHO:7c14f6484461,not_scheduled,false,ineligible,recursive_bias_found,lookahead_not_completed,drift_measured,true,1144,baseline_excluded,Foxel05/freqtrade-stuff,repos/Foxel05_freqtrade-stuff/strategies/NotAnotherSMAOffsetStrategyModHO.py,5m,strategy,original,,,not_applicable,not_run,provisional,mode and direction agree with static source evidence,trend_following,scalp,moderate,bull,,pending_dedicated_family_manifest
NotAnotherSMAOffsetStrategy_uzi,spot_long,NotAnotherSMAOffsetStrategy_uzi:0cda61e3ee00,not_scheduled,false,ineligible,recursive_bias_found,lookahead_not_completed,drift_measured,true,651,baseline_excluded,Foxel05/freqtrade-stuff,repos/Foxel05_freqtrade-stuff/strategies/NotAnotherSMAOffsetStrategy_uzi.py,5m,strategy,original,,,not_applicable,not_run,provisional,mode and direction agree with static source evidence,trend_following,scalp,simple,bull,,pending_dedicated_family_manifest
NotAnotherSMAOffsetStrategy_uzi3,spot_long,NotAnotherSMAOffsetStrategy_uzi3:b97d05116399,not_scheduled,false,ineligible,recursive_bias_found,lookahead_not_completed,drift_measured,true,1171,baseline_excluded,Foxel05/freqtrade-stuff,repos/Foxel05_freqtrade-stuff/strategies/NotAnotherSMAOffsetStrategy_uzi3.py,5m,strategy,original,,,not_applicable,not_run,provisional,mode and direction agree with static source evidence,trend_following,scalp,simple,bull,,pending_dedicated_family_manifest
Obelisk_Ichimoku_ZEMA_v1,spot_long,Obelisk_Ichimoku_ZEMA_v1:b16fa22d789b,C_measurement_recovery,true,ineligible,canonical_implementation_not_measured,native_mode_not_runtime_validated;lookahead_not_completed;recursive_bias_not_completed,,false,,queued,Foxel05/freqtrade-stuff,repair/patched/repos/Foxel05_freqtrade-stuff/strategies/Obelisk_Ichimoku_ZEMA_v1.py,5m,strategy,repaired,class2,pandas_removed_keywords,strict_equivalent,not_run,provisional,mode and direction agree with static source evidence,trend_following,scalp,moderate,bull,,pending_dedicated_family_manifest
RalliV1,spot_long,RalliV1:e3021aa4639b,not_scheduled,false,ineligible,recursive_bias_found,lookahead_not_completed,drift_measured,true,657,baseline_excluded,Foxel05/freqtrade-stuff,repos/Foxel05_freqtrade-stuff/strategies/RalliV1.py,5m,strategy,original,,,not_applicable,not_run,provisional,mode and direction agree with static source evidence,trend_following,scalp,moderate,bull,,pending_dedicated_family_manifest
RaposaDivergenceV1,spot_long,RaposaDivergenceV1:ee9a86daf635,not_scheduled,false,ineligible,canonical_implementation_not_measured;recursive_bias_found,native_mode_not_runtime_validated;lookahead_not_completed,drift_measured,false,,baseline_excluded,Foxel05/freqtrade-stuff,repos/Foxel05_freqtrade-stuff/strategies/RaposaDivergenceV1.py,5m,strategy,original,,,not_applicable,not_run,provisional,mode and direction agree with static source evidence,mean_reversion,scalp,simple,range,,pending_dedicated_family_manifest
SMAOG,spot_long,SMAOG:5909c02736a7,E0_strict67,true,eligible,,,,true,538,admitted_E0,Foxel05/freqtrade-stuff,repos/Foxel05_freqtrade-stuff/strategies/SMAOG.py,5m,strategy,original,,,not_applicable,not_run,provisional,mode and direction agree with static source evidence,hybrid,scalp,simple,undetermined,,pending_dedicated_family_manifest
SMAOffsetProtectOptV1,spot_long,SMAOffsetProtectOptV1:7c32c9693d44,not_scheduled,false,ineligible,recursive_bias_found,lookahead_not_completed,drift_measured,true,203,baseline_excluded,Foxel05/freqtrade-stuff,repos/Foxel05_freqtrade-stuff/strategies/SMAOffsetProtectOptV1.py,5m,strategy,original,,,not_applicable,not_run,provisional,mode and direction agree with static source evidence,hybrid,scalp,moderate,undetermined,,pending_dedicated_family_manifest
Macd,spot_long,Macd:446ed2df0ec1,B_warmup_refusal,true,ineligible,recursive_bias_found,,refused_no_warmup,true,1068,queued,Foxel05/freqtrade-stuff,repos/Foxel05_freqtrade-stuff/strategies/macd.py,1h,strategy,original,,,not_applicable,not_run,provisional,mode and direction agree with static source evidence,momentum,intraday,simple,bull,,pending_dedicated_family_manifest
MyStratV1,spot_long,MyStratV1:5f95a1cf1609,D_recursive_drift,true,ineligible,recursive_bias_found,,drift_measured,true,684,queued,Foxel05/freqtrade-stuff,repos/Foxel05_freqtrade-stuff/strategies/test.py,5m,strategy,original,,,not_applicable,not_run,provisional,mode and direction agree with static source evidence,trend_following,scalp,complex,bull,,pending_dedicated_family_manifest
AdaptiveRenkoStrategy,futures_long_short,AdaptiveRenkoStrategy:b1efced546db,C_measurement_recovery,true,ineligible,canonical_implementation_not_measured,native_mode_not_runtime_validated;lookahead_not_completed;recursive_bias_not_completed,,false,,queued,HeyMrRobot/Freqtrade-Adaptive-Renko-Strategy,repos/HeyMrRobot_Freqtrade-Adaptive-Renko-Strategy/AdaptiveRenkoStrategy.py,3m,strategy,original,,,not_applicable,failed,provisional,mode and direction agree with static source evidence,ml_freqai,scalp,simple,bear+range,,pending_dedicated_family_manifest
NotAnotherSMAOffsetStrategy,spot_long,NotAnotherSMAOffsetStrategy:133148024e56,not_scheduled,false,ineligible,recursive_bias_found,lookahead_not_completed,drift_measured,true,898,baseline_excluded,Juusseli/Trade,repos/Juusseli_Trade/NotAnotherSMAOffsetStrategy.py,5m,strategy,original,,,not_applicable,not_run,provisional,mode and direction agree with static source evidence,trend_following,scalp,moderate,bull,,pending_dedicated_family_manifest
FTT_DWT_FBB_FUTURES,futures_long_short,FTT_DWT_FBB_FUTURES:afe6cdaf156b,not_scheduled,false,ineligible,recursive_bias_found,,,true,941,baseline_excluded,Lijunnan0113/Lijunnan0113-Lijunnan_Freqtrade_Strategy,user_data/profile_repairs/FTT_DWT_FBB_FUTURES.py,5m,strategy,repaired,class2,pywavelets_writable_buffer,strict_equivalent,measured,validated,mode and direction agree with static source evidence,momentum,scalp,moderate,bear+range,,pending_dedicated_family_manifest
BinClucMadSMADevelop,spot_long,BinClucMadSMADevelop:38f0320c8f90,not_scheduled,false,ineligible,canonical_implementation_not_measured;recursive_bias_found,native_mode_not_runtime_validated;lookahead_not_completed,drift_measured,false,,baseline_excluded,MMR-19/freqtrade-strategies,repos/MMR-19_freqtrade-strategies/strategies/BinClucMadSMADevelop.py,5m,strategy,original,,,not_applicable,not_run,provisional,mode and direction agree with static source evidence,breakout,scalp,complex,transition+high_vol,,pending_dedicated_family_manifest
EI3v2_tag_cofi_green,spot_long,EI3v2_tag_cofi_green:347903c0df5c,not_scheduled,false,ineligible,recursive_bias_found;technical_trap_found,,drift_measured,true,3366,baseline_excluded,MMR-19/freqtrade-strategies,repos/MMR-19_freqtrade-strategies/strategies/EI3v2_tag_cofi_green.py,5m,strategy,original,,,not_applicable,not_run,provisional,mode and direction agree with static source evidence,trend_following,scalp,complex,bull,,pending_dedicated_family_manifest
MultiMA_TSL5,spot_long,MultiMA_TSL5:389505ebb118,C_measurement_recovery,true,ineligible,canonical_implementation_not_measured,native_mode_not_runtime_validated;lookahead_not_completed;recursive_bias_not_completed,,false,,queued,MMR-19/freqtrade-strategies,repos/MMR-19_freqtrade-strategies/strategies/MultiMA_TSL5.py,5m,strategy,original,,,not_applicable,not_run,provisional,mode and direction agree with static source evidence,trend_following,scalp,complex,bull,,pending_dedicated_family_manifest
NotAnotherSMAOffsetStrategyHO,spot_long,NotAnotherSMAOffsetStrategyHO:163e1320d188,not_scheduled,false,ineligible,recursive_bias_found,lookahead_not_completed,drift_measured,true,905,baseline_excluded,MMR-19/freqtrade-strategies,repos/MMR-19_freqtrade-strategies/strategies/NotAnotherSMAOffSetStrategyHO.py,5m,strategy,original,,,not_applicable,not_run,provisional,mode and direction agree with static source evidence,trend_following,scalp,moderate,bull,,pending_dedicated_family_manifest
tesla4,spot_long,tesla4:229cf5faac5f,not_scheduled,false,ineligible,recursive_bias_found;technical_trap_found,lookahead_not_completed,drift_measured,true,3,baseline_excluded,MMR-19/freqtrade-strategies,repos/MMR-19_freqtrade-strategies/strategies/Tesla4.py,5m,strategy,repaired,class1,environment_compatibility,strict_equivalent,not_run,provisional,mode and direction agree with static source evidence,trend_following,scalp,moderate,bull,,pending_dedicated_family_manifest
tesla7,spot_long,tesla7:00c21c324a08,not_scheduled,false,ineligible,recursive_bias_found;technical_trap_found,lookahead_not_completed,drift_measured,true,4,baseline_excluded,MMR-19/freqtrade-strategies,repos/MMR-19_freqtrade-strategies/strategies/Tesla7.py,5m,strategy,repaired,class1,environment_compatibility,strict_equivalent,not_run,provisional,mode and direction agree with static source evidence,trend_following,scalp,moderate,bull,,pending_dedicated_family_manifest
AdxSmasS,futures_short,AdxSmasS:c6ec923fd109,not_scheduled,false,ineligible,recursive_bias_found,,,true,74,baseline_excluded,MelvynClark/Freqtrade-Strategy,repos/MelvynClark_Freqtrade-Strategy/AdxSmas - S.py,1h,strategy,original,,,not_applicable,measured,validated,mode and direction agree with static source evidence,trend_following,intraday,simple,bear+range,,pending_dedicated_family_manifest
AwesomeMacd,spot_long,AwesomeMacd:cd96564fec14,B_warmup_refusal,true,ineligible,recursive_bias_found,,refused_no_warmup,true,3989,queued,MelvynClark/Freqtrade-Strategy,repos/MelvynClark_Freqtrade-Strategy/AwesomeMACD/AwesomeMacd.py,1h,strategy,original,,,not_applicable,not_run,provisional,mode and direction agree with static source evidence,trend_following,intraday,simple,bull,,pending_dedicated_family_manifest
AwesomeMacdS,spot_long,AwesomeMacdS:8ccbb0588a3c,not_scheduled,false,ineligible,canonical_implementation_not_measured;recursive_bias_found,native_mode_not_runtime_validated;lookahead_not_completed,refused_no_warmup,false,,baseline_excluded,MelvynClark/Freqtrade-Strategy,repos/MelvynClark_Freqtrade-Strategy/AwesomeMACD/AwesomeMacdS.py,1h,strategy,original,,,not_applicable,not_run,review,enter_short is dormant without a literal can_short=true,trend_following,intraday,simple,bull,,pending_dedicated_family_manifest
FOttStrategy,futures_long_short,FOttStrategy:cb0e3fc3a809,not_scheduled,false,ineligible,recursive_bias_found,,,true,187,baseline_excluded,MelvynClark/Freqtrade-Strategy,user_data/profile_repairs/FOttStrategy.py,15m,strategy,repaired,class2,linearize_quadratic_fixpoint_recurrence,strict_equivalent,measured,validated,mode and direction agree with static source evidence,trend_following,intraday,simple,bear+range,,pending_dedicated_family_manifest
FSupertrendStrategyBTC,spot_long,FSupertrendStrategyBTC:166789d38800,C_measurement_recovery,true,ineligible,canonical_implementation_not_measured,native_mode_not_runtime_validated;lookahead_not_completed,,false,,queued,MelvynClark/Freqtrade-Strategy,repos/MelvynClark_Freqtrade-Strategy/FSupertrendStrategy - BTC.py,1h,strategy,original,,,not_applicable,not_run,review,enter_short is dormant without a literal can_short=true,trend_following,intraday,simple,bull,,pending_dedicated_family_manifest
FSupertrendStrategyETH,spot_long,FSupertrendStrategyETH:1431b0900647,C_measurement_recovery,true,ineligible,canonical_implementation_not_measured,native_mode_not_runtime_validated;lookahead_not_completed,,false,,queued,MelvynClark/Freqtrade-Strategy,repos/MelvynClark_Freqtrade-Strategy/FSupertrendStrategy - ETH.py,1h,strategy,original,,,not_applicable,not_run,review,enter_short is dormant without a literal can_short=true,trend_following,intraday,simple,bull,,pending_dedicated_family_manifest
MACDRS,futures_long_short,MACDRS:9bfb781a26cb,not_scheduled,false,ineligible,recursive_bias_found,,,true,613,baseline_excluded,MelvynClark/Freqtrade-Strategy,repos/MelvynClark_Freqtrade-Strategy/MACDR/Futures MACD Crossover 5 candles ago.py,5m,strategy,original,,,not_applicable,measured,validated,mode and direction agree with static source evidence,momentum,scalp,simple,bear+range,,pending_dedicated_family_manifest
MACDRL,futures_long,MACDRL:bfe6537cf2a6,not_scheduled,false,ineligible,recursive_bias_found,,,true,200,baseline_excluded,MelvynClark/Freqtrade-Strategy,repos/MelvynClark_Freqtrade-Strategy/MACDR/MACDStrategy - robert long.py,5m,strategy,original,,,not_applicable,measured,review,can_short=true but no explicit enter_short write,momentum,scalp,simple,bull,,pending_dedicated_family_manifest
MACDStrategyADA,spot_long,MACDStrategyADA:10fe039bf4c0,B_warmup_refusal,true,ineligible,recursive_bias_found,,refused_no_warmup,true,7456,queued,MelvynClark/Freqtrade-Strategy,repos/MelvynClark_Freqtrade-Strategy/MACDStrategy - ADA.py,5m,strategy,original,,,not_applicable,not_run,provisional,mode and direction agree with static source evidence,momentum,scalp,simple,bull,,pending_dedicated_family_manifest
MACDStrategyAVAX,spot_long,MACDStrategyAVAX:99caf98ab9bd,B_warmup_refusal,true,ineligible,recursive_bias_found,,refused_no_warmup,true,7456,queued,MelvynClark/Freqtrade-Strategy,repos/MelvynClark_Freqtrade-Strategy/MACDStrategy - AVAX.py,5m,strategy,original,,,not_applicable,not_run,provisional,mode and direction agree with static source evidence,momentum,scalp,simple,bull,,pending_dedicated_family_manifest
MACDStrategyBTC,spot_long,MACDStrategyBTC:0f82e3251478,B_warmup_refusal,true,ineligible,recursive_bias_found,,refused_no_warmup,true,7456,queued,MelvynClark/Freqtrade-Strategy,repos/MelvynClark_Freqtrade-Strategy/MACDStrategy - BTC.py,5m,strategy,original,,,not_applicable,not_run,provisional,mode and direction agree with static source evidence,momentum,scalp,simple,bull,,pending_dedicated_family_manifest
MACDStrategyENJ,spot_long,MACDStrategyENJ:f81a4ca780d7,B_warmup_refusal,true,ineligible,recursive_bias_found,,refused_no_warmup,true,7456,queued,MelvynClark/Freqtrade-Strategy,repos/MelvynClark_Freqtrade-Strategy/MACDStrategy - ENJ.py,5m,strategy,original,,,not_applicable,not_run,provisional,mode and direction agree with static source evidence,momentum,scalp,simple,bull,,pending_dedicated_family_manifest
MACDStrategyETC,spot_long,MACDStrategyETC:0a33db88c825,B_warmup_refusal,true,ineligible,recursive_bias_found,,refused_no_warmup,true,7456,queued,MelvynClark/Freqtrade-Strategy,repos/MelvynClark_Freqtrade-Strategy/MACDStrategy - ETC.py,5m,strategy,original,,,not_applicable,not_run,provisional,mode and direction agree with static source evidence,momentum,scalp,simple,bull,,pending_dedicated_family_manifest
MACDStrategySOL,spot_long,MACDStrategySOL:72005a2d344a,B_warmup_refusal,true,ineligible,recursive_bias_found,,refused_no_warmup,true,7456,queued,MelvynClark/Freqtrade-Strategy,repos/MelvynClark_Freqtrade-Strategy/MACDStrategy - SOL.py,5m,strategy,original,,,not_applicable,not_run,provisional,mode and direction agree with static source evidence,momentum,scalp,simple,bull,,pending_dedicated_family_manifest
MACDStrategyXRP,spot_long,MACDStrategyXRP:1d2e080ab020,B_warmup_refusal,true,ineligible,recursive_bias_found,,refused_no_warmup,true,7456,queued,MelvynClark/Freqtrade-Strategy,repos/MelvynClark_Freqtrade-Strategy/MACDStrategy - XRP.py,5m,strategy,original,,,not_applicable,not_run,provisional,mode and direction agree with static source evidence,momentum,scalp,simple,bull,,pending_dedicated_family_manifest
NostalgiaForInfinityX,spot_long,NostalgiaForInfinityX:526c611cc04a,C_measurement_recovery,true,ineligible,canonical_implementation_not_measured,native_mode_not_runtime_validated;lookahead_not_completed;recursive_bias_not_completed,,false,,queued,MelvynClark/Freqtrade-Strategy,repair/patched/repos/PeetCrypto_freqtrade-stuff/NFIXMod1.3_TraNz (3).py,5m,strategy,repaired,class2,dead_np_where_dtype,strict_equivalent,not_run,provisional,mode and direction agree with static source evidence,trend_following,scalp,complex,bull,,pending_dedicated_family_manifest
ReinforcedSmoothScalp,spot_long,ReinforcedSmoothScalp:583e7138ae98,B_warmup_refusal,true,ineligible,recursive_bias_found,,refused_no_warmup,true,663,queued,MelvynClark/Freqtrade-Strategy,repos/MelvynClark_Freqtrade-Strategy/ReinforcedSmoothScalp.py,15m,strategy,original,,,not_applicable,not_run,provisional,mode and direction agree with static source evidence,mean_reversion,intraday,simple,range,,pending_dedicated_family_manifest
ReinforcedSmoothScalpS,spot_long,ReinforcedSmoothScalpS:9de7fb8e74a2,not_scheduled,false,ineligible,canonical_implementation_not_measured;recursive_bias_found,native_mode_not_runtime_validated;lookahead_not_completed,refused_no_warmup,false,,baseline_excluded,MelvynClark/Freqtrade-Strategy,repos/MelvynClark_Freqtrade-Strategy/ReinforcedSmoothScalpS.py,15m,strategy,original,,,not_applicable,not_run,review,enter_short is dormant without a literal can_short=true,mean_reversion,intraday,simple,range,,pending_dedicated_family_manifest
SimpleHopt,spot_long,SimpleHopt:d55cca4892b5,B_warmup_refusal,true,ineligible,recursive_bias_found,,refused_no_warmup,true,16675,queued,MelvynClark/Freqtrade-Strategy,repos/MelvynClark_Freqtrade-Strategy/Simple Strategy/SimpleHopt.py,5m,strategy,original,,,not_applicable,not_run,provisional,mode and direction agree with static source evidence,momentum,scalp,simple,bull,,pending_dedicated_family_manifest
SimpleHopt1Along,spot_long,SimpleHopt1Along:bdcc718a4b96,not_scheduled,false,ineligible,recursive_bias_found;technical_trap_found,,refused_no_warmup,true,4467,baseline_excluded,MelvynClark/Freqtrade-Strategy,repos/MelvynClark_Freqtrade-Strategy/Simple Strategy/SimpleHopt1Along.py,4h,strategy,original,,,not_applicable,not_run,provisional,mode and direction agree with static source evidence,momentum,swing,simple,bull,,pending_dedicated_family_manifest
SimpleHopt1Ashort,futures_short,SimpleHopt1Ashort:6ac2dafe92e0,not_scheduled,false,ineligible,technical_trap_found,zero_trades_in_smoke_requires_full_window;lookahead_not_completed;recursive_bias_not_completed;futures_mode_bias_diagnostics_not_completed,,true,0,baseline_excluded,MelvynClark/Freqtrade-Strategy,repos/MelvynClark_Freqtrade-Strategy/Simple Strategy/SimpleHopt1Ashort.py,1d,strategy,original,,,not_applicable,measured,validated,mode and direction agree with static source evidence,momentum,position,simple,bear+range,,pending_dedicated_family_manifest
SimpleHoptS,futures_short,SimpleHoptS:0885a7330df3,not_scheduled,false,ineligible,technical_trap_found,zero_trades_in_smoke_requires_full_window;lookahead_not_completed;recursive_bias_not_completed;futures_mode_bias_diagnostics_not_completed,,true,0,baseline_excluded,MelvynClark/Freqtrade-Strategy,repos/MelvynClark_Freqtrade-Strategy/Simple Strategy/SimpleHoptS.py,1d,strategy,original,,,not_applicable,measured,validated,mode and direction agree with static source evidence,momentum,position,simple,bear+range,,pending_dedicated_family_manifest
RLStrategy,spot_long,RLStrategy:bbe2043d5545,C_measurement_recovery,true,ineligible,canonical_implementation_not_measured,native_mode_not_runtime_validated;lookahead_not_completed;recursive_bias_not_completed,,false,,queued,Mohamed-sm/Freqtrade-RLStrategy-IA,repos/Mohamed-sm_Freqtrade-RLStrategy-IA/RLStrategy.py,1h,strategy,original,,,not_applicable,not_run,review,enter_short is dormant without a literal can_short=true,ml_freqai,intraday,simple,undetermined,,pending_dedicated_family_manifest
ADXMomentum,spot_long,ADXMomentum:bdbfd15a521c,not_scheduled,false,ineligible,technical_trap_found,lookahead_not_completed,,true,83,baseline_excluded,PeetCrypto/freqtrade-stuff,repos/PeetCrypto_freqtrade-stuff/ADXMomentum.py,1h,strategy,original,,,not_applicable,not_run,provisional,mode and direction agree with static source evidence,trend_following,intraday,simple,bull,,pending_dedicated_family_manifest
ADX_15M_USDT,spot_long,ADX_15M_USDT:1cf6c1e674ba,C_measurement_recovery,true,ineligible,canonical_implementation_not_measured,native_mode_not_runtime_validated;lookahead_not_completed;recursive_bias_not_completed,,false,,queued,PeetCrypto/freqtrade-stuff,repos/PeetCrypto_freqtrade-stuff/ADX_15M_USDT.py,15m,strategy,original,,,not_applicable,not_run,provisional,mode and direction agree with static source evidence,trend_following,unknown,simple,bull,,pending_dedicated_family_manifest
ActionZone,spot_long,ActionZone:6f446b83a7a7,not_scheduled,false,ineligible,recursive_bias_found,lookahead_not_completed,drift_measured,true,561,baseline_excluded,PeetCrypto/freqtrade-stuff,repos/PeetCrypto_freqtrade-stuff/ActionZone.py,1d,strategy,original,,,not_applicable,not_run,provisional,mode and direction agree with static source evidence,trend_following,position,simple,bull,,pending_dedicated_family_manifest
AdxSmas,spot_long,AdxSmas:21c5d2067b68,not_scheduled,false,ineligible,recursive_bias_found,,,true,7004,baseline_excluded,PeetCrypto/freqtrade-stuff,repos/PeetCrypto_freqtrade-stuff/AdxSmas.py,1h,strategy,original,,,not_applicable,not_run,provisional,mode and direction agree with static source evidence,trend_following,intraday,simple,bull,,pending_dedicated_family_manifest
AlligatorStrat,spot_long,AlligatorStrat:0f9f93fc281f,C_measurement_recovery,true,ineligible,canonical_implementation_not_measured,native_mode_not_runtime_validated;lookahead_not_completed;recursive_bias_not_completed,,false,,queued,PeetCrypto/freqtrade-stuff,repos/PeetCrypto_freqtrade-stuff/AlligatorStrat.py,4h,strategy,original,,,not_applicable,not_run,provisional,mode and direction agree with static source evidence,trend_following,unknown,simple,bull,,pending_dedicated_family_manifest
AlligatorStrategy,spot_long,AlligatorStrategy:f8dd6abec007,not_scheduled,false,ineligible,recursive_bias_found,lookahead_not_completed,drift_measured,true,1839,baseline_excluded,PeetCrypto/freqtrade-stuff,repos/PeetCrypto_freqtrade-stuff/AlligatorStrategy.py,1h,strategy,original,,,not_applicable,not_run,provisional,mode and direction agree with static source evidence,unclear,intraday,moderate,undetermined,,pending_dedicated_family_manifest
Apollo11,spot_long,Apollo11:94be9ac12c9e,not_scheduled,false,ineligible,recursive_bias_found,lookahead_not_completed,drift_measured,true,6378,baseline_excluded,PeetCrypto/freqtrade-stuff,repos/PeetCrypto_freqtrade-stuff/Apollo11 (1).py,15m,strategy,original,,,not_applicable,not_run,provisional,mode and direction agree with static source evidence,breakout,intraday,simple,transition+high_vol,,pending_dedicated_family_manifest
AutoArimaTripleV1,spot_long,AutoArimaTripleV1:28658be5735d,C_measurement_recovery,true,ineligible,canonical_implementation_not_measured,native_mode_not_runtime_validated;lookahead_not_completed,,false,,queued,PeetCrypto/freqtrade-stuff,repos/PeetCrypto_freqtrade-stuff/AutoArimaTripleV1.py,5m,strategy,original,,,not_applicable,not_run,provisional,mode and direction agree with static source evidence,unclear,scalp,simple,undetermined,,pending_dedicated_family_manifest
AverageStrategy,spot_long,AverageStrategy:de84f5e8ddc6,not_scheduled,false,ineligible,recursive_bias_found,,,true,2875,baseline_excluded,PeetCrypto/freqtrade-stuff,repos/PeetCrypto_freqtrade-stuff/AverageStrategy.py,4h,strategy,original,,,not_applicable,not_run,provisional,mode and direction agree with static source evidence,trend_following,swing,simple,bull,,pending_dedicated_family_manifest
BBRSIOptimizedStrategy,spot_long,BBRSIOptimizedStrategy:6665da53c362,not_scheduled,false,ineligible,recursive_bias_found,lookahead_not_completed,drift_measured,true,33132,baseline_excluded,PeetCrypto/freqtrade-stuff,repos/PeetCrypto_freqtrade-stuff/BBRSIOptimizedStrategy.py,5m,strategy,original,,,not_applicable,not_run,provisional,mode and direction agree with static source evidence,mean_reversion,scalp,simple,range,,pending_dedicated_family_manifest
BBRSITV,spot_long,BBRSITV:c10374dfd4d5,not_scheduled,false,ineligible,recursive_bias_found,lookahead_not_completed,drift_measured,true,420,baseline_excluded,PeetCrypto/freqtrade-stuff,repos/PeetCrypto_freqtrade-stuff/BBRSITV.py,5m,strategy,original,,,not_applicable,not_run,provisional,mode and direction agree with static source evidence,trend_following,scalp,moderate,bull,,pending_dedicated_family_manifest
BB_RPB_3c,spot_long,BB_RPB_3c:9fef5712313e,C_measurement_recovery,true,ineligible,canonical_implementation_not_measured,native_mode_not_runtime_validated;lookahead_not_completed,,false,,queued,PeetCrypto/freqtrade-stuff,repos/PeetCrypto_freqtrade-stuff/BB_RPB_3c.py,5m,strategy,original,,,not_applicable,not_run,provisional,mode and direction agree with static source evidence,volatility,scalp,complex,high_vol,,pending_dedicated_family_manifest
BB_RPB_TSL,spot_long,BB_RPB_TSL:875dd8fd2b6f,C_measurement_recovery,true,ineligible,canonical_implementation_not_measured,native_mode_not_runtime_validated;lookahead_not_completed;recursive_bias_not_completed,,false,,queued,PeetCrypto/freqtrade-stuff,repair/patched/repos/PeetCrypto_freqtrade-stuff/BB_RPB_TSL.py,5m,strategy,repaired,class2,dead_np_where_dtype;param_missing_space,strict_equivalent,not_run,provisional,mode and direction agree with static source evidence,trend_following,scalp,complex,bull,,pending_dedicated_family_manifest
BB_RPB_TSL_BIV1,spot_long,BB_RPB_TSL_BIV1:b5d7bc12de5f,C_measurement_recovery,true,ineligible,canonical_implementation_not_measured,native_mode_not_runtime_validated;lookahead_not_completed;recursive_bias_not_completed,,false,,queued,PeetCrypto/freqtrade-stuff,repair/patched/repos/PeetCrypto_freqtrade-stuff/BB_RPB_TSL_BI-v4_EWO2-v3.py,5m,strategy,repaired,class2,dead_np_where_dtype;param_missing_space,strict_equivalent,not_run,provisional,mode and direction agree with static source evidence,trend_following,scalp,complex,bull,,pending_dedicated_family_manifest
BB_RPB_TSL_BI,spot_long,BB_RPB_TSL_BI:4af2eaa00931,C_measurement_recovery,true,ineligible,canonical_implementation_not_measured,native_mode_not_runtime_validated;lookahead_not_completed;recursive_bias_not_completed,,false,,queued,PeetCrypto/freqtrade-stuff,repair/patched/repos/PeetCrypto_freqtrade-stuff/BB_RPB_TSL_BI.py,5m,strategy,repaired,class2,dead_np_where_dtype;param_missing_space,strict_equivalent,not_run,provisional,mode and direction agree with static source evidence,trend_following,scalp,complex,bull,,pending_dedicated_family_manifest
BB_RPB_TSL_RNG,spot_long,BB_RPB_TSL_RNG:841148b7f976,not_scheduled,false,ineligible,recursive_bias_found,,,true,778,baseline_excluded,PeetCrypto/freqtrade-stuff,repos/PeetCrypto_freqtrade-stuff/BB_RPB_TSL_RNG.py,5m,strategy,original,,,not_applicable,not_run,provisional,mode and direction agree with static source evidence,mean_reversion,scalp,complex,range,,pending_dedicated_family_manifest
BB_RPB_TSL_RNG_TBS,spot_long,BB_RPB_TSL_RNG_TBS:9b4f2bf2615e,not_scheduled,false,ineligible,recursive_bias_found,,,true,778,baseline_excluded,PeetCrypto/freqtrade-stuff,repos/PeetCrypto_freqtrade-stuff/BB_RPB_TSL_RNG_TBS.py,5m,strategy,original,,,not_applicable,not_run,provisional,mode and direction agree with static source evidence,mean_reversion,scalp,complex,range,,pending_dedicated_family_manifest
BB_RPB_TSL_RNG_TBS_GOLD,spot_long,BB_RPB_TSL_RNG_TBS_GOLD:2618c192ea74,not_scheduled,false,ineligible,recursive_bias_found,,,true,969,baseline_excluded,PeetCrypto/freqtrade-stuff,repos/PeetCrypto_freqtrade-stuff/BB_RPB_TSL_RNG_TBS_GOLD (2).py,5m,strategy,original,,,not_applicable,not_run,provisional,mode and direction agree with static source evidence,mean_reversion,scalp,complex,range,,pending_dedicated_family_manifest
BB_RPB_TSL_SMA_Tranz,spot_long,BB_RPB_TSL_SMA_Tranz:f0029fe193f5,C_measurement_recovery,true,ineligible,canonical_implementation_not_measured,native_mode_not_runtime_validated;lookahead_not_completed;recursive_bias_not_completed,,false,,queued,PeetCrypto/freqtrade-stuff,repair/patched/repos/PeetCrypto_freqtrade-stuff/BB_RPB_TSL_SMA_Tranz_1_5_2_MAIN (10).py,5m,strategy,repaired,class2,dead_np_where_dtype,strict_equivalent,not_run,provisional,mode and direction agree with static source evidence,trend_following,scalp,complex,bull,,pending_dedicated_family_manifest
BB_RSI,spot_long,BB_RSI:8fc62c11510d,C_measurement_recovery,true,ineligible,canonical_implementation_not_measured,native_mode_not_runtime_validated;lookahead_not_completed;recursive_bias_not_completed,,false,,queued,PeetCrypto/freqtrade-stuff,repos/PeetCrypto_freqtrade-stuff/BB_RSI.py,1h,strategy,original,,,not_applicable,not_run,provisional,mode and direction agree with static source evidence,mean_reversion,unknown,simple,range,,pending_dedicated_family_manifest
BB_Strategy04,spot_long,BB_Strategy04:2a6015204750,C_measurement_recovery,true,ineligible,canonical_implementation_not_measured,native_mode_not_runtime_validated;lookahead_not_completed;recursive_bias_not_completed,,false,,queued,PeetCrypto/freqtrade-stuff,repos/PeetCrypto_freqtrade-stuff/BB_Strategy04.py,1h,strategy,original,,,not_applicable,not_run,provisional,mode and direction agree with static source evidence,mean_reversion,unknown,simple,range,,pending_dedicated_family_manifest
BBands,spot_long,BBands:6cffd3840a23,not_scheduled,false,ineligible,recursive_bias_found,lookahead_not_completed,drift_measured,true,7063,baseline_excluded,PeetCrypto/freqtrade-stuff,repos/PeetCrypto_freqtrade-stuff/BBands.py,1m,strategy,repaired,class1,environment_compatibility,strict_equivalent,not_run,provisional,mode and direction agree with static source evidence,trend_following,scalp,moderate,bull,,pending_dedicated_family_manifest
BBandsRSI,spot_long,BBandsRSI:23f70d40e77a,not_scheduled,false,ineligible,recursive_bias_found,lookahead_not_completed,drift_measured,true,24684,baseline_excluded,PeetCrypto/freqtrade-stuff,repos/PeetCrypto_freqtrade-stuff/BBandsRSI.py,5m,strategy,original,,,not_applicable,not_run,provisional,mode and direction agree with static source evidence,mean_reversion,scalp,simple,range,,pending_dedicated_family_manifest
BbRoi,spot_long,BbRoi:220417917186,C_measurement_recovery,true,ineligible,canonical_implementation_not_measured,native_mode_not_runtime_validated;lookahead_not_completed;recursive_bias_not_completed,,false,,queued,PeetCrypto/freqtrade-stuff,repos/PeetCrypto_freqtrade-stuff/BbRoi.py,15m,strategy,original,,,not_applicable,not_run,provisional,mode and direction agree with static source evidence,volatility,unknown,simple,high_vol,,pending_dedicated_family_manifest
BbandRsi,spot_long,BbandRsi:90324695a35b,not_scheduled,false,ineligible,recursive_bias_found,,,true,16106,baseline_excluded,PeetCrypto/freqtrade-stuff,repos/PeetCrypto_freqtrade-stuff/BbandRsi.py,1m,strategy,repaired,class1,environment_compatibility,strict_equivalent,not_run,provisional,mode and direction agree with static source evidence,mean_reversion,scalp,simple,range,,pending_dedicated_family_manifest
BbandRsiRolling,spot_long,BbandRsiRolling:5e85e7186701,not_scheduled,false,ineligible,recursive_bias_found,,,true,17916,baseline_excluded,PeetCrypto/freqtrade-stuff,repos/PeetCrypto_freqtrade-stuff/BbandRsiRolling.py,5m,strategy,original,,,not_applicable,not_run,provisional,mode and direction agree with static source evidence,mean_reversion,scalp,simple,range,,pending_dedicated_family_manifest
BcmbigzDevelop,spot_long,BcmbigzDevelop:b299be1e149d,not_scheduled,false,ineligible,canonical_implementation_not_measured;recursive_bias_found,native_mode_not_runtime_validated;lookahead_not_completed,drift_measured,false,,baseline_excluded,PeetCrypto/freqtrade-stuff,repos/PeetCrypto_freqtrade-stuff/BcmbigzDevelop (1).py,5m,strategy,original,,,not_applicable,not_run,provisional,mode and direction agree with static source evidence,volatility,scalp,complex,high_vol,,pending_dedicated_family_manifest
BcmbigzV1,spot_long,BcmbigzV1:bdf457464be5,not_scheduled,false,ineligible,recursive_bias_found,lookahead_not_completed,drift_measured,true,1453,baseline_excluded,PeetCrypto/freqtrade-stuff,repos/PeetCrypto_freqtrade-stuff/BcmbigzV1 (1).py,5m,strategy,original,,,not_applicable,not_run,provisional,mode and direction agree with static source evidence,momentum,scalp,moderate,bull,,pending_dedicated_family_manifest
BeastBotXBLR6,spot_long,BeastBotXBLR6:6d69bee2722b,not_scheduled,false,ineligible,recursive_bias_found,lookahead_not_completed,drift_measured,true,635,baseline_excluded,PeetCrypto/freqtrade-stuff,repos/PeetCrypto_freqtrade-stuff/BeastBotXBLR6.py,5m,strategy,original,,,not_applicable,not_run,provisional,mode and direction agree with static source evidence,breakout,scalp,complex,transition+high_vol,,pending_dedicated_family_manifest
BeastBotXBLR7,spot_long,BeastBotXBLR7:04d791eadbd1,not_scheduled,false,ineligible,recursive_bias_found,lookahead_not_completed,drift_measured,true,569,baseline_excluded,PeetCrypto/freqtrade-stuff,repos/PeetCrypto_freqtrade-stuff/BeastBotXBLR7.py,5m,strategy,original,,,not_applicable,not_run,provisional,mode and direction agree with static source evidence,breakout,scalp,complex,transition+high_vol,,pending_dedicated_family_manifest
BigZ04,spot_long,BigZ04:94482f9f9aca,not_scheduled,false,ineligible,recursive_bias_found,lookahead_not_completed,drift_measured,true,1313,baseline_excluded,PeetCrypto/freqtrade-stuff,repos/PeetCrypto_freqtrade-stuff/BigZ04.py,5m,strategy,original,,,not_applicable,not_run,provisional,mode and direction agree with static source evidence,momentum,scalp,moderate,bull,,pending_dedicated_family_manifest
BigZ04_TSL3,spot_long,BigZ04_TSL3:49aae7693602,E0_strict67,true,eligible,,,,true,1643,admitted_E0,PeetCrypto/freqtrade-stuff,repos/PeetCrypto_freqtrade-stuff/BigZ04_TSL3.py,5m,strategy,original,,,not_applicable,not_run,provisional,mode and direction agree with static source evidence,momentum,scalp,moderate,bull,,pending_dedicated_family_manifest
BinClucMadDevelop,spot_long,BinClucMadDevelop:89456c771a80,not_scheduled,false,ineligible,canonical_implementation_not_measured;recursive_bias_found,native_mode_not_runtime_validated;lookahead_not_completed,drift_measured,false,,baseline_excluded,PeetCrypto/freqtrade-stuff,repos/PeetCrypto_freqtrade-stuff/BinClucMadDevelop.py,5m,strategy,original,,,not_applicable,not_run,provisional,mode and direction agree with static source evidence,volatility,scalp,moderate,high_vol,,pending_dedicated_family_manifest
CoreStrategy,spot_long,CoreStrategy:12335f6e4b6d,not_scheduled,false,ineligible,canonical_implementation_not_measured;recursive_bias_found,native_mode_not_runtime_validated;lookahead_not_completed,drift_measured,false,,baseline_excluded,PeetCrypto/freqtrade-stuff,repos/PeetCrypto_freqtrade-stuff/BinClucMadSMACore.py,5m,strategy,original,,,not_applicable,not_run,provisional,mode and direction agree with static source evidence,breakout,scalp,complex,transition+high_vol,,pending_dedicated_family_manifest
BinHV27,spot_long,BinHV27:62b8250f065c,not_scheduled,false,ineligible,recursive_bias_found,,,true,11503,baseline_excluded,PeetCrypto/freqtrade-stuff,repos/PeetCrypto_freqtrade-stuff/BinHV27.py,5m,strategy,original,,,not_applicable,not_run,provisional,mode and direction agree with static source evidence,trend_following,scalp,simple,bull,,pending_dedicated_family_manifest
BlueEyes_MPP_v1,spot_long,BlueEyes_MPP_v1:76b7b90abb59,C_measurement_recovery,true,ineligible,canonical_implementation_not_measured,native_mode_not_runtime_validated;lookahead_not_completed,,false,,queued,PeetCrypto/freqtrade-stuff,repos/PeetCrypto_freqtrade-stuff/BlueEyes_MPP_v1.py,5m,strategy,original,,,not_applicable,not_run,provisional,mode and direction agree with static source evidence,trend_following,scalp,simple,bull,,pending_dedicated_family_manifest
BreakEven,spot_long,BreakEven:8ebcd502377e,C_measurement_recovery,true,ineligible,canonical_implementation_not_measured,native_mode_not_runtime_validated;lookahead_not_completed,,false,,queued,PeetCrypto/freqtrade-stuff,repos/PeetCrypto_freqtrade-stuff/BreakEven.py,5m,strategy,original,,,not_applicable,not_run,provisional,mode and direction agree with static source evidence,unclear,scalp,simple,undetermined,,pending_dedicated_family_manifest
BuyAllSellAllStrategy,spot_long,BuyAllSellAllStrategy:26ef4042d8ca,not_scheduled,false,ineligible,lookahead_found,,,true,27042,baseline_excluded,PeetCrypto/freqtrade-stuff,repos/PeetCrypto_freqtrade-stuff/BuyAllSellAllStrategy.py,5m,strategy,original,,,not_applicable,not_run,provisional,mode and direction agree with static source evidence,unclear,scalp,simple,undetermined,,pending_dedicated_family_manifest
CCIStrategy,spot_long,CCIStrategy:b0c297deb321,not_scheduled,false,ineligible,lookahead_found,,,true,12348,baseline_excluded,PeetCrypto/freqtrade-stuff,repos/PeetCrypto_freqtrade-stuff/CCIStrategy.py,1m,strategy,original,,,not_applicable,not_run,provisional,mode and direction agree with static source evidence,mean_reversion,scalp,simple,range,,pending_dedicated_family_manifest
CMCWinner,spot_long,CMCWinner:3cf873558c07,not_scheduled,false,ineligible,recursive_bias_found,,,true,6632,baseline_excluded,PeetCrypto/freqtrade-stuff,repos/PeetCrypto_freqtrade-stuff/CMCWinner.py,15m,strategy,original,,,not_applicable,not_run,provisional,mode and direction agree with static source evidence,mean_reversion,intraday,simple,range,,pending_dedicated_family_manifest
Chained,spot_long,Chained:8a12dc00a307,C_measurement_recovery,true,ineligible,canonical_implementation_not_measured,native_mode_not_runtime_validated;lookahead_not_completed;recursive_bias_not_completed;exact_regime_window_coverage_not_verified,,false,,queued,PeetCrypto/freqtrade-stuff,repos/PeetCrypto_freqtrade-stuff/Chained.py,,strategy,original,,,not_applicable,not_run,provisional,mode and direction agree with static source evidence,unclear,unknown,moderate,undetermined,,pending_dedicated_family_manifest
Chispei,spot_long,Chispei:f16650c34f6c,C_measurement_recovery,true,ineligible,canonical_implementation_not_measured,native_mode_not_runtime_validated;lookahead_not_completed;recursive_bias_not_completed,,false,,queued,PeetCrypto/freqtrade-stuff,repos/PeetCrypto_freqtrade-stuff/Chispei.py,4h,strategy,original,,,not_applicable,not_run,provisional,mode and direction agree with static source evidence,trend_following,unknown,simple,bull,,pending_dedicated_family_manifest
Cluc4werk,spot_long,Cluc4werk:9f4e7aaa4084,not_scheduled,false,ineligible,recursive_bias_found,,,true,3269,baseline_excluded,PeetCrypto/freqtrade-stuff,repos/PeetCrypto_freqtrade-stuff/Cluc4werk.py,1m,strategy,original,,,not_applicable,not_run,provisional,mode and direction agree with static source evidence,trend_following,scalp,simple,bull,,pending_dedicated_family_manifest
Cluc5werk,spot_long,Cluc5werk:177d8129f421,not_scheduled,false,ineligible,recursive_bias_found,,,true,2210,baseline_excluded,PeetCrypto/freqtrade-stuff,repos/PeetCrypto_freqtrade-stuff/Cluc5werk.py,1m,strategy,original,,,not_applicable,not_run,provisional,mode and direction agree with static source evidence,trend_following,scalp,simple,bull,,pending_dedicated_family_manifest
Cluc7werk,spot_long,Cluc7werk:ab01a4950e79,E0_strict67,true,eligible,,,,true,1719,admitted_E0,PeetCrypto/freqtrade-stuff,repos/PeetCrypto_freqtrade-stuff/Cluc7werk.py,1m,strategy,repaired,class1,environment_compatibility,strict_equivalent,not_run,provisional,mode and direction agree with static source evidence,volatility,scalp,simple,high_vol,,pending_dedicated_family_manifest
ClucCrypROI,spot_long,ClucCrypROI:34f2adcd1b6c,C_measurement_recovery,true,ineligible,canonical_implementation_not_measured,native_mode_not_runtime_validated;lookahead_not_completed;recursive_bias_not_completed;exact_regime_window_coverage_not_verified,,false,,queued,PeetCrypto/freqtrade-stuff,repos/PeetCrypto_freqtrade-stuff/ClucCrypROI.py,,strategy,original,,,not_applicable,not_run,provisional,mode and direction agree with static source evidence,trend_following,intraday,simple,bull,,pending_dedicated_family_manifest
ClucCrypSlow,spot_long,ClucCrypSlow:2d6888947f19,C_measurement_recovery,true,ineligible,canonical_implementation_not_measured,native_mode_not_runtime_validated;lookahead_not_completed;recursive_bias_not_completed;exact_regime_window_coverage_not_verified,,false,,queued,PeetCrypto/freqtrade-stuff,repos/PeetCrypto_freqtrade-stuff/ClucCrypSlow (1).py,,strategy,original,,,not_applicable,not_run,provisional,mode and direction agree with static source evidence,trend_following,intraday,simple,bull,,pending_dedicated_family_manifest
ClucFiatROI,spot_long,ClucFiatROI:8373aa7b2eb7,not_scheduled,false,ineligible,recursive_bias_found,lookahead_not_completed,drift_measured,true,6026,baseline_excluded,PeetCrypto/freqtrade-stuff,repos/PeetCrypto_freqtrade-stuff/ClucFiatROI.py,5m,strategy,original,,,not_applicable,not_run,provisional,mode and direction agree with static source evidence,trend_following,scalp,simple,bull,,pending_dedicated_family_manifest
ClucFiatSlow,spot_long,ClucFiatSlow:e4f094baf517,not_scheduled,false,ineligible,recursive_bias_found,lookahead_not_completed,drift_measured,true,6026,baseline_excluded,PeetCrypto/freqtrade-stuff,repos/PeetCrypto_freqtrade-stuff/ClucFiatSlow.py,5m,strategy,original,,,not_applicable,not_run,provisional,mode and direction agree with static source evidence,volatility,scalp,simple,high_vol,,pending_dedicated_family_manifest
ClucHAnix,spot_long,ClucHAnix:acdf6026a23b,not_scheduled,false,ineligible,recursive_bias_found,lookahead_not_completed,,true,480,baseline_excluded,PeetCrypto/freqtrade-stuff,repos/PeetCrypto_freqtrade-stuff/ClucHAnix (3).py,1m,strategy,repaired,class1,environment_compatibility,strict_equivalent,not_run,provisional,mode and direction agree with static source evidence,momentum,scalp,simple,bull,,pending_dedicated_family_manifest
ClucHAnix_5m1,spot_long,ClucHAnix_5m1:b360b019fc39,E0_strict67,true,eligible,,,,true,3049,admitted_E0,PeetCrypto/freqtrade-stuff,repos/PeetCrypto_freqtrade-stuff/ClucHAnix 5m trailbuy2 + BBRSIV5 offsets.py,5m,strategy,original,,,not_applicable,not_run,provisional,mode and direction agree with static source evidence,momentum,scalp,moderate,bull,,pending_dedicated_family_manifest
ClucHAnix_5m,spot_long,ClucHAnix_5m:1d891b45265a,E0_strict67,true,eligible,,,,true,2834,admitted_E0,PeetCrypto/freqtrade-stuff,repos/PeetCrypto_freqtrade-stuff/ClucHAnix_5m.py,5m,strategy,original,,,not_applicable,not_run,provisional,mode and direction agree with static source evidence,momentum,scalp,moderate,bull,,pending_dedicated_family_manifest
ClucHAnix_BB_RPB,spot_long,ClucHAnix_BB_RPB:364e1b08627a,not_scheduled,false,ineligible,canonical_implementation_not_measured;recursive_bias_found,native_mode_not_runtime_validated;lookahead_not_completed,drift_measured,false,,baseline_excluded,PeetCrypto/freqtrade-stuff,repos/PeetCrypto_freqtrade-stuff/ClucHAnix_BB_RPB.py,1m,strategy,original,,,not_applicable,not_run,provisional,mode and direction agree with static source evidence,trend_following,scalp,moderate,bull,,pending_dedicated_family_manifest
ClucHAnix_BB_RPB_HO2,spot_long,ClucHAnix_BB_RPB_HO2:634a4ca04069,not_scheduled,false,ineligible,canonical_implementation_not_measured;recursive_bias_found,native_mode_not_runtime_validated;lookahead_not_completed,drift_measured,false,,baseline_excluded,PeetCrypto/freqtrade-stuff,repos/PeetCrypto_freqtrade-stuff/ClucHAnix_BB_RPB_HO2.py,1m,strategy,original,,,not_applicable,not_run,provisional,mode and direction agree with static source evidence,trend_following,scalp,moderate,bull,,pending_dedicated_family_manifest
ClucHAnix_BB_RPB_MOD,spot_long,ClucHAnix_BB_RPB_MOD:80a156eb3105,not_scheduled,false,ineligible,canonical_implementation_not_measured;recursive_bias_found,native_mode_not_runtime_validated;lookahead_not_completed,drift_measured,false,,baseline_excluded,PeetCrypto/freqtrade-stuff,repos/PeetCrypto_freqtrade-stuff/ClucHAnix_BB_RPB_MOD.py,1m,strategy,original,,,not_applicable,not_run,provisional,mode and direction agree with static source evidence,trend_following,scalp,moderate,bull,,pending_dedicated_family_manifest
ClucHAnix5m,spot_long,ClucHAnix5m:c953429441da,not_scheduled,false,ineligible,canonical_implementation_not_measured;recursive_bias_found,native_mode_not_runtime_validated;lookahead_not_completed,drift_measured,false,,baseline_excluded,PeetCrypto/freqtrade-stuff,repos/PeetCrypto_freqtrade-stuff/ClucHAnix_BB_RPB_MOD_E0V1E_DYNAMIC_TB (1).py,5m,strategy,original,,,not_applicable,not_run,provisional,mode and direction agree with static source evidence,trend_following,scalp,moderate,bull,,pending_dedicated_family_manifest
ClucHAnix_BB_RPB_MOD_trailing_buy,spot_long,ClucHAnix_BB_RPB_MOD_trailing_buy:008305386e9f,C_measurement_recovery,true,ineligible,canonical_implementation_not_measured,native_mode_not_runtime_validated;lookahead_not_completed,,false,,queued,PeetCrypto/freqtrade-stuff,repos/PeetCrypto_freqtrade-stuff/ClucHAnix_BB_RPB_MOD_trailing_buy.py,5m,strategy,original,,,not_applicable,not_run,provisional,mode and direction agree with static source evidence,trend_following,scalp,moderate,bull,,pending_dedicated_family_manifest
ClucHAnix_hhll,spot_long,ClucHAnix_hhll:fc4bbf923d0a,not_scheduled,false,ineligible,recursive_bias_found,lookahead_not_completed,drift_measured,true,2278,baseline_excluded,PeetCrypto/freqtrade-stuff,repos/PeetCrypto_freqtrade-stuff/ClucHAnix_hhll (1).py,5m,strategy,original,,,not_applicable,not_run,provisional,mode and direction agree with static source evidence,trend_following,scalp,moderate,bull,,pending_dedicated_family_manifest
ClucHAwerk,spot_long,ClucHAwerk:57f7650eee2e,E0_strict67,true,eligible,,,,true,2183,admitted_E0,PeetCrypto/freqtrade-stuff,repos/PeetCrypto_freqtrade-stuff/ClucHAwerk.py,1m,strategy,repaired,class1,environment_compatibility,strict_equivalent,not_run,provisional,mode and direction agree with static source evidence,trend_following,scalp,simple,bull,,pending_dedicated_family_manifest
ClucMay72018,spot_long,ClucMay72018:8318baa109a4,not_scheduled,false,ineligible,recursive_bias_found,,,true,2507,baseline_excluded,PeetCrypto/freqtrade-stuff,repos/PeetCrypto_freqtrade-stuff/ClucMay72018.py,5m,strategy,original,,,not_applicable,not_run,provisional,mode and direction agree with static source evidence,trend_following,scalp,simple,bull,,pending_dedicated_family_manifest
CofiBitStrategy,spot_long,CofiBitStrategy:22bda2594f7f,not_scheduled,false,ineligible,recursive_bias_found,,,true,27444,baseline_excluded,PeetCrypto/freqtrade-stuff,repos/PeetCrypto_freqtrade-stuff/CofiBitStrategy.py,5m,strategy,original,,,not_applicable,not_run,provisional,mode and direction agree with static source evidence,trend_following,scalp,simple,bull,,pending_dedicated_family_manifest
CombinedBinHAndCluc,spot_long,CombinedBinHAndCluc:ac3ab1a70862,not_scheduled,false,ineligible,recursive_bias_found,,,true,3540,baseline_excluded,PeetCrypto/freqtrade-stuff,repos/PeetCrypto_freqtrade-stuff/CombinedBinHAndCluc.py,5m,strategy,original,,,not_applicable,not_run,provisional,mode and direction agree with static source evidence,trend_following,scalp,simple,bull,,pending_dedicated_family_manifest
CombinedBinHAndCluc2021,spot_long,CombinedBinHAndCluc2021:f3fed45418a9,not_scheduled,false,ineligible,recursive_bias_found,,,true,3297,baseline_excluded,PeetCrypto/freqtrade-stuff,repos/PeetCrypto_freqtrade-stuff/CombinedBinHAndCluc2021.py,5m,strategy,original,,,not_applicable,not_run,provisional,mode and direction agree with static source evidence,volatility,scalp,simple,high_vol,,pending_dedicated_family_manifest
CombinedBinHAndCluc2021Bull,spot_long,CombinedBinHAndCluc2021Bull:1e9664a5c649,not_scheduled,false,ineligible,recursive_bias_found,,,true,3876,baseline_excluded,PeetCrypto/freqtrade-stuff,repos/PeetCrypto_freqtrade-stuff/CombinedBinHAndCluc2021Bull.py,5m,strategy,original,,,not_applicable,not_run,provisional,mode and direction agree with static source evidence,volatility,scalp,simple,high_vol,,pending_dedicated_family_manifest
CombinedBinHAndClucV2,spot_long,CombinedBinHAndClucV2:df6a01ba2c9a,not_scheduled,false,ineligible,recursive_bias_found,lookahead_not_completed,drift_measured,true,728,baseline_excluded,PeetCrypto/freqtrade-stuff,repos/PeetCrypto_freqtrade-stuff/CombinedBinHAndClucV2.py,5m,strategy,original,,,not_applicable,not_run,provisional,mode and direction agree with static source evidence,breakout,scalp,simple,transition+high_vol,,pending_dedicated_family_manifest
CombinedBinHAndClucV4,spot_long,CombinedBinHAndClucV4:5b63903cd9dc,not_scheduled,false,ineligible,recursive_bias_found,lookahead_not_completed,drift_measured,true,2965,baseline_excluded,PeetCrypto/freqtrade-stuff,repos/PeetCrypto_freqtrade-stuff/CombinedBinHAndClucV4.py,5m,strategy,original,,,not_applicable,not_run,provisional,mode and direction agree with static source evidence,trend_following,scalp,simple,bull,,pending_dedicated_family_manifest
CombinedBinHAndClucV5,spot_long,CombinedBinHAndClucV5:4b0ae1dd6e31,not_scheduled,false,ineligible,recursive_bias_found,lookahead_not_completed,drift_measured,true,2985,baseline_excluded,PeetCrypto/freqtrade-stuff,repos/PeetCrypto_freqtrade-stuff/CombinedBinHAndClucV5.py,5m,strategy,original,,,not_applicable,not_run,provisional,mode and direction agree with static source evidence,trend_following,scalp,simple,bull,,pending_dedicated_family_manifest
CombinedBinHAndClucV6,spot_long,CombinedBinHAndClucV6:7ee4bea1ad00,E0_strict67,true,eligible,,,,true,1724,admitted_E0,PeetCrypto/freqtrade-stuff,repos/PeetCrypto_freqtrade-stuff/CombinedBinHAndClucV6.py,5m,strategy,original,,,not_applicable,not_run,provisional,mode and direction agree with static source evidence,volatility,scalp,simple,high_vol,,pending_dedicated_family_manifest
CombinedBinHAndClucV6H,spot_long,CombinedBinHAndClucV6H:fe550b05a056,C_measurement_recovery,true,ineligible,canonical_implementation_not_measured,native_mode_not_runtime_validated;lookahead_not_completed,,false,,queued,PeetCrypto/freqtrade-stuff,repos/PeetCrypto_freqtrade-stuff/CombinedBinHAndClucV6H.py,5m,strategy,original,,,not_applicable,not_run,provisional,mode and direction agree with static source evidence,volatility,scalp,moderate,high_vol,,pending_dedicated_family_manifest
CombinedBinHAndClucV7,spot_long,CombinedBinHAndClucV7:d16ea1c3384e,E0_strict67,true,eligible,,,,true,889,admitted_E0,PeetCrypto/freqtrade-stuff,repos/PeetCrypto_freqtrade-stuff/CombinedBinHAndClucV7.py,5m,strategy,original,,,not_applicable,not_run,provisional,mode and direction agree with static source evidence,volatility,scalp,moderate,high_vol,,pending_dedicated_family_manifest
CombinedBinHAndClucV8,spot_long,CombinedBinHAndClucV8:43b43b5cfdfe,not_scheduled,false,ineligible,recursive_bias_found,lookahead_not_completed,drift_measured,true,884,baseline_excluded,PeetCrypto/freqtrade-stuff,repos/PeetCrypto_freqtrade-stuff/CombinedBinHAndClucV8.py,5m,strategy,original,,,not_applicable,not_run,provisional,mode and direction agree with static source evidence,volatility,scalp,moderate,high_vol,,pending_dedicated_family_manifest
CombinedBinHAndClucV8Hyper,spot_long,CombinedBinHAndClucV8Hyper:83df28a8955a,not_scheduled,false,ineligible,recursive_bias_found,lookahead_not_completed,drift_measured,true,1243,baseline_excluded,PeetCrypto/freqtrade-stuff,repos/PeetCrypto_freqtrade-stuff/CombinedBinHAndClucV8Hyper.py,5m,strategy,original,,,not_applicable,not_run,provisional,mode and direction agree with static source evidence,volatility,scalp,moderate,high_vol,,pending_dedicated_family_manifest
CombinedBinHAndClucV8XH,spot_long,CombinedBinHAndClucV8XH:c31f2e1a690f,not_scheduled,false,ineligible,recursive_bias_found,lookahead_not_completed,drift_measured,true,642,baseline_excluded,PeetCrypto/freqtrade-stuff,repos/PeetCrypto_freqtrade-stuff/CombinedBinHAndClucV8XH.py,5m,strategy,original,,,not_applicable,not_run,provisional,mode and direction agree with static source evidence,volatility,scalp,moderate,high_vol,,pending_dedicated_family_manifest
CombinedBinHClucAndMADV3,spot_long,CombinedBinHClucAndMADV3:4ca3200a239b,E0_strict67,true,eligible,,,,true,1717,admitted_E0,PeetCrypto/freqtrade-stuff,repos/PeetCrypto_freqtrade-stuff/CombinedBinHClucAndMADV3.py,5m,strategy,original,,,not_applicable,not_run,provisional,mode and direction agree with static source evidence,volatility,scalp,simple,high_vol,,pending_dedicated_family_manifest
CombinedBinHClucAndMADV6,spot_long,CombinedBinHClucAndMADV6:5a2e13597c2e,E0_strict67,true,eligible,,,,true,1616,admitted_E0,PeetCrypto/freqtrade-stuff,repos/PeetCrypto_freqtrade-stuff/CombinedBinHClucAndMADV6.py,5m,strategy,original,,,not_applicable,not_run,provisional,mode and direction agree with static source evidence,volatility,scalp,simple,high_vol,,pending_dedicated_family_manifest
CombinedBinHClucAndMADV9,spot_long,CombinedBinHClucAndMADV9:3a3c2c36f9c9,E0_strict67,true,eligible,,,,true,2842,admitted_E0,PeetCrypto/freqtrade-stuff,repos/PeetCrypto_freqtrade-stuff/CombinedBinHClucAndMADV9.py,5m,strategy,original,,,not_applicable,not_run,provisional,mode and direction agree with static source evidence,volatility,scalp,moderate,high_vol,,pending_dedicated_family_manifest
Combined_NFIv6_SMA,spot_long,Combined_NFIv6_SMA:65188d2eb9f2,not_scheduled,false,ineligible,recursive_bias_found,lookahead_not_completed,drift_measured,true,951,baseline_excluded,PeetCrypto/freqtrade-stuff,repos/PeetCrypto_freqtrade-stuff/Combined_NFIv6_SMA.py,5m,strategy,original,,,not_applicable,not_run,provisional,mode and direction agree with static source evidence,volatility,scalp,complex,high_vol,,pending_dedicated_family_manifest
CrossEMAStrategy,spot_long,CrossEMAStrategy:28bc245bdb58,not_scheduled,false,ineligible,recursive_bias_found,lookahead_not_completed,drift_measured,true,4063,baseline_excluded,PeetCrypto/freqtrade-stuff,repos/PeetCrypto_freqtrade-stuff/CrossEMAStrategy.py,1h,strategy,original,,,not_applicable,not_run,provisional,mode and direction agree with static source evidence,unclear,intraday,moderate,undetermined,,pending_dedicated_family_manifest
CryptoFrog,spot_long,CryptoFrog:9df6d7dfa478,C_measurement_recovery,true,ineligible,canonical_implementation_not_measured,native_mode_not_runtime_validated;lookahead_not_completed,,false,,queued,PeetCrypto/freqtrade-stuff,repos/PeetCrypto_freqtrade-stuff/CryptoFrog.py,5m,strategy,original,,,not_applicable,not_run,provisional,mode and direction agree with static source evidence,trend_following,scalp,complex,bull,,pending_dedicated_family_manifest
CryptoFrogHO,spot_long,CryptoFrogHO:84156f3c5c36,C_measurement_recovery,true,ineligible,canonical_implementation_not_measured,native_mode_not_runtime_validated;lookahead_not_completed,,false,,queued,PeetCrypto/freqtrade-stuff,repos/PeetCrypto_freqtrade-stuff/CryptoFrogHO.py,5m,strategy,original,,,not_applicable,not_run,provisional,mode and direction agree with static source evidence,trend_following,scalp,complex,bull,,pending_dedicated_family_manifest
CryptoFrogHO2,spot_long,CryptoFrogHO2:1fa719dcd8ce,C_measurement_recovery,true,ineligible,canonical_implementation_not_measured,native_mode_not_runtime_validated;lookahead_not_completed,,false,,queued,PeetCrypto/freqtrade-stuff,repos/PeetCrypto_freqtrade-stuff/CryptoFrogHO2.py,5m,strategy,original,,,not_applicable,not_run,provisional,mode and direction agree with static source evidence,trend_following,scalp,complex,bull,,pending_dedicated_family_manifest
CryptoFrogHO2A,spot_long,CryptoFrogHO2A:847539efa083,C_measurement_recovery,true,ineligible,canonical_implementation_not_measured,native_mode_not_runtime_validated;lookahead_not_completed,,false,,queued,PeetCrypto/freqtrade-stuff,repos/PeetCrypto_freqtrade-stuff/CryptoFrogHO2A.py,5m,strategy,original,,,not_applicable,not_run,provisional,mode and direction agree with static source evidence,trend_following,scalp,complex,bull,,pending_dedicated_family_manifest
CryptoFrogHO3A1,spot_long,CryptoFrogHO3A1:0797316a9dd6,C_measurement_recovery,true,ineligible,canonical_implementation_not_measured,native_mode_not_runtime_validated;lookahead_not_completed,,false,,queued,PeetCrypto/freqtrade-stuff,repos/PeetCrypto_freqtrade-stuff/CryptoFrogHO3A1.py,5m,strategy,original,,,not_applicable,not_run,provisional,mode and direction agree with static source evidence,trend_following,scalp,complex,bull,,pending_dedicated_family_manifest
CryptoFrogHO3A2,spot_long,CryptoFrogHO3A2:534aa9e9bbc1,C_measurement_recovery,true,ineligible,canonical_implementation_not_measured,native_mode_not_runtime_validated;lookahead_not_completed,,false,,queued,PeetCrypto/freqtrade-stuff,repos/PeetCrypto_freqtrade-stuff/CryptoFrogHO3A2.py,5m,strategy,original,,,not_applicable,not_run,provisional,mode and direction agree with static source evidence,trend_following,scalp,complex,bull,,pending_dedicated_family_manifest
CryptoFrogHO3A3,spot_long,CryptoFrogHO3A3:2a4d958d77b8,C_measurement_recovery,true,ineligible,canonical_implementation_not_measured,native_mode_not_runtime_validated;lookahead_not_completed,,false,,queued,PeetCrypto/freqtrade-stuff,repos/PeetCrypto_freqtrade-stuff/CryptoFrogHO3A3.py,5m,strategy,original,,,not_applicable,not_run,provisional,mode and direction agree with static source evidence,trend_following,scalp,complex,bull,,pending_dedicated_family_manifest
CryptoFrogHO3A4,spot_long,CryptoFrogHO3A4:d1ef173efa7d,C_measurement_recovery,true,ineligible,canonical_implementation_not_measured,native_mode_not_runtime_validated;lookahead_not_completed,,false,,queued,PeetCrypto/freqtrade-stuff,repos/PeetCrypto_freqtrade-stuff/CryptoFrogHO3A4.py,5m,strategy,original,,,not_applicable,not_run,provisional,mode and direction agree with static source evidence,trend_following,scalp,complex,bull,,pending_dedicated_family_manifest
CryptoFrogNFI,spot_long,CryptoFrogNFI:2683be32b043,not_scheduled,false,ineligible,canonical_implementation_not_measured;recursive_bias_found,native_mode_not_runtime_validated;lookahead_not_completed,drift_measured,false,,baseline_excluded,PeetCrypto/freqtrade-stuff,repos/PeetCrypto_freqtrade-stuff/CryptoFrogNFI.py,5m,strategy,original,,,not_applicable,not_run,provisional,mode and direction agree with static source evidence,trend_following,scalp,complex,bull,,pending_dedicated_family_manifest
CryptoFrogNFI2,spot_long,CryptoFrogNFI2:7382d6068b5e,C_measurement_recovery,true,ineligible,canonical_implementation_not_measured,native_mode_not_runtime_validated;lookahead_not_completed;recursive_bias_not_completed,,false,,queued,PeetCrypto/freqtrade-stuff,repos/PeetCrypto_freqtrade-stuff/CryptoFrogNFI2.py,5m,strategy,original,,,not_applicable,not_run,provisional,mode and direction agree with static source evidence,trend_following,scalp,complex,bull,,pending_dedicated_family_manifest
CryptoFrogNFIHO1A,spot_long,CryptoFrogNFIHO1A:5c97e4fad3b8,not_scheduled,false,ineligible,canonical_implementation_not_measured;recursive_bias_found,native_mode_not_runtime_validated;lookahead_not_completed,drift_measured,false,,baseline_excluded,PeetCrypto/freqtrade-stuff,repos/PeetCrypto_freqtrade-stuff/CryptoFrogNFIHO1A.py,5m,strategy,original,,,not_applicable,not_run,provisional,mode and direction agree with static source evidence,trend_following,scalp,complex,bull,,pending_dedicated_family_manifest
CryptoFrogOffset,spot_long,CryptoFrogOffset:8c5a7ed49aa3,not_scheduled,false,ineligible,canonical_implementation_not_measured;recursive_bias_found,native_mode_not_runtime_validated;lookahead_not_completed,drift_measured,false,,baseline_excluded,PeetCrypto/freqtrade-stuff,repos/PeetCrypto_freqtrade-stuff/CryptoFrogOffset.py,5m,strategy,original,,,not_applicable,not_run,provisional,mode and direction agree with static source evidence,trend_following,scalp,complex,bull,,pending_dedicated_family_manifest
DIV_v1,spot_long,DIV_v1:25993c371a87,not_scheduled,false,ineligible,canonical_implementation_not_measured;technical_trap_found,native_mode_not_runtime_validated;lookahead_not_completed;recursive_bias_not_completed,,false,,baseline_excluded,PeetCrypto/freqtrade-stuff,repair/patched/repos/PeetCrypto_freqtrade-stuff/DIV_v1.py,5m,strategy,repaired,class2,pandas_removed_keywords,strict_equivalent,not_run,provisional,mode and direction agree with static source evidence,mean_reversion,scalp,simple,range,,pending_dedicated_family_manifest
DevilStra,spot_long,DevilStra:3fd994557200,not_scheduled,false,ineligible,recursive_bias_found,lookahead_not_completed,,true,689,baseline_excluded,PeetCrypto/freqtrade-stuff,repos/PeetCrypto_freqtrade-stuff/DevilStra.py,4h,strategy,repaired,class1,environment_compatibility,strict_equivalent,not_run,provisional,mode and direction agree with static source evidence,trend_following,swing,moderate,bull,,pending_dedicated_family_manifest
Divergences,spot_long,Divergences:1ac476980fc0,not_scheduled,false,ineligible,recursive_bias_found,lookahead_not_completed,drift_measured,true,9981,baseline_excluded,PeetCrypto/freqtrade-stuff,repos/PeetCrypto_freqtrade-stuff/Divergences.py,1h,strategy,original,,,not_applicable,not_run,provisional,mode and direction agree with static source evidence,volatility,intraday,moderate,high_vol,,pending_dedicated_family_manifest
DoesNothingStrategy,spot_long,DoesNothingStrategy:253f1425ab63,C_measurement_recovery,true,ineligible,canonical_implementation_not_measured,native_mode_not_runtime_validated;lookahead_not_completed,,false,,queued,PeetCrypto/freqtrade-stuff,repos/PeetCrypto_freqtrade-stuff/DoesNothingStrategy.py,5m,strategy,original,,,not_applicable,not_run,provisional,mode and direction agree with static source evidence,unclear,scalp,simple,undetermined,,pending_dedicated_family_manifest
Dracula,spot_long,Dracula:afbc20276d68,not_scheduled,false,ineligible,recursive_bias_found,lookahead_not_completed,,true,15,baseline_excluded,PeetCrypto/freqtrade-stuff,repos/PeetCrypto_freqtrade-stuff/Dracula.py,1m,strategy,repaired,class1,environment_compatibility,strict_equivalent,not_run,provisional,mode and direction agree with static source evidence,hybrid,scalp,simple,undetermined,,pending_dedicated_family_manifest
Dyna_opti,spot_long,Dyna_opti:b04a36f48cec,C_measurement_recovery,true,ineligible,canonical_implementation_not_measured,native_mode_not_runtime_validated;lookahead_not_completed,,false,,queued,PeetCrypto/freqtrade-stuff,repos/PeetCrypto_freqtrade-stuff/Dyna_opti.py,5m,strategy,original,,,not_applicable,not_run,provisional,mode and direction agree with static source evidence,momentum,scalp,moderate,bull,,pending_dedicated_family_manifest
EMASkipPump,spot_long,EMASkipPump:1874b03c9de1,not_scheduled,false,ineligible,recursive_bias_found,,,true,34322,baseline_excluded,PeetCrypto/freqtrade-stuff,repos/PeetCrypto_freqtrade-stuff/EMASkipPump.py,5m,strategy,original,,,not_applicable,not_run,provisional,mode and direction agree with static source evidence,trend_following,scalp,simple,bull,,pending_dedicated_family_manifest
EMAVolume,spot_long,EMAVolume:d1e8d261e1fe,C_measurement_recovery,true,ineligible,canonical_implementation_not_measured,native_mode_not_runtime_validated;lookahead_not_completed;recursive_bias_not_completed,,false,,queued,PeetCrypto/freqtrade-stuff,repos/PeetCrypto_freqtrade-stuff/EMAVolume.py,15m,strategy,original,,,not_applicable,not_run,provisional,mode and direction agree with static source evidence,trend_following,unknown,simple,bull,,pending_dedicated_family_manifest
EnsembleStrategy,spot_long,EnsembleStrategy:e7fb1ea9f021,C_measurement_recovery,true,ineligible,canonical_implementation_not_measured,native_mode_not_runtime_validated;lookahead_not_completed;recursive_bias_not_completed;exact_regime_window_coverage_not_verified,,false,,queued,PeetCrypto/freqtrade-stuff,repos/PeetCrypto_freqtrade-stuff/EnsembleStrategy.py,,strategy,original,,,not_applicable,not_run,provisional,mode and direction agree with static source evidence,unclear,unknown,moderate,undetermined,,pending_dedicated_family_manifest
EnsembleStrategyV1,spot_long,EnsembleStrategyV1:093baefc4abd,C_measurement_recovery,true,ineligible,canonical_implementation_not_measured,native_mode_not_runtime_validated;lookahead_not_completed;recursive_bias_not_completed;exact_regime_window_coverage_not_verified,,false,,queued,PeetCrypto/freqtrade-stuff,repos/PeetCrypto_freqtrade-stuff/EnsembleStrategyV1.py,,strategy,original,,,not_applicable,not_run,provisional,mode and direction agree with static source evidence,unclear,unknown,moderate,undetermined,,pending_dedicated_family_manifest
EnsembleStrategyV2,spot_long,EnsembleStrategyV2:80f309fb73bd,C_measurement_recovery,true,ineligible,canonical_implementation_not_measured,native_mode_not_runtime_validated;lookahead_not_completed;recursive_bias_not_completed;exact_regime_window_coverage_not_verified,,false,,queued,PeetCrypto/freqtrade-stuff,repos/PeetCrypto_freqtrade-stuff/EnsembleStrategyV2.py,,strategy,original,,,not_applicable,not_run,provisional,mode and direction agree with static source evidence,unclear,unknown,moderate,undetermined,,pending_dedicated_family_manifest
Ichi,spot_long,Ichi:87916f286b5d,not_scheduled,false,ineligible,lookahead_found,,,true,14697,baseline_excluded,PeetCrypto/freqtrade-stuff,repos/PeetCrypto_freqtrade-stuff/Example_Strat_With_FileLogging.py,15m,strategy,original,,,not_applicable,not_run,provisional,mode and direction agree with static source evidence,trend_following,intraday,simple,bull,,pending_dedicated_family_manifest
FRAYSTRAT,spot_long,FRAYSTRAT:d3196d39dc18,not_scheduled,false,ineligible,recursive_bias_found,lookahead_not_completed,drift_measured,true,12446,baseline_excluded,PeetCrypto/freqtrade-stuff,repos/PeetCrypto_freqtrade-stuff/FRAYSTRAT (1).py,15m,strategy,original,,,not_applicable,not_run,provisional,mode and direction agree with static source evidence,trend_following,intraday,moderate,bull,,pending_dedicated_family_manifest
FrayStratBTC,spot_long,FrayStratBTC:16634765d8c5,not_scheduled,false,ineligible,recursive_bias_found,lookahead_not_completed,drift_measured,true,9089,baseline_excluded,PeetCrypto/freqtrade-stuff,repos/PeetCrypto_freqtrade-stuff/FRAYSTRAT-BTCUSDT-1H.py,15m,strategy,original,,,not_applicable,not_run,provisional,mode and direction agree with static source evidence,trend_following,intraday,moderate,bull,,pending_dedicated_family_manifest
FiveMinCrossAbove,spot_long,FiveMinCrossAbove:64f31d591444,not_scheduled,false,ineligible,recursive_bias_found,,,true,1851,baseline_excluded,PeetCrypto/freqtrade-stuff,repos/PeetCrypto_freqtrade-stuff/FiveMinCrossAbove.py,5m,strategy,original,,,not_applicable,not_run,provisional,mode and direction agree with static source evidence,mean_reversion,scalp,simple,range,,pending_dedicated_family_manifest
FixedRiskRewardLoss,spot_long,FixedRiskRewardLoss:642f5a83d4c1,C_measurement_recovery,true,ineligible,canonical_implementation_not_measured,native_mode_not_runtime_validated;lookahead_not_completed;recursive_bias_not_completed;exact_regime_window_coverage_not_verified,,false,,queued,PeetCrypto/freqtrade-stuff,repos/PeetCrypto_freqtrade-stuff/FixedRiskRewardLoss.py,,strategy,original,,,not_applicable,not_run,provisional,mode and direction agree with static source evidence,volatility,unknown,simple,high_vol,,pending_dedicated_family_manifest
FrayLIVEBTC15m,spot_long,FrayLIVEBTC15m:bf5adb1e910d,not_scheduled,false,ineligible,lookahead_found;recursive_bias_found,,drift_measured,true,4747,baseline_excluded,PeetCrypto/freqtrade-stuff,repos/PeetCrypto_freqtrade-stuff/FrayLIVEBTC15m.py,15m,strategy,original,,,not_applicable,not_run,provisional,mode and direction agree with static source evidence,trend_following,intraday,moderate,bull,,pending_dedicated_family_manifest
NEWTEST15m,spot_long,NEWTEST15m:073cb8fb26d0,not_scheduled,false,ineligible,recursive_bias_found,lookahead_not_completed,drift_measured,true,2644,baseline_excluded,PeetCrypto/freqtrade-stuff,repos/PeetCrypto_freqtrade-stuff/FrayNew-HyperOpt (1).py,15m,strategy,original,,,not_applicable,not_run,provisional,mode and direction agree with static source evidence,volatility,intraday,complex,high_vol,,pending_dedicated_family_manifest
FrostAuraM115mStrategy,spot_long,FrostAuraM115mStrategy:e9262b2563ac,not_scheduled,false,ineligible,recursive_bias_found,lookahead_not_completed,drift_measured,true,30851,baseline_excluded,PeetCrypto/freqtrade-stuff,repos/PeetCrypto_freqtrade-stuff/FrostAuraM115mStrategy.py,15m,strategy,original,,,not_applicable,not_run,provisional,mode and direction agree with static source evidence,mean_reversion,intraday,simple,range,,pending_dedicated_family_manifest
FrostAuraM11hStrategy,spot_long,FrostAuraM11hStrategy:7efa54048d03,not_scheduled,false,ineligible,recursive_bias_found,lookahead_not_completed,drift_measured,true,2636,baseline_excluded,PeetCrypto/freqtrade-stuff,repos/PeetCrypto_freqtrade-stuff/FrostAuraM11hStrategy.py,1h,strategy,original,,,not_applicable,not_run,provisional,mode and direction agree with static source evidence,mean_reversion,intraday,simple,range,,pending_dedicated_family_manifest
FrostAuraM21hStrategy,spot_long,FrostAuraM21hStrategy:e62e94197d80,not_scheduled,false,ineligible,recursive_bias_found,lookahead_not_completed,drift_measured,true,19880,baseline_excluded,PeetCrypto/freqtrade-stuff,repos/PeetCrypto_freqtrade-stuff/FrostAuraM21hStrategy.py,15m,strategy,original,,,not_applicable,not_run,provisional,mode and direction agree with static source evidence,mean_reversion,intraday,simple,range,,pending_dedicated_family_manifest
FrostAuraM315mStrategy,spot_long,FrostAuraM315mStrategy:10bba7a00490,not_scheduled,false,ineligible,recursive_bias_found,lookahead_not_completed,drift_measured,true,9121,baseline_excluded,PeetCrypto/freqtrade-stuff,repos/PeetCrypto_freqtrade-stuff/FrostAuraM315mStrategy.py,15m,strategy,original,,,not_applicable,not_run,provisional,mode and direction agree with static source evidence,mean_reversion,intraday,simple,range,,pending_dedicated_family_manifest
FrostAuraM31hStrategy,spot_long,FrostAuraM31hStrategy:25602b75c668,not_scheduled,false,ineligible,recursive_bias_found,lookahead_not_completed,drift_measured,true,2469,baseline_excluded,PeetCrypto/freqtrade-stuff,repos/PeetCrypto_freqtrade-stuff/FrostAuraM31hStrategy.py,1h,strategy,original,,,not_applicable,not_run,provisional,mode and direction agree with static source evidence,mean_reversion,intraday,simple,range,,pending_dedicated_family_manifest
GodStraNew,spot_long,GodStraNew:ccd91d678e82,not_scheduled,false,ineligible,recursive_bias_found,lookahead_not_completed,,true,6,baseline_excluded,PeetCrypto/freqtrade-stuff,repos/PeetCrypto_freqtrade-stuff/GodStra.py,4h,strategy,repaired,class1,environment_compatibility,strict_equivalent,not_run,provisional,mode and direction agree with static source evidence,trend_following,swing,moderate,bull,,pending_dedicated_family_manifest
GodStra,spot_long,GodStra:1ac32a523ed4,C_measurement_recovery,true,ineligible,canonical_implementation_not_measured,native_mode_not_runtime_validated;lookahead_not_completed,,false,,queued,PeetCrypto/freqtrade-stuff,repos/PeetCrypto_freqtrade-stuff/GodStraNew.py,12h,strategy,original,,,not_applicable,not_run,provisional,mode and direction agree with static source evidence,unclear,swing,simple,undetermined,,pending_dedicated_family_manifest
GodStraNew40,spot_long,GodStraNew40:025eaa29d44b,not_scheduled,false,ineligible,recursive_bias_found,lookahead_not_completed,,true,6,baseline_excluded,PeetCrypto/freqtrade-stuff,repos/PeetCrypto_freqtrade-stuff/GodStraNew40.py,4h,strategy,repaired,class1,environment_compatibility,strict_equivalent,not_run,provisional,mode and direction agree with static source evidence,trend_following,swing,moderate,bull,,pending_dedicated_family_manifest
GodStraNew_SMAonly,spot_long,GodStraNew_SMAonly:9555628b8d3d,not_scheduled,false,ineligible,recursive_bias_found,lookahead_not_completed,,true,14,baseline_excluded,PeetCrypto/freqtrade-stuff,repos/PeetCrypto_freqtrade-stuff/GodStraNew_SMAonly.py,5m,strategy,repaired,class1,environment_compatibility,strict_equivalent,not_run,provisional,mode and direction agree with static source evidence,trend_following,scalp,moderate,bull,,pending_dedicated_family_manifest
GymStrategy,spot_long,GymStrategy:be099be3c57d,C_measurement_recovery,true,ineligible,canonical_implementation_not_measured,native_mode_not_runtime_validated;lookahead_not_completed,,false,,queued,PeetCrypto/freqtrade-stuff,repos/PeetCrypto_freqtrade-stuff/GymStrategy.py,5m,strategy,original,,,not_applicable,not_run,provisional,mode and direction agree with static source evidence,volatility,unknown,moderate,high_vol,,pending_dedicated_family_manifest
HLHB,spot_long,HLHB:babdef4aeaa2,C_measurement_recovery,true,ineligible,canonical_implementation_not_measured,native_mode_not_runtime_validated;lookahead_not_completed;recursive_bias_not_completed,,false,,queued,PeetCrypto/freqtrade-stuff,repos/PeetCrypto_freqtrade-stuff/HLHB.py,4h,strategy,original,,,not_applicable,not_run,provisional,mode and direction agree with static source evidence,trend_following,swing,simple,bull,,pending_dedicated_family_manifest
HansenSmaOffsetV1,spot_long,HansenSmaOffsetV1:dd5294ed0e16,not_scheduled,false,ineligible,recursive_bias_found,,,true,119,baseline_excluded,PeetCrypto/freqtrade-stuff,repos/PeetCrypto_freqtrade-stuff/HansenSmaOffsetV1.py,15m,strategy,original,,,not_applicable,not_run,provisional,mode and direction agree with static source evidence,trend_following,intraday,simple,bull,,pending_dedicated_family_manifest
Heracles,spot_long,Heracles:8039952f7ce8,not_scheduled,false,ineligible,lookahead_found;recursive_bias_found,,,true,779,baseline_excluded,PeetCrypto/freqtrade-stuff,repos/PeetCrypto_freqtrade-stuff/Heracles.py,4h,strategy,repaired,class1,environment_compatibility,strict_equivalent,not_run,provisional,mode and direction agree with static source evidence,unclear,swing,simple,undetermined,,pending_dedicated_family_manifest
HourBasedStrategy,spot_long,HourBasedStrategy:e5b07aa38e7a,not_scheduled,false,ineligible,recursive_bias_found,,,true,10884,baseline_excluded,PeetCrypto/freqtrade-stuff,repos/PeetCrypto_freqtrade-stuff/HourBasedStrategy.py,1h,strategy,original,,,not_applicable,not_run,provisional,mode and direction agree with static source evidence,unclear,intraday,simple,undetermined,,pending_dedicated_family_manifest
HyperStra_GSN_SMAOnly,spot_long,HyperStra_GSN_SMAOnly:d9254aa62eb9,A_pending_diagnostics,true,pending_diagnostics,,lookahead_not_completed,,true,17,queued,PeetCrypto/freqtrade-stuff,repos/PeetCrypto_freqtrade-stuff/HyperStra_GSN_SMAOnly.py,5m,strategy,original,,,not_applicable,not_run,provisional,mode and direction agree with static source evidence,unclear,scalp,moderate,undetermined,,pending_dedicated_family_manifest
HyperStra_SMAOnly,spot_long,HyperStra_SMAOnly:441c29d71c2f,not_scheduled,false,ineligible,lookahead_found,,,true,17,baseline_excluded,PeetCrypto/freqtrade-stuff,repos/PeetCrypto_freqtrade-stuff/HyperStra_SMAOnly.py,5m,strategy,original,,,not_applicable,not_run,provisional,mode and direction agree with static source evidence,unclear,scalp,moderate,undetermined,,pending_dedicated_family_manifest
Ichess,spot_long,Ichess:e132e60059f1,not_scheduled,false,ineligible,recursive_bias_found,,,true,355,baseline_excluded,PeetCrypto/freqtrade-stuff,repos/PeetCrypto_freqtrade-stuff/Ichess.py,1d,strategy,original,,,not_applicable,not_run,provisional,mode and direction agree with static source evidence,trend_following,position,simple,bull,,pending_dedicated_family_manifest
Ichimoku,spot_long,Ichimoku:377b0bc34d77,not_scheduled,false,ineligible,recursive_bias_found,,,true,8609,baseline_excluded,PeetCrypto/freqtrade-stuff,repos/PeetCrypto_freqtrade-stuff/Ichimoku.py,5m,strategy,original,,,not_applicable,not_run,provisional,mode and direction agree with static source evidence,trend_following,scalp,simple,bull,,pending_dedicated_family_manifest
IchimokuStrategy,spot_long,IchimokuStrategy:3aa8e3a1a618,C_measurement_recovery,true,ineligible,canonical_implementation_not_measured,native_mode_not_runtime_validated;lookahead_not_completed,,false,,queued,PeetCrypto/freqtrade-stuff,repos/PeetCrypto_freqtrade-stuff/IchimokuStrategy.py,3m,strategy,original,,,not_applicable,not_run,provisional,mode and direction agree with static source evidence,trend_following,unknown,simple,bull,,pending_dedicated_family_manifest
Ichimoku_SenkouSpanCross,spot_long,Ichimoku_SenkouSpanCross:0e5b58cf8b15,C_measurement_recovery,true,ineligible,canonical_implementation_not_measured,native_mode_not_runtime_validated;lookahead_not_completed,,false,,queued,PeetCrypto/freqtrade-stuff,repos/PeetCrypto_freqtrade-stuff/Ichimoku_SenkouSpanCross.py,4h,strategy,original,,,not_applicable,not_run,provisional,mode and direction agree with static source evidence,hybrid,unknown,simple,undetermined,,pending_dedicated_family_manifest
Ichimoku_v12,spot_long,Ichimoku_v12:239140e7a000,C_measurement_recovery,true,ineligible,canonical_implementation_not_measured,native_mode_not_runtime_validated;lookahead_not_completed;recursive_bias_not_completed,,false,,queued,PeetCrypto/freqtrade-stuff,repos/PeetCrypto_freqtrade-stuff/Ichimoku_v12.py,4h,strategy,original,,,not_applicable,not_run,provisional,mode and direction agree with static source evidence,trend_following,unknown,simple,bull,,pending_dedicated_family_manifest
Ichimoku_v30,spot_long,Ichimoku_v30:cc125c04e31b,C_measurement_recovery,true,ineligible,canonical_implementation_not_measured,native_mode_not_runtime_validated;lookahead_not_completed;recursive_bias_not_completed,,false,,queued,PeetCrypto/freqtrade-stuff,repos/PeetCrypto_freqtrade-stuff/Ichimoku_v30_DojiStar.py,4h,strategy,original,,,not_applicable,not_run,provisional,mode and direction agree with static source evidence,trend_following,unknown,simple,bull,,pending_dedicated_family_manifest
Ichimoku_v31,spot_long,Ichimoku_v31:b8c58ef26055,E0_strict67,true,eligible,,,,true,1564,admitted_E0,PeetCrypto/freqtrade-stuff,repos/PeetCrypto_freqtrade-stuff/Ichimoku_v31_Heikin.py,1h,strategy,original,,,not_applicable,not_run,provisional,mode and direction agree with static source evidence,trend_following,intraday,simple,bull,,pending_dedicated_family_manifest
Ichimoku_v32,spot_long,Ichimoku_v32:e7de6f78d43f,C_measurement_recovery,true,ineligible,canonical_implementation_not_measured,native_mode_not_runtime_validated;lookahead_not_completed;recursive_bias_not_completed,,false,,queued,PeetCrypto/freqtrade-stuff,repos/PeetCrypto_freqtrade-stuff/Ichimoku_v32_HeikinAshi.py,4h,strategy,original,,,not_applicable,not_run,provisional,mode and direction agree with static source evidence,trend_following,unknown,simple,bull,,pending_dedicated_family_manifest
Ichimoku_v33,spot_long,Ichimoku_v33:8e39599c5f08,C_measurement_recovery,true,ineligible,canonical_implementation_not_measured,native_mode_not_runtime_validated;lookahead_not_completed;recursive_bias_not_completed,,false,,queued,PeetCrypto/freqtrade-stuff,repos/PeetCrypto_freqtrade-stuff/Ichimoku_v33_SAR.py,4h,strategy,original,,,not_applicable,not_run,provisional,mode and direction agree with static source evidence,trend_following,unknown,simple,bull,,pending_dedicated_family_manifest
Ichimoku_v35,spot_long,Ichimoku_v35:f640a73dd0d8,C_measurement_recovery,true,ineligible,canonical_implementation_not_measured,native_mode_not_runtime_validated;lookahead_not_completed;recursive_bias_not_completed,,false,,queued,PeetCrypto/freqtrade-stuff,repos/PeetCrypto_freqtrade-stuff/Ichimoku_v35_SAR_1d.py,4h,strategy,original,,,not_applicable,not_run,provisional,mode and direction agree with static source evidence,trend_following,unknown,simple,bull,,pending_dedicated_family_manifest
Ichimoku_v37,spot_long,Ichimoku_v37:ab55a132c009,E0_strict67,true,eligible,,,,true,507,admitted_E0,PeetCrypto/freqtrade-stuff,repos/PeetCrypto_freqtrade-stuff/Ichimoku_v37_HeikinAshi.py,4h,strategy,original,,,not_applicable,not_run,provisional,mode and direction agree with static source evidence,trend_following,swing,simple,bull,,pending_dedicated_family_manifest
ichiV1,spot_long,ichiV1:c418535cb45a,not_scheduled,false,ineligible,lookahead_found;recursive_bias_found,,drift_measured,true,13449,baseline_excluded,PeetCrypto/freqtrade-stuff,repos/PeetCrypto_freqtrade-stuff/IchisV1.py,5m,strategy,original,,,not_applicable,not_run,provisional,mode and direction agree with static source evidence,trend_following,scalp,simple,bull,,pending_dedicated_family_manifest
InformativeSample,spot_long,InformativeSample:52e59a9eeb8a,not_scheduled,false,ineligible,recursive_bias_found,,,true,15553,baseline_excluded,PeetCrypto/freqtrade-stuff,repos/PeetCrypto_freqtrade-stuff/InformativeSample (1).py,5m,strategy,original,,,not_applicable,not_run,provisional,mode and direction agree with static source evidence,trend_following,scalp,simple,bull,,pending_dedicated_family_manifest
JustROCR,spot_long,JustROCR:0c056ac53867,C_measurement_recovery,true,ineligible,canonical_implementation_not_measured,native_mode_not_runtime_validated;lookahead_not_completed;recursive_bias_not_completed,,false,,queued,PeetCrypto/freqtrade-stuff,repos/PeetCrypto_freqtrade-stuff/JustROCR.py,1h,strategy,original,,,not_applicable,not_run,provisional,mode and direction agree with static source evidence,momentum,unknown,simple,bull,,pending_dedicated_family_manifest
JustROCR2,spot_long,JustROCR2:499f71de285e,C_measurement_recovery,true,ineligible,canonical_implementation_not_measured,native_mode_not_runtime_validated;lookahead_not_completed;recursive_bias_not_completed,,false,,queued,PeetCrypto/freqtrade-stuff,repos/PeetCrypto_freqtrade-stuff/JustROCR2.py,5m,strategy,original,,,not_applicable,not_run,provisional,mode and direction agree with static source evidence,momentum,unknown,simple,bull,,pending_dedicated_family_manifest
JustROCR3,spot_long,JustROCR3:fb482eb1d59f,C_measurement_recovery,true,ineligible,canonical_implementation_not_measured,native_mode_not_runtime_validated;lookahead_not_completed;recursive_bias_not_completed,,false,,queued,PeetCrypto/freqtrade-stuff,repos/PeetCrypto_freqtrade-stuff/JustROCR3.py,5m,strategy,original,,,not_applicable,not_run,provisional,mode and direction agree with static source evidence,momentum,unknown,simple,bull,,pending_dedicated_family_manifest
JustROCR4,spot_long,JustROCR4:9b483e0ff6ab,C_measurement_recovery,true,ineligible,canonical_implementation_not_measured,native_mode_not_runtime_validated;lookahead_not_completed;recursive_bias_not_completed,,false,,queued,PeetCrypto/freqtrade-stuff,repos/PeetCrypto_freqtrade-stuff/JustROCR4.py,5m,strategy,original,,,not_applicable,not_run,provisional,mode and direction agree with static source evidence,momentum,unknown,simple,bull,,pending_dedicated_family_manifest
JustROCR5,spot_long,JustROCR5:39c4be6a37f5,C_measurement_recovery,true,ineligible,canonical_implementation_not_measured,native_mode_not_runtime_validated;lookahead_not_completed;recursive_bias_not_completed,,false,,queued,PeetCrypto/freqtrade-stuff,repos/PeetCrypto_freqtrade-stuff/JustROCR5.py,1m,strategy,original,,,not_applicable,not_run,provisional,mode and direction agree with static source evidence,momentum,unknown,simple,bull,,pending_dedicated_family_manifest
JustROCR6,spot_long,JustROCR6:3beea9617b4e,C_measurement_recovery,true,ineligible,canonical_implementation_not_measured,native_mode_not_runtime_validated;lookahead_not_completed;recursive_bias_not_completed,,false,,queued,PeetCrypto/freqtrade-stuff,repos/PeetCrypto_freqtrade-stuff/JustROCR6.py,1m,strategy,original,,,not_applicable,not_run,provisional,mode and direction agree with static source evidence,momentum,unknown,simple,bull,,pending_dedicated_family_manifest
KAMACCIRSI,spot_long,KAMACCIRSI:85f30514549c,E0_strict67,true,eligible,,,,true,10269,admitted_E0,PeetCrypto/freqtrade-stuff,repos/PeetCrypto_freqtrade-stuff/KAMACCIRSI.py,5m,strategy,original,,,not_applicable,not_run,provisional,mode and direction agree with static source evidence,mean_reversion,scalp,simple,range,,pending_dedicated_family_manifest
LongShortRangeTradingMachetesV1,spot_long,LongShortRangeTradingMachetesV1:33f0c77297f3,C_measurement_recovery,true,ineligible,canonical_implementation_not_measured,native_mode_not_runtime_validated;lookahead_not_completed;recursive_bias_not_completed,,false,,queued,PeetCrypto/freqtrade-stuff,repos/PeetCrypto_freqtrade-stuff/LongShortRangeTradingMachetesV1-1.py,1m,strategy,original,,,not_applicable,not_run,provisional,mode and direction agree with static source evidence,trend_following,scalp,moderate,bull,,pending_dedicated_family_manifest
Low_BB,spot_long,Low_BB:fa2c70df8480,not_scheduled,false,ineligible,recursive_bias_found,lookahead_not_completed,,true,649,baseline_excluded,PeetCrypto/freqtrade-stuff,repos/PeetCrypto_freqtrade-stuff/Low_BB.py,1m,strategy,original,,,not_applicable,not_run,provisional,mode and direction agree with static source evidence,momentum,scalp,simple,bull,,pending_dedicated_family_manifest
LuxOSC,spot_long,LuxOSC:4eb4f180d5a0,not_scheduled,false,ineligible,recursive_bias_found,lookahead_not_completed,drift_measured,true,14577,baseline_excluded,PeetCrypto/freqtrade-stuff,repos/PeetCrypto_freqtrade-stuff/LuxOSC.py,5m,strategy,original,,,not_applicable,not_run,provisional,mode and direction agree with static source evidence,trend_following,scalp,simple,bull,,pending_dedicated_family_manifest
MAC,spot_long,MAC:2af777a511a9,not_scheduled,false,ineligible,recursive_bias_found,lookahead_not_completed,drift_measured,true,52,baseline_excluded,PeetCrypto/freqtrade-stuff,repos/PeetCrypto_freqtrade-stuff/MAC.py,1d,strategy,original,,,not_applicable,not_run,provisional,mode and direction agree with static source evidence,momentum,position,simple,bull,,pending_dedicated_family_manifest
MACDCCI,spot_long,MACDCCI:13131ed784a7,C_measurement_recovery,true,ineligible,canonical_implementation_not_measured,native_mode_not_runtime_validated;lookahead_not_completed;recursive_bias_not_completed,,false,,queued,PeetCrypto/freqtrade-stuff,repos/PeetCrypto_freqtrade-stuff/MACDCCI.py,30m,strategy,original,,,not_applicable,not_run,provisional,mode and direction agree with static source evidence,momentum,unknown,simple,bull,,pending_dedicated_family_manifest
MACDRSI200,spot_long,MACDRSI200:2a562c45320c,C_measurement_recovery,true,ineligible,canonical_implementation_not_measured,native_mode_not_runtime_validated;lookahead_not_completed;recursive_bias_not_completed,,false,,queued,PeetCrypto/freqtrade-stuff,repos/PeetCrypto_freqtrade-stuff/MACDRSI200.py,5m,strategy,original,,,not_applicable,not_run,provisional,mode and direction agree with static source evidence,momentum,unknown,simple,bull,,pending_dedicated_family_manifest
MACDStrategy,spot_long,MACDStrategy:354b4a915253,not_scheduled,false,ineligible,recursive_bias_found,,,true,20565,baseline_excluded,PeetCrypto/freqtrade-stuff,repos/PeetCrypto_freqtrade-stuff/MACDStrategy.py,5m,strategy,original,,,not_applicable,not_run,provisional,mode and direction agree with static source evidence,momentum,scalp,simple,bull,,pending_dedicated_family_manifest
MACDStrategy_crossed,spot_long,MACDStrategy_crossed:105ba624b149,not_scheduled,false,ineligible,recursive_bias_found,,,true,5065,baseline_excluded,PeetCrypto/freqtrade-stuff,repos/PeetCrypto_freqtrade-stuff/MACDStrategy_crossed.py,5m,strategy,original,,,not_applicable,not_run,provisional,mode and direction agree with static source evidence,momentum,scalp,simple,bull,,pending_dedicated_family_manifest
MACD_EMA,spot_long,MACD_EMA:1f6a6896ebba,not_scheduled,false,ineligible,recursive_bias_found,,,true,25655,baseline_excluded,PeetCrypto/freqtrade-stuff,repos/PeetCrypto_freqtrade-stuff/MACD_EMA.py,5m,strategy,original,,,not_applicable,not_run,provisional,mode and direction agree with static source evidence,trend_following,scalp,simple,bull,,pending_dedicated_family_manifest
MACD_TRIPLE_MA,spot_long,MACD_TRIPLE_MA:8d5f191c4d92,E0_strict67,true,eligible,,,,true,14845,admitted_E0,PeetCrypto/freqtrade-stuff,repos/PeetCrypto_freqtrade-stuff/MACD_TRIPLE_MA.py,5m,strategy,original,,,not_applicable,not_run,provisional,mode and direction agree with static source evidence,trend_following,scalp,simple,bull,,pending_dedicated_family_manifest
MACD_TRI_EMA,spot_long,MACD_TRI_EMA:4c459d412a21,not_scheduled,false,ineligible,recursive_bias_found,,,true,31828,baseline_excluded,PeetCrypto/freqtrade-stuff,repos/PeetCrypto_freqtrade-stuff/MACD_TRI_EMA.py,5m,strategy,original,,,not_applicable,not_run,provisional,mode and direction agree with static source evidence,trend_following,scalp,simple,bull,,pending_dedicated_family_manifest
MADisplaceV3,spot_long,MADisplaceV3:421a02c82cad,E0_strict67,true,eligible,,,,true,718,admitted_E0,PeetCrypto/freqtrade-stuff,repos/PeetCrypto_freqtrade-stuff/MADisplaceV3.py,5m,strategy,original,,,not_applicable,not_run,provisional,mode and direction agree with static source evidence,trend_following,scalp,moderate,bull,,pending_dedicated_family_manifest
MFI,spot_long,MFI:77f6179b7131,not_scheduled,false,ineligible,recursive_bias_found,,,true,20266,baseline_excluded,PeetCrypto/freqtrade-stuff,repos/PeetCrypto_freqtrade-stuff/MFI.py,5m,strategy,original,,,not_applicable,not_run,provisional,mode and direction agree with static source evidence,mean_reversion,scalp,simple,range,,pending_dedicated_family_manifest
mabStra,spot_long,mabStra:a7796af206e8,not_scheduled,false,ineligible,recursive_bias_found,,,true,1174,baseline_excluded,PeetCrypto/freqtrade-stuff,repos/PeetCrypto_freqtrade-stuff/MabStra.py,4h,strategy,repaired,class1,environment_compatibility,strict_equivalent,not_run,provisional,mode and direction agree with static source evidence,trend_following,swing,simple,bull,,pending_dedicated_family_manifest
SampleStrategyV2,spot_long,SampleStrategyV2:c0fc5e4af5d3,E0_strict67,true,eligible,,,,true,5882,admitted_E0,PeetCrypto/freqtrade-stuff,repos/PeetCrypto_freqtrade-stuff/Machete.py,5m,strategy,original,,,not_applicable,not_run,provisional,mode and direction agree with static source evidence,trend_following,scalp,moderate,bull,,pending_dedicated_family_manifest
MacheteV8bRallimod,spot_long,MacheteV8bRallimod:a32e955e51d2,not_scheduled,false,ineligible,canonical_implementation_not_measured;recursive_bias_found,native_mode_not_runtime_validated;lookahead_not_completed,drift_measured,false,,baseline_excluded,PeetCrypto/freqtrade-stuff,repos/PeetCrypto_freqtrade-stuff/MacheteV8bRallimod.py,15m,strategy,original,,,not_applicable,not_run,provisional,mode and direction agree with static source evidence,trend_following,intraday,complex,bull,,pending_dedicated_family_manifest
MacheteV8bRallimod2,spot_long,MacheteV8bRallimod2:1cddafe6cb5c,not_scheduled,false,ineligible,canonical_implementation_not_measured;recursive_bias_found,native_mode_not_runtime_validated;lookahead_not_completed,drift_measured,false,,baseline_excluded,PeetCrypto/freqtrade-stuff,repos/PeetCrypto_freqtrade-stuff/MacheteV8bRallimod2.py,5m,strategy,original,,,not_applicable,not_run,provisional,mode and direction agree with static source evidence,trend_following,scalp,moderate,bull,,pending_dedicated_family_manifest
MarketChyperHyperStrategy,spot_long,MarketChyperHyperStrategy:29bc8e0e7645,E0_strict67,true,eligible,,,,true,2406,admitted_E0,PeetCrypto/freqtrade-stuff,repos/PeetCrypto_freqtrade-stuff/MarketChyperHyperStrategy.py,1h,strategy,repaired,class1,environment_compatibility,strict_equivalent,not_run,provisional,mode and direction agree with static source evidence,trend_following,intraday,moderate,bull,,pending_dedicated_family_manifest
Martin,spot_long,Martin:c87f731c8d7e,not_scheduled,false,ineligible,recursive_bias_found,lookahead_not_completed,drift_measured,true,12724,baseline_excluded,PeetCrypto/freqtrade-stuff,repos/PeetCrypto_freqtrade-stuff/Martin.py,5m,strategy,original,,,not_applicable,not_run,provisional,mode and direction agree with static source evidence,volatility,scalp,simple,high_vol,,pending_dedicated_family_manifest
MasterMoniGoManiHyperStrategy,spot_long,MasterMoniGoManiHyperStrategy:c2b2fb772c1d,C_measurement_recovery,true,ineligible,canonical_implementation_not_measured,native_mode_not_runtime_validated;lookahead_not_completed;exact_regime_window_coverage_not_verified,,false,,queued,PeetCrypto/freqtrade-stuff,repos/PeetCrypto_freqtrade-stuff/MasterMoniGoManiHyperStrategy.py,,strategy,original,,,not_applicable,not_run,provisional,mode and direction agree with static source evidence,trend_following,unknown,moderate,bull,,pending_dedicated_family_manifest
Miku_PP_v3,spot_long,Miku_PP_v3:798d69d7631f,C_measurement_recovery,true,ineligible,canonical_implementation_not_measured,native_mode_not_runtime_validated;lookahead_not_completed,,false,,queued,PeetCrypto/freqtrade-stuff,repos/PeetCrypto_freqtrade-stuff/Miku_PP_v3.py,5m,strategy,original,,,not_applicable,not_run,provisional,mode and direction agree with static source evidence,trend_following,scalp,simple,bull,,pending_dedicated_family_manifest
MiniLambo,spot_long,MiniLambo:3201257fa75c,not_scheduled,false,ineligible,recursive_bias_found,lookahead_not_completed,drift_measured,true,1469,baseline_excluded,PeetCrypto/freqtrade-stuff,repos/PeetCrypto_freqtrade-stuff/MiniLambo (2).py,1m,strategy,original,,,not_applicable,not_run,provisional,mode and direction agree with static source evidence,hybrid,scalp,moderate,undetermined,,pending_dedicated_family_manifest
Minmax,spot_long,Minmax:b69e76191cae,not_scheduled,false,ineligible,recursive_bias_found,,,true,3882,baseline_excluded,PeetCrypto/freqtrade-stuff,repos/PeetCrypto_freqtrade-stuff/MinmaxF.py,1h,strategy,original,,,not_applicable,not_run,provisional,mode and direction agree with static source evidence,unclear,intraday,simple,undetermined,,pending_dedicated_family_manifest
MontrealStrategy,spot_long,MontrealStrategy:00d7b1be6b3a,not_scheduled,false,ineligible,recursive_bias_found,lookahead_not_completed,drift_measured,true,26411,baseline_excluded,PeetCrypto/freqtrade-stuff,repos/PeetCrypto_freqtrade-stuff/MontrealStrategy.py,15m,strategy,original,,,not_applicable,not_run,provisional,mode and direction agree with static source evidence,mean_reversion,intraday,simple,range,,pending_dedicated_family_manifest
MultiMA_TSL3,spot_long,MultiMA_TSL3:45fabc590c40,C_measurement_recovery,true,ineligible,canonical_implementation_not_measured,native_mode_not_runtime_validated;lookahead_not_completed;recursive_bias_not_completed,,false,,queued,PeetCrypto/freqtrade-stuff,repair/patched/repos/PeetCrypto_freqtrade-stuff/MultiMA_TSL.py,5m,strategy,repaired,class2,dead_np_where_dtype,strict_equivalent,not_run,provisional,mode and direction agree with static source evidence,trend_following,scalp,complex,bull,,pending_dedicated_family_manifest
MultiMa,spot_long,MultiMa:9bf075d72896,C_measurement_recovery,true,ineligible,canonical_implementation_not_measured,native_mode_not_runtime_validated;lookahead_not_completed,,false,,queued,PeetCrypto/freqtrade-stuff,repos/PeetCrypto_freqtrade-stuff/MultiMa.py,4h,strategy,original,,,not_applicable,not_run,provisional,mode and direction agree with static source evidence,trend_following,swing,simple,bull,,pending_dedicated_family_manifest
MultiRSI,spot_long,MultiRSI:1d2302ab0c34,C_measurement_recovery,true,ineligible,canonical_implementation_not_measured,native_mode_not_runtime_validated;lookahead_not_completed,,false,,queued,PeetCrypto/freqtrade-stuff,repair/patched/repos/PeetCrypto_freqtrade-stuff/MultiRSI.py,5m,strategy,repaired,class2,pandas_removed_keywords,strict_equivalent,not_run,provisional,mode and direction agree with static source evidence,hybrid,scalp,simple,undetermined,,pending_dedicated_family_manifest
MyStrategyNew10,spot_long,MyStrategyNew10:e254339e0b47,not_scheduled,false,ineligible,canonical_implementation_not_measured;recursive_bias_found,native_mode_not_runtime_validated;lookahead_not_completed;exact_regime_window_coverage_not_verified,drift_measured,false,,baseline_excluded,PeetCrypto/freqtrade-stuff,repos/PeetCrypto_freqtrade-stuff/MyStrategyNew10.py,,strategy,original,,,not_applicable,not_run,provisional,mode and direction agree with static source evidence,unclear,unknown,moderate,undetermined,,pending_dedicated_family_manifest
NASOSv5,spot_long,NASOSv5:f3fa98f6674e,not_scheduled,false,ineligible,recursive_bias_found,lookahead_not_completed,drift_measured,true,801,baseline_excluded,PeetCrypto/freqtrade-stuff,repos/PeetCrypto_freqtrade-stuff/NASOSv5.py,5m,strategy,original,,,not_applicable,not_run,provisional,mode and direction agree with static source evidence,trend_following,scalp,moderate,bull,,pending_dedicated_family_manifest
NASOSv5_mod1,spot_long,NASOSv5_mod1:8bd88a9be50e,not_scheduled,false,ineligible,recursive_bias_found;technical_trap_found,lookahead_not_completed,drift_measured,true,522,baseline_excluded,PeetCrypto/freqtrade-stuff,repos/PeetCrypto_freqtrade-stuff/NASOSv5_mod1 (1).py,5m,strategy,original,,,not_applicable,not_run,provisional,mode and direction agree with static source evidence,trend_following,scalp,moderate,bull,,pending_dedicated_family_manifest
NASOSv5_mod2,spot_long,NASOSv5_mod2:cec5b34de7cb,not_scheduled,false,ineligible,recursive_bias_found;technical_trap_found,lookahead_not_completed,drift_measured,true,319,baseline_excluded,PeetCrypto/freqtrade-stuff,repos/PeetCrypto_freqtrade-stuff/NASOSv5_mod2 (1).py,5m,strategy,original,,,not_applicable,not_run,provisional,mode and direction agree with static source evidence,trend_following,scalp,moderate,bull,,pending_dedicated_family_manifest
NASOSv5_mod3,spot_long,NASOSv5_mod3:c2474a25b494,not_scheduled,false,ineligible,recursive_bias_found;technical_trap_found,lookahead_not_completed,drift_measured,true,603,baseline_excluded,PeetCrypto/freqtrade-stuff,repos/PeetCrypto_freqtrade-stuff/NASOSv5_mod3 (1).py,5m,strategy,original,,,not_applicable,not_run,provisional,mode and direction agree with static source evidence,trend_following,scalp,moderate,bull,,pending_dedicated_family_manifest
NFI46,spot_long,NFI46:3db277f7e4a6,not_scheduled,false,ineligible,recursive_bias_found,lookahead_not_completed,drift_measured,true,77,baseline_excluded,PeetCrypto/freqtrade-stuff,repos/PeetCrypto_freqtrade-stuff/NFI46.py,5m,strategy,original,,,not_applicable,not_run,provisional,mode and direction agree with static source evidence,volatility,scalp,complex,high_vol,,pending_dedicated_family_manifest
NFI46Frog,spot_long,NFI46Frog:bdad559e841d,not_scheduled,false,ineligible,canonical_implementation_not_measured;recursive_bias_found,native_mode_not_runtime_validated;lookahead_not_completed,drift_measured,false,,baseline_excluded,PeetCrypto/freqtrade-stuff,repos/PeetCrypto_freqtrade-stuff/NFI46Frog.py,5m,strategy,original,,,not_applicable,not_run,provisional,mode and direction agree with static source evidence,trend_following,scalp,complex,bull,,pending_dedicated_family_manifest
NFI46FrogZ,spot_long,NFI46FrogZ:6f9f3884189e,not_scheduled,false,ineligible,recursive_bias_found,lookahead_not_completed,drift_measured,true,16273,baseline_excluded,PeetCrypto/freqtrade-stuff,repos/PeetCrypto_freqtrade-stuff/NFI46FrogZ.py,5m,strategy,original,,,not_applicable,not_run,provisional,mode and direction agree with static source evidence,trend_following,scalp,complex,bull,,pending_dedicated_family_manifest
NFI46Offset,spot_long,NFI46Offset:e4ed1aba5f3b,not_scheduled,false,ineligible,recursive_bias_found,lookahead_not_completed,drift_measured,true,941,baseline_excluded,PeetCrypto/freqtrade-stuff,repos/PeetCrypto_freqtrade-stuff/NFI46Offset.py,5m,strategy,original,,,not_applicable,not_run,provisional,mode and direction agree with static source evidence,volatility,scalp,complex,high_vol,,pending_dedicated_family_manifest
NFI46OffsetHOA1,spot_long,NFI46OffsetHOA1:3a919e723fd5,not_scheduled,false,ineligible,recursive_bias_found,lookahead_not_completed,drift_measured,true,1037,baseline_excluded,PeetCrypto/freqtrade-stuff,repos/PeetCrypto_freqtrade-stuff/NFI46OffsetHOA1 (1).py,5m,strategy,original,,,not_applicable,not_run,provisional,mode and direction agree with static source evidence,volatility,scalp,complex,high_vol,,pending_dedicated_family_manifest
NFI46Z,spot_long,NFI46Z:590e7fc9a706,not_scheduled,false,ineligible,recursive_bias_found,lookahead_not_completed,drift_measured,true,699,baseline_excluded,PeetCrypto/freqtrade-stuff,repos/PeetCrypto_freqtrade-stuff/NFI46Z (1).py,5m,strategy,original,,,not_applicable,not_run,provisional,mode and direction agree with static source evidence,volatility,scalp,complex,high_vol,,pending_dedicated_family_manifest
NFI4Frog,spot_long,NFI4Frog:870a99e6d361,not_scheduled,false,ineligible,canonical_implementation_not_measured;recursive_bias_found,native_mode_not_runtime_validated;lookahead_not_completed,drift_measured,false,,baseline_excluded,PeetCrypto/freqtrade-stuff,repos/PeetCrypto_freqtrade-stuff/NFI4Frog.py,5m,strategy,original,,,not_applicable,not_run,provisional,mode and direction agree with static source evidence,trend_following,scalp,complex,bull,,pending_dedicated_family_manifest
NFI5MOHO,spot_long,NFI5MOHO:0d413291622d,not_scheduled,false,ineligible,recursive_bias_found,lookahead_not_completed,drift_measured,true,378,baseline_excluded,PeetCrypto/freqtrade-stuff,repos/PeetCrypto_freqtrade-stuff/NFI5MOHO.py,5m,strategy,original,,,not_applicable,not_run,provisional,mode and direction agree with static source evidence,volatility,scalp,moderate,high_vol,,pending_dedicated_family_manifest
NFI5MOHO_WIP,spot_long,NFI5MOHO_WIP:245f4ab9c80f,not_scheduled,false,ineligible,recursive_bias_found,lookahead_not_completed,drift_measured,true,951,baseline_excluded,PeetCrypto/freqtrade-stuff,repos/PeetCrypto_freqtrade-stuff/NFI5MOHO_WIP.py,5m,strategy,original,,,not_applicable,not_run,provisional,mode and direction agree with static source evidence,volatility,scalp,moderate,high_vol,,pending_dedicated_family_manifest
NFI731_BUSD,spot_long,NFI731_BUSD:331d3650977c,C_measurement_recovery,true,ineligible,canonical_implementation_not_measured,native_mode_not_runtime_validated;lookahead_not_completed;recursive_bias_not_completed,,false,,queued,PeetCrypto/freqtrade-stuff,repair/patched/repos/PeetCrypto_freqtrade-stuff/NFI731_BUSD.py,5m,strategy,repaired,class2,dead_np_where_dtype,strict_equivalent,not_run,provisional,mode and direction agree with static source evidence,trend_following,scalp,complex,bull,,pending_dedicated_family_manifest
NFIX_BB_RPB,spot_long,NFIX_BB_RPB:b83b916d9476,C_measurement_recovery,true,ineligible,canonical_implementation_not_measured,native_mode_not_runtime_validated;lookahead_not_completed;recursive_bias_not_completed,,false,,queued,PeetCrypto/freqtrade-stuff,repair/patched/repos/PeetCrypto_freqtrade-stuff/NFIX_BB_RPB.py,5m,strategy,repaired,class2,dead_np_where_dtype,strict_equivalent,not_run,provisional,mode and direction agree with static source evidence,trend_following,scalp,complex,bull,,pending_dedicated_family_manifest
NfiNextModded,spot_long,NfiNextModded:100cce435cd4,C_measurement_recovery,true,ineligible,canonical_implementation_not_measured,native_mode_not_runtime_validated;lookahead_not_completed;recursive_bias_not_completed,,false,,queued,PeetCrypto/freqtrade-stuff,repair/patched/repos/PeetCrypto_freqtrade-stuff/NfiNextModded.py,5m,strategy,repaired,class2,dead_np_where_dtype,strict_equivalent,not_run,provisional,mode and direction agree with static source evidence,trend_following,scalp,complex,bull,,pending_dedicated_family_manifest
NoLost,spot_long,NoLost:416b181f23fa,C_measurement_recovery,true,ineligible,canonical_implementation_not_measured,native_mode_not_runtime_validated;lookahead_not_completed,,false,,queued,PeetCrypto/freqtrade-stuff,repos/PeetCrypto_freqtrade-stuff/NoLost.py,1h,strategy,original,,,not_applicable,not_run,provisional,mode and direction agree with static source evidence,unclear,intraday,simple,undetermined,,pending_dedicated_family_manifest
NormalizerStrategyHO2,spot_long,NormalizerStrategyHO2:267d4725d39c,not_scheduled,false,ineligible,recursive_bias_found,lookahead_not_completed,drift_measured,true,3149,baseline_excluded,PeetCrypto/freqtrade-stuff,repos/PeetCrypto_freqtrade-stuff/NormalizerStrategyHO2 (1).py,1h,strategy,original,,,not_applicable,not_run,provisional,mode and direction agree with static source evidence,unclear,intraday,simple,undetermined,,pending_dedicated_family_manifest
NostalgiaForInfinityNextGen,spot_long,NostalgiaForInfinityNextGen:dacd889a1ab7,not_scheduled,false,ineligible,recursive_bias_found,lookahead_not_completed,drift_measured,true,158,baseline_excluded,PeetCrypto/freqtrade-stuff,repos/PeetCrypto_freqtrade-stuff/NostalgiaForInfinityNextGen.py,15m,strategy,original,,,not_applicable,not_run,provisional,mode and direction agree with static source evidence,volatility,intraday,complex,high_vol,,pending_dedicated_family_manifest
NostalgiaForInfinityNext_ChangeToTower_V5_2,spot_long,NostalgiaForInfinityNext_ChangeToTower_V5_2:58d7bd63db05,C_measurement_recovery,true,ineligible,canonical_implementation_not_measured,native_mode_not_runtime_validated;lookahead_not_completed;recursive_bias_not_completed,,false,,queued,PeetCrypto/freqtrade-stuff,repair/patched/repos/PeetCrypto_freqtrade-stuff/NostalgiaForInfinityNext_ChangeToTower_V5_2.py,5m,strategy,repaired,class2,dead_np_where_dtype,strict_equivalent,not_run,provisional,mode and direction agree with static source evidence,trend_following,scalp,complex,bull,,pending_dedicated_family_manifest
NostalgiaForInfinityNext_ChangeToTower_V5_3,spot_long,NostalgiaForInfinityNext_ChangeToTower_V5_3:f37b7071c4e1,C_measurement_recovery,true,ineligible,canonical_implementation_not_measured,native_mode_not_runtime_validated;lookahead_not_completed;recursive_bias_not_completed,,false,,queued,PeetCrypto/freqtrade-stuff,repair/patched/repos/PeetCrypto_freqtrade-stuff/NostalgiaForInfinityNext_ChangeToTower_V5_3.py,5m,strategy,repaired,class2,dead_np_where_dtype,strict_equivalent,not_run,provisional,mode and direction agree with static source evidence,trend_following,scalp,complex,bull,,pending_dedicated_family_manifest
NostalgiaForInfinityNext_ChangeToTower_V6,spot_long,NostalgiaForInfinityNext_ChangeToTower_V6:c159920e103d,C_measurement_recovery,true,ineligible,canonical_implementation_not_measured,native_mode_not_runtime_validated;lookahead_not_completed;recursive_bias_not_completed,,false,,queued,PeetCrypto/freqtrade-stuff,repair/patched/repos/PeetCrypto_freqtrade-stuff/NostalgiaForInfinityNext_ChangeToTower_V6.py,5m,strategy,repaired,class2,dead_np_where_dtype,strict_equivalent,not_run,provisional,mode and direction agree with static source evidence,trend_following,scalp,complex,bull,,pending_dedicated_family_manifest
NostalgiaForInfinityV1,spot_long,NostalgiaForInfinityV1:73271ad1c5f2,E0_strict67,true,eligible,,,,true,3457,admitted_E0,PeetCrypto/freqtrade-stuff,repos/PeetCrypto_freqtrade-stuff/NostalgiaForInfinityV1.py,5m,strategy,original,,,not_applicable,not_run,provisional,mode and direction agree with static source evidence,volatility,scalp,simple,high_vol,,pending_dedicated_family_manifest
NostalgiaForInfinityV2,spot_long,NostalgiaForInfinityV2:7fb7ad41e5da,E0_strict67,true,eligible,,,,true,825,admitted_E0,PeetCrypto/freqtrade-stuff,repos/PeetCrypto_freqtrade-stuff/NostalgiaForInfinityV2.py,5m,strategy,original,,,not_applicable,not_run,provisional,mode and direction agree with static source evidence,trend_following,scalp,moderate,bull,,pending_dedicated_family_manifest
NostalgiaForInfinityV3,spot_long,NostalgiaForInfinityV3:46c2fc7f57c8,not_scheduled,false,ineligible,recursive_bias_found,lookahead_not_completed,drift_measured,true,1015,baseline_excluded,PeetCrypto/freqtrade-stuff,repos/PeetCrypto_freqtrade-stuff/NostalgiaForInfinityV3.py,5m,strategy,original,,,not_applicable,not_run,provisional,mode and direction agree with static source evidence,volatility,scalp,moderate,high_vol,,pending_dedicated_family_manifest
NostalgiaForInfinityV4,spot_long,NostalgiaForInfinityV4:6382c7057945,not_scheduled,false,ineligible,recursive_bias_found,lookahead_not_completed,drift_measured,true,401,baseline_excluded,PeetCrypto/freqtrade-stuff,repos/PeetCrypto_freqtrade-stuff/NostalgiaForInfinityV4.py,5m,strategy,original,,,not_applicable,not_run,provisional,mode and direction agree with static source evidence,volatility,scalp,moderate,high_vol,,pending_dedicated_family_manifest
NostalgiaForInfinityV4HO,spot_long,NostalgiaForInfinityV4HO:60aa09daffcd,not_scheduled,false,ineligible,recursive_bias_found,lookahead_not_completed,drift_measured,true,379,baseline_excluded,PeetCrypto/freqtrade-stuff,repos/PeetCrypto_freqtrade-stuff/NostalgiaForInfinityV4HO (1).py,5m,strategy,original,,,not_applicable,not_run,provisional,mode and direction agree with static source evidence,volatility,scalp,moderate,high_vol,,pending_dedicated_family_manifest
NostalgiaForInfinityV5,spot_long,NostalgiaForInfinityV5:4baf0df28b03,not_scheduled,false,ineligible,recursive_bias_found,lookahead_not_completed,drift_measured,true,618,baseline_excluded,PeetCrypto/freqtrade-stuff,repos/PeetCrypto_freqtrade-stuff/NostalgiaForInfinityV5.py,5m,strategy,original,,,not_applicable,not_run,provisional,mode and direction agree with static source evidence,volatility,scalp,moderate,high_vol,,pending_dedicated_family_manifest
NostalgiaForInfinityV5MultiOffsetAndHO2,spot_long,NostalgiaForInfinityV5MultiOffsetAndHO2:6b6ec1065ded,not_scheduled,false,ineligible,recursive_bias_found,lookahead_not_completed,drift_measured,true,1381,baseline_excluded,PeetCrypto/freqtrade-stuff,repos/PeetCrypto_freqtrade-stuff/NostalgiaForInfinityV5MultiOffsetAndHO2 (1).py,5m,strategy,original,,,not_applicable,not_run,provisional,mode and direction agree with static source evidence,volatility,scalp,moderate,high_vol,,pending_dedicated_family_manifest
NostalgiaForInfinityV6,spot_long,NostalgiaForInfinityV6:d50788f22876,not_scheduled,false,ineligible,recursive_bias_found,lookahead_not_completed,drift_measured,true,712,baseline_excluded,PeetCrypto/freqtrade-stuff,repos/PeetCrypto_freqtrade-stuff/NostalgiaForInfinityV6.py,5m,strategy,original,,,not_applicable,not_run,provisional,mode and direction agree with static source evidence,volatility,scalp,complex,high_vol,,pending_dedicated_family_manifest
NostalgiaForInfinityV7,spot_long,NostalgiaForInfinityV7:70bf498db8f9,not_scheduled,false,ineligible,recursive_bias_found,lookahead_not_completed,drift_measured,true,684,baseline_excluded,PeetCrypto/freqtrade-stuff,repos/PeetCrypto_freqtrade-stuff/NostalgiaForInfinityV7.py,5m,strategy,original,,,not_applicable,not_run,provisional,mode and direction agree with static source evidence,trend_following,scalp,complex,bull,,pending_dedicated_family_manifest
NostalgiaForInfinityV7_SMA,spot_long,NostalgiaForInfinityV7_SMA:23e102fa7661,not_scheduled,false,ineligible,recursive_bias_found,lookahead_not_completed,drift_measured,true,927,baseline_excluded,PeetCrypto/freqtrade-stuff,repos/PeetCrypto_freqtrade-stuff/NostalgiaForInfinityV7_SMA.py,5m,strategy,original,,,not_applicable,not_run,provisional,mode and direction agree with static source evidence,trend_following,scalp,complex,bull,,pending_dedicated_family_manifest
NostalgiaForInfinityV7_SMAv2,spot_long,NostalgiaForInfinityV7_SMAv2:b8f2edbf30e4,not_scheduled,false,ineligible,recursive_bias_found,lookahead_not_completed,drift_measured,true,927,baseline_excluded,PeetCrypto/freqtrade-stuff,repos/PeetCrypto_freqtrade-stuff/NostalgiaForInfinityV7_SMAv2 (2).py,5m,strategy,original,,,not_applicable,not_run,provisional,mode and direction agree with static source evidence,trend_following,scalp,complex,bull,,pending_dedicated_family_manifest
NostalgiaForInfinityV7_SMAv2_1,spot_long,NostalgiaForInfinityV7_SMAv2_1:b3bc724acd6c,not_scheduled,false,ineligible,recursive_bias_found,lookahead_not_completed,drift_measured,true,545,baseline_excluded,PeetCrypto/freqtrade-stuff,repos/PeetCrypto_freqtrade-stuff/NostalgiaForInfinityV7_SMAv2_1 (1).py,5m,strategy,original,,,not_applicable,not_run,provisional,mode and direction agree with static source evidence,trend_following,scalp,complex,bull,,pending_dedicated_family_manifest
NostalgiaForInfinityXw,spot_long,NostalgiaForInfinityXw:d75bbf31c099,C_measurement_recovery,true,ineligible,canonical_implementation_not_measured,native_mode_not_runtime_validated;lookahead_not_completed;recursive_bias_not_completed,,false,,queued,PeetCrypto/freqtrade-stuff,repair/patched/repos/PeetCrypto_freqtrade-stuff/NostalgiaForInfinityXw (1).py,5m,strategy,repaired,class2,dead_np_where_dtype,strict_equivalent,not_run,provisional,mode and direction agree with static source evidence,trend_following,scalp,complex,bull,,pending_dedicated_family_manifest
NotAnotherSMAOffsetStrategyX1,spot_long,NotAnotherSMAOffsetStrategyX1:1337e2ef028a,not_scheduled,false,ineligible,recursive_bias_found,lookahead_not_completed,drift_measured,true,597,baseline_excluded,PeetCrypto/freqtrade-stuff,repos/PeetCrypto_freqtrade-stuff/NotAnotherSMAOffsetStrategyX1.py,5m,strategy,original,,,not_applicable,not_run,provisional,mode and direction agree with static source evidence,trend_following,scalp,moderate,bull,,pending_dedicated_family_manifest
NowoIchimoku1hV1,spot_long,NowoIchimoku1hV1:9f6f9b7f67c2,not_scheduled,false,ineligible,canonical_implementation_not_measured;recursive_bias_found,native_mode_not_runtime_validated;lookahead_not_completed,drift_measured,false,,baseline_excluded,PeetCrypto/freqtrade-stuff,repos/PeetCrypto_freqtrade-stuff/NowoIchimoku1hV1 (1).py,1h,strategy,original,,,not_applicable,not_run,provisional,mode and direction agree with static source evidence,trend_following,intraday,simple,bull,,pending_dedicated_family_manifest
NowoIchimoku1hV2,spot_long,NowoIchimoku1hV2:638e72b5ab6a,not_scheduled,false,ineligible,recursive_bias_found,lookahead_not_completed,drift_measured,true,3695,baseline_excluded,PeetCrypto/freqtrade-stuff,repos/PeetCrypto_freqtrade-stuff/NowoIchimoku1hV2 (1).py,1h,strategy,original,,,not_applicable,not_run,provisional,mode and direction agree with static source evidence,trend_following,intraday,simple,bull,,pending_dedicated_family_manifest
NowoIchimoku5mV2,spot_long,NowoIchimoku5mV2:c116db4ee5a1,C_measurement_recovery,true,ineligible,canonical_implementation_not_measured,native_mode_not_runtime_validated;lookahead_not_completed,,false,,queued,PeetCrypto/freqtrade-stuff,repos/PeetCrypto_freqtrade-stuff/NowoIchimoku5mV2 (1).py,5m,strategy,original,,,not_applicable,not_run,provisional,mode and direction agree with static source evidence,trend_following,scalp,moderate,bull,,pending_dedicated_family_manifest
ObeliskIM_v1_1,spot_long,ObeliskIM_v1_1:3465de64a9dc,C_measurement_recovery,true,ineligible,canonical_implementation_not_measured,native_mode_not_runtime_validated;lookahead_not_completed;recursive_bias_not_completed,,false,,queued,PeetCrypto/freqtrade-stuff,repair/patched/repos/PeetCrypto_freqtrade-stuff/ObeliskIM_v1_1.py,5m,strategy,repaired,class2,pandas_removed_keywords,strict_equivalent,not_run,provisional,mode and direction agree with static source evidence,trend_following,scalp,simple,bull,,pending_dedicated_family_manifest
ObeliskRSI_v6_1,spot_long,ObeliskRSI_v6_1:2029ce384b81,C_measurement_recovery,true,ineligible,canonical_implementation_not_measured,native_mode_not_runtime_validated;lookahead_not_completed;recursive_bias_not_completed,,false,,queued,PeetCrypto/freqtrade-stuff,repair/patched/repos/PeetCrypto_freqtrade-stuff/ObeliskRSI_v6_1.py,5m,strategy,repaired,class2,pandas_removed_keywords,strict_equivalent,not_run,provisional,mode and direction agree with static source evidence,mean_reversion,scalp,simple,range,,pending_dedicated_family_manifest
Obelisk_3EMA_StochRSI_ATR,spot_long,Obelisk_3EMA_StochRSI_ATR:6f0512003fb9,C_measurement_recovery,true,ineligible,canonical_implementation_not_measured,native_mode_not_runtime_validated;lookahead_not_completed;recursive_bias_not_completed,,false,,queued,PeetCrypto/freqtrade-stuff,repair/patched/repos/PeetCrypto_freqtrade-stuff/Obelisk_3EMA_StochRSI_ATR.py,5m,strategy,repaired,class2,pandas_removed_keywords,strict_equivalent,not_run,provisional,mode and direction agree with static source evidence,volatility,scalp,simple,high_vol,,pending_dedicated_family_manifest
Obelisk_Ichimoku_Slow_v1_3,spot_long,Obelisk_Ichimoku_Slow_v1_3:7a4a81112a7a,C_measurement_recovery,true,ineligible,canonical_implementation_not_measured,native_mode_not_runtime_validated;lookahead_not_completed;recursive_bias_not_completed,,false,,queued,PeetCrypto/freqtrade-stuff,repair/patched/repos/PeetCrypto_freqtrade-stuff/Obelisk_Ichimoku_Slow_v1_3.py,1h,strategy,repaired,class2,pandas_removed_keywords,strict_equivalent,not_run,provisional,mode and direction agree with static source evidence,trend_following,intraday,simple,bull,,pending_dedicated_family_manifest
Obelisk_TradePro_Ichi_v1_1,spot_long,Obelisk_TradePro_Ichi_v1_1:2d1dd383bd8e,not_scheduled,false,ineligible,lookahead_found,,,true,5059,baseline_excluded,PeetCrypto/freqtrade-stuff,repos/PeetCrypto_freqtrade-stuff/Obelisk_TradePro_Ichi_v1_1.py,1h,strategy,original,,,not_applicable,not_run,provisional,mode and direction agree with static source evidence,trend_following,intraday,simple,bull,,pending_dedicated_family_manifest
Obelisk_TradePro_Ichi_v2_1,spot_long,Obelisk_TradePro_Ichi_v2_1:6b60d2647a28,not_scheduled,false,ineligible,lookahead_found,,,true,6419,baseline_excluded,PeetCrypto/freqtrade-stuff,repos/PeetCrypto_freqtrade-stuff/Obelisk_TradePro_Ichi_v2_1.py,1h,strategy,original,,,not_applicable,not_run,provisional,mode and direction agree with static source evidence,trend_following,intraday,simple,bull,,pending_dedicated_family_manifest
PRICEFOLLOWING,spot_long,PRICEFOLLOWING:59c51dfde6be,not_scheduled,false,ineligible,recursive_bias_found,lookahead_not_completed,drift_measured,true,272,baseline_excluded,PeetCrypto/freqtrade-stuff,repos/PeetCrypto_freqtrade-stuff/PRICEFOLLOWING (1).py,5m,strategy,original,,,not_applicable,not_run,provisional,mode and direction agree with static source evidence,trend_following,scalp,moderate,bull,,pending_dedicated_family_manifest
PRICEFOLLOWING2,spot_long,PRICEFOLLOWING2:ba1cbc29cfe5,not_scheduled,false,ineligible,recursive_bias_found,lookahead_not_completed,drift_measured,true,2,baseline_excluded,PeetCrypto/freqtrade-stuff,repos/PeetCrypto_freqtrade-stuff/PRICEFOLLOWING2 (1).py,15m,strategy,repaired,class1,environment_compatibility,strict_equivalent,not_run,provisional,mode and direction agree with static source evidence,trend_following,intraday,moderate,bull,,pending_dedicated_family_manifest
PRICEFOLLOWINGX,spot_long,PRICEFOLLOWINGX:7ce6fa9a5c5a,not_scheduled,false,ineligible,recursive_bias_found,lookahead_not_completed,drift_measured,true,1172,baseline_excluded,PeetCrypto/freqtrade-stuff,repos/PeetCrypto_freqtrade-stuff/PRICEFOLLOWINGX (1).py,15m,strategy,original,,,not_applicable,not_run,provisional,mode and direction agree with static source evidence,trend_following,intraday,moderate,bull,,pending_dedicated_family_manifest
Persia,spot_long,Persia:33ccafd6fae4,C_measurement_recovery,true,ineligible,canonical_implementation_not_measured,native_mode_not_runtime_validated;lookahead_not_completed,,false,,queued,PeetCrypto/freqtrade-stuff,repos/PeetCrypto_freqtrade-stuff/Persia.py,5m,strategy,original,,,not_applicable,not_run,provisional,mode and direction agree with static source evidence,unclear,scalp,moderate,undetermined,,pending_dedicated_family_manifest
Pmax,spot_long,Pmax:0d4334112a7d,C_measurement_recovery,true,ineligible,canonical_implementation_not_measured,native_mode_not_runtime_validated;lookahead_not_completed,,false,,queued,PeetCrypto/freqtrade-stuff,repos/PeetCrypto_freqtrade-stuff/Pmax.py,5m,strategy,original,,,not_applicable,not_run,provisional,mode and direction agree with static source evidence,trend_following,scalp,simple,bull,,pending_dedicated_family_manifest
PrawnstarOBV,spot_long,PrawnstarOBV:3534921aec10,not_scheduled,false,ineligible,recursive_bias_found;technical_trap_found,lookahead_not_completed,drift_measured,true,7066,baseline_excluded,PeetCrypto/freqtrade-stuff,repos/PeetCrypto_freqtrade-stuff/PrawnstarOBV.py,1h,strategy,original,,,not_applicable,not_run,provisional,mode and direction agree with static source evidence,hybrid,intraday,simple,undetermined,,pending_dedicated_family_manifest
Prediction_Strategy,spot_long,Prediction_Strategy:cb4c9523b5b3,C_measurement_recovery,true,ineligible,canonical_implementation_not_measured,native_mode_not_runtime_validated;lookahead_not_completed,,false,,queued,PeetCrypto/freqtrade-stuff,repos/PeetCrypto_freqtrade-stuff/Prediction_Strategy.py,1h,strategy,original,,,not_applicable,not_run,provisional,mode and direction agree with static source evidence,unclear,intraday,simple,undetermined,,pending_dedicated_family_manifest
QuickBuyStrategy,spot_long,QuickBuyStrategy:7ff610b1bed5,C_measurement_recovery,true,ineligible,canonical_implementation_not_measured,native_mode_not_runtime_validated;lookahead_not_completed;recursive_bias_not_completed,,false,,queued,PeetCrypto/freqtrade-stuff,repos/PeetCrypto_freqtrade-stuff/QuickBuyStrategy.py,1h,strategy,original,,,not_applicable,not_run,provisional,mode and direction agree with static source evidence,mean_reversion,unknown,simple,range,,pending_dedicated_family_manifest
Quickie,spot_long,Quickie:79be21c3eea3,not_scheduled,false,ineligible,recursive_bias_found,,,true,7676,baseline_excluded,PeetCrypto/freqtrade-stuff,repos/PeetCrypto_freqtrade-stuff/Quickie.py,5m,strategy,original,,,not_applicable,not_run,provisional,mode and direction agree with static source evidence,trend_following,scalp,simple,bull,,pending_dedicated_family_manifest
RSIDivTirail,spot_long,RSIDivTirail:99148c68949e,not_scheduled,false,ineligible,canonical_implementation_not_measured;technical_trap_found,native_mode_not_runtime_validated;lookahead_not_completed,,false,,baseline_excluded,PeetCrypto/freqtrade-stuff,repos/PeetCrypto_freqtrade-stuff/RSIDivergence.py,5m,strategy,original,,,not_applicable,not_run,provisional,mode and direction agree with static source evidence,hybrid,scalp,simple,undetermined,,pending_dedicated_family_manifest
RalliV1_disable56,spot_long,RalliV1_disable56:623e39c7d09c,not_scheduled,false,ineligible,recursive_bias_found,lookahead_not_completed,drift_measured,true,651,baseline_excluded,PeetCrypto/freqtrade-stuff,repos/PeetCrypto_freqtrade-stuff/RalliV1_disable56.py,5m,strategy,original,,,not_applicable,not_run,provisional,mode and direction agree with static source evidence,trend_following,scalp,moderate,bull,,pending_dedicated_family_manifest
ReinforcedAverageStrategy,spot_long,ReinforcedAverageStrategy:9fb9bec08a64,not_scheduled,false,ineligible,recursive_bias_found,,,true,1163,baseline_excluded,PeetCrypto/freqtrade-stuff,repos/PeetCrypto_freqtrade-stuff/ReinforcedAverageStrategy.py,4h,strategy,original,,,not_applicable,not_run,provisional,mode and direction agree with static source evidence,trend_following,swing,simple,bull,,pending_dedicated_family_manifest
ReinforcedQuickie,spot_long,ReinforcedQuickie:5d02feda60fc,not_scheduled,false,ineligible,lookahead_found,,,true,24078,baseline_excluded,PeetCrypto/freqtrade-stuff,repos/PeetCrypto_freqtrade-stuff/ReinforcedQuickie.py,5m,strategy,original,,,not_applicable,not_run,provisional,mode and direction agree with static source evidence,volatility,scalp,simple,high_vol,,pending_dedicated_family_manifest
Renko,spot_long,Renko:7e11ea5041e5,not_scheduled,false,ineligible,lookahead_found,,,true,124,baseline_excluded,PeetCrypto/freqtrade-stuff,repos/PeetCrypto_freqtrade-stuff/Renko.py,15m,strategy,original,,,not_applicable,not_run,provisional,mode and direction agree with static source evidence,volatility,intraday,simple,high_vol,,pending_dedicated_family_manifest
RenkoYolo,spot_long,RenkoYolo:99cddd5812cd,C_measurement_recovery,true,ineligible,canonical_implementation_not_measured,native_mode_not_runtime_validated;lookahead_not_completed,,false,,queued,PeetCrypto/freqtrade-stuff,repos/PeetCrypto_freqtrade-stuff/RenkoYolo (1).py,15m,strategy,original,,,not_applicable,not_run,provisional,mode and direction agree with static source evidence,trend_following,intraday,simple,bull,,pending_dedicated_family_manifest
SAR,spot_long,SAR:d71a46b22ac3,not_scheduled,false,ineligible,recursive_bias_found,lookahead_not_completed,drift_measured,true,30880,baseline_excluded,PeetCrypto/freqtrade-stuff,repos/PeetCrypto_freqtrade-stuff/SAR (1).py,5m,strategy,original,,,not_applicable,not_run,provisional,mode and direction agree with static source evidence,volatility,scalp,simple,high_vol,,pending_dedicated_family_manifest
SMAIP3v2,spot_long,SMAIP3v2:0817ed90c97b,not_scheduled,false,ineligible,technical_trap_found,lookahead_not_completed,,true,471,baseline_excluded,PeetCrypto/freqtrade-stuff,repos/PeetCrypto_freqtrade-stuff/SMAIP3v2.py,5m,strategy,original,,,not_applicable,not_run,provisional,mode and direction agree with static source evidence,hybrid,scalp,simple,undetermined,,pending_dedicated_family_manifest
SMAOPv1_TTF,spot_long,SMAOPv1_TTF:b7aefac2ea10,C_measurement_recovery,true,ineligible,canonical_implementation_not_measured,native_mode_not_runtime_validated;lookahead_not_completed;recursive_bias_not_completed,,false,,queued,PeetCrypto/freqtrade-stuff,repos/PeetCrypto_freqtrade-stuff/SMAOPv1_TTF.py,5m,strategy,original,,,not_applicable,not_run,provisional,mode and direction agree with static source evidence,hybrid,scalp,moderate,undetermined,,pending_dedicated_family_manifest
SMAOffset,spot_long,SMAOffset:21845e9a1cf6,not_scheduled,false,ineligible,recursive_bias_found,lookahead_not_completed,drift_measured,true,2108,baseline_excluded,PeetCrypto/freqtrade-stuff,repos/PeetCrypto_freqtrade-stuff/SMAOffset.py,5m,strategy,original,,,not_applicable,not_run,provisional,mode and direction agree with static source evidence,unclear,scalp,moderate,undetermined,,pending_dedicated_family_manifest
SMAOffsetProtectOptV0,spot_long,SMAOffsetProtectOptV0:ba358abb0b7b,not_scheduled,false,ineligible,recursive_bias_found,lookahead_not_completed,drift_measured,true,253,baseline_excluded,PeetCrypto/freqtrade-stuff,repos/PeetCrypto_freqtrade-stuff/SMAOffsetProtectOptV0.py,5m,strategy,original,,,not_applicable,not_run,provisional,mode and direction agree with static source evidence,trend_following,scalp,moderate,bull,,pending_dedicated_family_manifest
SMAOffsetProtectOptV1HO1,spot_long,SMAOffsetProtectOptV1HO1:6a0ad15e1c2d,not_scheduled,false,ineligible,recursive_bias_found,lookahead_not_completed,drift_measured,true,1233,baseline_excluded,PeetCrypto/freqtrade-stuff,repos/PeetCrypto_freqtrade-stuff/SMAOffsetProtectOptV1HO1 (1).py,5m,strategy,original,,,not_applicable,not_run,provisional,mode and direction agree with static source evidence,hybrid,scalp,moderate,undetermined,,pending_dedicated_family_manifest
SMAOffsetProtectOptV1Mod2,spot_long,SMAOffsetProtectOptV1Mod2:d6cf62f3753e,not_scheduled,false,ineligible,recursive_bias_found,lookahead_not_completed,drift_measured,true,206,baseline_excluded,PeetCrypto/freqtrade-stuff,repos/PeetCrypto_freqtrade-stuff/SMAOffsetProtectOptV1Mod2_antipump (1).py,5m,strategy,original,,,not_applicable,not_run,provisional,mode and direction agree with static source evidence,trend_following,scalp,moderate,bull,,pending_dedicated_family_manifest
SMAOffsetV2,spot_long,SMAOffsetV2:34e0584ebcfc,E0_strict67,true,eligible,,,,true,794,admitted_E0,PeetCrypto/freqtrade-stuff,repos/PeetCrypto_freqtrade-stuff/SMAOffsetV2 (1).py,5m,strategy,original,,,not_applicable,not_run,provisional,mode and direction agree with static source evidence,trend_following,scalp,simple,bull,,pending_dedicated_family_manifest
Sar,spot_long,Sar:fc709c4daddd,not_scheduled,false,ineligible,recursive_bias_found,lookahead_not_completed,drift_measured,true,12724,baseline_excluded,PeetCrypto/freqtrade-stuff,repos/PeetCrypto_freqtrade-stuff/Sar.py,5m,strategy,original,,,not_applicable,not_run,provisional,mode and direction agree with static source evidence,volatility,scalp,simple,high_vol,,pending_dedicated_family_manifest
Saturn5,spot_long,Saturn5:916824f746d7,not_scheduled,false,ineligible,recursive_bias_found,lookahead_not_completed,drift_measured,true,3356,baseline_excluded,PeetCrypto/freqtrade-stuff,repos/PeetCrypto_freqtrade-stuff/Saturn5.py,15m,strategy,original,,,not_applicable,not_run,provisional,mode and direction agree with static source evidence,breakout,intraday,simple,transition+high_vol,,pending_dedicated_family_manifest
Scalp,spot_long,Scalp:e7dca7c74ce5,not_scheduled,false,ineligible,recursive_bias_found,,,true,28414,baseline_excluded,PeetCrypto/freqtrade-stuff,repos/PeetCrypto_freqtrade-stuff/Scalp.py,1m,strategy,original,,,not_applicable,not_run,provisional,mode and direction agree with static source evidence,trend_following,scalp,simple,bull,,pending_dedicated_family_manifest
ScalpingCCI,spot_long,ScalpingCCI:da37b8455217,C_measurement_recovery,true,ineligible,canonical_implementation_not_measured,native_mode_not_runtime_validated;lookahead_not_completed;recursive_bias_not_completed,,false,,queued,PeetCrypto/freqtrade-stuff,repair/patched/repos/PeetCrypto_freqtrade-stuff/ScalpingCCI.py,15m,strategy,repaired,class2,pandas_removed_keywords,strict_equivalent,not_run,provisional,mode and direction agree with static source evidence,trend_following,unknown,simple,bull,,pending_dedicated_family_manifest
Schism,spot_long,Schism:bd361bf697ce,not_scheduled,false,ineligible,canonical_implementation_not_measured;recursive_bias_found,native_mode_not_runtime_validated;lookahead_not_completed,drift_measured,false,,baseline_excluded,PeetCrypto/freqtrade-stuff,repos/PeetCrypto_freqtrade-stuff/Schism-0318.py,5m,strategy,original,,,not_applicable,not_run,provisional,mode and direction agree with static source evidence,momentum,scalp,moderate,bull,,pending_dedicated_family_manifest
Schism3,spot_long,Schism3:3e641ed1d3de,not_scheduled,false,ineligible,recursive_bias_found,lookahead_not_completed,drift_measured,true,3631,baseline_excluded,PeetCrypto/freqtrade-stuff,repos/PeetCrypto_freqtrade-stuff/Schism-v1.3.py,5m,strategy,repaired,class1,environment_compatibility,strict_equivalent,not_run,provisional,mode and direction agree with static source evidence,momentum,scalp,moderate,bull,,pending_dedicated_family_manifest
Schism4,spot_long,Schism4:8c70df08eac9,not_scheduled,false,ineligible,recursive_bias_found,lookahead_not_completed,drift_measured,true,993,baseline_excluded,PeetCrypto/freqtrade-stuff,repos/PeetCrypto_freqtrade-stuff/Schism-v1.4.py,5m,strategy,repaired,class1,environment_compatibility,strict_equivalent,not_run,provisional,mode and direction agree with static source evidence,momentum,scalp,moderate,bull,,pending_dedicated_family_manifest
Schism5,spot_long,Schism5:43fa75772630,not_scheduled,false,ineligible,canonical_implementation_not_measured;recursive_bias_found,native_mode_not_runtime_validated;lookahead_not_completed,drift_measured,false,,baseline_excluded,PeetCrypto/freqtrade-stuff,repos/PeetCrypto_freqtrade-stuff/Schism-v1.5.py,5m,strategy,original,,,not_applicable,not_run,provisional,mode and direction agree with static source evidence,mean_reversion,scalp,simple,range,,pending_dedicated_family_manifest
Schism6,spot_long,Schism6:81e545115b8e,not_scheduled,false,ineligible,canonical_implementation_not_measured;recursive_bias_found,native_mode_not_runtime_validated;lookahead_not_completed,drift_measured,false,,baseline_excluded,PeetCrypto/freqtrade-stuff,repos/PeetCrypto_freqtrade-stuff/Schism-v1.6.py,5m,strategy,original,,,not_applicable,not_run,provisional,mode and direction agree with static source evidence,momentum,scalp,moderate,bull,,pending_dedicated_family_manifest
Schism2,spot_long,Schism2:da17435ebbcc,not_scheduled,false,ineligible,canonical_implementation_not_measured;recursive_bias_found,native_mode_not_runtime_validated;lookahead_not_completed,drift_measured,false,,baseline_excluded,PeetCrypto/freqtrade-stuff,repos/PeetCrypto_freqtrade-stuff/Schism-v2.py,5m,strategy,original,,,not_applicable,not_run,provisional,mode and direction agree with static source evidence,momentum,scalp,moderate,bull,,pending_dedicated_family_manifest
Schism2MM,spot_long,Schism2MM:3c910a0df075,not_scheduled,false,ineligible,recursive_bias_found,lookahead_not_completed,drift_measured,true,17,baseline_excluded,PeetCrypto/freqtrade-stuff,repos/PeetCrypto_freqtrade-stuff/Schism2MM.py,5m,strategy,original,,,not_applicable,not_run,provisional,mode and direction agree with static source evidence,momentum,scalp,simple,bull,,pending_dedicated_family_manifest
Seb,spot_long,Seb:7523b678ca65,not_scheduled,false,ineligible,recursive_bias_found,,,true,13947,baseline_excluded,PeetCrypto/freqtrade-stuff,repos/PeetCrypto_freqtrade-stuff/Seb.py,5m,strategy,original,,,not_applicable,not_run,provisional,mode and direction agree with static source evidence,volatility,scalp,moderate,high_vol,,pending_dedicated_family_manifest
Simple,spot_long,Simple:94180c925365,not_scheduled,false,ineligible,recursive_bias_found,,,true,16675,baseline_excluded,PeetCrypto/freqtrade-stuff,repos/PeetCrypto_freqtrade-stuff/Simple.py,5m,strategy,original,,,not_applicable,not_run,provisional,mode and direction agree with static source evidence,momentum,scalp,simple,bull,,pending_dedicated_family_manifest
Slowbro,spot_long,Slowbro:021729094e3a,E0_strict67,true,eligible,,,,true,95,admitted_E0,PeetCrypto/freqtrade-stuff,repos/PeetCrypto_freqtrade-stuff/Slowbro.py,1h,strategy,original,,,not_applicable,not_run,provisional,mode and direction agree with static source evidence,unclear,intraday,simple,undetermined,,pending_dedicated_family_manifest
SmoothOperator,spot_long,SmoothOperator:d87471094a60,not_scheduled,false,ineligible,recursive_bias_found,,,true,17127,baseline_excluded,PeetCrypto/freqtrade-stuff,repos/PeetCrypto_freqtrade-stuff/SmoothOperator.py,5m,strategy,original,,,not_applicable,not_run,provisional,mode and direction agree with static source evidence,trend_following,scalp,simple,bull,,pending_dedicated_family_manifest
SmoothScalp,spot_long,SmoothScalp:0364d41573bb,not_scheduled,false,ineligible,recursive_bias_found,,,true,26236,baseline_excluded,PeetCrypto/freqtrade-stuff,repos/PeetCrypto_freqtrade-stuff/SmoothScalp.py,1m,strategy,original,,,not_applicable,not_run,provisional,mode and direction agree with static source evidence,mean_reversion,scalp,simple,range,,pending_dedicated_family_manifest
SolipsisCon,spot_long,SolipsisCon:4ce1ee4cb639,not_scheduled,false,ineligible,canonical_implementation_not_measured;recursive_bias_found,native_mode_not_runtime_validated;lookahead_not_completed,drift_measured,false,,baseline_excluded,PeetCrypto/freqtrade-stuff,repos/PeetCrypto_freqtrade-stuff/Solipsis-Con-v1.py,5m,strategy,original,,,not_applicable,not_run,provisional,mode and direction agree with static source evidence,unclear,scalp,moderate,undetermined,,pending_dedicated_family_manifest
Solipsis,spot_long,Solipsis:c995fcc9ccee,C_measurement_recovery,true,ineligible,canonical_implementation_not_measured,native_mode_not_runtime_validated;lookahead_not_completed,,false,,queued,PeetCrypto/freqtrade-stuff,repos/PeetCrypto_freqtrade-stuff/Solipsis-tradedbexp.py,5m,strategy,original,,,not_applicable,not_run,provisional,mode and direction agree with static source evidence,momentum,scalp,moderate,bull,,pending_dedicated_family_manifest
Solipsis5,spot_long,Solipsis5:8fa173b9732a,not_scheduled,false,ineligible,canonical_implementation_not_measured;recursive_bias_found,native_mode_not_runtime_validated;lookahead_not_completed,drift_measured,false,,baseline_excluded,PeetCrypto/freqtrade-stuff,repos/PeetCrypto_freqtrade-stuff/Solipsis-v2.5.py,5m,strategy,original,,,not_applicable,not_run,provisional,mode and direction agree with static source evidence,momentum,scalp,moderate,bull,,pending_dedicated_family_manifest
Solipsis6,spot_long,Solipsis6:10d3307231ad,C_measurement_recovery,true,ineligible,canonical_implementation_not_measured,native_mode_not_runtime_validated;lookahead_not_completed;recursive_bias_not_completed,,false,,queued,PeetCrypto/freqtrade-stuff,repos/PeetCrypto_freqtrade-stuff/Solipsis-v2.6.py,5m,strategy,original,,,not_applicable,not_run,provisional,mode and direction agree with static source evidence,trend_following,scalp,moderate,bull,,pending_dedicated_family_manifest
Solipsis3,spot_long,Solipsis3:3cce8566c0e6,not_scheduled,false,ineligible,canonical_implementation_not_measured;recursive_bias_found,native_mode_not_runtime_validated;lookahead_not_completed,drift_measured,false,,baseline_excluded,PeetCrypto/freqtrade-stuff,repos/PeetCrypto_freqtrade-stuff/Solipsis-v3-fuck (1).py,5m,strategy,original,,,not_applicable,not_run,provisional,mode and direction agree with static source evidence,momentum,scalp,moderate,bull,,pending_dedicated_family_manifest
SolipsisMM,spot_long,SolipsisMM:32e2d5db21f4,C_measurement_recovery,true,ineligible,canonical_implementation_not_measured,native_mode_not_runtime_validated;lookahead_not_completed;recursive_bias_not_completed,,false,,queued,PeetCrypto/freqtrade-stuff,repos/PeetCrypto_freqtrade-stuff/SolipsisMM.py,5m,strategy,original,,,not_applicable,not_run,provisional,mode and direction agree with static source evidence,momentum,scalp,moderate,bull,,pending_dedicated_family_manifest
Solipsis4,spot_long,Solipsis4:f483e328f49a,C_measurement_recovery,true,ineligible,canonical_implementation_not_measured,native_mode_not_runtime_validated;lookahead_not_completed,,false,,queued,PeetCrypto/freqtrade-stuff,repos/PeetCrypto_freqtrade-stuff/Solipsis_v4.py,5m,strategy,original,,,not_applicable,not_run,provisional,mode and direction agree with static source evidence,momentum,scalp,moderate,bull,,pending_dedicated_family_manifest
SqueezeMomentum,spot_long,SqueezeMomentum:6fcb840e9fe1,not_scheduled,false,ineligible,canonical_implementation_not_measured;recursive_bias_found,native_mode_not_runtime_validated;lookahead_not_completed,drift_measured,false,,baseline_excluded,PeetCrypto/freqtrade-stuff,repos/PeetCrypto_freqtrade-stuff/SqueezeMomentum.py,5m,strategy,original,,,not_applicable,not_run,provisional,mode and direction agree with static source evidence,trend_following,scalp,moderate,bull,,pending_dedicated_family_manifest
Stinkfist,spot_long,Stinkfist:c67001ef6a5f,C_measurement_recovery,true,ineligible,canonical_implementation_not_measured,native_mode_not_runtime_validated;lookahead_not_completed;recursive_bias_not_completed,,false,,queued,PeetCrypto/freqtrade-stuff,repair/patched/repos/PeetCrypto_freqtrade-stuff/Stinkfist.py,5m,strategy,repaired,class2,pandas_removed_keywords,strict_equivalent,not_run,provisional,mode and direction agree with static source evidence,momentum,scalp,moderate,bull,,pending_dedicated_family_manifest
StochRSITEMA,spot_long,StochRSITEMA:fe2b7dde3da3,E0_strict67,true,eligible,,,,true,4542,admitted_E0,PeetCrypto/freqtrade-stuff,repos/PeetCrypto_freqtrade-stuff/StochRSITEMA.py,5m,strategy,original,,,not_applicable,not_run,provisional,mode and direction agree with static source evidence,mean_reversion,scalp,simple,range,,pending_dedicated_family_manifest
SuperHV27,spot_long,SuperHV27:e46029e72411,C_measurement_recovery,true,ineligible,canonical_implementation_not_measured,native_mode_not_runtime_validated;lookahead_not_completed,,false,,queued,PeetCrypto/freqtrade-stuff,repos/PeetCrypto_freqtrade-stuff/SuperHV27.py,5m,strategy,original,,,not_applicable,not_run,provisional,mode and direction agree with static source evidence,trend_following,scalp,moderate,bull,,pending_dedicated_family_manifest
SuperTrend,spot_long,SuperTrend:8906a5d26582,not_scheduled,false,ineligible,recursive_bias_found,lookahead_not_completed,drift_measured,true,2219,baseline_excluded,PeetCrypto/freqtrade-stuff,repos/PeetCrypto_freqtrade-stuff/SuperTrend (1).py,1m,strategy,repaired,class1,environment_compatibility,strict_equivalent,not_run,provisional,mode and direction agree with static source evidence,trend_following,scalp,simple,bull,,pending_dedicated_family_manifest
SuperTrendPure,spot_long,SuperTrendPure:583ab2946233,C_measurement_recovery,true,ineligible,canonical_implementation_not_measured,native_mode_not_runtime_validated;lookahead_not_completed,,false,,queued,PeetCrypto/freqtrade-stuff,repos/PeetCrypto_freqtrade-stuff/SuperTrendPure.py,1h,strategy,original,,,not_applicable,not_run,provisional,mode and direction agree with static source evidence,trend_following,intraday,simple,bull,,pending_dedicated_family_manifest
Supertrend,spot_long,Supertrend:d31eb33fc533,C_measurement_recovery,true,ineligible,canonical_implementation_not_measured,native_mode_not_runtime_validated;lookahead_not_completed,,false,,queued,PeetCrypto/freqtrade-stuff,repos/PeetCrypto_freqtrade-stuff/Supertrend.py,5m,strategy,original,,,not_applicable,not_run,provisional,mode and direction agree with static source evidence,trend_following,scalp,simple,bull,,pending_dedicated_family_manifest
SupertrendStrategy,spot_long,SupertrendStrategy:8b39ab2f2568,not_scheduled,false,ineligible,recursive_bias_found,lookahead_not_completed,drift_measured,true,3820,baseline_excluded,PeetCrypto/freqtrade-stuff,repos/PeetCrypto_freqtrade-stuff/SupertrendStrategy.py,1h,strategy,original,,,not_applicable,not_run,provisional,mode and direction agree with static source evidence,trend_following,intraday,moderate,bull,,pending_dedicated_family_manifest
SwingHigh,spot_long,SwingHigh:7a62b0ee70e7,C_measurement_recovery,true,ineligible,canonical_implementation_not_measured,native_mode_not_runtime_validated;lookahead_not_completed;recursive_bias_not_completed,,false,,queued,PeetCrypto/freqtrade-stuff,repos/PeetCrypto_freqtrade-stuff/SwingHigh.py,30m,strategy,original,,,not_applicable,not_run,provisional,mode and direction agree with static source evidence,momentum,unknown,simple,bull,,pending_dedicated_family_manifest
SwingHighToSky,spot_long,SwingHighToSky:73facc48a003,not_scheduled,false,ineligible,recursive_bias_found,,,true,6105,baseline_excluded,PeetCrypto/freqtrade-stuff,repos/PeetCrypto_freqtrade-stuff/SwingHighToSky.py,15m,strategy,original,,,not_applicable,not_run,provisional,mode and direction agree with static source evidence,mean_reversion,intraday,simple,range,,pending_dedicated_family_manifest
TDSequentialStrategy,spot_long,TDSequentialStrategy:18c8e9e537d1,E0_strict67,true,eligible,,,,true,4587,admitted_E0,PeetCrypto/freqtrade-stuff,repos/PeetCrypto_freqtrade-stuff/TDSequentialStrategy.py,1h,strategy,original,,,not_applicable,not_run,provisional,mode and direction agree with static source evidence,unclear,intraday,simple,undetermined,,pending_dedicated_family_manifest
TEMA,spot_long,TEMA:59e0f6c50d86,not_scheduled,false,ineligible,recursive_bias_found,lookahead_not_completed,drift_measured,true,25158,baseline_excluded,PeetCrypto/freqtrade-stuff,repos/PeetCrypto_freqtrade-stuff/TEMA.py,1m,strategy,original,,,not_applicable,not_run,provisional,mode and direction agree with static source evidence,volatility,scalp,simple,high_vol,,pending_dedicated_family_manifest
TechnicalExampleStrategy,spot_long,TechnicalExampleStrategy:20911a433b0e,not_scheduled,false,ineligible,recursive_bias_found,,,true,24430,baseline_excluded,PeetCrypto/freqtrade-stuff,repos/PeetCrypto_freqtrade-stuff/TechnicalExampleStrategy.py,5m,strategy,original,,,not_applicable,not_run,provisional,mode and direction agree with static source evidence,unclear,scalp,simple,undetermined,,pending_dedicated_family_manifest
Test_MAMA4,spot_long,Test_MAMA4:d6e1444c50e3,C_measurement_recovery,true,ineligible,canonical_implementation_not_measured,native_mode_not_runtime_validated;lookahead_not_completed,,false,,queued,PeetCrypto/freqtrade-stuff,repos/PeetCrypto_freqtrade-stuff/Test_MAMA4.py,5m,strategy,original,,,not_applicable,not_run,provisional,mode and direction agree with static source evidence,unclear,scalp,moderate,undetermined,,pending_dedicated_family_manifest
TheForce,spot_long,TheForce:dc3537c5cbe9,not_scheduled,false,ineligible,recursive_bias_found,lookahead_not_completed,drift_measured,true,24088,baseline_excluded,PeetCrypto/freqtrade-stuff,repos/PeetCrypto_freqtrade-stuff/TheForce.py,15m,strategy,original,,,not_applicable,not_run,provisional,mode and direction agree with static source evidence,momentum,intraday,simple,bull,,pending_dedicated_family_manifest
TheRealPullbackV2,spot_long,TheRealPullbackV2:631a50d574af,E0_strict67,true,eligible,,,,true,918,admitted_E0,PeetCrypto/freqtrade-stuff,repos/PeetCrypto_freqtrade-stuff/TheRealPullbackV2.py,5m,strategy,original,,,not_applicable,not_run,provisional,mode and direction agree with static source evidence,mean_reversion,scalp,simple,range,,pending_dedicated_family_manifest
ThreeCommasStrategy,spot_long,ThreeCommasStrategy:20ff244beae0,C_measurement_recovery,true,ineligible,canonical_implementation_not_measured,artifact_role_requires_review;native_mode_not_runtime_validated;lookahead_not_completed;exact_regime_window_coverage_not_verified,,false,,queued,PeetCrypto/freqtrade-stuff,repos/PeetCrypto_freqtrade-stuff/ThreeCommasStrategy.py,,template_candidate,original,,,not_applicable,not_run,review,no explicit long or short entry write,unclear,unknown,simple,undetermined,,pending_dedicated_family_manifest
YourStrat,spot_long,YourStrat:3290f4d72f91,C_measurement_recovery,true,ineligible,canonical_implementation_not_measured,artifact_role_requires_review;native_mode_not_runtime_validated;lookahead_not_completed;recursive_bias_not_completed;exact_regime_window_coverage_not_verified,,false,,queued,PeetCrypto/freqtrade-stuff,repos/PeetCrypto_freqtrade-stuff/TrailingBuyStrat.py,,template_candidate,original,,,not_applicable,not_run,review,no explicit long or short entry write,unclear,unknown,simple,undetermined,,pending_dedicated_family_manifest
TrainCatBoostStrategy,spot_long,TrainCatBoostStrategy:5ff5c13b62e3,C_measurement_recovery,true,ineligible,canonical_implementation_not_measured,native_mode_not_runtime_validated;lookahead_not_completed;exact_regime_window_coverage_not_verified,,false,,queued,PeetCrypto/freqtrade-stuff,repos/PeetCrypto_freqtrade-stuff/TrainCatBoostStrategy.py,,strategy,original,,,not_applicable,not_run,provisional,mode and direction agree with static source evidence,unclear,unknown,simple,undetermined,,pending_dedicated_family_manifest
TrixStrategy,spot_long,TrixStrategy:9b74c00f6e2c,E0_strict67,true,eligible,,,,true,13554,admitted_E0,PeetCrypto/freqtrade-stuff,repos/PeetCrypto_freqtrade-stuff/TrixStrategy.py,1h,strategy,original,,,not_applicable,not_run,provisional,mode and direction agree with static source evidence,unclear,intraday,moderate,undetermined,,pending_dedicated_family_manifest
TrixV15Strategy,spot_long,TrixV15Strategy:ea28010f0a22,E0_strict67,true,eligible,,,,true,1444,admitted_E0,PeetCrypto/freqtrade-stuff,repos/PeetCrypto_freqtrade-stuff/TrixV15Strategy.py,1h,strategy,original,,,not_applicable,not_run,provisional,mode and direction agree with static source evidence,unclear,intraday,moderate,undetermined,,pending_dedicated_family_manifest
TrixV21Strategy,spot_long,TrixV21Strategy:c8621b3bf9ce,not_scheduled,false,ineligible,recursive_bias_found,lookahead_not_completed,drift_measured,true,1152,baseline_excluded,PeetCrypto/freqtrade-stuff,repos/PeetCrypto_freqtrade-stuff/TrixV21Strategy.py,1h,strategy,original,,,not_applicable,not_run,provisional,mode and direction agree with static source evidence,trend_following,intraday,moderate,bull,,pending_dedicated_family_manifest
TrixV23Strategy,spot_long,TrixV23Strategy:15e1305ea019,not_scheduled,false,ineligible,recursive_bias_found,lookahead_not_completed,drift_measured,true,1305,baseline_excluded,PeetCrypto/freqtrade-stuff,repos/PeetCrypto_freqtrade-stuff/TrixV23Strategy (1).py,1h,strategy,original,,,not_applicable,not_run,provisional,mode and direction agree with static source evidence,trend_following,intraday,moderate,bull,,pending_dedicated_family_manifest
TuplaBollinger,spot_long,TuplaBollinger:14a3ff606c7c,C_measurement_recovery,true,ineligible,canonical_implementation_not_measured,native_mode_not_runtime_validated;lookahead_not_completed;exact_regime_window_coverage_not_verified,,false,,queued,PeetCrypto/freqtrade-stuff,repos/PeetCrypto_freqtrade-stuff/TuplaBollinger.py,5h,strategy,original,,,not_applicable,not_run,provisional,mode and direction agree with static source evidence,trend_following,unknown,simple,bull,,pending_dedicated_family_manifest
UltimateMomentumIndicator,spot_long,UltimateMomentumIndicator:9b3eeaf6f377,E0_strict67,true,eligible,,,,true,8147,admitted_E0,PeetCrypto/freqtrade-stuff,repos/PeetCrypto_freqtrade-stuff/UltimateMomentumIndicator.py,5m,strategy,original,,,not_applicable,not_run,provisional,mode and direction agree with static source evidence,hybrid,scalp,simple,undetermined,,pending_dedicated_family_manifest
UpSliceStrategy,spot_long,UpSliceStrategy:cf3e9ea5f4f0,C_measurement_recovery,true,ineligible,canonical_implementation_not_measured,native_mode_not_runtime_validated;lookahead_not_completed,,false,,queued,PeetCrypto/freqtrade-stuff,repos/PeetCrypto_freqtrade-stuff/UpSliceStrategy.py,5m,strategy,original,,,not_applicable,not_run,provisional,mode and direction agree with static source evidence,trend_following,scalp,simple,bull,,pending_dedicated_family_manifest
Uptrend,spot_long,Uptrend:db33d69c3622,not_scheduled,false,ineligible,recursive_bias_found,lookahead_not_completed,drift_measured,true,471,baseline_excluded,PeetCrypto/freqtrade-stuff,repos/PeetCrypto_freqtrade-stuff/Uptrend.py,5m,strategy,original,,,not_applicable,not_run,provisional,mode and direction agree with static source evidence,trend_following,scalp,simple,bull,,pending_dedicated_family_manifest
UziChan,spot_long,UziChan:b89805d46990,not_scheduled,false,ineligible,lookahead_found,,,true,25039,baseline_excluded,PeetCrypto/freqtrade-stuff,repos/PeetCrypto_freqtrade-stuff/UziChan.py,5m,strategy,original,,,not_applicable,not_run,provisional,mode and direction agree with static source evidence,trend_following,scalp,simple,bull,,pending_dedicated_family_manifest
UziChan2,spot_long,UziChan2:5f1019bffeeb,not_scheduled,false,ineligible,lookahead_found,,,true,24361,baseline_excluded,PeetCrypto/freqtrade-stuff,repos/PeetCrypto_freqtrade-stuff/UziChan2 (1).py,1m,strategy,original,,,not_applicable,not_run,provisional,mode and direction agree with static source evidence,trend_following,scalp,simple,bull,,pending_dedicated_family_manifest
VWAP,spot_long,VWAP:22c03a360e06,not_scheduled,false,ineligible,recursive_bias_found,,,true,986,baseline_excluded,PeetCrypto/freqtrade-stuff,repos/PeetCrypto_freqtrade-stuff/VWAP.py,5m,strategy,original,,,not_applicable,not_run,provisional,mode and direction agree with static source evidence,mean_reversion,scalp,simple,range,,pending_dedicated_family_manifest
WaveTrendStra,spot_long,WaveTrendStra:7167d7a967d9,not_scheduled,false,ineligible,recursive_bias_found,,,true,9256,baseline_excluded,PeetCrypto/freqtrade-stuff,repos/PeetCrypto_freqtrade-stuff/WaveTrendStra.py,4h,strategy,original,,,not_applicable,not_run,provisional,mode and direction agree with static source evidence,trend_following,swing,simple,bull,,pending_dedicated_family_manifest
XebTradeStrat,spot_long,XebTradeStrat:667864719d07,not_scheduled,false,ineligible,technical_trap_found,lookahead_not_completed,,true,25932,baseline_excluded,PeetCrypto/freqtrade-stuff,repos/PeetCrypto_freqtrade-stuff/XebTradeStrat.py,1m,strategy,original,,,not_applicable,not_run,provisional,mode and direction agree with static source evidence,trend_following,scalp,simple,bull,,pending_dedicated_family_manifest
XtraThicc,spot_long,XtraThicc:af99ee5fbb75,E0_strict67,true,eligible,,,,true,9167,admitted_E0,PeetCrypto/freqtrade-stuff,repos/PeetCrypto_freqtrade-stuff/XtraThicc.py,5m,strategy,original,,,not_applicable,not_run,provisional,mode and direction agree with static source evidence,momentum,scalp,simple,bull,,pending_dedicated_family_manifest
YOLO,spot_long,YOLO:b822711c4fee,not_scheduled,false,ineligible,recursive_bias_found,,,true,560,baseline_excluded,PeetCrypto/freqtrade-stuff,repos/PeetCrypto_freqtrade-stuff/YOLO.py,1m,strategy,original,,,not_applicable,not_run,provisional,mode and direction agree with static source evidence,trend_following,scalp,simple,bull,,pending_dedicated_family_manifest
Zeus,spot_long,Zeus:23662b687769,not_scheduled,false,ineligible,lookahead_found;recursive_bias_found,,,true,2766,baseline_excluded,PeetCrypto/freqtrade-stuff,repos/PeetCrypto_freqtrade-stuff/Zeus_HO (1).py,4h,strategy,repaired,class1,environment_compatibility,strict_equivalent,not_run,provisional,mode and direction agree with static source evidence,unclear,swing,simple,undetermined,,pending_dedicated_family_manifest
CustomStoplossWithPSAR,spot_long,CustomStoplossWithPSAR:b36b8c686259,not_scheduled,false,ineligible,recursive_bias_found,,,true,140,baseline_excluded,PeetCrypto/freqtrade-stuff,repos/PeetCrypto_freqtrade-stuff/custom_stoploss_with_psar.py,1h,strategy,original,,,not_applicable,not_run,provisional,mode and direction agree with static source evidence,trend_following,intraday,simple,bull,,pending_dedicated_family_manifest
ep3mas2,spot_long,ep3mas2:1c0f3a7f1246,C_measurement_recovery,true,ineligible,canonical_implementation_not_measured,native_mode_not_runtime_validated;lookahead_not_completed,,false,,queued,PeetCrypto/freqtrade-stuff,repos/PeetCrypto_freqtrade-stuff/ep3mas2.py,5m,strategy,original,,,not_applicable,not_run,provisional,mode and direction agree with static source evidence,trend_following,scalp,simple,bull,,pending_dedicated_family_manifest
epretrace,spot_long,epretrace:bfb8ac548394,C_measurement_recovery,true,ineligible,canonical_implementation_not_measured,native_mode_not_runtime_validated;lookahead_not_completed,,false,,queued,PeetCrypto/freqtrade-stuff,repos/PeetCrypto_freqtrade-stuff/epretrace.py,5m,strategy,original,,,not_applicable,not_run,provisional,mode and direction agree with static source evidence,unclear,scalp,simple,undetermined,,pending_dedicated_family_manifest
Gumbo1,spot_long,Gumbo1:5e3498b397df,E0_strict67,true,eligible,,,,true,23582,admitted_E0,PeetCrypto/freqtrade-stuff,repos/PeetCrypto_freqtrade-stuff/gumbo1.py,5m,strategy,original,,,not_applicable,not_run,provisional,mode and direction agree with static source evidence,trend_following,scalp,moderate,bull,,pending_dedicated_family_manifest
hansencandlepatternV1,spot_long,hansencandlepatternV1:d408e504abc9,not_scheduled,false,ineligible,recursive_bias_found,,,true,17165,baseline_excluded,PeetCrypto/freqtrade-stuff,repos/PeetCrypto_freqtrade-stuff/hansencandlepatternV1.py,1h,strategy,original,,,not_applicable,not_run,provisional,mode and direction agree with static source evidence,trend_following,intraday,simple,bull,,pending_dedicated_family_manifest
heikin,spot_long,heikin:07066eafd687,not_scheduled,false,ineligible,recursive_bias_found,,,true,21053,baseline_excluded,PeetCrypto/freqtrade-stuff,repos/PeetCrypto_freqtrade-stuff/heikin.py,1h,strategy,original,,,not_applicable,not_run,provisional,mode and direction agree with static source evidence,trend_following,intraday,simple,bull,,pending_dedicated_family_manifest
new_turtle,spot_long,new_turtle:d25bae04bbc9,C_measurement_recovery,true,ineligible,canonical_implementation_not_measured,native_mode_not_runtime_validated;lookahead_not_completed,,false,,queued,PeetCrypto/freqtrade-stuff,repos/PeetCrypto_freqtrade-stuff/new_turtle.py,1d,strategy,original,,,not_applicable,not_run,provisional,mode and direction agree with static source evidence,volatility,position,simple,high_vol,,pending_dedicated_family_manifest
NostalgiaForInfinityNextV7155,spot_long,NostalgiaForInfinityNextV7155:23093d5ac9ec,C_measurement_recovery,true,ineligible,canonical_implementation_not_measured,native_mode_not_runtime_validated;lookahead_not_completed;recursive_bias_not_completed,,false,,queued,PeetCrypto/freqtrade-stuff,repair/patched/repos/PeetCrypto_freqtrade-stuff/nfiv7155.py,5m,strategy,repaired,class2,dead_np_where_dtype,strict_equivalent,not_run,provisional,mode and direction agree with static source evidence,trend_following,scalp,complex,bull,,pending_dedicated_family_manifest
pmaxTest,spot_long,pmaxTest:d9473ef6b6df,C_measurement_recovery,true,ineligible,canonical_implementation_not_measured,native_mode_not_runtime_validated;lookahead_not_completed,,false,,queued,PeetCrypto/freqtrade-stuff,repair/patched/repos/PeetCrypto_freqtrade-stuff/pmaxTest.py,5m,strategy,repaired,class2,dead_np_where_dtype,strict_equivalent,not_run,provisional,mode and direction agree with static source evidence,trend_following,scalp,moderate,bull,,pending_dedicated_family_manifest
Precognition,spot_long,Precognition:422eb36baa35,not_scheduled,false,ineligible,lookahead_found;recursive_bias_found,,,true,5849,baseline_excluded,PeetCrypto/freqtrade-stuff,repos/PeetCrypto_freqtrade-stuff/precognition (1).py,5m,strategy,repaired,class1,environment_compatibility,strict_equivalent,not_run,provisional,mode and direction agree with static source evidence,trend_following,scalp,simple,bull,,pending_dedicated_family_manifest
tbtest,spot_long,tbtest:0b7026eaebc4,not_scheduled,false,ineligible,recursive_bias_found,lookahead_not_completed,,true,4884,baseline_excluded,PeetCrypto/freqtrade-stuff,repos/PeetCrypto_freqtrade-stuff/tbedit (2).py,5m,strategy,original,,,not_applicable,not_run,provisional,mode and direction agree with static source evidence,trend_following,scalp,simple,bull,,pending_dedicated_family_manifest
true_lambo,spot_long,true_lambo:c8009a5ea73e,not_scheduled,false,ineligible,recursive_bias_found,lookahead_not_completed,drift_measured,true,1194,baseline_excluded,PeetCrypto/freqtrade-stuff,repos/PeetCrypto_freqtrade-stuff/true_lambo (1).py,5m,strategy,original,,,not_applicable,not_run,provisional,mode and direction agree with static source evidence,volatility,scalp,complex,high_vol,,pending_dedicated_family_manifest
ViN,spot_long,ViN:bee88cbc2331,C_measurement_recovery,true,ineligible,canonical_implementation_not_measured,native_mode_not_runtime_validated;lookahead_not_completed,,false,,queued,PeetCrypto/freqtrade-stuff,repos/PeetCrypto_freqtrade-stuff/vin.py,5m,strategy,original,,,not_applicable,not_run,provisional,mode and direction agree with static source evidence,unclear,scalp,simple,undetermined,,pending_dedicated_family_manifest
ClucHAnix_BB_RPB_TraNz,spot_long,ClucHAnix_BB_RPB_TraNz:632bce3462b5,C_measurement_recovery,true,ineligible,canonical_implementation_not_measured,native_mode_not_runtime_validated;lookahead_not_completed;recursive_bias_not_completed,,false,,queued,ShahAnuj2610/my-freqtrade,repair/patched/repos/ShahAnuj2610_my-freqtrade/user_data/strategies/BB_RPB_TSL_ClucHAnix_BB_RPB_MOD_CTT_Dynamic_Offsets_COMBINED_MOD_TraNz_1.py,5m,strategy,repaired,class2,dead_np_where_dtype,strict_equivalent,not_run,provisional,mode and direction agree with static source evidence,trend_following,scalp,complex,bull,,pending_dedicated_family_manifest
BB_RTR,spot_long,BB_RTR:cb984e5d3d07,D_recursive_drift,true,ineligible,recursive_bias_found,,drift_measured,true,987,queued,ShahAnuj2610/my-freqtrade,repos/ShahAnuj2610_my-freqtrade/user_data/strategies/BB_RTR.py,5m,strategy,original,,,not_applicable,not_run,provisional,mode and direction agree with static source evidence,volatility,scalp,complex,high_vol,,pending_dedicated_family_manifest
CryptoPredictionTraining,spot_long,CryptoPredictionTraining:629ebdb8dd6c,C_measurement_recovery,true,ineligible,canonical_implementation_not_measured,native_mode_not_runtime_validated;lookahead_not_completed;exact_regime_window_coverage_not_verified,,false,,queued,ShahAnuj2610/my-freqtrade,repos/ShahAnuj2610_my-freqtrade/user_data/strategies/CryptoPrediction.py,,strategy,original,,,not_applicable,not_run,provisional,mode and direction agree with static source evidence,trend_following,unknown,simple,bull,,pending_dedicated_family_manifest
NASOSRv6_private_Reinuvader_20211121,spot_long,NASOSRv6_private_Reinuvader_20211121:bb5e085de9f9,C_measurement_recovery,true,ineligible,canonical_implementation_not_measured,native_mode_not_runtime_validated;lookahead_not_completed;recursive_bias_not_completed,,false,,queued,ShahAnuj2610/my-freqtrade,repair/patched/repos/ShahAnuj2610_my-freqtrade/user_data/strategies/NASOSRv6_private_Reinuvader_20211121.py,5m,strategy,repaired,class2,dead_np_where_dtype,strict_equivalent,not_run,provisional,mode and direction agree with static source evidence,trend_following,scalp,complex,bull,,pending_dedicated_family_manifest
StrategyAnalysis,spot_long,StrategyAnalysis:52981d8467f1,C_measurement_recovery,true,ineligible,canonical_implementation_not_measured,artifact_role_requires_review;native_mode_not_runtime_validated;lookahead_not_completed;recursive_bias_not_completed;exact_regime_window_coverage_not_verified,,false,,queued,ShahAnuj2610/my-freqtrade,repos/ShahAnuj2610_my-freqtrade/user_data/strategies/StrategyAnalysis.py,,template_candidate,original,,,not_applicable,not_run,review,no explicit long or short entry write,unclear,unknown,simple,undetermined,,pending_dedicated_family_manifest
NostalgiaForInfinityX2,futures_long,NostalgiaForInfinityX2:b2fffffa04e8,not_scheduled,false,ineligible,recursive_bias_found,zero_trades_in_smoke_requires_full_window;lookahead_not_completed;futures_mode_bias_diagnostics_not_completed,drift_measured,true,0,baseline_excluded,ShahAnuj2610/my-freqtrade-nfi-nextgen,repos/ShahAnuj2610_my-freqtrade-nfi-nextgen/user_data/strategies/NostalgiaForInfinityX2.py,5m,strategy,repaired,class1,environment_compatibility,strict_equivalent,measured,validated,mode and direction agree with static source evidence,trend_following,scalp,complex,bull,,pending_dedicated_family_manifest
NostalgiaForInfinityNext772,spot_long,NostalgiaForInfinityNext772:eb7cdb1d0973,C_measurement_recovery,true,ineligible,canonical_implementation_not_measured,native_mode_not_runtime_validated;lookahead_not_completed;recursive_bias_not_completed,,false,,queued,TheoBrigitte/freqtrade,repair/patched/repos/TheoBrigitte_freqtrade/sources/nfix/NostalgiaForInfinityNext772.py,5m,strategy,repaired,class2,dead_np_where_dtype,strict_equivalent,not_run,provisional,mode and direction agree with static source evidence,trend_following,scalp,complex,bull,,pending_dedicated_family_manifest
BinMfiBTCv5003,spot_long,BinMfiBTCv5003:f797f682eaae,not_scheduled,false,ineligible,recursive_bias_found,lookahead_not_completed,drift_measured,true,171,baseline_excluded,TheoBrigitte/freqtrade,repos/TheoBrigitte_freqtrade/sources/sponsors/BinMfiBTCv5003.py,5m,strategy,original,,,not_applicable,not_run,provisional,mode and direction agree with static source evidence,trend_following,scalp,moderate,bull,,pending_dedicated_family_manifest
CombinedBinHAndClucHyper,spot_long,CombinedBinHAndClucHyper:bae14e9ad549,not_scheduled,false,ineligible,technical_trap_found,,,true,3817,baseline_excluded,TheoBrigitte/freqtrade,repos/TheoBrigitte_freqtrade/sources/sponsors/CombinedBinHAndClucHyper.py,1m,strategy,original,,,not_applicable,not_run,provisional,mode and direction agree with static source evidence,trend_following,scalp,moderate,bull,,pending_dedicated_family_manifest
Matrix,spot_long,Matrix:fab350681162,C_measurement_recovery,true,ineligible,canonical_implementation_not_measured,native_mode_not_runtime_validated;lookahead_not_completed,,false,,queued,TheoBrigitte/freqtrade,repair/patched/repos/TheoBrigitte_freqtrade/sources/sponsors/Matrix.py,5m,strategy,repaired,class2,pandas_removed_keywords,strict_equivalent,not_run,provisional,mode and direction agree with static source evidence,trend_following,scalp,complex,bull,,pending_dedicated_family_manifest
zorkv7_0_0,spot_long,zorkv7_0_0:175f15c80c9f,C_measurement_recovery,true,ineligible,canonical_implementation_not_measured,native_mode_not_runtime_validated;lookahead_not_completed;recursive_bias_not_completed,,false,,queued,TheoBrigitte/freqtrade,repos/TheoBrigitte_freqtrade/sources/sponsors/zorkv7_0_0.py,5m,strategy,original,,,not_applicable,not_run,provisional,mode and direction agree with static source evidence,trend_following,scalp,complex,bull,,pending_dedicated_family_manifest
BinHV27_werkkrew,spot_long,BinHV27_werkkrew:0284ea98351d,not_scheduled,false,ineligible,canonical_implementation_not_measured;recursive_bias_found,native_mode_not_runtime_validated;lookahead_not_completed,refused_no_warmup,false,,baseline_excluded,TheoBrigitte/freqtrade,repos/TheoBrigitte_freqtrade/strategies/BinHV45/BinHV27_werkkrew.py,5m,strategy,original,,,not_applicable,not_run,provisional,mode and direction agree with static source evidence,trend_following,scalp,simple,bull,,pending_dedicated_family_manifest
BinHV45HO,spot_long,BinHV45HO:137f88a12a9d,not_scheduled,false,ineligible,recursive_bias_found,lookahead_not_completed,refused_no_warmup,true,389,baseline_excluded,TheoBrigitte/freqtrade,repos/TheoBrigitte_freqtrade/strategies/BinHV45/BinHV45HO.py,1m,strategy,original,,,not_applicable,not_run,provisional,mode and direction agree with static source evidence,volatility,scalp,simple,high_vol,,pending_dedicated_family_manifest
BinHV45_kanaxe,spot_long,BinHV45_kanaxe:3de55f927af3,B_warmup_refusal,true,ineligible,recursive_bias_found,,refused_no_warmup,true,1798,queued,TheoBrigitte/freqtrade,repos/TheoBrigitte_freqtrade/strategies/BinHV45/BinHV45_kanaxe.py,1m,strategy,original,,,not_applicable,not_run,provisional,mode and direction agree with static source evidence,volatility,scalp,simple,high_vol,,pending_dedicated_family_manifest
BinHV45_stash,spot_long,BinHV45_stash:37a6a89a6302,B_warmup_refusal,true,ineligible,recursive_bias_found,,refused_no_warmup,true,1700,queued,TheoBrigitte/freqtrade,repos/TheoBrigitte_freqtrade/strategies/BinHV45/BinHV45_stash.py,1m,strategy,original,,,not_applicable,not_run,provisional,mode and direction agree with static source evidence,volatility,scalp,simple,high_vol,,pending_dedicated_family_manifest
BinHV45_werkkrew,spot_long,BinHV45_werkkrew:379b5bd8faf9,B_warmup_refusal,true,ineligible,recursive_bias_found,,refused_no_warmup,true,760,queued,TheoBrigitte/freqtrade,repos/TheoBrigitte_freqtrade/strategies/BinHV45/BinHV45_werkkrew.py,1m,strategy,original,,,not_applicable,not_run,provisional,mode and direction agree with static source evidence,volatility,scalp,simple,high_vol,,pending_dedicated_family_manifest
ElliotV5_SMA,spot_long,ElliotV5_SMA:95998392fb5d,E0_strict67,true,eligible,,,,true,723,admitted_E0,TheoBrigitte/freqtrade,repos/TheoBrigitte_freqtrade/strategies/ElliotV5_SMA/ElliotV5_SMA.py,5m,strategy,original,,,not_applicable,not_run,provisional,mode and direction agree with static source evidence,trend_following,scalp,moderate,bull,,pending_dedicated_family_manifest
FVGAdvancedStrategy_V2,futures_long,FVGAdvancedStrategy_V2:615c1b83fc4f,not_scheduled,false,ineligible,lookahead_found;recursive_bias_found,futures_mode_bias_diagnostics_not_completed,refused_no_warmup,true,20,baseline_excluded,TheoBrigitte/freqtrade,repos/TheoBrigitte_freqtrade/strategies/FVGAdvancedStrategy_V2/FVGAdvancedStrategy_V2.py,5m,strategy,original,,,not_applicable,measured,review,enter_short is dormant without a literal can_short=true; historical spot run succeeded despite futures intent,trend_following,scalp,moderate,bull,,pending_dedicated_family_manifest
GeneStrategy,spot_long,GeneStrategy:a0085cdc65a7,C_measurement_recovery,true,ineligible,canonical_implementation_not_measured,native_mode_not_runtime_validated;lookahead_not_completed;recursive_bias_not_completed,,false,,queued,TheoBrigitte/freqtrade,repair/patched/repos/TheoBrigitte_freqtrade/strategies/GeneTrader/GeneStrategy.py,5m,strategy,repaired,class2,dead_np_where_dtype,strict_equivalent,not_run,provisional,mode and direction agree with static source evidence,trend_following,scalp,complex,bull,,pending_dedicated_family_manifest
GeneStrategy_v2,spot_long,GeneStrategy_v2:a7da113dfe6b,C_measurement_recovery,true,ineligible,canonical_implementation_not_measured,native_mode_not_runtime_validated;lookahead_not_completed;recursive_bias_not_completed,,false,,queued,TheoBrigitte/freqtrade,repair/patched/repos/TheoBrigitte_freqtrade/strategies/GeneTrader/GeneStrategy_v2.py,5m,strategy,repaired,class2,dead_np_where_dtype,strict_equivalent,not_run,provisional,mode and direction agree with static source evidence,trend_following,scalp,complex,bull,,pending_dedicated_family_manifest
GeneTrader_gen10_1734895087_6007,spot_long,GeneTrader_gen10_1734895087_6007:370b980a47e9,C_measurement_recovery,true,ineligible,canonical_implementation_not_measured,native_mode_not_runtime_validated;lookahead_not_completed;recursive_bias_not_completed,,false,,queued,TheoBrigitte/freqtrade,repair/patched/repos/TheoBrigitte_freqtrade/strategies/GeneTrader/GeneTrader_gen10_1734895087_6007.py,5m,strategy,repaired,class2,dead_np_where_dtype,strict_equivalent,not_run,provisional,mode and direction agree with static source evidence,trend_following,scalp,complex,bull,,pending_dedicated_family_manifest
GeneTrader_gen5_1735014093_4541,spot_long,GeneTrader_gen5_1735014093_4541:a8efe429c99f,C_measurement_recovery,true,ineligible,canonical_implementation_not_measured,native_mode_not_runtime_validated;lookahead_not_completed;recursive_bias_not_completed,,false,,queued,TheoBrigitte/freqtrade,repair/patched/repos/TheoBrigitte_freqtrade/strategies/GeneTrader/GeneTrader_gen5_1735014093_4541.py,5m,strategy,repaired,class2,dead_np_where_dtype,strict_equivalent,not_run,provisional,mode and direction agree with static source evidence,trend_following,scalp,complex,bull,,pending_dedicated_family_manifest
newstrategy53_22,spot_long,newstrategy53_22:d3949968a696,C_measurement_recovery,true,ineligible,canonical_implementation_not_measured,native_mode_not_runtime_validated;lookahead_not_completed;recursive_bias_not_completed,,false,,queued,TheoBrigitte/freqtrade,repair/patched/repos/TheoBrigitte_freqtrade/strategies/GeneTrader/NewStrategy53_22.py,5m,strategy,repaired,class2,dead_np_where_dtype,strict_equivalent,not_run,provisional,mode and direction agree with static source evidence,trend_following,scalp,complex,bull,,pending_dedicated_family_manifest
newstrategy53,spot_long,newstrategy53:6d738935708d,C_measurement_recovery,true,ineligible,canonical_implementation_not_measured,native_mode_not_runtime_validated;lookahead_not_completed;recursive_bias_not_completed,,false,,queued,TheoBrigitte/freqtrade,repair/patched/repos/TheoBrigitte_freqtrade/strategies/GeneTrader/newstrategy53.py,5m,strategy,repaired,class2,dead_np_where_dtype,strict_equivalent,not_run,provisional,mode and direction agree with static source evidence,trend_following,scalp,complex,bull,,pending_dedicated_family_manifest
ZaratustraDCA2_06,futures_long_short,ZaratustraDCA2_06:ad8a574db20a,not_scheduled,false,ineligible,recursive_bias_found,,,true,241,baseline_excluded,TheoBrigitte/freqtrade,repos/TheoBrigitte_freqtrade/strategies/Zaratustra/ZaratustraDCA2_06.py,5m,strategy,original,,,not_applicable,measured,validated,mode and direction agree with static source evidence,trend_following,scalp,moderate,bear+range,,pending_dedicated_family_manifest
ARIMA_15,spot_long,ARIMA_15:06fadb158781,C_measurement_recovery,true,ineligible,canonical_implementation_not_measured,native_mode_not_runtime_validated;lookahead_not_completed,,false,,queued,TheoBrigitte/freqtrade,repos/TheoBrigitte_freqtrade/strategies/arima/ARIMA_15.py,15m,strategy,original,,,not_applicable,not_run,provisional,mode and direction agree with static source evidence,volatility,intraday,moderate,high_vol,,pending_dedicated_family_manifest
ARIMASTR,spot_long,ARIMASTR:11e3b33787ec,C_measurement_recovery,true,ineligible,canonical_implementation_not_measured,native_mode_not_runtime_validated;lookahead_not_completed,,false,,queued,TheoBrigitte/freqtrade,repos/TheoBrigitte_freqtrade/strategies/arima/ARIMA_5.py,5m,strategy,original,,,not_applicable,not_run,provisional,mode and direction agree with static source evidence,volatility,scalp,moderate,high_vol,,pending_dedicated_family_manifest
Freqtrade_backtest_validation_freqtrade1,spot_long,Freqtrade_backtest_validation_freqtrade1:758d3730e57c,B_warmup_refusal,true,ineligible,recursive_bias_found,,refused_no_warmup,true,10164,queued,TheoBrigitte/freqtrade,repos/TheoBrigitte_freqtrade/strategies/berlinguyinca/1h/Freqtrade_backtest_validation_freqtrade1.py,1h,strategy,original,,,not_applicable,not_run,provisional,mode and direction agree with static source evidence,trend_following,intraday,simple,bull,,pending_dedicated_family_manifest
Cenderawasih_3_kucoin,spot_long,Cenderawasih_3_kucoin:fa5fb7a91a2b,C_measurement_recovery,true,ineligible,canonical_implementation_not_measured,native_mode_not_runtime_validated;lookahead_not_completed;recursive_bias_not_completed,,false,,queued,TheoBrigitte/freqtrade,repos/TheoBrigitte_freqtrade/strategies/cenderawasih3/Cenderawasih_3_kucoin.py,5m,strategy,original,,,not_applicable,not_run,provisional,mode and direction agree with static source evidence,trend_following,scalp,moderate,bull,,pending_dedicated_family_manifest
Cenderawasih_30m,spot_long,Cenderawasih_30m:f61eab1af02a,C_measurement_recovery,true,ineligible,canonical_implementation_not_measured,native_mode_not_runtime_validated;lookahead_not_completed;recursive_bias_not_completed,,false,,queued,TheoBrigitte/freqtrade,repos/TheoBrigitte_freqtrade/strategies/cenderawasih/Cenderawasih_30m.py,30m,strategy,original,,,not_applicable,not_run,provisional,mode and direction agree with static source evidence,hybrid,intraday,moderate,undetermined,,pending_dedicated_family_manifest
ClucHAnix_5m_old,spot_long,ClucHAnix_5m_old:f71d7850cc56,E0_strict67,true,eligible,,,,true,2834,admitted_E0,TheoBrigitte/freqtrade,repos/TheoBrigitte_freqtrade/strategies/cluc/ClucHAnix_5m_old.py,5m,strategy,original,,,not_applicable,not_run,provisional,mode and direction agree with static source evidence,momentum,scalp,moderate,bull,,pending_dedicated_family_manifest
CryptoFrog_nateema,spot_long,CryptoFrog_nateema:ba28d48d8d67,C_measurement_recovery,true,ineligible,canonical_implementation_not_measured,native_mode_not_runtime_validated;lookahead_not_completed,,false,,queued,TheoBrigitte/freqtrade,repos/TheoBrigitte_freqtrade/strategies/cryptofrog-strategies/CryptoFrog_nateema.py,5m,strategy,original,,,not_applicable,not_run,provisional,mode and direction agree with static source evidence,trend_following,scalp,complex,bull,,pending_dedicated_family_manifest
Danke,spot_long,Danke:ff2b5c285b8a,C_measurement_recovery,true,ineligible,canonical_implementation_not_measured,native_mode_not_runtime_validated;lookahead_not_completed;recursive_bias_not_completed,,false,,queued,TheoBrigitte/freqtrade,repos/TheoBrigitte_freqtrade/strategies/danke/Danke.py,5m,strategy,original,,,not_applicable,not_run,provisional,mode and direction agree with static source evidence,trend_following,scalp,complex,bull,,pending_dedicated_family_manifest
DWT,spot_long,DWT:ac98506b588e,C_measurement_recovery,true,ineligible,canonical_implementation_not_measured,native_mode_not_runtime_validated;lookahead_not_completed,,false,,queued,TheoBrigitte/freqtrade,repos/TheoBrigitte_freqtrade/strategies/dwt/DWT.py,5m,strategy,original,,,not_applicable,not_run,provisional,mode and direction agree with static source evidence,unclear,scalp,moderate,undetermined,,pending_dedicated_family_manifest
DWT_Leveraged,spot_long,DWT_Leveraged:256b76fadd09,C_measurement_recovery,true,ineligible,canonical_implementation_not_measured,native_mode_not_runtime_validated;lookahead_not_completed,,false,,queued,TheoBrigitte/freqtrade,repos/TheoBrigitte_freqtrade/strategies/dwt/DWT_Leveraged.py,5m,strategy,original,,,not_applicable,not_run,provisional,mode and direction agree with static source evidence,trend_following,scalp,moderate,bull,,pending_dedicated_family_manifest
DWT_LongShort,futures_long_short,DWT_LongShort:75fd58b313a0,not_scheduled,false,ineligible,recursive_bias_found,,,true,859,baseline_excluded,TheoBrigitte/freqtrade,user_data/profile_repairs/DWT_LongShort.py,5m,strategy,repaired,class2,pywavelets_writable_buffer,strict_equivalent,measured,validated,mode and direction agree with static source evidence,trend_following,scalp,moderate,bear+range,,pending_dedicated_family_manifest
DWT_short,futures_long_short,DWT_short:435af7ef0007,not_scheduled,false,ineligible,recursive_bias_found,,,true,362,baseline_excluded,TheoBrigitte/freqtrade,user_data/profile_repairs/DWT_short.py,5m,strategy,repaired,class2,pywavelets_writable_buffer,strict_equivalent,measured,validated,mode and direction agree with static source evidence,momentum,scalp,moderate,bear+range,,pending_dedicated_family_manifest
E0V1E,spot_long,E0V1E:e87c7b964773,not_scheduled,false,ineligible,recursive_bias_found,lookahead_not_completed,drift_measured,true,329,baseline_excluded,TheoBrigitte/freqtrade,repos/TheoBrigitte_freqtrade/strategies/e0v1e/E0V1E.py,5m,strategy,original,,,not_applicable,not_run,provisional,mode and direction agree with static source evidence,volatility,scalp,simple,high_vol,,pending_dedicated_family_manifest
E0V1E2,spot_long,E0V1E2:50adb8dbf2a2,not_scheduled,false,ineligible,recursive_bias_found,lookahead_not_completed,drift_measured,true,330,baseline_excluded,TheoBrigitte/freqtrade,repos/TheoBrigitte_freqtrade/strategies/e0v1e/E0V1E2.py,5m,strategy,original,,,not_applicable,not_run,provisional,mode and direction agree with static source evidence,volatility,scalp,simple,high_vol,,pending_dedicated_family_manifest
E0V1E_DCA3,spot_long,E0V1E_DCA3:4f558bf2dd99,D_recursive_drift,true,ineligible,recursive_bias_found,,drift_measured,true,2152,queued,TheoBrigitte/freqtrade,repos/TheoBrigitte_freqtrade/strategies/e0v1e/E0V1E_DCA3.py,5m,strategy,original,,,not_applicable,not_run,provisional,mode and direction agree with static source evidence,volatility,scalp,moderate,high_vol,,pending_dedicated_family_manifest
E0V1E_ewo,spot_long,E0V1E_ewo:e83bd3994023,not_scheduled,false,ineligible,recursive_bias_found,lookahead_not_completed,drift_measured,true,309,baseline_excluded,TheoBrigitte/freqtrade,repos/TheoBrigitte_freqtrade/strategies/e0v1e/E0V1E_ewo.py,5m,strategy,original,,,not_applicable,not_run,provisional,mode and direction agree with static source evidence,hybrid,scalp,simple,undetermined,,pending_dedicated_family_manifest
E0V1E_protections,spot_long,E0V1E_protections:fa00c41d8426,not_scheduled,false,ineligible,recursive_bias_found,lookahead_not_completed,drift_measured,true,329,baseline_excluded,TheoBrigitte/freqtrade,repos/TheoBrigitte_freqtrade/strategies/e0v1e/E0V1E_protections.py,5m,strategy,original,,,not_applicable,not_run,provisional,mode and direction agree with static source evidence,volatility,scalp,simple,high_vol,,pending_dedicated_family_manifest
E0V1E_strs,spot_long,E0V1E_strs:44461186067a,not_scheduled,false,ineligible,recursive_bias_found,lookahead_not_completed,drift_measured,true,134,baseline_excluded,TheoBrigitte/freqtrade,repos/TheoBrigitte_freqtrade/strategies/e0v1e/E0V1E_strs.py,5m,strategy,original,,,not_applicable,not_run,provisional,mode and direction agree with static source evidence,mean_reversion,scalp,simple,range,,pending_dedicated_family_manifest
Auto_EI_t4c0s,spot_long,Auto_EI_t4c0s:0a6a7fc6f5cc,not_scheduled,false,ineligible,lookahead_found;recursive_bias_found,,drift_measured,true,388,baseline_excluded,TheoBrigitte/freqtrade,repos/TheoBrigitte_freqtrade/strategies/ei/Auto_EI_t4c0s.py,5m,strategy,original,,,not_applicable,not_run,provisional,mode and direction agree with static source evidence,trend_following,scalp,moderate,bull,,pending_dedicated_family_manifest
EI4_t4c0s_V2,spot_long,EI4_t4c0s_V2:60656915cf9c,not_scheduled,false,ineligible,lookahead_found;recursive_bias_found,,drift_measured,true,4368,baseline_excluded,TheoBrigitte/freqtrade,repos/TheoBrigitte_freqtrade/strategies/ei/EI4_t4c0s_V2.py,5m,strategy,original,,,not_applicable,not_run,provisional,mode and direction agree with static source evidence,volatility,scalp,moderate,high_vol,,pending_dedicated_family_manifest
EI4_t4c0s_V2_2,spot_long,EI4_t4c0s_V2_2:e13163c8acbc,not_scheduled,false,ineligible,lookahead_found;recursive_bias_found,,drift_measured,true,4368,baseline_excluded,TheoBrigitte/freqtrade,repos/TheoBrigitte_freqtrade/strategies/ei/EI4_t4c0s_V2_2.py,5m,strategy,original,,,not_applicable,not_run,provisional,mode and direction agree with static source evidence,volatility,scalp,moderate,high_vol,,pending_dedicated_family_manifest
EI1_t4c0s_V4,spot_long,EI1_t4c0s_V4:31a5b21d14cf,not_scheduled,false,ineligible,lookahead_found;recursive_bias_found,,drift_measured,true,721,baseline_excluded,TheoBrigitte/freqtrade,repos/TheoBrigitte_freqtrade/strategies/eiv4/EI1_t4c0s_V4.py,1h,strategy,original,,,not_applicable,not_run,provisional,mode and direction agree with static source evidence,volatility,intraday,moderate,high_vol,,pending_dedicated_family_manifest
ElliotV8_original_ichiv2,spot_long,ElliotV8_original_ichiv2:79d34f02a1ef,not_scheduled,false,ineligible,recursive_bias_found;technical_trap_found,lookahead_not_completed,drift_measured,true,1315,baseline_excluded,TheoBrigitte/freqtrade,repos/TheoBrigitte_freqtrade/strategies/eliot/ElliotV8_original_ichiv2.py,5m,strategy,original,,,not_applicable,not_run,provisional,mode and direction agree with static source evidence,trend_following,scalp,moderate,bull,,pending_dedicated_family_manifest
ElliotV8_original_ichiv2OH,spot_long,ElliotV8_original_ichiv2OH:09d1e4826eb0,not_scheduled,false,ineligible,recursive_bias_found;technical_trap_found,lookahead_not_completed,drift_measured,true,515,baseline_excluded,TheoBrigitte/freqtrade,repos/TheoBrigitte_freqtrade/strategies/eliot/ElliotV8_original_ichiv2OH.py,5m,strategy,original,,,not_applicable,not_run,provisional,mode and direction agree with static source evidence,trend_following,scalp,moderate,bull,,pending_dedicated_family_manifest
falconTrader,spot_long,falconTrader:7591585586da,C_measurement_recovery,true,ineligible,canonical_implementation_not_measured,native_mode_not_runtime_validated;lookahead_not_completed;recursive_bias_not_completed,,false,,queued,TheoBrigitte/freqtrade,repair/patched/repos/TheoBrigitte_freqtrade/strategies/falcon/falconTrader.py,5m,strategy,repaired,class2,dead_np_where_dtype,strict_equivalent,not_run,provisional,mode and direction agree with static source evidence,trend_following,scalp,complex,bull,,pending_dedicated_family_manifest
FastSupertrend_optim3,futures_long_short,FastSupertrend_optim3:055138cda63d,not_scheduled,false,ineligible,technical_trap_found,lookahead_not_completed;recursive_bias_not_completed;futures_mode_bias_diagnostics_not_completed,,true,403,baseline_excluded,TheoBrigitte/freqtrade,user_data/profile_repairs/FastSupertrend_optim3.py,1h,strategy,repaired,class2,numpy1_string_nan_coercion,strict_equivalent,measured,validated,mode and direction agree with static source evidence,trend_following,intraday,simple,bear+range,,pending_dedicated_family_manifest
FastSupertrend_optim3_rsi_70,futures_long_short,FastSupertrend_optim3_rsi_70:a1ce751bf88a,not_scheduled,false,ineligible,technical_trap_found,lookahead_not_completed;recursive_bias_not_completed;futures_mode_bias_diagnostics_not_completed,,true,297,baseline_excluded,TheoBrigitte/freqtrade,user_data/profile_repairs/FastSupertrend_optim3_rsi_70.py,1h,strategy,repaired,class2,numpy1_string_nan_coercion,strict_equivalent,measured,validated,mode and direction agree with static source evidence,trend_following,intraday,simple,bear+range,,pending_dedicated_family_manifest
FastSupertrend_optim3_rsi_75,futures_long_short,FastSupertrend_optim3_rsi_75:87a3756c56dd,not_scheduled,false,ineligible,technical_trap_found,lookahead_not_completed;recursive_bias_not_completed;futures_mode_bias_diagnostics_not_completed,,true,320,baseline_excluded,TheoBrigitte/freqtrade,user_data/profile_repairs/FastSupertrend_optim3_rsi_75.py,1h,strategy,repaired,class2,numpy1_string_nan_coercion,strict_equivalent,measured,validated,mode and direction agree with static source evidence,trend_following,intraday,simple,bear+range,,pending_dedicated_family_manifest
FastSupertrend_optim3_rsi_752,futures_long_short,FastSupertrend_optim3_rsi_752:40fe72042040,not_scheduled,false,ineligible,technical_trap_found,lookahead_not_completed;recursive_bias_not_completed;futures_mode_bias_diagnostics_not_completed,,true,383,baseline_excluded,TheoBrigitte/freqtrade,user_data/profile_repairs/FastSupertrend_optim3_rsi_752.py,1h,strategy,repaired,class2,numpy1_string_nan_coercion,strict_equivalent,measured,validated,mode and direction agree with static source evidence,trend_following,intraday,simple,bear+range,,pending_dedicated_family_manifest
FastSupertrend_optim3_rsi_75fix,futures_long_short,FastSupertrend_optim3_rsi_75fix:77f53275aa78,not_scheduled,false,ineligible,technical_trap_found,lookahead_not_completed;recursive_bias_not_completed;futures_mode_bias_diagnostics_not_completed,,true,320,baseline_excluded,TheoBrigitte/freqtrade,user_data/profile_repairs/FastSupertrend_optim3_rsi_75fix.py,1h,strategy,repaired,class2,numpy1_string_nan_coercion,strict_equivalent,measured,validated,mode and direction agree with static source evidence,trend_following,intraday,simple,bear+range,,pending_dedicated_family_manifest
FastSupertrend_optim3_rsi_75fix_signal,futures_long_short,FastSupertrend_optim3_rsi_75fix_signal:5b72b9724479,not_scheduled,false,ineligible,technical_trap_found,lookahead_not_completed;recursive_bias_not_completed;futures_mode_bias_diagnostics_not_completed,,true,215,baseline_excluded,TheoBrigitte/freqtrade,user_data/profile_repairs/FastSupertrend_optim3_rsi_75fix_signal.py,1h,strategy,repaired,class2,numpy1_string_nan_coercion,strict_equivalent,measured,validated,mode and direction agree with static source evidence,trend_following,intraday,simple,bear+range,,pending_dedicated_family_manifest
FastSupertrend_optim3_rsi_75lev,futures_long_short,FastSupertrend_optim3_rsi_75lev:eed1448f07b5,not_scheduled,false,ineligible,technical_trap_found,lookahead_not_completed;recursive_bias_not_completed;futures_mode_bias_diagnostics_not_completed,,true,763,baseline_excluded,TheoBrigitte/freqtrade,user_data/profile_repairs/FastSupertrend_optim3_rsi_75lev.py,1h,strategy,repaired,class2,numpy1_string_nan_coercion,strict_equivalent,measured,validated,mode and direction agree with static source evidence,trend_following,intraday,simple,bear+range,,pending_dedicated_family_manifest
FastSupertrend_optim3_rsi_75sell,futures_long_short,FastSupertrend_optim3_rsi_75sell:7a209d8fadb2,not_scheduled,false,ineligible,technical_trap_found,lookahead_not_completed;recursive_bias_not_completed;futures_mode_bias_diagnostics_not_completed,,true,319,baseline_excluded,TheoBrigitte/freqtrade,user_data/profile_repairs/FastSupertrend_optim3_rsi_75sell.py,1h,strategy,repaired,class2,numpy1_string_nan_coercion,strict_equivalent,measured,validated,mode and direction agree with static source evidence,trend_following,intraday,simple,bear+range,,pending_dedicated_family_manifest
FastSupertrend_optim3_rsi_80,futures_long_short,FastSupertrend_optim3_rsi_80:40d80d413c4d,not_scheduled,false,ineligible,technical_trap_found,lookahead_not_completed;recursive_bias_not_completed;futures_mode_bias_diagnostics_not_completed,,true,396,baseline_excluded,TheoBrigitte/freqtrade,user_data/profile_repairs/FastSupertrend_optim3_rsi_80.py,1h,strategy,repaired,class2,numpy1_string_nan_coercion,strict_equivalent,measured,validated,mode and direction agree with static source evidence,trend_following,intraday,simple,bear+range,,pending_dedicated_family_manifest
FastSupertrend_optim_quick,futures_long_short,FastSupertrend_optim_quick:b065fcff5618,not_scheduled,false,ineligible,technical_trap_found,lookahead_not_completed;recursive_bias_not_completed;futures_mode_bias_diagnostics_not_completed,,true,557,baseline_excluded,TheoBrigitte/freqtrade,user_data/profile_repairs/FastSupertrend_optim_quick.py,1h,strategy,repaired,class2,numpy1_string_nan_coercion,strict_equivalent,measured,validated,mode and direction agree with static source evidence,trend_following,intraday,simple,bear+range,,pending_dedicated_family_manifest
FastSupertrend_optim_quick2,futures_long_short,FastSupertrend_optim_quick2:22efdc468b94,not_scheduled,false,ineligible,technical_trap_found,lookahead_not_completed;recursive_bias_not_completed;futures_mode_bias_diagnostics_not_completed,,true,1587,baseline_excluded,TheoBrigitte/freqtrade,user_data/profile_repairs/FastSupertrend_optim_quick2.py,1h,strategy,repaired,class2,numpy1_string_nan_coercion,strict_equivalent,measured,validated,mode and direction agree with static source evidence,trend_following,intraday,simple,bear+range,,pending_dedicated_family_manifest
FastSupertrend_optim_quick3,futures_long_short,FastSupertrend_optim_quick3:1248f3bfb29a,not_scheduled,false,ineligible,technical_trap_found,lookahead_not_completed;recursive_bias_not_completed;futures_mode_bias_diagnostics_not_completed,,true,1283,baseline_excluded,TheoBrigitte/freqtrade,user_data/profile_repairs/FastSupertrend_optim_quick3.py,1h,strategy,repaired,class2,numpy1_string_nan_coercion,strict_equivalent,measured,validated,mode and direction agree with static source evidence,trend_following,intraday,simple,bear+range,,pending_dedicated_family_manifest
FastSupertrend_optim_quick4,futures_long_short,FastSupertrend_optim_quick4:c9368274a08e,not_scheduled,false,ineligible,technical_trap_found,lookahead_not_completed;recursive_bias_not_completed;futures_mode_bias_diagnostics_not_completed,,true,1245,baseline_excluded,TheoBrigitte/freqtrade,user_data/profile_repairs/FastSupertrend_optim_quick4.py,1h,strategy,repaired,class2,numpy1_string_nan_coercion,strict_equivalent,measured,validated,mode and direction agree with static source evidence,trend_following,intraday,simple,bear+range,,pending_dedicated_family_manifest
FastSupertrend_optim_quick5,futures_long_short,FastSupertrend_optim_quick5:6d710d543fe7,not_scheduled,false,ineligible,technical_trap_found,lookahead_not_completed;recursive_bias_not_completed;futures_mode_bias_diagnostics_not_completed,,true,1166,baseline_excluded,TheoBrigitte/freqtrade,user_data/profile_repairs/FastSupertrend_optim_quick5.py,1h,strategy,repaired,class2,numpy1_string_nan_coercion,strict_equivalent,measured,validated,mode and direction agree with static source evidence,trend_following,intraday,simple,bear+range,,pending_dedicated_family_manifest
FastSupertrend_ts_origstop_fix,futures_long_short,FastSupertrend_ts_origstop_fix:901ab15cf044,E0_strict67,true,eligible,,,,true,53,admitted_E0,TheoBrigitte/freqtrade,user_data/profile_repairs/FastSupertrend_ts_origstop_fix.py,1h,strategy,repaired,class2,numpy1_string_nan_coercion,strict_equivalent,measured,validated,mode and direction agree with static source evidence,trend_following,intraday,simple,bear+range,,pending_dedicated_family_manifest
DoubleEMACrossoverWithTrend,spot_long,DoubleEMACrossoverWithTrend:c40d704d175e,not_scheduled,false,ineligible,no_trades_in_full_measurement,lookahead_not_completed;recursive_bias_not_completed,,true,0,baseline_excluded,TheoBrigitte/freqtrade,repos/TheoBrigitte_freqtrade/strategies/freqtrade-strategies-that-work/DoubleEMACrossoverWithTrend.py,1h,strategy,original,,,not_applicable,not_run,provisional,mode and direction agree with static source evidence,trend_following,intraday,simple,bull,,pending_dedicated_family_manifest
EMAPriceCrossoverWithThreshold,spot_long,EMAPriceCrossoverWithThreshold:bfd8a7652fde,not_scheduled,false,ineligible,no_trades_in_full_measurement,lookahead_not_completed;recursive_bias_not_completed,,true,0,baseline_excluded,TheoBrigitte/freqtrade,repos/TheoBrigitte_freqtrade/strategies/freqtrade-strategies-that-work/EMAPriceCrossoverWithThreshold.py,1h,strategy,original,,,not_applicable,not_run,provisional,mode and direction agree with static source evidence,trend_following,intraday,simple,bull,,pending_dedicated_family_manifest
MACDCrossoverWithTrend,spot_long,MACDCrossoverWithTrend:6d4186fbedb5,not_scheduled,false,ineligible,no_trades_in_full_measurement,lookahead_not_completed;recursive_bias_not_completed,,true,0,baseline_excluded,TheoBrigitte/freqtrade,repos/TheoBrigitte_freqtrade/strategies/freqtrade-strategies-that-work/MACDCrossoverWithTrend.py,1h,strategy,original,,,not_applicable,not_run,provisional,mode and direction agree with static source evidence,trend_following,intraday,simple,bull,,pending_dedicated_family_manifest
RSIDirectionalWithTrend,spot_long,RSIDirectionalWithTrend:60cdffabf36f,not_scheduled,false,ineligible,no_trades_in_full_measurement,lookahead_not_completed;recursive_bias_not_completed,,true,0,baseline_excluded,TheoBrigitte/freqtrade,repos/TheoBrigitte_freqtrade/strategies/freqtrade-strategies-that-work/RSIDirectionalWithTrend.py,1h,strategy,original,,,not_applicable,not_run,provisional,mode and direction agree with static source evidence,hybrid,intraday,simple,undetermined,,pending_dedicated_family_manifest
RSIDirectionalWithTrendSlow,spot_long,RSIDirectionalWithTrendSlow:c564d2dbeaf3,not_scheduled,false,ineligible,no_trades_in_full_measurement,lookahead_not_completed;recursive_bias_not_completed,,true,0,baseline_excluded,TheoBrigitte/freqtrade,repos/TheoBrigitte_freqtrade/strategies/freqtrade-strategies-that-work/RSIDirectionalWithTrendSlow.py,1h,strategy,original,,,not_applicable,not_run,provisional,mode and direction agree with static source evidence,hybrid,intraday,simple,undetermined,,pending_dedicated_family_manifest
Bandtastic,spot_long,Bandtastic:a4536c793bf4,B_warmup_refusal,true,ineligible,recursive_bias_found,,refused_no_warmup,true,28745,queued,TheoBrigitte/freqtrade,repos/TheoBrigitte_freqtrade/strategies/freqtrade-strategies/Bandtastic.py,15m,strategy,original,,,not_applicable,not_run,provisional,mode and direction agree with static source evidence,mean_reversion,intraday,simple,range,,pending_dedicated_family_manifest
Diamond,spot_long,Diamond:98f108f9df8f,B_warmup_refusal,true,ineligible,recursive_bias_found,,refused_no_warmup,true,4603,queued,TheoBrigitte/freqtrade,repos/TheoBrigitte_freqtrade/strategies/freqtrade-strategies/Diamond.py,5m,strategy,original,,,not_applicable,not_run,provisional,mode and direction agree with static source evidence,unclear,scalp,simple,undetermined,,pending_dedicated_family_manifest
PatternRecognition,spot_long,PatternRecognition:cce61e4af8ed,not_scheduled,false,ineligible,recursive_bias_found,lookahead_not_completed,refused_no_warmup,true,654,baseline_excluded,TheoBrigitte/freqtrade,repos/TheoBrigitte_freqtrade/strategies/freqtrade-strategies/PatternRecognition.py,1d,strategy,original,,,not_applicable,not_run,provisional,mode and direction agree with static source evidence,unclear,position,simple,undetermined,,pending_dedicated_family_manifest
PowerTower,spot_long,PowerTower:ce423a28ea54,E0_strict67,true,eligible,,,,true,5001,admitted_E0,TheoBrigitte/freqtrade,repos/TheoBrigitte_freqtrade/strategies/freqtrade-strategies/PowerTower.py,5m,strategy,original,,,not_applicable,not_run,provisional,mode and direction agree with static source evidence,unclear,scalp,moderate,undetermined,,pending_dedicated_family_manifest
Strategy001,spot_long,Strategy001:2357996e6594,B_warmup_refusal,true,ineligible,recursive_bias_found,,refused_no_warmup,true,13947,queued,TheoBrigitte/freqtrade,repos/TheoBrigitte_freqtrade/strategies/freqtrade-strategies/Strategy001.py,5m,strategy,original,,,not_applicable,not_run,provisional,mode and direction agree with static source evidence,trend_following,scalp,simple,bull,,pending_dedicated_family_manifest
Strategy001_custom_exit,spot_long,Strategy001_custom_exit:d53ac16d0e81,B_warmup_refusal,true,ineligible,recursive_bias_found,,refused_no_warmup,true,2581,queued,TheoBrigitte/freqtrade,repos/TheoBrigitte_freqtrade/strategies/freqtrade-strategies/Strategy001_custom_exit.py,5m,strategy,repaired,class1,environment_compatibility,strict_equivalent,not_run,provisional,mode and direction agree with static source evidence,hybrid,scalp,simple,undetermined,,pending_dedicated_family_manifest
Strategy002,spot_long,Strategy002:d1ca86a4ceb6,B_warmup_refusal,true,ineligible,recursive_bias_found,,refused_no_warmup,true,1293,queued,TheoBrigitte/freqtrade,repos/TheoBrigitte_freqtrade/strategies/freqtrade-strategies/Strategy002.py,5m,strategy,original,,,not_applicable,not_run,provisional,mode and direction agree with static source evidence,mean_reversion,scalp,simple,range,,pending_dedicated_family_manifest
Strategy003,spot_long,Strategy003:055984b46727,B_warmup_refusal,true,ineligible,recursive_bias_found,,refused_no_warmup,true,3498,queued,TheoBrigitte/freqtrade,repos/TheoBrigitte_freqtrade/strategies/freqtrade-strategies/Strategy003.py,5m,strategy,original,,,not_applicable,not_run,provisional,mode and direction agree with static source evidence,volatility,scalp,simple,high_vol,,pending_dedicated_family_manifest
Strategy004,spot_long,Strategy004:1b4c001e80b0,B_warmup_refusal,true,ineligible,recursive_bias_found,,refused_no_warmup,true,6076,queued,TheoBrigitte/freqtrade,repos/TheoBrigitte_freqtrade/strategies/freqtrade-strategies/Strategy004.py,5m,strategy,original,,,not_applicable,not_run,provisional,mode and direction agree with static source evidence,hybrid,scalp,simple,undetermined,,pending_dedicated_family_manifest
Strategy005,spot_long,Strategy005:797b293f5acd,B_warmup_refusal,true,ineligible,recursive_bias_found,,refused_no_warmup,true,5597,queued,TheoBrigitte/freqtrade,repos/TheoBrigitte_freqtrade/strategies/freqtrade-strategies/Strategy005.py,5m,strategy,original,,,not_applicable,not_run,provisional,mode and direction agree with static source evidence,trend_following,scalp,moderate,bull,,pending_dedicated_family_manifest
UniversalMACD,spot_long,UniversalMACD:b3a62e0d8a26,D_recursive_drift,true,ineligible,recursive_bias_found,,drift_measured,true,2090,queued,TheoBrigitte/freqtrade,repos/TheoBrigitte_freqtrade/strategies/freqtrade-strategies/UniversalMACD.py,5m,strategy,original,,,not_applicable,not_run,provisional,mode and direction agree with static source evidence,trend_following,scalp,moderate,bull,,pending_dedicated_family_manifest
hlhb,spot_long,hlhb:bd4523d134b6,D_recursive_drift,true,ineligible,recursive_bias_found,,drift_measured,true,861,queued,TheoBrigitte/freqtrade,repos/TheoBrigitte_freqtrade/strategies/freqtrade-strategies/hlhb.py,4h,strategy,original,,,not_applicable,not_run,provisional,mode and direction agree with static source evidence,trend_following,swing,simple,bull,,pending_dedicated_family_manifest
multi_tf,spot_long,multi_tf:eb182eaecb78,C_measurement_recovery,true,ineligible,canonical_implementation_not_measured,native_mode_not_runtime_validated;lookahead_not_completed;recursive_bias_not_completed,,false,,queued,TheoBrigitte/freqtrade,repos/TheoBrigitte_freqtrade/strategies/freqtrade-strategies/multi_tf.py,5m,strategy,original,,,not_applicable,not_run,provisional,mode and direction agree with static source evidence,mean_reversion,scalp,simple,range,,pending_dedicated_family_manifest
HarmonicDivergence_fix,spot_long,HarmonicDivergence_fix:ddda59c33e74,C_measurement_recovery,true,ineligible,canonical_implementation_not_measured,native_mode_not_runtime_validated;lookahead_not_completed;recursive_bias_not_completed,,false,,queued,TheoBrigitte/freqtrade,repos/TheoBrigitte_freqtrade/strategies/harmonic-divergence/HarmonicDivergence-fix.py,15m,strategy,original,,,not_applicable,not_run,provisional,mode and direction agree with static source evidence,mean_reversion,intraday,moderate,range,,pending_dedicated_family_manifest
HarmonicDivergence,spot_long,HarmonicDivergence:52da87214f7d,C_measurement_recovery,true,ineligible,canonical_implementation_not_measured,native_mode_not_runtime_validated;lookahead_not_completed;recursive_bias_not_completed,,false,,queued,TheoBrigitte/freqtrade,repos/TheoBrigitte_freqtrade/strategies/harmonic-divergence/HarmonicDivergence.py,15m,strategy,original,,,not_applicable,not_run,provisional,mode and direction agree with static source evidence,mean_reversion,intraday,moderate,range,,pending_dedicated_family_manifest
Insomnia_short,futures_long_short,Insomnia_short:7125fe8db9f0,not_scheduled,false,ineligible,no_trades_in_full_measurement,lookahead_not_completed;recursive_bias_not_completed;futures_mode_bias_diagnostics_not_completed,,true,0,baseline_excluded,TheoBrigitte/freqtrade,user_data/profile_repairs/Insomnia_short.py,1h,strategy,repaired,class2,numpy1_string_nan_coercion,strict_equivalent,measured,validated,mode and direction agree with static source evidence,trend_following,intraday,moderate,bear+range,,pending_dedicated_family_manifest
JuicyTrend,spot_long,JuicyTrend:cd665b8c4972,B_warmup_refusal,true,ineligible,recursive_bias_found,,refused_no_warmup,true,24136,queued,TheoBrigitte/freqtrade,repos/TheoBrigitte_freqtrade/strategies/juicy/JuicyTrend.py,15m,strategy,original,,,not_applicable,not_run,provisional,mode and direction agree with static source evidence,trend_following,intraday,simple,bull,,pending_dedicated_family_manifest
momentum,futures_long_short,momentum:5fc5ee322b43,E0_strict67,true,eligible,,,,true,682,admitted_E0,TheoBrigitte/freqtrade,repos/TheoBrigitte_freqtrade/strategies/momentum/momentum.py,5m,strategy,original,,,not_applicable,measured,validated,mode and direction agree with static source evidence,unclear,scalp,simple,bear+range,,pending_dedicated_family_manifest
momentum_long,spot_long,momentum_long:6dbc4878f4d6,E0_strict67,true,eligible,,,,true,15967,admitted_E0,TheoBrigitte/freqtrade,repos/TheoBrigitte_freqtrade/strategies/momentum/momentum_long.py,5m,strategy,original,,,not_applicable,not_run,review,enter_short is dormant without a literal can_short=true,unclear,scalp,simple,undetermined,,pending_dedicated_family_manifest
momentum_rsi,futures_long_short,momentum_rsi:790d6063e148,E0_strict67,true,eligible,,,,true,551,admitted_E0,TheoBrigitte/freqtrade,repos/TheoBrigitte_freqtrade/strategies/momentum/momentum_rsi.py,5m,strategy,original,,,not_applicable,measured,validated,mode and direction agree with static source evidence,mean_reversion,scalp,simple,bear+range,,pending_dedicated_family_manifest
momentum_wick,futures_long_short,momentum_wick:a8e0f2ee2d8d,E0_strict67,true,eligible,,,,true,361,admitted_E0,TheoBrigitte/freqtrade,repos/TheoBrigitte_freqtrade/strategies/momentum/momentum_wick.py,5m,strategy,original,,,not_applicable,measured,validated,mode and direction agree with static source evidence,unclear,scalp,simple,bear+range,,pending_dedicated_family_manifest
ToTheMoon,futures_long_short,ToTheMoon:50166db0362c,not_scheduled,false,ineligible,recursive_bias_found,,,true,16,baseline_excluded,TheoBrigitte/freqtrade,repos/TheoBrigitte_freqtrade/strategies/moon/ToTheMoon.py,1h,strategy,original,,,not_applicable,measured,validated,mode and direction agree with static source evidence,unclear,intraday,simple,bear+range,,pending_dedicated_family_manifest
NostalgiaForInfinity772martinsk3,spot_long,NostalgiaForInfinity772martinsk3:cdde4efa3b84,C_measurement_recovery,true,ineligible,canonical_implementation_not_measured,native_mode_not_runtime_validated;lookahead_not_completed;recursive_bias_not_completed,,false,,queued,TheoBrigitte/freqtrade,repair/patched/repos/TheoBrigitte_freqtrade/strategies/nfix/NostalgiaForInfinity772martinsk3.py,5m,strategy,repaired,class2,dead_np_where_dtype,strict_equivalent,not_run,provisional,mode and direction agree with static source evidence,trend_following,scalp,complex,bull,,pending_dedicated_family_manifest
NOTankAi_15,futures_long,NOTankAi_15:93b90bd991a1,not_scheduled,false,ineligible,recursive_bias_found,lookahead_not_completed;futures_mode_bias_diagnostics_not_completed,refused_no_warmup,true,139,baseline_excluded,TheoBrigitte/freqtrade,repos/TheoBrigitte_freqtrade/strategies/notankai/NOTankAi_15.py,15m,strategy,repaired,class1,environment_compatibility,strict_equivalent,measured,review,enter_short is dormant without a literal can_short=true,ml_freqai,intraday,complex,undetermined,,pending_dedicated_family_manifest
NOTankAi_15_Cleaned,futures_long,NOTankAi_15_Cleaned:04db46ad4b4f,not_scheduled,false,ineligible,recursive_bias_found,lookahead_not_completed;futures_mode_bias_diagnostics_not_completed,drift_measured,true,139,baseline_excluded,TheoBrigitte/freqtrade,repos/TheoBrigitte_freqtrade/strategies/notankai/NOTankAi_15_Cleaned.py,15m,strategy,original,,,not_applicable,measured,review,enter_short is dormant without a literal can_short=true; historical spot run succeeded despite futures intent,trend_following,intraday,complex,bull,,pending_dedicated_family_manifest
NOTankAi_15_Cleaned_v2,futures_long,NOTankAi_15_Cleaned_v2:c34c93051a13,not_scheduled,false,ineligible,recursive_bias_found,lookahead_not_completed;futures_mode_bias_diagnostics_not_completed,drift_measured,true,207,baseline_excluded,TheoBrigitte/freqtrade,repos/TheoBrigitte_freqtrade/strategies/notankai/NOTankAi_15_Cleaned_v2.py,15m,strategy,original,,,not_applicable,measured,review,enter_short is dormant without a literal can_short=true; historical spot run succeeded despite futures intent,trend_following,intraday,complex,bull,,pending_dedicated_family_manifest
BigTrader,spot_long,BigTrader:7b6f6aae6208,E0_strict67,true,eligible,,,,true,166,admitted_E0,TheoBrigitte/freqtrade,repos/TheoBrigitte_freqtrade/strategies/profiters/BigTrader.py,5m,strategy,original,,,not_applicable,not_run,provisional,mode and direction agree with static source evidence,trend_following,scalp,simple,bull,,pending_dedicated_family_manifest
QuickAdapterV3,spot_long,QuickAdapterV3:da6bc13bd369,C_measurement_recovery,true,ineligible,canonical_implementation_not_measured,native_mode_not_runtime_validated;lookahead_not_completed;recursive_bias_not_completed;exact_regime_window_coverage_not_verified,,false,,queued,TheoBrigitte/freqtrade,repos/TheoBrigitte_freqtrade/strategies/quickadapter/QuickAdapterV3.py,,strategy,original,,,not_applicable,not_run,review,enter_short is dormant without a literal can_short=true,ml_freqai,unknown,moderate,undetermined,,pending_dedicated_family_manifest
Rsiqui,spot_long,Rsiqui:e0e432b6e003,not_scheduled,false,ineligible,lookahead_found;recursive_bias_found,,refused_no_warmup,true,28778,baseline_excluded,TheoBrigitte/freqtrade,repos/TheoBrigitte_freqtrade/strategies/rsiqui/Rsiqui.py,5m,strategy,original,,,not_applicable,not_run,provisional,mode and direction agree with static source evidence,mean_reversion,scalp,simple,range,,pending_dedicated_family_manifest
RsiquiV2,futures_long_short,RsiquiV2:57911f40d127,not_scheduled,false,ineligible,lookahead_found;recursive_bias_found,,,true,9326,baseline_excluded,TheoBrigitte/freqtrade,repos/TheoBrigitte_freqtrade/strategies/rsiqui/RsiquiV2.py,5m,strategy,original,,,not_applicable,measured,validated,mode and direction agree with static source evidence,mean_reversion,scalp,simple,bear+range,,pending_dedicated_family_manifest
RsiquiV5,futures_long_short,RsiquiV5:5f030f084dd9,not_scheduled,false,ineligible,lookahead_found;recursive_bias_found,,,true,583,baseline_excluded,TheoBrigitte/freqtrade,repos/TheoBrigitte_freqtrade/strategies/rsiqui/RsiquiV5.py,5m,strategy,original,,,not_applicable,measured,validated,mode and direction agree with static source evidence,mean_reversion,scalp,simple,bear+range,,pending_dedicated_family_manifest
RsiquiV5_long_only,futures_long,RsiquiV5_long_only:73a71825200a,not_scheduled,false,ineligible,lookahead_found;recursive_bias_found,futures_mode_bias_diagnostics_not_completed,refused_no_warmup,true,42,baseline_excluded,TheoBrigitte/freqtrade,repos/TheoBrigitte_freqtrade/strategies/rsiqui/RsiquiV5_long_only.py,5m,strategy,original,,,not_applicable,measured,review,enter_short is dormant without a literal can_short=true; historical spot run succeeded despite futures intent,mean_reversion,scalp,simple,range,,pending_dedicated_family_manifest
slownsteady,spot_long,slownsteady:de4315a18cae,C_measurement_recovery,true,ineligible,canonical_implementation_not_measured,native_mode_not_runtime_validated;lookahead_not_completed;recursive_bias_not_completed,,false,,queued,TheoBrigitte/freqtrade,repair/patched/repos/TheoBrigitte_freqtrade/strategies/slownsteady/slownsteady_v2.py,5m,strategy,repaired,class2,pandas_removed_keywords,strict_equivalent,not_run,provisional,mode and direction agree with static source evidence,breakout,scalp,simple,transition+high_vol,,pending_dedicated_family_manifest
SMAOffset_Hippocritical_dca,spot_long,SMAOffset_Hippocritical_dca:0c723f4afe6d,not_scheduled,false,ineligible,recursive_bias_found,lookahead_not_completed,drift_measured,true,218,baseline_excluded,TheoBrigitte/freqtrade,repos/TheoBrigitte_freqtrade/strategies/smas/SMAOffset_Hippocritical_dca.py,5m,strategy,original,,,not_applicable,not_run,provisional,mode and direction agree with static source evidence,hybrid,scalp,moderate,undetermined,,pending_dedicated_family_manifest
SMAOffset_Hippocritical_dca_old,spot_long,SMAOffset_Hippocritical_dca_old:2cfd00c566a2,not_scheduled,false,ineligible,recursive_bias_found,lookahead_not_completed,drift_measured,true,218,baseline_excluded,TheoBrigitte/freqtrade,repos/TheoBrigitte_freqtrade/strategies/smas/SMAOffset_Hippocritical_dca_old.py,5m,strategy,original,,,not_applicable,not_run,provisional,mode and direction agree with static source evidence,hybrid,scalp,complex,undetermined,,pending_dedicated_family_manifest
SMAOffset_Hippocritical_dca_protections,spot_long,SMAOffset_Hippocritical_dca_protections:931258cfdeb5,not_scheduled,false,ineligible,recursive_bias_found,lookahead_not_completed,drift_measured,true,218,baseline_excluded,TheoBrigitte/freqtrade,repos/TheoBrigitte_freqtrade/strategies/smas/SMAOffset_Hippocritical_dca_protections.py,5m,strategy,original,,,not_applicable,not_run,provisional,mode and direction agree with static source evidence,hybrid,scalp,moderate,undetermined,,pending_dedicated_family_manifest
SMAOffset_Hippocritical_dca_leverage,futures_long,SMAOffset_Hippocritical_dca_leverage:3e0741aa6ef0,not_scheduled,false,ineligible,recursive_bias_found,lookahead_not_completed;futures_mode_bias_diagnostics_not_completed,drift_measured,true,18,baseline_excluded,TheoBrigitte/freqtrade,repos/TheoBrigitte_freqtrade/strategies/smas/dry-run/2025-01-29/SMAOffset_Hippocritical_dca_leverage.py,5m,strategy,original,,,not_applicable,measured,review,mode and direction agree with static source evidence; historical spot run succeeded despite futures intent,hybrid,scalp,moderate,undetermined,,pending_dedicated_family_manifest
StarRise,spot_long,StarRise:3318e8714e28,not_scheduled,false,ineligible,recursive_bias_found,lookahead_not_completed,drift_measured,true,220,baseline_excluded,TheoBrigitte/freqtrade,repos/TheoBrigitte_freqtrade/strategies/starrise/StarRise.py,5m,strategy,original,,,not_applicable,not_run,provisional,mode and direction agree with static source evidence,trend_following,scalp,moderate,bull,,pending_dedicated_family_manifest
StarRise_strat,spot_long,StarRise_strat:dcb6b2744fc0,not_scheduled,false,ineligible,recursive_bias_found,lookahead_not_completed,drift_measured,true,255,baseline_excluded,TheoBrigitte/freqtrade,repos/TheoBrigitte_freqtrade/strategies/starrise/StarRise_V2.py,5m,strategy,original,,,not_applicable,not_run,provisional,mode and direction agree with static source evidence,trend_following,scalp,moderate,bull,,pending_dedicated_family_manifest
StarRise_strat3,spot_long,StarRise_strat3:2cad4ff2351c,not_scheduled,false,ineligible,lookahead_found;recursive_bias_found,,drift_measured,true,1261,baseline_excluded,TheoBrigitte/freqtrade,repos/TheoBrigitte_freqtrade/strategies/starrise/StarRise_V3.py,5m,strategy,original,,,not_applicable,not_run,provisional,mode and direction agree with static source evidence,trend_following,scalp,moderate,bull,,pending_dedicated_family_manifest
Tank1Modulus,spot_long,Tank1Modulus:a12f5b7e883f,not_scheduled,false,ineligible,lookahead_found;recursive_bias_found,,drift_measured,true,600,baseline_excluded,TheoBrigitte/freqtrade,repos/TheoBrigitte_freqtrade/strategies/tank/Tank1Modulus.py,1h,strategy,original,,,not_applicable,not_run,provisional,mode and direction agree with static source evidence,volatility,intraday,complex,high_vol,,pending_dedicated_family_manifest
Tank5ModulusDCA,spot_long,Tank5ModulusDCA:b08e29a5f525,not_scheduled,false,ineligible,canonical_implementation_not_measured;lookahead_found;recursive_bias_found,native_mode_not_runtime_validated,drift_measured,false,,baseline_excluded,TheoBrigitte/freqtrade,repos/TheoBrigitte_freqtrade/strategies/tank/Tank5ModulusDCA.py,5m,strategy,original,,,not_applicable,not_run,provisional,mode and direction agree with static source evidence,volatility,scalp,complex,high_vol,,pending_dedicated_family_manifest
Tank5ModulusDCAV3,spot_long,Tank5ModulusDCAV3:9f8209f6ccd7,not_scheduled,false,ineligible,canonical_implementation_not_measured;lookahead_found;recursive_bias_found,native_mode_not_runtime_validated,drift_measured,false,,baseline_excluded,TheoBrigitte/freqtrade,repos/TheoBrigitte_freqtrade/strategies/tank/Tank5ModulusDCAV3.py,5m,strategy,original,,,not_applicable,not_run,provisional,mode and direction agree with static source evidence,volatility,scalp,complex,high_vol,,pending_dedicated_family_manifest
TrendFollowingStrategy,futures_long_short,TrendFollowingStrategy:5b587371c871,not_scheduled,false,ineligible,recursive_bias_found,,,true,1029,baseline_excluded,TheoBrigitte/freqtrade,repos/TheoBrigitte_freqtrade/strategies/trendfollowing/TrendFollowingStrategy.py,5m,strategy,original,,,not_applicable,measured,validated,mode and direction agree with static source evidence,unclear,scalp,simple,bear+range,,pending_dedicated_family_manifest
new_turtle_roi,spot_long,new_turtle_roi:29ff0b406385,C_measurement_recovery,true,ineligible,canonical_implementation_not_measured,native_mode_not_runtime_validated;lookahead_not_completed,,false,,queued,TheoBrigitte/freqtrade,repos/TheoBrigitte_freqtrade/strategies/turtle/new_turtle_roi.py,1d,strategy,original,,,not_applicable,not_run,review,enter_short is dormant without a literal can_short=true,volatility,position,simple,high_vol,,pending_dedicated_family_manifest
twinturboV8,spot_long,twinturboV8:a79e4a960b80,not_scheduled,false,ineligible,recursive_bias_found,lookahead_not_completed,drift_measured,true,131,baseline_excluded,TheoBrigitte/freqtrade,repos/TheoBrigitte_freqtrade/strategies/twinturbov8/twinturboV8.py,5m,strategy,original,,,not_applicable,not_run,provisional,mode and direction agree with static source evidence,trend_following,scalp,complex,bull,,pending_dedicated_family_manifest
twinturboV8_2,spot_long,twinturboV8_2:5afe4f4cb98c,not_scheduled,false,ineligible,recursive_bias_found,lookahead_not_completed,drift_measured,true,119,baseline_excluded,TheoBrigitte/freqtrade,repos/TheoBrigitte_freqtrade/strategies/twinturbov8/twinturboV8_2.py,5m,strategy,original,,,not_applicable,not_run,provisional,mode and direction agree with static source evidence,trend_following,scalp,complex,bull,,pending_dedicated_family_manifest
VolatilitySystem,futures_long,VolatilitySystem:d62c96946f4b,not_scheduled,false,ineligible,recursive_bias_found,lookahead_not_completed;futures_mode_bias_diagnostics_not_completed,refused_no_warmup,true,9,baseline_excluded,TheoBrigitte/freqtrade,repos/TheoBrigitte_freqtrade/strategies/volatility/VolatilitySystem.py,1h,strategy,original,,,not_applicable,measured,review,enter_short is dormant without a literal can_short=true; historical spot run succeeded despite futures intent,volatility,intraday,simple,high_vol,,pending_dedicated_family_manifest
VolatilitySystemV2,futures_long_short,VolatilitySystemV2:604d9b2fc6e8,not_scheduled,false,ineligible,recursive_bias_found,,,true,24,baseline_excluded,TheoBrigitte/freqtrade,repos/TheoBrigitte_freqtrade/strategies/volatility/VolatilitySystemV2.py,1h,strategy,original,,,not_applicable,measured,validated,mode and direction agree with static source evidence,volatility,intraday,simple,bear+range,,pending_dedicated_family_manifest
TRIWAVE,spot_long,TRIWAVE:3f1564192308,D_recursive_drift,true,ineligible,recursive_bias_found,,drift_measured,true,3624,queued,TheoBrigitte/freqtrade,repos/TheoBrigitte_freqtrade/strategies/wave/TRIWAVE.py,15m,strategy,original,,,not_applicable,not_run,provisional,mode and direction agree with static source evidence,trend_following,intraday,complex,bull,,pending_dedicated_family_manifest
dualwave,spot_long,dualwave:21be3f4a214b,not_scheduled,false,ineligible,recursive_bias_found,,,true,1767,baseline_excluded,TheoBrigitte/freqtrade,repos/TheoBrigitte_freqtrade/strategies/wave/dualwave.py,15m,strategy,repaired,class1,environment_compatibility,strict_equivalent,not_run,provisional,mode and direction agree with static source evidence,trend_following,intraday,complex,bull,,pending_dedicated_family_manifest
WTX3,futures_long_short,WTX3:f2b64e9b550c,not_scheduled,false,ineligible,technical_trap_found,lookahead_not_completed;recursive_bias_not_completed;futures_mode_bias_diagnostics_not_completed,,true,740,baseline_excluded,TheoBrigitte/freqtrade,repos/TheoBrigitte_freqtrade/strategies/wtx3/scalpv3.py,5m,strategy,original,,,not_applicable,measured,validated,mode and direction agree with static source evidence,trend_following,scalp,simple,bear+range,,pending_dedicated_family_manifest
simple_patterns,spot_long,simple_patterns:9ee9bae231b2,C_measurement_recovery,true,ineligible,canonical_implementation_not_measured,native_mode_not_runtime_validated;lookahead_not_completed,,false,,queued,TheoBrigitte/freqtrade,repos/TheoBrigitte_freqtrade/strategies/yodo/simple_patterns.py,1m,strategy,original,,,not_applicable,not_run,provisional,mode and direction agree with static source evidence,unclear,scalp,simple,undetermined,,pending_dedicated_family_manifest
BinanceStream,spot_long,BinanceStream:d45467113bfd,C_measurement_recovery,true,ineligible,canonical_implementation_not_measured,native_mode_not_runtime_validated;lookahead_not_completed;exact_regime_window_coverage_not_verified,,false,,queued,TomtomEh/freqtrade-websocket,repos/TomtomEh_freqtrade-websocket/user_data/strategies/BinanceStream.py,,strategy,original,,,not_applicable,not_run,provisional,mode and direction agree with static source evidence,unclear,unknown,simple,undetermined,,pending_dedicated_family_manifest
NWEv6,spot_long,NWEv6:f5a8cb3f37d7,not_scheduled,false,ineligible,lookahead_found;recursive_bias_found,,drift_measured,true,8379,baseline_excluded,anakein/beastbotXB,repos/anakein_beastbotXB/working/NWEv6.py,5m,strategy,original,,,not_applicable,not_run,provisional,mode and direction agree with static source evidence,trend_following,scalp,moderate,bull,,pending_dedicated_family_manifest
NWEv6_new,spot_long,NWEv6_new:643838521ab8,E0_strict67,true,eligible,,,,true,8108,admitted_E0,anakein/beastbotXB,repos/anakein_beastbotXB/working/NWEv6_new.py,3m,strategy,original,,,not_applicable,not_run,provisional,mode and direction agree with static source evidence,trend_following,scalp,moderate,bull,,pending_dedicated_family_manifest
chispei,spot_long,chispei:6b4e2cdd6976,C_measurement_recovery,true,ineligible,canonical_implementation_not_measured,native_mode_not_runtime_validated;lookahead_not_completed;recursive_bias_not_completed,,false,,queued,botenesp/freqtrade_strategies,repos/botenesp_freqtrade_strategies/chispei.py,4h,strategy,original,,,not_applicable,not_run,provisional,mode and direction agree with static source evidence,trend_following,unknown,simple,bull,,pending_dedicated_family_manifest
ZaratustraDCA2_07,futures_long_short,ZaratustraDCA2_07:150220a876fd,not_scheduled,false,ineligible,recursive_bias_found,,,true,219,baseline_excluded,bustillo/freqtrade-strategies,repos/bustillo_freqtrade-strategies/ZaratustraDCA/ZaratustraDCA2_07.py,5m,strategy,original,,,not_applicable,measured,validated,mode and direction agree with static source evidence,trend_following,scalp,moderate,bear+range,,pending_dedicated_family_manifest
ZaratustraDCA5,futures_long_short,ZaratustraDCA5:6dfc2e9a3565,not_scheduled,false,ineligible,recursive_bias_found,,,true,233,baseline_excluded,bustillo/freqtrade-strategies,repos/bustillo_freqtrade-strategies/ZaratustraDCA/ZaratustraDCA5.py,5m,strategy,original,,,not_applicable,measured,validated,mode and direction agree with static source evidence,trend_following,scalp,moderate,bear+range,,pending_dedicated_family_manifest
NostalgiaForInfinityX4,futures_long,NostalgiaForInfinityX4:1e74882784ff,not_scheduled,false,ineligible,recursive_bias_found,zero_trades_in_smoke_requires_full_window;lookahead_not_completed;futures_mode_bias_diagnostics_not_completed,drift_measured,true,0,baseline_excluded,cyberjunky/freqtrade_strategy,repos/cyberjunky_freqtrade_strategy/strategies/NostalgiaForInfinityX4.py,5m,strategy,original,,,not_applicable,measured,review,enter_short is dormant without a literal can_short=true,trend_following,scalp,complex,bull,,pending_dedicated_family_manifest
ADX_15M_USDT2,spot_long,ADX_15M_USDT2:0d171b1a5053,C_measurement_recovery,true,ineligible,canonical_implementation_not_measured,native_mode_not_runtime_validated;lookahead_not_completed;recursive_bias_not_completed,,false,,queued,davidzr/freqtrade-strategies,repos/davidzr_freqtrade-strategies/strategies/ADX_15M_USDT2/ADX_15M_USDT2.py,15m,strategy,original,,,not_applicable,not_run,provisional,mode and direction agree with static source evidence,trend_following,unknown,simple,bull,,pending_dedicated_family_manifest
AlwaysBuy,spot_long,AlwaysBuy:220546dcb09d,B_warmup_refusal,true,ineligible,recursive_bias_found,,refused_no_warmup,true,32359,queued,davidzr/freqtrade-strategies,repos/davidzr_freqtrade-strategies/strategies/AlwaysBuy/AlwaysBuy.py,5m,strategy,original,,,not_applicable,not_run,provisional,mode and direction agree with static source evidence,unclear,scalp,simple,undetermined,,pending_dedicated_family_manifest
BBMod1,spot_long,BBMod1:ff96498aa074,C_measurement_recovery,true,ineligible,canonical_implementation_not_measured,native_mode_not_runtime_validated;lookahead_not_completed;recursive_bias_not_completed,,false,,queued,davidzr/freqtrade-strategies,repair/patched/repos/davidzr_freqtrade-strategies/strategies/BBMod1/BBMod1.py,5m,strategy,repaired,class2,dead_np_where_dtype,strict_equivalent,not_run,provisional,mode and direction agree with static source evidence,trend_following,scalp,complex,bull,,pending_dedicated_family_manifest
BBRSI21,spot_long,BBRSI21:906ff2c0fd9a,B_warmup_refusal,true,ineligible,recursive_bias_found,,refused_no_warmup,true,5845,queued,davidzr/freqtrade-strategies,repos/davidzr_freqtrade-strategies/strategies/BBRSI21/BBRSI21.py,5m,strategy,original,,,not_applicable,not_run,provisional,mode and direction agree with static source evidence,mean_reversion,scalp,simple,range,,pending_dedicated_family_manifest
BBRSI2,spot_long,BBRSI2:58f6a2d72a76,B_warmup_refusal,true,ineligible,recursive_bias_found,,refused_no_warmup,true,24422,queued,davidzr/freqtrade-strategies,repos/davidzr_freqtrade-strategies/strategies/BBRSI2/BBRSI2.py,1m,strategy,original,,,not_applicable,not_run,provisional,mode and direction agree with static source evidence,mean_reversion,scalp,simple,range,,pending_dedicated_family_manifest
BBRSI3366,spot_long,BBRSI3366:b03a199248ae,B_warmup_refusal,true,ineligible,recursive_bias_found,,refused_no_warmup,true,26873,queued,davidzr/freqtrade-strategies,repos/davidzr_freqtrade-strategies/strategies/BBRSI3366/BBRSI3366.py,5m,strategy,original,,,not_applicable,not_run,provisional,mode and direction agree with static source evidence,volatility,scalp,simple,high_vol,,pending_dedicated_family_manifest
BBRSI4cust,spot_long,BBRSI4cust:1ad9367b43fb,D_recursive_drift,true,ineligible,recursive_bias_found,,drift_measured,true,22886,queued,davidzr/freqtrade-strategies,repos/davidzr_freqtrade-strategies/strategies/BBRSI4cust/BBRSI4cust.py,15m,strategy,original,,,not_applicable,not_run,provisional,mode and direction agree with static source evidence,volatility,intraday,simple,high_vol,,pending_dedicated_family_manifest
BBRSINaiveStrategy,spot_long,BBRSINaiveStrategy:8898c71db5cc,D_recursive_drift,true,ineligible,recursive_bias_found,,drift_measured,true,20022,queued,davidzr/freqtrade-strategies,repos/davidzr_freqtrade-strategies/strategies/BBRSINaiveStrategy/BBRSINaiveStrategy.py,15m,strategy,original,,,not_applicable,not_run,provisional,mode and direction agree with static source evidence,mean_reversion,intraday,simple,range,,pending_dedicated_family_manifest
BBRSIOptim2020Strategy,spot_long,BBRSIOptim2020Strategy:81bc9ab8f74d,D_recursive_drift,true,ineligible,recursive_bias_found,,drift_measured,true,34955,queued,davidzr/freqtrade-strategies,repos/davidzr_freqtrade-strategies/strategies/BBRSIOptim2020Strategy/BBRSIOptim2020Strategy.py,5m,strategy,original,,,not_applicable,not_run,provisional,mode and direction agree with static source evidence,mean_reversion,scalp,simple,range,,pending_dedicated_family_manifest
BBRSIOptimStrategy,spot_long,BBRSIOptimStrategy:142c7cfcde66,D_recursive_drift,true,ineligible,recursive_bias_found,,drift_measured,true,10697,queued,davidzr/freqtrade-strategies,repos/davidzr_freqtrade-strategies/strategies/BBRSIOptimStrategy/BBRSIOptimStrategy.py,5m,strategy,original,,,not_applicable,not_run,provisional,mode and direction agree with static source evidence,mean_reversion,scalp,simple,range,,pending_dedicated_family_manifest
BBRSIS,spot_long,BBRSIS:9cbc9ac5b110,C_measurement_recovery,true,ineligible,canonical_implementation_not_measured,native_mode_not_runtime_validated;lookahead_not_completed;recursive_bias_not_completed,,false,,queued,davidzr/freqtrade-strategies,repair/patched/repos/davidzr_freqtrade-strategies/strategies/BBRSIS/BBRSIS.py,5m,strategy,repaired,class2,pandas_removed_keywords,strict_equivalent,not_run,provisional,mode and direction agree with static source evidence,volatility,unknown,simple,high_vol,,pending_dedicated_family_manifest
BBRSIStrategy,spot_long,BBRSIStrategy:cea3ffb8eacd,D_recursive_drift,true,ineligible,recursive_bias_found,,drift_measured,true,12330,queued,davidzr/freqtrade-strategies,repos/davidzr_freqtrade-strategies/strategies/BBRSIStrategy/BBRSIStrategy.py,15m,strategy,original,,,not_applicable,not_run,provisional,mode and direction agree with static source evidence,mean_reversion,intraday,simple,range,,pending_dedicated_family_manifest
bbrsi,spot_long,bbrsi:fc5269c71f80,D_recursive_drift,true,ineligible,recursive_bias_found,,drift_measured,true,5507,queued,davidzr/freqtrade-strategies,repos/davidzr_freqtrade-strategies/strategies/BBRSI/BBRSI.py,4h,strategy,original,,,not_applicable,not_run,provisional,mode and direction agree with static source evidence,mean_reversion,swing,simple,range,,pending_dedicated_family_manifest
BBRSIoriginal,spot_long,BBRSIoriginal:0b7f8f86963f,C_measurement_recovery,true,ineligible,canonical_implementation_not_measured,native_mode_not_runtime_validated;lookahead_not_completed;recursive_bias_not_completed,,false,,queued,davidzr/freqtrade-strategies,repos/davidzr_freqtrade-strategies/strategies/BBRSIoriginal/BBRSIoriginal.py,1h,strategy,original,,,not_applicable,not_run,provisional,mode and direction agree with static source evidence,mean_reversion,unknown,simple,range,,pending_dedicated_family_manifest
BBRSIv2,spot_long,BBRSIv2:35ae832a0782,E0_strict67,true,eligible,,,,true,584,admitted_E0,davidzr/freqtrade-strategies,repos/davidzr_freqtrade-strategies/strategies/BBRSIv2/BBRSIv2.py,15m,strategy,original,,,not_applicable,not_run,provisional,mode and direction agree with static source evidence,volatility,intraday,simple,high_vol,,pending_dedicated_family_manifest
BB_RPB_TSL_2,spot_long,BB_RPB_TSL_2:8d6f406ddaab,C_measurement_recovery,true,ineligible,canonical_implementation_not_measured,native_mode_not_runtime_validated;lookahead_not_completed;recursive_bias_not_completed,,false,,queued,davidzr/freqtrade-strategies,repair/patched/repos/davidzr_freqtrade-strategies/strategies/BB_RPB_TSL_2/BB_RPB_TSL_2.py,3m,strategy,repaired,class2,dead_np_where_dtype;param_missing_space,strict_equivalent,not_run,provisional,mode and direction agree with static source evidence,trend_following,scalp,complex,bull,,pending_dedicated_family_manifest
BB_RPB_TSL_RNG_2,spot_long,BB_RPB_TSL_RNG_2:ca91ce1da4c1,B_warmup_refusal,true,ineligible,recursive_bias_found,,refused_no_warmup,true,776,queued,davidzr/freqtrade-strategies,repos/davidzr_freqtrade-strategies/strategies/BB_RPB_TSL_RNG_2/BB_RPB_TSL_RNG_2.py,5m,strategy,original,,,not_applicable,not_run,provisional,mode and direction agree with static source evidence,mean_reversion,scalp,complex,range,,pending_dedicated_family_manifest
BB_RPB_TSL_RNG_VWAP,spot_long,BB_RPB_TSL_RNG_VWAP:983ffa958fda,D_recursive_drift,true,ineligible,recursive_bias_found,,drift_measured,true,1289,queued,davidzr/freqtrade-strategies,repos/davidzr_freqtrade-strategies/strategies/BB_RPB_TSL_RNG_VWAP/BB_RPB_TSL_RNG_VWAP.py,5m,strategy,original,,,not_applicable,not_run,provisional,mode and direction agree with static source evidence,mean_reversion,scalp,complex,range,,pending_dedicated_family_manifest
BB_RPB_TSL_SMA_Tranz_TB_1_1_1,spot_long,BB_RPB_TSL_SMA_Tranz_TB_1_1_1:d73a9e81d3fb,C_measurement_recovery,true,ineligible,canonical_implementation_not_measured,native_mode_not_runtime_validated;lookahead_not_completed;recursive_bias_not_completed,,false,,queued,davidzr/freqtrade-strategies,repair/patched/repos/davidzr_freqtrade-strategies/strategies/BB_RPB_TSL_SMA_Tranz_TB_1_1_1/BB_RPB_TSL_SMA_Tranz_TB_1_1_1.py,5m,strategy,repaired,class2,dead_np_where_dtype,strict_equivalent,not_run,provisional,mode and direction agree with static source evidence,trend_following,scalp,complex,bull,,pending_dedicated_family_manifest
BB_RPB_TSL_SMA_Tranz_TB_MOD,spot_long,BB_RPB_TSL_SMA_Tranz_TB_MOD:89e772462440,C_measurement_recovery,true,ineligible,canonical_implementation_not_measured,native_mode_not_runtime_validated;lookahead_not_completed;recursive_bias_not_completed,,false,,queued,davidzr/freqtrade-strategies,repair/patched/repos/davidzr_freqtrade-strategies/strategies/BB_RPB_TSL_SMA_Tranz_TB_MOD/BB_RPB_TSL_SMA_Tranz_TB_MOD.py,5m,strategy,repaired,class2,dead_np_where_dtype,strict_equivalent,not_run,provisional,mode and direction agree with static source evidence,trend_following,scalp,complex,bull,,pending_dedicated_family_manifest
BB_RPB_TSL_Tranz,spot_long,BB_RPB_TSL_Tranz:f3ab5e0e637d,not_scheduled,false,ineligible,canonical_implementation_not_measured;recursive_bias_found,native_mode_not_runtime_validated;lookahead_not_completed,refused_no_warmup,false,,baseline_excluded,davidzr/freqtrade-strategies,repair/patched/repos/davidzr_freqtrade-strategies/strategies/BB_RPB_TSL_Tranz/BB_RPB_TSL_Tranz.py,5m,strategy,repaired,class2,dead_np_where_dtype,strict_equivalent,not_run,provisional,mode and direction agree with static source evidence,trend_following,scalp,complex,bull,,pending_dedicated_family_manifest
BB_RPB_TSL_c7c477d_20211030,spot_long,BB_RPB_TSL_c7c477d_20211030:94144d76df36,not_scheduled,false,ineligible,lookahead_found;recursive_bias_found,,refused_no_warmup,true,494,baseline_excluded,davidzr/freqtrade-strategies,repos/davidzr_freqtrade-strategies/strategies/BB_RPB_TSL_c7c477d_20211030/BB_RPB_TSL_c7c477d_20211030.py,5m,strategy,original,,,not_applicable,not_run,provisional,mode and direction agree with static source evidence,mean_reversion,scalp,complex,range,,pending_dedicated_family_manifest
BB_RPB_TSLmeneguzzo,spot_long,BB_RPB_TSLmeneguzzo:316241193acc,not_scheduled,false,ineligible,canonical_implementation_not_measured;recursive_bias_found,native_mode_not_runtime_validated;lookahead_not_completed,refused_no_warmup,false,,baseline_excluded,davidzr/freqtrade-strategies,repair/patched/repos/davidzr_freqtrade-strategies/strategies/BB_RPB_TSLmeneguzzo/BB_RPB_TSLmeneguzzo.py,5m,strategy,repaired,class2,dead_np_where_dtype,strict_equivalent,not_run,provisional,mode and direction agree with static source evidence,trend_following,scalp,complex,bull,,pending_dedicated_family_manifest
BBlower,spot_long,BBlower:ef24be71cd83,B_warmup_refusal,true,ineligible,recursive_bias_found,,refused_no_warmup,true,1790,queued,davidzr/freqtrade-strategies,repos/davidzr_freqtrade-strategies/strategies/BBlower/BBlower.py,5m,strategy,original,,,not_applicable,not_run,provisional,mode and direction agree with static source evidence,mean_reversion,scalp,simple,range,,pending_dedicated_family_manifest
Babico_SMA5xBBmid,spot_long,Babico_SMA5xBBmid:64846c265b53,not_scheduled,false,ineligible,recursive_bias_found,lookahead_not_completed,refused_no_warmup,true,79,baseline_excluded,davidzr/freqtrade-strategies,repos/davidzr_freqtrade-strategies/strategies/Babico_SMA5xBBmid/Babico_SMA5xBBmid.py,1d,strategy,original,,,not_applicable,not_run,provisional,mode and direction agree with static source evidence,trend_following,position,simple,bull,,pending_dedicated_family_manifest
BigPete,spot_long,BigPete:d27f97d739e5,not_scheduled,false,ineligible,technical_trap_found,,,true,17675,baseline_excluded,davidzr/freqtrade-strategies,repos/davidzr_freqtrade-strategies/strategies/BigPete/BigPete.py,5m,strategy,original,,,not_applicable,not_run,provisional,mode and direction agree with static source evidence,trend_following,scalp,moderate,bull,,pending_dedicated_family_manifest
BigZ0307HO,spot_long,BigZ0307HO:0a71c6f2bd04,D_recursive_drift,true,ineligible,recursive_bias_found,,drift_measured,true,10653,queued,davidzr/freqtrade-strategies,repos/davidzr_freqtrade-strategies/strategies/BigZ0307HO/BigZ0307HO.py,5m,strategy,repaired,class1,environment_compatibility,strict_equivalent,not_run,provisional,mode and direction agree with static source evidence,trend_following,scalp,moderate,bull,,pending_dedicated_family_manifest
BigZ03HO,spot_long,BigZ03HO:69198df9bcc9,E0_strict67,true,eligible,,,,true,7275,admitted_E0,davidzr/freqtrade-strategies,repos/davidzr_freqtrade-strategies/strategies/BigZ03HO/BigZ03HO.py,5m,strategy,repaired,class1,environment_compatibility,strict_equivalent,not_run,provisional,mode and direction agree with static source evidence,momentum,scalp,moderate,bull,,pending_dedicated_family_manifest
BigZ03,spot_long,BigZ03:cf4f30a01aa6,E0_strict67,true,eligible,,,,true,925,admitted_E0,davidzr/freqtrade-strategies,repos/davidzr_freqtrade-strategies/strategies/BigZ03/BigZ03.py,5m,strategy,original,,,not_applicable,not_run,provisional,mode and direction agree with static source evidence,momentum,scalp,moderate,bull,,pending_dedicated_family_manifest
BigZ0407HO,spot_long,BigZ0407HO:d5d4fc34118e,D_recursive_drift,true,ineligible,recursive_bias_found,,drift_measured,true,1122,queued,davidzr/freqtrade-strategies,repos/davidzr_freqtrade-strategies/strategies/BigZ0407HO/BigZ0407HO.py,5m,strategy,original,,,not_applicable,not_run,provisional,mode and direction agree with static source evidence,trend_following,scalp,complex,bull,,pending_dedicated_family_manifest
BigZ0407,spot_long,BigZ0407:2859a48563dc,D_recursive_drift,true,ineligible,recursive_bias_found,,drift_measured,true,1287,queued,davidzr/freqtrade-strategies,repos/davidzr_freqtrade-strategies/strategies/BigZ0407/BigZ0407.py,5m,strategy,original,,,not_applicable,not_run,provisional,mode and direction agree with static source evidence,trend_following,scalp,complex,bull,,pending_dedicated_family_manifest
BigZ04HO2,spot_long,BigZ04HO2:00125cd82ead,D_recursive_drift,true,ineligible,recursive_bias_found,,drift_measured,true,1715,queued,davidzr/freqtrade-strategies,repos/davidzr_freqtrade-strategies/strategies/BigZ04HO2/BigZ04HO2.py,5m,strategy,original,,,not_applicable,not_run,provisional,mode and direction agree with static source evidence,momentum,scalp,moderate,bull,,pending_dedicated_family_manifest
BigZ04HO,spot_long,BigZ04HO:5bd363078661,D_recursive_drift,true,ineligible,recursive_bias_found,,drift_measured,true,1641,queued,davidzr/freqtrade-strategies,repos/davidzr_freqtrade-strategies/strategies/BigZ04HO/BigZ04HO.py,5m,strategy,original,,,not_applicable,not_run,provisional,mode and direction agree with static source evidence,momentum,scalp,moderate,bull,,pending_dedicated_family_manifest
BigZ06,spot_long,BigZ06:ebe5bd7ec890,D_recursive_drift,true,ineligible,recursive_bias_found,,drift_measured,true,1614,queued,davidzr/freqtrade-strategies,repos/davidzr_freqtrade-strategies/strategies/BigZ06/BigZ06.py,5m,strategy,original,,,not_applicable,not_run,provisional,mode and direction agree with static source evidence,momentum,scalp,moderate,bull,,pending_dedicated_family_manifest
BigZ07Next2,spot_long,BigZ07Next2:bc3b7327678e,D_recursive_drift,true,ineligible,recursive_bias_found,,drift_measured,true,1716,queued,davidzr/freqtrade-strategies,repos/davidzr_freqtrade-strategies/strategies/BigZ07Next2/BigZ07Next2.py,5m,strategy,original,,,not_applicable,not_run,provisional,mode and direction agree with static source evidence,trend_following,scalp,complex,bull,,pending_dedicated_family_manifest
BigZ07Next,spot_long,BigZ07Next:a0cf89b2bf09,D_recursive_drift,true,ineligible,recursive_bias_found,,drift_measured,true,1754,queued,davidzr/freqtrade-strategies,repos/davidzr_freqtrade-strategies/strategies/BigZ07Next/BigZ07Next.py,5m,strategy,original,,,not_applicable,not_run,provisional,mode and direction agree with static source evidence,trend_following,scalp,complex,bull,,pending_dedicated_family_manifest
BigZ07,spot_long,BigZ07:bf376b0da2ee,D_recursive_drift,true,ineligible,recursive_bias_found,,drift_measured,true,1593,queued,davidzr/freqtrade-strategies,repos/davidzr_freqtrade-strategies/strategies/BigZ07/BigZ07.py,5m,strategy,original,,,not_applicable,not_run,provisional,mode and direction agree with static source evidence,momentum,scalp,moderate,bull,,pending_dedicated_family_manifest
BinClucMadV1,spot_long,BinClucMadV1:ee1af5648bed,D_recursive_drift,true,ineligible,recursive_bias_found,,drift_measured,true,1164,queued,davidzr/freqtrade-strategies,repos/davidzr_freqtrade-strategies/strategies/BinClucMadV1/BinClucMadV1.py,5m,strategy,original,,,not_applicable,not_run,provisional,mode and direction agree with static source evidence,breakout,scalp,moderate,transition+high_vol,,pending_dedicated_family_manifest
BinClucMad,spot_long,BinClucMad:e1b3d4cbe60d,E0_strict67,true,eligible,,,,true,2517,admitted_E0,davidzr/freqtrade-strategies,repos/davidzr_freqtrade-strategies/strategies/BinClucMad/BinClucMad.py,5m,strategy,original,,,not_applicable,not_run,provisional,mode and direction agree with static source evidence,volatility,scalp,moderate,high_vol,,pending_dedicated_family_manifest
BuyOnly,spot_long,BuyOnly:d6c39fd69ca2,D_recursive_drift,true,ineligible,recursive_bias_found,,drift_measured,true,2779,queued,davidzr/freqtrade-strategies,repos/davidzr_freqtrade-strategies/strategies/BuyOnly/BuyOnly.py,15m,strategy,original,,,not_applicable,not_run,provisional,mode and direction agree with static source evidence,trend_following,intraday,simple,bull,,pending_dedicated_family_manifest
CBPete9,spot_long,CBPete9:590f9240d3b9,not_scheduled,false,ineligible,technical_trap_found,,,true,2882,baseline_excluded,davidzr/freqtrade-strategies,repos/davidzr_freqtrade-strategies/strategies/CBPete9/CBPete9.py,5m,strategy,original,,,not_applicable,not_run,provisional,mode and direction agree with static source evidence,volatility,scalp,moderate,high_vol,,pending_dedicated_family_manifest
Cci,spot_long,Cci:8b67ced31386,not_scheduled,false,ineligible,lookahead_found;recursive_bias_found,,refused_no_warmup,true,24831,baseline_excluded,davidzr/freqtrade-strategies,repos/davidzr_freqtrade-strategies/strategies/Cci/Cci.py,1m,strategy,original,,,not_applicable,not_run,provisional,mode and direction agree with static source evidence,hybrid,scalp,simple,undetermined,,pending_dedicated_family_manifest
Chandem,spot_long,Chandem:ea3340cf291f,B_warmup_refusal,true,ineligible,recursive_bias_found,,refused_no_warmup,true,16308,queued,davidzr/freqtrade-strategies,repos/davidzr_freqtrade-strategies/strategies/Chandem/Chandem.py,5m,strategy,original,,,not_applicable,not_run,provisional,mode and direction agree with static source evidence,breakout,scalp,simple,transition+high_vol,,pending_dedicated_family_manifest
Chandemtwo,spot_long,Chandemtwo:1db6f2e33e51,B_warmup_refusal,true,ineligible,recursive_bias_found,,refused_no_warmup,true,18812,queued,davidzr/freqtrade-strategies,repos/davidzr_freqtrade-strategies/strategies/Chandemtwo/Chandemtwo.py,5m,strategy,original,,,not_applicable,not_run,provisional,mode and direction agree with static source evidence,breakout,scalp,simple,transition+high_vol,,pending_dedicated_family_manifest
Cluc4,spot_long,Cluc4:b1c9929b686d,B_warmup_refusal,true,ineligible,recursive_bias_found,,refused_no_warmup,true,4881,queued,davidzr/freqtrade-strategies,repos/davidzr_freqtrade-strategies/strategies/Cluc4/Cluc4.py,1m,strategy,original,,,not_applicable,not_run,provisional,mode and direction agree with static source evidence,trend_following,scalp,simple,bull,,pending_dedicated_family_manifest
ClucHAnix_BB_RPB_MOD2_ROI,spot_long,ClucHAnix_BB_RPB_MOD2_ROI:44861487675f,D_recursive_drift,true,ineligible,recursive_bias_found,,drift_measured,true,7292,queued,davidzr/freqtrade-strategies,repos/davidzr_freqtrade-strategies/strategies/ClucHAnix_BB_RPB_MOD2_ROI/ClucHAnix_BB_RPB_MOD2_ROI.py,5m,strategy,original,,,not_applicable,not_run,provisional,mode and direction agree with static source evidence,trend_following,scalp,moderate,bull,,pending_dedicated_family_manifest
ClucHAnix_BB_RPB_MOD_CTT,spot_long,ClucHAnix_BB_RPB_MOD_CTT:dcb07a609ecf,D_recursive_drift,true,ineligible,recursive_bias_found,,drift_measured,true,6496,queued,davidzr/freqtrade-strategies,repos/davidzr_freqtrade-strategies/strategies/ClucHAnix_BB_RPB_MOD_CTT/ClucHAnix_BB_RPB_MOD_CTT.py,5m,strategy,original,,,not_applicable,not_run,provisional,mode and direction agree with static source evidence,trend_following,scalp,moderate,bull,,pending_dedicated_family_manifest
ClucHAnix_BB_RPB_MOD_E0V1E_ROI,spot_long,ClucHAnix_BB_RPB_MOD_E0V1E_ROI:e0cd48da619a,D_recursive_drift,true,ineligible,recursive_bias_found,,drift_measured,true,7336,queued,davidzr/freqtrade-strategies,repos/davidzr_freqtrade-strategies/strategies/ClucHAnix_BB_RPB_MOD_E0V1E_ROI/ClucHAnix_BB_RPB_MOD_E0V1E_ROI.py,5m,strategy,original,,,not_applicable,not_run,provisional,mode and direction agree with static source evidence,trend_following,scalp,moderate,bull,,pending_dedicated_family_manifest
CombinedBinHAndClucHyperV0,spot_long,CombinedBinHAndClucHyperV0:1f9bfbc3e5ea,B_warmup_refusal,true,ineligible,recursive_bias_found,,refused_no_warmup,true,4252,queued,davidzr/freqtrade-strategies,repos/davidzr_freqtrade-strategies/strategies/CombinedBinHAndClucHyperV0/CombinedBinHAndClucHyperV0.py,1m,strategy,original,,,not_applicable,not_run,provisional,mode and direction agree with static source evidence,trend_following,scalp,simple,bull,,pending_dedicated_family_manifest
CombinedBinHAndClucHyperV3,spot_long,CombinedBinHAndClucHyperV3:82200df31c45,B_warmup_refusal,true,ineligible,recursive_bias_found,,refused_no_warmup,true,1810,queued,davidzr/freqtrade-strategies,repos/davidzr_freqtrade-strategies/strategies/CombinedBinHAndClucHyperV3/CombinedBinHAndClucHyperV3.py,1m,strategy,original,,,not_applicable,not_run,provisional,mode and direction agree with static source evidence,trend_following,scalp,simple,bull,,pending_dedicated_family_manifest
CombinedBinHAndClucV3,spot_long,CombinedBinHAndClucV3:6b6967456446,E0_strict67,true,eligible,,,,true,2589,admitted_E0,davidzr/freqtrade-strategies,repos/davidzr_freqtrade-strategies/strategies/CombinedBinHAndClucV3/CombinedBinHAndClucV3.py,5m,strategy,original,,,not_applicable,not_run,provisional,mode and direction agree with static source evidence,trend_following,scalp,simple,bull,,pending_dedicated_family_manifest
CombinedBinHAndClucV5Hyperoptable,spot_long,CombinedBinHAndClucV5Hyperoptable:965050028fd9,D_recursive_drift,true,ineligible,recursive_bias_found,,drift_measured,true,2705,queued,davidzr/freqtrade-strategies,repos/davidzr_freqtrade-strategies/strategies/CombinedBinHAndClucV5Hyperoptable/CombinedBinHAndClucV5Hyperoptable.py,5m,strategy,original,,,not_applicable,not_run,provisional,mode and direction agree with static source evidence,trend_following,scalp,moderate,bull,,pending_dedicated_family_manifest
CombinedBinHAndClucV8XHO,spot_long,CombinedBinHAndClucV8XHO:b8c89de71394,D_recursive_drift,true,ineligible,recursive_bias_found,,drift_measured,true,851,queued,davidzr/freqtrade-strategies,repos/davidzr_freqtrade-strategies/strategies/CombinedBinHAndClucV8XHO/CombinedBinHAndClucV8XHO.py,5m,strategy,original,,,not_applicable,not_run,provisional,mode and direction agree with static source evidence,volatility,scalp,moderate,high_vol,,pending_dedicated_family_manifest
CombinedBinHClucAndMADV5,spot_long,CombinedBinHClucAndMADV5:ec954f77cea1,E0_strict67,true,eligible,,,,true,1644,admitted_E0,davidzr/freqtrade-strategies,repos/davidzr_freqtrade-strategies/strategies/CombinedBinHClucAndMADV5/CombinedBinHClucAndMADV5.py,5m,strategy,original,,,not_applicable,not_run,provisional,mode and direction agree with static source evidence,volatility,scalp,simple,high_vol,,pending_dedicated_family_manifest
Combined_Indicators,spot_long,Combined_Indicators:39dc56f0be05,B_warmup_refusal,true,ineligible,recursive_bias_found,,refused_no_warmup,true,2969,queued,davidzr/freqtrade-strategies,repos/davidzr_freqtrade-strategies/strategies/Combined_Indicators/Combined_Indicators.py,1m,strategy,original,,,not_applicable,not_run,provisional,mode and direction agree with static source evidence,trend_following,scalp,simple,bull,,pending_dedicated_family_manifest
Combined_NFIv7_SMA_Rallipanos_20210707,spot_long,Combined_NFIv7_SMA_Rallipanos_20210707:7c418bfb6549,D_recursive_drift,true,ineligible,recursive_bias_found,,drift_measured,true,927,queued,davidzr/freqtrade-strategies,repos/davidzr_freqtrade-strategies/strategies/Combined_NFIv7_SMA_Rallipanos_20210707/Combined_NFIv7_SMA_Rallipanos_20210707.py,5m,strategy,original,,,not_applicable,not_run,provisional,mode and direction agree with static source evidence,trend_following,scalp,complex,bull,,pending_dedicated_family_manifest
Combined_NFIv7_SMA_bAdBoY_20211204,spot_long,Combined_NFIv7_SMA_bAdBoY_20211204:c74c33844b8c,D_recursive_drift,true,ineligible,recursive_bias_found,,drift_measured,true,927,queued,davidzr/freqtrade-strategies,repos/davidzr_freqtrade-strategies/strategies/Combined_NFIv7_SMA_bAdBoY_20211204/Combined_NFIv7_SMA_bAdBoY_20211204.py,5m,strategy,original,,,not_applicable,not_run,provisional,mode and direction agree with static source evidence,trend_following,scalp,complex,bull,,pending_dedicated_family_manifest
DCBBBounce,spot_long,DCBBBounce:8447c7afc409,not_scheduled,false,ineligible,recursive_bias_found,lookahead_not_completed,,true,136,baseline_excluded,davidzr/freqtrade-strategies,repos/davidzr_freqtrade-strategies/strategies/DCBBBounce/DCBBBounce.py,5m,strategy,repaired,class1,environment_compatibility,strict_equivalent,not_run,provisional,mode and direction agree with static source evidence,trend_following,scalp,moderate,bull,,pending_dedicated_family_manifest
DD,spot_long,DD:e952577e6544,B_warmup_refusal,true,ineligible,recursive_bias_found,,refused_no_warmup,true,32051,queued,davidzr/freqtrade-strategies,repos/davidzr_freqtrade-strategies/strategies/DD/DD.py,5m,strategy,original,,,not_applicable,not_run,provisional,mode and direction agree with static source evidence,mean_reversion,scalp,simple,range,,pending_dedicated_family_manifest
EMA50,spot_long,EMA50:d62465f056d7,not_scheduled,false,ineligible,recursive_bias_found,,,true,5751,baseline_excluded,davidzr/freqtrade-strategies,repos/davidzr_freqtrade-strategies/strategies/EMA50/EMA50.py,5m,strategy,repaired,class1,environment_compatibility,strict_equivalent,not_run,provisional,mode and direction agree with static source evidence,momentum,scalp,moderate,bull,,pending_dedicated_family_manifest
EMA520015_V17,spot_long,EMA520015_V17:a39c1efc229c,B_warmup_refusal,true,ineligible,recursive_bias_found,,refused_no_warmup,true,8265,queued,davidzr/freqtrade-strategies,repos/davidzr_freqtrade-strategies/strategies/EMA520015_V17/EMA520015_V17.py,4h,strategy,original,,,not_applicable,not_run,provisional,mode and direction agree with static source evidence,trend_following,swing,simple,bull,,pending_dedicated_family_manifest
EMABBRSI,spot_long,EMABBRSI:ab6bed3c354e,C_measurement_recovery,true,ineligible,canonical_implementation_not_measured,native_mode_not_runtime_validated;lookahead_not_completed;recursive_bias_not_completed,,false,,queued,davidzr/freqtrade-strategies,repos/davidzr_freqtrade-strategies/strategies/EMABBRSI/EMABBRSI.py,1h,strategy,original,,,not_applicable,not_run,provisional,mode and direction agree with static source evidence,volatility,unknown,simple,high_vol,,pending_dedicated_family_manifest
EMABreakout,spot_long,EMABreakout:73e717aa307d,not_scheduled,false,ineligible,recursive_bias_found,,,true,5734,baseline_excluded,davidzr/freqtrade-strategies,repos/davidzr_freqtrade-strategies/strategies/EMABreakout/EMABreakout.py,5m,strategy,repaired,class1,environment_compatibility,strict_equivalent,not_run,provisional,mode and direction agree with static source evidence,trend_following,scalp,moderate,bull,,pending_dedicated_family_manifest
EMA_CROSSOVER_STRATEGY,spot_long,EMA_CROSSOVER_STRATEGY:9bffbbf94144,E0_strict67,true,eligible,,,,true,26980,admitted_E0,davidzr/freqtrade-strategies,repos/davidzr_freqtrade-strategies/strategies/EMA_CROSSOVER_STRATEGY/EMA_CROSSOVER_STRATEGY.py,5m,strategy,original,,,not_applicable,not_run,provisional,mode and direction agree with static source evidence,trend_following,scalp,simple,bull,,pending_dedicated_family_manifest
EXPERIMENTAL_STRATEGY,spot_long,EXPERIMENTAL_STRATEGY:7f83965a528d,C_measurement_recovery,true,ineligible,canonical_implementation_not_measured,native_mode_not_runtime_validated;lookahead_not_completed;recursive_bias_not_completed,,false,,queued,davidzr/freqtrade-strategies,repos/davidzr_freqtrade-strategies/strategies/EXPERIMENTAL_STRATEGY/EXPERIMENTAL_STRATEGY.py,5m,strategy,original,,,not_applicable,not_run,provisional,mode and direction agree with static source evidence,trend_following,unknown,moderate,bull,,pending_dedicated_family_manifest
ElliotV2,spot_long,ElliotV2:64c0944eecd0,E0_strict67,true,eligible,,,,true,402,admitted_E0,davidzr/freqtrade-strategies,repos/davidzr_freqtrade-strategies/strategies/ElliotV2/ElliotV2.py,5m,strategy,original,,,not_applicable,not_run,provisional,mode and direction agree with static source evidence,trend_following,scalp,complex,bull,,pending_dedicated_family_manifest
ElliotV4,spot_long,ElliotV4:b11af78d4a2b,not_scheduled,false,ineligible,recursive_bias_found,lookahead_not_completed,drift_measured,true,915,baseline_excluded,davidzr/freqtrade-strategies,repos/davidzr_freqtrade-strategies/strategies/ElliotV4/ElliotV4.py,5m,strategy,original,,,not_applicable,not_run,provisional,mode and direction agree with static source evidence,trend_following,scalp,moderate,bull,,pending_dedicated_family_manifest
ElliotV531,spot_long,ElliotV531:7bd856258a14,not_scheduled,false,ineligible,recursive_bias_found,lookahead_not_completed,drift_measured,true,887,baseline_excluded,davidzr/freqtrade-strategies,repos/davidzr_freqtrade-strategies/strategies/ElliotV531/ElliotV531.py,5m,strategy,original,,,not_applicable,not_run,provisional,mode and direction agree with static source evidence,trend_following,scalp,complex,bull,,pending_dedicated_family_manifest
ElliotV5HOMod2,spot_long,ElliotV5HOMod2:0f6b92bbfdb3,not_scheduled,false,ineligible,recursive_bias_found,lookahead_not_completed,drift_measured,true,494,baseline_excluded,davidzr/freqtrade-strategies,repos/davidzr_freqtrade-strategies/strategies/ElliotV5HOMod2/ElliotV5HOMod2.py,5m,strategy,original,,,not_applicable,not_run,provisional,mode and direction agree with static source evidence,hybrid,scalp,moderate,undetermined,,pending_dedicated_family_manifest
ElliotV5HOMod3,spot_long,ElliotV5HOMod3:280786077322,not_scheduled,false,ineligible,recursive_bias_found,lookahead_not_completed,drift_measured,true,547,baseline_excluded,davidzr/freqtrade-strategies,repos/davidzr_freqtrade-strategies/strategies/ElliotV5HOMod3/ElliotV5HOMod3.py,5m,strategy,original,,,not_applicable,not_run,provisional,mode and direction agree with static source evidence,hybrid,scalp,moderate,undetermined,,pending_dedicated_family_manifest
ElliotV5HO,spot_long,ElliotV5HO:a2a43d8c7641,not_scheduled,false,ineligible,recursive_bias_found,lookahead_not_completed,drift_measured,true,810,baseline_excluded,davidzr/freqtrade-strategies,repos/davidzr_freqtrade-strategies/strategies/ElliotV5HO/ElliotV5HO.py,5m,strategy,original,,,not_applicable,not_run,provisional,mode and direction agree with static source evidence,trend_following,scalp,complex,bull,,pending_dedicated_family_manifest
ElliotV8HO,spot_long,ElliotV8HO:395bf5297e93,not_scheduled,false,ineligible,recursive_bias_found,lookahead_not_completed,drift_measured,true,386,baseline_excluded,davidzr/freqtrade-strategies,repos/davidzr_freqtrade-strategies/strategies/ElliotV8HO/ElliotV8HO.py,5m,strategy,original,,,not_applicable,not_run,provisional,mode and direction agree with static source evidence,trend_following,scalp,moderate,bull,,pending_dedicated_family_manifest
ElliotV8_original,spot_long,ElliotV8_original:28e161faff23,not_scheduled,false,ineligible,recursive_bias_found;technical_trap_found,lookahead_not_completed,drift_measured,true,596,baseline_excluded,davidzr/freqtrade-strategies,repos/davidzr_freqtrade-strategies/strategies/ElliotV8_original/ElliotV8_original.py,5m,strategy,original,,,not_applicable,not_run,provisional,mode and direction agree with static source evidence,trend_following,scalp,moderate,bull,,pending_dedicated_family_manifest
Fakebuy,spot_long,Fakebuy:5e07dd92c40c,A_pending_diagnostics,true,pending_diagnostics,,lookahead_not_completed,,true,339,queued,davidzr/freqtrade-strategies,repos/davidzr_freqtrade-strategies/strategies/Fakebuy/Fakebuy.py,5m,strategy,original,,,not_applicable,not_run,provisional,mode and direction agree with static source evidence,trend_following,scalp,simple,bull,,pending_dedicated_family_manifest
FastSupertrendOpt,spot_long,FastSupertrendOpt:9ffd3a2a9db5,C_measurement_recovery,true,ineligible,canonical_implementation_not_measured,native_mode_not_runtime_validated;lookahead_not_completed,,false,,queued,davidzr/freqtrade-strategies,repos/davidzr_freqtrade-strategies/strategies/FastSupertrendOpt/FastSupertrendOpt.py,1h,strategy,original,,,not_applicable,not_run,provisional,mode and direction agree with static source evidence,trend_following,intraday,simple,bull,,pending_dedicated_family_manifest
FastSupertrend,spot_long,FastSupertrend:e8d6b99f6efa,C_measurement_recovery,true,ineligible,canonical_implementation_not_measured,native_mode_not_runtime_validated;lookahead_not_completed,,false,,queued,davidzr/freqtrade-strategies,repos/davidzr_freqtrade-strategies/strategies/FastSupertrend/FastSupertrend.py,1h,strategy,original,,,not_applicable,not_run,provisional,mode and direction agree with static source evidence,trend_following,intraday,simple,bull,,pending_dedicated_family_manifest
ForexSignal,spot_long,ForexSignal:9af1e2be0a36,E0_strict67,true,eligible,,,,true,26316,admitted_E0,davidzr/freqtrade-strategies,repos/davidzr_freqtrade-strategies/strategies/ForexSignal/ForexSignal.py,5m,strategy,original,,,not_applicable,not_run,provisional,mode and direction agree with static source evidence,trend_following,scalp,simple,bull,,pending_dedicated_family_manifest
FrostAuraRandomStrategy,spot_long,FrostAuraRandomStrategy:648e837f4bd1,not_scheduled,false,ineligible,lookahead_found;recursive_bias_found,,drift_measured,true,5821,baseline_excluded,davidzr/freqtrade-strategies,repos/davidzr_freqtrade-strategies/strategies/FrostAuraRandomStrategy/FrostAuraRandomStrategy.py,1h,strategy,original,,,not_applicable,not_run,provisional,mode and direction agree with static source evidence,unclear,intraday,simple,undetermined,,pending_dedicated_family_manifest
GodCard,spot_long,GodCard:e06d7d46985c,B_warmup_refusal,true,ineligible,recursive_bias_found,,refused_no_warmup,true,476,queued,davidzr/freqtrade-strategies,repos/davidzr_freqtrade-strategies/strategies/GodCard/GodCard.py,5m,strategy,original,,,not_applicable,not_run,provisional,mode and direction agree with static source evidence,volatility,scalp,moderate,high_vol,,pending_dedicated_family_manifest
Guacamole,spot_long,Guacamole:c81793986db6,not_scheduled,false,ineligible,canonical_implementation_not_measured;recursive_bias_found,native_mode_not_runtime_validated;lookahead_not_completed,drift_measured,false,,baseline_excluded,davidzr/freqtrade-strategies,repos/davidzr_freqtrade-strategies/strategies/Guacamole/Guacamole.py,5m,strategy,original,,,not_applicable,not_run,provisional,mode and direction agree with static source evidence,trend_following,scalp,simple,bull,,pending_dedicated_family_manifest
Hacklemore2,spot_long,Hacklemore2:c3c19a00ec0c,not_scheduled,false,ineligible,recursive_bias_found,lookahead_not_completed,refused_no_warmup,true,643,baseline_excluded,davidzr/freqtrade-strategies,repos/davidzr_freqtrade-strategies/strategies/Hacklemore2/Hacklemore2.py,15m,strategy,repaired,class1,environment_compatibility,strict_equivalent,not_run,provisional,mode and direction agree with static source evidence,trend_following,intraday,simple,bull,,pending_dedicated_family_manifest
Hacklemore3,spot_long,Hacklemore3:212cb5019466,not_scheduled,false,ineligible,recursive_bias_found,lookahead_not_completed,refused_no_warmup,true,34,baseline_excluded,davidzr/freqtrade-strategies,repos/davidzr_freqtrade-strategies/strategies/Hacklemore3/Hacklemore3.py,5m,strategy,repaired,class1,environment_compatibility,strict_equivalent,not_run,provisional,mode and direction agree with static source evidence,trend_following,scalp,simple,bull,,pending_dedicated_family_manifest
INSIDEUP,spot_long,INSIDEUP:2dabf714aff9,not_scheduled,false,ineligible,recursive_bias_found,lookahead_not_completed,refused_no_warmup,true,554,baseline_excluded,davidzr/freqtrade-strategies,repos/davidzr_freqtrade-strategies/strategies/INSIDEUP/INSIDEUP.py,1d,strategy,original,,,not_applicable,not_run,provisional,mode and direction agree with static source evidence,hybrid,position,simple,undetermined,,pending_dedicated_family_manifest
KC_BB,spot_long,KC_BB:0b4818db5d7a,B_warmup_refusal,true,ineligible,recursive_bias_found,,refused_no_warmup,true,695,queued,davidzr/freqtrade-strategies,repos/davidzr_freqtrade-strategies/strategies/KC_BB/KC_BB.py,5m,strategy,original,,,not_applicable,not_run,provisional,mode and direction agree with static source evidence,volatility,scalp,simple,high_vol,,pending_dedicated_family_manifest
Kamaflage,spot_long,Kamaflage:7bbb3db17a36,not_scheduled,false,ineligible,canonical_implementation_not_measured;recursive_bias_found,native_mode_not_runtime_validated;lookahead_not_completed,drift_measured,false,,baseline_excluded,davidzr/freqtrade-strategies,repos/davidzr_freqtrade-strategies/strategies/Kamaflage/Kamaflage.py,5m,strategy,original,,,not_applicable,not_run,provisional,mode and direction agree with static source evidence,trend_following,scalp,simple,bull,,pending_dedicated_family_manifest
Leveraged,spot_long,Leveraged:3f9091652d01,not_scheduled,false,ineligible,lookahead_found;recursive_bias_found,,refused_no_warmup,true,29825,baseline_excluded,davidzr/freqtrade-strategies,repos/davidzr_freqtrade-strategies/strategies/Leveraged/Leveraged.py,5m,strategy,original,,,not_applicable,not_run,provisional,mode and direction agree with static source evidence,volatility,scalp,simple,high_vol,,pending_dedicated_family_manifest
LookaheadStrategy,spot_long,LookaheadStrategy:a34df9abb5ef,not_scheduled,false,ineligible,lookahead_found;recursive_bias_found,,refused_no_warmup,true,3624,baseline_excluded,davidzr/freqtrade-strategies,repos/davidzr_freqtrade-strategies/strategies/LookaheadStrategy/LookaheadStrategy.py,5m,strategy,original,,,not_applicable,not_run,provisional,mode and direction agree with static source evidence,trend_following,scalp,simple,bull,,pending_dedicated_family_manifest
Maro4hMacdSd,spot_long,Maro4hMacdSd:114c6ed905e4,B_warmup_refusal,true,ineligible,recursive_bias_found,,refused_no_warmup,true,30492,queued,davidzr/freqtrade-strategies,repos/davidzr_freqtrade-strategies/strategies/Maro4hMacdSd/Maro4hMacdSd.py,5m,strategy,original,,,not_applicable,not_run,provisional,mode and direction agree with static source evidence,momentum,scalp,simple,bull,,pending_dedicated_family_manifest
MomStrategy,spot_long,MomStrategy:2da571c15eac,B_warmup_refusal,true,ineligible,recursive_bias_found,,refused_no_warmup,true,21607,queued,davidzr/freqtrade-strategies,repos/davidzr_freqtrade-strategies/strategies/MomStrategy/MomStrategy.py,1h,strategy,original,,,not_applicable,not_run,provisional,mode and direction agree with static source evidence,trend_following,intraday,simple,bull,,pending_dedicated_family_manifest
Momentumv2,spot_long,Momentumv2:4dc364758715,D_recursive_drift,true,ineligible,recursive_bias_found,,drift_measured,true,2263,queued,davidzr/freqtrade-strategies,repos/davidzr_freqtrade-strategies/strategies/Momentumv2/Momentumv2.py,4h,strategy,original,,,not_applicable,not_run,provisional,mode and direction agree with static source evidence,momentum,swing,simple,bull,,pending_dedicated_family_manifest
MostOfAll,spot_long,MostOfAll:97ce2cc284d8,C_measurement_recovery,true,ineligible,canonical_implementation_not_measured,native_mode_not_runtime_validated;lookahead_not_completed,,false,,queued,davidzr/freqtrade-strategies,repos/davidzr_freqtrade-strategies/strategies/MostOfAll/MostOfAll.py,5m,strategy,original,,,not_applicable,not_run,provisional,mode and direction agree with static source evidence,trend_following,scalp,simple,bull,,pending_dedicated_family_manifest
MultiMA_TSL3_Mod,spot_long,MultiMA_TSL3_Mod:cea14adc1afc,C_measurement_recovery,true,ineligible,canonical_implementation_not_measured,native_mode_not_runtime_validated;lookahead_not_completed;recursive_bias_not_completed,,false,,queued,davidzr/freqtrade-strategies,repair/patched/repos/davidzr_freqtrade-strategies/strategies/MultiMA_TSL3_Mod/MultiMA_TSL3_Mod.py,5m,strategy,repaired,class2,dead_np_where_dtype,strict_equivalent,not_run,provisional,mode and direction agree with static source evidence,trend_following,scalp,complex,bull,,pending_dedicated_family_manifest
NASOSv5_mod1_DanMod,spot_long,NASOSv5_mod1_DanMod:152ff41e17f9,not_scheduled,false,ineligible,recursive_bias_found;technical_trap_found,lookahead_not_completed,drift_measured,true,396,baseline_excluded,davidzr/freqtrade-strategies,repos/davidzr_freqtrade-strategies/strategies/NASOSv5_mod1_DanMod/NASOSv5_mod1_DanMod.py,5m,strategy,original,,,not_applicable,not_run,provisional,mode and direction agree with static source evidence,trend_following,scalp,moderate,bull,,pending_dedicated_family_manifest
NFI47V2,spot_long,NFI47V2:cdc5771d7460,D_recursive_drift,true,ineligible,recursive_bias_found,,drift_measured,true,524,queued,davidzr/freqtrade-strategies,repos/davidzr_freqtrade-strategies/strategies/NFI47V2/NFI47V2.py,5m,strategy,original,,,not_applicable,not_run,provisional,mode and direction agree with static source evidence,trend_following,scalp,complex,bull,,pending_dedicated_family_manifest
NFI5MOHO2,spot_long,NFI5MOHO2:977cb72948c8,D_recursive_drift,true,ineligible,recursive_bias_found,,drift_measured,true,1436,queued,davidzr/freqtrade-strategies,repos/davidzr_freqtrade-strategies/strategies/NFI5MOHO2/NFI5MOHO2.py,5m,strategy,original,,,not_applicable,not_run,provisional,mode and direction agree with static source evidence,volatility,scalp,moderate,high_vol,,pending_dedicated_family_manifest
NFI5MOHO_WIP_1,spot_long,NFI5MOHO_WIP_1:6244afe97ccb,D_recursive_drift,true,ineligible,recursive_bias_found,,drift_measured,true,976,queued,davidzr/freqtrade-strategies,repos/davidzr_freqtrade-strategies/strategies/NFI5MOHO_WIP_1/NFI5MOHO_WIP_1.py,5m,strategy,original,,,not_applicable,not_run,provisional,mode and direction agree with static source evidence,volatility,scalp,moderate,high_vol,,pending_dedicated_family_manifest
NFI5MOHO_WIP_2,spot_long,NFI5MOHO_WIP_2:002b036116e7,D_recursive_drift,true,ineligible,recursive_bias_found,,drift_measured,true,988,queued,davidzr/freqtrade-strategies,repos/davidzr_freqtrade-strategies/strategies/NFI5MOHO_WIP_2/NFI5MOHO_WIP_2.py,5m,strategy,original,,,not_applicable,not_run,provisional,mode and direction agree with static source evidence,volatility,scalp,moderate,high_vol,,pending_dedicated_family_manifest
NFI7MOHO,spot_long,NFI7MOHO:fd4b8fbca942,D_recursive_drift,true,ineligible,recursive_bias_found,,drift_measured,true,1966,queued,davidzr/freqtrade-strategies,repos/davidzr_freqtrade-strategies/strategies/NFI7MOHO/NFI7MOHO.py,5m,strategy,original,,,not_applicable,not_run,provisional,mode and direction agree with static source evidence,trend_following,scalp,complex,bull,,pending_dedicated_family_manifest
NFINextMOHO2,spot_long,NFINextMOHO2:7aef4cd632c1,D_recursive_drift,true,ineligible,recursive_bias_found,,drift_measured,true,1784,queued,davidzr/freqtrade-strategies,repos/davidzr_freqtrade-strategies/strategies/NFINextMOHO2/NFINextMOHO2.py,5m,strategy,original,,,not_applicable,not_run,provisional,mode and direction agree with static source evidence,trend_following,scalp,complex,bull,,pending_dedicated_family_manifest
NFINextMOHO,spot_long,NFINextMOHO:27d42963533f,D_recursive_drift,true,ineligible,recursive_bias_found,,drift_measured,true,1442,queued,davidzr/freqtrade-strategies,repos/davidzr_freqtrade-strategies/strategies/NFINextMOHO/NFINextMOHO.py,5m,strategy,original,,,not_applicable,not_run,provisional,mode and direction agree with static source evidence,trend_following,scalp,complex,bull,,pending_dedicated_family_manifest
NFINextMultiOffsetAndHO2,spot_long,NFINextMultiOffsetAndHO2:dad3ad3a80f1,D_recursive_drift,true,ineligible,recursive_bias_found,,drift_measured,true,705,queued,davidzr/freqtrade-strategies,repos/davidzr_freqtrade-strategies/strategies/NFINextMultiOffsetAndHO2/NFINextMultiOffsetAndHO2.py,5m,strategy,original,,,not_applicable,not_run,provisional,mode and direction agree with static source evidence,trend_following,scalp,complex,bull,,pending_dedicated_family_manifest
NFINextMultiOffsetAndHO,spot_long,NFINextMultiOffsetAndHO:269d71651c46,D_recursive_drift,true,ineligible,recursive_bias_found,,drift_measured,true,1094,queued,davidzr/freqtrade-strategies,repos/davidzr_freqtrade-strategies/strategies/NFINextMultiOffsetAndHO/NFINextMultiOffsetAndHO.py,5m,strategy,original,,,not_applicable,not_run,provisional,mode and direction agree with static source evidence,trend_following,scalp,complex,bull,,pending_dedicated_family_manifest
NFIX_BB_RPB_c7c477d_20211030,spot_long,NFIX_BB_RPB_c7c477d_20211030:c2abd82c15f6,C_measurement_recovery,true,ineligible,canonical_implementation_not_measured,native_mode_not_runtime_validated;lookahead_not_completed;recursive_bias_not_completed,,false,,queued,davidzr/freqtrade-strategies,repair/patched/repos/davidzr_freqtrade-strategies/strategies/NFIX_BB_RPB_c7c477d_20211030/NFIX_BB_RPB_c7c477d_20211030.py,5m,strategy,repaired,class2,dead_np_where_dtype,strict_equivalent,not_run,provisional,mode and direction agree with static source evidence,trend_following,scalp,complex,bull,,pending_dedicated_family_manifest
NormalizerStrategy,spot_long,NormalizerStrategy:e5a31fd028be,D_recursive_drift,true,ineligible,recursive_bias_found,,drift_measured,true,3747,queued,davidzr/freqtrade-strategies,repos/davidzr_freqtrade-strategies/strategies/NormalizerStrategy/NormalizerStrategy.py,1h,strategy,original,,,not_applicable,not_run,provisional,mode and direction agree with static source evidence,unclear,intraday,simple,undetermined,,pending_dedicated_family_manifest
NostalgiaForInfinityNextGen_TSL,spot_long,NostalgiaForInfinityNextGen_TSL:1bcc3ea2ffe9,not_scheduled,false,ineligible,recursive_bias_found,lookahead_not_completed,drift_measured,true,138,baseline_excluded,davidzr/freqtrade-strategies,repos/davidzr_freqtrade-strategies/strategies/NostalgiaForInfinityNextGen_TSL/NostalgiaForInfinityNextGen_TSL.py,15m,strategy,original,,,not_applicable,not_run,provisional,mode and direction agree with static source evidence,volatility,intraday,complex,high_vol,,pending_dedicated_family_manifest
NostalgiaForInfinityNext_maximizer,spot_long,NostalgiaForInfinityNext_maximizer:2180a9341573,C_measurement_recovery,true,ineligible,canonical_implementation_not_measured,native_mode_not_runtime_validated;lookahead_not_completed;recursive_bias_not_completed,,false,,queued,davidzr/freqtrade-strategies,repair/patched/repos/davidzr_freqtrade-strategies/strategies/NostalgiaForInfinityNext_maximizer/NostalgiaForInfinityNext_maximizer.py,5m,strategy,repaired,class2,dead_np_where_dtype,strict_equivalent,not_run,provisional,mode and direction agree with static source evidence,trend_following,scalp,complex,bull,,pending_dedicated_family_manifest
NostalgiaForInfinityV6HO,spot_long,NostalgiaForInfinityV6HO:3d156f518f82,D_recursive_drift,true,ineligible,recursive_bias_found,,drift_measured,true,712,queued,davidzr/freqtrade-strategies,repos/davidzr_freqtrade-strategies/strategies/NostalgiaForInfinityV6HO/NostalgiaForInfinityV6HO.py,5m,strategy,original,,,not_applicable,not_run,provisional,mode and direction agree with static source evidence,volatility,scalp,complex,high_vol,,pending_dedicated_family_manifest
NostalgiaForInfinityV7_7_2,spot_long,NostalgiaForInfinityV7_7_2:781282e40e4f,C_measurement_recovery,true,ineligible,canonical_implementation_not_measured,native_mode_not_runtime_validated;lookahead_not_completed;recursive_bias_not_completed,,false,,queued,davidzr/freqtrade-strategies,repair/patched/repos/davidzr_freqtrade-strategies/strategies/NostalgiaForInfinityV7_7_2/NostalgiaForInfinityV7_7_2.py,5m,strategy,repaired,class2,dead_np_where_dtype,strict_equivalent,not_run,provisional,mode and direction agree with static source evidence,trend_following,scalp,complex,bull,,pending_dedicated_family_manifest
NotAnotherSMAOffsetStrategyModHO_LamineDz_20210901,spot_long,NotAnotherSMAOffsetStrategyModHO_LamineDz_20210901:f2afff904645,not_scheduled,false,ineligible,recursive_bias_found,lookahead_not_completed,drift_measured,true,1143,baseline_excluded,davidzr/freqtrade-strategies,repos/davidzr_freqtrade-strategies/strategies/NotAnotherSMAOffsetStrategyModHO_LamineDz_20210901/NotAnotherSMAOffsetStrategyModHO_LamineDz_20210901.py,5m,strategy,original,,,not_applicable,not_run,provisional,mode and direction agree with static source evidence,trend_following,scalp,moderate,bull,,pending_dedicated_family_manifest
ONUR,spot_long,ONUR:9f8513da455c,B_warmup_refusal,true,ineligible,recursive_bias_found,,refused_no_warmup,true,534,queued,davidzr/freqtrade-strategies,repos/davidzr_freqtrade-strategies/strategies/ONUR/ONUR.py,15m,strategy,original,,,not_applicable,not_run,provisional,mode and direction agree with static source evidence,mean_reversion,intraday,simple,range,,pending_dedicated_family_manifest
PumpDetector,spot_long,PumpDetector:ff86bb0709fa,D_recursive_drift,true,ineligible,recursive_bias_found,,drift_measured,true,32258,queued,davidzr/freqtrade-strategies,repos/davidzr_freqtrade-strategies/strategies/PumpDetector/PumpDetector.py,5m,strategy,original,,,not_applicable,not_run,provisional,mode and direction agree with static source evidence,trend_following,scalp,simple,bull,,pending_dedicated_family_manifest
RSIBB02,spot_long,RSIBB02:e5b7372b0519,C_measurement_recovery,true,ineligible,canonical_implementation_not_measured,native_mode_not_runtime_validated;lookahead_not_completed;recursive_bias_not_completed,,false,,queued,davidzr/freqtrade-strategies,repos/davidzr_freqtrade-strategies/strategies/RSIBB02/RSIBB02.py,1h,strategy,original,,,not_applicable,not_run,provisional,mode and direction agree with static source evidence,mean_reversion,unknown,simple,range,,pending_dedicated_family_manifest
RSI,spot_long,RSI:acb5e51ca698,B_warmup_refusal,true,ineligible,recursive_bias_found,,refused_no_warmup,true,400,queued,davidzr/freqtrade-strategies,repos/davidzr_freqtrade-strategies/strategies/RSI/RSI.py,15m,strategy,original,,,not_applicable,not_run,provisional,mode and direction agree with static source evidence,mean_reversion,intraday,simple,range,,pending_dedicated_family_manifest
RSIv2,spot_long,RSIv2:8a08859d9d70,D_recursive_drift,true,ineligible,recursive_bias_found,,drift_measured,true,5908,queued,davidzr/freqtrade-strategies,repos/davidzr_freqtrade-strategies/strategies/RSIv2/RSIv2.py,15m,strategy,original,,,not_applicable,not_run,provisional,mode and direction agree with static source evidence,mean_reversion,intraday,simple,range,,pending_dedicated_family_manifest
RobotradingBody,spot_long,RobotradingBody:57f764a2dd25,E0_strict67,true,eligible,,,,true,2895,admitted_E0,davidzr/freqtrade-strategies,repos/davidzr_freqtrade-strategies/strategies/RobotradingBody/RobotradingBody.py,4h,strategy,original,,,not_applicable,not_run,provisional,mode and direction agree with static source evidence,trend_following,swing,simple,bull,,pending_dedicated_family_manifest
Roth01,spot_long,Roth01:b1564ed8157d,B_warmup_refusal,true,ineligible,recursive_bias_found,,refused_no_warmup,true,12346,queued,davidzr/freqtrade-strategies,repos/davidzr_freqtrade-strategies/strategies/Roth01/Roth01.py,5m,strategy,original,,,not_applicable,not_run,provisional,mode and direction agree with static source evidence,mean_reversion,scalp,simple,range,,pending_dedicated_family_manifest
Roth03,spot_long,Roth03:8b36f446c9d8,B_warmup_refusal,true,ineligible,recursive_bias_found,,refused_no_warmup,true,3509,queued,davidzr/freqtrade-strategies,repos/davidzr_freqtrade-strategies/strategies/Roth03/Roth03.py,5m,strategy,original,,,not_applicable,not_run,provisional,mode and direction agree with static source evidence,mean_reversion,scalp,simple,range,,pending_dedicated_family_manifest
SMAIP3,spot_long,SMAIP3:34e0c7bf0672,E0_strict67,true,eligible,,,,true,364,admitted_E0,davidzr/freqtrade-strategies,repos/davidzr_freqtrade-strategies/strategies/SMAIP3/SMAIP3.py,5m,strategy,original,,,not_applicable,not_run,provisional,mode and direction agree with static source evidence,trend_following,scalp,simple,bull,,pending_dedicated_family_manifest
SMAOffsetProtectOptV1Mod,spot_long,SMAOffsetProtectOptV1Mod:f874a4f36d92,not_scheduled,false,ineligible,recursive_bias_found,lookahead_not_completed,drift_measured,true,202,baseline_excluded,davidzr/freqtrade-strategies,repos/davidzr_freqtrade-strategies/strategies/SMAOffsetProtectOptV1Mod/SMAOffsetProtectOptV1Mod.py,5m,strategy,original,,,not_applicable,not_run,provisional,mode and direction agree with static source evidence,hybrid,scalp,moderate,undetermined,,pending_dedicated_family_manifest
SMAOffsetProtectOptV1_kkeue_20210619,spot_long,SMAOffsetProtectOptV1_kkeue_20210619:c249346c21dc,not_scheduled,false,ineligible,recursive_bias_found,lookahead_not_completed,drift_measured,true,206,baseline_excluded,davidzr/freqtrade-strategies,repos/davidzr_freqtrade-strategies/strategies/SMAOffsetProtectOptV1_kkeue_20210619/SMAOffsetProtectOptV1_kkeue_20210619.py,5m,strategy,original,,,not_applicable,not_run,provisional,mode and direction agree with static source evidence,hybrid,scalp,moderate,undetermined,,pending_dedicated_family_manifest
SMAOffsetProtectOpt,spot_long,SMAOffsetProtectOpt:39e47477b078,not_scheduled,false,ineligible,recursive_bias_found,lookahead_not_completed,drift_measured,true,181,baseline_excluded,davidzr/freqtrade-strategies,repos/davidzr_freqtrade-strategies/strategies/SMAOffsetProtectOpt/SMAOffsetProtectOpt.py,5m,strategy,original,,,not_applicable,not_run,provisional,mode and direction agree with static source evidence,hybrid,scalp,moderate,undetermined,,pending_dedicated_family_manifest
SMA_BBRSI,spot_long,SMA_BBRSI:2672e5c4c247,not_scheduled,false,ineligible,recursive_bias_found,lookahead_not_completed,drift_measured,true,706,baseline_excluded,davidzr/freqtrade-strategies,repos/davidzr_freqtrade-strategies/strategies/SMA_BBRSI/SMA_BBRSI.py,5m,strategy,original,,,not_applicable,not_run,provisional,mode and direction agree with static source evidence,trend_following,scalp,moderate,bull,,pending_dedicated_family_manifest
SRsi,spot_long,SRsi:adafe4db147a,D_recursive_drift,true,ineligible,recursive_bias_found,,drift_measured,true,23768,queued,davidzr/freqtrade-strategies,repos/davidzr_freqtrade-strategies/strategies/SRsi/SRsi.py,1m,strategy,original,,,not_applicable,not_run,provisional,mode and direction agree with static source evidence,mean_reversion,scalp,simple,range,,pending_dedicated_family_manifest
STRATEGY_RSI_BB_BOUNDS_CROSS,spot_long,STRATEGY_RSI_BB_BOUNDS_CROSS:a0e27aab4db9,D_recursive_drift,true,ineligible,recursive_bias_found,,drift_measured,true,7197,queued,davidzr/freqtrade-strategies,repos/davidzr_freqtrade-strategies/strategies/STRATEGY_RSI_BB_BOUNDS_CROSS/STRATEGY_RSI_BB_BOUNDS_CROSS.py,5m,strategy,original,,,not_applicable,not_run,provisional,mode and direction agree with static source evidence,volatility,scalp,simple,high_vol,,pending_dedicated_family_manifest
STRATEGY_RSI_BB_CROSS,spot_long,STRATEGY_RSI_BB_CROSS:cdde6f565854,D_recursive_drift,true,ineligible,recursive_bias_found,,drift_measured,true,16827,queued,davidzr/freqtrade-strategies,repos/davidzr_freqtrade-strategies/strategies/STRATEGY_RSI_BB_CROSS/STRATEGY_RSI_BB_CROSS.py,5m,strategy,original,,,not_applicable,not_run,provisional,mode and direction agree with static source evidence,mean_reversion,scalp,simple,range,,pending_dedicated_family_manifest
SlowPotato,spot_long,SlowPotato:fc15e7ac4e79,B_warmup_refusal,true,ineligible,recursive_bias_found,,refused_no_warmup,true,638,queued,davidzr/freqtrade-strategies,repos/davidzr_freqtrade-strategies/strategies/SlowPotato/SlowPotato.py,5m,strategy,repaired,class1,environment_compatibility,strict_equivalent,not_run,provisional,mode and direction agree with static source evidence,unclear,scalp,simple,undetermined,,pending_dedicated_family_manifest
Stavix2,spot_long,Stavix2:64547b0d8bbb,C_measurement_recovery,true,ineligible,canonical_implementation_not_measured,native_mode_not_runtime_validated;lookahead_not_completed;recursive_bias_not_completed,,false,,queued,davidzr/freqtrade-strategies,repos/davidzr_freqtrade-strategies/strategies/Stavix2/Stavix2.py,1m,strategy,original,,,not_applicable,not_run,provisional,mode and direction agree with static source evidence,trend_following,unknown,simple,bull,,pending_dedicated_family_manifest
Strategy001_custom_sell,spot_long,Strategy001_custom_sell:a826f21cc567,B_warmup_refusal,true,ineligible,recursive_bias_found,,refused_no_warmup,true,17710,queued,davidzr/freqtrade-strategies,repos/davidzr_freqtrade-strategies/strategies/Strategy001_custom_sell/Strategy001_custom_sell.py,5m,strategy,original,,,not_applicable,not_run,provisional,mode and direction agree with static source evidence,hybrid,scalp,simple,undetermined,,pending_dedicated_family_manifest
StrategyScalpingFast2,spot_long,StrategyScalpingFast2:2db927e231f9,B_warmup_refusal,true,ineligible,recursive_bias_found,,refused_no_warmup,true,1468,queued,davidzr/freqtrade-strategies,repos/davidzr_freqtrade-strategies/strategies/StrategyScalpingFast2/StrategyScalpingFast2.py,1m,strategy,repaired,class1,environment_compatibility,strict_equivalent,not_run,provisional,mode and direction agree with static source evidence,mean_reversion,scalp,simple,range,,pending_dedicated_family_manifest
StrategyScalpingFast,spot_long,StrategyScalpingFast:9cedf6bf96ca,D_recursive_drift,true,ineligible,recursive_bias_found,,drift_measured,true,4830,queued,davidzr/freqtrade-strategies,repos/davidzr_freqtrade-strategies/strategies/StrategyScalpingFast/StrategyScalpingFast.py,1m,strategy,original,,,not_applicable,not_run,provisional,mode and direction agree with static source evidence,mean_reversion,scalp,simple,range,,pending_dedicated_family_manifest
TemaMaster3,spot_long,TemaMaster3:1381bf162ddf,B_warmup_refusal,true,ineligible,recursive_bias_found,,refused_no_warmup,true,6058,queued,davidzr/freqtrade-strategies,repos/davidzr_freqtrade-strategies/strategies/TemaMaster3/TemaMaster3.py,1m,strategy,original,,,not_applicable,not_run,provisional,mode and direction agree with static source evidence,volatility,scalp,simple,high_vol,,pending_dedicated_family_manifest
TemaMaster,spot_long,TemaMaster:14b43e368f1f,B_warmup_refusal,true,ineligible,recursive_bias_found,,refused_no_warmup,true,6494,queued,davidzr/freqtrade-strategies,repos/davidzr_freqtrade-strategies/strategies/TemaMaster/TemaMaster.py,5m,strategy,original,,,not_applicable,not_run,provisional,mode and direction agree with static source evidence,volatility,scalp,simple,high_vol,,pending_dedicated_family_manifest
TemaPureNeat,spot_long,TemaPureNeat:c76e6d10166b,B_warmup_refusal,true,ineligible,recursive_bias_found,,refused_no_warmup,true,12402,queued,davidzr/freqtrade-strategies,repos/davidzr_freqtrade-strategies/strategies/TemaPureNeat/TemaPureNeat.py,5m,strategy,original,,,not_applicable,not_run,provisional,mode and direction agree with static source evidence,breakout,scalp,simple,transition+high_vol,,pending_dedicated_family_manifest
TemaPureTwo,spot_long,TemaPureTwo:ba20c955f30b,B_warmup_refusal,true,ineligible,recursive_bias_found,,refused_no_warmup,true,12383,queued,davidzr/freqtrade-strategies,repos/davidzr_freqtrade-strategies/strategies/TemaPureTwo/TemaPureTwo.py,5m,strategy,original,,,not_applicable,not_run,provisional,mode and direction agree with static source evidence,volatility,scalp,simple,high_vol,,pending_dedicated_family_manifest
TemaPure,spot_long,TemaPure:266bf1f3434c,B_warmup_refusal,true,ineligible,recursive_bias_found,,refused_no_warmup,true,9651,queued,davidzr/freqtrade-strategies,repos/davidzr_freqtrade-strategies/strategies/TemaPure/TemaPure.py,5m,strategy,original,,,not_applicable,not_run,provisional,mode and direction agree with static source evidence,breakout,scalp,simple,transition+high_vol,,pending_dedicated_family_manifest
TenderEnter,spot_long,TenderEnter:bca514ac405a,E0_strict67,true,eligible,,,,true,4027,admitted_E0,davidzr/freqtrade-strategies,repos/davidzr_freqtrade-strategies/strategies/TenderEnter/TenderEnter.py,15m,strategy,original,,,not_applicable,not_run,provisional,mode and direction agree with static source evidence,unclear,intraday,moderate,undetermined,,pending_dedicated_family_manifest
Trend_Strength_Directional,spot_long,Trend_Strength_Directional:cc01382c7410,B_warmup_refusal,true,ineligible,recursive_bias_found,,refused_no_warmup,true,7684,queued,davidzr/freqtrade-strategies,repos/davidzr_freqtrade-strategies/strategies/Trend_Strength_Directional/Trend_Strength_Directional.py,15m,strategy,original,,,not_applicable,not_run,provisional,mode and direction agree with static source evidence,trend_following,intraday,simple,bull,,pending_dedicated_family_manifest
adaptive,spot_long,adaptive:1ca98646e843,not_scheduled,false,ineligible,recursive_bias_found,lookahead_not_completed,refused_no_warmup,true,647,baseline_excluded,davidzr/freqtrade-strategies,repos/davidzr_freqtrade-strategies/strategies/adaptive/adaptive.py,5m,strategy,original,,,not_applicable,not_run,provisional,mode and direction agree with static source evidence,hybrid,scalp,simple,undetermined,,pending_dedicated_family_manifest
adx_opt_strat,spot_long,adx_opt_strat:d6314b2a21f2,C_measurement_recovery,true,ineligible,canonical_implementation_not_measured,native_mode_not_runtime_validated;lookahead_not_completed;recursive_bias_not_completed,,false,,queued,davidzr/freqtrade-strategies,repos/davidzr_freqtrade-strategies/strategies/adx_opt_strat/adx_opt_strat.py,1m,strategy,original,,,not_applicable,not_run,provisional,mode and direction agree with static source evidence,trend_following,unknown,simple,bull,,pending_dedicated_family_manifest
adxbbrsi2,spot_long,adxbbrsi2:6b17c4265c1d,D_recursive_drift,true,ineligible,recursive_bias_found,,drift_measured,true,741,queued,davidzr/freqtrade-strategies,repos/davidzr_freqtrade-strategies/strategies/adxbbrsi2/adxbbrsi2.py,1h,strategy,original,,,not_applicable,not_run,provisional,mode and direction agree with static source evidence,mean_reversion,intraday,simple,range,,pending_dedicated_family_manifest
bb_rsi_opt_new,spot_long,bb_rsi_opt_new:852bf38b0b9b,C_measurement_recovery,true,ineligible,canonical_implementation_not_measured,native_mode_not_runtime_validated;lookahead_not_completed;recursive_bias_not_completed,,false,,queued,davidzr/freqtrade-strategies,repos/davidzr_freqtrade-strategies/strategies/bb_rsi_opt_new/bb_rsi_opt_new.py,1h,strategy,original,,,not_applicable,not_run,provisional,mode and direction agree with static source evidence,mean_reversion,unknown,simple,range,,pending_dedicated_family_manifest
bbema,spot_long,bbema:c9544b955ad0,C_measurement_recovery,true,ineligible,canonical_implementation_not_measured,native_mode_not_runtime_validated;lookahead_not_completed;recursive_bias_not_completed,,false,,queued,davidzr/freqtrade-strategies,repos/davidzr_freqtrade-strategies/strategies/bbema/bbema.py,1h,strategy,original,,,not_applicable,not_run,provisional,mode and direction agree with static source evidence,trend_following,unknown,simple,bull,,pending_dedicated_family_manifest
bbrsi1_strategy,spot_long,bbrsi1_strategy:f3811f9c3f5f,C_measurement_recovery,true,ineligible,canonical_implementation_not_measured,native_mode_not_runtime_validated;lookahead_not_completed;recursive_bias_not_completed,,false,,queued,davidzr/freqtrade-strategies,repos/davidzr_freqtrade-strategies/strategies/bbrsi1_strategy/bbrsi1_strategy.py,5m,strategy,original,,,not_applicable,not_run,provisional,mode and direction agree with static source evidence,mean_reversion,scalp,moderate,range,,pending_dedicated_family_manifest
bbrsi4Freq,spot_long,bbrsi4Freq:1e06a3973825,D_recursive_drift,true,ineligible,recursive_bias_found,,drift_measured,true,4791,queued,davidzr/freqtrade-strategies,repos/davidzr_freqtrade-strategies/strategies/bbrsi4Freq/bbrsi4Freq.py,1h,strategy,original,,,not_applicable,not_run,provisional,mode and direction agree with static source evidence,mean_reversion,intraday,simple,range,,pending_dedicated_family_manifest
bestV2,spot_long,bestV2:3ae96b72ac7a,E0_strict67,true,eligible,,,,true,345,admitted_E0,davidzr/freqtrade-strategies,repos/davidzr_freqtrade-strategies/strategies/bestV2/bestV2.py,5m,strategy,original,,,not_applicable,not_run,provisional,mode and direction agree with static source evidence,volatility,scalp,moderate,high_vol,,pending_dedicated_family_manifest
botbaby,spot_long,botbaby:bbcb0677274e,E0_strict67,true,eligible,,,,true,12338,admitted_E0,davidzr/freqtrade-strategies,repos/davidzr_freqtrade-strategies/strategies/botbaby/botbaby.py,30m,strategy,original,,,not_applicable,not_run,provisional,mode and direction agree with static source evidence,trend_following,intraday,simple,bull,,pending_dedicated_family_manifest
conny,spot_long,conny:a9c7ea0fbb6c,D_recursive_drift,true,ineligible,recursive_bias_found,,drift_measured,true,5825,queued,davidzr/freqtrade-strategies,repos/davidzr_freqtrade-strategies/strategies/conny/conny.py,15m,strategy,original,,,not_applicable,not_run,provisional,mode and direction agree with static source evidence,unclear,intraday,simple,undetermined,,pending_dedicated_family_manifest
cryptohassle,spot_long,cryptohassle:217abd28aa5b,C_measurement_recovery,true,ineligible,canonical_implementation_not_measured,native_mode_not_runtime_validated;lookahead_not_completed;recursive_bias_not_completed,,false,,queued,davidzr/freqtrade-strategies,repos/davidzr_freqtrade-strategies/strategies/cryptohassle/cryptohassle.py,1h,strategy,original,,,not_applicable,not_run,provisional,mode and direction agree with static source evidence,momentum,unknown,simple,bull,,pending_dedicated_family_manifest
custom,spot_long,custom:3db98103885d,not_scheduled,false,ineligible,recursive_bias_found,lookahead_not_completed,drift_measured,true,20,baseline_excluded,davidzr/freqtrade-strategies,repos/davidzr_freqtrade-strategies/strategies/custom/custom.py,5m,strategy,original,,,not_applicable,not_run,provisional,mode and direction agree with static source evidence,trend_following,scalp,moderate,bull,,pending_dedicated_family_manifest
custom_sell,spot_long,custom_sell:67aec064c2a1,C_measurement_recovery,true,ineligible,canonical_implementation_not_measured,native_mode_not_runtime_validated;lookahead_not_completed,,false,,queued,davidzr/freqtrade-strategies,repos/davidzr_freqtrade-strategies/strategies/custom_sell/custom_sell.py,5m,strategy,original,,,not_applicable,not_run,provisional,mode and direction agree with static source evidence,volatility,scalp,moderate,high_vol,,pending_dedicated_family_manifest
e6v34,spot_long,e6v34:d5a9c0ddb19c,B_warmup_refusal,true,ineligible,recursive_bias_found,,refused_no_warmup,true,19447,queued,davidzr/freqtrade-strategies,repos/davidzr_freqtrade-strategies/strategies/e6v34/e6v34.py,15m,strategy,original,,,not_applicable,not_run,provisional,mode and direction agree with static source evidence,trend_following,intraday,simple,bull,,pending_dedicated_family_manifest
ema,spot_long,ema:3b862241b944,B_warmup_refusal,true,ineligible,recursive_bias_found,,refused_no_warmup,true,30806,queued,davidzr/freqtrade-strategies,repos/davidzr_freqtrade-strategies/strategies/ema/ema.py,5m,strategy,original,,,not_applicable,not_run,provisional,mode and direction agree with static source evidence,trend_following,scalp,simple,bull,,pending_dedicated_family_manifest
fahmibah,spot_long,fahmibah:bf0142ffd632,E0_strict67,true,eligible,,,,true,20943,admitted_E0,davidzr/freqtrade-strategies,repos/davidzr_freqtrade-strategies/strategies/fahmibah/fahmibah.py,5m,strategy,original,,,not_applicable,not_run,provisional,mode and direction agree with static source evidence,momentum,scalp,moderate,bull,,pending_dedicated_family_manifest
flawless_lambo,spot_long,flawless_lambo:15ce26791269,D_recursive_drift,true,ineligible,recursive_bias_found,,drift_measured,true,4489,queued,davidzr/freqtrade-strategies,repos/davidzr_freqtrade-strategies/strategies/flawless_lambo/flawless_lambo.py,15m,strategy,original,,,not_applicable,not_run,provisional,mode and direction agree with static source evidence,trend_following,intraday,complex,bull,,pending_dedicated_family_manifest
ichiV1_Marius,spot_long,ichiV1_Marius:848dd39e115f,C_measurement_recovery,true,ineligible,canonical_implementation_not_measured,native_mode_not_runtime_validated;lookahead_not_completed;recursive_bias_not_completed,,false,,queued,davidzr/freqtrade-strategies,repair/patched/repos/davidzr_freqtrade-strategies/strategies/ichiV1_Marius/ichiV1_Marius.py,5m,strategy,repaired,class2,param_missing_space,strict_equivalent,not_run,provisional,mode and direction agree with static source evidence,trend_following,scalp,complex,bull,,pending_dedicated_family_manifest
keltnerchannel,spot_long,keltnerchannel:75b790e9e1de,not_scheduled,false,ineligible,recursive_bias_found,lookahead_not_completed,refused_no_warmup,true,1131,baseline_excluded,davidzr/freqtrade-strategies,repos/davidzr_freqtrade-strategies/strategies/keltnerchannel/keltnerchannel.py,6h,strategy,repaired,class1,environment_compatibility,strict_equivalent,not_run,provisional,mode and direction agree with static source evidence,mean_reversion,swing,simple,range,,pending_dedicated_family_manifest
MabStra,spot_long,MabStra:63fcdd4567ba,B_warmup_refusal,true,ineligible,recursive_bias_found,,refused_no_warmup,true,4303,queued,davidzr/freqtrade-strategies,repos/davidzr_freqtrade-strategies/strategies/mabStra/mabStra.py,4h,strategy,original,,,not_applicable,not_run,provisional,mode and direction agree with static source evidence,trend_following,swing,simple,bull,,pending_dedicated_family_manifest
macd_recovery,spot_long,macd_recovery:54b38b6f58f1,C_measurement_recovery,true,ineligible,canonical_implementation_not_measured,native_mode_not_runtime_validated;lookahead_not_completed;recursive_bias_not_completed,,false,,queued,davidzr/freqtrade-strategies,repos/davidzr_freqtrade-strategies/strategies/macd_recovery/macd_recovery.py,5m,strategy,original,,,not_applicable,not_run,provisional,mode and direction agree with static source evidence,momentum,unknown,simple,bull,,pending_dedicated_family_manifest
mark_strat,spot_long,mark_strat:d6c7af041c6d,C_measurement_recovery,true,ineligible,canonical_implementation_not_measured,native_mode_not_runtime_validated;lookahead_not_completed;recursive_bias_not_completed,,false,,queued,davidzr/freqtrade-strategies,repos/davidzr_freqtrade-strategies/strategies/mark_strat/mark_strat.py,1m,strategy,original,,,not_applicable,not_run,provisional,mode and direction agree with static source evidence,momentum,unknown,simple,bull,,pending_dedicated_family_manifest
mark_strat_opt,spot_long,mark_strat_opt:d5eaebf770b8,C_measurement_recovery,true,ineligible,canonical_implementation_not_measured,native_mode_not_runtime_validated;lookahead_not_completed;recursive_bias_not_completed,,false,,queued,davidzr/freqtrade-strategies,repos/davidzr_freqtrade-strategies/strategies/mark_strat_opt/mark_strat_opt.py,1m,strategy,original,,,not_applicable,not_run,provisional,mode and direction agree with static source evidence,volatility,unknown,simple,high_vol,,pending_dedicated_family_manifest
quantumfirst,spot_long,quantumfirst:94dedeffe4cf,C_measurement_recovery,true,ineligible,canonical_implementation_not_measured,native_mode_not_runtime_validated;lookahead_not_completed;recursive_bias_not_completed,,false,,queued,davidzr/freqtrade-strategies,repos/davidzr_freqtrade-strategies/strategies/quantumfirst/quantumfirst.py,5m,strategy,original,,,not_applicable,not_run,provisional,mode and direction agree with static source evidence,trend_following,unknown,simple,bull,,pending_dedicated_family_manifest
redditMA,spot_long,redditMA:44ccdf271d56,C_measurement_recovery,true,ineligible,canonical_implementation_not_measured,native_mode_not_runtime_validated;lookahead_not_completed;recursive_bias_not_completed,,false,,queued,davidzr/freqtrade-strategies,repos/davidzr_freqtrade-strategies/strategies/redditMA/redditMA.py,15m,strategy,original,,,not_applicable,not_run,provisional,mode and direction agree with static source evidence,trend_following,unknown,simple,bull,,pending_dedicated_family_manifest
stoploss,spot_long,stoploss:3a2a57482fe4,D_recursive_drift,true,ineligible,recursive_bias_found,,drift_measured,true,12724,queued,davidzr/freqtrade-strategies,repos/davidzr_freqtrade-strategies/strategies/stoploss/stoploss.py,5m,strategy,original,,,not_applicable,not_run,provisional,mode and direction agree with static source evidence,volatility,scalp,simple,high_vol,,pending_dedicated_family_manifest
stratfib,spot_long,stratfib:c64a1da0ba1a,not_scheduled,false,ineligible,recursive_bias_found,lookahead_not_completed,drift_measured,true,10,baseline_excluded,davidzr/freqtrade-strategies,repos/davidzr_freqtrade-strategies/strategies/stratfib/stratfib.py,1h,strategy,original,,,not_applicable,not_run,provisional,mode and direction agree with static source evidence,hybrid,intraday,simple,undetermined,,pending_dedicated_family_manifest
strato,spot_long,strato:f08080997132,D_recursive_drift,true,ineligible,recursive_bias_found,,drift_measured,true,24409,queued,davidzr/freqtrade-strategies,repos/davidzr_freqtrade-strategies/strategies/strato/strato.py,1m,strategy,original,,,not_applicable,not_run,provisional,mode and direction agree with static source evidence,mean_reversion,scalp,simple,range,,pending_dedicated_family_manifest
wtc,spot_long,wtc:2c6eb18b23dd,not_scheduled,false,ineligible,lookahead_found;recursive_bias_found,,refused_no_warmup,true,2240,baseline_excluded,davidzr/freqtrade-strategies,repos/davidzr_freqtrade-strategies/strategies/wtc/wtc.py,30m,strategy,original,,,not_applicable,not_run,provisional,mode and direction agree with static source evidence,trend_following,intraday,simple,bull,,pending_dedicated_family_manifest
COPY_HL,futures_long,COPY_HL:d0bd7e88717f,not_scheduled,false,ineligible,recursive_bias_found,zero_trades_in_smoke_requires_full_window;lookahead_not_completed;futures_mode_bias_diagnostics_not_completed,refused_no_warmup,true,0,baseline_excluded,djienne/COPY_WALLET_HYPERLIQUID,repos/djienne_COPY_WALLET_HYPERLIQUID/user_data/strategies/COPY_HL.py,1h,strategy,original,,,not_applicable,measured,validated,mode and direction agree with static source evidence,unclear,intraday,moderate,undetermined,,pending_dedicated_family_manifest
BBMod,spot_long,BBMod:20884e322030,not_scheduled,false,ineligible,canonical_implementation_not_measured;recursive_bias_found,native_mode_not_runtime_validated;lookahead_not_completed,drift_measured,false,,baseline_excluded,eovie/freqtrade_strs,repos/eovie_freqtrade_strs/binance/Archive/BBMod.py,5m,strategy,original,,,not_applicable,not_run,provisional,mode and direction agree with static source evidence,volatility,scalp,complex,high_vol,,pending_dedicated_family_manifest
BinHV27F,futures_long,BinHV27F:74d705e71d44,not_scheduled,false,ineligible,recursive_bias_found,lookahead_not_completed;futures_mode_bias_diagnostics_not_completed,drift_measured,true,154,baseline_excluded,eovie/freqtrade_strs,repos/eovie_freqtrade_strs/binance/Archive/BinHV27F.py,5m,strategy,original,,,not_applicable,measured,review,mode and direction agree with static source evidence; historical spot run succeeded despite futures intent,trend_following,scalp,simple,bull,,pending_dedicated_family_manifest
BinHV27_short,futures_long_short,BinHV27_short:123093f3a1ce,not_scheduled,false,ineligible,recursive_bias_found,output_equivalent_requires_canonical_bias_rerun;lookahead_not_completed;futures_mode_bias_diagnostics_not_completed,,true,5,baseline_excluded,eovie/freqtrade_strs,user_data/profile_repairs/BinHV27_short.py,5m,strategy,repaired,class2,futures_settlement_pair_syntax;empty_loc_signal_initialization,output_equivalent,measured,validated,mode and direction agree with static source evidence,trend_following,scalp,moderate,bear+range,,pending_dedicated_family_manifest
ConsensusShort,futures_long_short,ConsensusShort:4e8ceeaec14c,not_scheduled,false,ineligible,recursive_bias_found,,,true,414,baseline_excluded,eovie/freqtrade_strs,repos/eovie_freqtrade_strs/binance/Archive/ConsensusShort.py,5m,strategy,original,,,not_applicable,measured,validated,mode and direction agree with static source evidence,trend_following,scalp,moderate,bear+range,,pending_dedicated_family_manifest
HourBasedStrategy_5m,spot_long,HourBasedStrategy_5m:20e040454b10,B_warmup_refusal,true,ineligible,recursive_bias_found,,refused_no_warmup,true,11784,queued,eovie/freqtrade_strs,repos/eovie_freqtrade_strs/binance/Archive/HourBasedStrategy.py,5m,strategy,original,,,not_applicable,not_run,provisional,mode and direction agree with static source evidence,unclear,scalp,simple,undetermined,,pending_dedicated_family_manifest
E0V1EN,spot_long,E0V1EN:dacbbf183f09,not_scheduled,false,ineligible,recursive_bias_found;technical_trap_found,lookahead_not_completed,drift_measured,true,509,baseline_excluded,eovie/freqtrade_strs,repos/eovie_freqtrade_strs/binance/dry_run/E0V1EN.py,5m,strategy,original,,,not_applicable,not_run,provisional,mode and direction agree with static source evidence,mean_reversion,scalp,simple,range,,pending_dedicated_family_manifest
BBBreakoutStrategy,spot_long,BBBreakoutStrategy:5027a97c92f2,not_scheduled,false,ineligible,lookahead_found;recursive_bias_found,,refused_no_warmup,true,33005,baseline_excluded,flaviosiotto/freqtrade-strategy,repos/flaviosiotto_freqtrade-strategy/user_data/strategies/bb-breakout-strategy.py,3m,strategy,original,,,not_applicable,not_run,review,enter_short is dormant without a literal can_short=true,volatility,scalp,simple,high_vol,,pending_dedicated_family_manifest
BollingerBandStrategy,spot_long,BollingerBandStrategy:3e8442e9e3ec,B_warmup_refusal,true,ineligible,recursive_bias_found,,refused_no_warmup,true,16302,queued,flaviosiotto/freqtrade-strategy,repos/flaviosiotto_freqtrade-strategy/user_data/strategies/bollingerbands-strategy.py,3m,strategy,original,,,not_applicable,not_run,review,enter_short is dormant without a literal can_short=true,volatility,scalp,simple,high_vol,,pending_dedicated_family_manifest
BreakoutStrategy,futures_long_short,BreakoutStrategy:eea5d910199c,not_scheduled,false,ineligible,lookahead_found;recursive_bias_found,,,true,447,baseline_excluded,flaviosiotto/freqtrade-strategy,repair/patched/repos/flaviosiotto_freqtrade-strategy/user_data/strategies/breakout-strategy.py,1m,strategy,repaired,class2,pandas_removed_keywords,strict_equivalent,measured,validated,mode and direction agree with static source evidence,unclear,scalp,simple,bear+range,,pending_dedicated_family_manifest
FreqaiExampleStrategy,spot_long,FreqaiExampleStrategy:5de52c94bd40,C_measurement_recovery,true,ineligible,canonical_implementation_not_measured,native_mode_not_runtime_validated;lookahead_not_completed;recursive_bias_not_completed;exact_regime_window_coverage_not_verified,,false,,queued,flaviosiotto/freqtrade-strategy,repos/flaviosiotto_freqtrade-strategy/user_data/strategies/exemple-ai-strategy.py,,strategy,original,,,not_applicable,not_run,review,enter_short is dormant without a literal can_short=true,ml_freqai,unknown,moderate,undetermined,,pending_dedicated_family_manifest
FakeoutStrategy,futures_long_short,FakeoutStrategy:b4790052e54e,not_scheduled,false,ineligible,lookahead_found;recursive_bias_found,,,true,187,baseline_excluded,flaviosiotto/freqtrade-strategy,repair/patched/repos/flaviosiotto_freqtrade-strategy/user_data/strategies/fakeout-strategy.py,1m,strategy,repaired,class2,pandas_removed_keywords,strict_equivalent,measured,validated,mode and direction agree with static source evidence,unclear,scalp,simple,bear+range,,pending_dedicated_family_manifest
TouchEmaStrategy,spot_long,TouchEmaStrategy:92446d7b27c0,B_warmup_refusal,true,ineligible,recursive_bias_found,,refused_no_warmup,true,5193,queued,flaviosiotto/freqtrade-strategy,repos/flaviosiotto_freqtrade-strategy/user_data/strategies/touchema-strategy.py,5m,strategy,original,,,not_applicable,not_run,review,enter_short is dormant without a literal can_short=true,trend_following,scalp,simple,bull,,pending_dedicated_family_manifest
TouchEmaDelayStrategy,spot_long,TouchEmaDelayStrategy:0aced2ab9432,B_warmup_refusal,true,ineligible,recursive_bias_found,,refused_no_warmup,true,2331,queued,flaviosiotto/freqtrade-strategy,repos/flaviosiotto_freqtrade-strategy/user_data/strategies/touchemadelay-strategy.py,3m,strategy,original,,,not_applicable,not_run,review,enter_short is dormant without a literal can_short=true,trend_following,scalp,simple,bull,,pending_dedicated_family_manifest
AlmgrenChrissStrategy,futures_long_short,AlmgrenChrissStrategy:29383b6d6a9d,not_scheduled,false,ineligible,recursive_bias_found,,,true,818,baseline_excluded,freqtrade/freqtrade-strategies,repos/freqtrade_freqtrade-strategies/user_data/strategies/AlmgrenChrissStrategy.py,15m,strategy,original,,,not_applicable,measured,validated,mode and direction agree with static source evidence,mean_reversion,intraday,simple,bear+range,,pending_dedicated_family_manifest
TWAPStrategy,futures_long_short,TWAPStrategy:fa97ab1802e2,not_scheduled,false,ineligible,recursive_bias_found,,,true,671,baseline_excluded,freqtrade/freqtrade-strategies,repos/freqtrade_freqtrade-strategies/user_data/strategies/TWAPStrategy.py,15m,strategy,original,,,not_applicable,measured,validated,mode and direction agree with static source evidence,mean_reversion,intraday,simple,bear+range,,pending_dedicated_family_manifest
TrendRiderStrategy,futures_long,TrendRiderStrategy:de48abc95f83,not_scheduled,false,ineligible,recursive_bias_found,lookahead_not_completed;futures_mode_bias_diagnostics_not_completed,drift_measured,true,37,baseline_excluded,freqtrade/freqtrade-strategies,repos/freqtrade_freqtrade-strategies/user_data/strategies/TrendRiderStrategy.py,1h,strategy,original,,,not_applicable,measured,review,mode and direction agree with static source evidence; historical spot run succeeded despite futures intent,trend_following,intraday,complex,bull,,pending_dedicated_family_manifest
FAdxSmaStrategy,futures_long_short,FAdxSmaStrategy:450ed20d7fee,E0_strict67,true,eligible,,,,true,15,admitted_E0,freqtrade/freqtrade-strategies,repos/freqtrade_freqtrade-strategies/user_data/strategies/futures/FAdxSmaStrategy.py,1h,strategy,original,,,not_applicable,measured,validated,mode and direction agree with static source evidence,trend_following,intraday,simple,bear+range,,pending_dedicated_family_manifest
FReinforcedStrategy,futures_long_short,FReinforcedStrategy:915eb861e6b1,not_scheduled,false,ineligible,recursive_bias_found,,,true,80,baseline_excluded,freqtrade/freqtrade-strategies,user_data/profile_repairs/FReinforcedStrategy.py,5m,strategy,repaired,class2,parameter_space_default_only,strict_equivalent,measured,validated,mode and direction agree with static source evidence,trend_following,scalp,simple,bear+range,,pending_dedicated_family_manifest
FSampleStrategy,futures_long_short,FSampleStrategy:faf8a6df56f2,not_scheduled,false,ineligible,recursive_bias_found,,,true,40,baseline_excluded,freqtrade/freqtrade-strategies,repos/freqtrade_freqtrade-strategies/user_data/strategies/futures/FSampleStrategy.py,1h,strategy,original,,,not_applicable,measured,validated,mode and direction agree with static source evidence,volatility,intraday,simple,bear+range,,pending_dedicated_family_manifest
FSupertrendStrategy,futures_long,FSupertrendStrategy:6d4760637514,E0_strict67,true,eligible,,,,true,83,admitted_E0,freqtrade/freqtrade-strategies,repos/freqtrade_freqtrade-strategies/user_data/strategies/futures/FSupertrendStrategy.py,1h,strategy,original,,,not_applicable,measured,review,enter_short is dormant without a literal can_short=true; futures intent inferred only from path/name; historical spot run succeeded despite futures intent,trend_following,intraday,simple,bull,,pending_dedicated_family_manifest
GoldHedgeZeroMACD,futures_long,GoldHedgeZeroMACD:08b26e66c1fb,not_scheduled,false,ineligible,recursive_bias_found,zero_trades_in_smoke_requires_full_window;lookahead_not_completed;futures_mode_bias_diagnostics_not_completed,drift_measured,true,0,baseline_excluded,ingpawat/freqtrade-strategy-with-backtest,repos/ingpawat_freqtrade-strategy-with-backtest/strategy/GoldHedgeZeroMACD/GoldHedgeZeroMACD.py,1d,strategy,original,,,not_applicable,measured,review,mode and direction agree with static source evidence; historical spot run succeeded despite futures intent,momentum,position,moderate,bull,,pending_dedicated_family_manifest
MACDZeroCrossStrategy,spot_long,MACDZeroCrossStrategy:6fe1bca7b1b3,not_scheduled,false,ineligible,recursive_bias_found,lookahead_not_completed,refused_no_warmup,true,339,baseline_excluded,ingpawat/freqtrade-strategy-with-backtest,repos/ingpawat_freqtrade-strategy-with-backtest/strategy/MACDZeroCrossStrategy/MACDZeroCrossStrategy.py,1d,strategy,original,,,not_applicable,not_run,provisional,mode and direction agree with static source evidence,momentum,position,simple,bull,,pending_dedicated_family_manifest
NostalgiaForInfinityX3,futures_long,NostalgiaForInfinityX3:4be2585f15ea,not_scheduled,false,ineligible,recursive_bias_found,lookahead_not_completed;futures_mode_bias_diagnostics_not_completed,drift_measured,true,4,baseline_excluded,iterativv/NostalgiaForInfinity,repos/iterativv_NostalgiaForInfinity/NostalgiaForInfinityX3.py,5m,strategy,original,,,not_applicable,measured,review,enter_short is dormant without a literal can_short=true,trend_following,scalp,complex,bull,,pending_dedicated_family_manifest
NostalgiaForInfinityX5,futures_long,NostalgiaForInfinityX5:7b845f469b09,not_scheduled,false,ineligible,recursive_bias_found,output_equivalent_requires_canonical_bias_rerun;lookahead_not_completed;futures_mode_bias_diagnostics_not_completed,drift_measured,true,23,baseline_excluded,iterativv/NostalgiaForInfinity,user_data/profile_repairs/NostalgiaForInfinityX5.py,5m,strategy,repaired,class2,freqtrade_signal_dtype,output_equivalent,measured,review,enter_short is dormant without a literal can_short=true,mean_reversion,scalp,complex,range,,pending_dedicated_family_manifest
NostalgiaForInfinityX6,futures_long,NostalgiaForInfinityX6:838603039f96,not_scheduled,false,ineligible,recursive_bias_found,lookahead_not_completed;futures_mode_bias_diagnostics_not_completed,drift_measured,true,30,baseline_excluded,iterativv/NostalgiaForInfinity,repos/iterativv_NostalgiaForInfinity/NostalgiaForInfinityX6.py,5m,strategy,original,,,not_applicable,measured,review,enter_short is dormant without a literal can_short=true,mean_reversion,scalp,complex,range,,pending_dedicated_family_manifest
NostalgiaForInfinityX7,futures_long,NostalgiaForInfinityX7:12aeca2f8c57,not_scheduled,false,ineligible,recursive_bias_found,lookahead_not_completed;futures_mode_bias_diagnostics_not_completed,drift_measured,true,18,baseline_excluded,iterativv/NostalgiaForInfinity,repos/iterativv_NostalgiaForInfinity/NostalgiaForInfinityX7.py,5m,strategy,original,,,not_applicable,measured,review,enter_short is dormant without a literal can_short=true,mean_reversion,scalp,complex,range,,pending_dedicated_family_manifest
Strategy,spot_long,Strategy:5fdecf48d2e7,C_measurement_recovery,true,ineligible,canonical_implementation_not_measured,artifact_role_requires_review;native_mode_not_runtime_validated;lookahead_not_completed;recursive_bias_not_completed;exact_regime_window_coverage_not_verified,,false,,queued,iterativv/NostalgiaForInfinity,repos/iterativv_NostalgiaForInfinity/tests/unit/test_data/input/Strategy.py,,test_candidate,original,,,not_applicable,not_run,provisional,mode and direction agree with static source evidence,unclear,unknown,simple,undetermined,,pending_dedicated_family_manifest
Candle2,spot_long,Candle2:34ea4c0954a2,B_warmup_refusal,true,ineligible,recursive_bias_found,,refused_no_warmup,true,7626,queued,jaredrsommer/freqtradestrategies,repos/jaredrsommer_freqtradestrategies/2Candle (3).py,1h,strategy,original,,,not_applicable,not_run,provisional,mode and direction agree with static source evidence,mean_reversion,intraday,moderate,range,,pending_dedicated_family_manifest
A9AV,spot_long,A9AV:1cd374d74902,not_scheduled,false,ineligible,canonical_implementation_not_measured;recursive_bias_found,native_mode_not_runtime_validated;output_equivalent_requires_canonical_bias_rerun;lookahead_not_completed,refused_no_warmup,false,,baseline_excluded,jaredrsommer/freqtradestrategies,repair/patched/repos/jaredrsommer_freqtradestrategies/A9AV.py,5m,strategy,repaired,class2,rolling_any_masked,output_equivalent,not_run,provisional,mode and direction agree with static source evidence,unclear,scalp,moderate,undetermined,,pending_dedicated_family_manifest
AlexBTK_CT,futures_long,AlexBTK_CT:fcbe0a920af7,not_scheduled,false,ineligible,lookahead_found;recursive_bias_found,futures_mode_bias_diagnostics_not_completed,drift_measured,true,48,baseline_excluded,jaredrsommer/freqtradestrategies,repos/jaredrsommer_freqtradestrategies/AlexBTK_CT.py,15m,strategy,original,,,not_applicable,measured,review,enter_short is dormant without a literal can_short=true,trend_following,intraday,complex,bull,,pending_dedicated_family_manifest
AlexBattleTankKiller,futures_long,AlexBattleTankKiller:cb7bcf7bc825,not_scheduled,false,ineligible,lookahead_found;recursive_bias_found,futures_mode_bias_diagnostics_not_completed,drift_measured,true,48,baseline_excluded,jaredrsommer/freqtradestrategies,repos/jaredrsommer_freqtradestrategies/AlexBattleTankKiller.py,15m,strategy,repaired,class1,environment_compatibility,strict_equivalent,measured,review,enter_short is dormant without a literal can_short=true,trend_following,intraday,complex,bull,,pending_dedicated_family_manifest
AlexBattleTankKillerV3,futures_long,AlexBattleTankKillerV3:500f45285b3b,not_scheduled,false,ineligible,lookahead_found;recursive_bias_found,futures_mode_bias_diagnostics_not_completed,drift_measured,true,169,baseline_excluded,jaredrsommer/freqtradestrategies,repos/jaredrsommer_freqtradestrategies/AlexBattleTankKillerV3.py,15m,strategy,original,,,not_applicable,measured,review,enter_short is dormant without a literal can_short=true,trend_following,intraday,complex,bull,,pending_dedicated_family_manifest
AlexBattleTankKillerV40H,futures_long,AlexBattleTankKillerV40H:d79aa03fad76,not_scheduled,false,ineligible,lookahead_found,zero_trades_in_smoke_requires_full_window;recursive_bias_not_completed;futures_mode_bias_diagnostics_not_completed,,true,0,baseline_excluded,jaredrsommer/freqtradestrategies,repos/jaredrsommer_freqtradestrategies/AlexBattleTankKillerV4H.py,1h,strategy,original,,,not_applicable,measured,review,enter_short is dormant without a literal can_short=true; historical spot run succeeded despite futures intent,trend_following,intraday,complex,bull,,pending_dedicated_family_manifest
Astro,spot_long,Astro:dbf7de1182d4,C_measurement_recovery,true,ineligible,canonical_implementation_not_measured,native_mode_not_runtime_validated;lookahead_not_completed;recursive_bias_not_completed,,false,,queued,jaredrsommer/freqtradestrategies,repos/jaredrsommer_freqtradestrategies/Astro.py,1d,strategy,original,,,not_applicable,not_run,provisional,mode and direction agree with static source evidence,hybrid,position,moderate,undetermined,,pending_dedicated_family_manifest
AstroQAV4,spot_long,AstroQAV4:ae2a77273135,not_scheduled,false,ineligible,canonical_implementation_not_measured;behavior_changed_primary_exclusion,native_mode_not_runtime_validated;lookahead_not_completed;recursive_bias_not_completed,,false,,baseline_excluded,jaredrsommer/freqtradestrategies,repair/patched/repos/jaredrsommer_freqtradestrategies/AstroQAV4.py,30m,strategy,repaired,class2,restore_commented_feature_source,behavior_changed,not_run,provisional,mode and direction agree with static source evidence,ml_freqai,intraday,complex,undetermined,,pending_dedicated_family_manifest
CTIBS,spot_long,CTIBS:0fa7c969f384,D_recursive_drift,true,ineligible,recursive_bias_found,,drift_measured,true,5553,queued,jaredrsommer/freqtradestrategies,repos/jaredrsommer_freqtradestrategies/CTIBS.py,15m,strategy,original,,,not_applicable,not_run,provisional,mode and direction agree with static source evidence,trend_following,intraday,complex,bull,,pending_dedicated_family_manifest
ElliotWave,futures_long,ElliotWave:bb8a5f6b7cac,not_scheduled,false,ineligible,lookahead_found,recursive_bias_not_completed;futures_mode_bias_diagnostics_not_completed,,true,41,baseline_excluded,jaredrsommer/freqtradestrategies,repos/jaredrsommer_freqtradestrategies/ElliotWave.py,4h,strategy,repaired,class1,environment_compatibility,strict_equivalent,measured,validated,mode and direction agree with static source evidence,volatility,swing,complex,high_vol,,pending_dedicated_family_manifest
FVGChannel,spot_long,FVGChannel:379d24ac1c43,B_warmup_refusal,true,ineligible,recursive_bias_found,,refused_no_warmup,true,16599,queued,jaredrsommer/freqtradestrategies,repos/jaredrsommer_freqtradestrategies/FVGChannel.py,1h,strategy,original,,,not_applicable,not_run,provisional,mode and direction agree with static source evidence,trend_following,intraday,simple,bull,,pending_dedicated_family_manifest
ForexRobootSuperScalper,spot_long,ForexRobootSuperScalper:5c101cb77592,B_warmup_refusal,true,ineligible,recursive_bias_found,,refused_no_warmup,true,26623,queued,jaredrsommer/freqtradestrategies,repos/jaredrsommer_freqtradestrategies/ForexRobootSuperScalper (2).py,5m,strategy,original,,,not_applicable,not_run,provisional,mode and direction agree with static source evidence,trend_following,scalp,moderate,bull,,pending_dedicated_family_manifest
GKD_Baseline,spot_long,GKD_Baseline:b2941c228640,B_warmup_refusal,true,ineligible,recursive_bias_found,,refused_no_warmup,true,18338,queued,jaredrsommer/freqtradestrategies,repos/jaredrsommer_freqtradestrategies/GKD_Baseline.py,1h,strategy,original,,,not_applicable,not_run,review,enter_short is dormant without a literal can_short=true,trend_following,intraday,simple,bull,,pending_dedicated_family_manifest
GKD_BaselineAllMAs,spot_long,GKD_BaselineAllMAs:dff087dc468b,B_warmup_refusal,true,ineligible,recursive_bias_found,,refused_no_warmup,true,18338,queued,jaredrsommer/freqtradestrategies,repos/jaredrsommer_freqtradestrategies/GKD_BaselineAllMAs (1).py,1h,strategy,original,,,not_applicable,not_run,review,enter_short is dormant without a literal can_short=true,trend_following,intraday,simple,bull,,pending_dedicated_family_manifest
GKD_C,spot_long,GKD_C:ea05773d3428,not_scheduled,false,ineligible,recursive_bias_found,lookahead_not_completed,refused_no_warmup,true,4,baseline_excluded,jaredrsommer/freqtradestrategies,repos/jaredrsommer_freqtradestrategies/GKD_C.py,1h,strategy,original,,,not_applicable,not_run,review,enter_short is dormant without a literal can_short=true,trend_following,intraday,moderate,bull,,pending_dedicated_family_manifest
GKD_CT,spot_long,GKD_CT:8bad756c3a24,not_scheduled,false,ineligible,recursive_bias_found,lookahead_not_completed,refused_no_warmup,true,757,baseline_excluded,jaredrsommer/freqtradestrategies,repos/jaredrsommer_freqtradestrategies/GKD_CT.py,1h,strategy,original,,,not_applicable,not_run,review,enter_short is dormant without a literal can_short=true,trend_following,intraday,complex,bull,,pending_dedicated_family_manifest
GKD_FisherTransform,spot_long,GKD_FisherTransform:b2e8dca74271,not_scheduled,false,ineligible,recursive_bias_found,lookahead_not_completed,refused_no_warmup,true,1630,baseline_excluded,jaredrsommer/freqtradestrategies,repos/jaredrsommer_freqtradestrategies/GKD_FisherTransform (2).py,1h,strategy,repaired,class1,environment_compatibility,strict_equivalent,not_run,review,enter_short is dormant without a literal can_short=true,mean_reversion,intraday,moderate,range,,pending_dedicated_family_manifest
GKD_FisherTransformMTF,spot_long,GKD_FisherTransformMTF:f0e506446029,not_scheduled,false,ineligible,recursive_bias_found,lookahead_not_completed,refused_no_warmup,true,4750,baseline_excluded,jaredrsommer/freqtradestrategies,repos/jaredrsommer_freqtradestrategies/GKD_FisherTransformMTF.py,1h,strategy,original,,,not_applicable,not_run,review,enter_short is dormant without a literal can_short=true,mean_reversion,intraday,moderate,range,,pending_dedicated_family_manifest
GKD_HurstExponent,spot_long,GKD_HurstExponent:c169beca3ea5,B_warmup_refusal,true,ineligible,recursive_bias_found,,refused_no_warmup,true,5896,queued,jaredrsommer/freqtradestrategies,repos/jaredrsommer_freqtradestrategies/GKD_HurstExponent.py,1h,strategy,original,,,not_applicable,not_run,review,enter_short is dormant without a literal can_short=true,volatility,intraday,simple,high_vol,,pending_dedicated_family_manifest
GKD_PFE,spot_long,GKD_PFE:74b9df4754e9,B_warmup_refusal,true,ineligible,recursive_bias_found,,refused_no_warmup,true,17113,queued,jaredrsommer/freqtradestrategies,repos/jaredrsommer_freqtradestrategies/GKD_PFE.py,1h,strategy,original,,,not_applicable,not_run,review,enter_short is dormant without a literal can_short=true,volatility,intraday,simple,high_vol,,pending_dedicated_family_manifest
GPR,spot_long,GPR:63f9f398c835,C_measurement_recovery,true,ineligible,canonical_implementation_not_measured,native_mode_not_runtime_validated;lookahead_not_completed;recursive_bias_not_completed,,false,,queued,jaredrsommer/freqtradestrategies,repos/jaredrsommer_freqtradestrategies/GPR.py,1h,strategy,original,,,not_applicable,not_run,review,enter_short is dormant without a literal can_short=true,trend_following,intraday,simple,bull,,pending_dedicated_family_manifest
GPTREV,spot_long,GPTREV:b99d3c1c8215,not_scheduled,false,ineligible,recursive_bias_found,,,true,600,baseline_excluded,jaredrsommer/freqtradestrategies,repos/jaredrsommer_freqtradestrategies/GPTREV.py,1m,strategy,repaired,class1,environment_compatibility,strict_equivalent,not_run,provisional,mode and direction agree with static source evidence,momentum,scalp,simple,bull,,pending_dedicated_family_manifest
HEW,futures_long,HEW:c47920daf337,not_scheduled,false,ineligible,recursive_bias_found,output_equivalent_requires_canonical_bias_rerun;lookahead_not_completed;futures_mode_bias_diagnostics_not_completed,refused_no_warmup,true,4,baseline_excluded,jaredrsommer/freqtradestrategies,user_data/profile_repairs/HEW.py,1h,strategy,repaired,class2,pandas_removed_keywords;pandas_object_upcast,output_equivalent,measured,review,enter_short is dormant without a literal can_short=true,mean_reversion,intraday,moderate,range,,pending_dedicated_family_manifest
HSI,spot_long,HSI:968bdb813025,B_warmup_refusal,true,ineligible,recursive_bias_found,,refused_no_warmup,true,5591,queued,jaredrsommer/freqtradestrategies,repos/jaredrsommer_freqtradestrategies/HSI (2).py,5m,strategy,repaired,class1,environment_compatibility,strict_equivalent,not_run,provisional,mode and direction agree with static source evidence,unclear,scalp,simple,undetermined,,pending_dedicated_family_manifest
HilbertSineWave,spot_long,HilbertSineWave:7580e8750833,B_warmup_refusal,true,ineligible,recursive_bias_found,,refused_no_warmup,true,4447,queued,jaredrsommer/freqtradestrategies,repos/jaredrsommer_freqtradestrategies/HilbertSineWave.py,1h,strategy,original,,,not_applicable,not_run,provisional,mode and direction agree with static source evidence,unclear,intraday,simple,undetermined,,pending_dedicated_family_manifest
HurstCycle3,futures_long,HurstCycle3:c9d3caf5ce10,not_scheduled,false,ineligible,recursive_bias_found,lookahead_not_completed;futures_mode_bias_diagnostics_not_completed,refused_no_warmup,true,559,baseline_excluded,jaredrsommer/freqtradestrategies,repos/jaredrsommer_freqtradestrategies/HurstCycle3 (2).py,15m,strategy,original,,,not_applicable,measured,review,mode and direction agree with static source evidence; historical spot run succeeded despite futures intent,trend_following,intraday,simple,bull,,pending_dedicated_family_manifest
HurstCycle7,futures_long,HurstCycle7:d97e2bb096fb,not_scheduled,false,ineligible,recursive_bias_found,lookahead_not_completed;futures_mode_bias_diagnostics_not_completed,refused_no_warmup,true,547,baseline_excluded,jaredrsommer/freqtradestrategies,repos/jaredrsommer_freqtradestrategies/HurstCycle7 (2).py,15m,strategy,repaired,class1,environment_compatibility,strict_equivalent,measured,validated,mode and direction agree with static source evidence,hybrid,intraday,moderate,undetermined,,pending_dedicated_family_manifest
HurstCycleV4,futures_long,HurstCycleV4:9cb81c6de88b,not_scheduled,false,ineligible,recursive_bias_found,zero_trades_in_smoke_requires_full_window;lookahead_not_completed;futures_mode_bias_diagnostics_not_completed,refused_no_warmup,true,0,baseline_excluded,jaredrsommer/freqtradestrategies,repair/patched/repos/jaredrsommer_freqtradestrategies/HurstCycleV4.py,4h,strategy,repaired,class2,pandas_removed_keywords,strict_equivalent,measured,validated,mode and direction agree with static source evidence,unclear,swing,moderate,undetermined,,pending_dedicated_family_manifest
HurstCycleV5,futures_long_short,HurstCycleV5:07b26bff1c85,not_scheduled,false,ineligible,recursive_bias_found,lookahead_not_completed;futures_mode_bias_diagnostics_not_completed,,true,18,baseline_excluded,jaredrsommer/freqtradestrategies,repos/jaredrsommer_freqtradestrategies/HurstCycleV5 (2).py,1h,strategy,original,,,not_applicable,measured,validated,mode and direction agree with static source evidence,mean_reversion,intraday,moderate,bear+range,,pending_dedicated_family_manifest
HurstCycleV5RSI,futures_long,HurstCycleV5RSI:af49ef254bf6,not_scheduled,false,ineligible,recursive_bias_found,lookahead_not_completed;futures_mode_bias_diagnostics_not_completed,refused_no_warmup,true,120,baseline_excluded,jaredrsommer/freqtradestrategies,repair/patched/repos/jaredrsommer_freqtradestrategies/HurstCycleV5RSI (2).py,1h,strategy,repaired,class2,pandas_removed_keywords,strict_equivalent,measured,review,enter_short is dormant without a literal can_short=true,mean_reversion,intraday,complex,range,,pending_dedicated_family_manifest
HurstCycleV6,futures_long,HurstCycleV6:fb2f5cd4c8be,not_scheduled,false,ineligible,recursive_bias_found,lookahead_not_completed;futures_mode_bias_diagnostics_not_completed,refused_no_warmup,true,155,baseline_excluded,jaredrsommer/freqtradestrategies,repos/jaredrsommer_freqtradestrategies/HurstCycleV6.py,15m,strategy,repaired,class1,environment_compatibility,strict_equivalent,measured,validated,mode and direction agree with static source evidence,unclear,intraday,simple,undetermined,,pending_dedicated_family_manifest
IchiVwapAdx,futures_long_short,IchiVwapAdx:fa6a8a7ff342,not_scheduled,false,ineligible,lookahead_found;recursive_bias_found,,,true,257,baseline_excluded,jaredrsommer/freqtradestrategies,repos/jaredrsommer_freqtradestrategies/IchiVwapAdx (2).py,15m,strategy,original,,,not_applicable,measured,validated,mode and direction agree with static source evidence,trend_following,intraday,moderate,bear+range,,pending_dedicated_family_manifest
ImpulseV1,spot_long,ImpulseV1:c7b4ad70988b,D_recursive_drift,true,ineligible,recursive_bias_found,,drift_measured,true,1097,queued,jaredrsommer/freqtradestrategies,repos/jaredrsommer_freqtradestrategies/ImpulseV1.py,5m,strategy,repaired,class1,environment_compatibility,strict_equivalent,not_run,provisional,mode and direction agree with static source evidence,trend_following,scalp,complex,bull,,pending_dedicated_family_manifest
KMM,futures_long,KMM:5509695b33e7,C_measurement_recovery,true,ineligible,canonical_implementation_not_measured,native_mode_not_runtime_validated;lookahead_not_completed;recursive_bias_not_completed,,false,,queued,jaredrsommer/freqtradestrategies,repos/jaredrsommer_freqtradestrategies/KMM.py,15m,strategy,original,,,not_applicable,failed,review,enter_short is dormant without a literal can_short=true,mean_reversion,intraday,complex,range,,pending_dedicated_family_manifest
KitchenSink,spot_long,KitchenSink:1330e86714d2,C_measurement_recovery,true,ineligible,canonical_implementation_not_measured,native_mode_not_runtime_validated;lookahead_not_completed;recursive_bias_not_completed,,false,,queued,jaredrsommer/freqtradestrategies,repair/patched/repos/jaredrsommer_freqtradestrategies/KitchenSink (2).py,1h,strategy,repaired,class2,pandas_removed_keywords,strict_equivalent,not_run,review,enter_short is dormant without a literal can_short=true,mean_reversion,intraday,complex,range,,pending_dedicated_family_manifest
LorentzianClassification,spot_long,LorentzianClassification:c6cb24ea2f79,not_scheduled,false,ineligible,lookahead_found;recursive_bias_found,,refused_no_warmup,true,10619,baseline_excluded,jaredrsommer/freqtradestrategies,repos/jaredrsommer_freqtradestrategies/LorentzianClassification (2).py,1h,strategy,original,,,not_applicable,not_run,provisional,mode and direction agree with static source evidence,trend_following,intraday,simple,bull,,pending_dedicated_family_manifest
MKR,spot_long,MKR:49ae85f6d6ec,C_measurement_recovery,true,ineligible,canonical_implementation_not_measured,native_mode_not_runtime_validated;lookahead_not_completed,,false,,queued,jaredrsommer/freqtradestrategies,repos/jaredrsommer_freqtradestrategies/MKR (3).py,1h,strategy,original,,,not_applicable,not_run,provisional,mode and direction agree with static source evidence,trend_following,intraday,simple,bull,,pending_dedicated_family_manifest
MSO,spot_long,MSO:c8762f3799a2,not_scheduled,false,ineligible,lookahead_found;recursive_bias_found,,refused_no_warmup,true,11653,baseline_excluded,jaredrsommer/freqtradestrategies,repos/jaredrsommer_freqtradestrategies/MSO.py,1h,strategy,original,,,not_applicable,not_run,provisional,mode and direction agree with static source evidence,trend_following,intraday,moderate,bull,,pending_dedicated_family_manifest
NeuroV1,spot_long,NeuroV1:f97bb1f155fd,not_scheduled,false,ineligible,lookahead_found,,,true,9371,baseline_excluded,jaredrsommer/freqtradestrategies,repos/jaredrsommer_freqtradestrategies/NeuroV1.py,1h,strategy,original,,,not_applicable,not_run,review,enter_short is dormant without a literal can_short=true,unclear,intraday,simple,undetermined,,pending_dedicated_family_manifest
NOTankAi_17,futures_long_short,NOTankAi_17:d1d72095cae0,not_scheduled,false,ineligible,lookahead_found;recursive_bias_found,,,true,51,baseline_excluded,jaredrsommer/freqtradestrategies,repos/jaredrsommer_freqtradestrategies/NoTankAi_17.py,15m,strategy,original,,,not_applicable,measured,validated,mode and direction agree with static source evidence,ml_freqai,intraday,complex,bear+range,,pending_dedicated_family_manifest
NOTankAi_19,futures_long_short,NOTankAi_19:09c6d6c3812b,not_scheduled,false,ineligible,lookahead_found;recursive_bias_found,,,true,149,baseline_excluded,jaredrsommer/freqtradestrategies,repos/jaredrsommer_freqtradestrategies/NoTankAi_19_1.py,15m,strategy,original,,,not_applicable,measured,validated,mode and direction agree with static source evidence,ml_freqai,intraday,complex,bear+range,,pending_dedicated_family_manifest
OmaGann,spot_long,OmaGann:aaffac4314de,B_warmup_refusal,true,ineligible,recursive_bias_found,,refused_no_warmup,true,11035,queued,jaredrsommer/freqtradestrategies,repos/jaredrsommer_freqtradestrategies/OmaGann (2).py,1h,strategy,original,,,not_applicable,not_run,review,enter_short is dormant without a literal can_short=true,unclear,intraday,simple,undetermined,,pending_dedicated_family_manifest
PnF,spot_long,PnF:e1ac0106dae9,C_measurement_recovery,true,ineligible,canonical_implementation_not_measured,native_mode_not_runtime_validated;lookahead_not_completed;recursive_bias_not_completed,,false,,queued,jaredrsommer/freqtradestrategies,repos/jaredrsommer_freqtradestrategies/PnF (copy).py,15m,strategy,original,,,not_applicable,not_run,provisional,mode and direction agree with static source evidence,volatility,intraday,moderate,high_vol,,pending_dedicated_family_manifest
TD,spot_long,TD:aa5f353feb76,not_scheduled,false,ineligible,recursive_bias_found,lookahead_not_completed,refused_no_warmup,true,6164,baseline_excluded,jaredrsommer/freqtradestrategies,repos/jaredrsommer_freqtradestrategies/TD.py,2h,strategy,repaired,class1,environment_compatibility,strict_equivalent,not_run,provisional,mode and direction agree with static source evidence,trend_following,intraday,moderate,bull,,pending_dedicated_family_manifest
TGMA,spot_long,TGMA:b16afc1c9ecd,A_pending_diagnostics,true,pending_diagnostics,,lookahead_not_completed,,true,8673,queued,jaredrsommer/freqtradestrategies,repos/jaredrsommer_freqtradestrategies/TGMA.py,1h,strategy,original,,,not_applicable,not_run,provisional,mode and direction agree with static source evidence,trend_following,intraday,moderate,bull,,pending_dedicated_family_manifest
TSPredict,futures_long,TSPredict:c4169a4567fe,not_scheduled,false,ineligible,lookahead_found,,,true,17958,baseline_excluded,jaredrsommer/freqtradestrategies,user_data/profile_repairs/TSPredict.py,1m,strategy,repaired,class2,pandas_writable_numpy,strict_equivalent,measured,review,enter_short is dormant without a literal can_short=true,breakout,scalp,complex,transition+high_vol,,pending_dedicated_family_manifest
TankAi,spot_long,TankAi:1b3f87e3240a,C_measurement_recovery,true,ineligible,canonical_implementation_not_measured,native_mode_not_runtime_validated;lookahead_not_completed;recursive_bias_not_completed,,false,,queued,jaredrsommer/freqtradestrategies,repos/jaredrsommer_freqtradestrategies/TankAi.py,30m,strategy,original,,,not_applicable,not_run,provisional,mode and direction agree with static source evidence,ml_freqai,intraday,complex,undetermined,,pending_dedicated_family_manifest
TankAiRevival,spot_long,TankAiRevival:17c10a7b15de,C_measurement_recovery,true,ineligible,canonical_implementation_not_measured,native_mode_not_runtime_validated;lookahead_not_completed;recursive_bias_not_completed,,false,,queued,jaredrsommer/freqtradestrategies,repos/jaredrsommer_freqtradestrategies/TankAiRevival.py,30m,strategy,original,,,not_applicable,not_run,provisional,mode and direction agree with static source evidence,ml_freqai,intraday,complex,undetermined,,pending_dedicated_family_manifest
TwoCandle,spot_long,TwoCandle:461de9e30dbf,B_warmup_refusal,true,ineligible,recursive_bias_found,,refused_no_warmup,true,18935,queued,jaredrsommer/freqtradestrategies,repos/jaredrsommer_freqtradestrategies/TwoCandle.py,1h,strategy,original,,,not_applicable,not_run,provisional,mode and direction agree with static source evidence,unclear,intraday,simple,undetermined,,pending_dedicated_family_manifest
TwoCandleTheory,spot_long,TwoCandleTheory:6986bca4e8c7,C_measurement_recovery,true,ineligible,canonical_implementation_not_measured,native_mode_not_runtime_validated;lookahead_not_completed,,false,,queued,jaredrsommer/freqtradestrategies,repos/jaredrsommer_freqtradestrategies/TwoCandleTheory (2).py,5m,strategy,original,,,not_applicable,not_run,review,enter_short is dormant without a literal can_short=true,trend_following,scalp,moderate,bull,,pending_dedicated_family_manifest
WTAI,spot_long,WTAI:6d04438de623,C_measurement_recovery,true,ineligible,canonical_implementation_not_measured,native_mode_not_runtime_validated;lookahead_not_completed;recursive_bias_not_completed,,false,,queued,jaredrsommer/freqtradestrategies,repos/jaredrsommer_freqtradestrategies/WTAI.py,15m,strategy,original,,,not_applicable,not_run,provisional,mode and direction agree with static source evidence,ml_freqai,intraday,complex,undetermined,,pending_dedicated_family_manifest
WTHO,spot_long,WTHO:7af6a1aa9c15,C_measurement_recovery,true,ineligible,canonical_implementation_not_measured,native_mode_not_runtime_validated;lookahead_not_completed;recursive_bias_not_completed,,false,,queued,jaredrsommer/freqtradestrategies,repos/jaredrsommer_freqtradestrategies/WTHO.py,2h,strategy,original,,,not_applicable,not_run,provisional,mode and direction agree with static source evidence,trend_following,intraday,simple,bull,,pending_dedicated_family_manifest
WTRSIAI,spot_long,WTRSIAI:071d8b0b26eb,C_measurement_recovery,true,ineligible,canonical_implementation_not_measured,native_mode_not_runtime_validated;lookahead_not_completed;recursive_bias_not_completed,,false,,queued,jaredrsommer/freqtradestrategies,repos/jaredrsommer_freqtradestrategies/WTRSIAI.py,1h,strategy,original,,,not_applicable,not_run,provisional,mode and direction agree with static source evidence,ml_freqai,intraday,complex,undetermined,,pending_dedicated_family_manifest
thetank2,spot_long,thetank2:21a65f749e60,C_measurement_recovery,true,ineligible,canonical_implementation_not_measured,native_mode_not_runtime_validated;lookahead_not_completed;recursive_bias_not_completed,,false,,queued,jaredrsommer/freqtradestrategies,repos/jaredrsommer_freqtradestrategies/battletank.py,15m,strategy,original,,,not_applicable,not_run,provisional,mode and direction agree with static source evidence,trend_following,intraday,complex,bull,,pending_dedicated_family_manifest
cryptotank,spot_long,cryptotank:41383d412b01,E0_strict67,true,eligible,,,,true,2312,admitted_E0,jaredrsommer/freqtradestrategies,repos/jaredrsommer_freqtradestrategies/cryptotank.py,1h,strategy,original,,,not_applicable,not_run,provisional,mode and direction agree with static source evidence,trend_following,intraday,moderate,bull,,pending_dedicated_family_manifest
cryptotankV2,spot_long,cryptotankV2:03462ce6dd61,D_recursive_drift,true,ineligible,recursive_bias_found,,drift_measured,true,770,queued,jaredrsommer/freqtradestrategies,repos/jaredrsommer_freqtradestrategies/cryptotankV2.py,5m,strategy,repaired,class1,environment_compatibility,strict_equivalent,not_run,provisional,mode and direction agree with static source evidence,trend_following,scalp,complex,bull,,pending_dedicated_family_manifest
cryptotankV5,spot_long,cryptotankV5:4b4c5a0ba78c,E0_strict67,true,eligible,,,,true,4782,admitted_E0,jaredrsommer/freqtradestrategies,repos/jaredrsommer_freqtradestrategies/cryptotankV5.py,15m,strategy,original,,,not_applicable,not_run,provisional,mode and direction agree with static source evidence,trend_following,intraday,complex,bull,,pending_dedicated_family_manifest
eltoro,spot_long,eltoro:b5c100d910d9,D_recursive_drift,true,ineligible,recursive_bias_found,,drift_measured,true,3704,queued,jaredrsommer/freqtradestrategies,repos/jaredrsommer_freqtradestrategies/eltoro.py,15m,strategy,original,,,not_applicable,not_run,provisional,mode and direction agree with static source evidence,trend_following,intraday,complex,bull,,pending_dedicated_family_manifest
eltoro1_4,spot_long,eltoro1_4:d0c12172db1a,D_recursive_drift,true,ineligible,recursive_bias_found,,drift_measured,true,2393,queued,jaredrsommer/freqtradestrategies,repos/jaredrsommer_freqtradestrategies/eltoro1_4 (copy).py,1h,strategy,original,,,not_applicable,not_run,provisional,mode and direction agree with static source evidence,trend_following,intraday,complex,bull,,pending_dedicated_family_manifest
eltoro1_4_simple,spot_long,eltoro1_4_simple:cbce3878912e,D_recursive_drift,true,ineligible,recursive_bias_found,,drift_measured,true,2417,queued,jaredrsommer/freqtradestrategies,repos/jaredrsommer_freqtradestrategies/eltoro1_4_simple.py,15m,strategy,original,,,not_applicable,not_run,provisional,mode and direction agree with static source evidence,trend_following,intraday,complex,bull,,pending_dedicated_family_manifest
grad,spot_long,grad:39dd0c89ec99,not_scheduled,false,ineligible,lookahead_found,,,true,27088,baseline_excluded,jaredrsommer/freqtradestrategies,repos/jaredrsommer_freqtradestrategies/grad (copy).py,1h,strategy,original,,,not_applicable,not_run,provisional,mode and direction agree with static source evidence,trend_following,intraday,moderate,bull,,pending_dedicated_family_manifest
haGradient,futures_long,haGradient:ebeacb1830a6,A_pending_diagnostics,true,pending_diagnostics,,lookahead_not_completed;recursive_bias_not_completed;futures_mode_bias_diagnostics_not_completed,,true,38,queued,jaredrsommer/freqtradestrategies,repos/jaredrsommer_freqtradestrategies/haGradient (copy).py,15m,strategy,original,,,not_applicable,measured,review,can_short=true but no explicit enter_short write,unclear,intraday,moderate,undetermined,,pending_dedicated_family_manifest
kalthetank,spot_long,kalthetank:07482022a935,A_pending_diagnostics,true,pending_diagnostics,,lookahead_not_completed;recursive_bias_not_completed,,true,172,queued,jaredrsommer/freqtradestrategies,repos/jaredrsommer_freqtradestrategies/kalthetank (2).py,1h,strategy,original,,,not_applicable,not_run,provisional,mode and direction agree with static source evidence,trend_following,intraday,complex,bull,,pending_dedicated_family_manifest
lambotest,spot_long,lambotest:2a23b45656c7,D_recursive_drift,true,ineligible,recursive_bias_found,,drift_measured,true,20114,queued,jaredrsommer/freqtradestrategies,repos/jaredrsommer_freqtradestrategies/lambo_testing.py,5m,strategy,original,,,not_applicable,not_run,provisional,mode and direction agree with static source evidence,volatility,scalp,moderate,high_vol,,pending_dedicated_family_manifest
moonhouse,spot_long,moonhouse:92e3da7800ab,not_scheduled,false,ineligible,recursive_bias_found,lookahead_not_completed,refused_no_warmup,true,96,baseline_excluded,jaredrsommer/freqtradestrategies,repos/jaredrsommer_freqtradestrategies/moonhouse.py,1d,strategy,original,,,not_applicable,not_run,provisional,mode and direction agree with static source evidence,trend_following,position,simple,bull,,pending_dedicated_family_manifest
pcb20,spot_long,pcb20:3e410200fd86,not_scheduled,false,ineligible,recursive_bias_found,,,true,2698,baseline_excluded,jaredrsommer/freqtradestrategies,repos/jaredrsommer_freqtradestrategies/pcb20.py,6h,strategy,repaired,class1,environment_compatibility,strict_equivalent,not_run,provisional,mode and direction agree with static source evidence,trend_following,swing,moderate,bull,,pending_dedicated_family_manifest
qrsi,spot_long,qrsi:12f29e1936ac,not_scheduled,false,ineligible,canonical_implementation_not_measured;recursive_bias_found,native_mode_not_runtime_validated;lookahead_not_completed,refused_no_warmup,false,,baseline_excluded,jaredrsommer/freqtradestrategies,repos/jaredrsommer_freqtradestrategies/qrsi.py,15m,strategy,original,,,not_applicable,not_run,review,enter_short is dormant without a literal can_short=true,mean_reversion,intraday,simple,range,,pending_dedicated_family_manifest
slope_is_dopeCT,spot_long,slope_is_dopeCT:515c459225a6,D_recursive_drift,true,ineligible,recursive_bias_found,,drift_measured,true,821,queued,jaredrsommer/freqtradestrategies,repos/jaredrsommer_freqtradestrategies/slope_is_dopeCT.py,15m,strategy,original,,,not_applicable,not_run,provisional,mode and direction agree with static source evidence,hybrid,intraday,moderate,undetermined,,pending_dedicated_family_manifest
tacos,spot_long,tacos:ae8314bb1591,D_recursive_drift,true,ineligible,recursive_bias_found,,drift_measured,true,881,queued,jaredrsommer/freqtradestrategies,repos/jaredrsommer_freqtradestrategies/tacos.py,1d,strategy,original,,,not_applicable,not_run,provisional,mode and direction agree with static source evidence,trend_following,position,moderate,bull,,pending_dedicated_family_manifest
tacos1,spot_long,tacos1:5b2302553b14,not_scheduled,false,ineligible,canonical_implementation_not_measured;recursive_bias_found,native_mode_not_runtime_validated;lookahead_not_completed,refused_no_warmup,false,,baseline_excluded,jaredrsommer/freqtradestrategies,repos/jaredrsommer_freqtradestrategies/tacos1.py,6h,strategy,original,,,not_applicable,not_run,provisional,mode and direction agree with static source evidence,trend_following,swing,simple,bull,,pending_dedicated_family_manifest
thetank3,spot_long,thetank3:2466965f729d,D_recursive_drift,true,ineligible,recursive_bias_found,,drift_measured,true,8620,queued,jaredrsommer/freqtradestrategies,repos/jaredrsommer_freqtradestrategies/thetank3.py,15m,strategy,original,,,not_applicable,not_run,provisional,mode and direction agree with static source evidence,trend_following,intraday,complex,bull,,pending_dedicated_family_manifest
thetank4TV,spot_long,thetank4TV:9fe5ddb64e11,D_recursive_drift,true,ineligible,recursive_bias_found,,drift_measured,true,3023,queued,jaredrsommer/freqtradestrategies,repos/jaredrsommer_freqtradestrategies/thetank4TV.py,15m,strategy,original,,,not_applicable,not_run,provisional,mode and direction agree with static source evidence,trend_following,intraday,complex,bull,,pending_dedicated_family_manifest
tsp0chicken,futures_long,tsp0chicken:9a34b8c85979,not_scheduled,false,ineligible,lookahead_found,recursive_bias_not_completed;futures_mode_bias_diagnostics_not_completed,,true,3675,baseline_excluded,jaredrsommer/freqtradestrategies,user_data/profile_repairs/tsp0chicken.py,5m,strategy,repaired,class2,pandas_writable_numpy,strict_equivalent,measured,review,enter_short is dormant without a literal can_short=true,mean_reversion,scalp,moderate,range,,pending_dedicated_family_manifest
turbov8,spot_long,turbov8:aa8407aa2b70,not_scheduled,false,ineligible,canonical_implementation_not_measured;recursive_bias_found,native_mode_not_runtime_validated;lookahead_not_completed,drift_measured,false,,baseline_excluded,jaredrsommer/freqtradestrategies,repos/jaredrsommer_freqtradestrategies/turbov8.py,5m,strategy,original,,,not_applicable,not_run,provisional,mode and direction agree with static source evidence,trend_following,scalp,moderate,bull,,pending_dedicated_family_manifest
ultratank,spot_long,ultratank:2f0bd946b72a,D_recursive_drift,true,ineligible,recursive_bias_found,,drift_measured,true,3076,queued,jaredrsommer/freqtradestrategies,repos/jaredrsommer_freqtradestrategies/ultratank (copy).py,1h,strategy,original,,,not_applicable,not_run,provisional,mode and direction agree with static source evidence,trend_following,intraday,complex,bull,,pending_dedicated_family_manifest
wavetrend,spot_long,wavetrend:ae86c4964e9d,D_recursive_drift,true,ineligible,recursive_bias_found,,drift_measured,true,4691,queued,jaredrsommer/freqtradestrategies,repos/jaredrsommer_freqtradestrategies/wavetrend.py,1h,strategy,original,,,not_applicable,not_run,provisional,mode and direction agree with static source evidence,trend_following,intraday,moderate,bull,,pending_dedicated_family_manifest
wavetrend_rsi,spot_long,wavetrend_rsi:580f3de9c8ed,D_recursive_drift,true,ineligible,recursive_bias_found,,drift_measured,true,5240,queued,jaredrsommer/freqtradestrategies,repos/jaredrsommer_freqtradestrategies/wavetrend_rsi.py,1h,strategy,original,,,not_applicable,not_run,provisional,mode and direction agree with static source evidence,trend_following,intraday,moderate,bull,,pending_dedicated_family_manifest
RLAgentStrategy,futures_long,RLAgentStrategy:174aea157e75,C_measurement_recovery,true,ineligible,canonical_implementation_not_measured,native_mode_not_runtime_validated;lookahead_not_completed;recursive_bias_not_completed,,false,,queued,jerome-benoit/freqai-strategies,repos/jerome-benoit_freqai-strategies/ReforceXY/user_data/strategies/RLAgentStrategy.py,5m,strategy,original,,,not_applicable,failed,review,enter_short is dormant without a literal can_short=true,ml_freqai,unknown,simple,undetermined,,pending_dedicated_family_manifest
FileLoadingStrategy,spot_long,FileLoadingStrategy:b284635634ec,C_measurement_recovery,true,ineligible,canonical_implementation_not_measured,native_mode_not_runtime_validated;lookahead_not_completed;exact_regime_window_coverage_not_verified,,false,,queued,keithorange/FreqTradeCustomOrders,repos/keithorange_FreqTradeCustomOrders/file_loading_strategy.py,,strategy,original,,,not_applicable,not_run,provisional,mode and direction agree with static source evidence,unclear,unknown,simple,undetermined,,pending_dedicated_family_manifest
FreqaiExampleHybridStrategy,futures_long_short,FreqaiExampleHybridStrategy:d73c506d5d96,C_measurement_recovery,true,ineligible,canonical_implementation_not_measured,native_mode_not_runtime_validated;lookahead_not_completed;recursive_bias_not_completed,,false,,queued,markdregan/FreqAI-Marcos-Lopez-De-Prado,repos/markdregan_FreqAI-Marcos-Lopez-De-Prado/freqtrade/templates/FreqaiExampleHybridStrategy.py,3m,strategy,original,,,not_applicable,failed,provisional,mode and direction agree with static source evidence,ml_freqai,unknown,simple,bear+range,,pending_dedicated_family_manifest
TestStrategyNoImplements,unknown,TestStrategyNoImplements:51fa5dd7dbd2,C_measurement_recovery,true,ineligible,canonical_implementation_not_measured,execution_profile_unresolved;artifact_role_requires_review;native_mode_not_runtime_validated;lookahead_not_completed;recursive_bias_not_completed;exact_regime_window_coverage_not_verified,,false,,queued,markdregan/FreqAI-Marcos-Lopez-De-Prado,repos/markdregan_FreqAI-Marcos-Lopez-De-Prado/tests/strategy/strats/broken_strats/broken_futures_strategies.py,,test_candidate,original,,,not_applicable,not_run,review,no explicit long or short entry write; futures intent inferred only from path/name,unclear,unknown,simple,undetermined,,pending_dedicated_family_manifest
TestStrategyLegacyV1,spot_long,TestStrategyLegacyV1:758711885d2b,C_measurement_recovery,true,ineligible,canonical_implementation_not_measured,artifact_role_requires_review;native_mode_not_runtime_validated;lookahead_not_completed;recursive_bias_not_completed,,false,,queued,markdregan/FreqAI-Marcos-Lopez-De-Prado,repos/markdregan_FreqAI-Marcos-Lopez-De-Prado/tests/strategy/strats/broken_strats/legacy_strategy_v1.py,5m,test_candidate,original,,,not_applicable,not_run,provisional,mode and direction agree with static source evidence,unclear,scalp,simple,undetermined,,pending_dedicated_family_manifest
freqai_rl_test_strat,spot_long,freqai_rl_test_strat:f3d475b41060,C_measurement_recovery,true,ineligible,canonical_implementation_not_measured,artifact_role_requires_review;native_mode_not_runtime_validated;lookahead_not_completed;recursive_bias_not_completed;exact_regime_window_coverage_not_verified,,false,,queued,markdregan/FreqAI-Marcos-Lopez-De-Prado,repos/markdregan_FreqAI-Marcos-Lopez-De-Prado/tests/strategy/strats/freqai_rl_test_strat.py,,test_candidate,original,,,not_applicable,not_run,review,enter_short is dormant without a literal can_short=true,ml_freqai,unknown,simple,undetermined,,pending_dedicated_family_manifest
freqai_test_classifier,spot_long,freqai_test_classifier:1b839f881104,C_measurement_recovery,true,ineligible,canonical_implementation_not_measured,artifact_role_requires_review;native_mode_not_runtime_validated;lookahead_not_completed;recursive_bias_not_completed;exact_regime_window_coverage_not_verified,,false,,queued,markdregan/FreqAI-Marcos-Lopez-De-Prado,repos/markdregan_FreqAI-Marcos-Lopez-De-Prado/tests/strategy/strats/freqai_test_classifier.py,,test_candidate,original,,,not_applicable,not_run,review,enter_short is dormant without a literal can_short=true,ml_freqai,unknown,moderate,undetermined,,pending_dedicated_family_manifest
freqai_test_multimodel_classifier_strat,spot_long,freqai_test_multimodel_classifier_strat:564e531102df,C_measurement_recovery,true,ineligible,canonical_implementation_not_measured,artifact_role_requires_review;native_mode_not_runtime_validated;lookahead_not_completed;recursive_bias_not_completed;exact_regime_window_coverage_not_verified,,false,,queued,markdregan/FreqAI-Marcos-Lopez-De-Prado,repos/markdregan_FreqAI-Marcos-Lopez-De-Prado/tests/strategy/strats/freqai_test_multimodel_classifier_strat.py,,test_candidate,original,,,not_applicable,not_run,review,enter_short is dormant without a literal can_short=true,ml_freqai,unknown,simple,undetermined,,pending_dedicated_family_manifest
freqai_test_multimodel_strat,spot_long,freqai_test_multimodel_strat:72c7222befb3,C_measurement_recovery,true,ineligible,canonical_implementation_not_measured,artifact_role_requires_review;native_mode_not_runtime_validated;lookahead_not_completed;recursive_bias_not_completed;exact_regime_window_coverage_not_verified,,false,,queued,markdregan/FreqAI-Marcos-Lopez-De-Prado,repos/markdregan_FreqAI-Marcos-Lopez-De-Prado/tests/strategy/strats/freqai_test_multimodel_strat.py,,test_candidate,original,,,not_applicable,not_run,review,enter_short is dormant without a literal can_short=true,ml_freqai,unknown,simple,undetermined,,pending_dedicated_family_manifest
freqai_test_strat,spot_long,freqai_test_strat:c13382d01f88,C_measurement_recovery,true,ineligible,canonical_implementation_not_measured,artifact_role_requires_review;native_mode_not_runtime_validated;lookahead_not_completed;recursive_bias_not_completed;exact_regime_window_coverage_not_verified,,false,,queued,markdregan/FreqAI-Marcos-Lopez-De-Prado,repos/markdregan_FreqAI-Marcos-Lopez-De-Prado/tests/strategy/strats/freqai_test_strat.py,,test_candidate,original,,,not_applicable,not_run,review,enter_short is dormant without a literal can_short=true,ml_freqai,unknown,simple,undetermined,,pending_dedicated_family_manifest
InformativeDecoratorTest,spot_long,InformativeDecoratorTest:223161d6b0e1,C_measurement_recovery,true,ineligible,canonical_implementation_not_measured,artifact_role_requires_review;native_mode_not_runtime_validated;lookahead_not_completed;recursive_bias_not_completed,,false,,queued,markdregan/FreqAI-Marcos-Lopez-De-Prado,repos/markdregan_FreqAI-Marcos-Lopez-De-Prado/tests/strategy/strats/informative_decorator_strategy.py,5m,test_candidate,original,,,not_applicable,not_run,provisional,mode and direction agree with static source evidence,unclear,scalp,simple,undetermined,,pending_dedicated_family_manifest
StrategyTestV2,spot_long,StrategyTestV2:af19a0888d23,not_scheduled,false,ineligible,recursive_bias_found,artifact_role_requires_review,drift_measured,true,26070,baseline_excluded,markdregan/FreqAI-Marcos-Lopez-De-Prado,repos/markdregan_FreqAI-Marcos-Lopez-De-Prado/tests/strategy/strats/strategy_test_v2.py,5m,test_candidate,original,,,not_applicable,not_run,provisional,mode and direction agree with static source evidence,trend_following,scalp,simple,bull,,pending_dedicated_family_manifest
StrategyTestV3,futures_long,StrategyTestV3:94fc2208a342,not_scheduled,false,ineligible,recursive_bias_found,artifact_role_requires_review;lookahead_not_completed;futures_mode_bias_diagnostics_not_completed,drift_measured,true,818,baseline_excluded,markdregan/FreqAI-Marcos-Lopez-De-Prado,repos/markdregan_FreqAI-Marcos-Lopez-De-Prado/tests/strategy/strats/strategy_test_v3.py,5m,test_candidate,original,,,not_applicable,measured,review,enter_short is dormant without a literal can_short=true; historical spot run succeeded despite futures intent,trend_following,scalp,moderate,bull,,pending_dedicated_family_manifest
LitmusMLDPStrategy,futures_long_short,LitmusMLDPStrategy:53e3331fc06d,C_measurement_recovery,true,ineligible,canonical_implementation_not_measured,native_mode_not_runtime_validated;lookahead_not_completed;recursive_bias_not_completed,,false,,queued,markdregan/FreqAI-Marcos-Lopez-De-Prado,repos/markdregan_FreqAI-Marcos-Lopez-De-Prado/user_data/strategies/LitmusMLDPStrategy.py,5m,strategy,original,,,not_applicable,failed,provisional,mode and direction agree with static source evidence,ml_freqai,unknown,moderate,bear+range,,pending_dedicated_family_manifest
LitmusMinMaxBroadClassificationStrategy,futures_long_short,LitmusMinMaxBroadClassificationStrategy:5f4d906d5e5a,C_measurement_recovery,true,ineligible,canonical_implementation_not_measured,native_mode_not_runtime_validated;lookahead_not_completed;recursive_bias_not_completed,,false,,queued,markdregan/FreqAI-Marcos-Lopez-De-Prado,repos/markdregan_FreqAI-Marcos-Lopez-De-Prado/user_data/strategies/LitmusMinMaxBroadClassificationStrategy.py,3m,strategy,original,,,not_applicable,failed,provisional,mode and direction agree with static source evidence,ml_freqai,unknown,moderate,bear+range,,pending_dedicated_family_manifest
LitmusMinMaxStrategy,futures_long_short,LitmusMinMaxStrategy:5033252dca2f,C_measurement_recovery,true,ineligible,canonical_implementation_not_measured,native_mode_not_runtime_validated;lookahead_not_completed;recursive_bias_not_completed,,false,,queued,markdregan/FreqAI-Marcos-Lopez-De-Prado,repos/markdregan_FreqAI-Marcos-Lopez-De-Prado/user_data/strategies/LitmusMinMaxStrategy.py,3m,strategy,original,,,not_applicable,failed,provisional,mode and direction agree with static source evidence,ml_freqai,unknown,moderate,bear+range,,pending_dedicated_family_manifest
LitmusMinMaxTrendStrategy,futures_long_short,LitmusMinMaxTrendStrategy:a1af3a42de96,C_measurement_recovery,true,ineligible,canonical_implementation_not_measured,native_mode_not_runtime_validated;lookahead_not_completed;recursive_bias_not_completed;exact_regime_window_coverage_not_verified,,false,,queued,markdregan/FreqAI-Marcos-Lopez-De-Prado,repos/markdregan_FreqAI-Marcos-Lopez-De-Prado/user_data/strategies/LitmusMinMaxTrendStrategy.py,,strategy,original,,,not_applicable,failed,provisional,mode and direction agree with static source evidence,ml_freqai,unknown,moderate,bear+range,,pending_dedicated_family_manifest
LitmusSimpleStrategy,futures_long_short,LitmusSimpleStrategy:6f8027fe2f0d,C_measurement_recovery,true,ineligible,canonical_implementation_not_measured,native_mode_not_runtime_validated;lookahead_not_completed;recursive_bias_not_completed;exact_regime_window_coverage_not_verified,,false,,queued,markdregan/FreqAI-Marcos-Lopez-De-Prado,repair/patched/repos/markdregan_FreqAI-Marcos-Lopez-De-Prado/user_data/strategies/LitmusSimpleStrategy.py,,strategy,repaired,class2,pandas_removed_keywords,strict_equivalent,failed,provisional,mode and direction agree with static source evidence,ml_freqai,unknown,complex,bear+range,,pending_dedicated_family_manifest
CopyLitmusMinMaxBroadClassificationStrategy,futures_long_short,CopyLitmusMinMaxBroadClassificationStrategy:871c27882e0c,C_measurement_recovery,true,ineligible,canonical_implementation_not_measured,native_mode_not_runtime_validated;lookahead_not_completed;recursive_bias_not_completed,,false,,queued,markdregan/FreqAI-Marcos-Lopez-De-Prado,repos/markdregan_FreqAI-Marcos-Lopez-De-Prado/user_data/strategies/deprecated/CopyLitmusMinMaxBroadClassificationStrategy.py,3m,strategy,original,,,not_applicable,failed,provisional,mode and direction agree with static source evidence,ml_freqai,unknown,complex,bear+range,,pending_dedicated_family_manifest
LitmusEntryRollClassificationStrategy,futures_long_short,LitmusEntryRollClassificationStrategy:eed405eff84b,C_measurement_recovery,true,ineligible,canonical_implementation_not_measured,native_mode_not_runtime_validated;lookahead_not_completed;recursive_bias_not_completed,,false,,queued,markdregan/FreqAI-Marcos-Lopez-De-Prado,repos/markdregan_FreqAI-Marcos-Lopez-De-Prado/user_data/strategies/deprecated/LitmusEntryRollClassificationStrategy.py,3m,strategy,original,,,not_applicable,failed,provisional,mode and direction agree with static source evidence,ml_freqai,unknown,complex,bear+range,,pending_dedicated_family_manifest
LitmusGoodMinMaxClassificationStrategy,futures_long_short,LitmusGoodMinMaxClassificationStrategy:18be38360de5,C_measurement_recovery,true,ineligible,canonical_implementation_not_measured,native_mode_not_runtime_validated;lookahead_not_completed;recursive_bias_not_completed;exact_regime_window_coverage_not_verified,,false,,queued,markdregan/FreqAI-Marcos-Lopez-De-Prado,repos/markdregan_FreqAI-Marcos-Lopez-De-Prado/user_data/strategies/deprecated/LitmusGoodMinMaxClassificationStrategy.py,,strategy,original,,,not_applicable,failed,provisional,mode and direction agree with static source evidence,ml_freqai,unknown,moderate,bear+range,,pending_dedicated_family_manifest
LitmusMetaStrategy,futures_long_short,LitmusMetaStrategy:0358c58a4bd8,C_measurement_recovery,true,ineligible,canonical_implementation_not_measured,native_mode_not_runtime_validated;lookahead_not_completed;recursive_bias_not_completed,,false,,queued,markdregan/FreqAI-Marcos-Lopez-De-Prado,repos/markdregan_FreqAI-Marcos-Lopez-De-Prado/user_data/strategies/deprecated/LitmusMetaStrategy.py,3m,strategy,original,,,not_applicable,failed,provisional,mode and direction agree with static source evidence,ml_freqai,unknown,simple,bear+range,,pending_dedicated_family_manifest
LitmusMinMaxClassificationStrategy,futures_long_short,LitmusMinMaxClassificationStrategy:2021ac520463,C_measurement_recovery,true,ineligible,canonical_implementation_not_measured,native_mode_not_runtime_validated;lookahead_not_completed;recursive_bias_not_completed,,false,,queued,markdregan/FreqAI-Marcos-Lopez-De-Prado,repos/markdregan_FreqAI-Marcos-Lopez-De-Prado/user_data/strategies/deprecated/LitmusMinMaxClassificationStrategy.py,3m,strategy,original,,,not_applicable,failed,provisional,mode and direction agree with static source evidence,ml_freqai,unknown,simple,bear+range,,pending_dedicated_family_manifest
LitmusMinMaxRegretClassificationStrategy,futures_long,LitmusMinMaxRegretClassificationStrategy:cfcc3b322ee4,C_measurement_recovery,true,ineligible,canonical_implementation_not_measured,native_mode_not_runtime_validated;lookahead_not_completed;recursive_bias_not_completed,,false,,queued,markdregan/FreqAI-Marcos-Lopez-De-Prado,repos/markdregan_FreqAI-Marcos-Lopez-De-Prado/user_data/strategies/deprecated/LitmusMinMaxRegretClassificationStrategy.py,3m,strategy,original,,,not_applicable,failed,review,can_short=true but no explicit enter_short write,ml_freqai,unknown,simple,undetermined,,pending_dedicated_family_manifest
LitmusMinMaxSegmentClassificationStrategy,futures_long_short,LitmusMinMaxSegmentClassificationStrategy:cf5f25e09bb1,C_measurement_recovery,true,ineligible,canonical_implementation_not_measured,native_mode_not_runtime_validated;lookahead_not_completed;recursive_bias_not_completed,,false,,queued,markdregan/FreqAI-Marcos-Lopez-De-Prado,repos/markdregan_FreqAI-Marcos-Lopez-De-Prado/user_data/strategies/deprecated/LitmusMinMaxSegmentClassificationStrategy.py,3m,strategy,original,,,not_applicable,failed,provisional,mode and direction agree with static source evidence,ml_freqai,unknown,simple,bear+range,,pending_dedicated_family_manifest
MultiTargetClassifierTestStrategy,spot_long,MultiTargetClassifierTestStrategy:670ae0a67d4e,C_measurement_recovery,true,ineligible,canonical_implementation_not_measured,native_mode_not_runtime_validated;lookahead_not_completed;recursive_bias_not_completed;exact_regime_window_coverage_not_verified,,false,,queued,markdregan/FreqAI-Marcos-Lopez-De-Prado,repos/markdregan_FreqAI-Marcos-Lopez-De-Prado/user_data/strategies/deprecated/MultiTargetClassifierTestStrategy.py,,strategy,original,,,not_applicable,not_run,review,enter_short is dormant without a literal can_short=true,ml_freqai,unknown,moderate,undetermined,,pending_dedicated_family_manifest
MultiTargetRegressorTestStrategy,spot_long,MultiTargetRegressorTestStrategy:90b21673d7e0,C_measurement_recovery,true,ineligible,canonical_implementation_not_measured,native_mode_not_runtime_validated;lookahead_not_completed;recursive_bias_not_completed;exact_regime_window_coverage_not_verified,,false,,queued,markdregan/FreqAI-Marcos-Lopez-De-Prado,repos/markdregan_FreqAI-Marcos-Lopez-De-Prado/user_data/strategies/deprecated/MultiTargetRegressorTestStrategy.py,,strategy,original,,,not_applicable,not_run,review,enter_short is dormant without a literal can_short=true,ml_freqai,unknown,moderate,undetermined,,pending_dedicated_family_manifest
BuyOrDie,spot_long,BuyOrDie:aa771c3bd658,B_warmup_refusal,true,ineligible,recursive_bias_found,,refused_no_warmup,true,3247,queued,mikedigriz/freqtrade-strategy-mikedigriz,repos/mikedigriz_freqtrade-strategy-mikedigriz/strategies/BuyOrDie.py,5m,strategy,original,,,not_applicable,not_run,provisional,mode and direction agree with static source evidence,unclear,scalp,simple,undetermined,,pending_dedicated_family_manifest
CCI_BB,spot_long,CCI_BB:6368aeed4ade,B_warmup_refusal,true,ineligible,recursive_bias_found,,refused_no_warmup,true,926,queued,mikedigriz/freqtrade-strategy-mikedigriz,repos/mikedigriz_freqtrade-strategy-mikedigriz/strategies/CCI_BB.py,5m,strategy,original,,,not_applicable,not_run,provisional,mode and direction agree with static source evidence,mean_reversion,scalp,simple,range,,pending_dedicated_family_manifest
EasyInEasyOut,spot_long,EasyInEasyOut:07e228cc77ef,B_warmup_refusal,true,ineligible,recursive_bias_found,,refused_no_warmup,true,17,queued,mikedigriz/freqtrade-strategy-mikedigriz,repos/mikedigriz_freqtrade-strategy-mikedigriz/strategies/EasyInEasyOut.py,1m,strategy,repaired,class1,environment_compatibility,strict_equivalent,not_run,provisional,mode and direction agree with static source evidence,unclear,scalp,simple,undetermined,,pending_dedicated_family_manifest
FisherHull,spot_long,FisherHull:39caa9bd4f6d,not_scheduled,false,ineligible,recursive_bias_found,lookahead_not_completed,refused_no_warmup,true,34,baseline_excluded,mikedigriz/freqtrade-strategy-mikedigriz,repos/mikedigriz_freqtrade-strategy-mikedigriz/strategies/FisherHull.py,1m,strategy,repaired,class1,environment_compatibility,strict_equivalent,not_run,provisional,mode and direction agree with static source evidence,mean_reversion,scalp,simple,range,,pending_dedicated_family_manifest
RSI_BB,spot_long,RSI_BB:a6b9af248ea0,B_warmup_refusal,true,ineligible,recursive_bias_found,,refused_no_warmup,true,14931,queued,mikedigriz/freqtrade-strategy-mikedigriz,repos/mikedigriz_freqtrade-strategy-mikedigriz/strategies/RSI_BB.py,15m,strategy,original,,,not_applicable,not_run,provisional,mode and direction agree with static source evidence,mean_reversion,intraday,simple,range,,pending_dedicated_family_manifest
SmartMoneyStrategy,spot_long,SmartMoneyStrategy:f89d1e0ec3dd,B_warmup_refusal,true,ineligible,recursive_bias_found,,refused_no_warmup,true,285,queued,mikedigriz/freqtrade-strategy-mikedigriz,repos/mikedigriz_freqtrade-strategy-mikedigriz/strategies/smart_money_strategy.py,30m,strategy,original,,,not_applicable,not_run,provisional,mode and direction agree with static source evidence,hybrid,intraday,simple,undetermined,,pending_dedicated_family_manifest
SmartMoneyStrategyHyperopt,spot_long,SmartMoneyStrategyHyperopt:f89d1e0ec3dd,not_scheduled,false,ineligible,canonical_implementation_not_measured;recursive_bias_found,native_mode_not_runtime_validated,refused_no_warmup,false,,baseline_excluded,mikedigriz/freqtrade-strategy-mikedigriz,repos/mikedigriz_freqtrade-strategy-mikedigriz/strategies/smart_money_strategy.py,1h,strategy,original,,,not_applicable,not_run,provisional,mode and direction agree with static source evidence,hybrid,intraday,simple,undetermined,,pending_dedicated_family_manifest
AdaptiveMAStrategy,spot_long,AdaptiveMAStrategy:e433e47eecf9,D_recursive_drift,true,ineligible,recursive_bias_found,,drift_measured,true,3195,queued,mlsys-io/PortfolioBench,repos/mlsys-io_PortfolioBench/strategy/AdaptiveMAStrategy.py,5m,strategy,repaired,class1,environment_compatibility,strict_equivalent,not_run,provisional,mode and direction agree with static source evidence,hybrid,scalp,simple,undetermined,,pending_dedicated_family_manifest
AdxStrengthStrategy,spot_long,AdxStrengthStrategy:05dcdcd84ce3,D_recursive_drift,true,ineligible,recursive_bias_found,,drift_measured,true,16952,queued,mlsys-io/PortfolioBench,repos/mlsys-io_PortfolioBench/strategy/AdxStrengthStrategy.py,5m,strategy,original,,,not_applicable,not_run,provisional,mode and direction agree with static source evidence,trend_following,scalp,simple,bull,,pending_dedicated_family_manifest
AroonTrendStrategy,spot_long,AroonTrendStrategy:bd7f1648080c,D_recursive_drift,true,ineligible,recursive_bias_found,,drift_measured,true,24271,queued,mlsys-io/PortfolioBench,repos/mlsys-io_PortfolioBench/strategy/AroonTrendStrategy.py,5m,strategy,original,,,not_applicable,not_run,provisional,mode and direction agree with static source evidence,trend_following,scalp,simple,bull,,pending_dedicated_family_manifest
AtrTrailingStopStrategy,spot_long,AtrTrailingStopStrategy:06dbc5df260c,D_recursive_drift,true,ineligible,recursive_bias_found,,drift_measured,true,24938,queued,mlsys-io/PortfolioBench,repos/mlsys-io_PortfolioBench/strategy/AtrTrailingStopStrategy.py,5m,strategy,original,,,not_applicable,not_run,provisional,mode and direction agree with static source evidence,trend_following,scalp,simple,bull,,pending_dedicated_family_manifest
BbWidthExpansionStrategy,spot_long,BbWidthExpansionStrategy:3b178d72d6f4,D_recursive_drift,true,ineligible,recursive_bias_found,,drift_measured,true,21692,queued,mlsys-io/PortfolioBench,repos/mlsys-io_PortfolioBench/strategy/BbWidthExpansionStrategy.py,5m,strategy,original,,,not_applicable,not_run,provisional,mode and direction agree with static source evidence,volatility,scalp,simple,high_vol,,pending_dedicated_family_manifest
BollingerBounceStrategy,spot_long,BollingerBounceStrategy:b3c5772fc44e,D_recursive_drift,true,ineligible,recursive_bias_found,,drift_measured,true,11490,queued,mlsys-io/PortfolioBench,repos/mlsys-io_PortfolioBench/strategy/BollingerBounceStrategy.py,5m,strategy,original,,,not_applicable,not_run,provisional,mode and direction agree with static source evidence,volatility,scalp,simple,high_vol,,pending_dedicated_family_manifest
BopTrendStrategy,spot_long,BopTrendStrategy:626c709bc693,D_recursive_drift,true,ineligible,recursive_bias_found,,drift_measured,true,24576,queued,mlsys-io/PortfolioBench,repos/mlsys-io_PortfolioBench/strategy/BopTrendStrategy.py,5m,strategy,original,,,not_applicable,not_run,provisional,mode and direction agree with static source evidence,trend_following,scalp,simple,bull,,pending_dedicated_family_manifest
BullishEngulfingStrategy,spot_long,BullishEngulfingStrategy:38b92699708a,D_recursive_drift,true,ineligible,recursive_bias_found,,drift_measured,true,24227,queued,mlsys-io/PortfolioBench,repos/mlsys-io_PortfolioBench/strategy/BullishEngulfingStrategy.py,5m,strategy,original,,,not_applicable,not_run,provisional,mode and direction agree with static source evidence,hybrid,scalp,simple,undetermined,,pending_dedicated_family_manifest
CciMeanReversionStrategy,spot_long,CciMeanReversionStrategy:34fb3f3169da,D_recursive_drift,true,ineligible,recursive_bias_found,,drift_measured,true,26207,queued,mlsys-io/PortfolioBench,repos/mlsys-io_PortfolioBench/strategy/CciMeanReversionStrategy.py,5m,strategy,original,,,not_applicable,not_run,provisional,mode and direction agree with static source evidence,mean_reversion,scalp,simple,range,,pending_dedicated_family_manifest
ChaikinMoneyFlowStrategy,spot_long,ChaikinMoneyFlowStrategy:963f862a2764,D_recursive_drift,true,ineligible,recursive_bias_found,,drift_measured,true,29264,queued,mlsys-io/PortfolioBench,repos/mlsys-io_PortfolioBench/strategy/ChaikinMoneyFlowStrategy.py,5m,strategy,original,,,not_applicable,not_run,provisional,mode and direction agree with static source evidence,hybrid,scalp,simple,undetermined,,pending_dedicated_family_manifest
CompositeScoreStrategy,spot_long,CompositeScoreStrategy:aaac0d704cb0,D_recursive_drift,true,ineligible,recursive_bias_found,,drift_measured,true,28771,queued,mlsys-io/PortfolioBench,repos/mlsys-io_PortfolioBench/strategy/CompositeScoreStrategy.py,5m,strategy,original,,,not_applicable,not_run,provisional,mode and direction agree with static source evidence,trend_following,scalp,simple,bull,,pending_dedicated_family_manifest
CoppockCurveStrategy,spot_long,CoppockCurveStrategy:1ed0624f28c5,D_recursive_drift,true,ineligible,recursive_bias_found,,drift_measured,true,22332,queued,mlsys-io/PortfolioBench,repos/mlsys-io_PortfolioBench/strategy/CoppockCurveStrategy.py,5m,strategy,original,,,not_applicable,not_run,provisional,mode and direction agree with static source evidence,trend_following,scalp,simple,bull,,pending_dedicated_family_manifest
DemaCrossStrategy,spot_long,DemaCrossStrategy:fc7d71098d70,D_recursive_drift,true,ineligible,recursive_bias_found,,drift_measured,true,21528,queued,mlsys-io/PortfolioBench,repos/mlsys-io_PortfolioBench/strategy/DemaCrossStrategy.py,5m,strategy,original,,,not_applicable,not_run,provisional,mode and direction agree with static source evidence,hybrid,scalp,simple,undetermined,,pending_dedicated_family_manifest
DonchianBreakoutStrategy,spot_long,DonchianBreakoutStrategy:dc7b4020e61f,D_recursive_drift,true,ineligible,recursive_bias_found,,drift_measured,true,21512,queued,mlsys-io/PortfolioBench,repos/mlsys-io_PortfolioBench/strategy/DonchianBreakoutStrategy.py,5m,strategy,original,,,not_applicable,not_run,provisional,mode and direction agree with static source evidence,hybrid,scalp,simple,undetermined,,pending_dedicated_family_manifest
EmaCrossStrategy,spot_long,EmaCrossStrategy:d0fbe1247f19,C_measurement_recovery,true,ineligible,canonical_implementation_not_measured,native_mode_not_runtime_validated;lookahead_not_completed;exact_regime_window_coverage_not_verified,,false,,queued,mlsys-io/PortfolioBench,repos/mlsys-io_PortfolioBench/strategy/EmaCrossStrategy.py,,strategy,original,,,not_applicable,not_run,provisional,mode and direction agree with static source evidence,unclear,unknown,simple,undetermined,,pending_dedicated_family_manifest
EmaRibbonStrategy,spot_long,EmaRibbonStrategy:fda28f1a1f9a,D_recursive_drift,true,ineligible,recursive_bias_found,,drift_measured,true,22752,queued,mlsys-io/PortfolioBench,repos/mlsys-io_PortfolioBench/strategy/EmaRibbonStrategy.py,5m,strategy,original,,,not_applicable,not_run,provisional,mode and direction agree with static source evidence,hybrid,scalp,simple,undetermined,,pending_dedicated_family_manifest
FisherTransformStrategy,spot_long,FisherTransformStrategy:0d6f65831da8,D_recursive_drift,true,ineligible,recursive_bias_found,,drift_measured,true,22576,queued,mlsys-io/PortfolioBench,repos/mlsys-io_PortfolioBench/strategy/FisherTransformStrategy.py,5m,strategy,original,,,not_applicable,not_run,provisional,mode and direction agree with static source evidence,hybrid,scalp,simple,undetermined,,pending_dedicated_family_manifest
GoldenCrossStrategy,spot_long,GoldenCrossStrategy:a4766e43da6c,D_recursive_drift,true,ineligible,recursive_bias_found,,drift_measured,true,5920,queued,mlsys-io/PortfolioBench,repos/mlsys-io_PortfolioBench/strategy/GoldenCrossStrategy.py,5m,strategy,original,,,not_applicable,not_run,provisional,mode and direction agree with static source evidence,hybrid,scalp,simple,undetermined,,pending_dedicated_family_manifest
HeikinAshiStrategy,spot_long,HeikinAshiStrategy:8eedba9514fa,D_recursive_drift,true,ineligible,recursive_bias_found,,drift_measured,true,26155,queued,mlsys-io/PortfolioBench,repos/mlsys-io_PortfolioBench/strategy/HeikinAshiStrategy.py,5m,strategy,original,,,not_applicable,not_run,provisional,mode and direction agree with static source evidence,trend_following,scalp,simple,bull,,pending_dedicated_family_manifest
HigherHighStrategy,spot_long,HigherHighStrategy:9105005ff090,D_recursive_drift,true,ineligible,recursive_bias_found,,drift_measured,true,26360,queued,mlsys-io/PortfolioBench,repos/mlsys-io_PortfolioBench/strategy/HigherHighStrategy.py,5m,strategy,original,,,not_applicable,not_run,provisional,mode and direction agree with static source evidence,trend_following,scalp,simple,bull,,pending_dedicated_family_manifest
IchimokuCloudStrategy,spot_long,IchimokuCloudStrategy:89fe46d5a673,not_scheduled,false,ineligible,lookahead_found;recursive_bias_found,,drift_measured,true,796,baseline_excluded,mlsys-io/PortfolioBench,repos/mlsys-io_PortfolioBench/strategy/IchimokuCloudStrategy.py,4h,strategy,original,,,not_applicable,not_run,provisional,mode and direction agree with static source evidence,unclear,swing,simple,undetermined,,pending_dedicated_family_manifest
IchimokuSimpleStrategy,spot_long,IchimokuSimpleStrategy:b3c90b912066,D_recursive_drift,true,ineligible,recursive_bias_found,,drift_measured,true,19831,queued,mlsys-io/PortfolioBench,repos/mlsys-io_PortfolioBench/strategy/IchimokuSimpleStrategy.py,5m,strategy,original,,,not_applicable,not_run,provisional,mode and direction agree with static source evidence,mean_reversion,scalp,simple,range,,pending_dedicated_family_manifest
KeltnerChannelStrategy,spot_long,KeltnerChannelStrategy:6570c306ac3e,D_recursive_drift,true,ineligible,recursive_bias_found,,drift_measured,true,16720,queued,mlsys-io/PortfolioBench,repos/mlsys-io_PortfolioBench/strategy/KeltnerChannelStrategy.py,5m,strategy,original,,,not_applicable,not_run,provisional,mode and direction agree with static source evidence,trend_following,scalp,simple,bull,,pending_dedicated_family_manifest
LinearRegressionStrategy,spot_long,LinearRegressionStrategy:98800ab5f934,D_recursive_drift,true,ineligible,recursive_bias_found,,drift_measured,true,24570,queued,mlsys-io/PortfolioBench,repos/mlsys-io_PortfolioBench/strategy/LinearRegressionStrategy.py,5m,strategy,original,,,not_applicable,not_run,provisional,mode and direction agree with static source evidence,hybrid,scalp,simple,undetermined,,pending_dedicated_family_manifest
MacdAdxStrategy,spot_long,MacdAdxStrategy:46b384f18d8c,D_recursive_drift,true,ineligible,recursive_bias_found,,drift_measured,true,27220,queued,mlsys-io/PortfolioBench,repos/mlsys-io_PortfolioBench/strategy/MacdAdxStrategy.py,5m,strategy,original,,,not_applicable,not_run,provisional,mode and direction agree with static source evidence,trend_following,scalp,simple,bull,,pending_dedicated_family_manifest
MacdZeroCrossStrategy,spot_long,MacdZeroCrossStrategy:b590a3add24b,D_recursive_drift,true,ineligible,recursive_bias_found,,drift_measured,true,29909,queued,mlsys-io/PortfolioBench,repos/mlsys-io_PortfolioBench/strategy/MacdZeroCrossStrategy.py,5m,strategy,original,,,not_applicable,not_run,provisional,mode and direction agree with static source evidence,momentum,scalp,simple,bull,,pending_dedicated_family_manifest
MlpSpeculativeStrategy,spot_long,MlpSpeculativeStrategy:95cb34966fc9,C_measurement_recovery,true,ineligible,canonical_implementation_not_measured,native_mode_not_runtime_validated;lookahead_not_completed;exact_regime_window_coverage_not_verified,,false,,queued,mlsys-io/PortfolioBench,repos/mlsys-io_PortfolioBench/strategy/MlpSpeculativeStrategy.py,,strategy,original,,,not_applicable,not_run,provisional,mode and direction agree with static source evidence,unclear,unknown,simple,undetermined,,pending_dedicated_family_manifest
MomentumScoreStrategy,spot_long,MomentumScoreStrategy:d21460ba0e97,D_recursive_drift,true,ineligible,recursive_bias_found,,drift_measured,true,27460,queued,mlsys-io/PortfolioBench,repos/mlsys-io_PortfolioBench/strategy/MomentumScoreStrategy.py,5m,strategy,original,,,not_applicable,not_run,provisional,mode and direction agree with static source evidence,trend_following,scalp,simple,bull,,pending_dedicated_family_manifest
MoneyFlowStrategy,spot_long,MoneyFlowStrategy:d38048d3a85c,D_recursive_drift,true,ineligible,recursive_bias_found,,drift_measured,true,19490,queued,mlsys-io/PortfolioBench,repos/mlsys-io_PortfolioBench/strategy/MoneyFlowStrategy.py,5m,strategy,original,,,not_applicable,not_run,provisional,mode and direction agree with static source evidence,mean_reversion,scalp,simple,range,,pending_dedicated_family_manifest
MultiFactorConfluenceStrategy,spot_long,MultiFactorConfluenceStrategy:676380749bed,D_recursive_drift,true,ineligible,recursive_bias_found,,drift_measured,true,5224,queued,mlsys-io/PortfolioBench,repos/mlsys-io_PortfolioBench/strategy/MultiFactorConfluenceStrategy.py,4h,strategy,original,,,not_applicable,not_run,provisional,mode and direction agree with static source evidence,mean_reversion,swing,simple,range,,pending_dedicated_family_manifest
ObvTrendStrategy,spot_long,ObvTrendStrategy:ff64402b7f36,D_recursive_drift,true,ineligible,recursive_bias_found,,drift_measured,true,26508,queued,mlsys-io/PortfolioBench,repos/mlsys-io_PortfolioBench/strategy/ObvTrendStrategy.py,5m,strategy,original,,,not_applicable,not_run,provisional,mode and direction agree with static source evidence,hybrid,scalp,simple,undetermined,,pending_dedicated_family_manifest
ParabolicSarStrategy,spot_long,ParabolicSarStrategy:4479f5253d31,D_recursive_drift,true,ineligible,recursive_bias_found,,drift_measured,true,24042,queued,mlsys-io/PortfolioBench,repos/mlsys-io_PortfolioBench/strategy/ParabolicSarStrategy.py,5m,strategy,original,,,not_applicable,not_run,provisional,mode and direction agree with static source evidence,trend_following,scalp,simple,bull,,pending_dedicated_family_manifest
PolymarketLogicalArbStrategy,spot_long,PolymarketLogicalArbStrategy:83ee08e69ba4,C_measurement_recovery,true,ineligible,canonical_implementation_not_measured,native_mode_not_runtime_validated;lookahead_not_completed;recursive_bias_not_completed,,false,,queued,mlsys-io/PortfolioBench,repos/mlsys-io_PortfolioBench/strategy/PolymarketLogicalArb/PolymarketLogicalArbStrategy.py,4h,strategy,original,,,not_applicable,not_run,provisional,mode and direction agree with static source evidence,unclear,swing,moderate,undetermined,,pending_dedicated_family_manifest
PolymarketMeanReversionStrategy,spot_long,PolymarketMeanReversionStrategy:6d6e2dbac397,C_measurement_recovery,true,ineligible,canonical_implementation_not_measured,native_mode_not_runtime_validated;lookahead_not_completed;exact_regime_window_coverage_not_verified,,false,,queued,mlsys-io/PortfolioBench,repos/mlsys-io_PortfolioBench/strategy/PolymarketMeanReversionStrategy.py,,strategy,original,,,not_applicable,not_run,provisional,mode and direction agree with static source evidence,unclear,unknown,simple,undetermined,,pending_dedicated_family_manifest
PolymarketMomentumStrategy,spot_long,PolymarketMomentumStrategy:2575d1935f95,C_measurement_recovery,true,ineligible,canonical_implementation_not_measured,native_mode_not_runtime_validated;lookahead_not_completed;exact_regime_window_coverage_not_verified,,false,,queued,mlsys-io/PortfolioBench,repos/mlsys-io_PortfolioBench/strategy/PolymarketMomentumStrategy.py,,strategy,original,,,not_applicable,not_run,provisional,mode and direction agree with static source evidence,unclear,unknown,simple,undetermined,,pending_dedicated_family_manifest
PpoMomentumStrategy,spot_long,PpoMomentumStrategy:fce3a828dd18,D_recursive_drift,true,ineligible,recursive_bias_found,,drift_measured,true,20537,queued,mlsys-io/PortfolioBench,repos/mlsys-io_PortfolioBench/strategy/PpoMomentumStrategy.py,5m,strategy,original,,,not_applicable,not_run,provisional,mode and direction agree with static source evidence,momentum,scalp,simple,bull,,pending_dedicated_family_manifest
PriceActionCandleStrategy,spot_long,PriceActionCandleStrategy:51d404e31d59,D_recursive_drift,true,ineligible,recursive_bias_found,,drift_measured,true,24545,queued,mlsys-io/PortfolioBench,repos/mlsys-io_PortfolioBench/strategy/PriceActionCandleStrategy.py,5m,strategy,original,,,not_applicable,not_run,provisional,mode and direction agree with static source evidence,volatility,scalp,simple,high_vol,,pending_dedicated_family_manifest
PriceChannelStrategy,spot_long,PriceChannelStrategy:4e6971429fb5,D_recursive_drift,true,ineligible,recursive_bias_found,,drift_measured,true,17105,queued,mlsys-io/PortfolioBench,repos/mlsys-io_PortfolioBench/strategy/PriceChannelStrategy.py,5m,strategy,original,,,not_applicable,not_run,provisional,mode and direction agree with static source evidence,hybrid,scalp,simple,undetermined,,pending_dedicated_family_manifest
RSI_EMA_strategy,spot_long,RSI_EMA_strategy:14bbc9a9afab,B_warmup_refusal,true,ineligible,recursive_bias_found,,refused_no_warmup,true,5240,queued,mlsys-io/PortfolioBench,repos/mlsys-io_PortfolioBench/strategy/RSI_EMA_strategy.py,5m,strategy,original,,,not_applicable,not_run,provisional,mode and direction agree with static source evidence,hybrid,scalp,simple,undetermined,,pending_dedicated_family_manifest
RocMomentumStrategy,spot_long,RocMomentumStrategy:166e223f73c4,D_recursive_drift,true,ineligible,recursive_bias_found,,drift_measured,true,26606,queued,mlsys-io/PortfolioBench,repos/mlsys-io_PortfolioBench/strategy/RocMomentumStrategy.py,5m,strategy,original,,,not_applicable,not_run,provisional,mode and direction agree with static source evidence,momentum,scalp,simple,bull,,pending_dedicated_family_manifest
RsiBollingerStrategy,spot_long,RsiBollingerStrategy:6a305d53819a,D_recursive_drift,true,ineligible,recursive_bias_found,,drift_measured,true,2885,queued,mlsys-io/PortfolioBench,repos/mlsys-io_PortfolioBench/strategy/RsiBollingerStrategy.py,1h,strategy,original,,,not_applicable,not_run,provisional,mode and direction agree with static source evidence,mean_reversion,intraday,simple,range,,pending_dedicated_family_manifest
RsiDivergenceStrategy,spot_long,RsiDivergenceStrategy:3a81b44a0d47,not_scheduled,false,ineligible,recursive_bias_found,lookahead_not_completed,drift_measured,true,474,baseline_excluded,mlsys-io/PortfolioBench,repos/mlsys-io_PortfolioBench/strategy/RsiDivergenceStrategy.py,5m,strategy,original,,,not_applicable,not_run,provisional,mode and direction agree with static source evidence,hybrid,scalp,simple,undetermined,,pending_dedicated_family_manifest
SqueezeMomentumStrategy,spot_long,SqueezeMomentumStrategy:d646adb5969c,D_recursive_drift,true,ineligible,recursive_bias_found,,drift_measured,true,23183,queued,mlsys-io/PortfolioBench,repos/mlsys-io_PortfolioBench/strategy/SqueezeMomentumStrategy.py,5m,strategy,original,,,not_applicable,not_run,provisional,mode and direction agree with static source evidence,volatility,scalp,simple,high_vol,,pending_dedicated_family_manifest
StochasticCciStrategy,spot_long,StochasticCciStrategy:d6babf5edab9,E0_strict67,true,eligible,,,,true,1325,admitted_E0,mlsys-io/PortfolioBench,repos/mlsys-io_PortfolioBench/strategy/StochasticCciStrategy.py,1h,strategy,original,,,not_applicable,not_run,provisional,mode and direction agree with static source evidence,mean_reversion,intraday,simple,range,,pending_dedicated_family_manifest
StochasticOversoldStrategy,spot_long,StochasticOversoldStrategy:68599ded4c36,D_recursive_drift,true,ineligible,recursive_bias_found,,drift_measured,true,23710,queued,mlsys-io/PortfolioBench,repos/mlsys-io_PortfolioBench/strategy/StochasticOversoldStrategy.py,5m,strategy,original,,,not_applicable,not_run,provisional,mode and direction agree with static source evidence,mean_reversion,scalp,simple,range,,pending_dedicated_family_manifest
StochasticRsiStrategy,spot_long,StochasticRsiStrategy:f4292b3f521c,D_recursive_drift,true,ineligible,recursive_bias_found,,drift_measured,true,24673,queued,mlsys-io/PortfolioBench,repos/mlsys-io_PortfolioBench/strategy/StochasticRsiStrategy.py,5m,strategy,original,,,not_applicable,not_run,provisional,mode and direction agree with static source evidence,hybrid,scalp,simple,undetermined,,pending_dedicated_family_manifest
TemaStrategy,spot_long,TemaStrategy:5e34ef95ca12,D_recursive_drift,true,ineligible,recursive_bias_found,,drift_measured,true,18093,queued,mlsys-io/PortfolioBench,repos/mlsys-io_PortfolioBench/strategy/TemaStrategy.py,5m,strategy,original,,,not_applicable,not_run,provisional,mode and direction agree with static source evidence,trend_following,scalp,simple,bull,,pending_dedicated_family_manifest
TrendAtrStrategy,spot_long,TrendAtrStrategy:951bd002344d,D_recursive_drift,true,ineligible,recursive_bias_found,,drift_measured,true,3067,queued,mlsys-io/PortfolioBench,repos/mlsys-io_PortfolioBench/strategy/TrendAtrStrategy.py,4h,strategy,original,,,not_applicable,not_run,provisional,mode and direction agree with static source evidence,trend_following,swing,simple,bull,,pending_dedicated_family_manifest
TripleEmaStrategy,spot_long,TripleEmaStrategy:9e11c65ddcfb,D_recursive_drift,true,ineligible,recursive_bias_found,,drift_measured,true,17670,queued,mlsys-io/PortfolioBench,repos/mlsys-io_PortfolioBench/strategy/TripleEmaStrategy.py,5m,strategy,original,,,not_applicable,not_run,provisional,mode and direction agree with static source evidence,hybrid,scalp,simple,undetermined,,pending_dedicated_family_manifest
TrixSignalStrategy,spot_long,TrixSignalStrategy:9eae9669c0a2,D_recursive_drift,true,ineligible,recursive_bias_found,,drift_measured,true,17885,queued,mlsys-io/PortfolioBench,repos/mlsys-io_PortfolioBench/strategy/TrixSignalStrategy.py,5m,strategy,original,,,not_applicable,not_run,provisional,mode and direction agree with static source evidence,momentum,scalp,simple,bull,,pending_dedicated_family_manifest
VolumeBreakoutStrategy,spot_long,VolumeBreakoutStrategy:67136cbb6998,D_recursive_drift,true,ineligible,recursive_bias_found,,drift_measured,true,16564,queued,mlsys-io/PortfolioBench,repos/mlsys-io_PortfolioBench/strategy/VolumeBreakoutStrategy.py,5m,strategy,original,,,not_applicable,not_run,provisional,mode and direction agree with static source evidence,mean_reversion,scalp,simple,range,,pending_dedicated_family_manifest
VortexStrategy,spot_long,VortexStrategy:2c4e17d1a332,D_recursive_drift,true,ineligible,recursive_bias_found,,drift_measured,true,29787,queued,mlsys-io/PortfolioBench,repos/mlsys-io_PortfolioBench/strategy/VortexStrategy.py,5m,strategy,original,,,not_applicable,not_run,provisional,mode and direction agree with static source evidence,hybrid,scalp,simple,undetermined,,pending_dedicated_family_manifest
VwapReversionStrategy,spot_long,VwapReversionStrategy:f19eb369d53f,D_recursive_drift,true,ineligible,recursive_bias_found,,drift_measured,true,22316,queued,mlsys-io/PortfolioBench,repos/mlsys-io_PortfolioBench/strategy/VwapReversionStrategy.py,5m,strategy,original,,,not_applicable,not_run,provisional,mode and direction agree with static source evidence,volatility,scalp,simple,high_vol,,pending_dedicated_family_manifest
WilliamsRStrategy,spot_long,WilliamsRStrategy:29ca8d32961c,D_recursive_drift,true,ineligible,recursive_bias_found,,drift_measured,true,26924,queued,mlsys-io/PortfolioBench,repos/mlsys-io_PortfolioBench/strategy/WilliamsRStrategy.py,5m,strategy,original,,,not_applicable,not_run,provisional,mode and direction agree with static source evidence,mean_reversion,scalp,simple,range,,pending_dedicated_family_manifest
ZScoreMeanReversionStrategy,spot_long,ZScoreMeanReversionStrategy:c7920975d8dd,not_scheduled,false,ineligible,recursive_bias_found,lookahead_not_completed,drift_measured,true,37,baseline_excluded,mlsys-io/PortfolioBench,repos/mlsys-io_PortfolioBench/strategy/ZScoreMeanReversionStrategy.py,4h,strategy,original,,,not_applicable,not_run,provisional,mode and direction agree with static source evidence,volatility,swing,simple,high_vol,,pending_dedicated_family_manifest
adaptive_trend,spot_long,adaptive_trend:61efb0b6ba37,E0_strict67,true,eligible,,,,true,322,admitted_E0,mlsys-io/PortfolioBench,repos/mlsys-io_PortfolioBench/strategy/adaptive_trend/adaptive_trend.py,4h,strategy,original,,,not_applicable,not_run,review,enter_short is dormant without a literal can_short=true,volatility,swing,simple,high_vol,,pending_dedicated_family_manifest
beta_factors_model,spot_long,beta_factors_model:08ea4ba32ec4,C_measurement_recovery,true,ineligible,canonical_implementation_not_measured,native_mode_not_runtime_validated;lookahead_not_completed;recursive_bias_not_completed;exact_regime_window_coverage_not_verified,,false,,queued,mlsys-io/PortfolioBench,repos/mlsys-io_PortfolioBench/strategy/crypto_factors_regression/beta_factors_model.py,1w,strategy,original,,,not_applicable,not_run,provisional,mode and direction agree with static source evidence,unclear,position,moderate,undetermined,,pending_dedicated_family_manifest
DualModelPolymarketPortfolio,spot_long,DualModelPolymarketPortfolio:b5657298b51b,C_measurement_recovery,true,ineligible,canonical_implementation_not_measured,native_mode_not_runtime_validated;lookahead_not_completed,,false,,queued,mlsys-io/PortfolioBench,repos/mlsys-io_PortfolioBench/user_data/strategies/DualModelPolymarketPortfolio.py,1h,strategy,original,,,not_applicable,not_run,provisional,mode and direction agree with static source evidence,unclear,intraday,simple,undetermined,,pending_dedicated_family_manifest
ONS_Portfolio,spot_long,ONS_Portfolio:3cba87a36373,not_scheduled,false,ineligible,canonical_implementation_not_measured;recursive_bias_found,native_mode_not_runtime_validated;lookahead_not_completed,refused_no_warmup,false,,baseline_excluded,mlsys-io/PortfolioBench,repos/mlsys-io_PortfolioBench/user_data/strategies/ONS.py,5m,strategy,original,,,not_applicable,not_run,provisional,mode and direction agree with static source evidence,unclear,scalp,simple,undetermined,,pending_dedicated_family_manifest
BestSingleAssetPortfolio,spot_long,BestSingleAssetPortfolio:4bed0c1f754c,C_measurement_recovery,true,ineligible,canonical_implementation_not_measured,native_mode_not_runtime_validated;lookahead_not_completed;recursive_bias_not_completed,,false,,queued,mlsys-io/PortfolioBench,repos/mlsys-io_PortfolioBench/user_data/strategies/best_single_asset.py,1d,strategy,original,,,not_applicable,not_run,provisional,mode and direction agree with static source evidence,unclear,position,simple,undetermined,,pending_dedicated_family_manifest
ExponentialGradientPortfolio,spot_long,ExponentialGradientPortfolio:7b02d9f23469,C_measurement_recovery,true,ineligible,canonical_implementation_not_measured,native_mode_not_runtime_validated;lookahead_not_completed,,false,,queued,mlsys-io/PortfolioBench,repos/mlsys-io_PortfolioBench/user_data/strategies/exp_gradient.py,5m,strategy,original,,,not_applicable,not_run,provisional,mode and direction agree with static source evidence,unclear,scalp,simple,undetermined,,pending_dedicated_family_manifest
InverseVolatilityPortfolio,spot_long,InverseVolatilityPortfolio:72b09bfee3e1,A_pending_diagnostics,true,pending_diagnostics,,lookahead_not_completed,,true,24,queued,mlsys-io/PortfolioBench,repos/mlsys-io_PortfolioBench/user_data/strategies/inv_vol.py,1d,strategy,original,,,not_applicable,not_run,provisional,mode and direction agree with static source evidence,unclear,position,simple,undetermined,,pending_dedicated_family_manifest
MaxSharpePortfolio,spot_long,MaxSharpePortfolio:84faf7b45c84,not_scheduled,false,ineligible,lookahead_found,,,true,72,baseline_excluded,mlsys-io/PortfolioBench,repos/mlsys-io_PortfolioBench/user_data/strategies/max_sharpe.py,1d,strategy,original,,,not_applicable,not_run,provisional,mode and direction agree with static source evidence,unclear,position,simple,undetermined,,pending_dedicated_family_manifest
MinimumVariancePortfolio,spot_long,MinimumVariancePortfolio:b4245dfd2479,not_scheduled,false,ineligible,lookahead_found,,,true,116,baseline_excluded,mlsys-io/PortfolioBench,repos/mlsys-io_PortfolioBench/user_data/strategies/min_var.py,1d,strategy,original,,,not_applicable,not_run,provisional,mode and direction agree with static source evidence,unclear,position,simple,undetermined,,pending_dedicated_family_manifest
PolymarketPortfolio,spot_long,PolymarketPortfolio:e2e94d910e9b,not_scheduled,false,ineligible,recursive_bias_found,lookahead_not_completed,refused_no_warmup,true,405,baseline_excluded,mlsys-io/PortfolioBench,repos/mlsys-io_PortfolioBench/user_data/strategies/polymarket_portfolio.py,4h,strategy,original,,,not_applicable,not_run,provisional,mode and direction agree with static source evidence,unclear,swing,simple,undetermined,,pending_dedicated_family_manifest
RiskParityPortfolio,spot_long,RiskParityPortfolio:50273073b255,A_pending_diagnostics,true,pending_diagnostics,,lookahead_not_completed,,true,23,queued,mlsys-io/PortfolioBench,repos/mlsys-io_PortfolioBench/user_data/strategies/risk_parity.py,1d,strategy,original,,,not_applicable,not_run,provisional,mode and direction agree with static source evidence,unclear,position,simple,undetermined,,pending_dedicated_family_manifest
BasketStrategy,spot_long,BasketStrategy:62db440f4ec0,C_measurement_recovery,true,ineligible,canonical_implementation_not_measured,native_mode_not_runtime_validated;lookahead_not_completed,,false,,queued,nateemma/strategies,repos/nateemma_strategies/Basket/BasketStrategy.py,4h,strategy,original,,,not_applicable,not_run,provisional,mode and direction agree with static source evidence,volatility,swing,moderate,high_vol,,pending_dedicated_family_manifest
MomentumRegimeBasket,spot_long,MomentumRegimeBasket:6992337acd7a,not_scheduled,false,ineligible,lookahead_found,,,true,345,baseline_excluded,nateemma/strategies,repos/nateemma_strategies/Basket/MomentumRegimeBasket.py,1d,strategy,original,,,not_applicable,not_run,provisional,mode and direction agree with static source evidence,unclear,position,simple,undetermined,,pending_dedicated_family_manifest
MomentumRegimeBasket15m,spot_long,MomentumRegimeBasket15m:829b82907c19,C_measurement_recovery,true,ineligible,canonical_implementation_not_measured,native_mode_not_runtime_validated;lookahead_not_completed;recursive_bias_not_completed,,false,,queued,nateemma/strategies,repos/nateemma_strategies/Basket/MomentumRegimeBasket15m.py,15m,strategy,original,,,not_applicable,not_run,provisional,mode and direction agree with static source evidence,unclear,intraday,moderate,undetermined,,pending_dedicated_family_manifest
BaseStrategy,spot_long,BaseStrategy:95853455a615,C_measurement_recovery,true,ineligible,canonical_implementation_not_measured,native_mode_not_runtime_validated;lookahead_not_completed,,false,,queued,nateemma/strategies,repos/nateemma_strategies/Framework/BaseStrategy.py,15m,strategy,original,,,not_applicable,not_run,provisional,mode and direction agree with static source evidence,unclear,intraday,moderate,undetermined,,pending_dedicated_family_manifest
FundingCarry,spot_long,FundingCarry:8be37d5f04e7,C_measurement_recovery,true,ineligible,canonical_implementation_not_measured,native_mode_not_runtime_validated;lookahead_not_completed,,false,,queued,nateemma/strategies,repos/nateemma_strategies/Funding/FundingCarry.py,1h,strategy,original,,,not_applicable,not_run,provisional,mode and direction agree with static source evidence,unclear,intraday,simple,undetermined,,pending_dedicated_family_manifest
BuyRegions,spot_long,BuyRegions:837173d07b03,E0_strict67,true,eligible,,,,true,4672,admitted_E0,nateemma/strategies,repos/nateemma_strategies/TSPredict/BuyRegions.py,5m,strategy,repaired,class1,environment_compatibility,strict_equivalent,not_run,provisional,mode and direction agree with static source evidence,volatility,scalp,moderate,high_vol,,pending_dedicated_family_manifest
Proton,futures_long_short,Proton:8e806ac9c4f6,C_measurement_recovery,true,ineligible,canonical_implementation_not_measured,native_mode_not_runtime_validated;lookahead_not_completed;recursive_bias_not_completed,,false,,queued,obseries/freqtrade-strategy-ichiv1,repos/obseries_freqtrade-strategy-ichiv1/user_data/strategies/proton.py,3m,strategy,original,,,not_applicable,failed,provisional,mode and direction agree with static source evidence,ml_freqai,scalp,moderate,bear+range,,pending_dedicated_family_manifest
ClucHAnix_5M_E0V1E,spot_long,ClucHAnix_5M_E0V1E:5ff6ead9232e,E0_strict67,true,eligible,,,,true,5459,admitted_E0,phuchust/freqtrade_strategy,repos/phuchust_freqtrade_strategy/ClucHAnix_5M_E0V1E_DYNAMIC_TB.py,5m,strategy,original,,,not_applicable,not_run,provisional,mode and direction agree with static source evidence,momentum,scalp,moderate,bull,,pending_dedicated_family_manifest
bbandrsi,spot_long,bbandrsi:da1704cb344a,B_warmup_refusal,true,ineligible,recursive_bias_found,,refused_no_warmup,true,6758,queued,phuchust/freqtrade_strategy,repos/phuchust_freqtrade_strategy/bbandrsi.py,15m,strategy,original,,,not_applicable,not_run,provisional,mode and direction agree with static source evidence,mean_reversion,intraday,simple,range,,pending_dedicated_family_manifest
FlawlessVictory,spot_long,FlawlessVictory:39a22333a9a7,E0_strict67,true,eligible,,,,true,12240,admitted_E0,seannowotny/FlawlessVictoryPort,repos/seannowotny_FlawlessVictoryPort/user_data/strategies/flawless_victory_v1.py,15m,strategy,original,,,not_applicable,not_run,provisional,mode and direction agree with static source evidence,mean_reversion,intraday,simple,range,,pending_dedicated_family_manifest
Cluckie,spot_long,Cluckie:6b9bfe8cf7b7,not_scheduled,false,ineligible,canonical_implementation_not_measured;recursive_bias_found,native_mode_not_runtime_validated;lookahead_not_completed,refused_no_warmup,false,,baseline_excluded,werkkrew/freqtrade-strategies,repos/werkkrew_freqtrade-strategies/strategies/archived/Cluckie.py,5m,strategy,original,,,not_applicable,not_run,provisional,mode and direction agree with static source evidence,trend_following,scalp,simple,bull,,pending_dedicated_family_manifest
Enchilada,spot_long,Enchilada:454091165d54,C_measurement_recovery,true,ineligible,canonical_implementation_not_measured,native_mode_not_runtime_validated;lookahead_not_completed,,false,,queued,werkkrew/freqtrade-strategies,repos/werkkrew_freqtrade-strategies/strategies/archived/Enchilada.py,5m,strategy,original,,,not_applicable,not_run,provisional,mode and direction agree with static source evidence,trend_following,scalp,simple,bull,,pending_dedicated_family_manifest
Hacklemore,spot_long,Hacklemore:59d29a14de56,C_measurement_recovery,true,ineligible,canonical_implementation_not_measured,native_mode_not_runtime_validated;lookahead_not_completed,,false,,queued,werkkrew/freqtrade-strategies,repos/werkkrew_freqtrade-strategies/strategies/archived/Hacklemore.py,5m,strategy,original,,,not_applicable,not_run,provisional,mode and direction agree with static source evidence,trend_following,scalp,simple,bull,,pending_dedicated_family_manifest
Hacklemost,spot_long,Hacklemost:fd83de8715e6,not_scheduled,false,ineligible,recursive_bias_found,lookahead_not_completed,refused_no_warmup,true,168,baseline_excluded,werkkrew/freqtrade-strategies,repos/werkkrew_freqtrade-strategies/strategies/archived/Hacklemost.py,5m,strategy,original,,,not_applicable,not_run,provisional,mode and direction agree with static source evidence,trend_following,scalp,simple,bull,,pending_dedicated_family_manifest
ichi,spot_long,ichi:0b9e9bb15a26,not_scheduled,false,ineligible,recursive_bias_found;technical_trap_found,,refused_no_warmup,true,5925,baseline_excluded,werkkrew/freqtrade-strategies,repos/werkkrew_freqtrade-strategies/strategies/archived/Ichis.py,1h,strategy,original,,,not_applicable,not_run,provisional,mode and direction agree with static source evidence,trend_following,intraday,simple,bull,,pending_dedicated_family_manifest
KAMACCIRSI_new,spot_long,KAMACCIRSI_new:24fc7b159912,D_recursive_drift,true,ineligible,recursive_bias_found,,drift_measured,true,189,queued,werkkrew/freqtrade-strategies,repos/werkkrew_freqtrade-strategies/strategies/archived/KAMACCIRSI.py,5m,strategy,original,,,not_applicable,not_run,provisional,mode and direction agree with static source evidence,mean_reversion,scalp,simple,range,,pending_dedicated_family_manifest
Lateralus,spot_long,Lateralus:0b5ca6b45113,not_scheduled,false,ineligible,recursive_bias_found,lookahead_not_completed,refused_no_warmup,true,3077,baseline_excluded,werkkrew/freqtrade-strategies,repos/werkkrew_freqtrade-strategies/strategies/archived/Lateralus.py,5m,strategy,repaired,class1,environment_compatibility,strict_equivalent,not_run,provisional,mode and direction agree with static source evidence,trend_following,scalp,simple,bull,,pending_dedicated_family_manifest
gettinMoist,spot_long,gettinMoist:ae9eaec73a13,D_recursive_drift,true,ineligible,recursive_bias_found,,drift_measured,true,20036,queued,werkkrew/freqtrade-strategies,repos/werkkrew_freqtrade-strategies/strategies/archived/gettinMoist.py,5m,strategy,original,,,not_applicable,not_run,provisional,mode and direction agree with static source evidence,momentum,scalp,simple,bull,,pending_dedicated_family_manifest
