strategy,repo,file,dropped_at,beats_bh,flag,method,returns_value,dca_active,suppressed_by_our_config
A9AV,jaredrsommer/freqtradestrategies,repos/jaredrsommer_freqtradestrategies/A9AV.py,G0_measured,,0,0,0,0,0
ActionZone,PeetCrypto/freqtrade-stuff,repos/PeetCrypto_freqtrade-stuff/ActionZone.py,G3_is_sig,False,0,0,0,0,0
adaptive,davidzr/freqtrade-strategies,repos/davidzr_freqtrade-strategies/strategies/adaptive/adaptive.py,G5_os_sig,False,0,0,0,0,0
adaptive_trend,mlsys-io/PortfolioBench,repos/mlsys-io_PortfolioBench/strategy/adaptive_trend/adaptive_trend.py,G2_is_pos,True,0,0,0,0,0
AdaptiveMAStrategy,mlsys-io/PortfolioBench,repos/mlsys-io_PortfolioBench/strategy/AdaptiveMAStrategy.py,G0_measured,,0,0,0,0,0
AdaptiveRenkoStrategy,HeyMrRobot/Freqtrade-Adaptive-Renko-Strategy,repos/HeyMrRobot_Freqtrade-Adaptive-Renko-Strategy/AdaptiveRenkoStrategy.py,G0_measured,,0,0,0,0,0
AdvancedRiskFilterStrategy,DonaldSimpson/remora-freqtrade,repos/DonaldSimpson_remora-freqtrade/examples/advanced_risk_filter_strategy.py,G0_measured,,1,1,1,1,0
ADX_15M_USDT,PeetCrypto/freqtrade-stuff,repos/PeetCrypto_freqtrade-stuff/ADX_15M_USDT.py,G0_measured,,0,0,0,0,0
ADX_15M_USDT2,davidzr/freqtrade-strategies,repos/davidzr_freqtrade-strategies/strategies/ADX_15M_USDT2/ADX_15M_USDT2.py,G0_measured,,0,0,0,0,0
adx_opt_strat,davidzr/freqtrade-strategies,repos/davidzr_freqtrade-strategies/strategies/adx_opt_strat/adx_opt_strat.py,G0_measured,,0,0,0,0,0
adxbbrsi2,davidzr/freqtrade-strategies,repos/davidzr_freqtrade-strategies/strategies/adxbbrsi2/adxbbrsi2.py,G3_is_sig,False,0,0,0,0,0
ADXMomentum,PeetCrypto/freqtrade-stuff,repos/PeetCrypto_freqtrade-stuff/ADXMomentum.py,G1_trades,False,0,0,0,0,0
AdxSmas,PeetCrypto/freqtrade-stuff,repos/PeetCrypto_freqtrade-stuff/AdxSmas.py,G2_is_pos,False,0,0,0,0,0
AdxSmasS,MelvynClark/Freqtrade-Strategy,repos/MelvynClark_Freqtrade-Strategy/AdxSmas - S.py,G0_measured,,0,0,0,0,0
AdxStrengthStrategy,mlsys-io/PortfolioBench,repos/mlsys-io_PortfolioBench/strategy/AdxStrengthStrategy.py,G2_is_pos,False,0,0,0,0,0
AlexBattleTankKiller,jaredrsommer/freqtradestrategies,repos/jaredrsommer_freqtradestrategies/AlexBattleTankKiller.py,G0_measured,,1,1,1,1,0
AlexBattleTankKillerV3,jaredrsommer/freqtradestrategies,repos/jaredrsommer_freqtradestrategies/AlexBattleTankKillerV3.py,G0_measured,,1,1,1,1,0
AlexBattleTankKillerV40H,jaredrsommer/freqtradestrategies,repos/jaredrsommer_freqtradestrategies/AlexBattleTankKillerV4H.py,G2_is_pos,False,1,1,1,1,0
AlexBTK_CT,jaredrsommer/freqtradestrategies,repos/jaredrsommer_freqtradestrategies/AlexBTK_CT.py,G0_measured,,1,1,1,1,0
AlligatorStrat,PeetCrypto/freqtrade-stuff,repos/PeetCrypto_freqtrade-stuff/AlligatorStrat.py,G0_measured,,0,0,0,0,0
AlligatorStrategy,PeetCrypto/freqtrade-stuff,repos/PeetCrypto_freqtrade-stuff/AlligatorStrategy.py,G5_os_sig,True,0,0,0,0,0
AlmgrenChrissStrategy,freqtrade/freqtrade-strategies,repos/freqtrade_freqtrade-strategies/user_data/strategies/AlmgrenChrissStrategy.py,G0_measured,,1,1,1,1,0
AlwaysBuy,davidzr/freqtrade-strategies,repos/davidzr_freqtrade-strategies/strategies/AlwaysBuy/AlwaysBuy.py,G2_is_pos,False,0,0,0,0,0
Apollo11,PeetCrypto/freqtrade-stuff,repos/PeetCrypto_freqtrade-stuff/Apollo11 (1).py,G2_is_pos,False,0,0,0,0,0
ARIMA_15,TheoBrigitte/freqtrade,repos/TheoBrigitte_freqtrade/strategies/arima/ARIMA_15.py,G0_measured,,0,0,0,0,0
ARIMASTR,TheoBrigitte/freqtrade,repos/TheoBrigitte_freqtrade/strategies/arima/ARIMA_5.py,G0_measured,,0,0,0,0,0
AroonTrendStrategy,mlsys-io/PortfolioBench,repos/mlsys-io_PortfolioBench/strategy/AroonTrendStrategy.py,G2_is_pos,False,0,0,0,0,0
ASDTSRockwellTrading,Foxel05/freqtrade-stuff,repos/Foxel05_freqtrade-stuff/strategies/ASDTSRockwellTrading.py,G2_is_pos,False,0,0,0,0,0
Astro,jaredrsommer/freqtradestrategies,repos/jaredrsommer_freqtradestrategies/Astro.py,G0_measured,,1,1,1,1,0
AstroQAV4,jaredrsommer/freqtradestrategies,repos/jaredrsommer_freqtradestrategies/AstroQAV4.py,G0_measured,,1,1,1,1,0
AtrTrailingStopStrategy,mlsys-io/PortfolioBench,repos/mlsys-io_PortfolioBench/strategy/AtrTrailingStopStrategy.py,G2_is_pos,False,0,0,0,0,0
Auto_EI_t4c0s,TheoBrigitte/freqtrade,repos/TheoBrigitte_freqtrade/strategies/ei/Auto_EI_t4c0s.py,G2_is_pos,False,0,0,0,0,0
AutoArimaTripleV1,PeetCrypto/freqtrade-stuff,repos/PeetCrypto_freqtrade-stuff/AutoArimaTripleV1.py,G0_measured,,0,0,0,0,0
AverageStrategy,PeetCrypto/freqtrade-stuff,repos/PeetCrypto_freqtrade-stuff/AverageStrategy.py,G3_is_sig,False,0,0,0,0,0
AwesomeMacd,MelvynClark/Freqtrade-Strategy,repos/MelvynClark_Freqtrade-Strategy/AwesomeMACD/AwesomeMacd.py,G2_is_pos,False,0,0,0,0,0
AwesomeMacdS,MelvynClark/Freqtrade-Strategy,repos/MelvynClark_Freqtrade-Strategy/AwesomeMACD/AwesomeMacdS.py,G0_measured,,0,0,0,0,0
Babico_SMA5xBBmid,davidzr/freqtrade-strategies,repos/davidzr_freqtrade-strategies/strategies/Babico_SMA5xBBmid/Babico_SMA5xBBmid.py,G1_trades,True,0,0,0,0,0
Bandtastic,TheoBrigitte/freqtrade,repos/TheoBrigitte_freqtrade/strategies/freqtrade-strategies/Bandtastic.py,G2_is_pos,False,0,0,0,0,0
BaseStrategy,nateemma/strategies,repos/nateemma_strategies/Framework/BaseStrategy.py,G0_measured,,0,0,0,0,0
BasketStrategy,nateemma/strategies,repos/nateemma_strategies/Basket/BasketStrategy.py,G0_measured,,1,1,1,1,0
BB_RPB_3c,PeetCrypto/freqtrade-stuff,repos/PeetCrypto_freqtrade-stuff/BB_RPB_3c.py,G0_measured,,0,0,0,0,0
BB_RPB_TSL,PeetCrypto/freqtrade-stuff,repos/PeetCrypto_freqtrade-stuff/BB_RPB_TSL.py,G0_measured,,0,0,0,0,0
BB_RPB_TSL_2,davidzr/freqtrade-strategies,repos/davidzr_freqtrade-strategies/strategies/BB_RPB_TSL_2/BB_RPB_TSL_2.py,G0_measured,,0,0,0,0,0
BB_RPB_TSL_BI,PeetCrypto/freqtrade-stuff,repos/PeetCrypto_freqtrade-stuff/BB_RPB_TSL_BI.py,G0_measured,,0,0,0,0,0
BB_RPB_TSL_BIV1,PeetCrypto/freqtrade-stuff,repos/PeetCrypto_freqtrade-stuff/BB_RPB_TSL_BI-v4_EWO2-v3.py,G0_measured,,0,0,0,0,0
BB_RPB_TSL_c7c477d_20211030,davidzr/freqtrade-strategies,repos/davidzr_freqtrade-strategies/strategies/BB_RPB_TSL_c7c477d_20211030/BB_RPB_TSL_c7c477d_20211030.py,G3_is_sig,False,0,0,0,0,0
BB_RPB_TSL_RNG,PeetCrypto/freqtrade-stuff,repos/PeetCrypto_freqtrade-stuff/BB_RPB_TSL_RNG.py,G6_lookahead,False,0,0,0,0,0
BB_RPB_TSL_RNG_2,davidzr/freqtrade-strategies,repos/davidzr_freqtrade-strategies/strategies/BB_RPB_TSL_RNG_2/BB_RPB_TSL_RNG_2.py,G7_recursive,False,0,0,0,0,0
BB_RPB_TSL_RNG_TBS,PeetCrypto/freqtrade-stuff,repos/PeetCrypto_freqtrade-stuff/BB_RPB_TSL_RNG_TBS.py,G6_lookahead,False,0,0,0,0,0
BB_RPB_TSL_RNG_TBS_GOLD,PeetCrypto/freqtrade-stuff,repos/PeetCrypto_freqtrade-stuff/BB_RPB_TSL_RNG_TBS_GOLD (2).py,G3_is_sig,False,0,0,0,0,0
BB_RPB_TSL_RNG_VWAP,davidzr/freqtrade-strategies,repos/davidzr_freqtrade-strategies/strategies/BB_RPB_TSL_RNG_VWAP/BB_RPB_TSL_RNG_VWAP.py,G7_recursive,False,0,0,0,0,0
BB_RPB_TSL_SMA_Tranz,PeetCrypto/freqtrade-stuff,repos/PeetCrypto_freqtrade-stuff/BB_RPB_TSL_SMA_Tranz_1_5_2_MAIN (10).py,G0_measured,,0,0,0,0,0
BB_RPB_TSL_SMA_Tranz_TB_1_1_1,davidzr/freqtrade-strategies,repos/davidzr_freqtrade-strategies/strategies/BB_RPB_TSL_SMA_Tranz_TB_1_1_1/BB_RPB_TSL_SMA_Tranz_TB_1_1_1.py,G0_measured,,0,0,0,0,0
BB_RPB_TSL_SMA_Tranz_TB_MOD,davidzr/freqtrade-strategies,repos/davidzr_freqtrade-strategies/strategies/BB_RPB_TSL_SMA_Tranz_TB_MOD/BB_RPB_TSL_SMA_Tranz_TB_MOD.py,G0_measured,,0,0,0,0,0
BB_RPB_TSL_Tranz,davidzr/freqtrade-strategies,repos/davidzr_freqtrade-strategies/strategies/BB_RPB_TSL_Tranz/BB_RPB_TSL_Tranz.py,G0_measured,,0,0,0,0,0
BB_RPB_TSLmeneguzzo,davidzr/freqtrade-strategies,repos/davidzr_freqtrade-strategies/strategies/BB_RPB_TSLmeneguzzo/BB_RPB_TSLmeneguzzo.py,G0_measured,,0,0,0,0,0
BB_RSI,PeetCrypto/freqtrade-stuff,repos/PeetCrypto_freqtrade-stuff/BB_RSI.py,G0_measured,,0,0,0,0,0
bb_rsi_opt_new,davidzr/freqtrade-strategies,repos/davidzr_freqtrade-strategies/strategies/bb_rsi_opt_new/bb_rsi_opt_new.py,G0_measured,,0,0,0,0,0
BB_RTR,ShahAnuj2610/my-freqtrade,repos/ShahAnuj2610_my-freqtrade/user_data/strategies/BB_RTR.py,G7_recursive,False,0,0,0,0,0
BB_Strategy04,PeetCrypto/freqtrade-stuff,repos/PeetCrypto_freqtrade-stuff/BB_Strategy04.py,G0_measured,,0,0,0,0,0
BbandRsi,PeetCrypto/freqtrade-stuff,repos/PeetCrypto_freqtrade-stuff/BbandRsi.py,G0_measured,,0,0,0,0,0
bbandrsi,phuchust/freqtrade_strategy,repos/phuchust_freqtrade_strategy/bbandrsi.py,G2_is_pos,False,0,0,0,0,0
BbandRsiRolling,PeetCrypto/freqtrade-stuff,repos/PeetCrypto_freqtrade-stuff/BbandRsiRolling.py,G2_is_pos,False,0,0,0,0,0
BBands,PeetCrypto/freqtrade-stuff,repos/PeetCrypto_freqtrade-stuff/BBands.py,G0_measured,,0,0,0,0,0
BBandsRSI,PeetCrypto/freqtrade-stuff,repos/PeetCrypto_freqtrade-stuff/BBandsRSI.py,G2_is_pos,False,0,0,0,0,0
BBBreakoutStrategy,flaviosiotto/freqtrade-strategy,repos/flaviosiotto_freqtrade-strategy/user_data/strategies/bb-breakout-strategy.py,G2_is_pos,False,0,0,0,0,0
bbema,davidzr/freqtrade-strategies,repos/davidzr_freqtrade-strategies/strategies/bbema/bbema.py,G0_measured,,0,0,0,0,0
BBlower,davidzr/freqtrade-strategies,repos/davidzr_freqtrade-strategies/strategies/BBlower/BBlower.py,G2_is_pos,False,0,0,0,0,0
BBMod,eovie/freqtrade_strs,repos/eovie_freqtrade_strs/binance/Archive/BBMod.py,G0_measured,,0,0,0,0,0
BBMod1,davidzr/freqtrade-strategies,repos/davidzr_freqtrade-strategies/strategies/BBMod1/BBMod1.py,G0_measured,,0,0,0,0,0
BbRoi,PeetCrypto/freqtrade-stuff,repos/PeetCrypto_freqtrade-stuff/BbRoi.py,G0_measured,,0,0,0,0,0
BBRSI,Foxel05/freqtrade-stuff,repos/Foxel05_freqtrade-stuff/strategies/BBRSI.py,G0_measured,,0,0,0,0,0
bbrsi,davidzr/freqtrade-strategies,repos/davidzr_freqtrade-strategies/strategies/BBRSI/BBRSI.py,G2_is_pos,False,0,0,0,0,0
bbrsi1_strategy,davidzr/freqtrade-strategies,repos/davidzr_freqtrade-strategies/strategies/bbrsi1_strategy/bbrsi1_strategy.py,G0_measured,,0,0,0,0,0
BBRSI2,davidzr/freqtrade-strategies,repos/davidzr_freqtrade-strategies/strategies/BBRSI2/BBRSI2.py,G2_is_pos,False,0,0,0,0,0
BBRSI21,davidzr/freqtrade-strategies,repos/davidzr_freqtrade-strategies/strategies/BBRSI21/BBRSI21.py,G2_is_pos,False,0,0,0,0,0
BBRSI3366,davidzr/freqtrade-strategies,repos/davidzr_freqtrade-strategies/strategies/BBRSI3366/BBRSI3366.py,G2_is_pos,False,0,0,0,0,0
BBRSI4cust,davidzr/freqtrade-strategies,repos/davidzr_freqtrade-strategies/strategies/BBRSI4cust/BBRSI4cust.py,G2_is_pos,False,0,0,0,0,0
bbrsi4Freq,davidzr/freqtrade-strategies,repos/davidzr_freqtrade-strategies/strategies/bbrsi4Freq/bbrsi4Freq.py,G2_is_pos,False,0,0,0,0,0
BBRSINaiveStrategy,davidzr/freqtrade-strategies,repos/davidzr_freqtrade-strategies/strategies/BBRSINaiveStrategy/BBRSINaiveStrategy.py,G2_is_pos,False,0,0,0,0,0
BBRSIOptim2020Strategy,davidzr/freqtrade-strategies,repos/davidzr_freqtrade-strategies/strategies/BBRSIOptim2020Strategy/BBRSIOptim2020Strategy.py,G2_is_pos,False,0,0,0,0,0
BBRSIOptimizedStrategy,PeetCrypto/freqtrade-stuff,repos/PeetCrypto_freqtrade-stuff/BBRSIOptimizedStrategy.py,G2_is_pos,False,0,0,0,0,0
BBRSIOptimStrategy,davidzr/freqtrade-strategies,repos/davidzr_freqtrade-strategies/strategies/BBRSIOptimStrategy/BBRSIOptimStrategy.py,G2_is_pos,False,0,0,0,0,0
BBRSIoriginal,davidzr/freqtrade-strategies,repos/davidzr_freqtrade-strategies/strategies/BBRSIoriginal/BBRSIoriginal.py,G0_measured,,0,0,0,0,0
BBRSIS,davidzr/freqtrade-strategies,repos/davidzr_freqtrade-strategies/strategies/BBRSIS/BBRSIS.py,G0_measured,,0,0,0,0,0
BBRSIStrategy,davidzr/freqtrade-strategies,repos/davidzr_freqtrade-strategies/strategies/BBRSIStrategy/BBRSIStrategy.py,G2_is_pos,False,0,0,0,0,0
BBRSITV,PeetCrypto/freqtrade-stuff,repos/PeetCrypto_freqtrade-stuff/BBRSITV.py,G3_is_sig,False,0,0,0,0,0
BBRSIv2,davidzr/freqtrade-strategies,repos/davidzr_freqtrade-strategies/strategies/BBRSIv2/BBRSIv2.py,G2_is_pos,False,0,0,0,0,0
BbWidthExpansionStrategy,mlsys-io/PortfolioBench,repos/mlsys-io_PortfolioBench/strategy/BbWidthExpansionStrategy.py,G2_is_pos,False,0,0,0,0,0
BcmbigzDevelop,PeetCrypto/freqtrade-stuff,repos/PeetCrypto_freqtrade-stuff/BcmbigzDevelop (1).py,G0_measured,,0,0,0,0,0
BcmbigzV1,PeetCrypto/freqtrade-stuff,repos/PeetCrypto_freqtrade-stuff/BcmbigzV1 (1).py,G2_is_pos,False,0,0,0,0,0
BeastBotXBLR6,PeetCrypto/freqtrade-stuff,repos/PeetCrypto_freqtrade-stuff/BeastBotXBLR6.py,G6_lookahead,False,0,0,0,0,0
BeastBotXBLR7,PeetCrypto/freqtrade-stuff,repos/PeetCrypto_freqtrade-stuff/BeastBotXBLR7.py,G3_is_sig,False,0,0,0,0,0
BestSingleAssetPortfolio,mlsys-io/PortfolioBench,repos/mlsys-io_PortfolioBench/user_data/strategies/best_single_asset.py,G0_measured,,0,0,0,0,0
bestV2,davidzr/freqtrade-strategies,repos/davidzr_freqtrade-strategies/strategies/bestV2/bestV2.py,G6_lookahead,False,0,0,0,0,0
beta_factors_model,mlsys-io/PortfolioBench,repos/mlsys-io_PortfolioBench/strategy/crypto_factors_regression/beta_factors_model.py,G0_measured,,0,0,0,0,0
BigPete,davidzr/freqtrade-strategies,repos/davidzr_freqtrade-strategies/strategies/BigPete/BigPete.py,G2_is_pos,False,0,0,0,0,0
BigTrader,TheoBrigitte/freqtrade,repos/TheoBrigitte_freqtrade/strategies/profiters/BigTrader.py,G1_trades,False,0,0,0,0,0
BigZ03,davidzr/freqtrade-strategies,repos/davidzr_freqtrade-strategies/strategies/BigZ03/BigZ03.py,G2_is_pos,False,0,0,0,0,0
BigZ0307HO,davidzr/freqtrade-strategies,repos/davidzr_freqtrade-strategies/strategies/BigZ0307HO/BigZ0307HO.py,G0_measured,,0,0,0,0,0
BigZ03HO,davidzr/freqtrade-strategies,repos/davidzr_freqtrade-strategies/strategies/BigZ03HO/BigZ03HO.py,G0_measured,,0,0,0,0,0
BigZ04,PeetCrypto/freqtrade-stuff,repos/PeetCrypto_freqtrade-stuff/BigZ04.py,G2_is_pos,False,0,0,0,0,0
BigZ0407,davidzr/freqtrade-strategies,repos/davidzr_freqtrade-strategies/strategies/BigZ0407/BigZ0407.py,G2_is_pos,False,0,0,0,0,0
BigZ0407HO,davidzr/freqtrade-strategies,repos/davidzr_freqtrade-strategies/strategies/BigZ0407HO/BigZ0407HO.py,G2_is_pos,False,0,0,0,0,0
BigZ04_TSL3,PeetCrypto/freqtrade-stuff,repos/PeetCrypto_freqtrade-stuff/BigZ04_TSL3.py,G2_is_pos,False,0,0,0,0,0
BigZ04_TSL4,Foxel05/freqtrade-stuff,repos/Foxel05_freqtrade-stuff/strategies/BigZ04_TSL4.py,G2_is_pos,False,0,0,0,0,0
BigZ04HO,davidzr/freqtrade-strategies,repos/davidzr_freqtrade-strategies/strategies/BigZ04HO/BigZ04HO.py,G2_is_pos,False,0,0,0,0,0
BigZ04HO2,davidzr/freqtrade-strategies,repos/davidzr_freqtrade-strategies/strategies/BigZ04HO2/BigZ04HO2.py,G2_is_pos,False,0,0,0,0,0
BigZ06,davidzr/freqtrade-strategies,repos/davidzr_freqtrade-strategies/strategies/BigZ06/BigZ06.py,G2_is_pos,False,0,0,0,0,0
BigZ07,davidzr/freqtrade-strategies,repos/davidzr_freqtrade-strategies/strategies/BigZ07/BigZ07.py,G2_is_pos,False,0,0,0,0,0
BigZ07Next,davidzr/freqtrade-strategies,repos/davidzr_freqtrade-strategies/strategies/BigZ07Next/BigZ07Next.py,G2_is_pos,False,0,0,0,0,0
BigZ07Next2,davidzr/freqtrade-strategies,repos/davidzr_freqtrade-strategies/strategies/BigZ07Next2/BigZ07Next2.py,G2_is_pos,False,0,0,0,0,0
BinanceStream,TomtomEh/freqtrade-websocket,repos/TomtomEh_freqtrade-websocket/user_data/strategies/BinanceStream.py,G0_measured,,0,0,0,0,0
BinClucMad,davidzr/freqtrade-strategies,repos/davidzr_freqtrade-strategies/strategies/BinClucMad/BinClucMad.py,G2_is_pos,False,0,0,0,0,0
BinClucMadDevelop,PeetCrypto/freqtrade-stuff,repos/PeetCrypto_freqtrade-stuff/BinClucMadDevelop.py,G0_measured,,0,0,0,0,0
BinClucMadSMADevelop,MMR-19/freqtrade-strategies,repos/MMR-19_freqtrade-strategies/strategies/BinClucMadSMADevelop.py,G0_measured,,0,0,0,0,0
BinClucMadV1,davidzr/freqtrade-strategies,repos/davidzr_freqtrade-strategies/strategies/BinClucMadV1/BinClucMadV1.py,G7_recursive,False,0,0,0,0,0
BinHV27,PeetCrypto/freqtrade-stuff,repos/PeetCrypto_freqtrade-stuff/BinHV27.py,G2_is_pos,False,0,0,0,0,0
BinHV27_short,eovie/freqtrade_strs,repos/eovie_freqtrade_strs/binance/Archive/BinHV27_short.py,G0_measured,,0,0,0,0,0
BinHV27_werkkrew,TheoBrigitte/freqtrade,repos/TheoBrigitte_freqtrade/strategies/BinHV45/BinHV27_werkkrew.py,G0_measured,,0,0,0,0,0
BinHV27F,eovie/freqtrade_strs,repos/eovie_freqtrade_strs/binance/Archive/BinHV27F.py,G2_is_pos,False,0,0,0,0,0
BinHV45,Foxel05/freqtrade-stuff,repos/Foxel05_freqtrade-stuff/strategies/BinHV45.py,G2_is_pos,False,0,0,0,0,0
BinHV45_kanaxe,TheoBrigitte/freqtrade,repos/TheoBrigitte_freqtrade/strategies/BinHV45/BinHV45_kanaxe.py,G2_is_pos,False,0,0,0,0,0
BinHV45_stash,TheoBrigitte/freqtrade,repos/TheoBrigitte_freqtrade/strategies/BinHV45/BinHV45_stash.py,G2_is_pos,False,0,0,0,0,0
BinHV45_werkkrew,TheoBrigitte/freqtrade,repos/TheoBrigitte_freqtrade/strategies/BinHV45/BinHV45_werkkrew.py,G3_is_sig,False,0,0,0,0,0
BinHV45HO,TheoBrigitte/freqtrade,repos/TheoBrigitte_freqtrade/strategies/BinHV45/BinHV45HO.py,G4_os_pos,False,0,0,0,0,0
BinMfiBTCv5003,TheoBrigitte/freqtrade,repos/TheoBrigitte_freqtrade/sources/sponsors/BinMfiBTCv5003.py,G1_trades,False,0,0,0,0,0
BlueEyes_MPP_v1,PeetCrypto/freqtrade-stuff,repos/PeetCrypto_freqtrade-stuff/BlueEyes_MPP_v1.py,G0_measured,,0,0,0,0,0
BollingerBandStrategy,flaviosiotto/freqtrade-strategy,repos/flaviosiotto_freqtrade-strategy/user_data/strategies/bollingerbands-strategy.py,G2_is_pos,False,0,0,0,0,0
BollingerBounceStrategy,mlsys-io/PortfolioBench,repos/mlsys-io_PortfolioBench/strategy/BollingerBounceStrategy.py,G2_is_pos,False,0,0,0,0,0
BopTrendStrategy,mlsys-io/PortfolioBench,repos/mlsys-io_PortfolioBench/strategy/BopTrendStrategy.py,G2_is_pos,False,0,0,0,0,0
botbaby,davidzr/freqtrade-strategies,repos/davidzr_freqtrade-strategies/strategies/botbaby/botbaby.py,G2_is_pos,False,0,0,0,0,0
BreakEven,PeetCrypto/freqtrade-stuff,repos/PeetCrypto_freqtrade-stuff/BreakEven.py,G0_measured,,0,0,0,0,0
BreakoutStrategy,flaviosiotto/freqtrade-strategy,repos/flaviosiotto_freqtrade-strategy/user_data/strategies/breakout-strategy.py,G0_measured,,0,0,0,0,0
BullishEngulfingStrategy,mlsys-io/PortfolioBench,repos/mlsys-io_PortfolioBench/strategy/BullishEngulfingStrategy.py,G2_is_pos,False,0,0,0,0,0
BuyAllSellAllStrategy,PeetCrypto/freqtrade-stuff,repos/PeetCrypto_freqtrade-stuff/BuyAllSellAllStrategy.py,G2_is_pos,False,0,0,0,0,0
BuyOnly,davidzr/freqtrade-strategies,repos/davidzr_freqtrade-strategies/strategies/BuyOnly/BuyOnly.py,G2_is_pos,False,0,0,0,0,0
BuyOrDie,mikedigriz/freqtrade-strategy-mikedigriz,repos/mikedigriz_freqtrade-strategy-mikedigriz/strategies/BuyOrDie.py,G2_is_pos,False,0,0,0,0,0
BuyRegions,nateemma/strategies,repos/nateemma_strategies/TSPredict/BuyRegions.py,G0_measured,,0,0,0,0,0
Candle2,jaredrsommer/freqtradestrategies,repos/jaredrsommer_freqtradestrategies/2Candle (3).py,G2_is_pos,False,0,0,0,0,0
CBPete9,davidzr/freqtrade-strategies,repos/davidzr_freqtrade-strategies/strategies/CBPete9/CBPete9.py,G2_is_pos,False,0,0,0,0,0
Cci,davidzr/freqtrade-strategies,repos/davidzr_freqtrade-strategies/strategies/Cci/Cci.py,G2_is_pos,False,0,0,0,0,0
CCI_BB,mikedigriz/freqtrade-strategy-mikedigriz,repos/mikedigriz_freqtrade-strategy-mikedigriz/strategies/CCI_BB.py,G2_is_pos,False,0,0,0,0,0
CciMeanReversionStrategy,mlsys-io/PortfolioBench,repos/mlsys-io_PortfolioBench/strategy/CciMeanReversionStrategy.py,G2_is_pos,False,0,0,0,0,0
CCIStrategy,PeetCrypto/freqtrade-stuff,repos/PeetCrypto_freqtrade-stuff/CCIStrategy.py,G2_is_pos,False,0,0,0,0,0
Cenderawasih_30m,TheoBrigitte/freqtrade,repos/TheoBrigitte_freqtrade/strategies/cenderawasih/Cenderawasih_30m.py,G0_measured,,0,0,0,0,0
Cenderawasih_3_kucoin,TheoBrigitte/freqtrade,repos/TheoBrigitte_freqtrade/strategies/cenderawasih3/Cenderawasih_3_kucoin.py,G0_measured,,0,0,0,0,0
ChaikinMoneyFlowStrategy,mlsys-io/PortfolioBench,repos/mlsys-io_PortfolioBench/strategy/ChaikinMoneyFlowStrategy.py,G2_is_pos,False,0,0,0,0,0
Chained,PeetCrypto/freqtrade-stuff,repos/PeetCrypto_freqtrade-stuff/Chained.py,G0_measured,,0,0,0,0,0
Chandem,davidzr/freqtrade-strategies,repos/davidzr_freqtrade-strategies/strategies/Chandem/Chandem.py,G2_is_pos,False,0,0,0,0,0
Chandemtwo,davidzr/freqtrade-strategies,repos/davidzr_freqtrade-strategies/strategies/Chandemtwo/Chandemtwo.py,G2_is_pos,False,0,0,0,0,0
Chispei,PeetCrypto/freqtrade-stuff,repos/PeetCrypto_freqtrade-stuff/Chispei.py,G0_measured,,0,0,0,0,0
chispei,botenesp/freqtrade_strategies,repos/botenesp_freqtrade_strategies/chispei.py,G0_measured,,0,0,0,0,0
Cluc4,davidzr/freqtrade-strategies,repos/davidzr_freqtrade-strategies/strategies/Cluc4/Cluc4.py,G2_is_pos,False,0,0,0,0,0
Cluc4werk,PeetCrypto/freqtrade-stuff,repos/PeetCrypto_freqtrade-stuff/Cluc4werk.py,G2_is_pos,False,0,0,0,0,0
Cluc5werk,PeetCrypto/freqtrade-stuff,repos/PeetCrypto_freqtrade-stuff/Cluc5werk.py,G3_is_sig,True,0,0,0,0,0
Cluc7werk,PeetCrypto/freqtrade-stuff,repos/PeetCrypto_freqtrade-stuff/Cluc7werk.py,G0_measured,,0,0,0,0,0
ClucCrypROI,PeetCrypto/freqtrade-stuff,repos/PeetCrypto_freqtrade-stuff/ClucCrypROI.py,G0_measured,,0,0,0,0,0
ClucCrypSlow,PeetCrypto/freqtrade-stuff,repos/PeetCrypto_freqtrade-stuff/ClucCrypSlow (1).py,G0_measured,,0,0,0,0,0
ClucFiatROI,PeetCrypto/freqtrade-stuff,repos/PeetCrypto_freqtrade-stuff/ClucFiatROI.py,G2_is_pos,False,0,0,0,0,0
ClucFiatSlow,PeetCrypto/freqtrade-stuff,repos/PeetCrypto_freqtrade-stuff/ClucFiatSlow.py,G2_is_pos,False,0,0,0,0,0
ClucHAnix,PeetCrypto/freqtrade-stuff,repos/PeetCrypto_freqtrade-stuff/ClucHAnix (3).py,G0_measured,,0,0,0,0,0
ClucHAnix5m,PeetCrypto/freqtrade-stuff,repos/PeetCrypto_freqtrade-stuff/ClucHAnix_BB_RPB_MOD_E0V1E_DYNAMIC_TB (1).py,G0_measured,,0,0,0,0,0
ClucHAnix_5m,PeetCrypto/freqtrade-stuff,repos/PeetCrypto_freqtrade-stuff/ClucHAnix_5m.py,G6_lookahead,False,0,0,0,0,0
ClucHAnix_5m1,PeetCrypto/freqtrade-stuff,repos/PeetCrypto_freqtrade-stuff/ClucHAnix 5m trailbuy2 + BBRSIV5 offsets.py,G3_is_sig,False,0,0,0,0,0
ClucHAnix_5M_E0V1E,phuchust/freqtrade_strategy,repos/phuchust_freqtrade_strategy/ClucHAnix_5M_E0V1E_DYNAMIC_TB.py,G5_os_sig,False,0,0,0,0,0
ClucHAnix_5m_old,TheoBrigitte/freqtrade,repos/TheoBrigitte_freqtrade/strategies/cluc/ClucHAnix_5m_old.py,G11_effect,False,0,0,0,0,0
ClucHAnix_BB_RPB,PeetCrypto/freqtrade-stuff,repos/PeetCrypto_freqtrade-stuff/ClucHAnix_BB_RPB.py,G0_measured,,0,0,0,0,0
ClucHAnix_BB_RPB_HO2,PeetCrypto/freqtrade-stuff,repos/PeetCrypto_freqtrade-stuff/ClucHAnix_BB_RPB_HO2.py,G0_measured,,0,0,0,0,0
ClucHAnix_BB_RPB_MOD,PeetCrypto/freqtrade-stuff,repos/PeetCrypto_freqtrade-stuff/ClucHAnix_BB_RPB_MOD.py,G0_measured,,0,0,0,0,0
ClucHAnix_BB_RPB_MOD2_ROI,davidzr/freqtrade-strategies,repos/davidzr_freqtrade-strategies/strategies/ClucHAnix_BB_RPB_MOD2_ROI/ClucHAnix_BB_RPB_MOD2_ROI.py,G3_is_sig,False,0,0,0,0,0
ClucHAnix_BB_RPB_MOD_CTT,davidzr/freqtrade-strategies,repos/davidzr_freqtrade-strategies/strategies/ClucHAnix_BB_RPB_MOD_CTT/ClucHAnix_BB_RPB_MOD_CTT.py,G3_is_sig,False,0,0,0,0,0
ClucHAnix_BB_RPB_MOD_E0V1E_ROI,davidzr/freqtrade-strategies,repos/davidzr_freqtrade-strategies/strategies/ClucHAnix_BB_RPB_MOD_E0V1E_ROI/ClucHAnix_BB_RPB_MOD_E0V1E_ROI.py,G3_is_sig,False,0,0,0,0,0
ClucHAnix_BB_RPB_MOD_trailing_buy,PeetCrypto/freqtrade-stuff,repos/PeetCrypto_freqtrade-stuff/ClucHAnix_BB_RPB_MOD_trailing_buy.py,G0_measured,,0,0,0,0,0
ClucHAnix_BB_RPB_TraNz,ShahAnuj2610/my-freqtrade,repos/ShahAnuj2610_my-freqtrade/user_data/strategies/BB_RPB_TSL_ClucHAnix_BB_RPB_MOD_CTT_Dynamic_Offsets_COMBINED_MOD_TraNz_1.py,G0_measured,,0,0,0,0,0
ClucHAnix_hhll,PeetCrypto/freqtrade-stuff,repos/PeetCrypto_freqtrade-stuff/ClucHAnix_hhll (1).py,G6_lookahead,False,0,0,0,0,0
ClucHAwerk,PeetCrypto/freqtrade-stuff,repos/PeetCrypto_freqtrade-stuff/ClucHAwerk.py,G0_measured,,0,0,0,0,0
Cluckie,werkkrew/freqtrade-strategies,repos/werkkrew_freqtrade-strategies/strategies/archived/Cluckie.py,G0_measured,,0,0,0,0,0
ClucMay72018,PeetCrypto/freqtrade-stuff,repos/PeetCrypto_freqtrade-stuff/ClucMay72018.py,G2_is_pos,False,0,0,0,0,0
CMCWinner,PeetCrypto/freqtrade-stuff,repos/PeetCrypto_freqtrade-stuff/CMCWinner.py,G2_is_pos,False,0,0,0,0,0
CofiBitStrategy,PeetCrypto/freqtrade-stuff,repos/PeetCrypto_freqtrade-stuff/CofiBitStrategy.py,G2_is_pos,False,0,0,0,0,0
Combined_Indicators,davidzr/freqtrade-strategies,repos/davidzr_freqtrade-strategies/strategies/Combined_Indicators/Combined_Indicators.py,G2_is_pos,False,0,0,0,0,0
Combined_NFIv6_SMA,PeetCrypto/freqtrade-stuff,repos/PeetCrypto_freqtrade-stuff/Combined_NFIv6_SMA.py,G6_lookahead,False,0,0,0,0,0
Combined_NFIv7_SMA,Foxel05/freqtrade-stuff,repos/Foxel05_freqtrade-stuff/strategies/Combined_NFIv7_SMA.py,G7_recursive,False,0,0,0,0,0
Combined_NFIv7_SMA_bAdBoY_20211204,davidzr/freqtrade-strategies,repos/davidzr_freqtrade-strategies/strategies/Combined_NFIv7_SMA_bAdBoY_20211204/Combined_NFIv7_SMA_bAdBoY_20211204.py,G7_recursive,False,0,0,0,0,0
Combined_NFIv7_SMA_Rallipanos_20210707,davidzr/freqtrade-strategies,repos/davidzr_freqtrade-strategies/strategies/Combined_NFIv7_SMA_Rallipanos_20210707/Combined_NFIv7_SMA_Rallipanos_20210707.py,G7_recursive,False,0,0,0,0,0
CombinedBinHAndCluc,PeetCrypto/freqtrade-stuff,repos/PeetCrypto_freqtrade-stuff/CombinedBinHAndCluc.py,G2_is_pos,False,0,0,0,0,0
CombinedBinHAndCluc2021,PeetCrypto/freqtrade-stuff,repos/PeetCrypto_freqtrade-stuff/CombinedBinHAndCluc2021.py,G2_is_pos,False,0,0,0,0,0
CombinedBinHAndCluc2021Bull,PeetCrypto/freqtrade-stuff,repos/PeetCrypto_freqtrade-stuff/CombinedBinHAndCluc2021Bull.py,G2_is_pos,False,0,0,0,0,0
CombinedBinHAndClucHyper,TheoBrigitte/freqtrade,repos/TheoBrigitte_freqtrade/sources/sponsors/CombinedBinHAndClucHyper.py,G3_is_sig,False,0,0,0,0,0
CombinedBinHAndClucHyperV0,davidzr/freqtrade-strategies,repos/davidzr_freqtrade-strategies/strategies/CombinedBinHAndClucHyperV0/CombinedBinHAndClucHyperV0.py,G2_is_pos,False,0,0,0,0,0
CombinedBinHAndClucHyperV3,davidzr/freqtrade-strategies,repos/davidzr_freqtrade-strategies/strategies/CombinedBinHAndClucHyperV3/CombinedBinHAndClucHyperV3.py,G4_os_pos,False,0,0,0,0,0
CombinedBinHAndClucV2,PeetCrypto/freqtrade-stuff,repos/PeetCrypto_freqtrade-stuff/CombinedBinHAndClucV2.py,G3_is_sig,False,0,0,0,0,0
CombinedBinHAndClucV3,davidzr/freqtrade-strategies,repos/davidzr_freqtrade-strategies/strategies/CombinedBinHAndClucV3/CombinedBinHAndClucV3.py,G3_is_sig,False,0,0,0,0,0
CombinedBinHAndClucV4,PeetCrypto/freqtrade-stuff,repos/PeetCrypto_freqtrade-stuff/CombinedBinHAndClucV4.py,G2_is_pos,False,0,0,0,0,0
CombinedBinHAndClucV5,PeetCrypto/freqtrade-stuff,repos/PeetCrypto_freqtrade-stuff/CombinedBinHAndClucV5.py,G2_is_pos,False,0,0,0,0,0
CombinedBinHAndClucV5Hyperoptable,davidzr/freqtrade-strategies,repos/davidzr_freqtrade-strategies/strategies/CombinedBinHAndClucV5Hyperoptable/CombinedBinHAndClucV5Hyperoptable.py,G2_is_pos,False,0,0,0,0,0
CombinedBinHAndClucV6,PeetCrypto/freqtrade-stuff,repos/PeetCrypto_freqtrade-stuff/CombinedBinHAndClucV6.py,G6_lookahead,False,0,0,0,0,0
CombinedBinHAndClucV6H,PeetCrypto/freqtrade-stuff,repos/PeetCrypto_freqtrade-stuff/CombinedBinHAndClucV6H.py,G0_measured,,0,0,0,0,0
CombinedBinHAndClucV7,PeetCrypto/freqtrade-stuff,repos/PeetCrypto_freqtrade-stuff/CombinedBinHAndClucV7.py,G6_lookahead,False,0,0,0,0,0
CombinedBinHAndClucV8,PeetCrypto/freqtrade-stuff,repos/PeetCrypto_freqtrade-stuff/CombinedBinHAndClucV8.py,G6_lookahead,False,0,0,0,0,0
CombinedBinHAndClucV8Hyper,PeetCrypto/freqtrade-stuff,repos/PeetCrypto_freqtrade-stuff/CombinedBinHAndClucV8Hyper.py,G6_lookahead,False,0,0,0,0,0
CombinedBinHAndClucV8XH,PeetCrypto/freqtrade-stuff,repos/PeetCrypto_freqtrade-stuff/CombinedBinHAndClucV8XH.py,G6_lookahead,False,0,0,0,0,0
CombinedBinHAndClucV8XHO,davidzr/freqtrade-strategies,repos/davidzr_freqtrade-strategies/strategies/CombinedBinHAndClucV8XHO/CombinedBinHAndClucV8XHO.py,G7_recursive,False,0,0,0,0,0
CombinedBinHClucAndMADV3,PeetCrypto/freqtrade-stuff,repos/PeetCrypto_freqtrade-stuff/CombinedBinHClucAndMADV3.py,G3_is_sig,False,0,0,0,0,0
CombinedBinHClucAndMADV5,davidzr/freqtrade-strategies,repos/davidzr_freqtrade-strategies/strategies/CombinedBinHClucAndMADV5/CombinedBinHClucAndMADV5.py,G12_economic,False,0,0,0,0,0
CombinedBinHClucAndMADV6,PeetCrypto/freqtrade-stuff,repos/PeetCrypto_freqtrade-stuff/CombinedBinHClucAndMADV6.py,G6_lookahead,False,0,0,0,0,0
CombinedBinHClucAndMADV9,PeetCrypto/freqtrade-stuff,repos/PeetCrypto_freqtrade-stuff/CombinedBinHClucAndMADV9.py,G3_is_sig,False,0,0,0,0,0
CompositeScoreStrategy,mlsys-io/PortfolioBench,repos/mlsys-io_PortfolioBench/strategy/CompositeScoreStrategy.py,G2_is_pos,False,0,0,0,0,0
conny,davidzr/freqtrade-strategies,repos/davidzr_freqtrade-strategies/strategies/conny/conny.py,G2_is_pos,False,0,0,0,0,0
ConsensusShort,eovie/freqtrade_strs,repos/eovie_freqtrade_strs/binance/Archive/ConsensusShort.py,G0_measured,,0,0,0,0,0
CoppockCurveStrategy,mlsys-io/PortfolioBench,repos/mlsys-io_PortfolioBench/strategy/CoppockCurveStrategy.py,G2_is_pos,False,0,0,0,0,0
COPY_HL,djienne/COPY_WALLET_HYPERLIQUID,repos/djienne_COPY_WALLET_HYPERLIQUID/user_data/strategies/COPY_HL.py,G0_measured,,1,1,1,1,0
CopyLitmusMinMaxBroadClassificationStrategy,markdregan/FreqAI-Marcos-Lopez-De-Prado,repos/markdregan_FreqAI-Marcos-Lopez-De-Prado/user_data/strategies/deprecated/CopyLitmusMinMaxBroadClassificationStrategy.py,G0_measured,,0,0,0,0,0
CoreStrategy,PeetCrypto/freqtrade-stuff,repos/PeetCrypto_freqtrade-stuff/BinClucMadSMACore.py,G0_measured,,0,0,0,0,0
CrossEMAStrategy,PeetCrypto/freqtrade-stuff,repos/PeetCrypto_freqtrade-stuff/CrossEMAStrategy.py,G3_is_sig,True,0,0,0,0,0
CryptoFrog,PeetCrypto/freqtrade-stuff,repos/PeetCrypto_freqtrade-stuff/CryptoFrog.py,G0_measured,,0,0,0,0,0
CryptoFrog_nateema,TheoBrigitte/freqtrade,repos/TheoBrigitte_freqtrade/strategies/cryptofrog-strategies/CryptoFrog_nateema.py,G0_measured,,0,0,0,0,0
CryptoFrogHO,PeetCrypto/freqtrade-stuff,repos/PeetCrypto_freqtrade-stuff/CryptoFrogHO.py,G0_measured,,0,0,0,0,0
CryptoFrogHO2,PeetCrypto/freqtrade-stuff,repos/PeetCrypto_freqtrade-stuff/CryptoFrogHO2.py,G0_measured,,0,0,0,0,0
CryptoFrogHO2A,PeetCrypto/freqtrade-stuff,repos/PeetCrypto_freqtrade-stuff/CryptoFrogHO2A.py,G0_measured,,0,0,0,0,0
CryptoFrogHO3A1,PeetCrypto/freqtrade-stuff,repos/PeetCrypto_freqtrade-stuff/CryptoFrogHO3A1.py,G0_measured,,0,0,0,0,0
CryptoFrogHO3A2,PeetCrypto/freqtrade-stuff,repos/PeetCrypto_freqtrade-stuff/CryptoFrogHO3A2.py,G0_measured,,0,0,0,0,0
CryptoFrogHO3A3,PeetCrypto/freqtrade-stuff,repos/PeetCrypto_freqtrade-stuff/CryptoFrogHO3A3.py,G0_measured,,0,0,0,0,0
CryptoFrogHO3A4,PeetCrypto/freqtrade-stuff,repos/PeetCrypto_freqtrade-stuff/CryptoFrogHO3A4.py,G0_measured,,0,0,0,0,0
CryptoFrogNFI,PeetCrypto/freqtrade-stuff,repos/PeetCrypto_freqtrade-stuff/CryptoFrogNFI.py,G0_measured,,0,0,0,0,0
CryptoFrogNFI2,PeetCrypto/freqtrade-stuff,repos/PeetCrypto_freqtrade-stuff/CryptoFrogNFI2.py,G0_measured,,0,0,0,0,0
CryptoFrogNFIHO1A,PeetCrypto/freqtrade-stuff,repos/PeetCrypto_freqtrade-stuff/CryptoFrogNFIHO1A.py,G0_measured,,0,0,0,0,0
CryptoFrogOffset,PeetCrypto/freqtrade-stuff,repos/PeetCrypto_freqtrade-stuff/CryptoFrogOffset.py,G0_measured,,0,0,0,0,0
cryptohassle,davidzr/freqtrade-strategies,repos/davidzr_freqtrade-strategies/strategies/cryptohassle/cryptohassle.py,G0_measured,,0,0,0,0,0
CryptoPredictionTraining,ShahAnuj2610/my-freqtrade,repos/ShahAnuj2610_my-freqtrade/user_data/strategies/CryptoPrediction.py,G0_measured,,0,0,0,0,0
cryptotank,jaredrsommer/freqtradestrategies,repos/jaredrsommer_freqtradestrategies/cryptotank.py,G2_is_pos,False,1,1,1,1,0
cryptotankV2,jaredrsommer/freqtradestrategies,repos/jaredrsommer_freqtradestrategies/cryptotankV2.py,G0_measured,,1,1,1,1,0
cryptotankV5,jaredrsommer/freqtradestrategies,repos/jaredrsommer_freqtradestrategies/cryptotankV5.py,G2_is_pos,False,1,1,1,1,0
CTIBS,jaredrsommer/freqtradestrategies,repos/jaredrsommer_freqtradestrategies/CTIBS.py,G2_is_pos,False,1,1,1,1,0
custom,davidzr/freqtrade-strategies,repos/davidzr_freqtrade-strategies/strategies/custom/custom.py,G1_trades,False,0,0,0,0,0
custom_sell,davidzr/freqtrade-strategies,repos/davidzr_freqtrade-strategies/strategies/custom_sell/custom_sell.py,G0_measured,,0,0,0,0,0
CustomStoplossWithPSAR,PeetCrypto/freqtrade-stuff,repos/PeetCrypto_freqtrade-stuff/custom_stoploss_with_psar.py,G2_is_pos,True,0,0,0,0,0
Danke,TheoBrigitte/freqtrade,repos/TheoBrigitte_freqtrade/strategies/danke/Danke.py,G0_measured,,0,1,1,0,1
DCBBBounce,davidzr/freqtrade-strategies,repos/davidzr_freqtrade-strategies/strategies/DCBBBounce/DCBBBounce.py,G0_measured,,0,0,0,0,0
DD,davidzr/freqtrade-strategies,repos/davidzr_freqtrade-strategies/strategies/DD/DD.py,G2_is_pos,False,0,0,0,0,0
DemaCrossStrategy,mlsys-io/PortfolioBench,repos/mlsys-io_PortfolioBench/strategy/DemaCrossStrategy.py,G2_is_pos,False,0,0,0,0,0
DevilStra,PeetCrypto/freqtrade-stuff,repos/PeetCrypto_freqtrade-stuff/DevilStra.py,G0_measured,,0,0,0,0,0
Diamond,TheoBrigitte/freqtrade,repos/TheoBrigitte_freqtrade/strategies/freqtrade-strategies/Diamond.py,G2_is_pos,False,0,0,0,0,0
Dimond,Foxel05/freqtrade-stuff,repos/Foxel05_freqtrade-stuff/strategies/Dimond.py,G0_measured,,0,0,0,0,0
DIV_v1,PeetCrypto/freqtrade-stuff,repos/PeetCrypto_freqtrade-stuff/DIV_v1.py,G0_measured,,0,0,0,0,0
Divergences,PeetCrypto/freqtrade-stuff,repos/PeetCrypto_freqtrade-stuff/Divergences.py,G2_is_pos,False,0,0,0,0,0
DoesNothingStrategy,PeetCrypto/freqtrade-stuff,repos/PeetCrypto_freqtrade-stuff/DoesNothingStrategy.py,G0_measured,,0,0,0,0,0
DonchianBreakoutStrategy,mlsys-io/PortfolioBench,repos/mlsys-io_PortfolioBench/strategy/DonchianBreakoutStrategy.py,G2_is_pos,False,0,0,0,0,0
Dracula,PeetCrypto/freqtrade-stuff,repos/PeetCrypto_freqtrade-stuff/Dracula.py,G0_measured,,0,0,0,0,0
DualModelPolymarketPortfolio,mlsys-io/PortfolioBench,repos/mlsys-io_PortfolioBench/user_data/strategies/DualModelPolymarketPortfolio.py,G0_measured,,0,0,0,0,0
dualwave,TheoBrigitte/freqtrade,repos/TheoBrigitte_freqtrade/strategies/wave/dualwave.py,G0_measured,,1,1,1,1,0
DWT,TheoBrigitte/freqtrade,repos/TheoBrigitte_freqtrade/strategies/dwt/DWT.py,G0_measured,,0,0,0,0,0
DWT_Leveraged,TheoBrigitte/freqtrade,repos/TheoBrigitte_freqtrade/strategies/dwt/DWT_Leveraged.py,G0_measured,,0,0,0,0,0
DWT_LongShort,TheoBrigitte/freqtrade,repos/TheoBrigitte_freqtrade/strategies/dwt/DWT_LongShort.py,G0_measured,,0,0,0,0,0
DWT_short,TheoBrigitte/freqtrade,repos/TheoBrigitte_freqtrade/strategies/dwt/DWT_short.py,G0_measured,,0,0,0,0,0
Dyna_opti,PeetCrypto/freqtrade-stuff,repos/PeetCrypto_freqtrade-stuff/Dyna_opti.py,G0_measured,,0,0,0,0,0
E0V1E,TheoBrigitte/freqtrade,repos/TheoBrigitte_freqtrade/strategies/e0v1e/E0V1E.py,G6_lookahead,False,0,0,0,0,0
E0V1E2,TheoBrigitte/freqtrade,repos/TheoBrigitte_freqtrade/strategies/e0v1e/E0V1E2.py,G6_lookahead,False,0,0,0,0,0
E0V1E_DCA3,TheoBrigitte/freqtrade,repos/TheoBrigitte_freqtrade/strategies/e0v1e/E0V1E_DCA3.py,G7_recursive,True,1,1,1,1,0
E0V1E_ewo,TheoBrigitte/freqtrade,repos/TheoBrigitte_freqtrade/strategies/e0v1e/E0V1E_ewo.py,G6_lookahead,False,0,0,0,0,0
E0V1E_protections,TheoBrigitte/freqtrade,repos/TheoBrigitte_freqtrade/strategies/e0v1e/E0V1E_protections.py,G6_lookahead,False,0,0,0,0,0
E0V1E_strs,TheoBrigitte/freqtrade,repos/TheoBrigitte_freqtrade/strategies/e0v1e/E0V1E_strs.py,G1_trades,False,0,0,0,0,0
E0V1EN,eovie/freqtrade_strs,repos/eovie_freqtrade_strs/binance/dry_run/E0V1EN.py,G6_lookahead,False,0,0,0,0,0
e6v34,davidzr/freqtrade-strategies,repos/davidzr_freqtrade-strategies/strategies/e6v34/e6v34.py,G2_is_pos,False,0,0,0,0,0
EasyInEasyOut,mikedigriz/freqtrade-strategy-mikedigriz,repos/mikedigriz_freqtrade-strategy-mikedigriz/strategies/EasyInEasyOut.py,G0_measured,,0,0,0,0,0
EI1_t4c0s_V4,TheoBrigitte/freqtrade,repos/TheoBrigitte_freqtrade/strategies/eiv4/EI1_t4c0s_V4.py,G2_is_pos,False,0,0,0,0,0
EI3v2_tag_cofi_green,MMR-19/freqtrade-strategies,repos/MMR-19_freqtrade-strategies/strategies/EI3v2_tag_cofi_green.py,G3_is_sig,True,0,0,0,0,0
EI4_t4c0s_V2,TheoBrigitte/freqtrade,repos/TheoBrigitte_freqtrade/strategies/ei/EI4_t4c0s_V2.py,G2_is_pos,False,0,0,0,0,0
EI4_t4c0s_V2_2,TheoBrigitte/freqtrade,repos/TheoBrigitte_freqtrade/strategies/ei/EI4_t4c0s_V2_2.py,G2_is_pos,False,0,0,0,0,0
ElliotV2,davidzr/freqtrade-strategies,repos/davidzr_freqtrade-strategies/strategies/ElliotV2/ElliotV2.py,G6_lookahead,False,0,0,0,0,0
ElliotV4,davidzr/freqtrade-strategies,repos/davidzr_freqtrade-strategies/strategies/ElliotV4/ElliotV4.py,G3_is_sig,False,0,0,0,0,0
ElliotV531,davidzr/freqtrade-strategies,repos/davidzr_freqtrade-strategies/strategies/ElliotV531/ElliotV531.py,G6_lookahead,False,0,0,0,0,0
ElliotV5_SMA,TheoBrigitte/freqtrade,repos/TheoBrigitte_freqtrade/strategies/ElliotV5_SMA/ElliotV5_SMA.py,G6_lookahead,False,0,0,0,0,0
ElliotV5HO,davidzr/freqtrade-strategies,repos/davidzr_freqtrade-strategies/strategies/ElliotV5HO/ElliotV5HO.py,G6_lookahead,False,0,0,0,0,0
ElliotV5HOMod2,davidzr/freqtrade-strategies,repos/davidzr_freqtrade-strategies/strategies/ElliotV5HOMod2/ElliotV5HOMod2.py,G6_lookahead,False,0,0,0,0,0
ElliotV5HOMod3,davidzr/freqtrade-strategies,repos/davidzr_freqtrade-strategies/strategies/ElliotV5HOMod3/ElliotV5HOMod3.py,G2_is_pos,False,0,0,0,0,0
ElliotV7,Foxel05/freqtrade-stuff,repos/Foxel05_freqtrade-stuff/strategies/ElliotV7.py,G6_lookahead,False,0,0,0,0,0
Elliotv8,Foxel05/freqtrade-stuff,repos/Foxel05_freqtrade-stuff/strategies/ElliotV8.py,G6_lookahead,False,0,0,0,0,0
ElliotV8_original,davidzr/freqtrade-strategies,repos/davidzr_freqtrade-strategies/strategies/ElliotV8_original/ElliotV8_original.py,G6_lookahead,False,0,0,0,0,0
ElliotV8_original_ichiv2,TheoBrigitte/freqtrade,repos/TheoBrigitte_freqtrade/strategies/eliot/ElliotV8_original_ichiv2.py,G6_lookahead,False,0,0,0,0,0
ElliotV8_original_ichiv2OH,TheoBrigitte/freqtrade,repos/TheoBrigitte_freqtrade/strategies/eliot/ElliotV8_original_ichiv2OH.py,G3_is_sig,False,0,0,0,0,0
ElliotV8_original_ichiv3,Foxel05/freqtrade-stuff,repos/Foxel05_freqtrade-stuff/strategies/ElliotV8_original_ichiv3.py,G3_is_sig,False,0,0,0,0,0
ElliotV8HO,davidzr/freqtrade-strategies,repos/davidzr_freqtrade-strategies/strategies/ElliotV8HO/ElliotV8HO.py,G3_is_sig,False,0,0,0,0,0
ElliotWave,jaredrsommer/freqtradestrategies,repos/jaredrsommer_freqtradestrategies/ElliotWave.py,G0_measured,,0,0,0,0,0
eltoro,jaredrsommer/freqtradestrategies,repos/jaredrsommer_freqtradestrategies/eltoro.py,G2_is_pos,False,1,1,1,1,0
eltoro1_4,jaredrsommer/freqtradestrategies,repos/jaredrsommer_freqtradestrategies/eltoro1_4 (copy).py,G2_is_pos,False,1,1,1,1,0
eltoro1_4_simple,jaredrsommer/freqtradestrategies,repos/jaredrsommer_freqtradestrategies/eltoro1_4_simple.py,G2_is_pos,False,1,1,1,1,0
ema,davidzr/freqtrade-strategies,repos/davidzr_freqtrade-strategies/strategies/ema/ema.py,G2_is_pos,False,0,0,0,0,0
EMA50,davidzr/freqtrade-strategies,repos/davidzr_freqtrade-strategies/strategies/EMA50/EMA50.py,G0_measured,,0,0,0,0,0
EMA520015_V17,davidzr/freqtrade-strategies,repos/davidzr_freqtrade-strategies/strategies/EMA520015_V17/EMA520015_V17.py,G2_is_pos,False,0,0,0,0,0
EMA_CROSSOVER_STRATEGY,davidzr/freqtrade-strategies,repos/davidzr_freqtrade-strategies/strategies/EMA_CROSSOVER_STRATEGY/EMA_CROSSOVER_STRATEGY.py,G2_is_pos,False,0,0,0,0,0
EMABBRSI,davidzr/freqtrade-strategies,repos/davidzr_freqtrade-strategies/strategies/EMABBRSI/EMABBRSI.py,G0_measured,,0,0,0,0,0
EMABreakout,davidzr/freqtrade-strategies,repos/davidzr_freqtrade-strategies/strategies/EMABreakout/EMABreakout.py,G0_measured,,0,0,0,0,0
EmaCrossStrategy,mlsys-io/PortfolioBench,repos/mlsys-io_PortfolioBench/strategy/EmaCrossStrategy.py,G0_measured,,0,0,0,0,0
EmaRibbonStrategy,mlsys-io/PortfolioBench,repos/mlsys-io_PortfolioBench/strategy/EmaRibbonStrategy.py,G2_is_pos,False,0,0,0,0,0
EMASkipPump,PeetCrypto/freqtrade-stuff,repos/PeetCrypto_freqtrade-stuff/EMASkipPump.py,G2_is_pos,False,0,0,0,0,0
EMAVolume,PeetCrypto/freqtrade-stuff,repos/PeetCrypto_freqtrade-stuff/EMAVolume.py,G0_measured,,0,0,0,0,0
Enchilada,werkkrew/freqtrade-strategies,repos/werkkrew_freqtrade-strategies/strategies/archived/Enchilada.py,G0_measured,,0,0,0,0,0
EnsembleStrategy,PeetCrypto/freqtrade-stuff,repos/PeetCrypto_freqtrade-stuff/EnsembleStrategy.py,G0_measured,,0,0,0,0,0
EnsembleStrategyV1,PeetCrypto/freqtrade-stuff,repos/PeetCrypto_freqtrade-stuff/EnsembleStrategyV1.py,G0_measured,,0,0,0,0,0
EnsembleStrategyV2,PeetCrypto/freqtrade-stuff,repos/PeetCrypto_freqtrade-stuff/EnsembleStrategyV2.py,G0_measured,,0,0,0,0,0
ep3mas2,PeetCrypto/freqtrade-stuff,repos/PeetCrypto_freqtrade-stuff/ep3mas2.py,G0_measured,,0,0,0,0,0
epretrace,PeetCrypto/freqtrade-stuff,repos/PeetCrypto_freqtrade-stuff/epretrace.py,G0_measured,,0,0,0,0,0
EXPERIMENTAL_STRATEGY,davidzr/freqtrade-strategies,repos/davidzr_freqtrade-strategies/strategies/EXPERIMENTAL_STRATEGY/EXPERIMENTAL_STRATEGY.py,G0_measured,,0,0,0,0,0
ExponentialGradientPortfolio,mlsys-io/PortfolioBench,repos/mlsys-io_PortfolioBench/user_data/strategies/exp_gradient.py,G0_measured,,1,1,1,1,0
FAdxSmaStrategy,freqtrade/freqtrade-strategies,repos/freqtrade_freqtrade-strategies/user_data/strategies/futures/FAdxSmaStrategy.py,G0_measured,,0,0,0,0,0
fahmibah,davidzr/freqtrade-strategies,repos/davidzr_freqtrade-strategies/strategies/fahmibah/fahmibah.py,G2_is_pos,False,0,0,0,0,0
Fakebuy,davidzr/freqtrade-strategies,repos/davidzr_freqtrade-strategies/strategies/Fakebuy/Fakebuy.py,G1_trades,False,0,0,0,0,0
FakeoutStrategy,flaviosiotto/freqtrade-strategy,repos/flaviosiotto_freqtrade-strategy/user_data/strategies/fakeout-strategy.py,G0_measured,,0,0,0,0,0
falconTrader,TheoBrigitte/freqtrade,repos/TheoBrigitte_freqtrade/strategies/falcon/falconTrader.py,G0_measured,,1,1,1,1,0
FastSupertrend,davidzr/freqtrade-strategies,repos/davidzr_freqtrade-strategies/strategies/FastSupertrend/FastSupertrend.py,G0_measured,,0,0,0,0,0
FastSupertrend_optim3,TheoBrigitte/freqtrade,repos/TheoBrigitte_freqtrade/strategies/fastsupertrend/FastSupertrend_optim3.py,G0_measured,,0,0,0,0,0
FastSupertrend_optim3_rsi_70,TheoBrigitte/freqtrade,repos/TheoBrigitte_freqtrade/strategies/fastsupertrend/FastSupertrend_optim3_rsi_70.py,G0_measured,,0,0,0,0,0
FastSupertrend_optim3_rsi_75,TheoBrigitte/freqtrade,repos/TheoBrigitte_freqtrade/strategies/fastsupertrend/FastSupertrend_optim3_rsi_75.py,G0_measured,,0,0,0,0,0
FastSupertrend_optim3_rsi_752,TheoBrigitte/freqtrade,repos/TheoBrigitte_freqtrade/strategies/fastsupertrend/FastSupertrend_optim3_rsi_752.py,G0_measured,,0,0,0,0,0
FastSupertrend_optim3_rsi_75fix,TheoBrigitte/freqtrade,repos/TheoBrigitte_freqtrade/strategies/fastsupertrend/FastSupertrend_optim3_rsi_75fix.py,G0_measured,,0,0,0,0,0
FastSupertrend_optim3_rsi_75fix_signal,TheoBrigitte/freqtrade,repos/TheoBrigitte_freqtrade/strategies/fastsupertrend/FastSupertrend_optim3_rsi_75fix_signal.py,G0_measured,,0,0,0,0,0
FastSupertrend_optim3_rsi_75lev,TheoBrigitte/freqtrade,repos/TheoBrigitte_freqtrade/strategies/fastsupertrend/FastSupertrend_optim3_rsi_75lev.py,G0_measured,,0,0,0,0,0
FastSupertrend_optim3_rsi_75sell,TheoBrigitte/freqtrade,repos/TheoBrigitte_freqtrade/strategies/fastsupertrend/FastSupertrend_optim3_rsi_75sell.py,G0_measured,,0,0,0,0,0
FastSupertrend_optim3_rsi_80,TheoBrigitte/freqtrade,repos/TheoBrigitte_freqtrade/strategies/fastsupertrend/FastSupertrend_optim3_rsi_80.py,G0_measured,,0,0,0,0,0
FastSupertrend_optim_quick,TheoBrigitte/freqtrade,repos/TheoBrigitte_freqtrade/strategies/fastsupertrend/FastSupertrend_optim_quick.py,G0_measured,,0,0,0,0,0
FastSupertrend_optim_quick2,TheoBrigitte/freqtrade,repos/TheoBrigitte_freqtrade/strategies/fastsupertrend/FastSupertrend_optim_quick2.py,G0_measured,,0,0,0,0,0
FastSupertrend_optim_quick3,TheoBrigitte/freqtrade,repos/TheoBrigitte_freqtrade/strategies/fastsupertrend/FastSupertrend_optim_quick3.py,G0_measured,,0,0,0,0,0
FastSupertrend_optim_quick4,TheoBrigitte/freqtrade,repos/TheoBrigitte_freqtrade/strategies/fastsupertrend/FastSupertrend_optim_quick4.py,G0_measured,,0,0,0,0,0
FastSupertrend_optim_quick5,TheoBrigitte/freqtrade,repos/TheoBrigitte_freqtrade/strategies/fastsupertrend/FastSupertrend_optim_quick5.py,G0_measured,,0,0,0,0,0
FastSupertrend_ts_origstop_fix,TheoBrigitte/freqtrade,repos/TheoBrigitte_freqtrade/strategies/fastsupertrend/FastSupertrend_ts_origstop_fix.py,G0_measured,,0,0,0,0,0
FastSupertrendOpt,davidzr/freqtrade-strategies,repos/davidzr_freqtrade-strategies/strategies/FastSupertrendOpt/FastSupertrendOpt.py,G0_measured,,0,0,0,0,0
FileLoadingStrategy,keithorange/FreqTradeCustomOrders,repos/keithorange_FreqTradeCustomOrders/file_loading_strategy.py,G0_measured,,0,0,0,0,0
FisherHull,mikedigriz/freqtrade-strategy-mikedigriz,repos/mikedigriz_freqtrade-strategy-mikedigriz/strategies/FisherHull.py,G0_measured,,0,0,0,0,0
FisherTransformStrategy,mlsys-io/PortfolioBench,repos/mlsys-io_PortfolioBench/strategy/FisherTransformStrategy.py,G2_is_pos,False,0,0,0,0,0
FiveMinCrossAbove,PeetCrypto/freqtrade-stuff,repos/PeetCrypto_freqtrade-stuff/FiveMinCrossAbove.py,G2_is_pos,False,0,0,0,0,0
FixedRiskRewardLoss,PeetCrypto/freqtrade-stuff,repos/PeetCrypto_freqtrade-stuff/FixedRiskRewardLoss.py,G0_measured,,0,0,0,0,0
flawless_lambo,davidzr/freqtrade-strategies,repos/davidzr_freqtrade-strategies/strategies/flawless_lambo/flawless_lambo.py,G2_is_pos,False,0,0,0,0,0
FlawlessVictory,seannowotny/FlawlessVictoryPort,repos/seannowotny_FlawlessVictoryPort/user_data/strategies/flawless_victory_v1.py,G2_is_pos,False,0,0,0,0,0
ForexRobootSuperScalper,jaredrsommer/freqtradestrategies,repos/jaredrsommer_freqtradestrategies/ForexRobootSuperScalper (2).py,G2_is_pos,False,0,0,0,0,0
ForexSignal,davidzr/freqtrade-strategies,repos/davidzr_freqtrade-strategies/strategies/ForexSignal/ForexSignal.py,G2_is_pos,False,0,0,0,0,0
FOttStrategy,MelvynClark/Freqtrade-Strategy,repos/MelvynClark_Freqtrade-Strategy/FOTT.py,G0_measured,,0,0,0,0,0
FrayLIVEBTC15m,PeetCrypto/freqtrade-stuff,repos/PeetCrypto_freqtrade-stuff/FrayLIVEBTC15m.py,G2_is_pos,False,0,0,0,0,0
FRAYSTRAT,PeetCrypto/freqtrade-stuff,repos/PeetCrypto_freqtrade-stuff/FRAYSTRAT (1).py,G2_is_pos,False,0,0,0,0,0
FrayStratBTC,PeetCrypto/freqtrade-stuff,repos/PeetCrypto_freqtrade-stuff/FRAYSTRAT-BTCUSDT-1H.py,G2_is_pos,False,0,0,0,0,0
FReinforcedStrategy,freqtrade/freqtrade-strategies,repos/freqtrade_freqtrade-strategies/user_data/strategies/futures/FReinforcedStrategy.py,G0_measured,,0,0,0,0,0
freqai_rl_test_strat,markdregan/FreqAI-Marcos-Lopez-De-Prado,repos/markdregan_FreqAI-Marcos-Lopez-De-Prado/tests/strategy/strats/freqai_rl_test_strat.py,G0_measured,,0,0,0,0,0
freqai_test_classifier,markdregan/FreqAI-Marcos-Lopez-De-Prado,repos/markdregan_FreqAI-Marcos-Lopez-De-Prado/tests/strategy/strats/freqai_test_classifier.py,G0_measured,,0,0,0,0,0
freqai_test_multimodel_classifier_strat,markdregan/FreqAI-Marcos-Lopez-De-Prado,repos/markdregan_FreqAI-Marcos-Lopez-De-Prado/tests/strategy/strats/freqai_test_multimodel_classifier_strat.py,G0_measured,,0,0,0,0,0
freqai_test_multimodel_strat,markdregan/FreqAI-Marcos-Lopez-De-Prado,repos/markdregan_FreqAI-Marcos-Lopez-De-Prado/tests/strategy/strats/freqai_test_multimodel_strat.py,G0_measured,,0,0,0,0,0
freqai_test_strat,markdregan/FreqAI-Marcos-Lopez-De-Prado,repos/markdregan_FreqAI-Marcos-Lopez-De-Prado/tests/strategy/strats/freqai_test_strat.py,G0_measured,,0,0,0,0,0
FreqaiExampleHybridStrategy,markdregan/FreqAI-Marcos-Lopez-De-Prado,repos/markdregan_FreqAI-Marcos-Lopez-De-Prado/freqtrade/templates/FreqaiExampleHybridStrategy.py,G0_measured,,0,0,0,0,0
FreqaiExampleStrategy,flaviosiotto/freqtrade-strategy,repos/flaviosiotto_freqtrade-strategy/user_data/strategies/exemple-ai-strategy.py,G0_measured,,0,0,0,0,0
Freqtrade_backtest_validation_freqtrade1,TheoBrigitte/freqtrade,repos/TheoBrigitte_freqtrade/strategies/berlinguyinca/1h/Freqtrade_backtest_validation_freqtrade1.py,G3_is_sig,False,0,0,0,0,0
FrostAuraM115mStrategy,PeetCrypto/freqtrade-stuff,repos/PeetCrypto_freqtrade-stuff/FrostAuraM115mStrategy.py,G2_is_pos,False,0,0,0,0,0
FrostAuraM11hStrategy,PeetCrypto/freqtrade-stuff,repos/PeetCrypto_freqtrade-stuff/FrostAuraM11hStrategy.py,G2_is_pos,False,0,0,0,0,0
FrostAuraM21hStrategy,PeetCrypto/freqtrade-stuff,repos/PeetCrypto_freqtrade-stuff/FrostAuraM21hStrategy.py,G2_is_pos,False,0,0,0,0,0
FrostAuraM315mStrategy,PeetCrypto/freqtrade-stuff,repos/PeetCrypto_freqtrade-stuff/FrostAuraM315mStrategy.py,G2_is_pos,False,0,0,0,0,0
FrostAuraM31hStrategy,PeetCrypto/freqtrade-stuff,repos/PeetCrypto_freqtrade-stuff/FrostAuraM31hStrategy.py,G2_is_pos,False,0,0,0,0,0
FrostAuraRandomStrategy,davidzr/freqtrade-strategies,repos/davidzr_freqtrade-strategies/strategies/FrostAuraRandomStrategy/FrostAuraRandomStrategy.py,G2_is_pos,False,0,0,0,0,0
FSampleStrategy,freqtrade/freqtrade-strategies,repos/freqtrade_freqtrade-strategies/user_data/strategies/futures/FSampleStrategy.py,G0_measured,,0,0,0,0,0
FSupertrendStrategy,freqtrade/freqtrade-strategies,repos/freqtrade_freqtrade-strategies/user_data/strategies/futures/FSupertrendStrategy.py,G2_is_pos,False,0,0,0,0,0
FSupertrendStrategyBTC,MelvynClark/Freqtrade-Strategy,repos/MelvynClark_Freqtrade-Strategy/FSupertrendStrategy - BTC.py,G0_measured,,0,0,0,0,0
FSupertrendStrategyETH,MelvynClark/Freqtrade-Strategy,repos/MelvynClark_Freqtrade-Strategy/FSupertrendStrategy - ETH.py,G0_measured,,0,0,0,0,0
FTT_DWT_FBB_FUTURES,Lijunnan0113/Lijunnan0113-Lijunnan_Freqtrade_Strategy,repos/Lijunnan0113_Lijunnan0113-Lijunnan_Freqtrade_Strategy/Strategy/FTT_DWT_FBB_FUTURES.py,G0_measured,,0,0,0,0,0
FundingCarry,nateemma/strategies,repos/nateemma_strategies/Funding/FundingCarry.py,G0_measured,,0,0,0,0,0
FVGAdvancedStrategy_V2,TheoBrigitte/freqtrade,repos/TheoBrigitte_freqtrade/strategies/FVGAdvancedStrategy_V2/FVGAdvancedStrategy_V2.py,G2_is_pos,False,1,1,1,1,0
FVGChannel,jaredrsommer/freqtradestrategies,repos/jaredrsommer_freqtradestrategies/FVGChannel.py,G2_is_pos,False,0,0,0,0,0
GeneStrategy,TheoBrigitte/freqtrade,repos/TheoBrigitte_freqtrade/strategies/GeneTrader/GeneStrategy.py,G0_measured,,1,1,1,1,0
GeneStrategy_v2,TheoBrigitte/freqtrade,repos/TheoBrigitte_freqtrade/strategies/GeneTrader/GeneStrategy_v2.py,G0_measured,,1,1,1,1,0
GeneTrader_gen10_1734895087_6007,TheoBrigitte/freqtrade,repos/TheoBrigitte_freqtrade/strategies/GeneTrader/GeneTrader_gen10_1734895087_6007.py,G0_measured,,1,1,1,1,0
GeneTrader_gen5_1735014093_4541,TheoBrigitte/freqtrade,repos/TheoBrigitte_freqtrade/strategies/GeneTrader/GeneTrader_gen5_1735014093_4541.py,G0_measured,,1,1,1,1,0
gettinMoist,werkkrew/freqtrade-strategies,repos/werkkrew_freqtrade-strategies/strategies/archived/gettinMoist.py,G2_is_pos,False,0,0,0,0,0
GKD_Baseline,jaredrsommer/freqtradestrategies,repos/jaredrsommer_freqtradestrategies/GKD_Baseline.py,G2_is_pos,False,0,0,0,0,0
GKD_BaselineAllMAs,jaredrsommer/freqtradestrategies,repos/jaredrsommer_freqtradestrategies/GKD_BaselineAllMAs (1).py,G2_is_pos,False,0,0,0,0,0
GKD_C,jaredrsommer/freqtradestrategies,repos/jaredrsommer_freqtradestrategies/GKD_C.py,G0_measured,,0,0,0,0,0
GKD_CT,jaredrsommer/freqtradestrategies,repos/jaredrsommer_freqtradestrategies/GKD_CT.py,G0_measured,,1,1,1,1,0
GKD_FisherTransform,jaredrsommer/freqtradestrategies,repos/jaredrsommer_freqtradestrategies/GKD_FisherTransform (2).py,G0_measured,,0,0,0,0,0
GKD_FisherTransformMTF,jaredrsommer/freqtradestrategies,repos/jaredrsommer_freqtradestrategies/GKD_FisherTransformMTF.py,G2_is_pos,False,0,0,0,0,0
GKD_HurstExponent,jaredrsommer/freqtradestrategies,repos/jaredrsommer_freqtradestrategies/GKD_HurstExponent.py,G2_is_pos,False,0,0,0,0,0
GKD_PFE,jaredrsommer/freqtradestrategies,repos/jaredrsommer_freqtradestrategies/GKD_PFE.py,G2_is_pos,False,0,0,0,0,0
GodCard,davidzr/freqtrade-strategies,repos/davidzr_freqtrade-strategies/strategies/GodCard/GodCard.py,G2_is_pos,False,0,0,0,0,0
GodStra,PeetCrypto/freqtrade-stuff,repos/PeetCrypto_freqtrade-stuff/GodStraNew.py,G0_measured,,0,0,0,0,0
GodStraNew,PeetCrypto/freqtrade-stuff,repos/PeetCrypto_freqtrade-stuff/GodStra.py,G0_measured,,0,0,0,0,0
GodStraNew40,PeetCrypto/freqtrade-stuff,repos/PeetCrypto_freqtrade-stuff/GodStraNew40.py,G0_measured,,0,0,0,0,0
GodStraNew_SMAonly,PeetCrypto/freqtrade-stuff,repos/PeetCrypto_freqtrade-stuff/GodStraNew_SMAonly.py,G0_measured,,0,0,0,0,0
GoldenCrossStrategy,mlsys-io/PortfolioBench,repos/mlsys-io_PortfolioBench/strategy/GoldenCrossStrategy.py,G2_is_pos,False,0,0,0,0,0
GoldHedgeZeroMACD,ingpawat/freqtrade-strategy-with-backtest,repos/ingpawat_freqtrade-strategy-with-backtest/strategy/GoldHedgeZeroMACD/GoldHedgeZeroMACD.py,G3_is_sig,False,0,0,0,0,0
GPR,jaredrsommer/freqtradestrategies,repos/jaredrsommer_freqtradestrategies/GPR.py,G0_measured,,0,0,0,0,0
GPTREV,jaredrsommer/freqtradestrategies,repos/jaredrsommer_freqtradestrategies/GPTREV.py,G0_measured,,0,0,0,0,0
grad,jaredrsommer/freqtradestrategies,repos/jaredrsommer_freqtradestrategies/grad (copy).py,G6_lookahead,True,0,0,0,0,0
Guacamole,davidzr/freqtrade-strategies,repos/davidzr_freqtrade-strategies/strategies/Guacamole/Guacamole.py,G0_measured,,0,0,0,0,0
Gumbo1,PeetCrypto/freqtrade-stuff,repos/PeetCrypto_freqtrade-stuff/gumbo1.py,G2_is_pos,False,0,0,0,0,0
GymStrategy,PeetCrypto/freqtrade-stuff,repos/PeetCrypto_freqtrade-stuff/GymStrategy.py,G0_measured,,0,0,0,0,0
Hacklemore,werkkrew/freqtrade-strategies,repos/werkkrew_freqtrade-strategies/strategies/archived/Hacklemore.py,G0_measured,,0,0,0,0,0
Hacklemore2,davidzr/freqtrade-strategies,repos/davidzr_freqtrade-strategies/strategies/Hacklemore2/Hacklemore2.py,G0_measured,,0,0,0,0,0
Hacklemore3,davidzr/freqtrade-strategies,repos/davidzr_freqtrade-strategies/strategies/Hacklemore3/Hacklemore3.py,G0_measured,,0,0,0,0,0
Hacklemost,werkkrew/freqtrade-strategies,repos/werkkrew_freqtrade-strategies/strategies/archived/Hacklemost.py,G1_trades,False,0,0,0,0,0
haGradient,jaredrsommer/freqtradestrategies,repos/jaredrsommer_freqtradestrategies/haGradient (copy).py,G0_measured,,0,0,0,0,0
hansencandlepatternV1,PeetCrypto/freqtrade-stuff,repos/PeetCrypto_freqtrade-stuff/hansencandlepatternV1.py,G2_is_pos,False,0,0,0,0,0
HansenSmaOffsetV1,PeetCrypto/freqtrade-stuff,repos/PeetCrypto_freqtrade-stuff/HansenSmaOffsetV1.py,G1_trades,False,0,0,0,0,0
HarmonicDivergence,TheoBrigitte/freqtrade,repos/TheoBrigitte_freqtrade/strategies/harmonic-divergence/HarmonicDivergence.py,G0_measured,,0,0,0,0,0
HarmonicDivergence_fix,TheoBrigitte/freqtrade,repos/TheoBrigitte_freqtrade/strategies/harmonic-divergence/HarmonicDivergence-fix.py,G0_measured,,0,0,0,0,0
heikin,PeetCrypto/freqtrade-stuff,repos/PeetCrypto_freqtrade-stuff/heikin.py,G2_is_pos,False,0,0,0,0,0
HeikinAshiStrategy,mlsys-io/PortfolioBench,repos/mlsys-io_PortfolioBench/strategy/HeikinAshiStrategy.py,G2_is_pos,False,0,0,0,0,0
Heracles,PeetCrypto/freqtrade-stuff,repos/PeetCrypto_freqtrade-stuff/Heracles.py,G0_measured,,0,0,0,0,0
HEW,jaredrsommer/freqtradestrategies,repos/jaredrsommer_freqtradestrategies/HEW.py,G0_measured,,1,1,1,1,0
HigherHighStrategy,mlsys-io/PortfolioBench,repos/mlsys-io_PortfolioBench/strategy/HigherHighStrategy.py,G2_is_pos,False,0,0,0,0,0
HilbertSineWave,jaredrsommer/freqtradestrategies,repos/jaredrsommer_freqtradestrategies/HilbertSineWave.py,G2_is_pos,False,0,0,0,0,0
HLHB,PeetCrypto/freqtrade-stuff,repos/PeetCrypto_freqtrade-stuff/HLHB.py,G0_measured,,0,0,0,0,0
hlhb,TheoBrigitte/freqtrade,repos/TheoBrigitte_freqtrade/strategies/freqtrade-strategies/hlhb.py,G2_is_pos,False,0,0,0,0,0
HourBasedStrategy,PeetCrypto/freqtrade-stuff,repos/PeetCrypto_freqtrade-stuff/HourBasedStrategy.py,G2_is_pos,False,0,0,0,0,0
HourBasedStrategy_5m,eovie/freqtrade_strs,repos/eovie_freqtrade_strs/binance/Archive/HourBasedStrategy.py,G2_is_pos,False,0,0,0,0,0
HSI,jaredrsommer/freqtradestrategies,repos/jaredrsommer_freqtradestrategies/HSI (2).py,G0_measured,,0,0,0,0,0
HurstCycle3,jaredrsommer/freqtradestrategies,repos/jaredrsommer_freqtradestrategies/HurstCycle3 (2).py,G2_is_pos,False,0,0,0,0,0
HurstCycle7,jaredrsommer/freqtradestrategies,repos/jaredrsommer_freqtradestrategies/HurstCycle7 (2).py,G0_measured,,0,0,0,0,0
HurstCycleV4,jaredrsommer/freqtradestrategies,repos/jaredrsommer_freqtradestrategies/HurstCycleV4.py,G0_measured,,0,0,0,0,0
HurstCycleV5,jaredrsommer/freqtradestrategies,repos/jaredrsommer_freqtradestrategies/HurstCycleV5 (2).py,G0_measured,,1,1,1,1,0
HurstCycleV5RSI,jaredrsommer/freqtradestrategies,repos/jaredrsommer_freqtradestrategies/HurstCycleV5RSI (2).py,G0_measured,,1,1,1,1,0
HurstCycleV6,jaredrsommer/freqtradestrategies,repos/jaredrsommer_freqtradestrategies/HurstCycleV6.py,G0_measured,,0,0,0,0,0
HyperStra_GSN_SMAOnly,PeetCrypto/freqtrade-stuff,repos/PeetCrypto_freqtrade-stuff/HyperStra_GSN_SMAOnly.py,G1_trades,False,0,0,0,0,0
HyperStra_SMAOnly,PeetCrypto/freqtrade-stuff,repos/PeetCrypto_freqtrade-stuff/HyperStra_SMAOnly.py,G1_trades,False,0,0,0,0,0
Ichess,PeetCrypto/freqtrade-stuff,repos/PeetCrypto_freqtrade-stuff/Ichess.py,G3_is_sig,False,0,0,0,0,0
Ichi,PeetCrypto/freqtrade-stuff,repos/PeetCrypto_freqtrade-stuff/Example_Strat_With_FileLogging.py,G2_is_pos,False,0,0,0,0,0
ichi,werkkrew/freqtrade-strategies,repos/werkkrew_freqtrade-strategies/strategies/archived/Ichis.py,G2_is_pos,False,0,0,0,0,0
Ichimoku,PeetCrypto/freqtrade-stuff,repos/PeetCrypto_freqtrade-stuff/Ichimoku.py,G2_is_pos,False,0,0,0,0,0
Ichimoku_SenkouSpanCross,PeetCrypto/freqtrade-stuff,repos/PeetCrypto_freqtrade-stuff/Ichimoku_SenkouSpanCross.py,G0_measured,,0,0,0,0,0
Ichimoku_v12,PeetCrypto/freqtrade-stuff,repos/PeetCrypto_freqtrade-stuff/Ichimoku_v12.py,G0_measured,,0,0,0,0,0
Ichimoku_v30,PeetCrypto/freqtrade-stuff,repos/PeetCrypto_freqtrade-stuff/Ichimoku_v30_DojiStar.py,G0_measured,,0,0,0,0,0
Ichimoku_v31,PeetCrypto/freqtrade-stuff,repos/PeetCrypto_freqtrade-stuff/Ichimoku_v31_Heikin.py,G5_os_sig,True,0,0,0,0,0
Ichimoku_v32,PeetCrypto/freqtrade-stuff,repos/PeetCrypto_freqtrade-stuff/Ichimoku_v32_HeikinAshi.py,G0_measured,,0,0,0,0,0
Ichimoku_v33,PeetCrypto/freqtrade-stuff,repos/PeetCrypto_freqtrade-stuff/Ichimoku_v33_SAR.py,G0_measured,,0,0,0,0,0
Ichimoku_v35,PeetCrypto/freqtrade-stuff,repos/PeetCrypto_freqtrade-stuff/Ichimoku_v35_SAR_1d.py,G0_measured,,0,0,0,0,0
Ichimoku_v37,PeetCrypto/freqtrade-stuff,repos/PeetCrypto_freqtrade-stuff/Ichimoku_v37_HeikinAshi.py,G3_is_sig,True,0,0,0,0,0
IchimokuCloudStrategy,mlsys-io/PortfolioBench,repos/mlsys-io_PortfolioBench/strategy/IchimokuCloudStrategy.py,G6_lookahead,True,0,0,0,0,0
IchimokuSimpleStrategy,mlsys-io/PortfolioBench,repos/mlsys-io_PortfolioBench/strategy/IchimokuSimpleStrategy.py,G2_is_pos,False,0,0,0,0,0
IchimokuStrategy,PeetCrypto/freqtrade-stuff,repos/PeetCrypto_freqtrade-stuff/IchimokuStrategy.py,G0_measured,,0,0,0,0,0
ichiV1,PeetCrypto/freqtrade-stuff,repos/PeetCrypto_freqtrade-stuff/IchisV1.py,G6_lookahead,True,0,0,0,0,0
ichiV1_Marius,davidzr/freqtrade-strategies,repos/davidzr_freqtrade-strategies/strategies/ichiV1_Marius/ichiV1_Marius.py,G0_measured,,1,1,1,1,0
IchiVwapAdx,jaredrsommer/freqtradestrategies,repos/jaredrsommer_freqtradestrategies/IchiVwapAdx (2).py,G0_measured,,0,0,0,0,0
ImpulseV1,jaredrsommer/freqtradestrategies,repos/jaredrsommer_freqtradestrategies/ImpulseV1.py,G0_measured,,1,1,1,1,0
InformativeDecoratorTest,markdregan/FreqAI-Marcos-Lopez-De-Prado,repos/markdregan_FreqAI-Marcos-Lopez-De-Prado/tests/strategy/strats/informative_decorator_strategy.py,G0_measured,,0,0,0,0,0
InformativeSample,PeetCrypto/freqtrade-stuff,repos/PeetCrypto_freqtrade-stuff/InformativeSample (1).py,G2_is_pos,False,0,0,0,0,0
INSIDEUP,davidzr/freqtrade-strategies,repos/davidzr_freqtrade-strategies/strategies/INSIDEUP/INSIDEUP.py,G2_is_pos,False,0,0,0,0,0
Insomnia_short,TheoBrigitte/freqtrade,repos/TheoBrigitte_freqtrade/strategies/insomnia/Insomnia_short.py,G0_measured,,1,1,1,1,0
Inverse,Foxel05/freqtrade-stuff,repos/Foxel05_freqtrade-stuff/strategies/Inverse.py,G3_is_sig,False,0,0,0,0,0
InverseV2,Foxel05/freqtrade-stuff,repos/Foxel05_freqtrade-stuff/strategies/InverseV2.py,G3_is_sig,False,0,0,0,0,0
InverseVolatilityPortfolio,mlsys-io/PortfolioBench,repos/mlsys-io_PortfolioBench/user_data/strategies/inv_vol.py,G1_trades,True,1,1,1,1,0
JuicyTrend,TheoBrigitte/freqtrade,repos/TheoBrigitte_freqtrade/strategies/juicy/JuicyTrend.py,G2_is_pos,False,0,0,0,0,0
JustROCR,PeetCrypto/freqtrade-stuff,repos/PeetCrypto_freqtrade-stuff/JustROCR.py,G0_measured,,0,0,0,0,0
JustROCR2,PeetCrypto/freqtrade-stuff,repos/PeetCrypto_freqtrade-stuff/JustROCR2.py,G0_measured,,0,0,0,0,0
JustROCR3,PeetCrypto/freqtrade-stuff,repos/PeetCrypto_freqtrade-stuff/JustROCR3.py,G0_measured,,0,0,0,0,0
JustROCR4,PeetCrypto/freqtrade-stuff,repos/PeetCrypto_freqtrade-stuff/JustROCR4.py,G0_measured,,0,0,0,0,0
JustROCR5,PeetCrypto/freqtrade-stuff,repos/PeetCrypto_freqtrade-stuff/JustROCR5.py,G0_measured,,0,0,0,0,0
JustROCR6,PeetCrypto/freqtrade-stuff,repos/PeetCrypto_freqtrade-stuff/JustROCR6.py,G0_measured,,0,0,0,0,0
kalthetank,jaredrsommer/freqtradestrategies,repos/jaredrsommer_freqtradestrategies/kalthetank (2).py,G0_measured,,1,1,1,1,0
KAMACCIRSI,PeetCrypto/freqtrade-stuff,repos/PeetCrypto_freqtrade-stuff/KAMACCIRSI.py,G2_is_pos,False,0,0,0,0,0
KAMACCIRSI_new,werkkrew/freqtrade-strategies,repos/werkkrew_freqtrade-strategies/strategies/archived/KAMACCIRSI.py,G2_is_pos,False,0,0,0,0,0
Kamaflage,davidzr/freqtrade-strategies,repos/davidzr_freqtrade-strategies/strategies/Kamaflage/Kamaflage.py,G0_measured,,0,0,0,0,0
KC_BB,davidzr/freqtrade-strategies,repos/davidzr_freqtrade-strategies/strategies/KC_BB/KC_BB.py,G3_is_sig,False,0,0,0,0,0
keltnerchannel,davidzr/freqtrade-strategies,repos/davidzr_freqtrade-strategies/strategies/keltnerchannel/keltnerchannel.py,G0_measured,,0,0,0,0,0
KeltnerChannelStrategy,mlsys-io/PortfolioBench,repos/mlsys-io_PortfolioBench/strategy/KeltnerChannelStrategy.py,G2_is_pos,False,0,0,0,0,0
KitchenSink,jaredrsommer/freqtradestrategies,repos/jaredrsommer_freqtradestrategies/KitchenSink (2).py,G0_measured,,1,1,1,1,0
KMM,jaredrsommer/freqtradestrategies,repos/jaredrsommer_freqtradestrategies/KMM.py,G0_measured,,0,1,1,0,1
lambotest,jaredrsommer/freqtradestrategies,repos/jaredrsommer_freqtradestrategies/lambo_testing.py,G2_is_pos,False,0,0,0,0,0
Lateralus,werkkrew/freqtrade-strategies,repos/werkkrew_freqtrade-strategies/strategies/archived/Lateralus.py,G0_measured,,0,0,0,0,0
Leveraged,davidzr/freqtrade-strategies,repos/davidzr_freqtrade-strategies/strategies/Leveraged/Leveraged.py,G2_is_pos,False,0,0,0,0,0
LinearRegressionStrategy,mlsys-io/PortfolioBench,repos/mlsys-io_PortfolioBench/strategy/LinearRegressionStrategy.py,G2_is_pos,False,0,0,0,0,0
LitmusEntryRollClassificationStrategy,markdregan/FreqAI-Marcos-Lopez-De-Prado,repos/markdregan_FreqAI-Marcos-Lopez-De-Prado/user_data/strategies/deprecated/LitmusEntryRollClassificationStrategy.py,G0_measured,,0,0,0,0,0
LitmusGoodMinMaxClassificationStrategy,markdregan/FreqAI-Marcos-Lopez-De-Prado,repos/markdregan_FreqAI-Marcos-Lopez-De-Prado/user_data/strategies/deprecated/LitmusGoodMinMaxClassificationStrategy.py,G0_measured,,0,0,0,0,0
LitmusMetaStrategy,markdregan/FreqAI-Marcos-Lopez-De-Prado,repos/markdregan_FreqAI-Marcos-Lopez-De-Prado/user_data/strategies/deprecated/LitmusMetaStrategy.py,G0_measured,,0,0,0,0,0
LitmusMinMaxBroadClassificationStrategy,markdregan/FreqAI-Marcos-Lopez-De-Prado,repos/markdregan_FreqAI-Marcos-Lopez-De-Prado/user_data/strategies/LitmusMinMaxBroadClassificationStrategy.py,G0_measured,,0,0,0,0,0
LitmusMinMaxClassificationStrategy,markdregan/FreqAI-Marcos-Lopez-De-Prado,repos/markdregan_FreqAI-Marcos-Lopez-De-Prado/user_data/strategies/deprecated/LitmusMinMaxClassificationStrategy.py,G0_measured,,0,0,0,0,0
LitmusMinMaxRegretClassificationStrategy,markdregan/FreqAI-Marcos-Lopez-De-Prado,repos/markdregan_FreqAI-Marcos-Lopez-De-Prado/user_data/strategies/deprecated/LitmusMinMaxRegretClassificationStrategy.py,G0_measured,,0,0,0,0,0
LitmusMinMaxSegmentClassificationStrategy,markdregan/FreqAI-Marcos-Lopez-De-Prado,repos/markdregan_FreqAI-Marcos-Lopez-De-Prado/user_data/strategies/deprecated/LitmusMinMaxSegmentClassificationStrategy.py,G0_measured,,0,0,0,0,0
LitmusMinMaxStrategy,markdregan/FreqAI-Marcos-Lopez-De-Prado,repos/markdregan_FreqAI-Marcos-Lopez-De-Prado/user_data/strategies/LitmusMinMaxStrategy.py,G0_measured,,0,1,1,0,1
LitmusMinMaxTrendStrategy,markdregan/FreqAI-Marcos-Lopez-De-Prado,repos/markdregan_FreqAI-Marcos-Lopez-De-Prado/user_data/strategies/LitmusMinMaxTrendStrategy.py,G0_measured,,0,1,1,0,1
LitmusMLDPStrategy,markdregan/FreqAI-Marcos-Lopez-De-Prado,repos/markdregan_FreqAI-Marcos-Lopez-De-Prado/user_data/strategies/LitmusMLDPStrategy.py,G0_measured,,0,1,1,0,1
LitmusSimpleStrategy,markdregan/FreqAI-Marcos-Lopez-De-Prado,repos/markdregan_FreqAI-Marcos-Lopez-De-Prado/user_data/strategies/LitmusSimpleStrategy.py,G0_measured,,0,1,1,0,1
LongShortRangeTradingMachetesV1,PeetCrypto/freqtrade-stuff,repos/PeetCrypto_freqtrade-stuff/LongShortRangeTradingMachetesV1-1.py,G0_measured,,0,0,0,0,0
LookaheadStrategy,davidzr/freqtrade-strategies,repos/davidzr_freqtrade-strategies/strategies/LookaheadStrategy/LookaheadStrategy.py,G6_lookahead,True,0,0,0,0,0
LorentzianClassification,jaredrsommer/freqtradestrategies,repos/jaredrsommer_freqtradestrategies/LorentzianClassification (2).py,G2_is_pos,False,0,0,0,0,0
Low_BB,PeetCrypto/freqtrade-stuff,repos/PeetCrypto_freqtrade-stuff/Low_BB.py,G2_is_pos,False,0,0,0,0,0
LuxOSC,PeetCrypto/freqtrade-stuff,repos/PeetCrypto_freqtrade-stuff/LuxOSC.py,G2_is_pos,False,0,0,0,0,0
MabStra,davidzr/freqtrade-strategies,repos/davidzr_freqtrade-strategies/strategies/mabStra/mabStra.py,G2_is_pos,False,0,0,0,0,0
mabStra,PeetCrypto/freqtrade-stuff,repos/PeetCrypto_freqtrade-stuff/mabStra.py,G0_measured,,0,0,0,0,0
MAC,PeetCrypto/freqtrade-stuff,repos/PeetCrypto_freqtrade-stuff/MAC.py,G1_trades,False,0,0,0,0,0
Macd,Foxel05/freqtrade-stuff,repos/Foxel05_freqtrade-stuff/strategies/macd.py,G3_is_sig,False,0,0,0,0,0
MACD_EMA,PeetCrypto/freqtrade-stuff,repos/PeetCrypto_freqtrade-stuff/MACD_EMA.py,G2_is_pos,False,0,0,0,0,0
macd_recovery,davidzr/freqtrade-strategies,repos/davidzr_freqtrade-strategies/strategies/macd_recovery/macd_recovery.py,G0_measured,,0,0,0,0,0
MACD_TRI_EMA,PeetCrypto/freqtrade-stuff,repos/PeetCrypto_freqtrade-stuff/MACD_TRI_EMA.py,G2_is_pos,False,0,0,0,0,0
MACD_TRIPLE_MA,PeetCrypto/freqtrade-stuff,repos/PeetCrypto_freqtrade-stuff/MACD_TRIPLE_MA.py,G2_is_pos,False,0,0,0,0,0
MacdAdxStrategy,mlsys-io/PortfolioBench,repos/mlsys-io_PortfolioBench/strategy/MacdAdxStrategy.py,G2_is_pos,False,0,0,0,0,0
MACDCCI,PeetCrypto/freqtrade-stuff,repos/PeetCrypto_freqtrade-stuff/MACDCCI.py,G0_measured,,0,0,0,0,0
MACDRL,MelvynClark/Freqtrade-Strategy,repos/MelvynClark_Freqtrade-Strategy/MACDR/MACDStrategy - robert long.py,G0_measured,,0,0,0,0,0
MACDRS,MelvynClark/Freqtrade-Strategy,repos/MelvynClark_Freqtrade-Strategy/MACDR/Futures MACD Crossover 5 candles ago.py,G0_measured,,0,0,0,0,0
MACDRSI200,PeetCrypto/freqtrade-stuff,repos/PeetCrypto_freqtrade-stuff/MACDRSI200.py,G0_measured,,0,0,0,0,0
MACDStrategy,PeetCrypto/freqtrade-stuff,repos/PeetCrypto_freqtrade-stuff/MACDStrategy.py,G2_is_pos,False,0,0,0,0,0
MacdStrategy,DutchCryptoDad/FreqtradeBotStrategyDevelopmentForBeginners,repos/DutchCryptoDad_FreqtradeBotStrategyDevelopmentForBeginners/MacdStrategy.py,G2_is_pos,False,0,0,0,0,0
MACDStrategy_crossed,PeetCrypto/freqtrade-stuff,repos/PeetCrypto_freqtrade-stuff/MACDStrategy_crossed.py,G2_is_pos,False,0,0,0,0,0
MACDStrategyADA,MelvynClark/Freqtrade-Strategy,repos/MelvynClark_Freqtrade-Strategy/MACDStrategy - ADA.py,G2_is_pos,False,0,0,0,0,0
MACDStrategyAVAX,MelvynClark/Freqtrade-Strategy,repos/MelvynClark_Freqtrade-Strategy/MACDStrategy - AVAX.py,G2_is_pos,False,0,0,0,0,0
MACDStrategyBTC,MelvynClark/Freqtrade-Strategy,repos/MelvynClark_Freqtrade-Strategy/MACDStrategy - BTC.py,G2_is_pos,False,0,0,0,0,0
MACDStrategyENJ,MelvynClark/Freqtrade-Strategy,repos/MelvynClark_Freqtrade-Strategy/MACDStrategy - ENJ.py,G2_is_pos,False,0,0,0,0,0
MACDStrategyETC,MelvynClark/Freqtrade-Strategy,repos/MelvynClark_Freqtrade-Strategy/MACDStrategy - ETC.py,G2_is_pos,False,0,0,0,0,0
MACDStrategySOL,MelvynClark/Freqtrade-Strategy,repos/MelvynClark_Freqtrade-Strategy/MACDStrategy - SOL.py,G2_is_pos,False,0,0,0,0,0
MACDStrategyXRP,MelvynClark/Freqtrade-Strategy,repos/MelvynClark_Freqtrade-Strategy/MACDStrategy - XRP.py,G2_is_pos,False,0,0,0,0,0
MACDZeroCrossStrategy,ingpawat/freqtrade-strategy-with-backtest,repos/ingpawat_freqtrade-strategy-with-backtest/strategy/MACDZeroCrossStrategy/MACDZeroCrossStrategy.py,G3_is_sig,True,0,0,0,0,0
MacdZeroCrossStrategy,mlsys-io/PortfolioBench,repos/mlsys-io_PortfolioBench/strategy/MacdZeroCrossStrategy.py,G2_is_pos,False,0,0,0,0,0
MacheteV8b,Foxel05/freqtrade-stuff,repos/Foxel05_freqtrade-stuff/strategies/MacheteV8b.py,G0_measured,,0,0,0,0,0
MacheteV8bRallimod,PeetCrypto/freqtrade-stuff,repos/PeetCrypto_freqtrade-stuff/MacheteV8bRallimod.py,G0_measured,,0,0,0,0,0
MacheteV8bRallimod2,PeetCrypto/freqtrade-stuff,repos/PeetCrypto_freqtrade-stuff/MacheteV8bRallimod2.py,G0_measured,,0,0,0,0,0
MADisplaceV3,PeetCrypto/freqtrade-stuff,repos/PeetCrypto_freqtrade-stuff/MADisplaceV3.py,G3_is_sig,False,0,0,0,0,0
mark_strat,davidzr/freqtrade-strategies,repos/davidzr_freqtrade-strategies/strategies/mark_strat/mark_strat.py,G0_measured,,0,0,0,0,0
mark_strat_opt,davidzr/freqtrade-strategies,repos/davidzr_freqtrade-strategies/strategies/mark_strat_opt/mark_strat_opt.py,G0_measured,,0,0,0,0,0
MarketChyperHyperStrategy,PeetCrypto/freqtrade-stuff,repos/PeetCrypto_freqtrade-stuff/MarketChyperHyperStrategy.py,G0_measured,,0,0,0,0,0
Maro4hMacdSd,davidzr/freqtrade-strategies,repos/davidzr_freqtrade-strategies/strategies/Maro4hMacdSd/Maro4hMacdSd.py,G2_is_pos,False,0,0,0,0,0
Martin,PeetCrypto/freqtrade-stuff,repos/PeetCrypto_freqtrade-stuff/Martin.py,G2_is_pos,False,0,0,0,0,0
MasterMoniGoManiHyperStrategy,PeetCrypto/freqtrade-stuff,repos/PeetCrypto_freqtrade-stuff/MasterMoniGoManiHyperStrategy.py,G0_measured,,0,0,0,0,0
Matrix,TheoBrigitte/freqtrade,repos/TheoBrigitte_freqtrade/sources/sponsors/Matrix.py,G0_measured,,0,0,0,0,0
MaxSharpePortfolio,mlsys-io/PortfolioBench,repos/mlsys-io_PortfolioBench/user_data/strategies/max_sharpe.py,G1_trades,False,1,1,1,1,0
MFI,PeetCrypto/freqtrade-stuff,repos/PeetCrypto_freqtrade-stuff/MFI.py,G2_is_pos,False,0,0,0,0,0
Miku_PP_v3,PeetCrypto/freqtrade-stuff,repos/PeetCrypto_freqtrade-stuff/Miku_PP_v3.py,G0_measured,,0,0,0,0,0
MiniLambo,PeetCrypto/freqtrade-stuff,repos/PeetCrypto_freqtrade-stuff/MiniLambo (2).py,G2_is_pos,False,0,0,0,0,0
MinimumVariancePortfolio,mlsys-io/PortfolioBench,repos/mlsys-io_PortfolioBench/user_data/strategies/min_var.py,G1_trades,True,1,1,1,1,0
Minmax,PeetCrypto/freqtrade-stuff,repos/PeetCrypto_freqtrade-stuff/MinmaxF.py,G2_is_pos,False,0,0,0,0,0
MKR,jaredrsommer/freqtradestrategies,repos/jaredrsommer_freqtradestrategies/MKR (3).py,G0_measured,,0,0,0,0,0
MlpSpeculativeStrategy,mlsys-io/PortfolioBench,repos/mlsys-io_PortfolioBench/strategy/MlpSpeculativeStrategy.py,G0_measured,,0,0,0,0,0
momentum,TheoBrigitte/freqtrade,repos/TheoBrigitte_freqtrade/strategies/momentum/momentum.py,G0_measured,,0,0,0,0,0
momentum_long,TheoBrigitte/freqtrade,repos/TheoBrigitte_freqtrade/strategies/momentum/momentum_long.py,G2_is_pos,False,0,0,0,0,0
momentum_rsi,TheoBrigitte/freqtrade,repos/TheoBrigitte_freqtrade/strategies/momentum/momentum_rsi.py,G0_measured,,0,0,0,0,0
momentum_wick,TheoBrigitte/freqtrade,repos/TheoBrigitte_freqtrade/strategies/momentum/momentum_wick.py,G0_measured,,0,0,0,0,0
MomentumRegimeBasket,nateemma/strategies,repos/nateemma_strategies/Basket/MomentumRegimeBasket.py,G3_is_sig,False,0,0,0,0,0
MomentumRegimeBasket15m,nateemma/strategies,repos/nateemma_strategies/Basket/MomentumRegimeBasket15m.py,G0_measured,,1,1,1,1,0
MomentumScoreStrategy,mlsys-io/PortfolioBench,repos/mlsys-io_PortfolioBench/strategy/MomentumScoreStrategy.py,G2_is_pos,False,0,0,0,0,0
Momentumv2,davidzr/freqtrade-strategies,repos/davidzr_freqtrade-strategies/strategies/Momentumv2/Momentumv2.py,G5_os_sig,False,0,0,0,0,0
MomStrategy,davidzr/freqtrade-strategies,repos/davidzr_freqtrade-strategies/strategies/MomStrategy/MomStrategy.py,G2_is_pos,False,0,0,0,0,0
MoneyFlowStrategy,mlsys-io/PortfolioBench,repos/mlsys-io_PortfolioBench/strategy/MoneyFlowStrategy.py,G2_is_pos,False,0,0,0,0,0
MontrealStrategy,PeetCrypto/freqtrade-stuff,repos/PeetCrypto_freqtrade-stuff/MontrealStrategy.py,G2_is_pos,False,0,0,0,0,0
moonhouse,jaredrsommer/freqtradestrategies,repos/jaredrsommer_freqtradestrategies/moonhouse.py,G1_trades,False,0,0,0,0,0
MostOfAll,davidzr/freqtrade-strategies,repos/davidzr_freqtrade-strategies/strategies/MostOfAll/MostOfAll.py,G0_measured,,0,0,0,0,0
MSO,jaredrsommer/freqtradestrategies,repos/jaredrsommer_freqtradestrategies/MSO.py,G2_is_pos,False,0,0,0,0,0
multi_tf,TheoBrigitte/freqtrade,repos/TheoBrigitte_freqtrade/strategies/freqtrade-strategies/multi_tf.py,G0_measured,,0,0,0,0,0
MultiFactorConfluenceStrategy,mlsys-io/PortfolioBench,repos/mlsys-io_PortfolioBench/strategy/MultiFactorConfluenceStrategy.py,G2_is_pos,False,0,0,0,0,0
MultiMa,PeetCrypto/freqtrade-stuff,repos/PeetCrypto_freqtrade-stuff/multima.py,G0_measured,,0,0,0,0,0
MultiMA_TSL,Foxel05/freqtrade-stuff,repos/Foxel05_freqtrade-stuff/strategies/MultiMA_TSL.py,G0_measured,,0,0,0,0,0
MultiMA_TSL3,PeetCrypto/freqtrade-stuff,repos/PeetCrypto_freqtrade-stuff/MultiMA_TSL.py,G0_measured,,0,0,0,0,0
MultiMA_TSL3_Mod,davidzr/freqtrade-strategies,repos/davidzr_freqtrade-strategies/strategies/MultiMA_TSL3_Mod/MultiMA_TSL3_Mod.py,G0_measured,,0,0,0,0,0
MultiMA_TSL5,MMR-19/freqtrade-strategies,repos/MMR-19_freqtrade-strategies/strategies/MultiMA_TSL5.py,G0_measured,,0,0,0,0,0
MultiOffsetLamboV0,Foxel05/freqtrade-stuff,repos/Foxel05_freqtrade-stuff/strategies/MultiOffsetLamboV0.py,G1_trades,False,0,0,0,0,0
MultiRSI,PeetCrypto/freqtrade-stuff,repos/PeetCrypto_freqtrade-stuff/MultiRSI.py,G0_measured,,0,0,0,0,0
MultiTargetClassifierTestStrategy,markdregan/FreqAI-Marcos-Lopez-De-Prado,repos/markdregan_FreqAI-Marcos-Lopez-De-Prado/user_data/strategies/deprecated/MultiTargetClassifierTestStrategy.py,G0_measured,,0,0,0,0,0
MultiTargetRegressorTestStrategy,markdregan/FreqAI-Marcos-Lopez-De-Prado,repos/markdregan_FreqAI-Marcos-Lopez-De-Prado/user_data/strategies/deprecated/MultiTargetRegressorTestStrategy.py,G0_measured,,0,0,0,0,0
MyStrategyNew10,PeetCrypto/freqtrade-stuff,repos/PeetCrypto_freqtrade-stuff/MyStrategyNew10.py,G0_measured,,0,0,0,0,0
MyStrategyTemplate,DutchCryptoDad/FreqtradeBotStrategyDevelopmentForBeginners,repos/DutchCryptoDad_FreqtradeBotStrategyDevelopmentForBeginners/MyStrategyTemplate.py,G0_measured,,0,0,0,0,0
MyStratV1,Foxel05/freqtrade-stuff,repos/Foxel05_freqtrade-stuff/strategies/test.py,G3_is_sig,False,0,0,0,0,0
NASOSRv6_private_Reinuvader_20211121,ShahAnuj2610/my-freqtrade,repos/ShahAnuj2610_my-freqtrade/user_data/strategies/NASOSRv6_private_Reinuvader_20211121.py,G0_measured,,0,0,0,0,0
NASOSv4,Foxel05/freqtrade-stuff,repos/Foxel05_freqtrade-stuff/strategies/NASOSv4.py,G6_lookahead,False,0,0,0,0,0
NASOSv5,PeetCrypto/freqtrade-stuff,repos/PeetCrypto_freqtrade-stuff/NASOSv5.py,G5_os_sig,False,0,0,0,0,0
NASOSv5_mod1,PeetCrypto/freqtrade-stuff,repos/PeetCrypto_freqtrade-stuff/NASOSv5_mod1 (1).py,G6_lookahead,False,0,0,0,0,0
NASOSv5_mod1_DanMod,davidzr/freqtrade-strategies,repos/davidzr_freqtrade-strategies/strategies/NASOSv5_mod1_DanMod/NASOSv5_mod1_DanMod.py,G1_trades,False,0,0,0,0,0
NASOSv5_mod2,PeetCrypto/freqtrade-stuff,repos/PeetCrypto_freqtrade-stuff/NASOSv5_mod2 (1).py,G1_trades,False,0,0,0,0,0
NASOSv5_mod3,PeetCrypto/freqtrade-stuff,repos/PeetCrypto_freqtrade-stuff/NASOSv5_mod3 (1).py,G6_lookahead,False,0,0,0,0,0
NeuroV1,jaredrsommer/freqtradestrategies,repos/jaredrsommer_freqtradestrategies/NeuroV1.py,G3_is_sig,False,0,0,0,0,0
new_turtle,PeetCrypto/freqtrade-stuff,repos/PeetCrypto_freqtrade-stuff/new_turtle.py,G0_measured,,0,0,0,0,0
new_turtle_roi,TheoBrigitte/freqtrade,repos/TheoBrigitte_freqtrade/strategies/turtle/new_turtle_roi.py,G0_measured,,0,0,0,0,0
newstrategy53,TheoBrigitte/freqtrade,repos/TheoBrigitte_freqtrade/strategies/GeneTrader/newstrategy53.py,G0_measured,,1,1,1,1,0
newstrategy53_22,TheoBrigitte/freqtrade,repos/TheoBrigitte_freqtrade/strategies/GeneTrader/NewStrategy53_22.py,G0_measured,,1,0,0,0,0
NEWTEST15m,PeetCrypto/freqtrade-stuff,repos/PeetCrypto_freqtrade-stuff/FrayNew-HyperOpt (1).py,G2_is_pos,False,0,0,0,0,0
NFI46,PeetCrypto/freqtrade-stuff,repos/PeetCrypto_freqtrade-stuff/NFI46.py,G1_trades,False,0,0,0,0,0
NFI46Frog,PeetCrypto/freqtrade-stuff,repos/PeetCrypto_freqtrade-stuff/NFI46Frog.py,G0_measured,,0,0,0,0,0
NFI46FrogZ,PeetCrypto/freqtrade-stuff,repos/PeetCrypto_freqtrade-stuff/NFI46FrogZ.py,G2_is_pos,False,0,0,0,0,0
NFI46Offset,PeetCrypto/freqtrade-stuff,repos/PeetCrypto_freqtrade-stuff/NFI46Offset.py,G6_lookahead,False,0,0,0,0,0
NFI46OffsetHOA1,PeetCrypto/freqtrade-stuff,repos/PeetCrypto_freqtrade-stuff/NFI46OffsetHOA1 (1).py,G6_lookahead,False,0,0,0,0,0
NFI46Z,PeetCrypto/freqtrade-stuff,repos/PeetCrypto_freqtrade-stuff/NFI46Z (1).py,G3_is_sig,False,0,0,0,0,0
NFI47V2,davidzr/freqtrade-strategies,repos/davidzr_freqtrade-strategies/strategies/NFI47V2/NFI47V2.py,G7_recursive,False,0,0,0,0,0
NFI4Frog,PeetCrypto/freqtrade-stuff,repos/PeetCrypto_freqtrade-stuff/NFI4Frog.py,G0_measured,,0,0,0,0,0
NFI5MOHO,PeetCrypto/freqtrade-stuff,repos/PeetCrypto_freqtrade-stuff/NFI5MOHO.py,G6_lookahead,False,0,0,0,0,0
NFI5MOHO2,davidzr/freqtrade-strategies,repos/davidzr_freqtrade-strategies/strategies/NFI5MOHO2/NFI5MOHO2.py,G3_is_sig,False,0,0,0,0,0
NFI5MOHO_WIP,PeetCrypto/freqtrade-stuff,repos/PeetCrypto_freqtrade-stuff/NFI5MOHO_WIP.py,G3_is_sig,False,0,0,0,0,0
NFI5MOHO_WIP_1,davidzr/freqtrade-strategies,repos/davidzr_freqtrade-strategies/strategies/NFI5MOHO_WIP_1/NFI5MOHO_WIP_1.py,G3_is_sig,False,0,0,0,0,0
NFI5MOHO_WIP_2,davidzr/freqtrade-strategies,repos/davidzr_freqtrade-strategies/strategies/NFI5MOHO_WIP_2/NFI5MOHO_WIP_2.py,G7_recursive,False,0,0,0,0,0
NFI731_BUSD,PeetCrypto/freqtrade-stuff,repos/PeetCrypto_freqtrade-stuff/NFI731_BUSD.py,G0_measured,,0,0,0,0,0
NFI7MOHO,davidzr/freqtrade-strategies,repos/davidzr_freqtrade-strategies/strategies/NFI7MOHO/NFI7MOHO.py,G3_is_sig,False,0,0,0,0,0
NfiNextModded,PeetCrypto/freqtrade-stuff,repos/PeetCrypto_freqtrade-stuff/NfiNextModded.py,G0_measured,,0,0,0,0,0
NFINextMOHO,davidzr/freqtrade-strategies,repos/davidzr_freqtrade-strategies/strategies/NFINextMOHO/NFINextMOHO.py,G3_is_sig,False,0,0,0,0,0
NFINextMOHO2,davidzr/freqtrade-strategies,repos/davidzr_freqtrade-strategies/strategies/NFINextMOHO2/NFINextMOHO2.py,G3_is_sig,False,0,0,0,0,0
NFINextMultiOffsetAndHO,davidzr/freqtrade-strategies,repos/davidzr_freqtrade-strategies/strategies/NFINextMultiOffsetAndHO/NFINextMultiOffsetAndHO.py,G7_recursive,False,0,0,0,0,0
NFINextMultiOffsetAndHO2,davidzr/freqtrade-strategies,repos/davidzr_freqtrade-strategies/strategies/NFINextMultiOffsetAndHO2/NFINextMultiOffsetAndHO2.py,G2_is_pos,False,0,0,0,0,0
NFIX_BB_RPB,PeetCrypto/freqtrade-stuff,repos/PeetCrypto_freqtrade-stuff/NFIX_BB_RPB.py,G0_measured,,0,0,0,0,0
NFIX_BB_RPB_c7c477d_20211030,davidzr/freqtrade-strategies,repos/davidzr_freqtrade-strategies/strategies/NFIX_BB_RPB_c7c477d_20211030/NFIX_BB_RPB_c7c477d_20211030.py,G0_measured,,0,0,0,0,0
NoLost,PeetCrypto/freqtrade-stuff,repos/PeetCrypto_freqtrade-stuff/NoLost.py,G0_measured,,0,0,0,0,0
NormalizerStrategy,davidzr/freqtrade-strategies,repos/davidzr_freqtrade-strategies/strategies/NormalizerStrategy/NormalizerStrategy.py,G2_is_pos,False,0,0,0,0,0
NormalizerStrategyHO2,PeetCrypto/freqtrade-stuff,repos/PeetCrypto_freqtrade-stuff/NormalizerStrategyHO2 (1).py,G2_is_pos,False,0,0,0,0,0
Nostalgia,Foxel05/freqtrade-stuff,repos/Foxel05_freqtrade-stuff/strategies/Nostalgia.py,G2_is_pos,False,0,0,0,0,0
NostalgiaForInfinity772martinsk3,TheoBrigitte/freqtrade,repos/TheoBrigitte_freqtrade/strategies/nfix/NostalgiaForInfinity772martinsk3.py,G0_measured,,0,1,1,0,1
NostalgiaForInfinityNext,Foxel05/freqtrade-stuff,repos/Foxel05_freqtrade-stuff/strategies/NostalgiaForInfinityNext.py,G0_measured,,0,0,0,0,0
NostalgiaForInfinityNext772,TheoBrigitte/freqtrade,repos/TheoBrigitte_freqtrade/sources/nfix/NostalgiaForInfinityNext772.py,G0_measured,,0,0,0,0,0
NostalgiaForInfinityNext_ChangeToTower_V5_2,PeetCrypto/freqtrade-stuff,repos/PeetCrypto_freqtrade-stuff/NostalgiaForInfinityNext_ChangeToTower_V5_2.py,G0_measured,,0,0,0,0,0
NostalgiaForInfinityNext_ChangeToTower_V5_3,PeetCrypto/freqtrade-stuff,repos/PeetCrypto_freqtrade-stuff/NostalgiaForInfinityNext_ChangeToTower_V5_3.py,G0_measured,,0,0,0,0,0
NostalgiaForInfinityNext_ChangeToTower_V6,PeetCrypto/freqtrade-stuff,repos/PeetCrypto_freqtrade-stuff/NostalgiaForInfinityNext_ChangeToTower_V6.py,G0_measured,,0,0,0,0,0
NostalgiaForInfinityNext_maximizer,davidzr/freqtrade-strategies,repos/davidzr_freqtrade-strategies/strategies/NostalgiaForInfinityNext_maximizer/NostalgiaForInfinityNext_maximizer.py,G0_measured,,0,0,0,0,0
NostalgiaForInfinityNextGen,PeetCrypto/freqtrade-stuff,repos/PeetCrypto_freqtrade-stuff/NostalgiaForInfinityNextGen.py,G1_trades,False,0,0,0,0,0
NostalgiaForInfinityNextGen_TSL,davidzr/freqtrade-strategies,repos/davidzr_freqtrade-strategies/strategies/NostalgiaForInfinityNextGen_TSL/NostalgiaForInfinityNextGen_TSL.py,G1_trades,False,0,0,0,0,0
NostalgiaForInfinityNextV7155,PeetCrypto/freqtrade-stuff,repos/PeetCrypto_freqtrade-stuff/nfiv7155.py,G0_measured,,0,0,0,0,0
NostalgiaForInfinityV1,PeetCrypto/freqtrade-stuff,repos/PeetCrypto_freqtrade-stuff/NostalgiaForInfinityV1.py,G6_lookahead,False,0,0,0,0,0
NostalgiaForInfinityV2,PeetCrypto/freqtrade-stuff,repos/PeetCrypto_freqtrade-stuff/NostalgiaForInfinityV2.py,G3_is_sig,False,0,0,0,0,0
NostalgiaForInfinityV3,PeetCrypto/freqtrade-stuff,repos/PeetCrypto_freqtrade-stuff/NostalgiaForInfinityV3.py,G3_is_sig,False,0,0,0,0,0
NostalgiaForInfinityV4,PeetCrypto/freqtrade-stuff,repos/PeetCrypto_freqtrade-stuff/NostalgiaForInfinityV4.py,G3_is_sig,False,0,0,0,0,0
NostalgiaForInfinityV4HO,PeetCrypto/freqtrade-stuff,repos/PeetCrypto_freqtrade-stuff/NostalgiaForInfinityV4HO (1).py,G6_lookahead,False,0,0,0,0,0
NostalgiaForInfinityV5,PeetCrypto/freqtrade-stuff,repos/PeetCrypto_freqtrade-stuff/NostalgiaForInfinityV5.py,G3_is_sig,False,0,0,0,0,0
NostalgiaForInfinityV5MultiOffsetAndHO,Foxel05/freqtrade-stuff,repos/Foxel05_freqtrade-stuff/strategies/NostalgiaForInfinityV5MultiOffsetAndHO.py,G3_is_sig,False,0,0,0,0,0
NostalgiaForInfinityV5MultiOffsetAndHO2,PeetCrypto/freqtrade-stuff,repos/PeetCrypto_freqtrade-stuff/NostalgiaForInfinityV5MultiOffsetAndHO2 (1).py,G3_is_sig,False,0,0,0,0,0
NostalgiaForInfinityV6,PeetCrypto/freqtrade-stuff,repos/PeetCrypto_freqtrade-stuff/NostalgiaForInfinityV6.py,G3_is_sig,False,0,0,0,0,0
NostalgiaForInfinityV6HO,davidzr/freqtrade-strategies,repos/davidzr_freqtrade-strategies/strategies/NostalgiaForInfinityV6HO/NostalgiaForInfinityV6HO.py,G3_is_sig,False,0,0,0,0,0
NostalgiaForInfinityV7,PeetCrypto/freqtrade-stuff,repos/PeetCrypto_freqtrade-stuff/NostalgiaForInfinityV7.py,G3_is_sig,False,0,0,0,0,0
NostalgiaForInfinityV7_7_2,davidzr/freqtrade-strategies,repos/davidzr_freqtrade-strategies/strategies/NostalgiaForInfinityV7_7_2/NostalgiaForInfinityV7_7_2.py,G0_measured,,0,0,0,0,0
NostalgiaForInfinityV7_SMA,PeetCrypto/freqtrade-stuff,repos/PeetCrypto_freqtrade-stuff/NostalgiaForInfinityV7_SMA.py,G6_lookahead,False,0,0,0,0,0
NostalgiaForInfinityV7_SMAv2,PeetCrypto/freqtrade-stuff,repos/PeetCrypto_freqtrade-stuff/NostalgiaForInfinityV7_SMAv2 (2).py,G6_lookahead,False,0,0,0,0,0
NostalgiaForInfinityV7_SMAv2_1,PeetCrypto/freqtrade-stuff,repos/PeetCrypto_freqtrade-stuff/NostalgiaForInfinityV7_SMAv2_1 (1).py,G6_lookahead,False,0,0,0,0,0
NostalgiaForInfinityX,PeetCrypto/freqtrade-stuff,repos/PeetCrypto_freqtrade-stuff/NFIXMod1.3_TraNz (3).py,G0_measured,,0,0,0,0,0
NostalgiaForInfinityX2,ShahAnuj2610/my-freqtrade-nfi-nextgen,repos/ShahAnuj2610_my-freqtrade-nfi-nextgen/user_data/strategies/NostalgiaForInfinityX2.py,G0_measured,,1,1,1,1,0
NostalgiaForInfinityX3,iterativv/NostalgiaForInfinity,repos/iterativv_NostalgiaForInfinity/NostalgiaForInfinityX3.py,G0_measured,,1,1,1,1,0
NostalgiaForInfinityX4,iterativv/NostalgiaForInfinity,repos/iterativv_NostalgiaForInfinity/NostalgiaForInfinityX4.py,G0_measured,,1,1,1,1,0
NostalgiaForInfinityX5,iterativv/NostalgiaForInfinity,repos/iterativv_NostalgiaForInfinity/NostalgiaForInfinityX5.py,G0_measured,,1,1,1,1,0
NostalgiaForInfinityX6,iterativv/NostalgiaForInfinity,repos/iterativv_NostalgiaForInfinity/NostalgiaForInfinityX6.py,G0_measured,,1,1,1,1,0
NostalgiaForInfinityX7,iterativv/NostalgiaForInfinity,repos/iterativv_NostalgiaForInfinity/NostalgiaForInfinityX7.py,G0_measured,,1,1,1,1,0
NostalgiaForInfinityXw,PeetCrypto/freqtrade-stuff,repos/PeetCrypto_freqtrade-stuff/NostalgiaForInfinityXw (1).py,G0_measured,,0,0,0,0,0
NOTankAi_15,TheoBrigitte/freqtrade,repos/TheoBrigitte_freqtrade/strategies/notankai/NOTankAi_15.py,G0_measured,,1,1,1,1,0
NOTankAi_15_Cleaned,TheoBrigitte/freqtrade,repos/TheoBrigitte_freqtrade/strategies/notankai/NOTankAi_15_Cleaned.py,G7_recursive,True,1,1,1,1,0
NOTankAi_15_Cleaned_v2,TheoBrigitte/freqtrade,repos/TheoBrigitte_freqtrade/strategies/notankai/NOTankAi_15_Cleaned_v2.py,G7_recursive,True,0,1,1,0,1
NOTankAi_17,jaredrsommer/freqtradestrategies,repos/jaredrsommer_freqtradestrategies/NoTankAi_17.py,G0_measured,,1,1,1,1,0
NOTankAi_19,jaredrsommer/freqtradestrategies,repos/jaredrsommer_freqtradestrategies/NoTankAi_19_1.py,G0_measured,,1,1,1,1,0
NotAnotherSMAOffsetStrategy,Juusseli/Trade,repos/Juusseli_Trade/NotAnotherSMAOffsetStrategy.py,G6_lookahead,False,0,0,0,0,0
NotAnotherSMAOffsetStrategy_uzi,Foxel05/freqtrade-stuff,repos/Foxel05_freqtrade-stuff/strategies/NotAnotherSMAOffsetStrategy_uzi.py,G6_lookahead,False,0,0,0,0,0
NotAnotherSMAOffsetStrategy_uzi3,Foxel05/freqtrade-stuff,repos/Foxel05_freqtrade-stuff/strategies/NotAnotherSMAOffsetStrategy_uzi3.py,G3_is_sig,False,0,0,0,0,0
NotAnotherSMAOffSetStrategy_V2,Foxel05/freqtrade-stuff,repos/Foxel05_freqtrade-stuff/strategies/NotAnotherSMAOffSetStrategy_V2.py,G0_measured,,0,0,0,0,0
NotAnotherSMAOffsetStrategyHO,MMR-19/freqtrade-strategies,repos/MMR-19_freqtrade-strategies/strategies/NotAnotherSMAOffSetStrategyHO.py,G6_lookahead,False,0,0,0,0,0
NotAnotherSMAOffsetStrategyHOv3,Foxel05/freqtrade-stuff,repos/Foxel05_freqtrade-stuff/strategies/NotAnotherSMAOffsetStrategyHOv3_b.py,G3_is_sig,False,0,0,0,0,0
NotAnotherSMAOffsetStrategyLite,Foxel05/freqtrade-stuff,repos/Foxel05_freqtrade-stuff/strategies/NotAnotherSMAOffsetStrategyLite.py,G7_recursive,False,0,0,0,0,0
NotAnotherSMAOffsetStrategyModHO,Foxel05/freqtrade-stuff,repos/Foxel05_freqtrade-stuff/strategies/NotAnotherSMAOffsetStrategyModHO.py,G3_is_sig,False,0,0,0,0,0
NotAnotherSMAOffsetStrategyModHO_LamineDz_20210901,davidzr/freqtrade-strategies,repos/davidzr_freqtrade-strategies/strategies/NotAnotherSMAOffsetStrategyModHO_LamineDz_20210901/NotAnotherSMAOffsetStrategyModHO_LamineDz_20210901.py,G3_is_sig,False,0,0,0,0,0
NotAnotherSMAOffsetStrategyX1,PeetCrypto/freqtrade-stuff,repos/PeetCrypto_freqtrade-stuff/NotAnotherSMAOffsetStrategyX1.py,G6_lookahead,False,0,0,0,0,0
NowoIchimoku1hV1,PeetCrypto/freqtrade-stuff,repos/PeetCrypto_freqtrade-stuff/NowoIchimoku1hV1 (1).py,G0_measured,,0,0,0,0,0
NowoIchimoku1hV2,PeetCrypto/freqtrade-stuff,repos/PeetCrypto_freqtrade-stuff/NowoIchimoku1hV2 (1).py,G6_lookahead,True,0,0,0,0,0
NowoIchimoku5mV2,PeetCrypto/freqtrade-stuff,repos/PeetCrypto_freqtrade-stuff/NowoIchimoku5mV2 (1).py,G0_measured,,0,0,0,0,0
NWEv6,anakein/beastbotXB,repos/anakein_beastbotXB/working/NWEv6.py,G2_is_pos,False,0,0,0,0,0
NWEv6_new,anakein/beastbotXB,repos/anakein_beastbotXB/working/NWEv6_new.py,G2_is_pos,False,0,0,0,0,0
Obelisk_3EMA_StochRSI_ATR,PeetCrypto/freqtrade-stuff,repos/PeetCrypto_freqtrade-stuff/Obelisk_3EMA_StochRSI_ATR.py,G0_measured,,0,0,0,0,0
Obelisk_Ichimoku_Slow_v1_3,PeetCrypto/freqtrade-stuff,repos/PeetCrypto_freqtrade-stuff/Obelisk_Ichimoku_Slow_v1_3.py,G0_measured,,0,0,0,0,0
Obelisk_Ichimoku_ZEMA_v1,Foxel05/freqtrade-stuff,repos/Foxel05_freqtrade-stuff/strategies/Obelisk_Ichimoku_ZEMA_v1.py,G0_measured,,0,0,0,0,0
Obelisk_TradePro_Ichi_v1_1,PeetCrypto/freqtrade-stuff,repos/PeetCrypto_freqtrade-stuff/Obelisk_TradePro_Ichi_v1_1.py,G3_is_sig,False,0,0,0,0,0
Obelisk_TradePro_Ichi_v2_1,PeetCrypto/freqtrade-stuff,repos/PeetCrypto_freqtrade-stuff/Obelisk_TradePro_Ichi_v2_1.py,G5_os_sig,False,0,0,0,0,0
ObeliskIM_v1_1,PeetCrypto/freqtrade-stuff,repos/PeetCrypto_freqtrade-stuff/ObeliskIM_v1_1.py,G0_measured,,0,0,0,0,0
ObeliskRSI_v6_1,PeetCrypto/freqtrade-stuff,repos/PeetCrypto_freqtrade-stuff/ObeliskRSI_v6_1.py,G0_measured,,0,0,0,0,0
ObvTrendStrategy,mlsys-io/PortfolioBench,repos/mlsys-io_PortfolioBench/strategy/ObvTrendStrategy.py,G2_is_pos,False,0,0,0,0,0
OmaGann,jaredrsommer/freqtradestrategies,repos/jaredrsommer_freqtradestrategies/OmaGann (2).py,G2_is_pos,False,0,0,0,0,0
ONS_Portfolio,mlsys-io/PortfolioBench,repos/mlsys-io_PortfolioBench/user_data/strategies/ONS.py,G0_measured,,1,1,1,1,0
ONUR,davidzr/freqtrade-strategies,repos/davidzr_freqtrade-strategies/strategies/ONUR/ONUR.py,G2_is_pos,False,0,0,0,0,0
ParabolicSarStrategy,mlsys-io/PortfolioBench,repos/mlsys-io_PortfolioBench/strategy/ParabolicSarStrategy.py,G2_is_pos,False,0,0,0,0,0
PatternRecognition,TheoBrigitte/freqtrade,repos/TheoBrigitte_freqtrade/strategies/freqtrade-strategies/PatternRecognition.py,G2_is_pos,False,0,0,0,0,0
pcb20,jaredrsommer/freqtradestrategies,repos/jaredrsommer_freqtradestrategies/pcb20.py,G0_measured,,0,0,0,0,0
Persia,PeetCrypto/freqtrade-stuff,repos/PeetCrypto_freqtrade-stuff/Persia.py,G0_measured,,0,0,0,0,0
Pmax,PeetCrypto/freqtrade-stuff,repos/PeetCrypto_freqtrade-stuff/Pmax.py,G0_measured,,0,0,0,0,0
pmaxTest,PeetCrypto/freqtrade-stuff,repos/PeetCrypto_freqtrade-stuff/pmaxTest.py,G0_measured,,0,0,0,0,0
PnF,jaredrsommer/freqtradestrategies,repos/jaredrsommer_freqtradestrategies/PnF (copy).py,G0_measured,,1,1,1,1,0
PolymarketLogicalArbStrategy,mlsys-io/PortfolioBench,repos/mlsys-io_PortfolioBench/strategy/PolymarketLogicalArb/PolymarketLogicalArbStrategy.py,G0_measured,,0,0,0,0,0
PolymarketMeanReversionStrategy,mlsys-io/PortfolioBench,repos/mlsys-io_PortfolioBench/strategy/PolymarketMeanReversionStrategy.py,G0_measured,,0,0,0,0,0
PolymarketMomentumStrategy,mlsys-io/PortfolioBench,repos/mlsys-io_PortfolioBench/strategy/PolymarketMomentumStrategy.py,G0_measured,,0,0,0,0,0
PolymarketPortfolio,mlsys-io/PortfolioBench,repos/mlsys-io_PortfolioBench/user_data/strategies/polymarket_portfolio.py,G2_is_pos,False,1,1,1,1,0
PowerTower,TheoBrigitte/freqtrade,repos/TheoBrigitte_freqtrade/strategies/freqtrade-strategies/PowerTower.py,G2_is_pos,False,0,0,0,0,0
PpoMomentumStrategy,mlsys-io/PortfolioBench,repos/mlsys-io_PortfolioBench/strategy/PpoMomentumStrategy.py,G2_is_pos,False,0,0,0,0,0
PrawnstarOBV,PeetCrypto/freqtrade-stuff,repos/PeetCrypto_freqtrade-stuff/PrawnstarOBV.py,G3_is_sig,True,0,0,0,0,0
Precognition,PeetCrypto/freqtrade-stuff,repos/PeetCrypto_freqtrade-stuff/precognition (1).py,G0_measured,,0,0,0,0,0
Prediction_Strategy,PeetCrypto/freqtrade-stuff,repos/PeetCrypto_freqtrade-stuff/Prediction_Strategy.py,G0_measured,,0,0,0,0,0
PriceActionCandleStrategy,mlsys-io/PortfolioBench,repos/mlsys-io_PortfolioBench/strategy/PriceActionCandleStrategy.py,G2_is_pos,False,0,0,0,0,0
PriceChannelStrategy,mlsys-io/PortfolioBench,repos/mlsys-io_PortfolioBench/strategy/PriceChannelStrategy.py,G2_is_pos,False,0,0,0,0,0
PRICEFOLLOWING,PeetCrypto/freqtrade-stuff,repos/PeetCrypto_freqtrade-stuff/PRICEFOLLOWING (1).py,G2_is_pos,False,0,0,0,0,0
PRICEFOLLOWING2,PeetCrypto/freqtrade-stuff,repos/PeetCrypto_freqtrade-stuff/PRICEFOLLOWING2 (1).py,G0_measured,,0,0,0,0,0
PRICEFOLLOWINGX,PeetCrypto/freqtrade-stuff,repos/PeetCrypto_freqtrade-stuff/PRICEFOLLOWINGX (1).py,G2_is_pos,False,0,0,0,0,0
Proton,obseries/freqtrade-strategy-ichiv1,repos/obseries_freqtrade-strategy-ichiv1/user_data/strategies/proton.py,G0_measured,,0,0,0,0,0
PumpDetector,davidzr/freqtrade-strategies,repos/davidzr_freqtrade-strategies/strategies/PumpDetector/PumpDetector.py,G2_is_pos,False,0,0,0,0,0
qrsi,jaredrsommer/freqtradestrategies,repos/jaredrsommer_freqtradestrategies/qrsi.py,G0_measured,,0,0,0,0,0
quantumfirst,davidzr/freqtrade-strategies,repos/davidzr_freqtrade-strategies/strategies/quantumfirst/quantumfirst.py,G0_measured,,0,0,0,0,0
QuickAdapterV3,TheoBrigitte/freqtrade,repos/TheoBrigitte_freqtrade/strategies/quickadapter/QuickAdapterV3.py,G0_measured,,0,0,0,0,0
QuickBuyStrategy,PeetCrypto/freqtrade-stuff,repos/PeetCrypto_freqtrade-stuff/QuickBuyStrategy.py,G0_measured,,0,0,0,0,0
Quickie,PeetCrypto/freqtrade-stuff,repos/PeetCrypto_freqtrade-stuff/Quickie.py,G2_is_pos,False,0,0,0,0,0
RalliV1,Foxel05/freqtrade-stuff,repos/Foxel05_freqtrade-stuff/strategies/RalliV1.py,G6_lookahead,False,0,0,0,0,0
RalliV1_disable56,PeetCrypto/freqtrade-stuff,repos/PeetCrypto_freqtrade-stuff/RalliV1_disable56.py,G6_lookahead,False,0,0,0,0,0
RaposaDivergenceV1,Foxel05/freqtrade-stuff,repos/Foxel05_freqtrade-stuff/strategies/RaposaDivergenceV1.py,G0_measured,,0,0,0,0,0
redditMA,davidzr/freqtrade-strategies,repos/davidzr_freqtrade-strategies/strategies/redditMA/redditMA.py,G0_measured,,0,0,0,0,0
RegimeFilterStrategy,Bananajoexxc/RegimeFilterStrategy-Freqtrade,repos/Bananajoexxc_RegimeFilterStrategy-Freqtrade/strategies/RegimeFilterStrategy.py,G0_measured,,0,0,0,0,0
ReinforcedAverageStrategy,PeetCrypto/freqtrade-stuff,repos/PeetCrypto_freqtrade-stuff/ReinforcedAverageStrategy.py,G3_is_sig,False,0,0,0,0,0
ReinforcedQuickie,PeetCrypto/freqtrade-stuff,repos/PeetCrypto_freqtrade-stuff/ReinforcedQuickie.py,G2_is_pos,False,0,0,0,0,0
ReinforcedSmoothScalp,MelvynClark/Freqtrade-Strategy,repos/MelvynClark_Freqtrade-Strategy/ReinforcedSmoothScalp.py,G3_is_sig,False,0,0,0,0,0
ReinforcedSmoothScalpS,MelvynClark/Freqtrade-Strategy,repos/MelvynClark_Freqtrade-Strategy/ReinforcedSmoothScalpS.py,G0_measured,,0,0,0,0,0
Renko,PeetCrypto/freqtrade-stuff,repos/PeetCrypto_freqtrade-stuff/Renko.py,G1_trades,True,0,0,0,0,0
RenkoYolo,PeetCrypto/freqtrade-stuff,repos/PeetCrypto_freqtrade-stuff/RenkoYolo (1).py,G0_measured,,0,0,0,0,0
RiskParityPortfolio,mlsys-io/PortfolioBench,repos/mlsys-io_PortfolioBench/user_data/strategies/risk_parity.py,G1_trades,True,1,1,1,1,0
RLAgentStrategy,jerome-benoit/freqai-strategies,repos/jerome-benoit_freqai-strategies/ReforceXY/user_data/strategies/RLAgentStrategy.py,G0_measured,,0,0,0,0,0
RLStrategy,Mohamed-sm/Freqtrade-RLStrategy-IA,repos/Mohamed-sm_Freqtrade-RLStrategy-IA/RLStrategy.py,G0_measured,,0,0,0,0,0
RobotradingBody,davidzr/freqtrade-strategies,repos/davidzr_freqtrade-strategies/strategies/RobotradingBody/RobotradingBody.py,G2_is_pos,False,0,0,0,0,0
RocMomentumStrategy,mlsys-io/PortfolioBench,repos/mlsys-io_PortfolioBench/strategy/RocMomentumStrategy.py,G2_is_pos,False,0,0,0,0,0
Roth01,davidzr/freqtrade-strategies,repos/davidzr_freqtrade-strategies/strategies/Roth01/Roth01.py,G2_is_pos,False,0,0,0,0,0
Roth03,davidzr/freqtrade-strategies,repos/davidzr_freqtrade-strategies/strategies/Roth03/Roth03.py,G2_is_pos,False,0,0,0,0,0
RSI,davidzr/freqtrade-strategies,repos/davidzr_freqtrade-strategies/strategies/RSI/RSI.py,G2_is_pos,False,0,0,0,0,0
RSI_BB,mikedigriz/freqtrade-strategy-mikedigriz,repos/mikedigriz_freqtrade-strategy-mikedigriz/strategies/RSI_BB.py,G2_is_pos,False,0,0,0,0,0
RSI_EMA_strategy,mlsys-io/PortfolioBench,repos/mlsys-io_PortfolioBench/strategy/RSI_EMA_strategy.py,G2_is_pos,False,0,0,0,0,0
RSIBB02,davidzr/freqtrade-strategies,repos/davidzr_freqtrade-strategies/strategies/RSIBB02/RSIBB02.py,G0_measured,,0,0,0,0,0
RsiBollingerStrategy,mlsys-io/PortfolioBench,repos/mlsys-io_PortfolioBench/strategy/RsiBollingerStrategy.py,G2_is_pos,False,0,0,0,0,0
RsiDivergenceStrategy,mlsys-io/PortfolioBench,repos/mlsys-io_PortfolioBench/strategy/RsiDivergenceStrategy.py,G2_is_pos,False,0,0,0,0,0
RSIDivTirail,PeetCrypto/freqtrade-stuff,repos/PeetCrypto_freqtrade-stuff/RSIDivergence.py,G0_measured,,0,0,0,0,0
Rsiqui,TheoBrigitte/freqtrade,repos/TheoBrigitte_freqtrade/strategies/rsiqui/Rsiqui.py,G6_lookahead,True,0,0,0,0,0
RsiquiV2,TheoBrigitte/freqtrade,repos/TheoBrigitte_freqtrade/strategies/rsiqui/RsiquiV2.py,G0_measured,,0,0,0,0,0
RsiquiV5,TheoBrigitte/freqtrade,repos/TheoBrigitte_freqtrade/strategies/rsiqui/RsiquiV5.py,G0_measured,,0,0,0,0,0
RsiquiV5_long_only,TheoBrigitte/freqtrade,repos/TheoBrigitte_freqtrade/strategies/rsiqui/RsiquiV5_long_only.py,G6_lookahead,False,0,0,0,0,0
RSIv2,davidzr/freqtrade-strategies,repos/davidzr_freqtrade-strategies/strategies/RSIv2/RSIv2.py,G2_is_pos,False,0,0,0,0,0
SampleStrategy,DutchCryptoDad/FreqtradeBotStrategyDevelopmentForBeginners,repos/DutchCryptoDad_FreqtradeBotStrategyDevelopmentForBeginners/sample_strategy.py,G2_is_pos,False,0,0,0,0,0
SampleStrategyV2,PeetCrypto/freqtrade-stuff,repos/PeetCrypto_freqtrade-stuff/Machete.py,G2_is_pos,False,0,0,0,0,0
SAR,PeetCrypto/freqtrade-stuff,repos/PeetCrypto_freqtrade-stuff/SAR (1).py,G2_is_pos,False,0,0,0,0,0
Sar,PeetCrypto/freqtrade-stuff,repos/PeetCrypto_freqtrade-stuff/Sar.py,G2_is_pos,False,0,0,0,0,0
Saturn5,PeetCrypto/freqtrade-stuff,repos/PeetCrypto_freqtrade-stuff/Saturn5.py,G2_is_pos,False,0,0,0,0,0
Scalp,PeetCrypto/freqtrade-stuff,repos/PeetCrypto_freqtrade-stuff/Scalp.py,G2_is_pos,False,0,0,0,0,0
ScalpingCCI,PeetCrypto/freqtrade-stuff,repos/PeetCrypto_freqtrade-stuff/ScalpingCCI.py,G0_measured,,0,0,0,0,0
Schism,PeetCrypto/freqtrade-stuff,repos/PeetCrypto_freqtrade-stuff/Schism-0318.py,G0_measured,,0,0,0,0,0
Schism2,PeetCrypto/freqtrade-stuff,repos/PeetCrypto_freqtrade-stuff/Schism-v2.py,G0_measured,,0,0,0,0,0
Schism2MM,PeetCrypto/freqtrade-stuff,repos/PeetCrypto_freqtrade-stuff/Schism2MM.py,G1_trades,False,0,0,0,0,0
Schism3,PeetCrypto/freqtrade-stuff,repos/PeetCrypto_freqtrade-stuff/Schism-v1.3.py,G0_measured,,0,0,0,0,0
Schism4,PeetCrypto/freqtrade-stuff,repos/PeetCrypto_freqtrade-stuff/Schism-v1.4.py,G0_measured,,0,0,0,0,0
Schism5,PeetCrypto/freqtrade-stuff,repos/PeetCrypto_freqtrade-stuff/Schism-v1.5.py,G0_measured,,0,0,0,0,0
Schism6,PeetCrypto/freqtrade-stuff,repos/PeetCrypto_freqtrade-stuff/Schism-v1.6.py,G0_measured,,0,0,0,0,0
Seb,PeetCrypto/freqtrade-stuff,repos/PeetCrypto_freqtrade-stuff/Seb.py,G2_is_pos,False,0,0,0,0,0
Simple,PeetCrypto/freqtrade-stuff,repos/PeetCrypto_freqtrade-stuff/Simple.py,G2_is_pos,False,0,0,0,0,0
simple_patterns,TheoBrigitte/freqtrade,repos/TheoBrigitte_freqtrade/strategies/yodo/simple_patterns.py,G0_measured,,0,0,0,0,0
SimpleHopt,MelvynClark/Freqtrade-Strategy,repos/MelvynClark_Freqtrade-Strategy/Simple Strategy/SimpleHopt.py,G2_is_pos,False,0,0,0,0,0
SimpleHopt1Along,MelvynClark/Freqtrade-Strategy,repos/MelvynClark_Freqtrade-Strategy/Simple Strategy/SimpleHopt1Along.py,G2_is_pos,False,0,0,0,0,0
SimpleHopt1Ashort,MelvynClark/Freqtrade-Strategy,repos/MelvynClark_Freqtrade-Strategy/Simple Strategy/SimpleHopt1Ashort.py,G0_measured,,0,0,0,0,0
SimpleHoptS,MelvynClark/Freqtrade-Strategy,repos/MelvynClark_Freqtrade-Strategy/Simple Strategy/SimpleHoptS.py,G0_measured,,0,0,0,0,0
SimpleRiskFilterStrategy,DonaldSimpson/remora-freqtrade,repos/DonaldSimpson_remora-freqtrade/examples/simple_risk_filter_strategy.py,G0_measured,,0,0,0,0,0
slope_is_dopeCT,jaredrsommer/freqtradestrategies,repos/jaredrsommer_freqtradestrategies/slope_is_dopeCT.py,G2_is_pos,False,1,0,0,0,0
Slowbro,PeetCrypto/freqtrade-stuff,repos/PeetCrypto_freqtrade-stuff/Slowbro.py,G1_trades,False,0,0,0,0,0
slownsteady,TheoBrigitte/freqtrade,repos/TheoBrigitte_freqtrade/strategies/slownsteady/slownsteady_v2.py,G0_measured,,0,0,0,0,0
SlowPotato,davidzr/freqtrade-strategies,repos/davidzr_freqtrade-strategies/strategies/SlowPotato/SlowPotato.py,G0_measured,,0,0,0,0,0
SMA_BBRSI,davidzr/freqtrade-strategies,repos/davidzr_freqtrade-strategies/strategies/SMA_BBRSI/SMA_BBRSI.py,G3_is_sig,False,0,0,0,0,0
SMAIP3,davidzr/freqtrade-strategies,repos/davidzr_freqtrade-strategies/strategies/SMAIP3/SMAIP3.py,G3_is_sig,False,0,0,0,0,0
SMAIP3v2,PeetCrypto/freqtrade-stuff,repos/PeetCrypto_freqtrade-stuff/SMAIP3v2.py,G6_lookahead,False,0,0,0,0,0
SMAOffset,PeetCrypto/freqtrade-stuff,repos/PeetCrypto_freqtrade-stuff/SMAOffset.py,G3_is_sig,True,0,0,0,0,0
SMAOffset_Hippocritical_dca,TheoBrigitte/freqtrade,repos/TheoBrigitte_freqtrade/strategies/smas/SMAOffset_Hippocritical_dca.py,G1_trades,False,1,1,1,1,0
SMAOffset_Hippocritical_dca_leverage,TheoBrigitte/freqtrade,repos/TheoBrigitte_freqtrade/strategies/smas/dry-run/2025-01-29/SMAOffset_Hippocritical_dca_leverage.py,G1_trades,False,1,1,1,1,0
SMAOffset_Hippocritical_dca_old,TheoBrigitte/freqtrade,repos/TheoBrigitte_freqtrade/strategies/smas/SMAOffset_Hippocritical_dca_old.py,G1_trades,False,1,1,1,1,0
SMAOffset_Hippocritical_dca_protections,TheoBrigitte/freqtrade,repos/TheoBrigitte_freqtrade/strategies/smas/SMAOffset_Hippocritical_dca_protections.py,G1_trades,False,1,1,1,1,0
SMAOffsetProtectOpt,davidzr/freqtrade-strategies,repos/davidzr_freqtrade-strategies/strategies/SMAOffsetProtectOpt/SMAOffsetProtectOpt.py,G1_trades,False,0,0,0,0,0
SMAOffsetProtectOptV0,PeetCrypto/freqtrade-stuff,repos/PeetCrypto_freqtrade-stuff/SMAOffsetProtectOptV0.py,G3_is_sig,False,0,0,0,0,0
SMAOffsetProtectOptV1,Foxel05/freqtrade-stuff,repos/Foxel05_freqtrade-stuff/strategies/SMAOffsetProtectOptV1.py,G1_trades,False,0,0,0,0,0
SMAOffsetProtectOptV1_kkeue_20210619,davidzr/freqtrade-strategies,repos/davidzr_freqtrade-strategies/strategies/SMAOffsetProtectOptV1_kkeue_20210619/SMAOffsetProtectOptV1_kkeue_20210619.py,G1_trades,False,0,0,0,0,0
SMAOffsetProtectOptV1HO1,PeetCrypto/freqtrade-stuff,repos/PeetCrypto_freqtrade-stuff/SMAOffsetProtectOptV1HO1 (1).py,G3_is_sig,False,0,0,0,0,0
SMAOffsetProtectOptV1Mod,davidzr/freqtrade-strategies,repos/davidzr_freqtrade-strategies/strategies/SMAOffsetProtectOptV1Mod/SMAOffsetProtectOptV1Mod.py,G1_trades,False,0,0,0,0,0
SMAOffsetProtectOptV1Mod2,PeetCrypto/freqtrade-stuff,repos/PeetCrypto_freqtrade-stuff/SMAOffsetProtectOptV1Mod2_antipump (1).py,G1_trades,False,0,0,0,0,0
SMAOffsetV2,PeetCrypto/freqtrade-stuff,repos/PeetCrypto_freqtrade-stuff/SMAOffsetV2 (1).py,G3_is_sig,False,0,0,0,0,0
SMAOG,Foxel05/freqtrade-stuff,repos/Foxel05_freqtrade-stuff/strategies/SMAOG.py,G6_lookahead,False,0,0,0,0,0
SMAOPv1_TTF,PeetCrypto/freqtrade-stuff,repos/PeetCrypto_freqtrade-stuff/SMAOPv1_TTF.py,G0_measured,,0,0,0,0,0
SmaRsiStrategy,DutchCryptoDad/FreqtradeBotStrategyDevelopmentForBeginners,repos/DutchCryptoDad_FreqtradeBotStrategyDevelopmentForBeginners/SmaRsiStrategy.py,G3_is_sig,True,0,0,0,0,0
SmartMoneyStrategy,mikedigriz/freqtrade-strategy-mikedigriz,repos/mikedigriz_freqtrade-strategy-mikedigriz/strategies/smart_money_strategy.py,G1_trades,False,0,0,0,0,0
SmartMoneyStrategyHyperopt,mikedigriz/freqtrade-strategy-mikedigriz,repos/mikedigriz_freqtrade-strategy-mikedigriz/strategies/smart_money_strategy.py,G0_measured,,0,0,0,0,0
SmoothOperator,PeetCrypto/freqtrade-stuff,repos/PeetCrypto_freqtrade-stuff/SmoothOperator.py,G2_is_pos,False,0,0,0,0,0
SmoothScalp,PeetCrypto/freqtrade-stuff,repos/PeetCrypto_freqtrade-stuff/SmoothScalp.py,G2_is_pos,False,0,0,0,0,0
Solipsis,PeetCrypto/freqtrade-stuff,repos/PeetCrypto_freqtrade-stuff/Solipsis-tradedbexp.py,G0_measured,,0,0,0,0,0
Solipsis3,PeetCrypto/freqtrade-stuff,repos/PeetCrypto_freqtrade-stuff/Solipsis-v3-fuck (1).py,G0_measured,,0,0,0,0,0
Solipsis4,PeetCrypto/freqtrade-stuff,repos/PeetCrypto_freqtrade-stuff/Solipsis_v4.py,G0_measured,,0,0,0,0,0
Solipsis5,PeetCrypto/freqtrade-stuff,repos/PeetCrypto_freqtrade-stuff/Solipsis-v2.5.py,G0_measured,,0,0,0,0,0
Solipsis6,PeetCrypto/freqtrade-stuff,repos/PeetCrypto_freqtrade-stuff/Solipsis-v2.6.py,G0_measured,,0,0,0,0,0
SolipsisCon,PeetCrypto/freqtrade-stuff,repos/PeetCrypto_freqtrade-stuff/Solipsis-Con-v1.py,G0_measured,,0,0,0,0,0
SolipsisMM,PeetCrypto/freqtrade-stuff,repos/PeetCrypto_freqtrade-stuff/SolipsisMM.py,G0_measured,,0,0,0,0,0
SqueezeMomentum,PeetCrypto/freqtrade-stuff,repos/PeetCrypto_freqtrade-stuff/SqueezeMomentum.py,G0_measured,,0,0,0,0,0
SqueezeMomentumStrategy,mlsys-io/PortfolioBench,repos/mlsys-io_PortfolioBench/strategy/SqueezeMomentumStrategy.py,G2_is_pos,False,0,0,0,0,0
SRsi,davidzr/freqtrade-strategies,repos/davidzr_freqtrade-strategies/strategies/SRsi/SRsi.py,G2_is_pos,False,0,0,0,0,0
StarRise,TheoBrigitte/freqtrade,repos/TheoBrigitte_freqtrade/strategies/starrise/StarRise.py,G6_lookahead,False,0,0,0,0,0
StarRise_strat,TheoBrigitte/freqtrade,repos/TheoBrigitte_freqtrade/strategies/starrise/StarRise_V2.py,G2_is_pos,False,0,0,0,0,0
StarRise_strat3,TheoBrigitte/freqtrade,repos/TheoBrigitte_freqtrade/strategies/starrise/StarRise_V3.py,G2_is_pos,False,0,0,0,0,0
Stavix2,davidzr/freqtrade-strategies,repos/davidzr_freqtrade-strategies/strategies/Stavix2/Stavix2.py,G0_measured,,0,0,0,0,0
Stinkfist,PeetCrypto/freqtrade-stuff,repos/PeetCrypto_freqtrade-stuff/Stinkfist.py,G0_measured,,0,0,0,0,0
StochasticCciStrategy,mlsys-io/PortfolioBench,repos/mlsys-io_PortfolioBench/strategy/StochasticCciStrategy.py,G2_is_pos,False,0,0,0,0,0
StochasticOversoldStrategy,mlsys-io/PortfolioBench,repos/mlsys-io_PortfolioBench/strategy/StochasticOversoldStrategy.py,G2_is_pos,False,0,0,0,0,0
StochasticRsiStrategy,mlsys-io/PortfolioBench,repos/mlsys-io_PortfolioBench/strategy/StochasticRsiStrategy.py,G2_is_pos,False,0,0,0,0,0
StochRSITEMA,PeetCrypto/freqtrade-stuff,repos/PeetCrypto_freqtrade-stuff/StochRSITEMA.py,G2_is_pos,False,0,0,0,0,0
stoploss,davidzr/freqtrade-strategies,repos/davidzr_freqtrade-strategies/strategies/stoploss/stoploss.py,G2_is_pos,False,0,0,0,0,0
Strategy,iterativv/NostalgiaForInfinity,repos/iterativv_NostalgiaForInfinity/tests/unit/test_data/input/Strategy.py,G0_measured,,0,0,0,0,0
Strategy001,TheoBrigitte/freqtrade,repos/TheoBrigitte_freqtrade/strategies/freqtrade-strategies/Strategy001.py,G2_is_pos,False,0,0,0,0,0
Strategy001_custom_exit,TheoBrigitte/freqtrade,repos/TheoBrigitte_freqtrade/strategies/freqtrade-strategies/Strategy001_custom_exit.py,G0_measured,,0,0,0,0,0
Strategy001_custom_sell,davidzr/freqtrade-strategies,repos/davidzr_freqtrade-strategies/strategies/Strategy001_custom_sell/Strategy001_custom_sell.py,G2_is_pos,False,0,0,0,0,0
Strategy002,TheoBrigitte/freqtrade,repos/TheoBrigitte_freqtrade/strategies/freqtrade-strategies/Strategy002.py,G2_is_pos,False,0,0,0,0,0
Strategy003,TheoBrigitte/freqtrade,repos/TheoBrigitte_freqtrade/strategies/freqtrade-strategies/Strategy003.py,G2_is_pos,False,0,0,0,0,0
Strategy004,TheoBrigitte/freqtrade,repos/TheoBrigitte_freqtrade/strategies/freqtrade-strategies/Strategy004.py,G2_is_pos,False,0,0,0,0,0
Strategy005,TheoBrigitte/freqtrade,repos/TheoBrigitte_freqtrade/strategies/freqtrade-strategies/Strategy005.py,G2_is_pos,False,0,0,0,0,0
STRATEGY_RSI_BB_BOUNDS_CROSS,davidzr/freqtrade-strategies,repos/davidzr_freqtrade-strategies/strategies/STRATEGY_RSI_BB_BOUNDS_CROSS/STRATEGY_RSI_BB_BOUNDS_CROSS.py,G2_is_pos,False,0,0,0,0,0
STRATEGY_RSI_BB_CROSS,davidzr/freqtrade-strategies,repos/davidzr_freqtrade-strategies/strategies/STRATEGY_RSI_BB_CROSS/STRATEGY_RSI_BB_CROSS.py,G2_is_pos,False,0,0,0,0,0
StrategyAnalysis,ShahAnuj2610/my-freqtrade,repos/ShahAnuj2610_my-freqtrade/user_data/strategies/StrategyAnalysis.py,G0_measured,,0,0,0,0,0
StrategyScalpingFast,davidzr/freqtrade-strategies,repos/davidzr_freqtrade-strategies/strategies/StrategyScalpingFast/StrategyScalpingFast.py,G2_is_pos,False,0,0,0,0,0
StrategyScalpingFast2,davidzr/freqtrade-strategies,repos/davidzr_freqtrade-strategies/strategies/StrategyScalpingFast2/StrategyScalpingFast2.py,G0_measured,,0,0,0,0,0
StrategyTestV2,markdregan/FreqAI-Marcos-Lopez-De-Prado,repos/markdregan_FreqAI-Marcos-Lopez-De-Prado/tests/strategy/strats/strategy_test_v2.py,G2_is_pos,False,0,0,0,0,0
StrategyTestV3,markdregan/FreqAI-Marcos-Lopez-De-Prado,repos/markdregan_FreqAI-Marcos-Lopez-De-Prado/tests/strategy/strats/strategy_test_v3.py,G2_is_pos,False,0,1,1,0,1
stratfib,davidzr/freqtrade-strategies,repos/davidzr_freqtrade-strategies/strategies/stratfib/stratfib.py,G1_trades,False,0,0,0,0,0
strato,davidzr/freqtrade-strategies,repos/davidzr_freqtrade-strategies/strategies/strato/strato.py,G2_is_pos,False,0,0,0,0,0
SuperHV27,PeetCrypto/freqtrade-stuff,repos/PeetCrypto_freqtrade-stuff/SuperHV27.py,G0_measured,,0,0,0,0,0
SuperTrend,PeetCrypto/freqtrade-stuff,repos/PeetCrypto_freqtrade-stuff/SuperTrend (1).py,G0_measured,,0,0,0,0,0
Supertrend,PeetCrypto/freqtrade-stuff,repos/PeetCrypto_freqtrade-stuff/Supertrend.py,G0_measured,,0,0,0,0,0
SuperTrendPure,PeetCrypto/freqtrade-stuff,repos/PeetCrypto_freqtrade-stuff/SuperTrendPure.py,G0_measured,,0,0,0,0,0
SupertrendStrategy,PeetCrypto/freqtrade-stuff,repos/PeetCrypto_freqtrade-stuff/SupertrendStrategy.py,G5_os_sig,True,0,0,0,0,0
SwingHigh,PeetCrypto/freqtrade-stuff,repos/PeetCrypto_freqtrade-stuff/SwingHigh.py,G0_measured,,0,0,0,0,0
SwingHighToSky,PeetCrypto/freqtrade-stuff,repos/PeetCrypto_freqtrade-stuff/SwingHighToSky.py,G2_is_pos,False,0,0,0,0,0
tacos,jaredrsommer/freqtradestrategies,repos/jaredrsommer_freqtradestrategies/tacos.py,G2_is_pos,False,0,0,0,0,0
tacos1,jaredrsommer/freqtradestrategies,repos/jaredrsommer_freqtradestrategies/tacos1.py,G0_measured,,0,0,0,0,0
Tank1Modulus,TheoBrigitte/freqtrade,repos/TheoBrigitte_freqtrade/strategies/tank/Tank1Modulus.py,G2_is_pos,False,1,1,1,1,0
Tank5ModulusDCA,TheoBrigitte/freqtrade,repos/TheoBrigitte_freqtrade/strategies/tank/Tank5ModulusDCA.py,G0_measured,,1,1,1,1,0
Tank5ModulusDCAV3,TheoBrigitte/freqtrade,repos/TheoBrigitte_freqtrade/strategies/tank/Tank5ModulusDCAV3.py,G0_measured,,1,1,1,1,0
TankAi,jaredrsommer/freqtradestrategies,repos/jaredrsommer_freqtradestrategies/TankAi.py,G0_measured,,1,1,1,1,0
TankAiRevival,jaredrsommer/freqtradestrategies,repos/jaredrsommer_freqtradestrategies/TankAiRevival.py,G0_measured,,1,1,1,1,0
tbtest,PeetCrypto/freqtrade-stuff,repos/PeetCrypto_freqtrade-stuff/tbedit (2).py,G3_is_sig,False,0,0,0,0,0
TD,jaredrsommer/freqtradestrategies,repos/jaredrsommer_freqtradestrategies/TD.py,G0_measured,,1,1,1,1,0
TDSequentialStrategy,PeetCrypto/freqtrade-stuff,repos/PeetCrypto_freqtrade-stuff/TDSequentialStrategy.py,G2_is_pos,False,0,0,0,0,0
TechnicalExampleStrategy,PeetCrypto/freqtrade-stuff,repos/PeetCrypto_freqtrade-stuff/TechnicalExampleStrategy.py,G2_is_pos,False,0,0,0,0,0
TEMA,PeetCrypto/freqtrade-stuff,repos/PeetCrypto_freqtrade-stuff/TEMA.py,G2_is_pos,False,0,0,0,0,0
TemaMaster,davidzr/freqtrade-strategies,repos/davidzr_freqtrade-strategies/strategies/TemaMaster/TemaMaster.py,G2_is_pos,False,0,0,0,0,0
TemaMaster3,davidzr/freqtrade-strategies,repos/davidzr_freqtrade-strategies/strategies/TemaMaster3/TemaMaster3.py,G2_is_pos,False,0,0,0,0,0
TemaPure,davidzr/freqtrade-strategies,repos/davidzr_freqtrade-strategies/strategies/TemaPure/TemaPure.py,G2_is_pos,False,0,0,0,0,0
TemaPureNeat,davidzr/freqtrade-strategies,repos/davidzr_freqtrade-strategies/strategies/TemaPureNeat/TemaPureNeat.py,G2_is_pos,False,0,0,0,0,0
TemaPureTwo,davidzr/freqtrade-strategies,repos/davidzr_freqtrade-strategies/strategies/TemaPureTwo/TemaPureTwo.py,G2_is_pos,False,0,0,0,0,0
TemaStrategy,mlsys-io/PortfolioBench,repos/mlsys-io_PortfolioBench/strategy/TemaStrategy.py,G2_is_pos,False,0,0,0,0,0
TenderEnter,davidzr/freqtrade-strategies,repos/davidzr_freqtrade-strategies/strategies/TenderEnter/TenderEnter.py,G2_is_pos,False,0,0,0,0,0
tesla4,MMR-19/freqtrade-strategies,repos/MMR-19_freqtrade-strategies/strategies/Tesla4.py,G0_measured,,0,0,0,0,0
tesla7,MMR-19/freqtrade-strategies,repos/MMR-19_freqtrade-strategies/strategies/Tesla7.py,G0_measured,,0,0,0,0,0
Test_MAMA4,PeetCrypto/freqtrade-stuff,repos/PeetCrypto_freqtrade-stuff/Test_MAMA4.py,G0_measured,,0,0,0,0,0
TestStrategyLegacyV1,markdregan/FreqAI-Marcos-Lopez-De-Prado,repos/markdregan_FreqAI-Marcos-Lopez-De-Prado/tests/strategy/strats/broken_strats/legacy_strategy_v1.py,G0_measured,,0,0,0,0,0
TestStrategyNoImplements,markdregan/FreqAI-Marcos-Lopez-De-Prado,repos/markdregan_FreqAI-Marcos-Lopez-De-Prado/tests/strategy/strats/broken_strats/broken_futures_strategies.py,G0_measured,,0,0,0,0,0
TGMA,jaredrsommer/freqtradestrategies,repos/jaredrsommer_freqtradestrategies/TGMA.py,G2_is_pos,False,0,0,0,0,0
TheForce,PeetCrypto/freqtrade-stuff,repos/PeetCrypto_freqtrade-stuff/TheForce.py,G2_is_pos,False,0,0,0,0,0
TheRealPullbackV2,PeetCrypto/freqtrade-stuff,repos/PeetCrypto_freqtrade-stuff/TheRealPullbackV2.py,G3_is_sig,False,0,0,0,0,0
thetank2,jaredrsommer/freqtradestrategies,repos/jaredrsommer_freqtradestrategies/battletank.py,G0_measured,,1,1,1,1,0
thetank3,jaredrsommer/freqtradestrategies,repos/jaredrsommer_freqtradestrategies/thetank3.py,G2_is_pos,False,1,1,1,1,0
thetank4TV,jaredrsommer/freqtradestrategies,repos/jaredrsommer_freqtradestrategies/thetank4TV.py,G2_is_pos,False,1,1,1,1,0
ThreeCommasStrategy,PeetCrypto/freqtrade-stuff,repos/PeetCrypto_freqtrade-stuff/ThreeCommasStrategy.py,G0_measured,,0,0,0,0,0
ToTheMoon,TheoBrigitte/freqtrade,repos/TheoBrigitte_freqtrade/strategies/moon/ToTheMoon.py,G0_measured,,0,0,0,0,0
TouchEmaDelayStrategy,flaviosiotto/freqtrade-strategy,repos/flaviosiotto_freqtrade-strategy/user_data/strategies/touchemadelay-strategy.py,G2_is_pos,False,0,0,0,0,0
TouchEmaStrategy,flaviosiotto/freqtrade-strategy,repos/flaviosiotto_freqtrade-strategy/user_data/strategies/touchema-strategy.py,G2_is_pos,False,0,0,0,0,0
TrainCatBoostStrategy,PeetCrypto/freqtrade-stuff,repos/PeetCrypto_freqtrade-stuff/TrainCatBoostStrategy.py,G0_measured,,0,0,0,0,0
Trend_Strength_Directional,davidzr/freqtrade-strategies,repos/davidzr_freqtrade-strategies/strategies/Trend_Strength_Directional/Trend_Strength_Directional.py,G2_is_pos,False,0,0,0,0,0
TrendAtrStrategy,mlsys-io/PortfolioBench,repos/mlsys-io_PortfolioBench/strategy/TrendAtrStrategy.py,G3_is_sig,False,0,0,0,0,0
TrendFollowingStrategy,TheoBrigitte/freqtrade,repos/TheoBrigitte_freqtrade/strategies/trendfollowing/TrendFollowingStrategy.py,G0_measured,,0,0,0,0,0
TrendRiderStrategy,freqtrade/freqtrade-strategies,repos/freqtrade_freqtrade-strategies/user_data/strategies/TrendRiderStrategy.py,G2_is_pos,False,0,0,0,0,0
TripleEmaStrategy,mlsys-io/PortfolioBench,repos/mlsys-io_PortfolioBench/strategy/TripleEmaStrategy.py,G2_is_pos,False,0,0,0,0,0
TRIWAVE,TheoBrigitte/freqtrade,repos/TheoBrigitte_freqtrade/strategies/wave/TRIWAVE.py,G2_is_pos,False,1,1,1,1,0
TrixSignalStrategy,mlsys-io/PortfolioBench,repos/mlsys-io_PortfolioBench/strategy/TrixSignalStrategy.py,G2_is_pos,False,0,0,0,0,0
TrixStrategy,PeetCrypto/freqtrade-stuff,repos/PeetCrypto_freqtrade-stuff/TrixStrategy.py,G5_os_sig,False,0,0,0,0,0
TrixV15Strategy,PeetCrypto/freqtrade-stuff,repos/PeetCrypto_freqtrade-stuff/TrixV15Strategy.py,G2_is_pos,False,0,0,0,0,0
TrixV21Strategy,PeetCrypto/freqtrade-stuff,repos/PeetCrypto_freqtrade-stuff/TrixV21Strategy.py,G2_is_pos,False,0,0,0,0,0
TrixV23Strategy,PeetCrypto/freqtrade-stuff,repos/PeetCrypto_freqtrade-stuff/TrixV23Strategy (1).py,G2_is_pos,False,0,0,0,0,0
true_lambo,PeetCrypto/freqtrade-stuff,repos/PeetCrypto_freqtrade-stuff/true_lambo (1).py,G3_is_sig,False,0,0,0,0,0
tsp0chicken,jaredrsommer/freqtradestrategies,repos/jaredrsommer_freqtradestrategies/tsp0chicken.py,G0_measured,,0,0,0,0,0
TSPredict,jaredrsommer/freqtradestrategies,repos/jaredrsommer_freqtradestrategies/TSPredict.py,G0_measured,,0,0,0,0,0
TuplaBollinger,PeetCrypto/freqtrade-stuff,repos/PeetCrypto_freqtrade-stuff/TuplaBollinger.py,G0_measured,,0,0,0,0,0
turbov8,jaredrsommer/freqtradestrategies,repos/jaredrsommer_freqtradestrategies/turbov8.py,G0_measured,,1,1,1,1,0
TWAPStrategy,freqtrade/freqtrade-strategies,repos/freqtrade_freqtrade-strategies/user_data/strategies/TWAPStrategy.py,G0_measured,,1,1,1,1,0
twinturboV8,TheoBrigitte/freqtrade,repos/TheoBrigitte_freqtrade/strategies/twinturbov8/twinturboV8.py,G1_trades,False,1,1,1,1,0
twinturboV8_2,TheoBrigitte/freqtrade,repos/TheoBrigitte_freqtrade/strategies/twinturbov8/twinturboV8_2.py,G1_trades,False,1,1,1,1,0
TwoCandle,jaredrsommer/freqtradestrategies,repos/jaredrsommer_freqtradestrategies/TwoCandle.py,G2_is_pos,False,0,0,0,0,0
TwoCandleTheory,jaredrsommer/freqtradestrategies,repos/jaredrsommer_freqtradestrategies/TwoCandleTheory (2).py,G0_measured,,0,0,0,0,0
UltimateMomentumIndicator,PeetCrypto/freqtrade-stuff,repos/PeetCrypto_freqtrade-stuff/UltimateMomentumIndicator.py,G2_is_pos,False,0,0,0,0,0
ultratank,jaredrsommer/freqtradestrategies,repos/jaredrsommer_freqtradestrategies/ultratank (copy).py,G2_is_pos,False,1,1,1,1,0
UniversalMACD,TheoBrigitte/freqtrade,repos/TheoBrigitte_freqtrade/strategies/freqtrade-strategies/UniversalMACD.py,G3_is_sig,False,0,0,0,0,0
UpSliceStrategy,PeetCrypto/freqtrade-stuff,repos/PeetCrypto_freqtrade-stuff/UpSliceStrategy.py,G0_measured,,0,0,0,0,0
Uptrend,PeetCrypto/freqtrade-stuff,repos/PeetCrypto_freqtrade-stuff/Uptrend.py,G2_is_pos,False,0,0,0,0,0
UziChan,PeetCrypto/freqtrade-stuff,repos/PeetCrypto_freqtrade-stuff/UziChan.py,G2_is_pos,False,0,0,0,0,0
UziChan2,PeetCrypto/freqtrade-stuff,repos/PeetCrypto_freqtrade-stuff/UziChan2 (1).py,G2_is_pos,False,0,0,0,0,0
ViN,PeetCrypto/freqtrade-stuff,repos/PeetCrypto_freqtrade-stuff/vin.py,G0_measured,,0,0,0,0,0
VolatilitySystem,TheoBrigitte/freqtrade,repos/TheoBrigitte_freqtrade/strategies/volatility/VolatilitySystem.py,G3_is_sig,True,1,1,1,1,0
VolatilitySystemV2,TheoBrigitte/freqtrade,repos/TheoBrigitte_freqtrade/strategies/volatility/VolatilitySystemV2.py,G0_measured,,1,1,1,1,0
VolumeBreakoutStrategy,mlsys-io/PortfolioBench,repos/mlsys-io_PortfolioBench/strategy/VolumeBreakoutStrategy.py,G2_is_pos,False,0,0,0,0,0
VortexStrategy,mlsys-io/PortfolioBench,repos/mlsys-io_PortfolioBench/strategy/VortexStrategy.py,G2_is_pos,False,0,0,0,0,0
VWAP,PeetCrypto/freqtrade-stuff,repos/PeetCrypto_freqtrade-stuff/VWAP.py,G6_lookahead,False,0,0,0,0,0
VwapReversionStrategy,mlsys-io/PortfolioBench,repos/mlsys-io_PortfolioBench/strategy/VwapReversionStrategy.py,G2_is_pos,False,0,0,0,0,0
wavetrend,jaredrsommer/freqtradestrategies,repos/jaredrsommer_freqtradestrategies/wavetrend.py,G2_is_pos,False,1,1,1,1,0
wavetrend_rsi,jaredrsommer/freqtradestrategies,repos/jaredrsommer_freqtradestrategies/wavetrend_rsi.py,G2_is_pos,False,1,1,1,1,0
WaveTrendStra,PeetCrypto/freqtrade-stuff,repos/PeetCrypto_freqtrade-stuff/WaveTrendStra.py,G3_is_sig,False,0,0,0,0,0
WilliamsRStrategy,mlsys-io/PortfolioBench,repos/mlsys-io_PortfolioBench/strategy/WilliamsRStrategy.py,G2_is_pos,False,0,0,0,0,0
WTAI,jaredrsommer/freqtradestrategies,repos/jaredrsommer_freqtradestrategies/WTAI.py,G0_measured,,1,1,1,1,0
wtc,davidzr/freqtrade-strategies,repos/davidzr_freqtrade-strategies/strategies/wtc/wtc.py,G2_is_pos,False,0,0,0,0,0
WTHO,jaredrsommer/freqtradestrategies,repos/jaredrsommer_freqtradestrategies/WTHO.py,G0_measured,,0,0,0,0,0
WTRSIAI,jaredrsommer/freqtradestrategies,repos/jaredrsommer_freqtradestrategies/WTRSIAI.py,G0_measured,,1,1,1,1,0
WTX3,TheoBrigitte/freqtrade,repos/TheoBrigitte_freqtrade/strategies/wtx3/scalpv3.py,G0_measured,,0,0,0,0,0
XebTradeStrat,PeetCrypto/freqtrade-stuff,repos/PeetCrypto_freqtrade-stuff/XebTradeStrat.py,G2_is_pos,False,0,0,0,0,0
XtraThicc,PeetCrypto/freqtrade-stuff,repos/PeetCrypto_freqtrade-stuff/XtraThicc.py,G2_is_pos,False,0,0,0,0,0
YOLO,PeetCrypto/freqtrade-stuff,repos/PeetCrypto_freqtrade-stuff/YOLO.py,G2_is_pos,False,0,0,0,0,0
YourStrat,PeetCrypto/freqtrade-stuff,repos/PeetCrypto_freqtrade-stuff/TrailingBuyStrat.py,G0_measured,,0,0,0,0,0
ZaratustraDCA2_06,TheoBrigitte/freqtrade,repos/TheoBrigitte_freqtrade/strategies/Zaratustra/ZaratustraDCA2_06.py,G0_measured,,1,1,1,1,0
ZaratustraDCA2_07,bustillo/freqtrade-strategies,repos/bustillo_freqtrade-strategies/ZaratustraDCA/ZaratustraDCA2_07.py,G0_measured,,1,1,1,1,0
ZaratustraDCA5,bustillo/freqtrade-strategies,repos/bustillo_freqtrade-strategies/ZaratustraDCA/ZaratustraDCA5.py,G0_measured,,1,1,1,1,0
Zeus,PeetCrypto/freqtrade-stuff,repos/PeetCrypto_freqtrade-stuff/Zeus_HO (1).py,G0_measured,,0,0,0,0,0
zorkv7_0_0,TheoBrigitte/freqtrade,repos/TheoBrigitte_freqtrade/sources/sponsors/zorkv7_0_0.py,G0_measured,,0,0,0,0,0
ZScoreMeanReversionStrategy,mlsys-io/PortfolioBench,repos/mlsys-io_PortfolioBench/strategy/ZScoreMeanReversionStrategy.py,G1_trades,False,0,0,0,0,0
